query,name,name_for_emails,site,subtypes,category,type,phone,full_address,borough,street,city,postal_code,state,us_state,country,country_code,latitude,longitude,h3,time_zone,plus_code,area_service,rating,reviews,reviews_link,reviews_tags,reviews_per_score,reviews_per_score_1,reviews_per_score_2,reviews_per_score_3,reviews_per_score_4,reviews_per_score_5,photos_count,photo,street_view,located_in,working_hours,working_hours_old_format,other_hours,popular_times,business_status,about,range,posts,logo,description,typical_time_spent,verified,owner_id,owner_title,owner_link,reservation_links,booking_appointment_link,menu_link,order_links,location_link,location_reviews_link,place_id,google_id,cid,kgmid,reviews_id,located_google_id,email_1,email_1.emails_validator.status,email_1.emails_validator.status_details,email_1_full_name,email_1_first_name,email_1_last_name,email_1_title,email_1_phone,email_2,email_2.emails_validator.status,email_2.emails_validator.status_details,email_2_full_name,email_2_first_name,email_2_last_name,email_2_title,email_2_phone,email_3,email_3.emails_validator.status,email_3.emails_validator.status_details,email_3_full_name,email_3_first_name,email_3_last_name,email_3_title,email_3_phone,phone_1,phone_2,phone_3,facebook,instagram,linkedin,tiktok,medium,reddit,skype,snapchat,telegram,whatsapp,twitter,vimeo,youtube,github,crunchbase,website_title,website_generator,website_description,website_keywords,website_has_fb_pixel,website_has_google_tag
"boba tea, 30325, Atlanta, GA, US",Boba Bar Tea House,Boba Bar Tea House,http://www.bobabaratl.com/,Bubble tea store,Bubble tea store,Bubble tea store,+1 678-336-9195,"1165 Perimeter Center W #303, Atlanta, GA 30346",Perimeter Center,1165 Perimeter Center W #303,Atlanta,30346,Georgia,Georgia,United States of America,US,33.9291585,-84.3481256,8944c130e27ffff,America/New_York,,False,4.7,261,"https://search.google.com/local/reviews?placeid=ChIJB60wHX0J9YgRf-ZpUi2UP7o&q=boba+tea,+30325,+Atlanta,+GA,+US&authuser=0&hl=en&gl=US",,,6.0,5.0,6.0,23.0,221.0,471,https://lh3.googleusercontent.com/gps-cs-s/AB5caB-sLgpL2CuGhaEGXpdGgTx8o_34QNSdImAkvHUhjqYrYRznQmeHRaCR0icCVaEUGzHSG8BAOoZphJ8BitUPV_4mJEYwU7sqopHEF_uhCLVh_nPyhLn7rWIZJzOFy-OIDdx3ABHr=w800-h500-k-no,https://lh3.googleusercontent.com/gps-cs-s/AB5caB-sLgpL2CuGhaEGXpdGgTx8o_34QNSdImAkvHUhjqYrYRznQmeHRaCR0icCVaEUGzHSG8BAOoZphJ8BitUPV_4mJEYwU7sqopHEF_uhCLVh_nPyhLn7rWIZJzOFy-OIDdx3ABHr=w1600-h1000-k-no,,"{""Monday"": ""11AM-9PM"", ""Tuesday"": ""11AM-9PM"", ""Wednesday"": ""11AM-9PM"", ""Thursday"": ""11AM-9PM"", ""Friday"": ""11AM-9PM"", ""Saturday"": ""11AM-9PM"", ""Sunday"": ""11AM-9PM""}",Monday:11AM-9PM|Tuesday:11AM-9PM|Wednesday:11AM-9PM|Thursday:11AM-9PM|Friday:11AM-9PM|Saturday:11AM-9PM|Sunday:11AM-9PM,,,OPERATIONAL,"{""From the business"": {""Identifies as Asian-owned"": true}, ""Service options"": {""No-contact delivery"": true, ""Delivery"": true, ""Onsite services"": true, ""Takeout"": true, ""Dine-in"": true}, ""Highlights"": {""Great tea selection"": true}, ""Accessibility"": {""Wheelchair accessible entrance"": true, ""Wheelchair accessible parking lot"": true}, ""Other"": {""Identifies as Asian-owned"": true}}",$,,https://lh5.googleusercontent.com/-7BfWL7agelI/AAAAAAAAAAI/AAAAAAAAAAA/x6KmPRbq4g0/s44-p-k-no-ns-nd/photo.jpg,,,True,107569698742419677427,Boba Bar Tea House,https://www.google.com/maps/contrib/107569698742419677427,,"https://www.google.com/viewer/chooseprovider?mid=/g/11y30qyhrf&g2lbs=AAEPWCuO7Dsy_86tMuMpos6zse4lCa0ouS9HNnlA0_EJb_J-9cwOtGtnpgkXsxNbWvampwMeX2WNZY03pGCziNfpVeCuHkvF8g%3D%3D&hl=en-US&gl=us&fo_m=MfohQo559jFvMUOzJVpjPL1YMfZ3bInYwBDuMfaXTPp5KXh-&utm_source=tactile&gei=YJQCaKjvA_TaptQPwYThuAk&ei=YJQCaKjvA_TaptQPwYThuAk&fo_s=OA,SOE&opi=79508299&ebb=1&cs=0&foub=mcpp",,,"https://www.google.com/maps/place/Boba+Bar+Tea+House/@33.9291585,-84.3481256,14z/data=!4m8!1m2!2m1!1sBoba+Bar+Tea+House!3m4!1s0x88f5097d1d30ad07:0xba3f942d5269e67f!8m2!3d33.9291585!4d-84.3481256","https://www.google.com/maps/place/Boba+Bar+Tea+House/@33.9291585,-84.3481256,13.99z/data=!4m16!1m7!3m6!1s0x88f5097d1d30ad07:0xba3f942d5269e67f!2sBoba+Bar+Tea+House!8m2!3d33.9291585!4d-84.3481256!16s%2Fg%2F11ckvg1dmb!3m7!1s0x88f5097d1d30ad07:0xba3f942d5269e67f!8m2!3d33.9291585!4d-84.3481256!9m1!1b1!16s%2Fg%2F11ckvg1dmb?entry=ttu",ChIJB60wHX0J9YgRf-ZpUi2UP7o,0x88f5097d1d30ad07:0xba3f942d5269e67f,13420608336964478591,/g/11y30qyhrf,-5026135736745073025,,bobabar.atl@gmail.com,RECEIVING,SMTP validated,,,,,,,,,,,,,,,,,,,,,,,,,,,,,,,,,,,,,,,,"Boba Bar | Boba | 1165 Perimeter Center West ste 303, Atlanta, GA 30346, USA",Wix.com Website Builder,Indulge in the ultimate Boba experience at Boba Bar - your go-to destination for the finest drinks and delectable Rice Bowl treats in Atlanta.,,False,False
"boba tea, 30325, Atlanta, GA, US",Sharetea,Sharetea,https://shareteasandysprings.com/,"Bubble tea store, Dessert shop, Tea house",Bubble tea store,Bubble tea store,+1 404-963-1198,"5975 Roswell Rd UNIT 209, Sandy Springs, GA 30328",None,5975 Roswell Rd UNIT 209,Sandy Springs,30328,Georgia,Georgia,United States of America,US,33.9183853,-84.3775369,8944c130dd3ffff,America/New_York,,False,4.6,716,"https://search.google.com/local/reviews?placeid=ChIJB8OfzpUO9YgR_0aatBB2-9A&q=boba+tea,+30325,+Atlanta,+GA,+US&authuser=0&hl=en&gl=US",,,15.0,15.0,33.0,91.0,562.0,317,https://lh3.googleusercontent.com/gps-cs-s/AB5caB9LyICWqPXVzaOtIgq9qAGvcn5XwD-q6B04Vo-Y986P8xR2wGftFtgVa5fDpMsoYLXSdQkKex3Oafpr300ImtIQW0l7Xq6fMMIDwmunT_r31t6CBDDAHs_EiWPH5uXx7iLdtvyBJQ=w800-h500-k-no,https://lh3.googleusercontent.com/gps-cs-s/AB5caB9LyICWqPXVzaOtIgq9qAGvcn5XwD-q6B04Vo-Y986P8xR2wGftFtgVa5fDpMsoYLXSdQkKex3Oafpr300ImtIQW0l7Xq6fMMIDwmunT_r31t6CBDDAHs_EiWPH5uXx7iLdtvyBJQ=w1600-h1000-k-no,,"{""Monday"": ""11:30AM-9PM"", ""Tuesday"": ""11:30AM-9PM"", ""Wednesday"": ""11:30AM-9PM"", ""Thursday"": ""11:30AM-9PM"", ""Friday"": ""11:30AM-9:30PM"", ""Saturday"": ""11:30AM-9:30PM"", ""Sunday"": ""11:30AM-9PM""}",Monday:11:30AM-9PM|Tuesday:11:30AM-9PM|Wednesday:11:30AM-9PM|Thursday:11:30AM-9PM|Friday:11:30AM-9:30PM|Saturday:11:30AM-9:30PM|Sunday:11:30AM-9PM,,,OPERATIONAL,"{""Service options"": {""Curbside pickup"": true, ""Delivery"": true, ""Onsite services"": true, ""Takeout"": true, ""Dine-in"": true}, ""Highlights"": {""Great tea selection"": true}, ""Accessibility"": {""Wheelchair accessible entrance"": true, ""Wheelchair accessible parking lot"": true, ""Wheelchair accessible restroom"": true}}",$,,https://lh5.googleusercontent.com/-xgqU_yk7vmc/AAAAAAAAAAI/AAAAAAAAAAA/ErBMa4DbLkw/s44-p-k-no-ns-nd/photo.jpg,,,True,112117970301395526926,Sharetea,https://www.google.com/maps/contrib/112117970301395526926,,"https://www.google.com/viewer/chooseprovider?mid=/g/11f3zkm8l2&g2lbs=AAEPWCs3G4Y6TpW-UxWedrcEMVfeYAkm9xpa7T8rK_Zv9IIQAchCDuRUroVFaFsOajbYa13SMbXK3jsp0dwQDbjaIF8_EgoEdw%3D%3D&hl=en-US&gl=us&fo_m=MfohQo559jFvMUOzJVpjPL1YMfZ3bInYwBDuMfaXTPp5KXh-&utm_source=tactile&gei=YJQCaKjvA_TaptQPwYThuAk&ei=YJQCaKjvA_TaptQPwYThuAk&fo_s=OA,SOE&opi=79508299&ebb=1&cs=0&foub=mcpp",,,"https://www.google.com/maps/place/Sharetea/@33.9183853,-84.3775369,14z/data=!4m8!1m2!2m1!1sSharetea!3m4!1s0x88f50e95ce9fc307:0xd0fb7610b49a46ff!8m2!3d33.9183853!4d-84.3775369","https://www.google.com/maps/place/Sharetea/@33.9183853,-84.3775369,13.99z/data=!4m16!1m7!3m6!1s0x88f50e95ce9fc307:0xd0fb7610b49a46ff!2sSharetea!8m2!3d33.9183853!4d-84.3775369!16s%2Fg%2F11ckvg1dmb!3m7!1s0x88f50e95ce9fc307:0xd0fb7610b49a46ff!8m2!3d33.9183853!4d-84.3775369!9m1!1b1!16s%2Fg%2F11ckvg1dmb?entry=ttu",ChIJB8OfzpUO9YgR_0aatBB2-9A,0x88f50e95ce9fc307:0xd0fb7610b49a46ff,15058759593164949247,/g/11f3zkm8l2,-3387984480544602369,,micah@micahrich.com,RECEIVING,Catch All,,,,,,shareteaatlss@gmail.com,RECEIVING,SMTP validated,,,,,,,,,,,,,,4049631198,14049631198,,https://www.facebook.com/shareteaatlanta/,https://www.instagram.com/explore,,,,,,,,,,,,,,"Sharetea Sandy Springs - Bubble Tea, Bubble Tea, Boba Tea, Milk Tea",Starfield Technologies; Go Daddy Website Builder 8.0.0000,"Established in 1992, Sharetea bubble tea drinks are made from high quality leaves and selected ingredients from Taiwan. Online pickup & delivery available.",,,
"boba tea, 30325, Atlanta, GA, US",Nobi Cha Bubble Tea,Nobi Cha Bubble Tea,http://nobichausa.com/,Bubble tea store,Bubble tea store,Bubble tea store,+1 770-289-4610,"4279 Roswell Rd NE #201, Atlanta, GA 30342",Buckhead,4279 Roswell Rd NE #201,Atlanta,30342,Georgia,Georgia,United States of America,US,33.8716618,-84.3798113,8944c132e07ffff,America/New_York,,False,4.5,247,"https://search.google.com/local/reviews?placeid=ChIJz74ma0AP9YgRK5q1Jrm2BEY&q=boba+tea,+30325,+Atlanta,+GA,+US&authuser=0&hl=en&gl=US",,,10.0,12.0,17.0,18.0,190.0,689,https://lh3.googleusercontent.com/gps-cs-s/AB5caB_kI4o4A0Rj-R-Jj0Mfs_vRWFNr27QHNpVj_wwlWoqw04Wo_aUhgQ-dNxHPMf4QemUj3nSXqPTAzvhTuKLxG6TpFLVAkFEz7tgHCbOibbJM0yc7AIYHLgMmUp7ZxrfzQsPH0XjqWg=w800-h500-k-no,https://lh3.googleusercontent.com/gps-cs-s/AB5caB_kI4o4A0Rj-R-Jj0Mfs_vRWFNr27QHNpVj_wwlWoqw04Wo_aUhgQ-dNxHPMf4QemUj3nSXqPTAzvhTuKLxG6TpFLVAkFEz7tgHCbOibbJM0yc7AIYHLgMmUp7ZxrfzQsPH0XjqWg=w1600-h1000-k-no,,"{""Monday"": ""11AM-10PM"", ""Tuesday"": ""11AM-10PM"", ""Wednesday"": ""11AM-10PM"", ""Thursday"": ""11AM-10PM"", ""Friday"": ""11AM-10PM"", ""Saturday"": ""11AM-10PM"", ""Sunday"": ""11AM-10PM""}",Monday:11AM-10PM|Tuesday:11AM-10PM|Wednesday:11AM-10PM|Thursday:11AM-10PM|Friday:11AM-10PM|Saturday:11AM-10PM|Sunday:11AM-10PM,,,OPERATIONAL,"{""From the business"": {""Identifies as women-owned"": true}, ""Service options"": {""Delivery"": true, ""Onsite services"": true, ""Takeout"": true, ""Dine-in"": true}, ""Highlights"": {""Great tea selection"": true}, ""Accessibility"": {""Wheelchair accessible entrance"": true, ""Wheelchair accessible parking lot"": true, ""Wheelchair accessible restroom"": true, ""Wheelchair accessible seating"": true}, ""Crowd"": {""LGBTQ+ friendly"": true}, ""Other"": {""LGBTQ+ friendly"": true, ""Identifies as women-owned"": true}}",$,,https://lh3.googleusercontent.com/-UvLZaRAyAQg/AAAAAAAAAAI/AAAAAAAAAAA/-rityM2II_E/s44-p-k-no-ns-nd/photo.jpg,,,True,111352864548596792197,Nobi Cha Bubble Tea,https://www.google.com/maps/contrib/111352864548596792197,,"https://www.google.com/viewer/chooseprovider?mid=/g/11lgc_nfjd&g2lbs=AAEPWCsfOo_uLD0gEMlqGMy2clphKGL0gx8Sf1UquE2dI8K9sJz3M3HsI3n6aZQctMGbu34ifZIWLJ4aNdRRSrSFDV6P49mB9Q%3D%3D&hl=en-US&gl=us&fo_m=MfohQo559jFvMUOzJVpjPL1YMfZ3bInYwBDuMfaXTPp5KXh-&utm_source=tactile&gei=YJQCaKjvA_TaptQPwYThuAk&ei=YJQCaKjvA_TaptQPwYThuAk&fo_s=OA,SOE&opi=79508299&ebb=1&cs=0&foub=mcpp",,,"https://www.google.com/maps/place/Nobi+Cha+Bubble+Tea/@33.8716618,-84.3798113,14z/data=!4m8!1m2!2m1!1sNobi+Cha+Bubble+Tea!3m4!1s0x88f50f406b26becf:0x4604b6b926b59a2b!8m2!3d33.8716618!4d-84.3798113","https://www.google.com/maps/place/Nobi+Cha+Bubble+Tea/@33.8716618,-84.3798113,13.99z/data=!4m16!1m7!3m6!1s0x88f50f406b26becf:0x4604b6b926b59a2b!2sNobi+Cha+Bubble+Tea!8m2!3d33.8716618!4d-84.3798113!16s%2Fg%2F11ckvg1dmb!3m7!1s0x88f50f406b26becf:0x4604b6b926b59a2b!8m2!3d33.8716618!4d-84.3798113!9m1!1b1!16s%2Fg%2F11ckvg1dmb?entry=ttu",ChIJz74ma0AP9YgRK5q1Jrm2BEY,0x88f50f406b26becf:0x4604b6b926b59a2b,5045358388896438827,/g/11lgc_nfjd,5045358388896438827,,lida@nobichausa.com,RECEIVING,SMTP validated,,,,,,joshua@nobichausa.com,RECEIVING,SMTP validated,,,,,,,,,,,,,,,,,https://www.facebook.com/nobichaatl,https://www.instagram.com/nobichaatl,,,,,,,,,https://twitter.com/nobichaatl,,,,,Nobi Cha Bubble Tea – Bubble Tea,"Powered by Slider Revolution 6.2.23 - responsive, Mobile-Friendly Slider Plugin for WordPress with comfortable drag and drop interface.",,,False,False
"boba tea, 30325, Atlanta, GA, US",Gong Cha Tea,Gong Cha Tea,https://gongchausa.com/georgia-atlanta/,Bubble tea store,Bubble tea store,Bubble tea store,+1 678-862-6211,"4406 Ashford Dunwoody Rd, Atlanta, GA 30346",Perimeter Center,4406 Ashford Dunwoody Rd,Atlanta,30346,Georgia,Georgia,United States of America,US,33.9237451,-84.34032069999999,8944c130e77ffff,America/New_York,,False,4.1,167,"https://search.google.com/local/reviews?placeid=ChIJ02PwfjIJ9YgRNADnFMy9Ato&q=boba+tea,+30325,+Atlanta,+GA,+US&authuser=0&hl=en&gl=US",,,31.0,5.0,1.0,7.0,123.0,101,https://lh3.googleusercontent.com/gps-cs-s/AB5caB8q6gb8xo-slvo1azH8r4H1xuXhRC5nLzhEVIuooAchj_tcJctqahb6pmO8PsPCFb1dS6LZLjMfrC2DynCXhhBoJy1SmsWmnBhk24eNGnC4OOqLFcfPlyPwjO0Tue-NUVNVzErZ=w800-h500-k-no,https://lh3.googleusercontent.com/gps-cs-s/AB5caB8q6gb8xo-slvo1azH8r4H1xuXhRC5nLzhEVIuooAchj_tcJctqahb6pmO8PsPCFb1dS6LZLjMfrC2DynCXhhBoJy1SmsWmnBhk24eNGnC4OOqLFcfPlyPwjO0Tue-NUVNVzErZ=w1600-h1000-k-no,,"{""Monday"": ""11AM-8PM"", ""Tuesday"": ""11AM-8PM"", ""Wednesday"": ""11AM-8PM"", ""Thursday"": ""11AM-8PM"", ""Friday"": ""11AM-8PM"", ""Saturday"": ""11AM-8PM"", ""Sunday"": ""12-6PM""}",Monday:11AM-8PM|Tuesday:11AM-8PM|Wednesday:11AM-8PM|Thursday:11AM-8PM|Friday:11AM-8PM|Saturday:11AM-8PM|Sunday:12-6PM,,,OPERATIONAL,"{""Service options"": {""Delivery"": true, ""Takeout"": true, ""Dine-in"": true}, ""Highlights"": {""Great tea selection"": true}, ""Accessibility"": {""Wheelchair accessible entrance"": true, ""Wheelchair accessible parking lot"": true, ""Wheelchair accessible restroom"": true}}",$,,,,,False,None,Gong Cha Tea,,,"https://www.google.com/viewer/chooseprovider?mid=/g/11hz3j7_cp&g2lbs=AAEPWCuL1vSPNoyJnWfeqHw04H8MxwoD19xTW5sSppxNSdt4fES5d5DA7yDy296NOLktCRyoT5kB21FJf-8LXFxFWRgwLsUFng%3D%3D&hl=en-US&gl=us&fo_m=MfohQo559jFvMUOzJVpjPL1YMfZ3bInYwBDuMfaXTPp5KXh-&utm_source=tactile&gei=YJQCaKjvA_TaptQPwYThuAk&ei=YJQCaKjvA_TaptQPwYThuAk&fo_s=OA,SOE&opi=79508299&ebb=1&cs=0&foub=mcpp",,,"https://www.google.com/maps/place/Gong+Cha+Tea/@33.9237451,-84.34032069999999,14z/data=!4m8!1m2!2m1!1sGong+Cha+Tea!3m4!1s0x88f509327ef063d3:0xda02bdcc14e70034!8m2!3d33.9237451!4d-84.34032069999999","https://www.google.com/maps/place/Gong+Cha+Tea/@33.9237451,-84.34032069999999,13.99z/data=!4m16!1m7!3m6!1s0x88f509327ef063d3:0xda02bdcc14e70034!2sGong+Cha+Tea!8m2!3d33.9237451!4d-84.34032069999999!16s%2Fg%2F11ckvg1dmb!3m7!1s0x88f509327ef063d3:0xda02bdcc14e70034!8m2!3d33.9237451!4d-84.34032069999999!9m1!1b1!16s%2Fg%2F11ckvg1dmb?entry=ttu",ChIJ02PwfjIJ9YgRNADnFMy9Ato,0x88f509327ef063d3:0xda02bdcc14e70034,15709327134443372596,/g/11hz3j7_cp,-2737416939266179020,,inquiries@gongchausa.com,RECEIVING,SMTP validated,Anchal Lamba,Anchal,Lamba,Managing Member,12123982716,anchal@gongchausa.com,RECEIVING,SMTP validated,Anchal Lamba,Anchal,Lamba,President,15163839000,rborgia@gongchausa.com,INVALID,Invalid SMTP,Robert Borgia,Robert,Borgia,Could Not Locate,15167496919,5168135642,15624748745,14697099380,https://www.facebook.com/gongchatea/,http://instagram.com/gongchatea,https://www.linkedin.com/company/gong-cha,https://www.tiktok.com/@gongcha.bubbletea,,,,,,,https://twitter.com/gongchatea,,,,,New Jersey – Jersey City - Gong cha,All in One SEO (AIOSEO) 4.7.7.2,Premium Quality Bubble Tea,,False,False
"boba tea, 30325, Atlanta, GA, US",Kokee Tea (Cumberland Mall),Kokee Tea Cumberland Mall,http://kokeetea.com/,Bubble tea store,Bubble tea store,Bubble tea store,,"2860 Cumberland Mall #1208, Atlanta, GA 30339",Cumberland,2860 Cumberland Mall #1208,Atlanta,30339,Georgia,Georgia,United States of America,US,33.8799898,-84.4674704,8944c1adc2bffff,America/New_York,,False,4.8,29,"https://search.google.com/local/reviews?placeid=ChIJ0dyV-Y8R9YgR2TdlQxtcsWg&q=boba+tea,+30325,+Atlanta,+GA,+US&authuser=0&hl=en&gl=US",,,0.0,1.0,1.0,2.0,25.0,97,https://lh3.googleusercontent.com/p/AF1QipMZkDg4xSAC3eNTJg--EFeMsDZfVtkV-D8jt8Vf=w800-h500-k-no,https://lh3.googleusercontent.com/p/AF1QipMZkDg4xSAC3eNTJg--EFeMsDZfVtkV-D8jt8Vf=w1600-h1000-k-no,,"{""Monday"": ""11AM-8PM"", ""Tuesday"": ""11AM-8PM"", ""Wednesday"": ""11AM-8PM"", ""Thursday"": ""11AM-8PM"", ""Friday"": ""11AM-8PM"", ""Saturday"": ""11AM-8PM"", ""Sunday"": ""12-6PM""}",Monday:11AM-8PM|Tuesday:11AM-8PM|Wednesday:11AM-8PM|Thursday:11AM-8PM|Friday:11AM-8PM|Saturday:11AM-8PM|Sunday:12-6PM,,,OPERATIONAL,"{""Service options"": {""Curbside pickup"": true, ""Takeout"": true, ""Dine-in"": true, ""Delivery"": false}, ""Highlights"": {""Great tea selection"": true}, ""Accessibility"": {""Wheelchair accessible entrance"": true, ""Wheelchair accessible parking lot"": true}}",$,,https://lh5.googleusercontent.com/-VZzTAwGgAqg/AAAAAAAAAAI/AAAAAAAAAAA/AYNO2iXtlFI/s44-p-k-no-ns-nd/photo.jpg,,,True,100160520827950431901,Kokee Tea - Cumberland Mall,https://www.google.com/maps/contrib/100160520827950431901,,,,,"https://www.google.com/maps/place/Kokee+Tea+-+Cumberland+Mall/@33.8799898,-84.4674704,14z/data=!4m8!1m2!2m1!1sKokee+Tea+-+Cumberland+Mall!3m4!1s0x88f5118ff995dcd1:0x68b15c1b436537d9!8m2!3d33.8799898!4d-84.4674704","https://www.google.com/maps/place/Kokee+Tea+-+Cumberland+Mall/@33.8799898,-84.4674704,13.99z/data=!4m16!1m7!3m6!1s0x88f5118ff995dcd1:0x68b15c1b436537d9!2sKokee+Tea+-+Cumberland+Mall!8m2!3d33.8799898!4d-84.4674704!16s%2Fg%2F11ckvg1dmb!3m7!1s0x88f5118ff995dcd1:0x68b15c1b436537d9!8m2!3d33.8799898!4d-84.4674704!9m1!1b1!16s%2Fg%2F11ckvg1dmb?entry=ttu",ChIJ0dyV-Y8R9YgR2TdlQxtcsWg,0x88f5118ff995dcd1:0x68b15c1b436537d9,7543912122986870745,/g/11svb9_3bb,7543912122986870745,,hello@kokeetea.com,INVALID,SMTP validated,,,,,,,,,,,,,,,,,,,,,,14432571200,16823602148,,https://www.facebook.com/620026461667536,,,,,,,,,,,,,,,"Kokee Tea - Finest, freshest flavored Bubble Tea",Wix.com Website Builder,"Kokee Tea - Boba, Tea, Finest, freshest flavored Bubble Tea, Hug in a Cup. Natural Ingredients. Precise Recipes. Hand-Crafted Drinks. All Natural Golden Cane Sugar / No Fructose",,False,False
"boba tea, 30325, Atlanta, GA, US",Taichi Bubble Tea,Taichi Bubble Tea,https://www.taichibubbletea.com/,"Tea house, Restaurant",Tea house,Tea house,+1 470-428-2671,"2484 Briarcliff Rd NE, Atlanta, GA 30329",None,2484 Briarcliff Rd NE,Atlanta,30329,Georgia,Georgia,United States of America,US,33.828022499999996,-84.33216209999999,8944c1322dbffff,America/New_York,,False,4.6,598,"https://search.google.com/local/reviews?placeid=ChIJRR38KxcH9YgRgbKwaySBM3I&q=boba+tea,+30325,+Atlanta,+GA,+US&authuser=0&hl=en&gl=US",,,29.0,10.0,24.0,71.0,464.0,626,https://lh3.googleusercontent.com/p/AF1QipMhZK4K_3iRRx1yKwIR492vMtpW_Ajymv6KYVXb=w800-h500-k-no,https://lh3.googleusercontent.com/p/AF1QipMhZK4K_3iRRx1yKwIR492vMtpW_Ajymv6KYVXb=w1600-h1000-k-no,,"{""Monday"": ""11AM-9:15PM"", ""Tuesday"": ""11AM-9:15PM"", ""Wednesday"": ""11AM-9:15PM"", ""Thursday"": ""11AM-9:15PM"", ""Friday"": ""11AM-9:15PM"", ""Saturday"": ""11AM-9:15PM"", ""Sunday"": ""12-9:15PM""}",Monday:11AM-9:15PM|Tuesday:11AM-9:15PM|Wednesday:11AM-9:15PM|Thursday:11AM-9:15PM|Friday:11AM-9:15PM|Saturday:11AM-9:15PM|Sunday:12-9:15PM,,,OPERATIONAL,"{""Service options"": {""Curbside pickup"": true, ""Delivery"": true, ""Onsite services"": true, ""Takeout"": true, ""Dine-in"": true}, ""Highlights"": {""Great tea selection"": true}, ""Accessibility"": {""Wheelchair accessible entrance"": true, ""Wheelchair accessible parking lot"": true, ""Wheelchair accessible restroom"": true, ""Wheelchair accessible seating"": true, ""Assistive hearing loop"": false}, ""Parking"": {""Free parking lot"": true, ""Free street parking"": true}}",$,,https://lh6.googleusercontent.com/-LRnJD58pnI8/AAAAAAAAAAI/AAAAAAAAAAA/PK-WN30IuxE/s44-p-k-no-ns-nd/photo.jpg,,,True,106726052405353492235,Taichi Bubble Tea,https://www.google.com/maps/contrib/106726052405353492235,,"https://www.google.com/viewer/chooseprovider?mid=/g/11lqd2wqfs&g2lbs=AAEPWCtn1YTNVa_WbnU0ytN99fzZRRgmlagzwxSCDQzHrX48H4k2Oc_2Z7BZ0DpQIVXSjN9FxThAf5QIDtUlZNj2dRZQC3n0Gg%3D%3D&hl=en-US&gl=us&fo_m=MfohQo559jFvMUOzJVpjPL1YMfZ3bInYwBDuMfaXTPp5KXh-&utm_source=tactile&gei=YJQCaKjvA_TaptQPwYThuAk&ei=YJQCaKjvA_TaptQPwYThuAk&fo_s=OA,SOE&opi=79508299&ebb=1&cs=0&foub=mcpp",,,"https://www.google.com/maps/place/Taichi+Bubble+Tea/@33.828022499999996,-84.33216209999999,14z/data=!4m8!1m2!2m1!1sTaichi+Bubble+Tea!3m4!1s0x88f507172bfc1d45:0x723381246bb0b281!8m2!3d33.828022499999996!4d-84.33216209999999","https://www.google.com/maps/place/Taichi+Bubble+Tea/@33.828022499999996,-84.33216209999999,13.99z/data=!4m16!1m7!3m6!1s0x88f507172bfc1d45:0x723381246bb0b281!2sTaichi+Bubble+Tea!8m2!3d33.828022499999996!4d-84.33216209999999!16s%2Fg%2F11ckvg1dmb!3m7!1s0x88f507172bfc1d45:0x723381246bb0b281!8m2!3d33.828022499999996!4d-84.33216209999999!9m1!1b1!16s%2Fg%2F11ckvg1dmb?entry=ttu",ChIJRR38KxcH9YgRgbKwaySBM3I,0x88f507172bfc1d45:0x723381246bb0b281,8229062937561576065,/g/11lqd2wqfs,8229062937561576065,,,,,,,,,,,,,,,,,,,,,,,,,,18016911827,13158024504,15853489493,https://www.facebook.com/116588071038976,,,,,,,,,,,,,,,HOME | Tai Chi Bubble Tea,Wix.com Website Builder,,,False,False
"boba tea, 30325, Atlanta, GA, US",Boba Craze,Boba Craze,https://www.mybobacraze.com/,Bubble tea store,Bubble tea store,Bubble tea store,+1 404-281-5297,"Located inside The Veranda, 3035 Peachtree Rd NE Suite A174, Atlanta, GA 30305",Buckhead Village,"Located inside The Veranda, 3035 Peachtree Rd NE Suite A174",Atlanta,30305,Georgia,Georgia,United States of America,US,33.8380134,-84.38022509999999,8944c1321d3ffff,America/New_York,,False,4.7,18,"https://search.google.com/local/reviews?placeid=ChIJefJSSSoF9YgRHeCbKqbkfeM&q=boba+tea,+30325,+Atlanta,+GA,+US&authuser=0&hl=en&gl=US",,,0.0,0.0,1.0,3.0,14.0,47,https://lh3.googleusercontent.com/gps-proxy/ALd4DhFZlG-FFtWynihsZKjtdF1ImjCRzkO5vwVx_GhjYAOyOaBXiYIndKOSaexioRewLaK5allc4Thh2sxc0NvYtwrq2ekwHO7vXUo7LOftnEYa5TBo6aIBqr6ULLqDUANLeukLDAE5Ay8IZDP1knmCkDMWEQ5Wf3mIEsQbXdCkIIhAGZ9QVvRqFAF5=w800-h500-k-no,https://lh3.googleusercontent.com/gps-proxy/ALd4DhFZlG-FFtWynihsZKjtdF1ImjCRzkO5vwVx_GhjYAOyOaBXiYIndKOSaexioRewLaK5allc4Thh2sxc0NvYtwrq2ekwHO7vXUo7LOftnEYa5TBo6aIBqr6ULLqDUANLeukLDAE5Ay8IZDP1knmCkDMWEQ5Wf3mIEsQbXdCkIIhAGZ9QVvRqFAF5=w1600-h1000-k-no,,"{""Monday"": ""11AM-9PM"", ""Tuesday"": ""11AM-9PM"", ""Wednesday"": ""11AM-9PM"", ""Thursday"": ""11AM-9PM"", ""Friday"": ""11AM-9PM"", ""Saturday"": ""11AM-9PM"", ""Sunday"": ""11AM-9PM""}",Monday:11AM-9PM|Tuesday:11AM-9PM|Wednesday:11AM-9PM|Thursday:11AM-9PM|Friday:11AM-9PM|Saturday:11AM-9PM|Sunday:11AM-9PM,,,OPERATIONAL,"{""Service options"": {""Delivery"": true, ""Takeout"": true, ""Dine-in"": true}, ""Accessibility"": {""Wheelchair accessible entrance"": true, ""Wheelchair accessible parking lot"": true}}",$,,https://lh6.googleusercontent.com/-hadvX_RVpTc/AAAAAAAAAAI/AAAAAAAAAAA/Re0_3ZCQ9fI/s44-p-k-no-ns-nd/photo.jpg,,,True,110588077445882692507,Boba Craze,https://www.google.com/maps/contrib/110588077445882692507,,"https://www.google.com/viewer/chooseprovider?mid=/g/11y4xnchl6&g2lbs=AAEPWCuB6gbfdHSggSJRc9uiOGT_yjkCyfH7XflP4XCxs4z06Oqi1bb9uttNafE1e3IFL8WIYkeunVgtksR-ZU27Bb8fR-1ikw%3D%3D&hl=en-US&gl=us&fo_m=MfohQo559jFvMUOzJVpjPL1YMfZ3bInYwBDuMfaXTPp5KXh-&utm_source=tactile&gei=YJQCaKjvA_TaptQPwYThuAk&ei=YJQCaKjvA_TaptQPwYThuAk&fo_s=OA,SOE&opi=79508299&ebb=1&cs=0&foub=mcpp",,,"https://www.google.com/maps/place/Boba+Craze/@33.8380134,-84.38022509999999,14z/data=!4m8!1m2!2m1!1sBoba+Craze!3m4!1s0x88f5052a4952f279:0xe37de4a62a9be01d!8m2!3d33.8380134!4d-84.38022509999999","https://www.google.com/maps/place/Boba+Craze/@33.8380134,-84.38022509999999,13.99z/data=!4m16!1m7!3m6!1s0x88f5052a4952f279:0xe37de4a62a9be01d!2sBoba+Craze!8m2!3d33.8380134!4d-84.38022509999999!16s%2Fg%2F11ckvg1dmb!3m7!1s0x88f5052a4952f279:0xe37de4a62a9be01d!8m2!3d33.8380134!4d-84.38022509999999!9m1!1b1!16s%2Fg%2F11ckvg1dmb?entry=ttu",ChIJefJSSSoF9YgRHeCbKqbkfeM,0x88f5052a4952f279:0xe37de4a62a9be01d,16392509621029036061,/g/11y4xnchl6,-2054234452680515555,,,,,,,,,,,,,,,,,,,,,,,,,,,,,,,,,,,,,,,,,,,,boba craze | Bubble Tea Shop,Wix.com Website Builder,"Join the craze of refreshing teas, lemonades, coffee, and desserts. Located in the heart of Buckhead!",,False,False
"boba tea, 30325, Atlanta, GA, US",teamo tea cafe,Teamo Tea Cafe,http://www.teamoteacafe.com/,"Tea house, Coffee shop",Tea house,Tea house,+1 724-888-3266,"5920 Roswell Rd A107, Sandy Springs, GA 30328",None,5920 Roswell Rd A107,Sandy Springs,30328,Georgia,Georgia,United States of America,US,33.9171526,-84.379877,8944c130dd3ffff,America/New_York,,False,4.4,388,"https://search.google.com/local/reviews?placeid=ChIJdf_oeZMO9YgRoAONkbM1Kh0&q=boba+tea,+30325,+Atlanta,+GA,+US&authuser=0&hl=en&gl=US",,,25.0,13.0,27.0,57.0,266.0,314,https://lh3.googleusercontent.com/gps-cs-s/AB5caB-uVTreRPdQS8ylTyxZ_A5C6RXtN42YxBHf2391LRQUa-h9IDKqx5deA5Q_Ap0KHS9h6WHo83Tt8MzvSWsL6Bwp9Y0F5UPoJtw4n9i28JFB31qoLbMhlLmfz4f_0n53wAdvuydU=w800-h500-k-no,https://lh3.googleusercontent.com/gps-cs-s/AB5caB-uVTreRPdQS8ylTyxZ_A5C6RXtN42YxBHf2391LRQUa-h9IDKqx5deA5Q_Ap0KHS9h6WHo83Tt8MzvSWsL6Bwp9Y0F5UPoJtw4n9i28JFB31qoLbMhlLmfz4f_0n53wAdvuydU=w1600-h1000-k-no,,"{""Monday"": ""11AM-8PM"", ""Tuesday"": ""11AM-8PM"", ""Wednesday"": ""11AM-8PM"", ""Thursday"": ""11AM-8PM"", ""Friday"": ""11AM-8PM"", ""Saturday"": ""11AM-8PM"", ""Sunday"": ""12-7PM""}",Monday:11AM-8PM|Tuesday:11AM-8PM|Wednesday:11AM-8PM|Thursday:11AM-8PM|Friday:11AM-8PM|Saturday:11AM-8PM|Sunday:12-7PM,,,OPERATIONAL,"{""Service options"": {""Delivery"": true, ""Takeout"": true, ""Dine-in"": true}, ""Highlights"": {""Great tea selection"": true}, ""Accessibility"": {""Wheelchair accessible entrance"": true, ""Wheelchair accessible parking lot"": true, ""Wheelchair accessible restroom"": true}, ""Parking"": {""Free parking lot"": true, ""Free street parking"": true}}",$,,https://lh6.googleusercontent.com/-IPMoxusPy-c/AAAAAAAAAAI/AAAAAAAAAAA/lkXrGqoCCNA/s44-p-k-no-ns-nd/photo.jpg,"Bubble tea, fruit tea, espresso drinks & juices in a contemporary space with comfy seating & games.",,True,103031871870693962463,teamo tea cafe,https://www.google.com/maps/contrib/103031871870693962463,,"https://www.google.com/viewer/chooseprovider?mid=/g/11ggp134nj&g2lbs=AAEPWCsL9jfiyWRYoCftuvoIfwvo4srooPtQ_iy5OgexnQ6EA1j69XSPzsyBAk7AWOBiJc_u67eAnYUFzOfJ-iR06SCWVZ3-dA%3D%3D&hl=en-US&gl=us&fo_m=MfohQo559jFvMUOzJVpjPL1YMfZ3bInYwBDuMfaXTPp5KXh-&utm_source=tactile&gei=YJQCaKjvA_TaptQPwYThuAk&ei=YJQCaKjvA_TaptQPwYThuAk&fo_s=OA,SOE&opi=79508299&ebb=1&cs=0&foub=mcpp",,,"https://www.google.com/maps/place/teamo+tea+cafe/@33.9171526,-84.379877,14z/data=!4m8!1m2!2m1!1steamo+tea+cafe!3m4!1s0x88f50e9379e8ff75:0x1d2a35b3918d03a0!8m2!3d33.9171526!4d-84.379877","https://www.google.com/maps/place/teamo+tea+cafe/@33.9171526,-84.379877,13.99z/data=!4m16!1m7!3m6!1s0x88f50e9379e8ff75:0x1d2a35b3918d03a0!2steamo+tea+cafe!8m2!3d33.9171526!4d-84.379877!16s%2Fg%2F11ckvg1dmb!3m7!1s0x88f50e9379e8ff75:0x1d2a35b3918d03a0!8m2!3d33.9171526!4d-84.379877!9m1!1b1!16s%2Fg%2F11ckvg1dmb?entry=ttu",ChIJdf_oeZMO9YgRoAONkbM1Kh0,0x88f50e9379e8ff75:0x1d2a35b3918d03a0,2101551221479113632,/g/11ggp134nj,2101551221479113632,,,,,,,,,,,,,,,,,,,,,,,,,,,,,,,,,,,,,,,,,,,,,Square Online,,,,
"boba tea, 30325, Atlanta, GA, US",Tea Top,Tea Top,http://teatopga.com/,Bubble tea store,Bubble tea store,Bubble tea store,+1 678-813-5185,"6035 Peachtree Rd Suite A-117, Doraville, GA 30360",None,6035 Peachtree Rd Suite A-117,Doraville,30360,Georgia,Georgia,United States of America,US,33.907407,-84.2875734,8944c131c4bffff,America/New_York,,False,4.7,525,"https://search.google.com/local/reviews?placeid=ChIJX9CWpMEJ9YgR55FNL1Qm2a8&q=boba+tea,+30325,+Atlanta,+GA,+US&authuser=0&hl=en&gl=US",,,12.0,5.0,22.0,75.0,411.0,393,https://lh3.googleusercontent.com/gps-cs-s/AB5caB8j8Tz0Pk9LvbBkymqYm5EjwAmzlUMowbCx7d_2iYfIYipmTq4BQZR1CfCRuTFbykJ6nVjWF4rodYT1lEqL8luz8Yixcu7-qDlbxb8BD3Ti73VcLfU2XhZcoSY4-2KkKhPCvOzj0g=w800-h500-k-no,https://lh3.googleusercontent.com/gps-cs-s/AB5caB8j8Tz0Pk9LvbBkymqYm5EjwAmzlUMowbCx7d_2iYfIYipmTq4BQZR1CfCRuTFbykJ6nVjWF4rodYT1lEqL8luz8Yixcu7-qDlbxb8BD3Ti73VcLfU2XhZcoSY4-2KkKhPCvOzj0g=w1600-h1000-k-no,,"{""Monday"": ""12-9PM"", ""Tuesday"": ""Closed"", ""Wednesday"": ""12-9PM"", ""Thursday"": ""12-9PM"", ""Friday"": ""12-10PM"", ""Saturday"": ""12-10PM"", ""Sunday"": ""12-9PM""}",Monday:12-9PM|Tuesday:Closed|Wednesday:12-9PM|Thursday:12-9PM|Friday:12-10PM|Saturday:12-10PM|Sunday:12-9PM,,,OPERATIONAL,"{""Service options"": {""Onsite services"": true, ""Takeout"": true, ""Dine-in"": true, ""Delivery"": false}, ""Highlights"": {""Great tea selection"": true}, ""Accessibility"": {""Wheelchair accessible entrance"": true, ""Wheelchair accessible parking lot"": true, ""Wheelchair accessible restroom"": true}}",$,,https://lh5.googleusercontent.com/-z9PAXYcQ1Rk/AAAAAAAAAAI/AAAAAAAAAAA/9iCh9OvsAqM/s44-p-k-no-ns-nd/photo.jpg,,,True,104380018370428035693,Tea Top,https://www.google.com/maps/contrib/104380018370428035693,,,,,"https://www.google.com/maps/place/Tea+Top/@33.907407,-84.2875734,14z/data=!4m8!1m2!2m1!1sTea+Top!3m4!1s0x88f509c1a496d05f:0xafd926542f4d91e7!8m2!3d33.907407!4d-84.2875734","https://www.google.com/maps/place/Tea+Top/@33.907407,-84.2875734,13.99z/data=!4m16!1m7!3m6!1s0x88f509c1a496d05f:0xafd926542f4d91e7!2sTea+Top!8m2!3d33.907407!4d-84.2875734!16s%2Fg%2F11ckvg1dmb!3m7!1s0x88f509c1a496d05f:0xafd926542f4d91e7!8m2!3d33.907407!4d-84.2875734!9m1!1b1!16s%2Fg%2F11ckvg1dmb?entry=ttu",ChIJX9CWpMEJ9YgR55FNL1Qm2a8,0x88f509c1a496d05f:0xafd926542f4d91e7,12671201169596322279,/g/11gh3dqr5f,-5775542904113229337,,teatopdoraville@gmail.com,RECEIVING,SMTP validated,,,,,,,,,,,,,,,,,,,,,,16788135185,,,https://www.facebook.com/171955520113812,,,,,,,,,,,,,,,"Tea Top Doraville – 6035 Peachtree Road, Suite A-117, Doraville, GA 30005",WordPress 5.8.2,,,,
"boba tea, 30325, Atlanta, GA, US",TE'AMO Boba Bar,Teamo Boba Bar,https://www.kanpaiteamolaoszechuan.com/,"Bubble tea store, Cake shop, Coffee shop, Dessert shop, Donut shop",Bubble tea store,Bubble tea store,+1 770-837-3650,"5150 Buford Hwy NE unit b199 b, Doraville, GA 30340",None,5150 Buford Hwy NE unit b199 b,Doraville,30340,Georgia,Georgia,United States of America,US,33.8934443,-84.2855135,8944c1311abffff,America/New_York,,False,4.9,214,"https://search.google.com/local/reviews?placeid=ChIJqfkXVXYJ9YgRg1OePIKsYoM&q=boba+tea,+30325,+Atlanta,+GA,+US&authuser=0&hl=en&gl=US",,,3.0,2.0,2.0,6.0,201.0,143,https://lh3.googleusercontent.com/gps-cs-s/AB5caB8FH-1Mx8vL0nOoWmPYL5BTTNbATVtZ6xClWhHHVNxnjxe7fjRZbDNHXJeus83h5EjxaRWRdMpRbDYTZl0hL2-JCWBMmF4KjF4cR3EEJZIlFnq1pgLktWGyvLqjx2OipeMcA3JE=w800-h500-k-no,https://lh3.googleusercontent.com/gps-cs-s/AB5caB8FH-1Mx8vL0nOoWmPYL5BTTNbATVtZ6xClWhHHVNxnjxe7fjRZbDNHXJeus83h5EjxaRWRdMpRbDYTZl0hL2-JCWBMmF4KjF4cR3EEJZIlFnq1pgLktWGyvLqjx2OipeMcA3JE=w1600-h1000-k-no,,"{""Monday"": ""11AM-10:15PM"", ""Tuesday"": ""11AM-10:15PM"", ""Wednesday"": ""11AM-10:15PM"", ""Thursday"": ""11AM-10:15PM"", ""Friday"": ""11AM-11:15PM"", ""Saturday"": ""11AM-11:15PM"", ""Sunday"": ""10AM-10:15PM""}",Monday:11AM-10:15PM|Tuesday:11AM-10:15PM|Wednesday:11AM-10:15PM|Thursday:11AM-10:15PM|Friday:11AM-11:15PM|Saturday:11AM-11:15PM|Sunday:10AM-10:15PM,,,OPERATIONAL,"{""Service options"": {""Takeout"": true, ""Dine-in"": true}, ""Highlights"": {""Great tea selection"": true}, ""Accessibility"": {""Wheelchair accessible entrance"": true, ""Wheelchair accessible parking lot"": true}, ""Parking"": {""Free parking lot"": true, ""Free street parking"": true}}",$$,,https://lh6.googleusercontent.com/-SIYXXmPvQT0/AAAAAAAAAAI/AAAAAAAAAAA/B76rsp22slw/s44-p-k-no-ns-nd/photo.jpg,,,True,110609461128792348468,TE'AMO Boba Bar,https://www.google.com/maps/contrib/110609461128792348468,,"https://www.google.com/viewer/chooseprovider?mid=/g/11whwtzwz9&g2lbs=AAEPWCtfpIQWNLTYAoM38hkwWJ0c3JAObqiGyhz0fz-GpPCudA1Ga6mKVGxQAY_Z1f3jqluZJUB4R4jmtONJ7cDpQvA97UfVXA%3D%3D&hl=en-US&gl=us&fo_m=MfohQo559jFvMUOzJVpjPL1YMfZ3bInYwBDuMfaXTPp5KXh-&utm_source=tactile&gei=YJQCaKjvA_TaptQPwYThuAk&ei=YJQCaKjvA_TaptQPwYThuAk&fo_s=OA,SOE&opi=79508299&ebb=1&cs=0&foub=mcpp",,,"https://www.google.com/maps/place/TE%27AMO+Boba+Bar/@33.8934443,-84.2855135,14z/data=!4m8!1m2!2m1!1sTE%27AMO+Boba+Bar!3m4!1s0x88f509765517f9a9:0x8362ac823c9e5383!8m2!3d33.8934443!4d-84.2855135","https://www.google.com/maps/place/TE%27AMO+Boba+Bar/@33.8934443,-84.2855135,13.99z/data=!4m16!1m7!3m6!1s0x88f509765517f9a9:0x8362ac823c9e5383!2sTE%27AMO+Boba+Bar!8m2!3d33.8934443!4d-84.2855135!16s%2Fg%2F11ckvg1dmb!3m7!1s0x88f509765517f9a9:0x8362ac823c9e5383!8m2!3d33.8934443!4d-84.2855135!9m1!1b1!16s%2Fg%2F11ckvg1dmb?entry=ttu",ChIJqfkXVXYJ9YgRg1OePIKsYoM,0x88f509765517f9a9:0x8362ac823c9e5383,9467319042048938883,/g/11whwtzwz9,-8979425031660612733,,info.teamosweets@gmail.com,RECEIVING,Verified,,,,,,,,,,,,,,,,,,,,,,,,,,,,,,,,,,,,,,,,"Kanpai, Te'amo, Lao Szechuan | Hot pot and Japanese BBQ Doraville | 5150 Buford Hwy NE b199 b, Doraville, GA 30340, USA",Wix.com Website Builder,"Experience the best of Asian fusion at Kanpai, Te'amo, Lao Szechuan in Doraville, GA. Enjoy all-you-can-eat hot pot and Japanese BBQ, refreshing boba tea, and authentic Szechuan cuisine under one roof! Visit us at 5150 Buford HWY NE today!",,False,False
"boba tea, 30325, Atlanta, GA, US",Ding Tea Atlanta,Ding Tea Atlanta,https://bit.ly/dtatlanta,Bubble tea store,Bubble tea store,Bubble tea store,+1 404-963-1601,"1000 Northside Dr NW #900, Atlanta, GA 30318",Home Park,1000 Northside Dr NW #900,Atlanta,30318,Georgia,Georgia,United States of America,US,33.782095999999996,-84.40777,8944c1a8887ffff,America/New_York,,False,3.8,189,"https://search.google.com/local/reviews?placeid=ChIJ_x0ErQIF9YgRVwu3cVYCkuE&q=boba+tea,+30325,+Atlanta,+GA,+US&authuser=0&hl=en&gl=US",,,37.0,11.0,12.0,22.0,107.0,174,https://lh3.googleusercontent.com/gps-cs-s/AB5caB8m21zZDW9Sz01IK6rZnEKG0SVPvNOzFeav7oYcK3S3BB4M5MGC7BRM-UpOVuP5_kNnvUFKC17JjGgUZZ-EzFmPs-9KqZB6INrM2ckSFOt_iAyJ32vndDGwG99oNVmT-p-gOmdTQw=w800-h500-k-no,https://lh3.googleusercontent.com/gps-cs-s/AB5caB8m21zZDW9Sz01IK6rZnEKG0SVPvNOzFeav7oYcK3S3BB4M5MGC7BRM-UpOVuP5_kNnvUFKC17JjGgUZZ-EzFmPs-9KqZB6INrM2ckSFOt_iAyJ32vndDGwG99oNVmT-p-gOmdTQw=w1600-h1000-k-no,,"{""Monday"": ""12-10:30PM"", ""Tuesday"": ""12-10:30PM"", ""Wednesday"": ""12-10:30PM"", ""Thursday"": ""12-10:30PM"", ""Friday"": ""12-11:30PM"", ""Saturday"": ""12-11:30PM"", ""Sunday"": ""12-10:30PM""}",Monday:12-10:30PM|Tuesday:12-10:30PM|Wednesday:12-10:30PM|Thursday:12-10:30PM|Friday:12-11:30PM|Saturday:12-11:30PM|Sunday:12-10:30PM,,,OPERATIONAL,"{""Service options"": {""Delivery"": true, ""Takeout"": true, ""Dine-in"": true}, ""Highlights"": {""Great tea selection"": true}, ""Accessibility"": {""Wheelchair accessible entrance"": true, ""Wheelchair accessible parking lot"": true, ""Wheelchair accessible restroom"": true, ""Wheelchair accessible seating"": true}, ""Crowd"": {""LGBTQ+ friendly"": true}, ""Other"": {""LGBTQ+ friendly"": true}}",$,,https://lh3.googleusercontent.com/-acYQWnp43lo/AAAAAAAAAAI/AAAAAAAAAAA/QGUoGArAnB8/s44-p-k-no-ns-nd/photo.jpg,,,True,112727494586284994172,Ding Tea Atlanta,https://www.google.com/maps/contrib/112727494586284994172,,"https://www.google.com/viewer/chooseprovider?mid=/g/11ng6zbl1x&g2lbs=AAEPWCvFYSvIoUlW4i2OZwEhU5q2AVExm5mTY67saZsUBBrDMFdWyjbS8ICVZGVIXn3kqizARpIXFtIv3c0uS0QvekTSfkqyfw%3D%3D&hl=en-US&gl=us&fo_m=MfohQo559jFvMUOzJVpjPL1YMfZ3bInYwBDuMfaXTPp5KXh-&utm_source=tactile&gei=YJQCaKjvA_TaptQPwYThuAk&ei=YJQCaKjvA_TaptQPwYThuAk&fo_s=OA,SOE&opi=79508299&ebb=1&cs=0&foub=mcpp",,,"https://www.google.com/maps/place/Ding+Tea+Atlanta/@33.782095999999996,-84.40777,14z/data=!4m8!1m2!2m1!1sDing+Tea+Atlanta!3m4!1s0x88f50502ad041dff:0xe192025671b70b57!8m2!3d33.782095999999996!4d-84.40777","https://www.google.com/maps/place/Ding+Tea+Atlanta/@33.782095999999996,-84.40777,13.99z/data=!4m16!1m7!3m6!1s0x88f50502ad041dff:0xe192025671b70b57!2sDing+Tea+Atlanta!8m2!3d33.782095999999996!4d-84.40777!16s%2Fg%2F11ckvg1dmb!3m7!1s0x88f50502ad041dff:0xe192025671b70b57!8m2!3d33.782095999999996!4d-84.40777!9m1!1b1!16s%2Fg%2F11ckvg1dmb?entry=ttu",ChIJ_x0ErQIF9YgRVwu3cVYCkuE,0x88f50502ad041dff:0xe192025671b70b57,16254056575431805783,/g/11ng6zbl1x,-2192687498277745833,,harris@bit.ly,RECEIVING,Catch All,Robert Harris,Robert,Harris,"Director, Enterprise User Experience",16466785610,y@bit.ly,INVALID,SMTP validated,Yasi Razvan,Yasi,Razvan,Product Manager,18194236341,jehiah@bit.ly,RECEIVING,SMTP validated,Jehiah Czebotar,Jehiah,Czebotar,Principal Platform Engineer,,+1 718-222-2500,+1 888-288-8889,+1 301-948-6625,https://www.facebook.com/termedellafratta/about/,http://instagram.com/michaelwuensch,https://www.linkedin.com/company/fairfield-city-council,https://www.tiktok.com/@ericastonerealtor,,,,,,https://wa.me/4916097304095,https://twitter.com/MichaelWuensch,,https://youtube.com/channel/UCat0LyGytYMwfZEPbO_rOrA,,,Michael Wünsch - Landing Page,,"Teacher-Training Supervisor, Reutlingen, Germany",,False,False
"boba tea, 30325, Atlanta, GA, US",Kung Fu Tea (inside PH'EAST),Kung Fu Tea Inside Pheast,https://www.kungfutea.com/,Bubble tea store,Bubble tea store,Bubble tea store,+1 470-860-5331,"925 Battery Ave SE Ste. 1100, Atlanta, GA 30339",Cumberland,925 Battery Ave SE Ste. 1100,Atlanta,30339,Georgia,Georgia,United States of America,US,33.8878743,-84.47049919999999,8944c1add4bffff,America/New_York,,False,4.3,155,"https://search.google.com/local/reviews?placeid=ChIJ0ey4CwAR9YgRWXVX_VfnEv0&q=boba+tea,+30325,+Atlanta,+GA,+US&authuser=0&hl=en&gl=US",,,10.0,5.0,11.0,24.0,105.0,209,https://lh3.googleusercontent.com/gps-cs-s/AB5caB9TAa07sLSHi3PtZaYU3n45K-BQrg10MR2QDfXc5s8wNlxib0-9hGDQaSpAF7Yv1nkF3bde_vk_6NIPiYOBu8BaTGyXtnGVPsFcLMdHeFwQNU-LCwK_b4XigJo-oMa9sty_3LMs1w=w800-h500-k-no,https://lh3.googleusercontent.com/gps-cs-s/AB5caB9TAa07sLSHi3PtZaYU3n45K-BQrg10MR2QDfXc5s8wNlxib0-9hGDQaSpAF7Yv1nkF3bde_vk_6NIPiYOBu8BaTGyXtnGVPsFcLMdHeFwQNU-LCwK_b4XigJo-oMa9sty_3LMs1w=w1600-h1000-k-no,,"{""Monday"": ""11:30AM-10PM"", ""Tuesday"": ""11:30AM-10PM"", ""Wednesday"": ""11:30AM-10PM"", ""Thursday"": ""11:30AM-10PM"", ""Friday"": ""11:30AM-10PM"", ""Saturday"": ""11:30AM-10PM"", ""Sunday"": ""11:30AM-10PM""}",Monday:11:30AM-10PM|Tuesday:11:30AM-10PM|Wednesday:11:30AM-10PM|Thursday:11:30AM-10PM|Friday:11:30AM-10PM|Saturday:11:30AM-10PM|Sunday:11:30AM-10PM,,,OPERATIONAL,"{""From the business"": {""Identifies as women-owned"": true}, ""Service options"": {""Delivery"": true, ""Takeout"": true, ""Dine-in"": true}, ""Highlights"": {""Great tea selection"": true}, ""Accessibility"": {""Wheelchair accessible entrance"": true, ""Wheelchair accessible parking lot"": true, ""Wheelchair accessible restroom"": true}, ""Other"": {""Identifies as women-owned"": true}}",$,,https://lh5.googleusercontent.com/-Y85OOI1tXVI/AAAAAAAAAAI/AAAAAAAAAAA/OAV3m_TXiho/s44-p-k-no-ns-nd/photo.jpg,"Bubble tea specialist with a selection of other hot & cold drinks, including coffee & slushes.",,True,102513517685054261394,Kung Fu Tea,https://www.google.com/maps/contrib/102513517685054261394,,"https://www.google.com/viewer/chooseprovider?mid=/g/11fq9343zj&g2lbs=AAEPWCtWwUITI9mq8ihclgLRwCbL8GOqXLZbO5q3ym91Is0zl9DZ6m8CZ_ZgxysZxXOrlKvhwCBCvvuDRu7AUPRVRBW4jAjn2g%3D%3D&hl=en-US&gl=us&fo_m=MfohQo559jFvMUOzJVpjPL1YMfZ3bInYwBDuMfaXTPp5KXh-&utm_source=tactile&gei=YJQCaKjvA_TaptQPwYThuAk&ei=YJQCaKjvA_TaptQPwYThuAk&fo_s=OA,SOE&opi=79508299&ebb=1&cs=0&foub=mcpp",,,"https://www.google.com/maps/place/Kung+Fu+Tea+%28inside+PH%27EAST%29/@33.8878743,-84.47049919999999,14z/data=!4m8!1m2!2m1!1sKung+Fu+Tea+%28inside+PH%27EAST%29!3m4!1s0x88f511000bb8ecd1:0xfd12e757fd577559!8m2!3d33.8878743!4d-84.47049919999999","https://www.google.com/maps/place/Kung+Fu+Tea+%28inside+PH%27EAST%29/@33.8878743,-84.47049919999999,13.99z/data=!4m16!1m7!3m6!1s0x88f511000bb8ecd1:0xfd12e757fd577559!2sKung+Fu+Tea+%28inside+PH%27EAST%29!8m2!3d33.8878743!4d-84.47049919999999!16s%2Fg%2F11ckvg1dmb!3m7!1s0x88f511000bb8ecd1:0xfd12e757fd577559!8m2!3d33.8878743!4d-84.47049919999999!9m1!1b1!16s%2Fg%2F11ckvg1dmb?entry=ttu",ChIJ0ey4CwAR9YgRWXVX_VfnEv0,0x88f511000bb8ecd1:0xfd12e757fd577559,18235892206275097945,/g/11fq9343zj,-210851867434453671,,support@armsglobalinc.com,RECEIVING,Role,,,,,,marketing@kfteausa.com,RECEIVING,SMTP validated,,,,,,delivery_help@grubhub.com,RECEIVING,SMTP validated,,,,,,+1 724-544-6367,+1 855-538-9888,15402175182,https://www.facebook.com/kungfuteausa/,https://www.instagram.com/kungfuteausa,https://www.linkedin.com/company/kung-fu-tea,https://www.tiktok.com/@kungfutea,,,,,,,https://twitter.com/kfteausa,,,,,Menu — Kung Fu Tea | Fresh - Innovative - Fearless leading tea brand,WordPress 6.3,"Menu At Kung Fu Tea, every beverage is made-to-order with real Kung Fu. Our tea is freshly brewed every 3 hours using premium tea leaves. You can choose from classic teas, milk teas, fruit teas, slushies and more. Each drink is customized by you! You get to pick your toppings,…",,False,True
"boba tea, 30325, Atlanta, GA, US",Rebel Teahouse,Rebel Teahouse,http://www.rebelteahouse.com/,Bubble tea store,Bubble tea store,Bubble tea store,+1 404-855-0669,"225 E Ponce de Leon Ave Suite 110, Decatur, GA 30030",Downtown Decatur,225 E Ponce de Leon Ave Suite 110,Decatur,30030,Georgia,Georgia,United States of America,US,33.775404,-84.2943574,8944c106d3bffff,America/New_York,,False,4.8,534,"https://search.google.com/local/reviews?placeid=ChIJ9chw5-kH9YgRwTf9UofVK2w&q=boba+tea,+30325,+Atlanta,+GA,+US&authuser=0&hl=en&gl=US",,,16.0,8.0,4.0,22.0,484.0,684,https://lh3.googleusercontent.com/p/AF1QipMYuFaYqGz0zSI82gZB4C_c8G9T7_Xsgk2GmxKN=w800-h500-k-no,https://lh3.googleusercontent.com/p/AF1QipMYuFaYqGz0zSI82gZB4C_c8G9T7_Xsgk2GmxKN=w1600-h1000-k-no,,"{""Monday"": ""12-10PM"", ""Tuesday"": ""12-10PM"", ""Wednesday"": ""12-10PM"", ""Thursday"": ""12-10PM"", ""Friday"": ""12-11PM"", ""Saturday"": ""12-11PM"", ""Sunday"": ""12-10PM""}",Monday:12-10PM|Tuesday:12-10PM|Wednesday:12-10PM|Thursday:12-10PM|Friday:12-11PM|Saturday:12-11PM|Sunday:12-10PM,,,OPERATIONAL,"{""From the business"": {""Identifies as women-owned"": true}, ""Service options"": {""Curbside pickup"": true, ""No-contact delivery"": true, ""Delivery"": true, ""Onsite services"": true, ""Takeout"": true, ""Dine-in"": true}, ""Highlights"": {""Great tea selection"": true}, ""Accessibility"": {""Wheelchair accessible entrance"": true, ""Wheelchair accessible parking lot"": true, ""Wheelchair accessible restroom"": true, ""Wheelchair accessible seating"": true}, ""Amenities"": {""Gender-neutral restroom"": true}, ""Crowd"": {""LGBTQ+ friendly"": true, ""Transgender safespace"": true}, ""Parking"": {""Free street parking"": true, ""Paid street parking"": true}, ""Other"": {""LGBTQ+ friendly"": true, ""Identifies as women-owned"": true}}",$$,,https://lh5.googleusercontent.com/-K-CrMRUyMYU/AAAAAAAAAAI/AAAAAAAAAAA/VVciNp5rG2Y/s44-p-k-no-ns-nd/photo.jpg,,,True,103221188077119924973,Rebel Teahouse,https://www.google.com/maps/contrib/103221188077119924973,,"https://www.google.com/viewer/chooseprovider?mid=/g/11sytzsmvf&g2lbs=AAEPWCuUZvH9cc-rD8kx9q_2Gb_YD-ruRrVdCqR1L7ABNJKSNzmDkz1mzr0ROT9wEOARXEXRA3ryzTUckae9y2KLXxbE7KVbhg%3D%3D&hl=en-US&gl=us&fo_m=MfohQo559jFvMUOzJVpjPL1YMfZ3bInYwBDuMfaXTPp5KXh-&utm_source=tactile&gei=YJQCaKjvA_TaptQPwYThuAk&ei=YJQCaKjvA_TaptQPwYThuAk&fo_s=OA,SOE&opi=79508299&ebb=1&cs=0&foub=mcpp",,,"https://www.google.com/maps/place/Rebel+Teahouse/@33.775404,-84.2943574,14z/data=!4m8!1m2!2m1!1sRebel+Teahouse!3m4!1s0x88f507e9e770c8f5:0x6c2bd58752fd37c1!8m2!3d33.775404!4d-84.2943574","https://www.google.com/maps/place/Rebel+Teahouse/@33.775404,-84.2943574,13.99z/data=!4m16!1m7!3m6!1s0x88f507e9e770c8f5:0x6c2bd58752fd37c1!2sRebel+Teahouse!8m2!3d33.775404!4d-84.2943574!16s%2Fg%2F11ckvg1dmb!3m7!1s0x88f507e9e770c8f5:0x6c2bd58752fd37c1!8m2!3d33.775404!4d-84.2943574!9m1!1b1!16s%2Fg%2F11ckvg1dmb?entry=ttu",ChIJ9chw5-kH9YgRwTf9UofVK2w,0x88f507e9e770c8f5:0x6c2bd58752fd37c1,7794558357284403137,/g/11sytzsmvf,7794558357284403137,,hey@rebelteahouse.com,RECEIVING,SMTP validated,,,,,,,,,,,,,,,,,,,,,,,,,,,,,,,,,,,,,,,,Bubble Tea | Rebel Teahouse | Decatur,Wix.com Website Builder,"Rebel Teahouse is a artisinal bubble tea cafe serving deliciously good boba drinks in a colorful, modern space in downtown Decatur!",,False,False
"boba tea, 30325, Atlanta, GA, US",Unbelibubble Politan Row,Unbelibubble Politan Row,https://unbelibubble.square.site/,Bubble tea store,Bubble tea store,Bubble tea store,,"Inside Politan Row, 1197 Peachtree St NE Ste 150, Atlanta, GA 30309",Midtown Atlanta,"Inside Politan Row, 1197 Peachtree St NE Ste 150",Atlanta,30309,GA,Georgia,United States of America,US,33.7876743,-84.3822536,8944c1a8a87ffff,America/New_York,,False,4.0,83,"https://search.google.com/local/reviews?placeid=ChIJ7xYbeqIF9YgR78BekKZYZKs&q=boba+tea,+30325,+Atlanta,+GA,+US&authuser=0&hl=en&gl=US",,,10.0,5.0,6.0,14.0,48.0,130,https://lh3.googleusercontent.com/p/AF1QipP7IY6zUyk-Pjbht9aH8_leF6mSCy7owT0YRbqs=w800-h500-k-no,https://lh3.googleusercontent.com/p/AF1QipP7IY6zUyk-Pjbht9aH8_leF6mSCy7owT0YRbqs=w1600-h1000-k-no,,"{""Monday"": ""11AM-10PM"", ""Tuesday"": ""11AM-10PM"", ""Wednesday"": ""11AM-10PM"", ""Thursday"": ""11AM-10PM"", ""Friday"": ""11AM-11PM"", ""Saturday"": ""11AM-11PM"", ""Sunday"": ""11AM-9PM""}",Monday:11AM-10PM|Tuesday:11AM-10PM|Wednesday:11AM-10PM|Thursday:11AM-10PM|Friday:11AM-11PM|Saturday:11AM-11PM|Sunday:11AM-9PM,,,OPERATIONAL,"{""Service options"": {""Takeout"": true, ""Dine-in"": true}, ""Highlights"": {""Great tea selection"": true}, ""Accessibility"": {""Wheelchair accessible entrance"": true, ""Wheelchair accessible parking lot"": true}, ""Crowd"": {""LGBTQ+ friendly"": true, ""Transgender safespace"": true}, ""Other"": {""LGBTQ+ friendly"": true}}",,,https://lh3.googleusercontent.com/-dvyJhgiufuU/AAAAAAAAAAI/AAAAAAAAAAA/WEAKtaD8Mfo/s44-p-k-no-ns-nd/photo.jpg,,,True,109436295280428500778,Unbelibubble Politan Row,https://www.google.com/maps/contrib/109436295280428500778,,"https://www.google.com/viewer/chooseprovider?mid=/g/11qh3z10z8&g2lbs=AAEPWCuQy4Bxcfjk0xiQhJ-Pu9JuFbe1OLtPi74q3JBAivid8KaUGvSTKmG44JmkSqpwSBmp0nrAAeHadhPBcUyawz0N6Y4ebw%3D%3D&hl=en-US&gl=us&fo_m=MfohQo559jFvMUOzJVpjPL1YMfZ3bInYwBDuMfaXTPp5KXh-&utm_source=tactile&gei=YJQCaKjvA_TaptQPwYThuAk&ei=YJQCaKjvA_TaptQPwYThuAk&fo_s=OA,SOE&opi=79508299&orderType=2&ebb=1&cs=0&foub=mcpp",,,"https://www.google.com/maps/place/Unbelibubble+Politan+Row/@33.7876743,-84.3822536,14z/data=!4m8!1m2!2m1!1sUnbelibubble+Politan+Row!3m4!1s0x88f505a27a1b16ef:0xab6458a6905ec0ef!8m2!3d33.7876743!4d-84.3822536","https://www.google.com/maps/place/Unbelibubble+Politan+Row/@33.7876743,-84.3822536,13.99z/data=!4m16!1m7!3m6!1s0x88f505a27a1b16ef:0xab6458a6905ec0ef!2sUnbelibubble+Politan+Row!8m2!3d33.7876743!4d-84.3822536!16s%2Fg%2F11ckvg1dmb!3m7!1s0x88f505a27a1b16ef:0xab6458a6905ec0ef!8m2!3d33.7876743!4d-84.3822536!9m1!1b1!16s%2Fg%2F11ckvg1dmb?entry=ttu",ChIJ7xYbeqIF9YgR78BekKZYZKs,0x88f505a27a1b16ef:0xab6458a6905ec0ef,12350093550566686959,/g/11qh3z10z8,-6096650523142864657,,hi@mystore.com,INVALID,Undeliverable,,,,,,,,,,,,,,,,,,,,,,,,,,,,,,,,,,,,,,,,Unbelibubble Politan Row | Unbelibubble,Square Online,Unbelibubble at Politan Row serves high-quality bubble tea that is served with love.,,False,False
"boba tea, 30271, Newnan, GA, US",Sweet Krunch (Newnan),Sweet Krunch Newnan•Korean Fried Chicken And Boba Tea,https://sweetkrunchnewnan.kwickmenu.com/index.php,"Bubble tea store, Asian restaurant, Chicken wings restaurant, Korean restaurant, Ramen restaurant",restaurants,Bubble tea store,+1 678-857-3337,"1111 Bullsboro Dr #12, Newnan, GA 30265",None,1111 Bullsboro Dr #12,Newnan,30265,Georgia,Georgia,United States of America,US,33.3962353,-84.74162319999999,8944ea41eafffff,America/New_York,,False,4.2,244,"https://search.google.com/local/reviews?placeid=ChIJb2WSydXH9IgRjq_tq5lcePg&q=boba+tea,+30271,+Newnan,+GA,+US&authuser=0&hl=en&gl=US",,,25.0,11.0,17.0,18.0,173.0,391,https://lh3.googleusercontent.com/p/AF1QipMmdMSoM9PyXmMJVueyGW44X7TrQKsyIlTOktlI=w800-h500-k-no,https://lh3.googleusercontent.com/p/AF1QipMmdMSoM9PyXmMJVueyGW44X7TrQKsyIlTOktlI=w1600-h1000-k-no,,"{""Monday"": ""11AM-9PM"", ""Tuesday"": ""Closed"", ""Wednesday"": ""11AM-9PM"", ""Thursday"": ""11AM-9PM"", ""Friday"": ""11AM-9PM"", ""Saturday"": ""11AM-9PM"", ""Sunday"": ""11AM-8PM""}",Monday:11AM-9PM|Tuesday:Closed|Wednesday:11AM-9PM|Thursday:11AM-9PM|Friday:11AM-9PM|Saturday:11AM-9PM|Sunday:11AM-8PM,,,OPERATIONAL,"{""Service options"": {""No-contact delivery"": true, ""Delivery"": true, ""Takeout"": true, ""Dine-in"": true}, ""Popular for"": {""Lunch"": true, ""Dinner"": true, ""Solo dining"": true}, ""Accessibility"": {""Wheelchair accessible entrance"": true, ""Wheelchair accessible parking lot"": true, ""Wheelchair accessible restroom"": true, ""Wheelchair accessible seating"": true}, ""Offerings"": {""Coffee"": true, ""Comfort food"": true, ""Happy hour food"": true, ""Salad bar"": true, ""Small plates"": true, ""Vegetarian options"": true}, ""Dining options"": {""Breakfast"": true, ""Lunch"": true, ""Dinner"": true, ""Catering"": true, ""Dessert"": true, ""Seating"": true}, ""Amenities"": {""Restroom"": true}, ""Atmosphere"": {""Casual"": true, ""Cozy"": true, ""Quiet"": true, ""Trendy"": true}, ""Crowd"": {""Family-friendly"": true, ""Groups"": true}, ""Planning"": {""Accepts reservations"": true}, ""Payments"": {""Credit cards"": true, ""Debit cards"": true, ""NFC mobile payments"": true}, ""Children"": {""Good for kids"": true, ""Kids' menu"": true}, ""Parking"": {""Free parking lot"": true, ""Free street parking"": true, ""Parking"": true}}",$$,,https://lh6.googleusercontent.com/-LjrTpcthNJ0/AAAAAAAAAAI/AAAAAAAAAAA/3uZFmzQCJwA/s44-p-k-no-ns-nd/photo.jpg,,,True,116577129935987354754,Sweet Krunch Newnan•Korean Fried Chicken&Boba Tea,https://www.google.com/maps/contrib/116577129935987354754,https://sweetkrunchnewnan.kwickmenu.com/index.php,"https://www.google.com/viewer/chooseprovider?mid=/g/11p5ckhr6t&g2lbs=AAEPWCt9NNxyRoMybuRgUU9ZJWwHNPJppOGUmlK3LRHArtZw93Oka0l6-_NBRAzfPNyb9km1HywvYIXIPMN-IkbjU9RsReBUgw%3D%3D&hl=en-US&gl=us&fo_m=MfohQo559jFvMUOzJVpjPL1YMfZ3bInYwBDuMfaXTPp5KXh-&utm_source=tactile&gei=YZQCaLOSLs3Z5NoP09I8&ei=YZQCaLOSLs3Z5NoP09I8&fo_s=OA,SOE&opi=79508299&ebb=1&cs=0&foub=mcpp",,https://sweetkrunchnewnan.kwickmenu.com/index.php,"https://www.google.com/maps/place/Sweet+Krunch+Newnan%E2%80%A2Korean+Fried+Chicken%26Boba+Tea/@33.3962353,-84.74162319999999,14z/data=!4m8!1m2!2m1!1sSweet+Krunch+Newnan%E2%80%A2Korean+Fried+Chicken%26Boba+Tea!3m4!1s0x88f4c7d5c992656f:0xf8785c99abedaf8e!8m2!3d33.3962353!4d-84.74162319999999","https://www.google.com/maps/place/Sweet+Krunch+Newnan%E2%80%A2Korean+Fried+Chicken%26Boba+Tea/@33.3962353,-84.74162319999999,13.99z/data=!4m16!1m7!3m6!1s0x88f4c7d5c992656f:0xf8785c99abedaf8e!2sSweet+Krunch+Newnan%E2%80%A2Korean+Fried+Chicken%26Boba+Tea!8m2!3d33.3962353!4d-84.74162319999999!16s%2Fg%2F11ckvg1dmb!3m7!1s0x88f4c7d5c992656f:0xf8785c99abedaf8e!8m2!3d33.3962353!4d-84.74162319999999!9m1!1b1!16s%2Fg%2F11ckvg1dmb?entry=ttu",ChIJb2WSydXH9IgRjq_tq5lcePg,0x88f4c7d5c992656f:0xf8785c99abedaf8e,17904162133695639438,/g/11p5ckhr6t,-542581940013912178,,,,,,,,,,,,,,,,,,,,,,,,,,,,,https://www.facebook.com/v2.10/,,,,,,,,,,,,,,,"Sweet Krunch Newnan, NEWNAN Ga",,"Order online from Sweet Krunch Newnan, NEWNAN Ga 30265. You are ordering direct from our store. Not a third party platform.",,,
"boba tea, 30271, Newnan, GA, US",Sweet Tea Lounge,Sweet Tea Lounge,http://sweettealounge.com/,"Bubble tea store, Coffee shop, Tea house",Bubble tea store,Bubble tea store,+1 678-519-1419,"2705 GA-54 #5, Peachtree City, GA 30269",None,2705 GA-54 #5,Peachtree City,30269,Georgia,Georgia,United States of America,US,33.3971368,-84.59727,8944ea4828bffff,America/New_York,,False,4.0,187,"https://search.google.com/local/reviews?placeid=ChIJkRzMGYPr9IgR4J_TO9tpKR4&q=boba+tea,+30271,+Newnan,+GA,+US&authuser=0&hl=en&gl=US",,,26.0,16.0,9.0,16.0,120.0,289,https://lh3.googleusercontent.com/p/AF1QipN8_uTLXMKzvFu1WhP3SBgqgzSKM7EJvk3FJNFi=w800-h500-k-no,https://lh3.googleusercontent.com/p/AF1QipN8_uTLXMKzvFu1WhP3SBgqgzSKM7EJvk3FJNFi=w1600-h1000-k-no,,"{""Monday"": ""12-8PM"", ""Tuesday"": ""12-8PM"", ""Wednesday"": ""12-8PM"", ""Thursday"": ""12-8PM"", ""Friday"": ""12-8PM"", ""Saturday"": ""12-8PM"", ""Sunday"": ""12-8PM""}",Monday:12-8PM|Tuesday:12-8PM|Wednesday:12-8PM|Thursday:12-8PM|Friday:12-8PM|Saturday:12-8PM|Sunday:12-8PM,"[{""online_service_hours"": {""Monday"": ""12-7 PM"", ""Tuesday"": ""12-7 PM"", ""Wednesday"": ""12 AM-7 PM"", ""Thursday"": ""12 PM-2 AM"", ""Friday"": ""12-7 PM"", ""Saturday"": ""12-7 PM"", ""Sunday"": ""12-7 PM""}}]",,OPERATIONAL,"{""Service options"": {""No-contact delivery"": true, ""Delivery"": true, ""Onsite services"": true, ""Takeout"": true, ""Dine-in"": true}, ""Highlights"": {""Great tea selection"": true}, ""Accessibility"": {""Wheelchair accessible entrance"": true, ""Wheelchair accessible parking lot"": true, ""Wheelchair accessible restroom"": true}, ""Parking"": {""Free parking lot"": true, ""Free street parking"": true}}",$,,https://lh6.googleusercontent.com/-YKSzJ9lNST8/AAAAAAAAAAI/AAAAAAAAAAA/vq_HpcXD-O4/s44-p-k-no-ns-nd/photo.jpg,,,True,104015283036491583427,Sweet Tea Lounge,https://www.google.com/maps/contrib/104015283036491583427,,"https://www.google.com/viewer/chooseprovider?mid=/g/11js4k720p&g2lbs=AAEPWCvH799QsYesdcEvhH_nJK_ZyOKhXOvM7jkJI9_O-S5n79xP3dGUY1NXJySThfnIOzRMjkKlgNPWCtDCZe3SL70wzyQJsw%3D%3D&hl=en-US&gl=us&fo_m=MfohQo559jFvMUOzJVpjPL1YMfZ3bInYwBDuMfaXTPp5KXh-&utm_source=tactile&gei=YZQCaLOSLs3Z5NoP09I8&ei=YZQCaLOSLs3Z5NoP09I8&fo_s=OA,SOE&opi=79508299&ebb=1&cs=0&foub=mcpp",,,"https://www.google.com/maps/place/Sweet+Tea+Lounge/@33.3971368,-84.59727,14z/data=!4m8!1m2!2m1!1sSweet+Tea+Lounge!3m4!1s0x88f4eb8319cc1c91:0x1e2969db3bd39fe0!8m2!3d33.3971368!4d-84.59727","https://www.google.com/maps/place/Sweet+Tea+Lounge/@33.3971368,-84.59727,13.99z/data=!4m16!1m7!3m6!1s0x88f4eb8319cc1c91:0x1e2969db3bd39fe0!2sSweet+Tea+Lounge!8m2!3d33.3971368!4d-84.59727!16s%2Fg%2F11ckvg1dmb!3m7!1s0x88f4eb8319cc1c91:0x1e2969db3bd39fe0!8m2!3d33.3971368!4d-84.59727!9m1!1b1!16s%2Fg%2F11ckvg1dmb?entry=ttu",ChIJkRzMGYPr9IgR4J_TO9tpKR4,0x88f4eb8319cc1c91:0x1e2969db3bd39fe0,2173384685505454048,/g/11js4k720p,2173384685505454048,,contact@sweettealounge.com,RECEIVING,SMTP validated,,,,,,info@indiantypefoundry.com,RECEIVING,Role,,,,,,,,,,,,,,,,,https://www.facebook.com/sweettealounge/,https://www.instagram.com/sweettealounge,,,,,,,,,,,,,,Sweet Tea Lounge,Starfield Technologies; Go Daddy Website Builder 8.0.0000,,,False,True
"boba tea, 30271, Newnan, GA, US",Oriental Marketplace,Oriental Marketplace,http://www.oriental-marketplace.com/,"Bubble tea store, Asian grocery store",Asian grocery store,Bubble tea store,+1 770-251-3799,"1485 GA-34, Newnan, GA 30265",None,1485 GA-34,Newnan,30265,Georgia,Georgia,United States of America,US,33.398525,-84.731174,8944ea41e77ffff,America/New_York,,False,4.7,483,"https://search.google.com/local/reviews?placeid=ChIJSY8hB4rG9IgRvmmJSLjTs3I&q=boba+tea,+30271,+Newnan,+GA,+US&authuser=0&hl=en&gl=US",,,9.0,3.0,17.0,65.0,389.0,111,https://lh3.googleusercontent.com/p/AF1QipMnE3k8c0XEZbH_FIWQG_WaoXgFJO6OsgVZwVkW=w800-h500-k-no,https://lh3.googleusercontent.com/p/AF1QipMnE3k8c0XEZbH_FIWQG_WaoXgFJO6OsgVZwVkW=w1600-h1000-k-no,,"{""Monday"": ""Closed"", ""Tuesday"": ""10AM-6PM"", ""Wednesday"": ""10AM-6PM"", ""Thursday"": ""10AM-6PM"", ""Friday"": ""10AM-6PM"", ""Saturday"": ""10AM-6PM"", ""Sunday"": ""11AM-6PM""}",Monday:Closed|Tuesday:10AM-6PM|Wednesday:10AM-6PM|Thursday:10AM-6PM|Friday:10AM-6PM|Saturday:10AM-6PM|Sunday:11AM-6PM,,,OPERATIONAL,"{""From the business"": {""Small business"": true}, ""Service options"": {""Onsite services"": true, ""Delivery"": false, ""Same-day delivery"": false}, ""Highlights"": {""Great produce"": true}, ""Accessibility"": {""Wheelchair accessible entrance"": true, ""Wheelchair accessible parking lot"": true}, ""Offerings"": {""Food"": true, ""Prepared foods"": true}, ""Planning"": {""Quick visit"": true}, ""Payments"": {""Credit cards"": true, ""Debit cards"": true, ""NFC mobile payments"": true, ""SNAP/EBT"": true}}",,,https://lh6.googleusercontent.com/-2sLe04Rv4cQ/AAAAAAAAAAI/AAAAAAAAAAA/jOAH9HVBE8I/s44-p-k-no-ns-nd/photo.jpg,,,True,115170535391177995164,Oriental Marketplace,https://www.google.com/maps/contrib/115170535391177995164,,,,,"https://www.google.com/maps/place/Oriental+Marketplace/@33.398525,-84.731174,14z/data=!4m8!1m2!2m1!1sOriental+Marketplace!3m4!1s0x88f4c68a07218f49:0x72b3d3b8488969be!8m2!3d33.398525!4d-84.731174","https://www.google.com/maps/place/Oriental+Marketplace/@33.398525,-84.731174,13.99z/data=!4m16!1m7!3m6!1s0x88f4c68a07218f49:0x72b3d3b8488969be!2sOriental+Marketplace!8m2!3d33.398525!4d-84.731174!16s%2Fg%2F11ckvg1dmb!3m7!1s0x88f4c68a07218f49:0x72b3d3b8488969be!8m2!3d33.398525!4d-84.731174!9m1!1b1!16s%2Fg%2F11ckvg1dmb?entry=ttu",ChIJSY8hB4rG9IgRvmmJSLjTs3I,0x88f4c68a07218f49:0x72b3d3b8488969be,8265182529599400382,/g/1tftm0_5,8265182529599400382,,info@oriental-marketplace.com,RECEIVING,SMTP validated,,,,,,ck4801@bellsouth.net,RECEIVING,SMTP validated,,,,,,atonement_gypsy@yahoo.com,RECEIVING,SMTP validated,,,,,,,,,http://www.facebook.com/pages/,,,,,,,,,,,,,,,"Oriental Marketplace: Asian Specialty Foods, Bubble Tea & More...",,,,False,False
"boba tea, 30271, Newnan, GA, US",FENG CHA (Lake City),Feng Cha Lake City,http://www.fengchausa.com/,Bubble tea store,Bubble tea store,Bubble tea store,+1 470-225-6247,"5312 Jonesboro Rd, Morrow, GA 30260",None,5312 Jonesboro Rd,Morrow,30260,Georgia,Georgia,United States of America,US,33.6106924,-84.3462642,8944c1b9327ffff,America/New_York,,False,4.8,116,"https://search.google.com/local/reviews?placeid=ChIJz8CDibr_9IgRdVTP3z1Xo0g&q=boba+tea,+30271,+Newnan,+GA,+US&authuser=0&hl=en&gl=US",,,2.0,0.0,5.0,8.0,101.0,267,https://lh3.googleusercontent.com/p/AF1QipNqvmCcN6_AxiBGl_oRP5KYYHc72ptPPlNXHG_J=w800-h500-k-no,https://lh3.googleusercontent.com/p/AF1QipNqvmCcN6_AxiBGl_oRP5KYYHc72ptPPlNXHG_J=w1600-h1000-k-no,,"{""Monday"": ""11AM-9PM"", ""Tuesday"": ""11AM-9PM"", ""Wednesday"": ""11AM-9PM"", ""Thursday"": ""11AM-9PM"", ""Friday"": ""11AM-9PM"", ""Saturday"": ""11AM-9PM"", ""Sunday"": ""11AM-9PM""}",Monday:11AM-9PM|Tuesday:11AM-9PM|Wednesday:11AM-9PM|Thursday:11AM-9PM|Friday:11AM-9PM|Saturday:11AM-9PM|Sunday:11AM-9PM,,,OPERATIONAL,"{""Service options"": {""Delivery"": true, ""Takeout"": true, ""Dine-in"": true}, ""Highlights"": {""Great tea selection"": true}, ""Accessibility"": {""Wheelchair accessible entrance"": true, ""Wheelchair accessible parking lot"": true, ""Wheelchair accessible restroom"": true}}",$,,https://lh3.googleusercontent.com/-n1ZVj8ckct8/AAAAAAAAAAI/AAAAAAAAAAA/RwF90omBcdA/s44-p-k-no-ns-nd/photo.jpg,,,True,118363491707727518394,FENG CHA,https://www.google.com/maps/contrib/118363491707727518394,,"https://www.google.com/viewer/chooseprovider?mid=/g/11sstyjv9k&g2lbs=AAEPWCvjfoyLcsyfGqXpTXmwJmaHMoMG01VKHUsPy_8OT2N79cOYFx6AfuRdRVdG58EtmkM7-M6HCU1FTNXpnmdBOn7XcNkbBw%3D%3D&hl=en-US&gl=us&fo_m=MfohQo559jFvMUOzJVpjPL1YMfZ3bInYwBDuMfaXTPp5KXh-&utm_source=tactile&gei=YZQCaLOSLs3Z5NoP09I8&ei=YZQCaLOSLs3Z5NoP09I8&fo_s=OA,SOE&opi=79508299&ebb=1&cs=0&foub=mcpp",,,"https://www.google.com/maps/place/FENG+CHA+%28Lake+City%29/@33.6106924,-84.3462642,14z/data=!4m8!1m2!2m1!1sFENG+CHA+%28Lake+City%29!3m4!1s0x88f4ffba8983c0cf:0x48a3573ddfcf5475!8m2!3d33.6106924!4d-84.3462642","https://www.google.com/maps/place/FENG+CHA+%28Lake+City%29/@33.6106924,-84.3462642,13.99z/data=!4m16!1m7!3m6!1s0x88f4ffba8983c0cf:0x48a3573ddfcf5475!2sFENG+CHA+%28Lake+City%29!8m2!3d33.6106924!4d-84.3462642!16s%2Fg%2F11ckvg1dmb!3m7!1s0x88f4ffba8983c0cf:0x48a3573ddfcf5475!8m2!3d33.6106924!4d-84.3462642!9m1!1b1!16s%2Fg%2F11ckvg1dmb?entry=ttu",ChIJz8CDibr_9IgRdVTP3z1Xo0g,0x88f4ffba8983c0cf:0x48a3573ddfcf5475,5234123115194176629,/g/11sstyjv9k,5234123115194176629,,rxx@fengchausa.com,INVALID,Cannot validate,,,,,,pxx@fengchausa.com,INVALID,Cannot validate,,,,,,exx@fengchausa.com,INVALID,Cannot validate,,,,,,14252824087,18178831888,14056765033,https://www.facebook.com/114541508221696,,,,,,,,,,,,,,,ORDER | FENG CHA,Wix.com Website Builder,"Our passion for making tea extends far beyond our drinks. We are happy to see people of different backgrounds coming to Feng Cha to chat, hang out, study and work. We are thankful for each everyone's support and will continue working hard to provide a unique and cozy teahouse experience.",,False,False
"boba tea, 30271, Newnan, GA, US",Doba Cafe,Doba Cafe,http://facebook.com/dobacafe,Donut shop,Donut shop,Donut shop,+1 678-552-9967,"55 Jefferson St, Newnan, GA 30263",None,55 Jefferson St,Newnan,30263,Georgia,Georgia,United States of America,US,33.3789124,-84.79873409999999,8944ea40147ffff,America/New_York,,False,4.9,364,"https://search.google.com/local/reviews?placeid=ChIJ0ZKTHF_J9IgRyNSGPAMp_0o&q=boba+tea,+30271,+Newnan,+GA,+US&authuser=0&hl=en&gl=US",,,2.0,4.0,4.0,17.0,337.0,270,https://lh3.googleusercontent.com/p/AF1QipOAHxVwPoiCpaShj4zo2TBz0lCyaRXv2hlWZTE=w800-h500-k-no,https://lh3.googleusercontent.com/p/AF1QipOAHxVwPoiCpaShj4zo2TBz0lCyaRXv2hlWZTE=w1600-h1000-k-no,,"{""Monday"": ""Closed"", ""Tuesday"": ""6AM-2:30PM"", ""Wednesday"": ""6AM-2:30PM"", ""Thursday"": ""6AM-2:30PM"", ""Friday"": ""6AM-2:30PM"", ""Saturday"": ""6AM-2PM"", ""Sunday"": ""6AM-2PM""}",Monday:Closed|Tuesday:6AM-2:30PM|Wednesday:6AM-2:30PM|Thursday:6AM-2:30PM|Friday:6AM-2:30PM|Saturday:6AM-2PM|Sunday:6AM-2PM,,,OPERATIONAL,"{""Service options"": {""Delivery"": true, ""Drive-through"": true, ""Takeout"": true, ""Dine-in"": true, ""Same-day delivery"": false}, ""Highlights"": {""Great coffee"": true}, ""Popular for"": {""Solo dining"": true}, ""Accessibility"": {""Wheelchair accessible entrance"": true, ""Wheelchair accessible parking lot"": true, ""Wheelchair accessible restroom"": true}, ""Offerings"": {""Coffee"": true}, ""Dining options"": {""Breakfast"": true, ""Dessert"": true}, ""Amenities"": {""Restroom"": true}, ""Atmosphere"": {""Casual"": true}, ""Planning"": {""Quick visit"": true}, ""Payments"": {""Credit cards"": true}, ""Parking"": {""Free parking lot"": true}}",$,,https://lh5.googleusercontent.com/-pCEGzRZaM54/AAAAAAAAAAI/AAAAAAAAAAA/79M55Xbhn2Y/s44-p-k-no-ns-nd/photo.jpg,,,True,107235125856276437976,Doba Cafe,https://www.google.com/maps/contrib/107235125856276437976,,"https://www.google.com/viewer/chooseprovider?mid=/g/11rr50f17h&g2lbs=AAEPWCsOXEuayNrNYK3PcWTZWrGHtY60b2fWAjhWBLR7inxgkw5_19xoL8poUnb3gRSDW15SM473ytAriZDuDnJ5sI6jC4STXQ%3D%3D&hl=en-US&gl=us&fo_m=MfohQo559jFvMUOzJVpjPL1YMfZ3bInYwBDuMfaXTPp5KXh-&utm_source=tactile&gei=YZQCaLOSLs3Z5NoP09I8&ei=YZQCaLOSLs3Z5NoP09I8&fo_s=OA,SOE&opi=79508299&ebb=1&cs=0&foub=mcpp",,,"https://www.google.com/maps/place/Doba+Cafe/@33.3789124,-84.79873409999999,14z/data=!4m8!1m2!2m1!1sDoba+Cafe!3m4!1s0x88f4c95f1c9392d1:0x4aff29033c86d4c8!8m2!3d33.3789124!4d-84.79873409999999","https://www.google.com/maps/place/Doba+Cafe/@33.3789124,-84.79873409999999,13.99z/data=!4m16!1m7!3m6!1s0x88f4c95f1c9392d1:0x4aff29033c86d4c8!2sDoba+Cafe!8m2!3d33.3789124!4d-84.79873409999999!16s%2Fg%2F11ckvg1dmb!3m7!1s0x88f4c95f1c9392d1:0x4aff29033c86d4c8!8m2!3d33.3789124!4d-84.79873409999999!9m1!1b1!16s%2Fg%2F11ckvg1dmb?entry=ttu",ChIJ0ZKTHF_J9IgRyNSGPAMp_0o,0x88f4c95f1c9392d1:0x4aff29033c86d4c8,5404083171744994504,/g/11rr50f17h,5404083171744994504,,dobacafe.mara@gmail.com,RECEIVING,SMTP validated,,,,,,,,,,,,,,,,,,,,,,16785529967,,,https://www.facebook.com/DOBACAFE/,,,,,,,,,,,,,,,,,,,,
"boba tea, 30271, Newnan, GA, US",Blume Organics Boutique & Cafe,Blume Organics Boutique And Cafe,https://www.shopblumeorganics.com/,"Cafe, Boutique, Clothing store, Coffee shop, Fashion accessories store, Gift shop, Jewelry store, Organic shop",Boutique,Cafe,+1 770-681-0425,"300 Willowbend Rd #19, Peachtree City, GA 30269",None,300 Willowbend Rd #19,Peachtree City,30269,Georgia,Georgia,United States of America,US,33.3987267,-84.5864996,8944ea48253ffff,America/New_York,,False,4.6,214,"https://search.google.com/local/reviews?placeid=ChIJ15tbHhjq9IgRX2mA77mEp4Q&q=boba+tea,+30271,+Newnan,+GA,+US&authuser=0&hl=en&gl=US",,,6.0,6.0,7.0,19.0,176.0,110,https://lh3.googleusercontent.com/p/AF1QipO23US0pvGaSxkSpwZcgp7r5q5SnOU3tuQjHQSl=w800-h500-k-no,https://lh3.googleusercontent.com/p/AF1QipO23US0pvGaSxkSpwZcgp7r5q5SnOU3tuQjHQSl=w1600-h1000-k-no,,"{""Monday"": ""8AM-6PM"", ""Tuesday"": ""8AM-6PM"", ""Wednesday"": ""8AM-6PM"", ""Thursday"": ""8AM-6PM"", ""Friday"": ""8AM-6PM"", ""Saturday"": ""9AM-5PM"", ""Sunday"": ""Closed""}",Monday:8AM-6PM|Tuesday:8AM-6PM|Wednesday:8AM-6PM|Thursday:8AM-6PM|Friday:8AM-6PM|Saturday:9AM-5PM|Sunday:Closed,,,OPERATIONAL,"{""From the business"": {""Small business"": true}, ""Service options"": {""Delivery"": true, ""In-store pickup"": true, ""Onsite services"": true}, ""Accessibility"": {""Wheelchair accessible entrance"": true, ""Wheelchair accessible parking lot"": true}, ""Planning"": {""Quick visit"": true}, ""Payments"": {""Credit cards"": true, ""Debit cards"": true, ""NFC mobile payments"": true}, ""Parking"": {""Free parking lot"": true, ""Free street parking"": true}}",,,https://lh5.googleusercontent.com/-OdQVGSDAesA/AAAAAAAAAAI/AAAAAAAAAAA/H5f0i5hEb88/s44-p-k-no-ns-nd/photo.jpg,,,True,103333795901018378630,Blume Organics Boutique & Cafe,https://www.google.com/maps/contrib/103333795901018378630,,,,,"https://www.google.com/maps/place/Blume+Organics+Boutique+%26+Cafe/@33.3987267,-84.5864996,14z/data=!4m8!1m2!2m1!1sBlume+Organics+Boutique+%26+Cafe!3m4!1s0x88f4ea181e5b9bd7:0x84a784b9ef80695f!8m2!3d33.3987267!4d-84.5864996","https://www.google.com/maps/place/Blume+Organics+Boutique+%26+Cafe/@33.3987267,-84.5864996,13.99z/data=!4m16!1m7!3m6!1s0x88f4ea181e5b9bd7:0x84a784b9ef80695f!2sBlume+Organics+Boutique+%26+Cafe!8m2!3d33.3987267!4d-84.5864996!16s%2Fg%2F11ckvg1dmb!3m7!1s0x88f4ea181e5b9bd7:0x84a784b9ef80695f!8m2!3d33.3987267!4d-84.5864996!9m1!1b1!16s%2Fg%2F11ckvg1dmb?entry=ttu",ChIJ15tbHhjq9IgRX2mA77mEp4Q,0x88f4ea181e5b9bd7:0x84a784b9ef80695f,9558754668239153503,/g/11cmsx5vzd,-8887989405470398113,,info@shopblumeorganics.com,RECEIVING,SMTP validated,,,,,,,,,,,,,,,,,,,,,,17706810425,,,https://www.facebook.com/theblumeshop/,https://www.instagram.com/blumeorganics,,,,,,,,,,,,,,Blume Organics,,,,False,False
"boba tea, 30271, Newnan, GA, US",Quickly,Quickly,http://www.quicklyusa.com/,"Bubble tea store, Cafe, Snack bar",Bubble tea store,Bubble tea store,+1 770-731-7000,"5299 Jonesboro Rd #102, Morrow, GA 30260",None,5299 Jonesboro Rd #102,Morrow,30260,Georgia,Georgia,United States of America,US,33.6105879,-84.3473856,8944c1b9327ffff,America/New_York,,False,4.5,197,"https://search.google.com/local/reviews?placeid=ChIJoW29IGP_9IgRwCTZYmXv27w&q=boba+tea,+30271,+Newnan,+GA,+US&authuser=0&hl=en&gl=US",,,9.0,3.0,12.0,32.0,141.0,109,https://lh3.googleusercontent.com/p/AF1QipMGUblckGBS6jKfw2vALZ9cmOJEAf4N1W9XaT8O=w800-h500-k-no,https://lh3.googleusercontent.com/p/AF1QipMGUblckGBS6jKfw2vALZ9cmOJEAf4N1W9XaT8O=w1600-h1000-k-no,,"{""Monday"": ""11AM-8PM"", ""Tuesday"": ""11AM-8PM"", ""Wednesday"": ""11AM-8PM"", ""Thursday"": ""11AM-8PM"", ""Friday"": ""11AM-8PM"", ""Saturday"": ""11AM-8PM"", ""Sunday"": ""11AM-8PM""}",Monday:11AM-8PM|Tuesday:11AM-8PM|Wednesday:11AM-8PM|Thursday:11AM-8PM|Friday:11AM-8PM|Saturday:11AM-8PM|Sunday:11AM-8PM,,,OPERATIONAL,"{""Service options"": {""Curbside pickup"": true, ""Takeout"": true, ""Dine-in"": true, ""Delivery"": false}, ""Highlights"": {""Great tea selection"": true}, ""Accessibility"": {""Wheelchair accessible entrance"": true, ""Wheelchair accessible parking lot"": true, ""Wheelchair accessible restroom"": true}, ""Parking"": {""Free parking lot"": true}}",$,,https://lh3.googleusercontent.com/-RBD-UqrrgGY/AAAAAAAAAAI/AAAAAAAAAAA/QP040GG1phU/s44-p-k-no-ns-nd/photo.jpg,,,True,117269343820643784974,Quickly,https://www.google.com/maps/contrib/117269343820643784974,,"https://www.google.com/viewer/chooseprovider?mid=/g/11gxmv4yjj&g2lbs=AAEPWCuLK_Y7B-hngNyk7HIPx8YrW-aTnCqXCqv67AwHwcLjvLKEmOu_uhZH_z4KWMXnmKCuHuoIzQ7RVAcJ8mIE8e8aaigXfQ%3D%3D&hl=en-US&gl=us&fo_m=MfohQo559jFvMUOzJVpjPL1YMfZ3bInYwBDuMfaXTPp5KXh-&utm_source=tactile&gei=YZQCaLOSLs3Z5NoP09I8&ei=YZQCaLOSLs3Z5NoP09I8&fo_s=OA,SOE&opi=79508299&ebb=1&cs=0&foub=mcpp",,,"https://www.google.com/maps/place/Quickly/@33.6105879,-84.3473856,14z/data=!4m8!1m2!2m1!1sQuickly!3m4!1s0x88f4ff6320bd6da1:0xbcdbef6562d924c0!8m2!3d33.6105879!4d-84.3473856","https://www.google.com/maps/place/Quickly/@33.6105879,-84.3473856,13.99z/data=!4m16!1m7!3m6!1s0x88f4ff6320bd6da1:0xbcdbef6562d924c0!2sQuickly!8m2!3d33.6105879!4d-84.3473856!16s%2Fg%2F11ckvg1dmb!3m7!1s0x88f4ff6320bd6da1:0xbcdbef6562d924c0!8m2!3d33.6105879!4d-84.3473856!9m1!1b1!16s%2Fg%2F11ckvg1dmb?entry=ttu",ChIJoW29IGP_9IgRwCTZYmXv27w,0x88f4ff6320bd6da1:0xbcdbef6562d924c0,13608733917759218880,/g/11gxmv4yjj,-4838010155950332736,,kailash@quicklyusa.com,INVALID,SMTP validated,Kailash Dhaksinamurthi,Kailash,Dhaksinamurthi,President,,amy@quicklyusa.com,RECEIVING,SMTP validated,Amy Kennedy,Amy,Kennedy,Executive Director,,richard@quicklyusa.com,RECEIVING,SMTP validated,Richard Parks,Richard,Parks,Chief Executive Officer,,+1 984-234-0401,12095672825,16508722800,https://www.facebook.com/quicklyusa/,https://instagram.com/QuicklyUSA,http://www.linkedin.com/company/1646196,,,,,,,,https://twitter.com/QuicklyUSA,,,,,Tracy Grant Line,,,,False,False
"boba tea, 30271, Newnan, GA, US",Boba Theory,Boba Theory,https://m.facebook.com/BobaTheory/,Coffee shop,coffee shops,Coffee shop,+1 770-629-7092,"1585 Lake Harbin Rd, Morrow, GA 30260",None,1585 Lake Harbin Rd,Morrow,30260,Georgia,Georgia,United States of America,US,33.5829733,-84.3386137,8944c1b907bffff,America/New_York,,False,4.6,1107,"https://search.google.com/local/reviews?placeid=ChIJuRLi-LP-9IgRgtHgNd4cxc4&q=boba+tea,+30271,+Newnan,+GA,+US&authuser=0&hl=en&gl=US",,,38.0,19.0,45.0,162.0,843.0,397,https://lh3.googleusercontent.com/p/AF1QipMMNqwvJeJ3hEPV7lyr7KmhxYWGLip_eHHPMwBm=w800-h500-k-no,https://lh3.googleusercontent.com/p/AF1QipMMNqwvJeJ3hEPV7lyr7KmhxYWGLip_eHHPMwBm=w1600-h1000-k-no,,"{""Monday"": ""9AM-9PM"", ""Tuesday"": ""9AM-9PM"", ""Wednesday"": ""9AM-9PM"", ""Thursday"": ""9AM-9PM"", ""Friday"": ""9AM-9PM"", ""Saturday"": ""9AM-9PM"", ""Sunday"": ""9AM-9PM""}",Monday:9AM-9PM|Tuesday:9AM-9PM|Wednesday:9AM-9PM|Thursday:9AM-9PM|Friday:9AM-9PM|Saturday:9AM-9PM|Sunday:9AM-9PM,,,OPERATIONAL,"{""Service options"": {""Outdoor seating"": true, ""Delivery"": true, ""Drive-through"": true, ""Onsite services"": true, ""Takeout"": true, ""Dine-in"": true}, ""Highlights"": {""Great coffee"": true, ""Great tea selection"": true}, ""Popular for"": {""Solo dining"": true, ""Good for working on laptop"": true}, ""Accessibility"": {""Wheelchair accessible entrance"": true, ""Wheelchair accessible parking lot"": true, ""Wheelchair accessible restroom"": true, ""Wheelchair accessible seating"": true}, ""Offerings"": {""Coffee"": true}, ""Dining options"": {""Dessert"": true, ""Seating"": true}, ""Amenities"": {""Restroom"": true, ""Wi-Fi"": true}, ""Atmosphere"": {""Casual"": true, ""Cozy"": true, ""Trendy"": true}, ""Crowd"": {""College students"": true, ""Groups"": true, ""Tourists"": true}, ""Planning"": {""Accepts reservations"": false}, ""Payments"": {""Credit cards"": true, ""Debit cards"": true, ""NFC mobile payments"": true}, ""Children"": {""Good for kids"": true}, ""Parking"": {""Free parking lot"": true, ""Free street parking"": true, ""Parking"": true}, ""Pets"": {""Dogs allowed outside"": true}}",$,,https://lh4.googleusercontent.com/-H3XlfHckr3o/AAAAAAAAAAI/AAAAAAAAAAA/0a2MVsXDGA4/s44-p-k-no-ns-nd/photo.jpg,,,True,107724371249510327141,Boba Theory,https://www.google.com/maps/contrib/107724371249510327141,,"https://www.google.com/viewer/chooseprovider?mid=/g/11c1w_fptq&g2lbs=AAEPWCsJjdfL7Q6e8gJ-Rxabf7DDs-Ic4_G48nLINrE9Zv_XaWgRoYApdA7g4dW_mUgqHbyKQMjIQ71FpocGaXBpg6R9s30Lbg%3D%3D&hl=en-US&gl=us&fo_m=MfohQo559jFvMUOzJVpjPL1YMfZ3bInYwBDuMfaXTPp5KXh-&utm_source=tactile&gei=YZQCaLOSLs3Z5NoP09I8&ei=YZQCaLOSLs3Z5NoP09I8&fo_s=OA,SOE&opi=79508299&ebb=1&cs=0&foub=mcpp",,,"https://www.google.com/maps/place/Boba+Theory/@33.5829733,-84.3386137,14z/data=!4m8!1m2!2m1!1sBoba+Theory!3m4!1s0x88f4feb3f8e212b9:0xcec51cde35e0d182!8m2!3d33.5829733!4d-84.3386137","https://www.google.com/maps/place/Boba+Theory/@33.5829733,-84.3386137,13.99z/data=!4m16!1m7!3m6!1s0x88f4feb3f8e212b9:0xcec51cde35e0d182!2sBoba+Theory!8m2!3d33.5829733!4d-84.3386137!16s%2Fg%2F11ckvg1dmb!3m7!1s0x88f4feb3f8e212b9:0xcec51cde35e0d182!8m2!3d33.5829733!4d-84.3386137!9m1!1b1!16s%2Fg%2F11ckvg1dmb?entry=ttu",ChIJuRLi-LP-9IgRgtHgNd4cxc4,0x88f4feb3f8e212b9:0xcec51cde35e0d182,14899346682937397634,/g/11c1w_fptq,-3547397390772153982,,,,,,,,,,,,,,,,,,,,,,,,,,17706297092,,,https://www.facebook.com/bobatheory,,,,,,,,,,,,,,,,,,,,
"boba tea, 30271, Newnan, GA, US",Leaf and Bean,Leaf And Bean,http://www.leafandbeannewnan.com/,Coffee shop,coffee shops,Coffee shop,+1 770-683-7290,"22 W Ct Square Suite A, Newnan, GA 30263",None,22 W Ct Square Suite A,Newnan,30263,Georgia,Georgia,United States of America,US,33.3748911,-84.8006125,8944ea4011bffff,America/New_York,,False,4.6,789,"https://search.google.com/local/reviews?placeid=ChIJvyp2qVjI9IgR_Xg74GZM4y4&q=boba+tea,+30271,+Newnan,+GA,+US&authuser=0&hl=en&gl=US",,,26.0,9.0,35.0,134.0,585.0,386,https://lh3.googleusercontent.com/p/AF1QipMspUVa2D9H4IGXgcMwUbZx1yYuLEvPiZeqWvM1=w800-h500-k-no,https://lh3.googleusercontent.com/p/AF1QipMspUVa2D9H4IGXgcMwUbZx1yYuLEvPiZeqWvM1=w1600-h1000-k-no,,"{""Monday"": ""7AM-7PM"", ""Tuesday"": ""7AM-7PM"", ""Wednesday"": ""7AM-7PM"", ""Thursday"": ""7AM-7PM"", ""Friday"": ""7AM-11PM"", ""Saturday"": ""7AM-11PM"", ""Sunday"": ""Closed""}",Monday:7AM-7PM|Tuesday:7AM-7PM|Wednesday:7AM-7PM|Thursday:7AM-7PM|Friday:7AM-11PM|Saturday:7AM-11PM|Sunday:Closed,,,OPERATIONAL,"{""Service options"": {""Outdoor seating"": true, ""Onsite services"": true, ""Takeout"": true, ""Dine-in"": true, ""Delivery"": false}, ""Highlights"": {""Fast service"": true, ""Great coffee"": true, ""Great dessert"": true, ""Great tea selection"": true}, ""Popular for"": {""Breakfast"": true, ""Lunch"": true, ""Solo dining"": true, ""Good for working on laptop"": true}, ""Accessibility"": {""Wheelchair accessible entrance"": true, ""Wheelchair accessible parking lot"": true, ""Wheelchair accessible restroom"": true, ""Wheelchair accessible seating"": true}, ""Offerings"": {""Alcohol"": true, ""Beer"": true, ""Cocktails"": true, ""Coffee"": true, ""Comfort food"": true, ""Healthy options"": true, ""Quick bite"": true, ""Small plates"": true, ""Vegan options"": true, ""Vegetarian options"": true, ""Wine"": true}, ""Dining options"": {""Breakfast"": true, ""Brunch"": true, ""Lunch"": true, ""Catering"": true, ""Dessert"": true, ""Seating"": true}, ""Amenities"": {""Gender-neutral restroom"": true, ""Restroom"": true, ""Wi-Fi"": true}, ""Atmosphere"": {""Casual"": true, ""Cozy"": true, ""Historic"": true, ""Trendy"": true}, ""Crowd"": {""College students"": true, ""Family-friendly"": true, ""Groups"": true, ""LGBTQ+ friendly"": true, ""Tourists"": true, ""Transgender safespace"": true}, ""Planning"": {""Accepts reservations"": false}, ""Payments"": {""Credit cards"": true, ""Debit cards"": true, ""NFC mobile payments"": true}, ""Children"": {""Good for kids"": true, ""High chairs"": true}, ""Parking"": {""Free parking lot"": true, ""Free street parking"": true, ""Parking"": true}, ""Pets"": {""Dogs allowed outside"": true}, ""Other"": {""LGBTQ+ friendly"": true}}",$,,https://lh3.googleusercontent.com/-tR-S6jlLf9Y/AAAAAAAAAAI/AAAAAAAAAAA/0hiYRQcloro/s44-p-k-no-ns-nd/photo.jpg,,,True,112358094481519956543,Leaf and Bean,https://www.google.com/maps/contrib/112358094481519956543,,"https://www.google.com/viewer/chooseprovider?mid=/g/1ptypb0zc&g2lbs=AAEPWCtKw4HDki5IWqY6nJzgKh2QXeBxqjr0RH4vxMr4aWYuBBq8CG8ymJtRpbSpBOyCFgvZKE-PKbqtHHT4q7hHQd1SxPPalg%3D%3D&hl=en-US&gl=us&fo_m=MfohQo559jFvMUOzJVpjPL1YMfZ3bInYwBDuMfaXTPp5KXh-&utm_source=tactile&gei=YZQCaLOSLs3Z5NoP09I8&ei=YZQCaLOSLs3Z5NoP09I8&fo_s=OA,SOE&opi=79508299&ebb=1&cs=0&foub=mcpp",,,"https://www.google.com/maps/place/Leaf+and+Bean/@33.3748911,-84.8006125,14z/data=!4m8!1m2!2m1!1sLeaf+and+Bean!3m4!1s0x88f4c858a9762abf:0x2ee34c66e03b78fd!8m2!3d33.3748911!4d-84.8006125","https://www.google.com/maps/place/Leaf+and+Bean/@33.3748911,-84.8006125,13.99z/data=!4m16!1m7!3m6!1s0x88f4c858a9762abf:0x2ee34c66e03b78fd!2sLeaf+and+Bean!8m2!3d33.3748911!4d-84.8006125!16s%2Fg%2F11ckvg1dmb!3m7!1s0x88f4c858a9762abf:0x2ee34c66e03b78fd!8m2!3d33.3748911!4d-84.8006125!9m1!1b1!16s%2Fg%2F11ckvg1dmb?entry=ttu",ChIJvyp2qVjI9IgR_Xg74GZM4y4,0x88f4c858a9762abf:0x2ee34c66e03b78fd,3378628150190373117,/g/1ptypb0zc,3378628150190373117,,leafandbeannewnan@gmail.com,RECEIVING,SMTP validated,,,,,,,,,,,,,,,,,,,,,,,,,http://facebook.com/theloungeatleafandbean,http://instagram.com/leafandbeannewnan,,http://tiktok.com/loungeatleafandbean,,,,,,,,,,,,Leaf & Bean,,,,False,False
"boba tea, 30271, Newnan, GA, US",The Toasty Toad - Drive-thru Gourmet Coffee,The Toasty Toad Drive Thru Gourmet Coffee,http://www.thetoastytoad.com/,"Coffee shop, Mobile caterer",coffee shops,Coffee shop,+1 770-331-5156,"6612 GA-54, Sharpsburg, GA 30277",None,6612 GA-54,Sharpsburg,30277,Georgia,Georgia,United States of America,US,33.3431029,-84.64569519999999,8944ea4a0cbffff,America/New_York,,False,4.9,83,"https://search.google.com/local/reviews?placeid=ChIJCauVwgnq9IgR5AdjUJQ-GO0&q=boba+tea,+30271,+Newnan,+GA,+US&authuser=0&hl=en&gl=US",,,0.0,1.0,2.0,4.0,76.0,76,https://lh3.googleusercontent.com/p/AF1QipOXojbEyw49oPoOkxaTwVTiBgc_i7nCiD1bf-yC=w800-h500-k-no,https://lh3.googleusercontent.com/p/AF1QipOXojbEyw49oPoOkxaTwVTiBgc_i7nCiD1bf-yC=w1600-h1000-k-no,,"{""Monday"": ""6:30AM-7PM"", ""Tuesday"": ""6:30AM-7PM"", ""Wednesday"": ""6:30AM-7PM"", ""Thursday"": ""6:30AM-7PM"", ""Friday"": ""6:30AM-7PM"", ""Saturday"": ""8AM-5PM"", ""Sunday"": ""Closed""}",Monday:6:30AM-7PM|Tuesday:6:30AM-7PM|Wednesday:6:30AM-7PM|Thursday:6:30AM-7PM|Friday:6:30AM-7PM|Saturday:8AM-5PM|Sunday:Closed,,,OPERATIONAL,"{""From the business"": {""Identifies as women-owned"": true}, ""Service options"": {""Delivery"": true, ""Drive-through"": true, ""Takeout"": true}, ""Highlights"": {""Great coffee"": true, ""Great tea selection"": true}, ""Popular for"": {""Solo dining"": true}, ""Accessibility"": {""Wheelchair accessible parking lot"": true}, ""Offerings"": {""Coffee"": true, ""Quick bite"": true}, ""Dining options"": {""Catering"": true, ""Dessert"": true}, ""Atmosphere"": {""Casual"": true, ""Trendy"": true}, ""Crowd"": {""Tourists"": true}, ""Planning"": {""Accepts reservations"": false}, ""Payments"": {""Credit cards"": true, ""Debit cards"": true}, ""Children"": {""Good for kids"": true}, ""Other"": {""Identifies as women-owned"": true}}",,,https://lh3.googleusercontent.com/-89Wj0g53jkI/AAAAAAAAAAI/AAAAAAAAAAA/6ckS_tlKAjA/s44-p-k-no-ns-nd/photo.jpg,,,True,117840185703802086919,The Toasty Toad - Drive-thru Gourmet Coffee,https://www.google.com/maps/contrib/117840185703802086919,,,,,"https://www.google.com/maps/place/The+Toasty+Toad+-+Drive-thru+Gourmet+Coffee/@33.3431029,-84.64569519999999,14z/data=!4m8!1m2!2m1!1sThe+Toasty+Toad+-+Drive-thru+Gourmet+Coffee!3m4!1s0x88f4ea09c295ab09:0xed183e94506307e4!8m2!3d33.3431029!4d-84.64569519999999","https://www.google.com/maps/place/The+Toasty+Toad+-+Drive-thru+Gourmet+Coffee/@33.3431029,-84.64569519999999,13.99z/data=!4m16!1m7!3m6!1s0x88f4ea09c295ab09:0xed183e94506307e4!2sThe+Toasty+Toad+-+Drive-thru+Gourmet+Coffee!8m2!3d33.3431029!4d-84.64569519999999!16s%2Fg%2F11ckvg1dmb!3m7!1s0x88f4ea09c295ab09:0xed183e94506307e4!8m2!3d33.3431029!4d-84.64569519999999!9m1!1b1!16s%2Fg%2F11ckvg1dmb?entry=ttu",ChIJCauVwgnq9IgR5AdjUJQ-GO0,0x88f4ea09c295ab09:0xed183e94506307e4,17084473993154725860,/g/11c6v6jt04,-1362270080554825756,,thetoastytoad@gmail.com,RECEIVING,SMTP validated,,,,,,,,,,,,,,,,,,,,,,17703315156,,,https://www.facebook.com/1510971805856905,,,,,,,,,,,,,,,THE TOASTY TOAD - Home,,,,False,False
"boba tea, 30271, Newnan, GA, US",Pop Drinks,Pop Drinks,https://ilovepopdrinks.com/,Soft drinks shop,Soft drinks shop,Soft drinks shop,+1 770-400-5844,"214 Bullsboro Dr, Newnan, GA 30263",None,214 Bullsboro Dr,Newnan,30263,Georgia,Georgia,United States of America,US,33.390882399999995,-84.7723615,8944ea4036bffff,America/New_York,,False,4.7,61,"https://search.google.com/local/reviews?placeid=ChIJn2o4PrTH9IgRQgr7zVnkgOw&q=boba+tea,+30271,+Newnan,+GA,+US&authuser=0&hl=en&gl=US",,,2.0,1.0,3.0,0.0,55.0,62,https://lh3.googleusercontent.com/p/AF1QipMTPBbDoVWMi4diay3fSiJMhRjsvELhMlRtAX0_=w800-h500-k-no,https://lh3.googleusercontent.com/p/AF1QipMTPBbDoVWMi4diay3fSiJMhRjsvELhMlRtAX0_=w1600-h1000-k-no,,"{""Monday"": ""8:30AM-8PM"", ""Tuesday"": ""8:30AM-8PM"", ""Wednesday"": ""8:30AM-8PM"", ""Thursday"": ""8:30AM-8PM"", ""Friday"": ""8:30AM-9PM"", ""Saturday"": ""9:30AM-9PM"", ""Sunday"": ""Closed""}",Monday:8:30AM-8PM|Tuesday:8:30AM-8PM|Wednesday:8:30AM-8PM|Thursday:8:30AM-8PM|Friday:8:30AM-9PM|Saturday:9:30AM-9PM|Sunday:Closed,,,OPERATIONAL,"{""Service options"": {""Delivery"": false, ""Onsite services"": false, ""Dine-in"": false}, ""Accessibility"": {""Wheelchair accessible parking lot"": true, ""Assistive hearing loop"": false, ""Wheelchair accessible restroom"": false, ""Wheelchair accessible seating"": false}, ""Parking"": {""Free parking lot"": true, ""On-site parking"": true}}",$,,https://lh3.googleusercontent.com/-KmmlMvOeXDY/AAAAAAAAAAI/AAAAAAAAAAA/8uDqYdalrUY/s44-p-k-no-ns-nd/photo.jpg,,,True,115694191380544748757,Pop Drinks,https://www.google.com/maps/contrib/115694191380544748757,,"https://www.google.com/viewer/chooseprovider?mid=/g/11lc_vwbnp&g2lbs=AAEPWCvdfQksdG1vo1sVG_3owWyg0qfPXSlun3pnE8Iu76YCLsHI2Ctq1BV4FlPIbgyj1mTfB7fiqBNuUlLRAN1DLeqR1URfjQ%3D%3D&hl=en-US&gl=us&fo_m=MfohQo559jFvMUOzJVpjPL1YMfZ3bInYwBDuMfaXTPp5KXh-&utm_source=tactile&gei=YZQCaLOSLs3Z5NoP09I8&ei=YZQCaLOSLs3Z5NoP09I8&fo_s=OA,SOE&opi=79508299&ebb=1&cs=0&foub=mcpp",,,"https://www.google.com/maps/place/Pop+Drinks/@33.390882399999995,-84.7723615,14z/data=!4m8!1m2!2m1!1sPop+Drinks!3m4!1s0x88f4c7b43e386a9f:0xec80e459cdfb0a42!8m2!3d33.390882399999995!4d-84.7723615","https://www.google.com/maps/place/Pop+Drinks/@33.390882399999995,-84.7723615,13.99z/data=!4m16!1m7!3m6!1s0x88f4c7b43e386a9f:0xec80e459cdfb0a42!2sPop+Drinks!8m2!3d33.390882399999995!4d-84.7723615!16s%2Fg%2F11ckvg1dmb!3m7!1s0x88f4c7b43e386a9f:0xec80e459cdfb0a42!8m2!3d33.390882399999995!4d-84.7723615!9m1!1b1!16s%2Fg%2F11ckvg1dmb?entry=ttu",ChIJn2o4PrTH9IgRQgr7zVnkgOw,0x88f4c7b43e386a9f:0xec80e459cdfb0a42,17041872064328960578,/g/11lc_vwbnp,-1404872009380591038,,,,,,,,,,,,,,,,,,,,,,,,,,,,,,https://www.instagram.com/popdrinks,,,,,,,,,,,,,,Pop Drinks,,"Pop Drinks is Las Vegas' very own drive thru soda shop. We specialize in 
ice cold drinks, sugar cookies and movie theater pop corn.",,,
"boba tea, 30271, Newnan, GA, US",Gong Cha Morrow,Gong Cha Morrow,http://gongchatea.com/,Bubble tea store,Bubble tea store,Bubble tea store,+1 678-519-4125,"6233 Jonesboro Rd, Morrow, GA 30260",None,6233 Jonesboro Rd,Morrow,30260,Georgia,Georgia,United States of America,US,33.5851381,-84.3393124,8944c1b9063ffff,America/New_York,,False,4.4,286,"https://search.google.com/local/reviews?placeid=ChIJh_P-YS__9IgRwEuKgbVWFvE&q=boba+tea,+30271,+Newnan,+GA,+US&authuser=0&hl=en&gl=US",,,20.0,7.0,17.0,36.0,206.0,244,https://lh3.googleusercontent.com/p/AF1QipPX8KzX9xf7TTA46XanN_T73ryrGGMm9bYXqdM=w800-h500-k-no,https://lh3.googleusercontent.com/p/AF1QipPX8KzX9xf7TTA46XanN_T73ryrGGMm9bYXqdM=w1600-h1000-k-no,,"{""Monday"": ""11AM-9PM"", ""Tuesday"": ""11AM-9PM"", ""Wednesday"": ""11AM-9PM"", ""Thursday"": ""11AM-9PM"", ""Friday"": ""11AM-9PM"", ""Saturday"": ""11AM-9PM"", ""Sunday"": ""11AM-9PM""}",Monday:11AM-9PM|Tuesday:11AM-9PM|Wednesday:11AM-9PM|Thursday:11AM-9PM|Friday:11AM-9PM|Saturday:11AM-9PM|Sunday:11AM-9PM,,,OPERATIONAL,"{""Service options"": {""No-contact delivery"": true, ""Delivery"": true, ""Onsite services"": true, ""Takeout"": true, ""Dine-in"": true}, ""Highlights"": {""Great tea selection"": true}, ""Accessibility"": {""Wheelchair accessible entrance"": true, ""Wheelchair accessible parking lot"": true, ""Wheelchair accessible seating"": false}, ""Crowd"": {""LGBTQ+ friendly"": true, ""Transgender safespace"": true}, ""Parking"": {""Free parking lot"": true}, ""Other"": {""LGBTQ+ friendly"": true}}",$,,https://lh4.googleusercontent.com/-EYSt06bg0Eg/AAAAAAAAAAI/AAAAAAAAAAA/fCloxhpI-ug/s44-p-k-no-ns-nd/photo.jpg,,,True,109101096803733437011,Gong Cha Morrow,https://www.google.com/maps/contrib/109101096803733437011,https://www.skiplinow.com/shop/-MChiQozC6UkUHnu8y14,"https://www.google.com/viewer/chooseprovider?mid=/g/11h4ffk0c4&g2lbs=AAEPWCs1jv8B3y4_WM96SS8gmePZ3XSPARMK7_3vqF9bIWnRByRGzifezUbbaXRS0qBgLUXzqQIKwFsM8eGL66HZdokX-p0WhQ%3D%3D&hl=en-US&gl=us&fo_m=MfohQo559jFvMUOzJVpjPL1YMfZ3bInYwBDuMfaXTPp5KXh-&utm_source=tactile&gei=YZQCaLOSLs3Z5NoP09I8&ei=YZQCaLOSLs3Z5NoP09I8&fo_s=OA,SOE&opi=79508299&ebb=1&cs=0&foub=mcpp",,https://www.skiplinow.com/shop/-MChiQozC6UkUHnu8y14,"https://www.google.com/maps/place/Gong+Cha+Morrow/@33.5851381,-84.3393124,14z/data=!4m8!1m2!2m1!1sGong+Cha+Morrow!3m4!1s0x88f4ff2f61fef387:0xf11656b5818a4bc0!8m2!3d33.5851381!4d-84.3393124","https://www.google.com/maps/place/Gong+Cha+Morrow/@33.5851381,-84.3393124,13.99z/data=!4m16!1m7!3m6!1s0x88f4ff2f61fef387:0xf11656b5818a4bc0!2sGong+Cha+Morrow!8m2!3d33.5851381!4d-84.3393124!16s%2Fg%2F11ckvg1dmb!3m7!1s0x88f4ff2f61fef387:0xf11656b5818a4bc0!8m2!3d33.5851381!4d-84.3393124!9m1!1b1!16s%2Fg%2F11ckvg1dmb?entry=ttu",ChIJh_P-YS__9IgRwEuKgbVWFvE,0x88f4ff2f61fef387:0xf11656b5818a4bc0,17372167950190660544,/g/11h4ffk0c4,-1074576123518891072,,tampa@gongchatea.com,INVALID,Invalid DNS,,,,,,jacsonvifle@gongchatea.com,RECEIVING,SMTP validated,,,,,,facebookfacebookinfo@gongchatea.com.au,INVALID,Invalid SMTP,,,,,,19543673831,18132497733,18037644655,https://www.facebook.com/GongChaTampa/about/,,,,,,,,,,,,,,,Gong Cha USA - 貢茶 - Tea Drink,Wix.com Website Builder,Discover our customers' favorite tea drink this month. Welcome to Gong Cha Milk Tea with multiple delicious drinks that quench your thirst,,False,False
"boba tea, 30271, Newnan, GA, US",Tea 365 Deluxe,Tea 365 Deluxe,http://tea365deluxe.com/,Tea house,Tea house,Tea house,+1 470-278-8910,"6475 Jonesboro Rd, Morrow, GA 30260",None,6475 Jonesboro Rd,Morrow,30260,Georgia,Georgia,United States of America,US,33.5784845,-84.34149,8944c1b900bffff,America/New_York,,False,4.4,94,"https://search.google.com/local/reviews?placeid=ChIJWTydxW__9IgRa4MPS34pcIo&q=boba+tea,+30271,+Newnan,+GA,+US&authuser=0&hl=en&gl=US",,,6.0,4.0,4.0,8.0,72.0,112,https://lh3.googleusercontent.com/p/AF1QipNp2d3LyhVaknXyJpBNNstFmQZwsnFtPJIav2vh=w800-h500-k-no,https://lh3.googleusercontent.com/p/AF1QipNp2d3LyhVaknXyJpBNNstFmQZwsnFtPJIav2vh=w1600-h1000-k-no,,"{""Monday"": ""11AM-9PM"", ""Tuesday"": ""11AM-9PM"", ""Wednesday"": ""11AM-9PM"", ""Thursday"": ""11AM-9PM"", ""Friday"": ""11AM-12AM"", ""Saturday"": ""11AM-12AM"", ""Sunday"": ""11AM-9PM""}",Monday:11AM-9PM|Tuesday:11AM-9PM|Wednesday:11AM-9PM|Thursday:11AM-9PM|Friday:11AM-12AM|Saturday:11AM-12AM|Sunday:11AM-9PM,,,OPERATIONAL,"{""Service options"": {""Takeout"": true, ""Dine-in"": true, ""Delivery"": false}, ""Highlights"": {""Great tea selection"": true}, ""Accessibility"": {""Wheelchair accessible entrance"": true, ""Wheelchair accessible parking lot"": true}}",$,,https://lh6.googleusercontent.com/-oT-E_WKrTdw/AAAAAAAAAAI/AAAAAAAAAAA/RZhpN42pGNU/s44-p-k-no-ns-nd/photo.jpg,,,True,112605010399754233679,Tea 365 Deluxe,https://www.google.com/maps/contrib/112605010399754233679,,"https://www.google.com/viewer/chooseprovider?mid=/g/11vyt8wpfv&g2lbs=AAEPWCtH3OpPoE8XoWNY7goQ8aJFAYW02fjqSDjk06NuWGL3rvGL1X6dG6Y5picvHR7BIp8pH9V_DrceUznLerZap3xRCN4lPQ%3D%3D&hl=en-US&gl=us&fo_m=MfohQo559jFvMUOzJVpjPL1YMfZ3bInYwBDuMfaXTPp5KXh-&utm_source=tactile&gei=YZQCaLOSLs3Z5NoP09I8&ei=YZQCaLOSLs3Z5NoP09I8&fo_s=OA,SOE&opi=79508299&ebb=1&cs=0&foub=mcpp",,,"https://www.google.com/maps/place/Tea+365+Deluxe/@33.5784845,-84.34149,14z/data=!4m8!1m2!2m1!1sTea+365+Deluxe!3m4!1s0x88f4ff6fc59d3c59:0x8a70297e4b0f836b!8m2!3d33.5784845!4d-84.34149","https://www.google.com/maps/place/Tea+365+Deluxe/@33.5784845,-84.34149,13.99z/data=!4m16!1m7!3m6!1s0x88f4ff6fc59d3c59:0x8a70297e4b0f836b!2sTea+365+Deluxe!8m2!3d33.5784845!4d-84.34149!16s%2Fg%2F11ckvg1dmb!3m7!1s0x88f4ff6fc59d3c59:0x8a70297e4b0f836b!8m2!3d33.5784845!4d-84.34149!9m1!1b1!16s%2Fg%2F11ckvg1dmb?entry=ttu",ChIJWTydxW__9IgRa4MPS34pcIo,0x88f4ff6fc59d3c59:0x8a70297e4b0f836b,9975518797027574635,/g/11vyt8wpfv,-8471225276681976981,,,,,,,,,,,,,,,,,,,,,,,,,,,,,,,,,,,,,,,,,,,,Tea 365 Deluxe | My Website,Odoo,,,False,False
"boba tea, 30271, Newnan, GA, US",K-Sweetz Boba & Bakery,K Sweetz Boba And Bakery,https://linktr.ee/KSweetzJonesboro,"Bakery, Coffee shop, Donut shop",Bakery,Bakery,+1 470-889-7777,"8113 Tara Blvd, Jonesboro, GA 30236",None,8113 Tara Blvd,Jonesboro,30236,Georgia,Georgia,United States of America,US,33.5329493,-84.3646788,8944c1bb287ffff,America/New_York,,False,4.5,66,"https://search.google.com/local/reviews?placeid=ChIJlUkjgBH79IgRhvSa3dXMUik&q=boba+tea,+30271,+Newnan,+GA,+US&authuser=0&hl=en&gl=US",,,7.0,0.0,1.0,4.0,54.0,36,https://lh3.googleusercontent.com/p/AF1QipNz4NFCe6RrKtl5-2scwzMR-JFhco92iio1U93S=w800-h500-k-no,https://lh3.googleusercontent.com/p/AF1QipNz4NFCe6RrKtl5-2scwzMR-JFhco92iio1U93S=w1600-h1000-k-no,,"{""Monday"": ""10AM-9PM"", ""Tuesday"": ""10AM-9PM"", ""Wednesday"": ""10AM-9PM"", ""Thursday"": ""10AM-9PM"", ""Friday"": ""10AM-9PM"", ""Saturday"": ""10AM-9PM"", ""Sunday"": ""Closed""}",Monday:10AM-9PM|Tuesday:10AM-9PM|Wednesday:10AM-9PM|Thursday:10AM-9PM|Friday:10AM-9PM|Saturday:10AM-9PM|Sunday:Closed,,,OPERATIONAL,"{""From the business"": {""Identifies as Asian-owned"": true, ""Identifies as women-owned"": true, ""Small business"": true}, ""Service options"": {""Curbside pickup"": true, ""Delivery"": true, ""In-store pickup"": true, ""Takeout"": true, ""Dine-in"": true}, ""Accessibility"": {""Wheelchair accessible entrance"": true, ""Wheelchair accessible parking lot"": true, ""Wheelchair accessible restroom"": true, ""Wheelchair accessible seating"": true}, ""Offerings"": {""Coffee"": true}, ""Dining options"": {""Breakfast"": true}, ""Amenities"": {""Gender-neutral restroom"": true, ""Restroom"": true, ""Wi-Fi"": true}, ""Crowd"": {""LGBTQ+ friendly"": true, ""Transgender safespace"": true}, ""Planning"": {""Quick visit"": true}, ""Payments"": {""Credit cards"": true, ""Debit cards"": true, ""NFC mobile payments"": true}, ""Parking"": {""Free parking lot"": true, ""Free street parking"": true}, ""Other"": {""LGBTQ+ friendly"": true, ""Identifies as women-owned"": true, ""Identifies as Asian-owned"": true}}",$$,,https://lh4.googleusercontent.com/-eg8lakjr5FE/AAAAAAAAAAI/AAAAAAAAAAA/tUi-at1-LSI/s44-p-k-no-ns-nd/photo.jpg,,,True,114590922558511672723,K-Sweetz Boba & Bakery,https://www.google.com/maps/contrib/114590922558511672723,,"https://www.google.com/viewer/chooseprovider?mid=/g/11vzc_nw2z&g2lbs=AAEPWCv0hh0uVNn-bOsvqFwBY__aAPwhW1_hcASiNGKbOglGYc-aMS_RI5915ZhIteQ1O_chchEGFJI55lA8uIX_nqfwic4yng%3D%3D&hl=en-US&gl=us&fo_m=MfohQo559jFvMUOzJVpjPL1YMfZ3bInYwBDuMfaXTPp5KXh-&utm_source=tactile&gei=YZQCaLOSLs3Z5NoP09I8&ei=YZQCaLOSLs3Z5NoP09I8&fo_s=OA,SOE&opi=79508299&ebb=1&cs=0&foub=mcpp",,,"https://www.google.com/maps/place/K-Sweetz+Boba+%26+Bakery/@33.5329493,-84.3646788,14z/data=!4m8!1m2!2m1!1sK-Sweetz+Boba+%26+Bakery!3m4!1s0x88f4fb1180234995:0x2952ccd5dd9af486!8m2!3d33.5329493!4d-84.3646788","https://www.google.com/maps/place/K-Sweetz+Boba+%26+Bakery/@33.5329493,-84.3646788,13.99z/data=!4m16!1m7!3m6!1s0x88f4fb1180234995:0x2952ccd5dd9af486!2sK-Sweetz+Boba+%26+Bakery!8m2!3d33.5329493!4d-84.3646788!16s%2Fg%2F11ckvg1dmb!3m7!1s0x88f4fb1180234995:0x2952ccd5dd9af486!8m2!3d33.5329493!4d-84.3646788!9m1!1b1!16s%2Fg%2F11ckvg1dmb?entry=ttu",ChIJlUkjgBH79IgRhvSa3dXMUik,0x88f4fb1180234995:0x2952ccd5dd9af486,2977667522563339398,/g/11vzc_nw2z,2977667522563339398,,alex@linktr.ee,RECEIVING,Catch All,Alex Zaccaria,Alex,Zaccaria,Director,401560033,support@linktr.ee,RECEIVING,SMTP validated,,,,,,press@linktr.ee,RECEIVING,SMTP validated,,,,,,+1 808-955-0050,+1 623-742-6200,+1 716-656-1530,https://www.facebook.com/theoysterhousehk,https://instagram.com/glimmer.grace,https://www.linkedin.com/company/russolawgroup,https://tiktok.com/@glimmerwithgrace,https://medium.com/@axeljordansoundhealing,https://www.reddit.com/u/MoExpat,,https://www.snapchat.com/add/lala412,https://t.me/andorratech,https://wa.me/6282157585905,https://twitter.com/deweyshow,https://vimeo.com/user197640241,https://www.youtube.com/user/djfreddyb25,https://github.com/ServiceNowDevProgram/,,"Glimmer With Grace - Angie | Instagram, Facebook, TikTok | Linktree",Gatsby 5.8.1,Hey friend! This is where you will find all the things I love and recommend!🦄🫶,"Linktr.ee,Linktree,Linking Tool,Bio Link,link,links",False,False
"boba tea, 30271, Newnan, GA, US",OMG Juice Bar PTC,Omg Juice Bar Ptc,http://omgjuice-bar.com/,Juice shop,Juice shop,Juice shop,+1 770-703-3115,"115 Lexington Cir, Peachtree City, GA 30269",None,115 Lexington Cir,Peachtree City,30269,Georgia,Georgia,United States of America,US,33.421870399999996,-84.56016489999999,8944ea49ec3ffff,America/New_York,,False,4.9,73,"https://search.google.com/local/reviews?placeid=ChIJffUaZdjp9IgR724OZBemP3M&q=boba+tea,+30271,+Newnan,+GA,+US&authuser=0&hl=en&gl=US",,,0.0,2.0,2.0,0.0,69.0,104,https://lh3.googleusercontent.com/p/AF1QipPkxAzGt6_E_lRjFx0ybEAa79Otlwo9ZqD1Tg7O=w800-h500-k-no,https://lh3.googleusercontent.com/p/AF1QipPkxAzGt6_E_lRjFx0ybEAa79Otlwo9ZqD1Tg7O=w1600-h1000-k-no,,"{""Monday"": ""8AM-6PM"", ""Tuesday"": ""8AM-6PM"", ""Wednesday"": ""8AM-6PM"", ""Thursday"": ""8AM-6PM"", ""Friday"": ""8AM-6PM"", ""Saturday"": ""8AM-6PM"", ""Sunday"": ""Closed""}",Monday:8AM-6PM|Tuesday:8AM-6PM|Wednesday:8AM-6PM|Thursday:8AM-6PM|Friday:8AM-6PM|Saturday:8AM-6PM|Sunday:Closed,,,OPERATIONAL,"{""Service options"": {""Delivery"": true, ""Takeout"": true, ""Dine-in"": true}, ""Popular for"": {""Solo dining"": true}, ""Accessibility"": {""Wheelchair accessible entrance"": true, ""Wheelchair accessible parking lot"": true, ""Wheelchair accessible restroom"": true}, ""Amenities"": {""Restroom"": true}, ""Atmosphere"": {""Casual"": true, ""Trendy"": true}, ""Payments"": {""Credit cards"": true, ""Debit cards"": true, ""NFC mobile payments"": true}, ""Children"": {""Good for kids"": true, ""Kids' menu"": true}, ""Pets"": {""Dogs allowed outside"": true}}",$$,,https://lh5.googleusercontent.com/-RzqmnX23DRs/AAAAAAAAAAI/AAAAAAAAAAA/MWmH_MnMrHo/s44-p-k-no-ns-nd/photo.jpg,,,True,104825463025896778741,OMG JUICE BAR PTC,https://www.google.com/maps/contrib/104825463025896778741,,"https://www.google.com/viewer/chooseprovider?mid=/g/11rk4hx3jr&g2lbs=AAEPWCsShp0BdoYt0RECB74ppWYWYp-M2LvIHIdIFNDPEkrIb98SAMK_icjVWwiQnqj_CoenOoe8wK2c7xB-AFYueAFJg8NL_Q%3D%3D&hl=en-US&gl=us&fo_m=MfohQo559jFvMUOzJVpjPL1YMfZ3bInYwBDuMfaXTPp5KXh-&utm_source=tactile&gei=YZQCaLOSLs3Z5NoP09I8&ei=YZQCaLOSLs3Z5NoP09I8&fo_s=OA,SOE&opi=79508299&ebb=1&cs=0&foub=mcpp",,,"https://www.google.com/maps/place/OMG+JUICE+BAR+PTC/@33.421870399999996,-84.56016489999999,14z/data=!4m8!1m2!2m1!1sOMG+JUICE+BAR+PTC!3m4!1s0x88f4e9d8651af57d:0x733fa617640e6eef!8m2!3d33.421870399999996!4d-84.56016489999999","https://www.google.com/maps/place/OMG+JUICE+BAR+PTC/@33.421870399999996,-84.56016489999999,13.99z/data=!4m16!1m7!3m6!1s0x88f4e9d8651af57d:0x733fa617640e6eef!2sOMG+JUICE+BAR+PTC!8m2!3d33.421870399999996!4d-84.56016489999999!16s%2Fg%2F11ckvg1dmb!3m7!1s0x88f4e9d8651af57d:0x733fa617640e6eef!8m2!3d33.421870399999996!4d-84.56016489999999!9m1!1b1!16s%2Fg%2F11ckvg1dmb?entry=ttu",ChIJffUaZdjp9IgR724OZBemP3M,0x88f4e9d8651af57d:0x733fa617640e6eef,8304538857287610095,/g/11rk4hx3jr,8304538857287610095,,,,,,,,,,,,,,,,,,,,,,,,,,7707033115,,,,,,,,,,,,,,,,,,,,,,,
"boba tea, 30271, Newnan, GA, US",Poke City,Poke City,https://www.pokecitynewnan.com/,"Poke bar, Fast food restaurant",Poke bar,Poke bar,+1 770-946-1101,"314B Newnan Crossing Bypass, Newnan, GA 30265",None,314B Newnan Crossing Bypass,Newnan,30265,Georgia,Georgia,United States of America,US,33.390076799999996,-84.7642492,8944ea41cafffff,America/New_York,,False,4.7,236,"https://search.google.com/local/reviews?placeid=ChIJhwpvFifH9IgRyLbViGyzCPU&q=boba+tea,+30271,+Newnan,+GA,+US&authuser=0&hl=en&gl=US",,,4.0,7.0,4.0,19.0,202.0,125,https://lh3.googleusercontent.com/p/AF1QipNzOk436RxD9gy1HXuQpYxLi-nncWBnlPDoX2Wi=w800-h500-k-no,https://lh3.googleusercontent.com/p/AF1QipNzOk436RxD9gy1HXuQpYxLi-nncWBnlPDoX2Wi=w1600-h1000-k-no,,"{""Monday"": ""11AM-7PM"", ""Tuesday"": ""11AM-7PM"", ""Wednesday"": ""11AM-7PM"", ""Thursday"": ""11AM-7PM"", ""Friday"": ""11AM-7PM"", ""Saturday"": ""11AM-7PM"", ""Sunday"": ""Closed""}",Monday:11AM-7PM|Tuesday:11AM-7PM|Wednesday:11AM-7PM|Thursday:11AM-7PM|Friday:11AM-7PM|Saturday:11AM-7PM|Sunday:Closed,,,OPERATIONAL,"{""Service options"": {""Outdoor seating"": true, ""Delivery"": true, ""Takeout"": true, ""Dine-in"": true}, ""Highlights"": {""Fast service"": true}, ""Popular for"": {""Lunch"": true, ""Dinner"": true, ""Solo dining"": true}, ""Accessibility"": {""Wheelchair accessible entrance"": true, ""Wheelchair accessible parking lot"": true, ""Wheelchair accessible restroom"": true, ""Wheelchair accessible seating"": true}, ""Offerings"": {""Comfort food"": true, ""Food"": true, ""Healthy options"": true, ""Quick bite"": true, ""Small plates"": true, ""Vegan options"": true, ""Vegetarian options"": true}, ""Dining options"": {""Lunch"": true, ""Dinner"": true, ""Dessert"": true, ""Seating"": true}, ""Amenities"": {""Restroom"": true}, ""Atmosphere"": {""Casual"": true, ""Trendy"": true}, ""Crowd"": {""College students"": true, ""Groups"": true, ""Tourists"": true}, ""Planning"": {""Accepts reservations"": false}, ""Payments"": {""Credit cards"": true, ""Debit cards"": true, ""NFC mobile payments"": true}, ""Children"": {""Good for kids"": true, ""Kids' menu"": true}, ""Parking"": {""Free parking lot"": true, ""Free street parking"": true, ""Parking"": true}}",$,,https://lh3.googleusercontent.com/-U3tOANZlwVs/AAAAAAAAAAI/AAAAAAAAAAA/yuHit7UKinU/s44-p-k-no-ns-nd/photo.jpg,,,True,103623204824267607866,Poke City,https://www.google.com/maps/contrib/103623204824267607866,,"https://www.google.com/viewer/chooseprovider?mid=/g/11h1yvykbm&g2lbs=AAEPWCvWgENswVzAMQE7KAM_act3jIm7Q-UMMQF8gB0HgXDE9wFOcT1SsikEZ5uOikSb8IAdzccOcq8812QbRW4q6DG4EZdm8A%3D%3D&hl=en-US&gl=us&fo_m=MfohQo559jFvMUOzJVpjPL1YMfZ3bInYwBDuMfaXTPp5KXh-&utm_source=tactile&gei=YZQCaLOSLs3Z5NoP09I8&ei=YZQCaLOSLs3Z5NoP09I8&fo_s=OA,SOE&opi=79508299&ebb=1&cs=0&foub=mcpp",,,"https://www.google.com/maps/place/Poke+City/@33.390076799999996,-84.7642492,14z/data=!4m8!1m2!2m1!1sPoke+City!3m4!1s0x88f4c727166f0a87:0xf508b36c88d5b6c8!8m2!3d33.390076799999996!4d-84.7642492","https://www.google.com/maps/place/Poke+City/@33.390076799999996,-84.7642492,13.99z/data=!4m16!1m7!3m6!1s0x88f4c727166f0a87:0xf508b36c88d5b6c8!2sPoke+City!8m2!3d33.390076799999996!4d-84.7642492!16s%2Fg%2F11ckvg1dmb!3m7!1s0x88f4c727166f0a87:0xf508b36c88d5b6c8!8m2!3d33.390076799999996!4d-84.7642492!9m1!1b1!16s%2Fg%2F11ckvg1dmb?entry=ttu",ChIJhwpvFifH9IgRyLbViGyzCPU,0x88f4c727166f0a87:0xf508b36c88d5b6c8,17656559617839576776,/g/11h1yvykbm,-790184455869974840,,help@pokecitynewnan.com,UNKNOWN,Cannot validate,,,,,,,,,,,,,,,,,,,,,,17709461101,,,https://www.facebook.com/pages/,https://www.instagram.com/pokecity_newnan,,,,,,,,,,,,,,Poke City Newnan,Wix.com Website Builder,"Located at Ashley Park in Newnan, Poke City offers a menu of entrees filled with different mixes of raw sliced sashimi fish & seafood (usually ahi tuna or salmon) in a soy sauce-based marinade with many kinds of vegetables. Enjoy great smoothie & bubble tea menu also.",,False,False
"boba tea, 30271, Newnan, GA, US",AZN (Simple. Seasonal. Healthy),Azn Simple Seasonal Healthy,http://www.eatazn.com/,"Bubble tea store, Asian restaurant, Health food restaurant, Juice shop, Seafood restaurant",restaurants,Bubble tea store,+1 770-629-4892,"608 Crosstown Drive, Peachtree City, GA 30269",None,608 Crosstown Drive,Peachtree City,30269,Georgia,Georgia,United States of America,US,33.375811299999995,-84.56466189999999,8944ea49433ffff,America/New_York,,False,4.7,194,"https://search.google.com/local/reviews?placeid=ChIJc2BE8L7r9IgRID_klgrVBBc&q=boba+tea,+30271,+Newnan,+GA,+US&authuser=0&hl=en&gl=US",,,3.0,8.0,7.0,13.0,163.0,279,https://lh3.googleusercontent.com/p/AF1QipMS0i4BGm2LMVV1cv69EpEt6pWRJoNQCjYOyh0Q=w800-h500-k-no,https://lh3.googleusercontent.com/p/AF1QipMS0i4BGm2LMVV1cv69EpEt6pWRJoNQCjYOyh0Q=w1600-h1000-k-no,,"{""Monday"": ""10AM-8PM"", ""Tuesday"": ""10AM-8PM"", ""Wednesday"": ""10AM-8PM"", ""Thursday"": ""10AM-8PM"", ""Friday"": ""10AM-8PM"", ""Saturday"": ""10AM-8PM"", ""Sunday"": ""Closed""}",Monday:10AM-8PM|Tuesday:10AM-8PM|Wednesday:10AM-8PM|Thursday:10AM-8PM|Friday:10AM-8PM|Saturday:10AM-8PM|Sunday:Closed,,,OPERATIONAL,"{""Service options"": {""Outdoor seating"": true, ""Curbside pickup"": true, ""No-contact delivery"": true, ""Delivery"": true, ""Takeout"": true, ""Dine-in"": true}, ""Popular for"": {""Lunch"": true, ""Dinner"": true, ""Solo dining"": true}, ""Accessibility"": {""Wheelchair accessible entrance"": true, ""Wheelchair accessible parking lot"": true, ""Wheelchair accessible restroom"": true, ""Wheelchair accessible seating"": true}, ""Offerings"": {""Coffee"": true, ""Comfort food"": true, ""Healthy options"": true, ""Quick bite"": true, ""Salad bar"": true, ""Small plates"": true, ""Vegan options"": true, ""Vegetarian options"": true}, ""Dining options"": {""Breakfast"": true, ""Lunch"": true, ""Dinner"": true, ""Catering"": true, ""Dessert"": true, ""Seating"": true}, ""Amenities"": {""Restroom"": true, ""Wi-Fi"": true}, ""Atmosphere"": {""Casual"": true, ""Trendy"": true}, ""Crowd"": {""College students"": true, ""Family-friendly"": true, ""LGBTQ+ friendly"": true, ""Transgender safespace"": true}, ""Payments"": {""Credit cards"": true, ""Debit cards"": true, ""NFC mobile payments"": true}, ""Children"": {""Good for kids"": true, ""High chairs"": true, ""Kids' menu"": true}, ""Parking"": {""Free parking lot"": true, ""Free street parking"": true, ""Parking"": true}, ""Other"": {""LGBTQ+ friendly"": true}}",$,,https://lh6.googleusercontent.com/-lJ8QLDI6B9w/AAAAAAAAAAI/AAAAAAAAAAA/RBOMd7ok28c/s44-p-k-no-ns-nd/photo.jpg,,,True,106464349107626710906,AZN,https://www.google.com/maps/contrib/106464349107626710906,,"https://www.google.com/viewer/chooseprovider?mid=/g/11f8lrh594&g2lbs=AAEPWCvwlHIEVk2MWyB6qvxQQKDZlVas4B_s0fcUQBRzgPXGBQ0FGxFDh__lBGlNCSFBe4ThF6DQSvGwhzSqkcYzkZifS5mmmg%3D%3D&hl=en-US&gl=us&fo_m=MfohQo559jFvMUOzJVpjPL1YMfZ3bInYwBDuMfaXTPp5KXh-&utm_source=tactile&gei=YZQCaLOSLs3Z5NoP09I8&ei=YZQCaLOSLs3Z5NoP09I8&fo_s=OA,SOE&opi=79508299&ebb=1&cs=0&foub=mcpp",,,"https://www.google.com/maps/place/AZN+%28Simple.+Seasonal.+Healthy%29/@33.375811299999995,-84.56466189999999,14z/data=!4m8!1m2!2m1!1sAZN+%28Simple.+Seasonal.+Healthy%29!3m4!1s0x88f4ebbef0446073:0x1704d50a96e43f20!8m2!3d33.375811299999995!4d-84.56466189999999","https://www.google.com/maps/place/AZN+%28Simple.+Seasonal.+Healthy%29/@33.375811299999995,-84.56466189999999,13.99z/data=!4m16!1m7!3m6!1s0x88f4ebbef0446073:0x1704d50a96e43f20!2sAZN+%28Simple.+Seasonal.+Healthy%29!8m2!3d33.375811299999995!4d-84.56466189999999!16s%2Fg%2F11ckvg1dmb!3m7!1s0x88f4ebbef0446073:0x1704d50a96e43f20!8m2!3d33.375811299999995!4d-84.56466189999999!9m1!1b1!16s%2Fg%2F11ckvg1dmb?entry=ttu",ChIJc2BE8L7r9IgRID_klgrVBBc,0x88f4ebbef0446073:0x1704d50a96e43f20,1658684804237115168,/g/11f8lrh594,1658684804237115168,,customers@aznsandwich.com,RECEIVING,SMTP validated,,,,,,,,,,,,,,,,,,,,,,,,,,,,,,,,,,,,,,,,AZN Sandwiches Bowls Juice Bar (Simple. Seasonal. Healthy),WordPress 6.3.1,We wanted to create a quick service restaurant that allowed a healthy option but really thrilled the foodie's curiosity & taste buds.,,False,False
"boba tea, 30271, Newnan, GA, US",King Kong Milktea & Smoothie Morrow,King Kong Milktea And Smoothie Morrow,https://kingkongmilkteamorrow.com/product-menu,Bubble tea store,Bubble tea store,Bubble tea store,+1 770-347-7227,"1500 Mt Zion Rd #107, Morrow, GA 30260",None,1500 Mt Zion Rd #107,Morrow,30260,Georgia,Georgia,United States of America,US,33.5718679,-84.3399487,8944c1b90c3ffff,America/New_York,,False,4.0,205,"https://search.google.com/local/reviews?placeid=ChIJ0-y63Hz59IgRFlBntiIiSc8&q=boba+tea,+30271,+Newnan,+GA,+US&authuser=0&hl=en&gl=US",,,23.0,13.0,21.0,26.0,122.0,181,https://lh3.googleusercontent.com/p/AF1QipM4ww3mM_hqtDOxNjymv0Iz7WVy9DDYYsdxBVQW=w800-h500-k-no,https://lh3.googleusercontent.com/p/AF1QipM4ww3mM_hqtDOxNjymv0Iz7WVy9DDYYsdxBVQW=w1600-h1000-k-no,,"{""Monday"": ""10AM-9PM"", ""Tuesday"": ""10AM-9PM"", ""Wednesday"": ""10AM-9PM"", ""Thursday"": ""10AM-9PM"", ""Friday"": ""10AM-9PM"", ""Saturday"": ""10AM-9PM"", ""Sunday"": ""10AM-9PM""}",Monday:10AM-9PM|Tuesday:10AM-9PM|Wednesday:10AM-9PM|Thursday:10AM-9PM|Friday:10AM-9PM|Saturday:10AM-9PM|Sunday:10AM-9PM,,,OPERATIONAL,"{""Service options"": {""No-contact delivery"": true, ""Delivery"": true, ""Takeout"": true, ""Dine-in"": true}, ""Highlights"": {""Great tea selection"": true}, ""Accessibility"": {""Wheelchair accessible entrance"": true, ""Wheelchair accessible parking lot"": true, ""Wheelchair accessible restroom"": true}}",$,,https://lh6.googleusercontent.com/-85Dbcqc_BAs/AAAAAAAAAAI/AAAAAAAAAAA/piFtrSKAzxc/s44-p-k-no-ns-nd/photo.jpg,,,True,107025817822805627104,King Kong Milktea & Smoothie Morrow,https://www.google.com/maps/contrib/107025817822805627104,https://www.skiplinow.com/shop/877368c,"https://www.google.com/viewer/chooseprovider?mid=/g/11nn3088c2&g2lbs=AAEPWCvz2lvWTatUh4KQkA4EYmiJ9x9XkN0HbgRB52rrQKLdk5d3dSDrIH1AGdw6KVuWblpqWE3gaLtlYEoQslZcDbOKw7B-ew%3D%3D&hl=en-US&gl=us&fo_m=MfohQo559jFvMUOzJVpjPL1YMfZ3bInYwBDuMfaXTPp5KXh-&utm_source=tactile&gei=YZQCaLOSLs3Z5NoP09I8&ei=YZQCaLOSLs3Z5NoP09I8&fo_s=OA,SOE&opi=79508299&ebb=1&cs=0&foub=mcpp",,https://www.skiplinow.com/shop/877368c,"https://www.google.com/maps/place/King+Kong+Milktea+%26+Smoothie+Morrow/@33.5718679,-84.3399487,14z/data=!4m8!1m2!2m1!1sKing+Kong+Milktea+%26+Smoothie+Morrow!3m4!1s0x88f4f97cdcbaecd3:0xcf492222b6675016!8m2!3d33.5718679!4d-84.3399487","https://www.google.com/maps/place/King+Kong+Milktea+%26+Smoothie+Morrow/@33.5718679,-84.3399487,13.99z/data=!4m16!1m7!3m6!1s0x88f4f97cdcbaecd3:0xcf492222b6675016!2sKing+Kong+Milktea+%26+Smoothie+Morrow!8m2!3d33.5718679!4d-84.3399487!16s%2Fg%2F11ckvg1dmb!3m7!1s0x88f4f97cdcbaecd3:0xcf492222b6675016!8m2!3d33.5718679!4d-84.3399487!9m1!1b1!16s%2Fg%2F11ckvg1dmb?entry=ttu",ChIJ0-y63Hz59IgRFlBntiIiSc8,0x88f4f97cdcbaecd3:0xcf492222b6675016,14936507171635417110,/g/11nn3088c2,-3510236902074134506,,betran303@gmail.com,RECEIVING,Verified,,,,,,,,,,,,,,,,,,,,,,,,,,,,,,,,,,,,,,,,Home | My Website,Odoo,,,False,False
"boba tea, 30271, Newnan, GA, US",Season's Best Tea & Boba,Seasons Best Tea And Boba,http://instagram.com/seasonsbest.tea,"Bubble tea store, Catering food and drink supplier",Bubble tea store,Bubble tea store,+1 404-913-3088,"3350 Steve Reynolds Blvd suite 103, Duluth, GA 30096",Gwinnett Place,3350 Steve Reynolds Blvd suite 103,Duluth,30096,Georgia,Georgia,United States of America,US,33.9525201,-84.139494,8944c139c27ffff,America/New_York,,False,5.0,10,"https://search.google.com/local/reviews?placeid=ChIJz1nlbOyj9YgR1cbmnUJVQvs&q=boba+tea,+30271,+Newnan,+GA,+US&authuser=0&hl=en&gl=US",,,0.0,0.0,0.0,0.0,10.0,11,https://lh3.googleusercontent.com/p/AF1QipP_1EaooQnkbAP57BZTtzQdAx7VpgfX6vjzxql3=w800-h500-k-no,https://lh3.googleusercontent.com/p/AF1QipP_1EaooQnkbAP57BZTtzQdAx7VpgfX6vjzxql3=w1600-h1000-k-no,,,,,,OPERATIONAL,"{""From the business"": {""Identifies as Asian-owned"": true, ""Identifies as women-owned"": true}, ""Service options"": {""Delivery"": true, ""Takeout"": true, ""Dine-in"": true}, ""Highlights"": {""Great tea selection"": true}, ""Accessibility"": {""Wheelchair accessible entrance"": true, ""Wheelchair accessible parking lot"": true}, ""Other"": {""Identifies as women-owned"": true, ""Identifies as Asian-owned"": true}}",,,https://lh4.googleusercontent.com/-1zhxsIHLKig/AAAAAAAAAAI/AAAAAAAAAAA/f68kiUqlJA8/s44-p-k-no-ns-nd/photo.jpg,,,True,112822827977963367639,Season's Best Tea & Boba,https://www.google.com/maps/contrib/112822827977963367639,,,,,"https://www.google.com/maps/place/Season%27s+Best+Tea+%26+Boba/@33.9525201,-84.139494,14z/data=!4m8!1m2!2m1!1sSeason%27s+Best+Tea+%26+Boba!3m4!1s0x88f5a3ec6ce559cf:0xfb4255429de6c6d5!8m2!3d33.9525201!4d-84.139494","https://www.google.com/maps/place/Season%27s+Best+Tea+%26+Boba/@33.9525201,-84.139494,13.99z/data=!4m16!1m7!3m6!1s0x88f5a3ec6ce559cf:0xfb4255429de6c6d5!2sSeason%27s+Best+Tea+%26+Boba!8m2!3d33.9525201!4d-84.139494!16s%2Fg%2F11ckvg1dmb!3m7!1s0x88f5a3ec6ce559cf:0xfb4255429de6c6d5!8m2!3d33.9525201!4d-84.139494!9m1!1b1!16s%2Fg%2F11ckvg1dmb?entry=ttu",ChIJz1nlbOyj9YgR1cbmnUJVQvs,0x88f5a3ec6ce559cf:0xfb4255429de6c6d5,18105127196588164821,/g/11w3dkhsxd,-341616877121386795,,,,,,,,,,,,,,,,,,,,,,,,,,,,,,,,,,,,,,,,,,,,,,,,,
"boba tea, 30271, Newnan, GA, US",Go Juu Restaurant,Go Juu Restaurant,https://www.gojuurestaurant.com/,"Japanese restaurant, Asian fusion restaurant, Asian restaurant, Japanese steakhouse, Sushi restaurant",restaurants,Japanese restaurant,+1 770-755-6535,"311 Bullsboro Dr #190, Newnan, GA 30263",None,311 Bullsboro Dr #190,Newnan,30263,Georgia,Georgia,United States of America,US,33.3929853,-84.7651116,8944ea41cafffff,America/New_York,,False,4.6,479,"https://search.google.com/local/reviews?placeid=ChIJ77z9Cw7H9IgRo8hoIvP03qU&q=boba+tea,+30271,+Newnan,+GA,+US&authuser=0&hl=en&gl=US",,,18.0,10.0,25.0,55.0,371.0,516,https://lh3.googleusercontent.com/p/AF1QipNE8tCfqAxWhAVDEYJVh8vYgyP5m6W0FiU1pdN-=w800-h500-k-no,https://lh3.googleusercontent.com/p/AF1QipNE8tCfqAxWhAVDEYJVh8vYgyP5m6W0FiU1pdN-=w1600-h1000-k-no,,"{""Monday"": ""11AM-9:30PM"", ""Tuesday"": ""11AM-9:30PM"", ""Wednesday"": ""11AM-9:30PM"", ""Thursday"": ""11AM-9:30PM"", ""Friday"": ""11AM-10PM"", ""Saturday"": ""12-10PM"", ""Sunday"": ""12-9:30PM""}",Monday:11AM-9:30PM|Tuesday:11AM-9:30PM|Wednesday:11AM-9:30PM|Thursday:11AM-9:30PM|Friday:11AM-10PM|Saturday:12-10PM|Sunday:12-9:30PM,,,OPERATIONAL,"{""Service options"": {""Curbside pickup"": true, ""No-contact delivery"": true, ""Delivery"": true, ""Takeout"": true, ""Dine-in"": true}, ""Highlights"": {""Fast service"": true, ""Great tea selection"": true}, ""Popular for"": {""Lunch"": true, ""Dinner"": true, ""Solo dining"": true}, ""Accessibility"": {""Wheelchair accessible entrance"": true, ""Wheelchair accessible parking lot"": true, ""Wheelchair accessible restroom"": true, ""Wheelchair accessible seating"": true}, ""Offerings"": {""Alcohol"": true, ""Beer"": true, ""Comfort food"": true, ""Healthy options"": true, ""Quick bite"": true, ""Small plates"": true, ""Vegetarian options"": true, ""Wine"": true}, ""Dining options"": {""Lunch"": true, ""Dinner"": true, ""Dessert"": true, ""Seating"": true}, ""Amenities"": {""Restroom"": true}, ""Atmosphere"": {""Casual"": true, ""Cozy"": true, ""Quiet"": true, ""Trendy"": true}, ""Crowd"": {""Groups"": true}, ""Planning"": {""Accepts reservations"": true}, ""Payments"": {""Credit cards"": true, ""Debit cards"": true, ""NFC mobile payments"": true}, ""Children"": {""Good for kids"": true, ""High chairs"": true, ""Kids' menu"": true}, ""Parking"": {""Free parking lot"": true, ""Free street parking"": true, ""Parking"": true}}",$$,,https://lh6.googleusercontent.com/-W_8spvY4wIQ/AAAAAAAAAAI/AAAAAAAAAAA/HMeDD4WfOsA/s44-p-k-no-ns-nd/photo.jpg,,,True,100785851299520201876,Go Juu Restaurant,https://www.google.com/maps/contrib/100785851299520201876,,"https://www.google.com/viewer/chooseprovider?mid=/g/11p07b55w3&g2lbs=AAEPWCsa1nTpqtiUtxbH3GeAhATGY2PkiQrHSOurzKX_LeT2j_0NOJ4GzIh22LaOoljpUHubQ07KfoUOLDyoKJsCHKHWCUDZlw%3D%3D&hl=en-US&gl=us&fo_m=MfohQo559jFvMUOzJVpjPL1YMfZ3bInYwBDuMfaXTPp5KXh-&utm_source=tactile&gei=YpQCaOf9OLHV7M8P1Iy8uQ4&ei=YpQCaOf9OLHV7M8P1Iy8uQ4&fo_s=OA,SOE&opi=79508299&ebb=1&cs=0&foub=mcpp",,,"https://www.google.com/maps/place/Go+Juu+Restaurant/@33.3929853,-84.7651116,14z/data=!4m8!1m2!2m1!1sGo+Juu+Restaurant!3m4!1s0x88f4c70e0bfdbcef:0xa5def4f32268c8a3!8m2!3d33.3929853!4d-84.7651116","https://www.google.com/maps/place/Go+Juu+Restaurant/@33.3929853,-84.7651116,13.99z/data=!4m16!1m7!3m6!1s0x88f4c70e0bfdbcef:0xa5def4f32268c8a3!2sGo+Juu+Restaurant!8m2!3d33.3929853!4d-84.7651116!16s%2Fg%2F11ckvg1dmb!3m7!1s0x88f4c70e0bfdbcef:0xa5def4f32268c8a3!8m2!3d33.3929853!4d-84.7651116!9m1!1b1!16s%2Fg%2F11ckvg1dmb?entry=ttu",ChIJ77z9Cw7H9IgRo8hoIvP03qU,0x88f4c70e0bfdbcef:0xa5def4f32268c8a3,11952259786179397795,/g/11p07b55w3,-6494484287530153821,,,,,,,,,,,,,,,,,,,,,,,,,,7707556535,,,https://www.facebook.com/gojuurestaurant/,https://www.instagram.com/gojuurestaurant,,https://www.tiktok.com/@go.juu.restaurant,,,,,,,,,,,,"Go Juu | Japanese Restaurant in Newnan, GA",WordPress 6.5.2,"Come visit Go Juu Restaurant and let us take you on a delicious adventure of the most delicious Asian fusion cuisine right here in Newnan, Georgia.","Sushi, Hibachi Indonesian, Newnan, GA",True,False
"boba tea, 30271, Newnan, GA, US",Stix By AZN,Stix By Azn,http://www.stixsushiptc.com/,"Bubble tea store, Asian fusion restaurant, Asian restaurant, Chinese restaurant, Delivery Chinese restaurant, Japanese restaurant, Sushi restaurant",restaurants,Bubble tea store,+1 770-632-9998,"1019 N Peachtree Pkwy, Peachtree City, GA 30269",None,1019 N Peachtree Pkwy,Peachtree City,30269,Georgia,Georgia,United States of America,US,33.4387682,-84.58878709999999,8944ea49883ffff,America/New_York,,False,4.6,507,"https://search.google.com/local/reviews?placeid=ChIJzWQlB8fp9IgRkjjCkmUDZ1c&q=boba+tea,+30271,+Newnan,+GA,+US&authuser=0&hl=en&gl=US",,,32.0,10.0,13.0,29.0,423.0,482,https://lh3.googleusercontent.com/p/AF1QipOHL8vnMivwmX64_bEfRZUmQTBzIgaZ2rdWmfth=w800-h500-k-no,https://lh3.googleusercontent.com/p/AF1QipOHL8vnMivwmX64_bEfRZUmQTBzIgaZ2rdWmfth=w1600-h1000-k-no,,"{""Monday"": ""Closed"", ""Tuesday"": ""10:30AM-10PM"", ""Wednesday"": ""10:30AM-10PM"", ""Thursday"": ""10:30AM-10PM"", ""Friday"": ""10:30AM-10PM"", ""Saturday"": ""10:30AM-10PM"", ""Sunday"": ""10:30AM-10PM""}",Monday:Closed|Tuesday:10:30AM-10PM|Wednesday:10:30AM-10PM|Thursday:10:30AM-10PM|Friday:10:30AM-10PM|Saturday:10:30AM-10PM|Sunday:10:30AM-10PM,,,OPERATIONAL,"{""Service options"": {""No-contact delivery"": true, ""Delivery"": true, ""Takeout"": true, ""Dine-in"": true}, ""Highlights"": {""Fast service"": true, ""Great cocktails"": true, ""Great tea selection"": true}, ""Popular for"": {""Lunch"": true, ""Dinner"": true, ""Solo dining"": true}, ""Accessibility"": {""Wheelchair accessible entrance"": true, ""Wheelchair accessible parking lot"": true, ""Wheelchair accessible restroom"": true, ""Wheelchair accessible seating"": true}, ""Offerings"": {""Alcohol"": true, ""Beer"": true, ""Cocktails"": true, ""Coffee"": true, ""Comfort food"": true, ""Healthy options"": true, ""Quick bite"": true, ""Small plates"": true, ""Vegan options"": true, ""Vegetarian options"": true, ""Wine"": true}, ""Dining options"": {""Lunch"": true, ""Dinner"": true, ""Catering"": true, ""Dessert"": true, ""Seating"": true}, ""Amenities"": {""Bar onsite"": true, ""Restroom"": true, ""Wi-Fi"": true}, ""Atmosphere"": {""Casual"": true, ""Cozy"": true, ""Trendy"": true}, ""Crowd"": {""Groups"": true}, ""Planning"": {""Accepts reservations"": true}, ""Payments"": {""Credit cards"": true, ""Debit cards"": true, ""NFC mobile payments"": true}, ""Children"": {""Good for kids"": true, ""High chairs"": true, ""Kids' menu"": true}, ""Parking"": {""Free parking lot"": true, ""Free street parking"": true, ""Parking"": true}}",$$,,https://lh4.googleusercontent.com/-6MlDjTkyPoU/AAAAAAAAAAI/AAAAAAAAAAA/czDesJSS_dg/s44-p-k-no-ns-nd/photo.jpg,,,True,112412576853424871290,Stix By AZN,https://www.google.com/maps/contrib/112412576853424871290,https://order.mealkeyway.com/customer/release/index?mid=43697165574547763167612b354b73645041667531513d3d#/main,"https://www.google.com/viewer/chooseprovider?mid=/g/12llkwlz8&g2lbs=AAEPWCuHS9b3Al3mX2LlxJv2CPNRCzpD-YMJ1gCxt_X2ywo-PqiCj-XtiG_pHQCYFSbZPA_KBARTl96-KGeUkOtWwuZch_Qgew%3D%3D&hl=en-US&gl=us&fo_m=MfohQo559jFvMUOzJVpjPL1YMfZ3bInYwBDuMfaXTPp5KXh-&utm_source=tactile&gei=YpQCaOf9OLHV7M8P1Iy8uQ4&ei=YpQCaOf9OLHV7M8P1Iy8uQ4&fo_s=OA,SOE&opi=79508299&ebb=1&cs=0&foub=mcpp",,https://order.mealkeyway.com/customer/release/index?mid=43697165574547763167612b354b73645041667531513d3d#/main,"https://www.google.com/maps/place/Stix+By+AZN/@33.4387682,-84.58878709999999,14z/data=!4m8!1m2!2m1!1sStix+By+AZN!3m4!1s0x88f4e9c7072564cd:0x5767036592c23892!8m2!3d33.4387682!4d-84.58878709999999","https://www.google.com/maps/place/Stix+By+AZN/@33.4387682,-84.58878709999999,13.99z/data=!4m16!1m7!3m6!1s0x88f4e9c7072564cd:0x5767036592c23892!2sStix+By+AZN!8m2!3d33.4387682!4d-84.58878709999999!16s%2Fg%2F11ckvg1dmb!3m7!1s0x88f4e9c7072564cd:0x5767036592c23892!8m2!3d33.4387682!4d-84.58878709999999!9m1!1b1!16s%2Fg%2F11ckvg1dmb?entry=ttu",ChIJzWQlB8fp9IgRkjjCkmUDZ1c,0x88f4e9c7072564cd:0x5767036592c23892,6298006338689710226,/g/12llkwlz8,6298006338689710226,,,,,,,,,,,,,,,,,,,,,,,,,,,,,,,,,,,,,,,,,,,,Home - Stix Sushi By AZN,Divi v.4.19.2,,,False,True
"boba tea, 30271, Newnan, GA, US",Boba Mi,Boba Mi,https://www.clover.com/online-ordering/boba-mi-mcdonough-2,Cafe,cafes,Cafe,,"1977 Jonesboro Rd, McDonough, GA 30253",None,1977 Jonesboro Rd,McDonough,30253,Georgia,Georgia,United States of America,US,33.4639907,-84.222017,8944c18d013ffff,America/New_York,,False,4.5,222,"https://search.google.com/local/reviews?placeid=ChIJb3gsVIhZ9IgROPluLd45hSo&q=boba+tea,+30271,+Newnan,+GA,+US&authuser=0&hl=en&gl=US",,,16.0,5.0,13.0,16.0,172.0,166,https://lh3.googleusercontent.com/p/AF1QipMKDaXd4CAOFY3R9S5OhLMsYr0G6SSx0xd-NSh1=w800-h500-k-no,https://lh3.googleusercontent.com/p/AF1QipMKDaXd4CAOFY3R9S5OhLMsYr0G6SSx0xd-NSh1=w1600-h1000-k-no,,"{""Monday"": ""11AM-9:30PM"", ""Tuesday"": ""11AM-9:30PM"", ""Wednesday"": ""11AM-9:30PM"", ""Thursday"": ""11AM-9:30PM"", ""Friday"": ""11AM-9:30PM"", ""Saturday"": ""11AM-9:30PM"", ""Sunday"": ""11AM-9:30PM""}",Monday:11AM-9:30PM|Tuesday:11AM-9:30PM|Wednesday:11AM-9:30PM|Thursday:11AM-9:30PM|Friday:11AM-9:30PM|Saturday:11AM-9:30PM|Sunday:11AM-9:30PM,,,OPERATIONAL,"{""Service options"": {""Takeout"": true, ""Dine-in"": true, ""Delivery"": false}, ""Highlights"": {""Great coffee"": true, ""Great tea selection"": true}, ""Popular for"": {""Lunch"": true, ""Solo dining"": true, ""Good for working on laptop"": true}, ""Accessibility"": {""Wheelchair accessible parking lot"": true}, ""Offerings"": {""Coffee"": true, ""Comfort food"": true, ""Happy hour drinks"": true, ""Small plates"": true}, ""Dining options"": {""Breakfast"": true, ""Lunch"": true, ""Dinner"": true, ""Dessert"": true}, ""Amenities"": {""Restroom"": true, ""Wi-Fi"": true}, ""Atmosphere"": {""Casual"": true, ""Cozy"": true, ""Trendy"": true}, ""Crowd"": {""College students"": true, ""Family-friendly"": true, ""LGBTQ+ friendly"": true, ""Transgender safespace"": true}, ""Payments"": {""Credit cards"": true, ""Debit cards"": true, ""NFC mobile payments"": true}, ""Children"": {""Good for kids"": true}, ""Parking"": {""Free parking lot"": true, ""Free street parking"": true, ""Parking"": true}, ""Other"": {""LGBTQ+ friendly"": true}}",$,,https://lh5.googleusercontent.com/-hdvtPOn-F2I/AAAAAAAAAAI/AAAAAAAAAAA/I2zbjyOI3ts/s44-p-k-no-ns-nd/photo.jpg,,,True,108445331973330669800,Boba Mi,https://www.google.com/maps/contrib/108445331973330669800,,"https://www.google.com/viewer/chooseprovider?mid=/g/11spnk40l7&g2lbs=AAEPWCsXrxdmV9SS9ez5DEh77WwAAADxrIsvliJlMXtHW5ie-IfFKlttdVMUvRU4ipvsJV6cKZzD31zUZE8aAPRdpX4v027eWQ%3D%3D&hl=en-US&gl=us&fo_m=MfohQo559jFvMUOzJVpjPL1YMfZ3bInYwBDuMfaXTPp5KXh-&utm_source=tactile&gei=YpQCaOf9OLHV7M8P1Iy8uQ4&ei=YpQCaOf9OLHV7M8P1Iy8uQ4&fo_s=OA,SOE&opi=79508299&ebb=1&cs=0&foub=mcpp",,,"https://www.google.com/maps/place/Boba+Mi/@33.4639907,-84.222017,14z/data=!4m8!1m2!2m1!1sBoba+Mi!3m4!1s0x88f45988542c786f:0x2a8539de2d6ef938!8m2!3d33.4639907!4d-84.222017","https://www.google.com/maps/place/Boba+Mi/@33.4639907,-84.222017,13.99z/data=!4m16!1m7!3m6!1s0x88f45988542c786f:0x2a8539de2d6ef938!2sBoba+Mi!8m2!3d33.4639907!4d-84.222017!16s%2Fg%2F11ckvg1dmb!3m7!1s0x88f45988542c786f:0x2a8539de2d6ef938!8m2!3d33.4639907!4d-84.222017!9m1!1b1!16s%2Fg%2F11ckvg1dmb?entry=ttu",ChIJb3gsVIhZ9IgROPluLd45hSo,0x88f45988542c786f:0x2a8539de2d6ef938,3063918747903260984,/g/11spnk40l7,3063918747903260984,,ansu@clover.com,RECEIVING,Catch All,Ansu Vyas,Ansu,Vyas,Vice President Business Operations,,gbedwell@clover.com,INVALID,Invalid SMTP,Glenn Bedwell,Glenn,Bedwell,Software Engineer,,mhampton@clover.com,INVALID,Invalid SMTP,Michael R Hampton,Michael,R Hampton,Software Engineer,,+1 515-255-3700,+1 360-217-7075,+1 573-335-0366,https://www.facebook.com/recklessrolls/,http://instagram.com/donatopsizzact,https://www.linkedin.com/company/clovernetwork,,,,,,,,http://twitter.com/cloverpos,,,,,Online Ordering | Clover,,,,False,False
"boba tea, 30271, Newnan, GA, US",Smoothie King,Smoothie King,https://locations.smoothieking.com/ll/us/ga/newnan/311-bullsboro-dr-suite-107/?utm_source=google,"Juice shop, Açaí shop, Breakfast restaurant, Fast food restaurant, Gluten-free restaurant, Health food restaurant, Lunch restaurant, Delivery Restaurant, Vegan restaurant, Vegetarian restaurant",Juice shop,Juice shop,+1 770-755-6293,"311 Bullsboro Dr Suite 107, Newnan, GA 30263",None,311 Bullsboro Dr Suite 107,Newnan,30263,Georgia,Georgia,United States of America,US,33.393096899999996,-84.76474669999999,8944ea41cafffff,America/New_York,,False,4.8,208,"https://search.google.com/local/reviews?placeid=ChIJnbRlBAbH9IgRkLoLAH0DEj8&q=boba+tea,+30271,+Newnan,+GA,+US&authuser=0&hl=en&gl=US",,,7.0,5.0,2.0,4.0,190.0,543,https://lh3.googleusercontent.com/gps-proxy/ALd4DhE-5L4eQtJDX6KWnZV6gDNwtKa0x9fZSOGrt46ub7nlLyLS9mAt8quzhnsCkWMgB9pR9vp2LgpDZA9T9yRghCI7GBSuHdaEQg_shmcRoAsSM_sm55jcglqysAO_8QZhFYTO5hxaWRDCFUd9i_KNj6bNxBbruYghUF7juQW4IT7F_9gnSwwvOsRh=w800-h500-k-no,https://lh3.googleusercontent.com/gps-proxy/ALd4DhE-5L4eQtJDX6KWnZV6gDNwtKa0x9fZSOGrt46ub7nlLyLS9mAt8quzhnsCkWMgB9pR9vp2LgpDZA9T9yRghCI7GBSuHdaEQg_shmcRoAsSM_sm55jcglqysAO_8QZhFYTO5hxaWRDCFUd9i_KNj6bNxBbruYghUF7juQW4IT7F_9gnSwwvOsRh=w1600-h1000-k-no,,"{""Monday"": ""7AM-9PM"", ""Tuesday"": ""7AM-9PM"", ""Wednesday"": ""7AM-9PM"", ""Thursday"": ""7AM-9PM"", ""Friday"": ""7AM-9PM"", ""Saturday"": ""8AM-9PM"", ""Sunday"": ""Closed""}",Monday:7AM-9PM|Tuesday:7AM-9PM|Wednesday:7AM-9PM|Thursday:7AM-9PM|Friday:7AM-9PM|Saturday:8AM-9PM|Sunday:Closed,,,OPERATIONAL,"{""Service options"": {""No-contact delivery"": true, ""Delivery"": true, ""Takeout"": true, ""Dine-in"": true}, ""Popular for"": {""Solo dining"": true}, ""Accessibility"": {""Wheelchair accessible entrance"": true, ""Wheelchair accessible parking lot"": true, ""Wheelchair accessible restroom"": true, ""Assistive hearing loop"": false}, ""Dining options"": {""Dessert"": true}, ""Amenities"": {""Restroom"": true}, ""Atmosphere"": {""Casual"": true, ""Trendy"": true}, ""Crowd"": {""Family-friendly"": true}, ""Payments"": {""Credit cards"": true, ""Debit cards"": true, ""NFC mobile payments"": true}, ""Children"": {""Good for kids"": true, ""Kids' menu"": true}, ""Parking"": {""Free parking lot"": true, ""Free street parking"": true, ""Parking"": true}}",$$,,https://lh6.googleusercontent.com/-yEPX7ta1L6E/AAAAAAAAAAI/AAAAAAAAAAA/OoW8BVAtsUg/s44-p-k-no-ns-nd/photo.jpg,Health-conscious chain featuring blended drinks in varied flavors with fruits & veggies.,,True,104002377442819402036,Smoothie King,https://www.google.com/maps/contrib/104002377442819402036,,"https://www.google.com/viewer/chooseprovider?mid=/g/11khc7tq1y&g2lbs=AAEPWCszsEfZygrw3JUoRgthLyJepqnNkvTxKmng4HNsvPeTmUU4yl2Z7mfvFO_gnrKnyt8H2YyqNcB4e2GybAcMv5NSalo3sg%3D%3D&hl=en-US&gl=us&fo_m=MfohQo559jFvMUOzJVpjPL1YMfZ3bInYwBDuMfaXTPp5KXh-&utm_source=tactile&gei=YpQCaOf9OLHV7M8P1Iy8uQ4&ei=YpQCaOf9OLHV7M8P1Iy8uQ4&fo_s=OA,SOE&opi=79508299&ebb=1&cs=0&foub=mcpp",,,"https://www.google.com/maps/place/Smoothie+King/@33.393096899999996,-84.76474669999999,14z/data=!4m8!1m2!2m1!1sSmoothie+King!3m4!1s0x88f4c7060465b49d:0x3f12037d000bba90!8m2!3d33.393096899999996!4d-84.76474669999999","https://www.google.com/maps/place/Smoothie+King/@33.393096899999996,-84.76474669999999,13.99z/data=!4m16!1m7!3m6!1s0x88f4c7060465b49d:0x3f12037d000bba90!2sSmoothie+King!8m2!3d33.393096899999996!4d-84.76474669999999!16s%2Fg%2F11ckvg1dmb!3m7!1s0x88f4c7060465b49d:0x3f12037d000bba90!8m2!3d33.393096899999996!4d-84.76474669999999!9m1!1b1!16s%2Fg%2F11ckvg1dmb?entry=ttu",ChIJnbRlBAbH9IgRkLoLAH0DEj8,0x88f4c7060465b49d:0x3f12037d000bba90,4544698809376815760,/g/11khc7tq1y,4544698809376815760,,smoothieking831@comcast.net,RECEIVING,Verified,,,,,,sk1674@smoothieking.com,RECEIVING,SMTP validated,,,,,,sk1675@smoothieking.com,INVALID,Invalid SMTP,,,,,,19018610222,19013056883,19016873122,https://www.facebook.com/SKBowie15407ExcelsiorDrive/,,,,,,,,,,,,,,,"Smoothie King 5 Bel Air South Parkway, Suite A115, West Bel Air MD 21015 - Order Online!",,"For healthier smoothie options you won't find anywhere else, Smoothie King 5 Bel Air South Parkway, Suite A115,  West Bel Air MD 21015 will help you Rule the Day. Start your online order today.",{{ keywords() }},False,False
"boba tea, 30271, Newnan, GA, US",WOW sno (Downtown),Wow Sno Downtown,https://www.wowsno.com/,Dessert shop,Dessert shop,Dessert shop,+1 678-718-7669,"23 E Broad St, Newnan, GA 30263",None,23 E Broad St,Newnan,30263,Georgia,Georgia,United States of America,US,33.374048,-84.798371,8944ea401cfffff,America/New_York,,False,4.7,41,"https://search.google.com/local/reviews?placeid=ChIJWUu2OJ_J9IgR5gx6UEFPje0&q=boba+tea,+30271,+Newnan,+GA,+US&authuser=0&hl=en&gl=US",,,1.0,1.0,1.0,2.0,36.0,37,https://lh3.googleusercontent.com/p/AF1QipOntyAc13MxtbVU9qipFvbmvMIc9bcHDOnr_9MS=w800-h500-k-no,https://lh3.googleusercontent.com/p/AF1QipOntyAc13MxtbVU9qipFvbmvMIc9bcHDOnr_9MS=w1600-h1000-k-no,,"{""Monday"": ""2-8PM"", ""Tuesday"": ""2-8PM"", ""Wednesday"": ""2-8PM"", ""Thursday"": ""2-8PM"", ""Friday"": ""2-8PM"", ""Saturday"": ""12-8PM"", ""Sunday"": ""12-8PM""}",Monday:2-8PM|Tuesday:2-8PM|Wednesday:2-8PM|Thursday:2-8PM|Friday:2-8PM|Saturday:12-8PM|Sunday:12-8PM,,,OPERATIONAL,"{""Service options"": {""Takeout"": true, ""Dine-in"": true, ""Delivery"": false, ""Same-day delivery"": false}, ""Accessibility"": {""Wheelchair accessible entrance"": true, ""Wheelchair accessible parking lot"": true}, ""Crowd"": {""LGBTQ+ friendly"": true, ""Transgender safespace"": true}, ""Planning"": {""Quick visit"": true}, ""Payments"": {""Credit cards"": true, ""Debit cards"": true, ""NFC mobile payments"": true}, ""Other"": {""LGBTQ+ friendly"": true}}",,,https://lh6.googleusercontent.com/-L2R_tzL0NJI/AAAAAAAAAAI/AAAAAAAAAAA/uH7gxODWU10/s44-p-k-no-ns-nd/photo.jpg,,,True,108849970344900882710,WOW sno,https://www.google.com/maps/contrib/108849970344900882710,,,,,"https://www.google.com/maps/place/WOW+sno+%28Downtown%29/@33.374048,-84.798371,14z/data=!4m8!1m2!2m1!1sWOW+sno+%28Downtown%29!3m4!1s0x88f4c99f38b64b59:0xed8d4f41507a0ce6!8m2!3d33.374048!4d-84.798371","https://www.google.com/maps/place/WOW+sno+%28Downtown%29/@33.374048,-84.798371,13.99z/data=!4m16!1m7!3m6!1s0x88f4c99f38b64b59:0xed8d4f41507a0ce6!2sWOW+sno+%28Downtown%29!8m2!3d33.374048!4d-84.798371!16s%2Fg%2F11ckvg1dmb!3m7!1s0x88f4c99f38b64b59:0xed8d4f41507a0ce6!8m2!3d33.374048!4d-84.798371!9m1!1b1!16s%2Fg%2F11ckvg1dmb?entry=ttu",ChIJWUu2OJ_J9IgR5gx6UEFPje0,0x88f4c99f38b64b59:0xed8d4f41507a0ce6,17117424900646767846,/g/11q364kx03,-1329319173062783770,,contactus@wowsno.com,RECEIVING,Verified,,,,,,,,,,,,,,,,,,,,,,,,,,,,,,,,,,,,,,,,Home | WOW sno,Wix.com Website Builder,"Serving Georgia's ""best shaved ice"" since 2015.",,False,False
"boba tea, 30271, Newnan, GA, US",WOW sno (Summer Grove),Wow Sno Summer Grove,http://wowsno.com/,Dessert shop,Dessert shop,Dessert shop,+1 678-718-7669,"20 Mkt Sq Wy Ste G, Newnan, GA 30265",None,20 Mkt Sq Wy Ste G,Newnan,30265,Georgia,Georgia,United States of America,US,33.3779091,-84.74051299999999,8944ea4113bffff,America/New_York,,False,5.0,6,"https://search.google.com/local/reviews?placeid=ChIJvSzyNZ7H9IgRQtMvvBqMcck&q=boba+tea,+30271,+Newnan,+GA,+US&authuser=0&hl=en&gl=US",,,0.0,0.0,0.0,0.0,6.0,13,https://lh3.googleusercontent.com/p/AF1QipN3PpISMEbuwU0Qpr6PdtI0gYl4Kg5hQYB7GBaM=w800-h500-k-no,https://lh3.googleusercontent.com/p/AF1QipN3PpISMEbuwU0Qpr6PdtI0gYl4Kg5hQYB7GBaM=w1600-h1000-k-no,,"{""Monday"": ""Closed"", ""Tuesday"": ""Closed"", ""Wednesday"": ""Closed"", ""Thursday"": ""Closed"", ""Friday"": ""2-8PM"", ""Saturday"": ""12-8PM"", ""Sunday"": ""12-8PM""}",Monday:Closed|Tuesday:Closed|Wednesday:Closed|Thursday:Closed|Friday:2-8PM|Saturday:12-8PM|Sunday:12-8PM,,,OPERATIONAL,"{""Service options"": {""Takeout"": true, ""Dine-in"": true, ""Delivery"": false, ""Same-day delivery"": false}, ""Accessibility"": {""Wheelchair accessible seating"": true}, ""Crowd"": {""LGBTQ+ friendly"": true, ""Transgender safespace"": true}, ""Payments"": {""Debit cards"": true, ""NFC mobile payments"": true, ""Credit cards"": true}, ""Other"": {""LGBTQ+ friendly"": true}}",,,https://lh3.googleusercontent.com/-9GT-FxFyWTM/AAAAAAAAAAI/AAAAAAAAAAA/QF3g1_ZGK-k/s44-p-k-no-ns-nd/photo.jpg,,,True,115065674015788579252,WOW sno,https://www.google.com/maps/contrib/115065674015788579252,,,,,"https://www.google.com/maps/place/WOW+sno+%28Summer+Grove%29/@33.3779091,-84.74051299999999,14z/data=!4m8!1m2!2m1!1sWOW+sno+%28Summer+Grove%29!3m4!1s0x88f4c79e35f22cbd:0xc9718c1abc2fd342!8m2!3d33.3779091!4d-84.74051299999999","https://www.google.com/maps/place/WOW+sno+%28Summer+Grove%29/@33.3779091,-84.74051299999999,13.99z/data=!4m16!1m7!3m6!1s0x88f4c79e35f22cbd:0xc9718c1abc2fd342!2sWOW+sno+%28Summer+Grove%29!8m2!3d33.3779091!4d-84.74051299999999!16s%2Fg%2F11ckvg1dmb!3m7!1s0x88f4c79e35f22cbd:0xc9718c1abc2fd342!8m2!3d33.3779091!4d-84.74051299999999!9m1!1b1!16s%2Fg%2F11ckvg1dmb?entry=ttu",ChIJvSzyNZ7H9IgRQtMvvBqMcck,0x88f4c79e35f22cbd:0xc9718c1abc2fd342,14515537120446108482,/g/11t80j89sb,-3931206953263443134,,contactus@wowsno.com,RECEIVING,Verified,,,,,,,,,,,,,,,,,,,,,,,,,,,,,,,,,,,,,,,,Home | WOW sno,Wix.com Website Builder,"Serving Georgia's ""best shaved ice"" since 2015.",,False,False
"boba tea, 30271, Newnan, GA, US",Viet's Cuisine,Viets Cuisine,https://www.vietscuisine.com/,"Vietnamese restaurant, Restaurant",restaurants,Vietnamese restaurant,+1 770-487-2494,"2828 GA-54, Peachtree City, GA 30269",None,2828 GA-54,Peachtree City,30269,Georgia,Georgia,United States of America,US,33.395274799999996,-84.6050078,8944ea4805bffff,America/New_York,,False,4.5,493,"https://search.google.com/local/reviews?placeid=ChIJ67ThHA_q9IgRLdX0dOtHkyM&q=boba+tea,+30271,+Newnan,+GA,+US&authuser=0&hl=en&gl=US",,,27.0,11.0,19.0,81.0,355.0,261,https://lh3.googleusercontent.com/p/AF1QipPCONNX7NWgjMc4GiOTSqqlj0jFJ_5ZJGTrTtkx=w800-h500-k-no,https://lh3.googleusercontent.com/p/AF1QipPCONNX7NWgjMc4GiOTSqqlj0jFJ_5ZJGTrTtkx=w1600-h1000-k-no,,"{""Monday"": ""Closed"", ""Tuesday"": ""11:30AM-9:30PM"", ""Wednesday"": ""11:30AM-9:30PM"", ""Thursday"": ""11:30AM-9:30PM"", ""Friday"": ""11:30AM-9:30PM"", ""Saturday"": ""11:30AM-9:30PM"", ""Sunday"": ""11:30AM-9:30PM""}",Monday:Closed|Tuesday:11:30AM-9:30PM|Wednesday:11:30AM-9:30PM|Thursday:11:30AM-9:30PM|Friday:11:30AM-9:30PM|Saturday:11:30AM-9:30PM|Sunday:11:30AM-9:30PM,,,OPERATIONAL,"{""Service options"": {""Delivery"": true, ""Takeout"": true, ""Dine-in"": true}, ""Highlights"": {""Fast service"": true, ""Great coffee"": true, ""Great tea selection"": true}, ""Popular for"": {""Lunch"": true, ""Dinner"": true, ""Solo dining"": true}, ""Accessibility"": {""Wheelchair accessible entrance"": true, ""Wheelchair accessible parking lot"": true, ""Wheelchair accessible restroom"": true, ""Wheelchair accessible seating"": true}, ""Offerings"": {""Alcohol"": true, ""Beer"": true, ""Coffee"": true, ""Comfort food"": true, ""Healthy options"": true, ""Quick bite"": true, ""Small plates"": true, ""Vegetarian options"": true, ""Wine"": true}, ""Dining options"": {""Lunch"": true, ""Dinner"": true, ""Dessert"": true, ""Seating"": true}, ""Amenities"": {""Restroom"": true}, ""Atmosphere"": {""Casual"": true, ""Cozy"": true, ""Trendy"": true}, ""Crowd"": {""Groups"": true, ""Tourists"": true}, ""Planning"": {""Accepts reservations"": true}, ""Payments"": {""Credit cards"": true, ""Debit cards"": true, ""NFC mobile payments"": true}, ""Children"": {""Good for kids"": true, ""High chairs"": true}, ""Parking"": {""Free parking lot"": true, ""Free street parking"": true, ""Parking"": true}, ""Pets"": {""Dogs allowed"": true, ""Dogs allowed inside"": true, ""Dogs allowed outside"": true}}",$$,,https://lh6.googleusercontent.com/-lDMsWf-p6GA/AAAAAAAAAAI/AAAAAAAAAAA/jKgwbdp6IAI/s44-p-k-no-ns-nd/photo.jpg,"Bright, casual spot for pho, buns, banh mi & other Vietnamese favorites with full bar & bubble tea.",,True,112700593133955345596,Viet's Cuisine,https://www.google.com/maps/contrib/112700593133955345596,https://www.skiplinow.com/shop/631221g,https://www.skiplinow.com/shop/631221g,,https://www.skiplinow.com/shop/631221g,"https://www.google.com/maps/place/Viet%27s+Cuisine/@33.395274799999996,-84.6050078,14z/data=!4m8!1m2!2m1!1sViet%27s+Cuisine!3m4!1s0x88f4ea0f1ce1b4eb:0x239347eb74f4d52d!8m2!3d33.395274799999996!4d-84.6050078","https://www.google.com/maps/place/Viet%27s+Cuisine/@33.395274799999996,-84.6050078,13.99z/data=!4m16!1m7!3m6!1s0x88f4ea0f1ce1b4eb:0x239347eb74f4d52d!2sViet%27s+Cuisine!8m2!3d33.395274799999996!4d-84.6050078!16s%2Fg%2F11ckvg1dmb!3m7!1s0x88f4ea0f1ce1b4eb:0x239347eb74f4d52d!8m2!3d33.395274799999996!4d-84.6050078!9m1!1b1!16s%2Fg%2F11ckvg1dmb?entry=ttu",ChIJ67ThHA_q9IgRLdX0dOtHkyM,0x88f4ea0f1ce1b4eb:0x239347eb74f4d52d,2563471689509033261,/g/11c0_cf_r2,2563471689509033261,,vietscuisine@gmail.com,RECEIVING,SMTP validated,,,,,,,,,,,,,,,,,,,,,,17704872494,,,https://www.facebook.com/vietscuisine/,,,,,,,,,,,,,,,"Pho Bun Egg-rolls Spring-rolls Bun Cha-gio Pad-thai, Vietnamese Foods Vietnamese Restaurant Atlanta Peachtree-city - Viet's Cuisine - Peachtree City, Ga",Starfield Technologies; Go Daddy Website Builder 7.0.5350,"Vietnamese Restaurant - Viet's Cuisine in Peachtree City, Newnan",,,
"boba tea, 30271, Newnan, GA, US",Planet Smoothie,Planet Smoothie,https://www.planetsmoothie.com/stores/18389?utm_source=gmb,"Juice shop, Health food restaurant",Juice shop,Juice shop,+1 770-304-1538,"109 Newnan Crossing Bypass, Newnan, GA 30265",None,109 Newnan Crossing Bypass,Newnan,30265,Georgia,Georgia,United States of America,US,33.3929882,-84.7604621,8944ea41c33ffff,America/New_York,,False,3.6,176,"https://search.google.com/local/reviews?placeid=ChIJ6eu-tDrG9IgRe9GeGjt2gTo&q=boba+tea,+30271,+Newnan,+GA,+US&authuser=0&hl=en&gl=US",,,50.0,2.0,13.0,16.0,95.0,263,https://lh3.googleusercontent.com/p/AF1QipNIZqdPsEZX1eE3LDkNcQV1aDlxPlfqzZSkye4I=w800-h500-k-no,https://lh3.googleusercontent.com/p/AF1QipNIZqdPsEZX1eE3LDkNcQV1aDlxPlfqzZSkye4I=w1600-h1000-k-no,,"{""Monday"": ""8AM-8:30PM"", ""Tuesday"": ""8AM-8:30PM"", ""Wednesday"": ""8AM-8:30PM"", ""Thursday"": ""8AM-8:30PM"", ""Friday"": ""8AM-8:30PM"", ""Saturday"": ""9AM-8:30PM"", ""Sunday"": ""11AM-7PM""}",Monday:8AM-8:30PM|Tuesday:8AM-8:30PM|Wednesday:8AM-8:30PM|Thursday:8AM-8:30PM|Friday:8AM-8:30PM|Saturday:9AM-8:30PM|Sunday:11AM-7PM,,,OPERATIONAL,"{""Service options"": {""No-contact delivery"": true, ""Delivery"": true, ""Drive-through"": true, ""Onsite services"": true, ""Takeout"": true, ""Dine-in"": true}, ""Popular for"": {""Solo dining"": true}, ""Accessibility"": {""Wheelchair accessible entrance"": true, ""Wheelchair accessible parking lot"": true, ""Wheelchair accessible restroom"": true}, ""Dining options"": {""Counter service"": true, ""Dessert"": true}, ""Amenities"": {""Restroom"": true}, ""Atmosphere"": {""Casual"": true, ""Trendy"": true}, ""Crowd"": {""Family-friendly"": true, ""Groups"": true}, ""Payments"": {""Credit cards"": true, ""Debit cards"": true, ""NFC mobile payments"": true}, ""Children"": {""Good for kids"": true, ""Kids' menu"": true}, ""Parking"": {""Free parking lot"": true, ""Free street parking"": true}, ""Pets"": {""Dogs allowed outside"": true}}",$,,https://lh4.googleusercontent.com/-7qmdVFjlTKc/AAAAAAAAAAI/AAAAAAAAAAA/_Zf3aEx2joA/s44-p-k-no-ns-nd/photo.jpg,"Sleek chain for custom smoothies made with yogurt, sherbet & nutrition-oriented add-ins.",,True,108940693133997391967,Planet Smoothie,https://www.google.com/maps/contrib/108940693133997391967,,"https://www.google.com/viewer/chooseprovider?mid=/g/1v4705h8&g2lbs=AAEPWCt5HyBw4WL53nuKh2kLLU7Zq1Nsgls_wEHLQ8iqs3-9HOsm76I0UiGLWbadpc0_OyUdp0cBrtLLUO8rfeVshcV6BvsRaA%3D%3D&hl=en-US&gl=us&fo_m=MfohQo559jFvMUOzJVpjPL1YMfZ3bInYwBDuMfaXTPp5KXh-&utm_source=tactile&gei=YpQCaOf9OLHV7M8P1Iy8uQ4&ei=YpQCaOf9OLHV7M8P1Iy8uQ4&fo_s=OA,SOE&opi=79508299&ebb=1&cs=0&foub=mcpp",,,"https://www.google.com/maps/place/Planet+Smoothie/@33.3929882,-84.7604621,14z/data=!4m8!1m2!2m1!1sPlanet+Smoothie!3m4!1s0x88f4c63ab4beebe9:0x3a81763b1a9ed17b!8m2!3d33.3929882!4d-84.7604621","https://www.google.com/maps/place/Planet+Smoothie/@33.3929882,-84.7604621,13.99z/data=!4m16!1m7!3m6!1s0x88f4c63ab4beebe9:0x3a81763b1a9ed17b!2sPlanet+Smoothie!8m2!3d33.3929882!4d-84.7604621!16s%2Fg%2F11ckvg1dmb!3m7!1s0x88f4c63ab4beebe9:0x3a81763b1a9ed17b!8m2!3d33.3929882!4d-84.7604621!9m1!1b1!16s%2Fg%2F11ckvg1dmb?entry=ttu",ChIJ6eu-tDrG9IgRe9GeGjt2gTo,0x88f4c63ab4beebe9:0x3a81763b1a9ed17b,4215780722417258875,/g/1v4705h8,4215780722417258875,,bgershman@planetsmoothie.com,INVALID,SMTP validated,Boris Gershman,Boris,Gershman,Marketing Intern,,swentz@planetsmoothie.com,INVALID,Invalid DNS,Sterling Wentz,Sterling,Wentz,Store Manager,18139791737,henshaw_amy@planetsmoothie.com,INVALID,SMTP validated,Amy Henshaw,Amy,Henshaw,Owner,,18664524252,+1 866-452-4252,14023250943,http://www.facebook.com/planetsmoothie,https://www.instagram.com/planetsmoothie,http://www.linkedin.com/company/354819,,,,,,,,https://twitter.com/planetsmoothie,,,https://github.com/doppl3r/,,Planet Smoothie Metairie LA 70005 #19152,,Planet Smoothie Store #19152 in Metairie LA 70005,"juice bar, healthy juice bar, juice smoothies, juice bar menu",False,False
"boba tea, 30271, Newnan, GA, US",The Bubble Hut,The Bubble Hut,http://bubblehuttea.com/,Bubble tea store,Bubble tea store,Bubble tea store,+1 678-909-6090,"3869 Chapel Hill Rd, Douglasville, GA 30135",None,3869 Chapel Hill Rd,Douglasville,30135,Georgia,Georgia,United States of America,US,33.6997517,-84.7163802,8944c1b4e0fffff,America/New_York,,False,4.7,636,"https://search.google.com/local/reviews?placeid=ChIJA43vum4n9YgRdjNuAqqnfQ4&q=boba+tea,+30271,+Newnan,+GA,+US&authuser=0&hl=en&gl=US",,,21.0,9.0,19.0,61.0,526.0,229,https://lh3.googleusercontent.com/p/AF1QipPgKxiSjNK-bWgDRLiNXpzq1G0tAQE4YNbo7VM6=w800-h500-k-no,https://lh3.googleusercontent.com/p/AF1QipPgKxiSjNK-bWgDRLiNXpzq1G0tAQE4YNbo7VM6=w1600-h1000-k-no,,"{""Monday"": ""Closed"", ""Tuesday"": ""12-9PM"", ""Wednesday"": ""12-9PM"", ""Thursday"": ""12-9PM"", ""Friday"": ""12-10PM"", ""Saturday"": ""12-10PM"", ""Sunday"": ""12-9PM""}",Monday:Closed|Tuesday:12-9PM|Wednesday:12-9PM|Thursday:12-9PM|Friday:12-10PM|Saturday:12-10PM|Sunday:12-9PM,,,OPERATIONAL,"{""Service options"": {""Takeout"": true, ""Dine-in"": true, ""Delivery"": false}, ""Highlights"": {""Great tea selection"": true}, ""Accessibility"": {""Wheelchair accessible entrance"": true, ""Wheelchair accessible parking lot"": true, ""Wheelchair accessible restroom"": true}}",$,,https://lh3.googleusercontent.com/-lfkfQ3xMmTo/AAAAAAAAAAI/AAAAAAAAAAA/Y6HXyeteqis/s44-p-k-no-ns-nd/photo.jpg,,,True,115234654588883718596,The Bubble Hut,https://www.google.com/maps/contrib/115234654588883718596,,,,,"https://www.google.com/maps/place/The+Bubble+Hut/@33.6997517,-84.7163802,14z/data=!4m8!1m2!2m1!1sThe+Bubble+Hut!3m4!1s0x88f5276ebaef8d03:0xe7da7aa026e3376!8m2!3d33.6997517!4d-84.7163802","https://www.google.com/maps/place/The+Bubble+Hut/@33.6997517,-84.7163802,13.99z/data=!4m16!1m7!3m6!1s0x88f5276ebaef8d03:0xe7da7aa026e3376!2sThe+Bubble+Hut!8m2!3d33.6997517!4d-84.7163802!16s%2Fg%2F11ckvg1dmb!3m7!1s0x88f5276ebaef8d03:0xe7da7aa026e3376!8m2!3d33.6997517!4d-84.7163802!9m1!1b1!16s%2Fg%2F11ckvg1dmb?entry=ttu",ChIJA43vum4n9YgRdjNuAqqnfQ4,0x88f5276ebaef8d03:0xe7da7aa026e3376,1044175037246878582,/g/11c1vjnsvr,1044175037246878582,,,,,,,,,,,,,,,,,,,,,,,,,,,,,,,,,,,,,,,,,,,,THE BUBBLE HUT | Bubble Tea & Cafe | Douglasville,Wix.com Website Builder,"More than just great bubble tea. Explore the menu, enjoy your tea on the go, or stay and relax in our zenful Hut.",,,
"boba tea, 30271, Newnan, GA, US",Viet's Cuisine Newnan,Viets Cuisine Newnan,https://www.skiplinow.com/shop/633793q,Vietnamese restaurant,restaurants,Vietnamese restaurant,+1 678-857-3425,"30 Bullsboro Dr, Newnan, GA 30263",None,30 Bullsboro Dr,Newnan,30263,Georgia,Georgia,United States of America,US,33.382946,-84.78887929999999,8944ea403a3ffff,America/New_York,,False,4.4,276,"https://search.google.com/local/reviews?placeid=ChIJ6U31OyjJ9IgRrPJ5xmMTOLM&q=boba+tea,+30271,+Newnan,+GA,+US&authuser=0&hl=en&gl=US",,,20.0,9.0,13.0,39.0,195.0,162,https://lh3.googleusercontent.com/p/AF1QipMWZH6qE-KTP8LoUa_8pp3cqurj6KEA91Dgh2NA=w800-h500-k-no,https://lh3.googleusercontent.com/p/AF1QipMWZH6qE-KTP8LoUa_8pp3cqurj6KEA91Dgh2NA=w1600-h1000-k-no,,"{""Monday"": ""Closed"", ""Tuesday"": ""11:30AM-9PM"", ""Wednesday"": ""11:30AM-9PM"", ""Thursday"": ""11:30AM-9PM"", ""Friday"": ""11:30AM-9PM"", ""Saturday"": ""11:30AM-9PM"", ""Sunday"": ""11:30AM-9PM""}",Monday:Closed|Tuesday:11:30AM-9PM|Wednesday:11:30AM-9PM|Thursday:11:30AM-9PM|Friday:11:30AM-9PM|Saturday:11:30AM-9PM|Sunday:11:30AM-9PM,,,OPERATIONAL,"{""Service options"": {""No-contact delivery"": true, ""Delivery"": true, ""Takeout"": true, ""Dine-in"": true}, ""Highlights"": {""Fast service"": true, ""Great tea selection"": true}, ""Popular for"": {""Lunch"": true, ""Dinner"": true, ""Solo dining"": true}, ""Accessibility"": {""Wheelchair accessible entrance"": true, ""Wheelchair accessible parking lot"": true, ""Wheelchair accessible restroom"": true, ""Wheelchair accessible seating"": true}, ""Offerings"": {""Alcohol"": true, ""Beer"": true, ""Cocktails"": true, ""Coffee"": true, ""Comfort food"": true, ""Happy hour drinks"": true, ""Healthy options"": true, ""Quick bite"": true, ""Small plates"": true, ""Vegan options"": true, ""Vegetarian options"": true, ""Wine"": true}, ""Dining options"": {""Lunch"": true, ""Dinner"": true, ""Catering"": true, ""Dessert"": true, ""Seating"": true}, ""Amenities"": {""Restroom"": true}, ""Atmosphere"": {""Casual"": true, ""Cozy"": true, ""Quiet"": true}, ""Crowd"": {""Family-friendly"": true, ""Groups"": true, ""LGBTQ+ friendly"": true, ""Tourists"": true}, ""Planning"": {""Accepts reservations"": true}, ""Payments"": {""Credit cards"": true, ""Debit cards"": true, ""NFC mobile payments"": true}, ""Children"": {""Good for kids"": true, ""High chairs"": true, ""Kids' menu"": true}, ""Parking"": {""Free parking lot"": true, ""Free street parking"": true, ""Parking"": true}, ""Other"": {""LGBTQ+ friendly"": true}}",$$,,https://lh3.googleusercontent.com/-k2wccCC3JHc/AAAAAAAAAAI/AAAAAAAAAAA/O4_ZzTdZvx8/s44-p-k-no-ns-nd/photo.jpg,,,True,100755192282209524558,Viet's Cuisine Newnan,https://www.google.com/maps/contrib/100755192282209524558,https://www.skiplinow.com/shop/633793q,https://www.skiplinow.com/shop/633793q,,https://www.skiplinow.com/shop/633793q,"https://www.google.com/maps/place/Viet%27s+Cuisine+Newnan/@33.382946,-84.78887929999999,14z/data=!4m8!1m2!2m1!1sViet%27s+Cuisine+Newnan!3m4!1s0x88f4c9283bf54de9:0xb3381363c679f2ac!8m2!3d33.382946!4d-84.78887929999999","https://www.google.com/maps/place/Viet%27s+Cuisine+Newnan/@33.382946,-84.78887929999999,13.99z/data=!4m16!1m7!3m6!1s0x88f4c9283bf54de9:0xb3381363c679f2ac!2sViet%27s+Cuisine+Newnan!8m2!3d33.382946!4d-84.78887929999999!16s%2Fg%2F11ckvg1dmb!3m7!1s0x88f4c9283bf54de9:0xb3381363c679f2ac!8m2!3d33.382946!4d-84.78887929999999!9m1!1b1!16s%2Fg%2F11ckvg1dmb?entry=ttu",ChIJ6U31OyjJ9IgRrPJ5xmMTOLM,0x88f4c9283bf54de9:0xb3381363c679f2ac,12914093250737468076,/g/11h6l7pq4b,-5532650822972083540,,hi@skiplinow.com,RECEIVING,SMTP validated,,,,,,info@skiplinow.com,RECEIVING,SMTP validated,,,,,,business@skiplinow.com,RECEIVING,SMTP validated,,,,,,16786968355,15623984869,17146224315,https://www.facebook.com/purephogainesville/,,https://www.linkedin.com/company/skiplinow,,,,,,,,,,,,,Leading All-in-1 Marketing & Online Revenue Platform for Restaurants | Skipli,,"Skipli is the leading All-in-1 Marketing & Online Revenue Platform for Restaurants. Get everything from websites to social media, Google ads, email marketing, online ordering, reservations & more for the lowest cost & lowest effort.",,True,True
"boba tea, 30271, Newnan, GA, US",Planet Smoothie,Planet Smoothie,https://www.planetsmoothie.com/stores/19176?utm_source=gmb,"Juice shop, Health food restaurant",Juice shop,Juice shop,+1 678-519-0764,"5370 Campbellton Fairburn Rd Suite 220 Suite 220, Fairburn, GA 30213",Cliftondale,5370 Campbellton Fairburn Rd Suite 220 Suite 220,Fairburn,30213,Georgia,Georgia,United States of America,US,33.6121572,-84.6103258,8944c1b082fffff,America/New_York,,False,4.5,134,"https://search.google.com/local/reviews?placeid=ChIJBU68Xx_e9IgR9KCaB1z8YqI&q=boba+tea,+30271,+Newnan,+GA,+US&authuser=0&hl=en&gl=US",,,6.0,2.0,10.0,20.0,96.0,257,https://lh3.googleusercontent.com/p/AF1QipNU2NqW9dl69j6akkf-WBhLY5LbfRa0JuHUZihz=w800-h500-k-no,https://lh3.googleusercontent.com/p/AF1QipNU2NqW9dl69j6akkf-WBhLY5LbfRa0JuHUZihz=w1600-h1000-k-no,,"{""Monday"": ""8AM-7:30PM"", ""Tuesday"": ""8AM-7:30PM"", ""Wednesday"": ""8AM-7:30PM"", ""Thursday"": ""8AM-7:30PM"", ""Friday"": ""8AM-7:30PM"", ""Saturday"": ""10AM-7:30PM"", ""Sunday"": ""11AM-7:30PM""}",Monday:8AM-7:30PM|Tuesday:8AM-7:30PM|Wednesday:8AM-7:30PM|Thursday:8AM-7:30PM|Friday:8AM-7:30PM|Saturday:10AM-7:30PM|Sunday:11AM-7:30PM,,,OPERATIONAL,"{""Service options"": {""No-contact delivery"": true, ""Delivery"": true, ""Onsite services"": true, ""Takeout"": true, ""Dine-in"": true}, ""Popular for"": {""Solo dining"": true}, ""Accessibility"": {""Wheelchair accessible entrance"": true, ""Wheelchair accessible parking lot"": true, ""Wheelchair accessible restroom"": true}, ""Dining options"": {""Dessert"": true, ""Seating"": true}, ""Amenities"": {""Restroom"": true}, ""Atmosphere"": {""Casual"": true, ""Trendy"": true}, ""Crowd"": {""Family-friendly"": true}, ""Payments"": {""Credit cards"": true, ""Debit cards"": true, ""NFC mobile payments"": true}, ""Children"": {""Good for kids"": true, ""Kids' menu"": true}, ""Parking"": {""Free parking lot"": true, ""Free street parking"": true}}",$,,https://lh6.googleusercontent.com/-5sAs2Mz4Rak/AAAAAAAAAAI/AAAAAAAAAAA/r6nDqjg_p28/s44-p-k-no-ns-nd/photo.jpg,"Sleek chain for custom smoothies made with yogurt, sherbet & nutrition-oriented add-ins.",,True,114435994699308531838,Planet Smoothie,https://www.google.com/maps/contrib/114435994699308531838,,"https://www.google.com/viewer/chooseprovider?mid=/g/11f3461p5j&g2lbs=AAEPWCs70CL7UUp_IcJWjK4iHg6c4liDitOoAuk7TQHUVp9D7oIARIIhzGX6I669hYi-WqrMTfcNVPd7LvTnG_GCiLl77bCAaQ%3D%3D&hl=en-US&gl=us&fo_m=MfohQo559jFvMUOzJVpjPL1YMfZ3bInYwBDuMfaXTPp5KXh-&utm_source=tactile&gei=YpQCaOf9OLHV7M8P1Iy8uQ4&ei=YpQCaOf9OLHV7M8P1Iy8uQ4&fo_s=OA,SOE&opi=79508299&ebb=1&cs=0&foub=mcpp",,,"https://www.google.com/maps/place/Planet+Smoothie/@33.6121572,-84.6103258,14z/data=!4m8!1m2!2m1!1sPlanet+Smoothie!3m4!1s0x88f4de1f5fbc4e05:0xa262fc5c079aa0f4!8m2!3d33.6121572!4d-84.6103258","https://www.google.com/maps/place/Planet+Smoothie/@33.6121572,-84.6103258,13.99z/data=!4m16!1m7!3m6!1s0x88f4de1f5fbc4e05:0xa262fc5c079aa0f4!2sPlanet+Smoothie!8m2!3d33.6121572!4d-84.6103258!16s%2Fg%2F11ckvg1dmb!3m7!1s0x88f4de1f5fbc4e05:0xa262fc5c079aa0f4!8m2!3d33.6121572!4d-84.6103258!9m1!1b1!16s%2Fg%2F11ckvg1dmb?entry=ttu",ChIJBU68Xx_e9IgR9KCaB1z8YqI,0x88f4de1f5fbc4e05:0xa262fc5c079aa0f4,11701192254056734964,/g/11f3461p5j,-6745551819652816652,,bgershman@planetsmoothie.com,INVALID,SMTP validated,Boris Gershman,Boris,Gershman,Marketing Intern,,swentz@planetsmoothie.com,INVALID,Invalid DNS,Sterling Wentz,Sterling,Wentz,Store Manager,18139791737,henshaw_amy@planetsmoothie.com,INVALID,SMTP validated,Amy Henshaw,Amy,Henshaw,Owner,,18664524252,+1 866-452-4252,14023250943,http://www.facebook.com/planetsmoothie,https://www.instagram.com/planetsmoothie,http://www.linkedin.com/company/354819,,,,,,,,https://twitter.com/planetsmoothie,,,https://github.com/doppl3r/,,Planet Smoothie Metairie LA 70005 #19152,,Planet Smoothie Store #19152 in Metairie LA 70005,"juice bar, healthy juice bar, juice smoothies, juice bar menu",False,False
"boba tea, 30271, Newnan, GA, US",Ding Tea McDonough,Ding Tea Mcdonough,https://www.clover.com/online-ordering/ding-tea-mcdonough-mcdonough,Bubble tea store,Bubble tea store,Bubble tea store,+1 678-272-6808,"99 Hwy 81 Suite 111, McDonough, GA 30253",None,99 Hwy 81 Suite 111,McDonough,30253,Georgia,Georgia,United States of America,US,33.4256173,-84.1868296,8944c188b9bffff,America/New_York,,False,4.3,255,"https://search.google.com/local/reviews?placeid=ChIJ06MXMm5b9IgRhrxARJRfGXY&q=boba+tea,+30271,+Newnan,+GA,+US&authuser=0&hl=en&gl=US",,,27.0,12.0,13.0,19.0,184.0,295,https://lh3.googleusercontent.com/p/AF1QipPPmbX1JqI2Wc7bGgDoCxfmjwQ21nVPbEoexlKK=w800-h500-k-no,https://lh3.googleusercontent.com/p/AF1QipPPmbX1JqI2Wc7bGgDoCxfmjwQ21nVPbEoexlKK=w1600-h1000-k-no,,"{""Monday"": ""10AM-9PM"", ""Tuesday"": ""10AM-9PM"", ""Wednesday"": ""10AM-9PM"", ""Thursday"": ""10AM-9PM"", ""Friday"": ""10AM-10PM"", ""Saturday"": ""10AM-10PM"", ""Sunday"": ""11AM-9PM""}",Monday:10AM-9PM|Tuesday:10AM-9PM|Wednesday:10AM-9PM|Thursday:10AM-9PM|Friday:10AM-10PM|Saturday:10AM-10PM|Sunday:11AM-9PM,,,OPERATIONAL,"{""Service options"": {""Delivery"": true, ""Onsite services"": true, ""Takeout"": true, ""Dine-in"": true}, ""Highlights"": {""Great tea selection"": true}, ""Accessibility"": {""Wheelchair accessible entrance"": true, ""Wheelchair accessible parking lot"": true}}",$,,https://lh5.googleusercontent.com/-ApoCGcmhtXA/AAAAAAAAAAI/AAAAAAAAAAA/CwwoxTpACtM/s44-p-k-no-ns-nd/photo.jpg,,,True,114744164797771758423,Ding Tea McDonough,https://www.google.com/maps/contrib/114744164797771758423,,"https://www.google.com/viewer/chooseprovider?mid=/g/11rnd1vq6l&g2lbs=AAEPWCumMpa2Uss3WAe_58Uj7tt7_-4WxznL2WjTj2qoc7fQgua95tcF_cfH96gHzlUIGZWQ1MmLLQJJD6Opx-zIH6bI8bzyQQ%3D%3D&hl=en-US&gl=us&fo_m=MfohQo559jFvMUOzJVpjPL1YMfZ3bInYwBDuMfaXTPp5KXh-&utm_source=tactile&gei=YpQCaOf9OLHV7M8P1Iy8uQ4&ei=YpQCaOf9OLHV7M8P1Iy8uQ4&fo_s=OA,SOE&opi=79508299&ebb=1&cs=0&foub=mcpp",,,"https://www.google.com/maps/place/Ding+Tea+McDonough/@33.4256173,-84.1868296,14z/data=!4m8!1m2!2m1!1sDing+Tea+McDonough!3m4!1s0x88f45b6e3217a3d3:0x76195f944440bc86!8m2!3d33.4256173!4d-84.1868296","https://www.google.com/maps/place/Ding+Tea+McDonough/@33.4256173,-84.1868296,13.99z/data=!4m16!1m7!3m6!1s0x88f45b6e3217a3d3:0x76195f944440bc86!2sDing+Tea+McDonough!8m2!3d33.4256173!4d-84.1868296!16s%2Fg%2F11ckvg1dmb!3m7!1s0x88f45b6e3217a3d3:0x76195f944440bc86!8m2!3d33.4256173!4d-84.1868296!9m1!1b1!16s%2Fg%2F11ckvg1dmb?entry=ttu",ChIJ06MXMm5b9IgRhrxARJRfGXY,0x88f45b6e3217a3d3:0x76195f944440bc86,8509938061298154630,/g/11rnd1vq6l,8509938061298154630,,ansu@clover.com,RECEIVING,Catch All,Ansu Vyas,Ansu,Vyas,Vice President Business Operations,,gbedwell@clover.com,INVALID,Invalid SMTP,Glenn Bedwell,Glenn,Bedwell,Software Engineer,,mhampton@clover.com,INVALID,Invalid SMTP,Michael R Hampton,Michael,R Hampton,Software Engineer,,+1 515-255-3700,+1 360-217-7075,+1 573-335-0366,https://www.facebook.com/recklessrolls/,http://instagram.com/donatopsizzact,https://www.linkedin.com/company/clovernetwork,,,,,,,,http://twitter.com/cloverpos,,,,,Online Ordering | Clover,,,,False,False
"boba tea, 30271, Newnan, GA, US",Dumpling Master | Bubble Tea & Noodles,Dumpling Master | Bubble Tea And Noodles,http://dumplingmaster.us/,"Dumpling restaurant, Asian restaurant, Chinese restaurant, Noodle shop",restaurants,Dumpling restaurant,+1 678-545-4062,"273 Commerce Dr, Peachtree City, GA 30269",None,273 Commerce Dr,Peachtree City,30269,Georgia,Georgia,United States of America,US,33.3984379,-84.5908092,8944ea482cfffff,America/New_York,,False,4.6,120,"https://search.google.com/local/reviews?placeid=ChIJ572wQgDr9IgRvRQzu8RNRnM&q=boba+tea,+30271,+Newnan,+GA,+US&authuser=0&hl=en&gl=US",,,3.0,3.0,4.0,14.0,96.0,213,https://lh3.googleusercontent.com/p/AF1QipPwrMnGH5WQs5BNnbLrUqlyOyVGS1UFHMyneUnw=w800-h500-k-no,https://lh3.googleusercontent.com/p/AF1QipPwrMnGH5WQs5BNnbLrUqlyOyVGS1UFHMyneUnw=w1600-h1000-k-no,,"{""Monday"": ""11AM-9PM"", ""Tuesday"": ""11AM-9PM"", ""Wednesday"": ""11AM-9PM"", ""Thursday"": ""11AM-9PM"", ""Friday"": ""11AM-10PM"", ""Saturday"": ""11AM-10PM"", ""Sunday"": ""11AM-9PM""}",Monday:11AM-9PM|Tuesday:11AM-9PM|Wednesday:11AM-9PM|Thursday:11AM-9PM|Friday:11AM-10PM|Saturday:11AM-10PM|Sunday:11AM-9PM,,,OPERATIONAL,"{""From the business"": {""Identifies as women-owned"": true}, ""Service options"": {""Delivery"": true, ""Takeout"": true, ""Dine-in"": true}, ""Highlights"": {""Great tea selection"": true}, ""Popular for"": {""Lunch"": true, ""Dinner"": true, ""Solo dining"": true}, ""Accessibility"": {""Wheelchair accessible entrance"": true, ""Wheelchair accessible parking lot"": true, ""Wheelchair accessible seating"": true}, ""Offerings"": {""Comfort food"": true, ""Quick bite"": true, ""Small plates"": true}, ""Dining options"": {""Lunch"": true, ""Dinner"": true, ""Dessert"": true, ""Seating"": true}, ""Amenities"": {""Restroom"": true, ""Wi-Fi"": true}, ""Atmosphere"": {""Casual"": true, ""Quiet"": true, ""Trendy"": true}, ""Crowd"": {""Family-friendly"": true, ""Groups"": true, ""LGBTQ+ friendly"": true, ""Transgender safespace"": true}, ""Payments"": {""Credit cards"": true}, ""Children"": {""Good for kids"": true, ""Has changing table(s)"": true, ""High chairs"": true}, ""Parking"": {""Free parking lot"": true, ""Free street parking"": true, ""Parking"": true}, ""Pets"": {""Dogs allowed outside"": true}, ""Other"": {""LGBTQ+ friendly"": true, ""Identifies as women-owned"": true}}",,,https://lh4.googleusercontent.com/-mIAnuw3N9uw/AAAAAAAAAAI/AAAAAAAAAAA/3KZ3TaBITBI/s44-p-k-no-ns-nd/photo.jpg,,,True,104488503549465005988,Dumpling Master | Bubble Tea & Noodles,https://www.google.com/maps/contrib/104488503549465005988,,"https://www.google.com/viewer/chooseprovider?mid=/g/11y4hgg8mk&g2lbs=AAEPWCtSpjH22GKADrYAt8moztDIY80psBh1UXCV4ctWqf2BCHC2X0xjYvAQgcQVtW8r9ZkibHH29D1vOIrx0LZXI56etmGUAA%3D%3D&hl=en-US&gl=us&fo_m=MfohQo559jFvMUOzJVpjPL1YMfZ3bInYwBDuMfaXTPp5KXh-&utm_source=tactile&gei=YpQCaOf9OLHV7M8P1Iy8uQ4&ei=YpQCaOf9OLHV7M8P1Iy8uQ4&fo_s=OA,SOE&opi=79508299&ebb=1&cs=0&foub=mcpp",,,"https://www.google.com/maps/place/Dumpling+Master+%7C+Bubble+Tea+%26+Noodles/@33.3984379,-84.5908092,14z/data=!4m8!1m2!2m1!1sDumpling+Master+%7C+Bubble+Tea+%26+Noodles!3m4!1s0x88f4eb0042b0bde7:0x73464dc4bb3314bd!8m2!3d33.3984379!4d-84.5908092","https://www.google.com/maps/place/Dumpling+Master+%7C+Bubble+Tea+%26+Noodles/@33.3984379,-84.5908092,13.99z/data=!4m16!1m7!3m6!1s0x88f4eb0042b0bde7:0x73464dc4bb3314bd!2sDumpling+Master+%7C+Bubble+Tea+%26+Noodles!8m2!3d33.3984379!4d-84.5908092!16s%2Fg%2F11ckvg1dmb!3m7!1s0x88f4eb0042b0bde7:0x73464dc4bb3314bd!8m2!3d33.3984379!4d-84.5908092!9m1!1b1!16s%2Fg%2F11ckvg1dmb?entry=ttu",ChIJ572wQgDr9IgRvRQzu8RNRnM,0x88f4eb0042b0bde7:0x73464dc4bb3314bd,8306412070081074365,/g/11y4hgg8mk,8306412070081074365,,,,,,,,,,,,,,,,,,,,,,,,,,,,,,,,,,,,,,,,,,,,,,,,,
"boba tea, 30271, Newnan, GA, US",Poké Bar,Poké Bar,http://www.ilovepokebar.com/,Restaurant,restaurants,Restaurant,+1 678-545-2368,"2729 GA-54, Peachtree City, GA 30269",None,2729 GA-54,Peachtree City,30269,Georgia,Georgia,United States of America,US,33.3971483,-84.5998673,8944ea48283ffff,America/New_York,,False,4.8,316,"https://search.google.com/local/reviews?placeid=ChIJ3eDgiYTr9IgRHMHDRSS9JC8&q=boba+tea,+30271,+Newnan,+GA,+US&authuser=0&hl=en&gl=US",,,5.0,3.0,2.0,43.0,263.0,143,https://lh3.googleusercontent.com/gps-proxy/ALd4DhEqmg5UoYkFRkQWh3neWvhDoH-kDjLi0RKgT_42386yc4ox0391dpdg_39iNKM11LhNJpkeYvrDwGV7RbmakWRIx2GPaJNJ0qbQ7bA9Ed9khSfgNDhpPkkjpnjyCrBF0yAe3_H2-5VNsBf4aN7yLfCQppaef6Ct84pexpJWkcz8iSmGJW9jmPk=w800-h500-k-no,https://lh3.googleusercontent.com/gps-proxy/ALd4DhEqmg5UoYkFRkQWh3neWvhDoH-kDjLi0RKgT_42386yc4ox0391dpdg_39iNKM11LhNJpkeYvrDwGV7RbmakWRIx2GPaJNJ0qbQ7bA9Ed9khSfgNDhpPkkjpnjyCrBF0yAe3_H2-5VNsBf4aN7yLfCQppaef6Ct84pexpJWkcz8iSmGJW9jmPk=w1600-h1000-k-no,,"{""Monday"": ""11AM-8PM"", ""Tuesday"": ""11AM-8PM"", ""Wednesday"": ""11AM-8PM"", ""Thursday"": ""11AM-8PM"", ""Friday"": ""11AM-9PM"", ""Saturday"": ""11AM-9PM"", ""Sunday"": ""11AM-8PM""}",Monday:11AM-8PM|Tuesday:11AM-8PM|Wednesday:11AM-8PM|Thursday:11AM-8PM|Friday:11AM-9PM|Saturday:11AM-9PM|Sunday:11AM-8PM,,,OPERATIONAL,"{""Service options"": {""Outdoor seating"": true, ""Delivery"": true, ""Takeout"": true, ""Dine-in"": true}, ""Popular for"": {""Lunch"": true, ""Dinner"": true, ""Solo dining"": true}, ""Accessibility"": {""Wheelchair accessible entrance"": true, ""Wheelchair accessible parking lot"": true, ""Wheelchair accessible restroom"": true, ""Wheelchair accessible seating"": true}, ""Offerings"": {""Healthy options"": true, ""Quick bite"": true, ""Vegetarian options"": true}, ""Dining options"": {""Lunch"": true, ""Dinner"": true, ""Seating"": true}, ""Amenities"": {""Restroom"": true}, ""Atmosphere"": {""Casual"": true, ""Quiet"": true, ""Trendy"": true}, ""Crowd"": {""College students"": true}, ""Planning"": {""Accepts reservations"": false}, ""Payments"": {""Credit cards"": true, ""Debit cards"": true, ""NFC mobile payments"": true}, ""Children"": {""High chairs"": true}, ""Parking"": {""Free parking lot"": true, ""Free street parking"": true}, ""Pets"": {""Dogs allowed outside"": true}}",$$,,https://lh6.googleusercontent.com/-F4aLNBij0uQ/AAAAAAAAAAI/AAAAAAAAAAA/tWA6LOGHwfE/s44-p-k-no-ns-nd/photo.jpg,,,True,105559116442769728583,Poké Bar,https://www.google.com/maps/contrib/105559116442769728583,,"https://www.google.com/viewer/chooseprovider?mid=/g/11f66zd89c&g2lbs=AAEPWCv4QX5R2axlRZoWIyCvZ60_VnXMt6Bfx08VabhqfnQZuKPawPzEPHfDBpwC0WXf_4J7Vi0hMt99Di8odwXsJcDJLztRlA%3D%3D&hl=en-US&gl=us&fo_m=MfohQo559jFvMUOzJVpjPL1YMfZ3bInYwBDuMfaXTPp5KXh-&utm_source=tactile&gei=YpQCaOf9OLHV7M8P1Iy8uQ4&ei=YpQCaOf9OLHV7M8P1Iy8uQ4&fo_s=OA,SOE&opi=79508299&ebb=1&cs=0&foub=mcpp",,,"https://www.google.com/maps/place/Pok%C3%A9+Bar/@33.3971483,-84.5998673,14z/data=!4m8!1m2!2m1!1sPok%C3%A9+Bar!3m4!1s0x88f4eb8489e0e0dd:0x2f24bd2445c3c11c!8m2!3d33.3971483!4d-84.5998673","https://www.google.com/maps/place/Pok%C3%A9+Bar/@33.3971483,-84.5998673,13.99z/data=!4m16!1m7!3m6!1s0x88f4eb8489e0e0dd:0x2f24bd2445c3c11c!2sPok%C3%A9+Bar!8m2!3d33.3971483!4d-84.5998673!16s%2Fg%2F11ckvg1dmb!3m7!1s0x88f4eb8489e0e0dd:0x2f24bd2445c3c11c!8m2!3d33.3971483!4d-84.5998673!9m1!1b1!16s%2Fg%2F11ckvg1dmb?entry=ttu",ChIJ3eDgiYTr9IgRHMHDRSS9JC8,0x88f4eb8489e0e0dd:0x2f24bd2445c3c11c,3397047982431125788,/g/11f66zd89c,3397047982431125788,,info@ilovepokebar.com,RECEIVING,SMTP validated,,,,,,gopokebar@gmail.com,RECEIVING,SMTP validated,,,,,,pokebaranz@gmail.com,RECEIVING,SMTP validated,,,,,,2135507391,64211057774,8183086988,https://www.facebook.com/pokebaravalon/,https://www.instagram.com/pokebar,https://www.linkedin.com/company/poke-bar-corporate,,,,,,,,,,,,,Welcome to Poké Bar | This is How We Bowl,Webflow,"Poké bowls made your way—and served fast—with fresh ingredients, bold flavors, and unbeatable taste.",,,
"boba tea, 30271, Newnan, GA, US",Tin Drum Asian Kitchen & Boba Tea Bar,Tin Drum Asian Kitchen And Boba Tea Bar Ashley Park Newnan,https://www.tindrumasiankitchen.com/ashley-park-newnan-chamblee-ga,"Pan-Asian restaurant, Asian fusion restaurant, Asian restaurant, Chinese restaurant, Indian restaurant, Japanese restaurant, Korean restaurant, South Asian restaurant, Thai restaurant",restaurants,Pan-Asian restaurant,+1 770-253-9242,"228 Newnan Crossing Bypass, Newnan, GA 30265",None,228 Newnan Crossing Bypass,Newnan,30265,Georgia,Georgia,United States of America,US,33.3916831,-84.76409459999999,8944ea41cafffff,America/New_York,,False,4.0,645,"https://search.google.com/local/reviews?placeid=ChIJ4cHTPSPG9IgR1td42ugRLU8&q=boba+tea,+30271,+Newnan,+GA,+US&authuser=0&hl=en&gl=US",,,86.0,38.0,52.0,111.0,358.0,626,https://lh3.googleusercontent.com/p/AF1QipMVd9Sb5fqN9dVwB47YgMyKCvcpEDqPZA9gGSMZ=w800-h500-k-no,https://lh3.googleusercontent.com/p/AF1QipMVd9Sb5fqN9dVwB47YgMyKCvcpEDqPZA9gGSMZ=w1600-h1000-k-no,,"{""Monday"": ""11AM-9PM"", ""Tuesday"": ""11AM-9PM"", ""Wednesday"": ""11AM-9PM"", ""Thursday"": ""11AM-9PM"", ""Friday"": ""11AM-10PM"", ""Saturday"": ""11AM-10PM"", ""Sunday"": ""11AM-9PM""}",Monday:11AM-9PM|Tuesday:11AM-9PM|Wednesday:11AM-9PM|Thursday:11AM-9PM|Friday:11AM-10PM|Saturday:11AM-10PM|Sunday:11AM-9PM,"[{""takeout"": {""Monday"": ""11 AM-9 PM"", ""Tuesday"": ""11 AM-9 PM"", ""Wednesday"": ""11 AM-9 PM"", ""Thursday"": ""11 AM-9 PM"", ""Friday"": ""11 AM-10 PM"", ""Saturday"": ""11 AM-10 PM"", ""Sunday"": ""11 AM-9 PM""}}, {""kitchen"": {""Monday"": ""11 AM-9 PM"", ""Tuesday"": ""11 AM-9 PM"", ""Wednesday"": ""11 AM-9 PM"", ""Thursday"": ""11 AM-9 PM"", ""Friday"": ""11 AM-10 PM"", ""Saturday"": ""11 AM-10 PM"", ""Sunday"": ""11 AM-9 PM""}}, {""delivery"": {""Monday"": ""12-9 AM,11 AM-12 AM"", ""Tuesday"": ""12-9 AM,11 AM-12 AM"", ""Wednesday"": ""12-9 AM,11 AM-12 AM"", ""Thursday"": ""12-9 AM,11 AM-12 AM"", ""Friday"": ""12-9 AM,11 AM-10:30 PM"", ""Saturday"": ""11 AM-10:30 PM"", ""Sunday"": ""11 AM-12 AM""}}]",,OPERATIONAL,"{""From the business"": {""Identifies as Asian-owned"": true}, ""Service options"": {""Outdoor seating"": true, ""No-contact delivery"": true, ""Delivery"": true, ""Onsite services"": true, ""Takeout"": true, ""Dine-in"": true}, ""Highlights"": {""Great tea selection"": true}, ""Popular for"": {""Lunch"": true, ""Dinner"": true, ""Solo dining"": true}, ""Accessibility"": {""Wheelchair accessible entrance"": true, ""Wheelchair accessible parking lot"": true, ""Wheelchair accessible restroom"": true, ""Wheelchair accessible seating"": true}, ""Offerings"": {""Comfort food"": true, ""Healthy options"": true, ""Quick bite"": true, ""Vegan options"": true, ""Vegetarian options"": true}, ""Dining options"": {""Lunch"": true, ""Dinner"": true, ""Catering"": true, ""Counter service"": true, ""Dessert"": true, ""Seating"": true}, ""Amenities"": {""Restroom"": true}, ""Atmosphere"": {""Casual"": true, ""Cozy"": true, ""Trendy"": true}, ""Crowd"": {""College students"": true, ""Family-friendly"": true, ""Groups"": true, ""LGBTQ+ friendly"": true, ""Transgender safespace"": true}, ""Planning"": {""Accepts reservations"": false}, ""Payments"": {""Credit cards"": true, ""Debit cards"": true, ""NFC mobile payments"": true}, ""Children"": {""Good for kids"": true, ""High chairs"": true}, ""Parking"": {""Free parking lot"": true, ""Free street parking"": true, ""Parking"": true}, ""Pets"": {""Dogs allowed outside"": true}, ""Other"": {""LGBTQ+ friendly"": true, ""Identifies as Asian-owned"": true}}",$,,https://lh5.googleusercontent.com/-bad3XFTvshQ/AAAAAAAAAAI/AAAAAAAAAAA/tvRpl1n1Hd8/s44-p-k-no-ns-nd/photo.jpg,"Hip cafe chain serving Pan-Asian fare, such as Indian curries & Chinese noodles.",,True,103344013851823433651,Tin Drum Asian Kitchen & Boba Tea Bar - Ashley Park Newnan,https://www.google.com/maps/contrib/103344013851823433651,,"https://www.google.com/viewer/chooseprovider?mid=/g/11c5_rg_t9&g2lbs=AAEPWCsSnqRpG_aLAENOb-2RX5v4TnUFUTT2zhhWbG-qkaQEqP5MNteDBYi740FkwJl7HJBbqoDYwDE1MzW71RV0oRHv3a3EIw%3D%3D&hl=en-US&gl=us&fo_m=MfohQo559jFvMUOzJVpjPL1YMfZ3bInYwBDuMfaXTPp5KXh-&utm_source=tactile&gei=YpQCaOf9OLHV7M8P1Iy8uQ4&ei=YpQCaOf9OLHV7M8P1Iy8uQ4&fo_s=OA,SOE&opi=79508299&ebb=1&cs=0&foub=mcpp",,,"https://www.google.com/maps/place/Tin+Drum+Asian+Kitchen+%26+Boba+Tea+Bar+-+Ashley+Park+Newnan/@33.3916831,-84.76409459999999,14z/data=!4m8!1m2!2m1!1sTin+Drum+Asian+Kitchen+%26+Boba+Tea+Bar+-+Ashley+Park+Newnan!3m4!1s0x88f4c6233dd3c1e1:0x4f2d11e8da78d7d6!8m2!3d33.3916831!4d-84.76409459999999","https://www.google.com/maps/place/Tin+Drum+Asian+Kitchen+%26+Boba+Tea+Bar+-+Ashley+Park+Newnan/@33.3916831,-84.76409459999999,13.99z/data=!4m16!1m7!3m6!1s0x88f4c6233dd3c1e1:0x4f2d11e8da78d7d6!2sTin+Drum+Asian+Kitchen+%26+Boba+Tea+Bar+-+Ashley+Park+Newnan!8m2!3d33.3916831!4d-84.76409459999999!16s%2Fg%2F11ckvg1dmb!3m7!1s0x88f4c6233dd3c1e1:0x4f2d11e8da78d7d6!8m2!3d33.3916831!4d-84.76409459999999!9m1!1b1!16s%2Fg%2F11ckvg1dmb?entry=ttu",ChIJ4cHTPSPG9IgR1td42ugRLU8,0x88f4c6233dd3c1e1:0x4f2d11e8da78d7d6,5705235994743723990,/g/11c5_rg_t9,5705235994743723990,,jennifer@tindrumasiankitchen.com,INVALID,Cannot validate,Jennifer,Jennifer,,Director,14047453068,info@tindrumasiankitchen.com,INVALID,SMTP validated,,,,,,contactus@tindrumasiankitchen.com,RECEIVING,SMTP validated,,,,,,7706818843,,,https://www.facebook.com/TinDrumAsianKitchen/,https://www.instagram.com/tindrumasiankitchen,http://www.linkedin.com/company/4034637,,,,,,,,https://twitter.com/TinDrumKitchen,,,,,Bold Asian Flavors | Tin Drum Asian Kitchen,WordPress 6.0.2,"Tin Drum Asian Kitchen is a Asian inspired restaurant chain that serves fresh, cooked-to-order stir fry, curry and noodle dishes in a fun cafe setting.",,True,False
"boba tea, 30162, Rome, GA, US",Little Bee and The Honey Spot Cafe,Little Bee And The Honey Spot Cafe,https://instagram.com/littlebeecafe_hs?igshid=OGQ5ZDc2ODk2ZA==,"Bubble tea store, Coffee shop",Bubble tea store,Bubble tea store,+1 678-873-1787,"231B Broad St, Rome, GA 30161",None,231B Broad St,Rome,30161,Georgia,Georgia,United States of America,US,34.2535194,-85.17361939999999,8944cc8c013ffff,America/New_York,,False,4.7,83,"https://search.google.com/local/reviews?placeid=ChIJ1zwGWGmliogRKWbqBSVoQok&q=boba+tea,+30162,+Rome,+GA,+US&authuser=0&hl=en&gl=US",,,3.0,4.0,0.0,0.0,76.0,29,https://lh3.googleusercontent.com/p/AF1QipObDKRlSs72js1iUe4Dnh84DqF-2Zkr2-sQaiKH=w800-h500-k-no,https://lh3.googleusercontent.com/p/AF1QipObDKRlSs72js1iUe4Dnh84DqF-2Zkr2-sQaiKH=w1600-h1000-k-no,,"{""Monday"": ""Closed"", ""Tuesday"": ""Closed"", ""Wednesday"": ""12-8:30PM"", ""Thursday"": ""12-8:30PM"", ""Friday"": ""12-8:30PM"", ""Saturday"": ""12-8:30PM"", ""Sunday"": ""12-6:30PM""}",Monday:Closed|Tuesday:Closed|Wednesday:12-8:30PM|Thursday:12-8:30PM|Friday:12-8:30PM|Saturday:12-8:30PM|Sunday:12-6:30PM,,,OPERATIONAL,"{""From the business"": {""Identifies as women-owned"": true}, ""Service options"": {""Takeout"": true, ""Dine-in"": true, ""Delivery"": false}, ""Highlights"": {""Great tea selection"": true}, ""Accessibility"": {""Wheelchair accessible entrance"": true, ""Wheelchair accessible parking lot"": true}, ""Parking"": {""Free parking garage"": true, ""Free parking lot"": true, ""Free street parking"": true, ""Paid parking garage"": true}, ""Other"": {""Identifies as women-owned"": true}}",,,https://lh3.googleusercontent.com/-tLsZf_uRKcQ/AAAAAAAAAAI/AAAAAAAAAAA/2GBO9C4uUDA/s44-p-k-no-ns-nd/photo.jpg,,,True,118342506825255103807,Little Bee and The Honey Spot Cafe,https://www.google.com/maps/contrib/118342506825255103807,,,,,"https://www.google.com/maps/place/Little+Bee+and+The+Honey+Spot+Cafe/@34.2535194,-85.17361939999999,14z/data=!4m8!1m2!2m1!1sLittle+Bee+and+The+Honey+Spot+Cafe!3m4!1s0x888aa56958063cd7:0x8942682505ea6629!8m2!3d34.2535194!4d-85.17361939999999","https://www.google.com/maps/place/Little+Bee+and+The+Honey+Spot+Cafe/@34.2535194,-85.17361939999999,13.99z/data=!4m16!1m7!3m6!1s0x888aa56958063cd7:0x8942682505ea6629!2sLittle+Bee+and+The+Honey+Spot+Cafe!8m2!3d34.2535194!4d-85.17361939999999!16s%2Fg%2F11ckvg1dmb!3m7!1s0x888aa56958063cd7:0x8942682505ea6629!8m2!3d34.2535194!4d-85.17361939999999!9m1!1b1!16s%2Fg%2F11ckvg1dmb?entry=ttu",ChIJ1zwGWGmliogRKWbqBSVoQok,0x888aa56958063cd7:0x8942682505ea6629,9890582239881356841,/g/11vbcpptmw,-8556161833828194775,,,,,,,,,,,,,,,,,,,,,,,,,,,,,,,,,,,,,,,,,,,,,,,,,
"bubble tea store, 30317, Atlanta, GA, US",Tea Leaf and Creamery,Tea Leaf And Creamery,http://www.tealeafandcreamery.com/,"Bubble tea store, Dessert shop",Bubble tea store,Bubble tea store,+1 678-705-8347,"2052 N Decatur Rd, Decatur, GA 30033",None,2052 N Decatur Rd,Decatur,30033,Georgia,Georgia,United States of America,US,33.7909366,-84.307484,8944c1a9a77ffff,America/New_York,,False,4.7,1105,"https://search.google.com/local/reviews?placeid=ChIJXUoUviMH9YgRgwdGE6FEKgQ&q=bubble+tea+store,+30317,+Atlanta,+GA,+US&authuser=0&hl=en&gl=US",,,37.0,18.0,28.0,71.0,951.0,416,https://lh3.googleusercontent.com/gps-cs-s/AB5caB8i3DkCmT3HfbvvTTvnHfV3tUiICvisRVh-9HeJyYa-ghDlXNw08FFVkOMh7Zj0Uhj2B3aWqxLqDGHS-3STvWlCNYbo1hn8879GrMbgnadFsivb3uGdms47sjEbouTFyg_GhUVbeA=w800-h500-k-no,https://lh3.googleusercontent.com/gps-cs-s/AB5caB8i3DkCmT3HfbvvTTvnHfV3tUiICvisRVh-9HeJyYa-ghDlXNw08FFVkOMh7Zj0Uhj2B3aWqxLqDGHS-3STvWlCNYbo1hn8879GrMbgnadFsivb3uGdms47sjEbouTFyg_GhUVbeA=w1600-h1000-k-no,,"{""Monday"": ""12-10PM"", ""Tuesday"": ""12-10PM"", ""Wednesday"": ""12-10PM"", ""Thursday"": ""12-10PM"", ""Friday"": ""12-11PM"", ""Saturday"": ""12-11PM"", ""Sunday"": ""12-10PM""}",Monday:12-10PM|Tuesday:12-10PM|Wednesday:12-10PM|Thursday:12-10PM|Friday:12-11PM|Saturday:12-11PM|Sunday:12-10PM,,,OPERATIONAL,"{""Service options"": {""Delivery"": true, ""Onsite services"": true, ""Takeout"": true, ""Dine-in"": true}, ""Highlights"": {""Great tea selection"": true}, ""Accessibility"": {""Wheelchair accessible entrance"": true, ""Wheelchair accessible parking lot"": true, ""Wheelchair accessible restroom"": true}}",$$,,https://lh3.googleusercontent.com/-QEWS_1AEdFU/AAAAAAAAAAI/AAAAAAAAAAA/fmLRzG8P7b0/s44-p-k-no-ns-nd/photo.jpg,,,True,110226933985673412271,Tea Leaf and Creamery,https://www.google.com/maps/contrib/110226933985673412271,,"https://www.google.com/viewer/chooseprovider?mid=/g/11j2zfv1p2&g2lbs=AAEPWCvv1lCLZiKtBtZ1bDnhNsMwJSYYMRMFKLESrN47t9xpHdVr-hmIhTdK-hhFkAdfbMp8EeCuqh3sJchLq_w-CR-zkGsvMQ%3D%3D&hl=en-US&gl=us&fo_m=MfohQo559jFvMUOzJVpjPL1YMfZ3bInYwBDuMfaXTPp5KXh-&utm_source=tactile&gei=aJQCaIHCOaWRvr0P4efs4Q8&ei=aJQCaIHCOaWRvr0P4efs4Q8&fo_s=OA,SOE&opi=79508299&ebb=1&cs=0&foub=mcpp",,,"https://www.google.com/maps/place/Tea+Leaf+and+Creamery/@33.7909366,-84.307484,14z/data=!4m8!1m2!2m1!1sTea+Leaf+and+Creamery!3m4!1s0x88f50723be144a5d:0x42a44a113460783!8m2!3d33.7909366!4d-84.307484","https://www.google.com/maps/place/Tea+Leaf+and+Creamery/@33.7909366,-84.307484,13.99z/data=!4m16!1m7!3m6!1s0x88f50723be144a5d:0x42a44a113460783!2sTea+Leaf+and+Creamery!8m2!3d33.7909366!4d-84.307484!16s%2Fg%2F11ckvg1dmb!3m7!1s0x88f50723be144a5d:0x42a44a113460783!8m2!3d33.7909366!4d-84.307484!9m1!1b1!16s%2Fg%2F11ckvg1dmb?entry=ttu",ChIJXUoUviMH9YgRgwdGE6FEKgQ,0x88f50723be144a5d:0x42a44a113460783,300127783777339267,/g/11j2zfv1p2,300127783777339267,,tealeafandcreamery@gmail.com,RECEIVING,SMTP validated,,,,,,,,,,,,,,,,,,,,,,19095932600,,,https://www.facebook.com/104411412317132,,,,,,,,,,,,,,,Home | Tealeafcreamery,Wix.com Website Builder,"At Tea Leaf and Creamery, we offer a wide variety of bubble teas, smoothies, and desserts made using fresh ingredients.
Try our taiyaki ice cream, and enjoy handcrafted or signature creations. 
We pride ourselves on exceptional service and mouth-watering refreshments.",,,
"bubble tea store, 30317, Atlanta, GA, US",Möge tee,Möge Tee,https://mogeteeusa.com/,Bubble tea store,Bubble tea store,Bubble tea store,+1 678-705-3225,"68 Broad St NW, Atlanta, GA 30303",Hotel District,68 Broad St NW,Atlanta,30303,Georgia,Georgia,United States of America,US,33.7560067,-84.38942449999999,8944c1a812bffff,America/New_York,,False,4.6,130,"https://search.google.com/local/reviews?placeid=ChIJ8aInQVED9YgRg5icOQJCCEc&q=bubble+tea+store,+30317,+Atlanta,+GA,+US&authuser=0&hl=en&gl=US",,,6.0,5.0,3.0,13.0,103.0,126,https://lh3.googleusercontent.com/gps-cs-s/AB5caB-I0LeHrRUvHw6ieEsg79ehoOBJQZGsjNIgWU5JowLvjtaoStfIJ6mk6cRB7maym9TZmcK8rQR0TeqWsfHcew65JWOvVAK_n5__DZXe0YShwmgolA2i7r2Gtk9RcBpq-4KfeAQ=w800-h500-k-no,https://lh3.googleusercontent.com/gps-cs-s/AB5caB-I0LeHrRUvHw6ieEsg79ehoOBJQZGsjNIgWU5JowLvjtaoStfIJ6mk6cRB7maym9TZmcK8rQR0TeqWsfHcew65JWOvVAK_n5__DZXe0YShwmgolA2i7r2Gtk9RcBpq-4KfeAQ=w1600-h1000-k-no,,"{""Monday"": ""11AM-6PM"", ""Tuesday"": ""11AM-6PM"", ""Wednesday"": ""11AM-6PM"", ""Thursday"": ""11AM-6PM"", ""Friday"": ""11AM-5PM"", ""Saturday"": ""12-5PM"", ""Sunday"": ""Closed""}",Monday:11AM-6PM|Tuesday:11AM-6PM|Wednesday:11AM-6PM|Thursday:11AM-6PM|Friday:11AM-5PM|Saturday:12-5PM|Sunday:Closed,,,OPERATIONAL,"{""Service options"": {""Delivery"": true, ""Takeout"": true, ""Dine-in"": true}, ""Highlights"": {""Great tea selection"": true}, ""Accessibility"": {""Wheelchair accessible entrance"": true, ""Wheelchair accessible parking lot"": true}}",$,,https://lh3.googleusercontent.com/-yjggyRV3wGk/AAAAAAAAAAI/AAAAAAAAAAA/4th4lPcNtOo/s44-p-k-no-ns-nd/photo.jpg,,,True,102689889995070068230,Möge tee,https://www.google.com/maps/contrib/102689889995070068230,,"https://www.google.com/viewer/chooseprovider?mid=/g/11rhxs6k9r&g2lbs=AAEPWCtA4qmfafCMr-Xve52Oc0g8-EM930GRzO7Y7hA9IzD7Hq86RwdVbpOYcRm_CdLU3R11A_hJEVQHkYKDIjsGX4bVisjwcw%3D%3D&hl=en-US&gl=us&fo_m=MfohQo559jFvMUOzJVpjPL1YMfZ3bInYwBDuMfaXTPp5KXh-&utm_source=tactile&gei=aJQCaIHCOaWRvr0P4efs4Q8&ei=aJQCaIHCOaWRvr0P4efs4Q8&fo_s=OA,SOE&opi=79508299&ebb=1&cs=0&foub=mcpp",,,"https://www.google.com/maps/place/M%C3%B6ge+tee/@33.7560067,-84.38942449999999,14z/data=!4m8!1m2!2m1!1sM%C3%B6ge+tee!3m4!1s0x88f503514127a2f1:0x47084202399c9883!8m2!3d33.7560067!4d-84.38942449999999","https://www.google.com/maps/place/M%C3%B6ge+tee/@33.7560067,-84.38942449999999,13.99z/data=!4m16!1m7!3m6!1s0x88f503514127a2f1:0x47084202399c9883!2sM%C3%B6ge+tee!8m2!3d33.7560067!4d-84.38942449999999!16s%2Fg%2F11ckvg1dmb!3m7!1s0x88f503514127a2f1:0x47084202399c9883!8m2!3d33.7560067!4d-84.38942449999999!9m1!1b1!16s%2Fg%2F11ckvg1dmb?entry=ttu",ChIJ8aInQVED9YgRg5icOQJCCEc,0x88f503514127a2f1:0x47084202399c9883,5118413553830500483,/g/11rhxs6k9r,5118413553830500483,,info@mogeteeusa.com,RECEIVING,SMTP validated,,,,,,,,,,,,,,,,,,,,,,16463848108,+1 718-321-1188,9293502833,https://www.facebook.com/mogeteedc/,https://www.instagram.com/mogeteeusa,,,,,,,,,,,,,,StoreLocations,Wix.com Website Builder,Moge TEE is dedicated to create an unique and innovative beverage with well-balanced and rich flavor to present customers the most natural and fresh taste.,"Bubble tea, fruit tea, tea, dirty milk tea, super parfait, 愿茶美國官网,愿茶, 奶茶加盟",False,False
"bubble tea store, 30317, Atlanta, GA, US",Boba Chia,Boba Chia,https://www.bobachia.com/,Bubble tea store,Bubble tea store,Bubble tea store,+1 770-580-3159,"1000 Rowland St, Clarkston, GA 30021",None,1000 Rowland St,Clarkston,30021,Georgia,Georgia,United States of America,US,33.8072849,-84.2400688,8944c104c3bffff,America/New_York,,False,5.0,28,"https://search.google.com/local/reviews?placeid=ChIJP5o5Pc-p9YgR71tDoCmY4fY&q=bubble+tea+store,+30317,+Atlanta,+GA,+US&authuser=0&hl=en&gl=US",,,0.0,0.0,0.0,0.0,28.0,40,https://lh3.googleusercontent.com/gps-cs-s/AB5caB-jkL_OMuKQW5QcSI9yHSqTxtG2dAmO5tmB-wtGpJiL9NGrTzIICPRVkHH5mhTVBEeql-WWpESdCy4jlYURpp5F582pNaH4YOQ1T7W-UTxqgSekmA1MHg9pqkzmYsXjuVEUfYfD=w800-h500-k-no,https://lh3.googleusercontent.com/gps-cs-s/AB5caB-jkL_OMuKQW5QcSI9yHSqTxtG2dAmO5tmB-wtGpJiL9NGrTzIICPRVkHH5mhTVBEeql-WWpESdCy4jlYURpp5F582pNaH4YOQ1T7W-UTxqgSekmA1MHg9pqkzmYsXjuVEUfYfD=w1600-h1000-k-no,,"{""Monday"": ""2-6PM"", ""Tuesday"": ""12-6PM"", ""Wednesday"": ""12-6PM"", ""Thursday"": ""12-6PM"", ""Friday"": ""12-6PM"", ""Saturday"": ""Closed"", ""Sunday"": ""Closed""}",Monday:2-6PM|Tuesday:12-6PM|Wednesday:12-6PM|Thursday:12-6PM|Friday:12-6PM|Saturday:Closed|Sunday:Closed,,,OPERATIONAL,"{""Service options"": {""Curbside pickup"": true, ""Takeout"": true, ""Dine-in"": true}, ""Highlights"": {""Great tea selection"": true}, ""Accessibility"": {""Wheelchair accessible entrance"": true, ""Wheelchair accessible parking lot"": true}}",$,,https://lh6.googleusercontent.com/-qMQd68vUgZw/AAAAAAAAAAI/AAAAAAAAAAA/HckJno1WS7I/s44-p-k-no-ns-nd/photo.jpg,,,True,109231359034357642013,Boba Chia,https://www.google.com/maps/contrib/109231359034357642013,,"https://www.google.com/viewer/chooseprovider?mid=/g/11vhcmrpyp&g2lbs=AAEPWCuzkWmKc6x9v-kJBRhh6PYAsNydTkUWPX7yqDKVW10KhvtfO0gHvwBfLUll3xmTFb1Yg8mi9oCv8ll_i0TTuzrZ9XR7LA%3D%3D&hl=en-US&gl=us&fo_m=MfohQo559jFvMUOzJVpjPL1YMfZ3bInYwBDuMfaXTPp5KXh-&utm_source=tactile&gei=aJQCaIHCOaWRvr0P4efs4Q8&ei=aJQCaIHCOaWRvr0P4efs4Q8&fo_s=OA,SOE&opi=79508299&orderType=2&ebb=1&cs=0&foub=mcpp",,,"https://www.google.com/maps/place/Boba+Chia/@33.8072849,-84.2400688,14z/data=!4m8!1m2!2m1!1sBoba+Chia!3m4!1s0x88f5a9cf3d399a3f:0xf6e19829a0435bef!8m2!3d33.8072849!4d-84.2400688","https://www.google.com/maps/place/Boba+Chia/@33.8072849,-84.2400688,13.99z/data=!4m16!1m7!3m6!1s0x88f5a9cf3d399a3f:0xf6e19829a0435bef!2sBoba+Chia!8m2!3d33.8072849!4d-84.2400688!16s%2Fg%2F11ckvg1dmb!3m7!1s0x88f5a9cf3d399a3f:0xf6e19829a0435bef!8m2!3d33.8072849!4d-84.2400688!9m1!1b1!16s%2Fg%2F11ckvg1dmb?entry=ttu",ChIJP5o5Pc-p9YgR71tDoCmY4fY,0x88f5a9cf3d399a3f:0xf6e19829a0435bef,17789667307640019951,/g/11vhcmrpyp,-657076766069531665,,,,,,,,,,,,,,,,,,,,,,,,,,,,,,,,,,,,,,,,,,,,,,,,,
"bubble tea store, 30317, Atlanta, GA, US",Tea Leaf and Creamery (GT),Tea Leaf And Creamery Gt,https://www.tealeafandcreamery.com/,"Bubble tea store, Ice cream shop",Bubble tea store,Bubble tea store,+1 404-549-7048,"75 5th St NW, Atlanta, GA 30332",Midtown Atlanta,75 5th St NW,Atlanta,30332,Georgia,Georgia,United States of America,US,33.777014699999995,-84.389252,8944c1a8e37ffff,America/New_York,,False,4.5,8,"https://search.google.com/local/reviews?placeid=ChIJ4Z1Wr2EF9YgResS0FiF353s&q=bubble+tea+store,+30317,+Atlanta,+GA,+US&authuser=0&hl=en&gl=US",,,1.0,0.0,0.0,0.0,7.0,102,https://lh3.googleusercontent.com/p/AF1QipNk2pzVRMEjRT99O6dvb4RNWAqlCEdL171b34dQ=w800-h500-k-no,https://lh3.googleusercontent.com/p/AF1QipNk2pzVRMEjRT99O6dvb4RNWAqlCEdL171b34dQ=w1600-h1000-k-no,,"{""Monday"": ""11:30AM-9:30PM"", ""Tuesday"": ""11:30AM-9:30PM"", ""Wednesday"": ""11:30AM-9:30PM"", ""Thursday"": ""11:30AM-9:30PM"", ""Friday"": ""11:30AM-9:30PM"", ""Saturday"": ""12-9:30PM"", ""Sunday"": ""12-9:30PM""}",Monday:11:30AM-9:30PM|Tuesday:11:30AM-9:30PM|Wednesday:11:30AM-9:30PM|Thursday:11:30AM-9:30PM|Friday:11:30AM-9:30PM|Saturday:12-9:30PM|Sunday:12-9:30PM,,,OPERATIONAL,"{""Service options"": {""Delivery"": true, ""Takeout"": true, ""Dine-in"": true}, ""Accessibility"": {""Wheelchair accessible entrance"": true, ""Wheelchair accessible parking lot"": true}}",,,https://lh6.googleusercontent.com/-Ovwt37dCGCA/AAAAAAAAAAI/AAAAAAAAAAA/wvHYkSAHXd0/s44-p-k-no-ns-nd/photo.jpg,,,True,107292259388653940250,Tea Leaf and Creamery,https://www.google.com/maps/contrib/107292259388653940250,,"https://www.google.com/viewer/chooseprovider?mid=/g/11l_5nd2ww&g2lbs=AAEPWCuktps-jISfg74yZGX8zWdH-6L5y0GF1XL-ay2NxVDjxBpfOkfEo5bJtUV4tawVsMwQLaDKg_BIEP29Wmdynlu9pSZgkA%3D%3D&hl=en-US&gl=us&fo_m=MfohQo559jFvMUOzJVpjPL1YMfZ3bInYwBDuMfaXTPp5KXh-&utm_source=tactile&gei=aJQCaIHCOaWRvr0P4efs4Q8&ei=aJQCaIHCOaWRvr0P4efs4Q8&fo_s=OA,SOE&opi=79508299&ebb=1&cs=0&foub=mcpp",,,"https://www.google.com/maps/place/Tea+Leaf+and+Creamery+%28GT%29/@33.777014699999995,-84.389252,14z/data=!4m8!1m2!2m1!1sTea+Leaf+and+Creamery+%28GT%29!3m4!1s0x88f50561af569de1:0x7be7772116b4c47a!8m2!3d33.777014699999995!4d-84.389252","https://www.google.com/maps/place/Tea+Leaf+and+Creamery+%28GT%29/@33.777014699999995,-84.389252,13.99z/data=!4m16!1m7!3m6!1s0x88f50561af569de1:0x7be7772116b4c47a!2sTea+Leaf+and+Creamery+%28GT%29!8m2!3d33.777014699999995!4d-84.389252!16s%2Fg%2F11ckvg1dmb!3m7!1s0x88f50561af569de1:0x7be7772116b4c47a!8m2!3d33.777014699999995!4d-84.389252!9m1!1b1!16s%2Fg%2F11ckvg1dmb?entry=ttu",ChIJ4Z1Wr2EF9YgResS0FiF353s,0x88f50561af569de1:0x7be7772116b4c47a,8928235770283869306,/g/11l_5nd2ww,8928235770283869306,,tealeafandcreamery@gmail.com,RECEIVING,SMTP validated,,,,,,,,,,,,,,,,,,,,,,19095932600,,,https://www.facebook.com/104411412317132,,,,,,,,,,,,,,,Home | Tealeafcreamery,Wix.com Website Builder,"At Tea Leaf and Creamery, we offer a wide variety of bubble teas, smoothies, and desserts made using fresh ingredients.
Try our taiyaki ice cream, and enjoy handcrafted or signature creations. 
We pride ourselves on exceptional service and mouth-watering refreshments.",,,
"bubble tea store, 30317, Atlanta, GA, US",Jayida Ché Herbal Tea Spot,Jayida Ché Herbal Tea Spot,http://jayidache.com/,"Tea house, Cafe, Coffee shop, Tea market place, Tea store, Tea wholesaler",Tea house,Tea house,+1 404-348-0656,"566 Fayetteville Rd SE, Atlanta, GA 30316",None,566 Fayetteville Rd SE,Atlanta,30316,Georgia,Georgia,United States of America,US,33.738558399999995,-84.3110299,8944c1a9027ffff,America/New_York,,False,4.9,145,"https://search.google.com/local/reviews?placeid=ChIJUQQYr2AB9YgRjFPhCWb3boM&q=bubble+tea+store,+30317,+Atlanta,+GA,+US&authuser=0&hl=en&gl=US",,,0.0,2.0,0.0,7.0,136.0,59,https://lh3.googleusercontent.com/gps-cs-s/AB5caB9CnojdYe4XWdsQk2imm1P9Cn0e97jZzWfCqKgtNDaI_HFeH9oAZ12gF7-8uc1GYxTPA1psSU5ZBs_eVdV6lIPUAvXs_nXFISS2UM4nBuXOEKMgpwm2SXl1cNV5ZM7H-e-cjqozyg=w800-h500-k-no,https://lh3.googleusercontent.com/gps-cs-s/AB5caB9CnojdYe4XWdsQk2imm1P9Cn0e97jZzWfCqKgtNDaI_HFeH9oAZ12gF7-8uc1GYxTPA1psSU5ZBs_eVdV6lIPUAvXs_nXFISS2UM4nBuXOEKMgpwm2SXl1cNV5ZM7H-e-cjqozyg=w1600-h1000-k-no,,"{""Monday"": ""Closed"", ""Tuesday"": ""12-7PM"", ""Wednesday"": ""12-7PM"", ""Thursday"": ""12-7PM"", ""Friday"": ""12-7PM"", ""Saturday"": ""12-5PM"", ""Sunday"": ""9:30AM-6PM""}",Monday:Closed|Tuesday:12-7PM|Wednesday:12-7PM|Thursday:12-7PM|Friday:12-7PM|Saturday:12-5PM|Sunday:9:30AM-6PM,,,OPERATIONAL,"{""From the business"": {""Identifies as Black-owned"": true, ""Identifies as women-owned"": true}, ""Service options"": {""Curbside pickup"": true, ""Delivery"": true, ""Onsite services"": true, ""Takeout"": true, ""Dine-in"": true}, ""Highlights"": {""Great tea selection"": true}, ""Accessibility"": {""Wheelchair accessible entrance"": true, ""Wheelchair accessible parking lot"": true, ""Wheelchair accessible restroom"": true, ""Wheelchair accessible seating"": true}, ""Amenities"": {""Gender-neutral restroom"": true}, ""Crowd"": {""LGBTQ+ friendly"": true, ""Transgender safespace"": true}, ""Parking"": {""Free parking lot"": true, ""Free street parking"": true, ""On-site parking"": true}, ""Other"": {""Identifies as Black-owned"": true, ""LGBTQ+ friendly"": true, ""Identifies as women-owned"": true}}",$,,https://lh3.googleusercontent.com/-TTqXrdERekY/AAAAAAAAAAI/AAAAAAAAAAA/CxURFu-f3_E/s44-p-k-no-ns-nd/photo.jpg,,,True,107028507132374964524,Jayida Ché Herbal Tea Spot,https://www.google.com/maps/contrib/107028507132374964524,,"https://www.google.com/viewer/chooseprovider?mid=/g/11d_x540t8&g2lbs=AAEPWCtfzNEkLIPH0RegBIcER_f76UaVm2pMnQmRru9Dtq3jklCcNBy1yFILMMMJtnPCIitvnMooGuDDaVV1h5LSq94udK7S6Q%3D%3D&hl=en-US&gl=us&fo_m=MfohQo559jFvMUOzJVpjPL1YMfZ3bInYwBDuMfaXTPp5KXh-&utm_source=tactile&gei=aJQCaIHCOaWRvr0P4efs4Q8&ei=aJQCaIHCOaWRvr0P4efs4Q8&fo_s=OA,SOE&opi=79508299&ebb=1&cs=0&foub=mcpp",,,"https://www.google.com/maps/place/Jayida+Ch%C3%A9+Herbal+Tea+Spot/@33.738558399999995,-84.3110299,14z/data=!4m8!1m2!2m1!1sJayida+Ch%C3%A9+Herbal+Tea+Spot!3m4!1s0x88f50160af180451:0x836ef76609e1538c!8m2!3d33.738558399999995!4d-84.3110299","https://www.google.com/maps/place/Jayida+Ch%C3%A9+Herbal+Tea+Spot/@33.738558399999995,-84.3110299,13.99z/data=!4m16!1m7!3m6!1s0x88f50160af180451:0x836ef76609e1538c!2sJayida+Ch%C3%A9+Herbal+Tea+Spot!8m2!3d33.738558399999995!4d-84.3110299!16s%2Fg%2F11ckvg1dmb!3m7!1s0x88f50160af180451:0x836ef76609e1538c!8m2!3d33.738558399999995!4d-84.3110299!9m1!1b1!16s%2Fg%2F11ckvg1dmb?entry=ttu",ChIJUQQYr2AB9YgRjFPhCWb3boM,0x88f50160af180451:0x836ef76609e1538c,9470779084031218572,/g/11d_x540t8,-8975964989678333044,,goodtea@jayidache.com,RECEIVING,SMTP validated,,,,,,wholesaleorders@jayidache.com,RECEIVING,SMTP validated,,,,,,,,,,,,,,,,,https://www.facebook.com/jayidacheteaspot/,https://www.instagram.com/jayidacheteaspot,,,,,,,,,https://mobile.twitter.com/jayidache,,https://www.youtube.com/channel/UC4YZaqq3k5RcwPv8jZMLrAw/,,,"Atlanta's Herbal Tea Spot
– Jayida Che Herbal Tea Spot",,Visit us online our at our Atlanta location. Enjoy a good cup of tea!,,,
"bubble tea store, 30317, Atlanta, GA, US",Unbelibubble Ekiben Halidom,Unbelibubble Ekiben Halidom,https://www.unbelibubble.com/,"Bubble tea store, Cafe",cafes,Bubble tea store,+1 678-712-5554,"1341 Moreland Ave SE Suite 1000, Atlanta, GA 30316",Woodland Hills,1341 Moreland Ave SE Suite 1000,Atlanta,30316,Georgia,Georgia,United States of America,US,33.718707,-84.3498505,8944c1a860fffff,America/New_York,,False,4.3,3,"https://search.google.com/local/reviews?placeid=ChIJD871ZwAB9YgR4eBBu3IWiGI&q=bubble+tea+store,+30317,+Atlanta,+GA,+US&authuser=0&hl=en&gl=US",,,0.0,0.0,1.0,0.0,2.0,7,https://lh3.googleusercontent.com/gps-cs-s/AB5caB9-ioMYNusOcuUt8LXmD7k0z2ZL0AOXtxdPBDqO_UEGuS_fv2gd327VCBNSSLDRye0JPBB3c3EWmrF3y99ZtVgtMcYoU6Xt58sjRZxjkZuDBnXhVXAnrftf90nlG30O1fNzRo0M=w800-h500-k-no,https://lh3.googleusercontent.com/gps-cs-s/AB5caB9-ioMYNusOcuUt8LXmD7k0z2ZL0AOXtxdPBDqO_UEGuS_fv2gd327VCBNSSLDRye0JPBB3c3EWmrF3y99ZtVgtMcYoU6Xt58sjRZxjkZuDBnXhVXAnrftf90nlG30O1fNzRo0M=w1600-h1000-k-no,,"{""Monday"": ""11AM-8PM"", ""Tuesday"": ""11AM-8PM"", ""Wednesday"": ""11AM-8PM"", ""Thursday"": ""11AM-8PM"", ""Friday"": ""11AM-9PM"", ""Saturday"": ""11AM-9PM"", ""Sunday"": ""11AM-7:30PM""}",Monday:11AM-8PM|Tuesday:11AM-8PM|Wednesday:11AM-8PM|Thursday:11AM-8PM|Friday:11AM-9PM|Saturday:11AM-9PM|Sunday:11AM-7:30PM,,,OPERATIONAL,"{""Service options"": {""Delivery"": true, ""Takeout"": true, ""Dine-in"": true}, ""Popular for"": {""Solo dining"": true}, ""Accessibility"": {""Wheelchair accessible parking lot"": true}, ""Offerings"": {""Coffee"": true}, ""Amenities"": {""Restroom"": true}, ""Atmosphere"": {""Casual"": true}, ""Payments"": {""Credit cards"": true}}",,,https://lh4.googleusercontent.com/-E-zme0IFGCg/AAAAAAAAAAI/AAAAAAAAAAA/v_gmBs8-aFo/s44-p-k-no-ns-nd/photo.jpg,,,True,104799647198686842902,Unbelibubble Ekiben Halidom,https://www.google.com/maps/contrib/104799647198686842902,,"https://www.google.com/viewer/chooseprovider?mid=/g/11m63gcbk5&g2lbs=AAEPWCtnd_E63cZjmdR8WhSuiyJFAPM5Ge8LKimvYiRpL6UaeweRro2U_F6OHKg6u2Sld1NJUNvmtAyHPJRPT84Zjs4lawq2qw%3D%3D&hl=en-US&gl=us&fo_m=MfohQo559jFvMUOzJVpjPL1YMfZ3bInYwBDuMfaXTPp5KXh-&utm_source=tactile&gei=aJQCaIHCOaWRvr0P4efs4Q8&ei=aJQCaIHCOaWRvr0P4efs4Q8&fo_s=OA,SOE&opi=79508299&orderType=2&ebb=1&cs=0&foub=mcpp",,,"https://www.google.com/maps/place/Unbelibubble+Ekiben+Halidom/@33.718707,-84.3498505,14z/data=!4m8!1m2!2m1!1sUnbelibubble+Ekiben+Halidom!3m4!1s0x88f5010067f5ce0f:0x62881672bb41e0e1!8m2!3d33.718707!4d-84.3498505","https://www.google.com/maps/place/Unbelibubble+Ekiben+Halidom/@33.718707,-84.3498505,13.99z/data=!4m16!1m7!3m6!1s0x88f5010067f5ce0f:0x62881672bb41e0e1!2sUnbelibubble+Ekiben+Halidom!8m2!3d33.718707!4d-84.3498505!16s%2Fg%2F11ckvg1dmb!3m7!1s0x88f5010067f5ce0f:0x62881672bb41e0e1!8m2!3d33.718707!4d-84.3498505!9m1!1b1!16s%2Fg%2F11ckvg1dmb?entry=ttu",ChIJD871ZwAB9YgR4eBBu3IWiGI,0x88f5010067f5ce0f:0x62881672bb41e0e1,7099949494573326561,/g/11m63gcbk5,7099949494573326561,,unbelibubble.hq@gmail.com,RECEIVING,SMTP validated,,,,,,,,,,,,,,,,,,,,,,,,,https://www.facebook.com/unbelibubble,https://www.instagram.com/unbelibubbletea,,,,,,,,,https://twitter.com/unbelibubbletea,,,,,Unbelibubble Tea House – Serving the most unbelibubble tea & coffee,WordPress 6.0.1,,,False,False
"bubble tea store, 30317, Atlanta, GA, US",Möge Tee,Möge Tee,https://pos.chowbus.com/online-ordering/store/14176,Bubble tea store,Bubble tea store,Bubble tea store,+1 404-885-1815,"529 10th St NW, Atlanta, GA 30318",Home Park,529 10th St NW,Atlanta,30318,Georgia,Georgia,United States of America,US,33.7818727,-84.4047374,8944c1a888fffff,America/New_York,,False,4.1,203,"https://search.google.com/local/reviews?placeid=ChIJ23JJPc8F9YgRZXeL-b8YvuE&q=bubble+tea+store,+30317,+Atlanta,+GA,+US&authuser=0&hl=en&gl=US",,,31.0,3.0,16.0,9.0,144.0,329,https://lh3.googleusercontent.com/gps-cs-s/AB5caB80r13kpOtMz_Vskoc6hgd_gqmQ6Z7ihFYaKB9Pxghxrtuvih5N5qOnduNI3XtFsjD6pHAbARjS-lSKb5Y-itklLL_gjvLHGulAEw8fQefVxHyyWIRkCMUtrRwoC5gntX9XKb3neA=w800-h500-k-no,https://lh3.googleusercontent.com/gps-cs-s/AB5caB80r13kpOtMz_Vskoc6hgd_gqmQ6Z7ihFYaKB9Pxghxrtuvih5N5qOnduNI3XtFsjD6pHAbARjS-lSKb5Y-itklLL_gjvLHGulAEw8fQefVxHyyWIRkCMUtrRwoC5gntX9XKb3neA=w1600-h1000-k-no,,"{""Monday"": ""12PM-12AM"", ""Tuesday"": ""12PM-12AM"", ""Wednesday"": ""12PM-12AM"", ""Thursday"": ""12PM-12AM"", ""Friday"": ""12PM-2AM"", ""Saturday"": ""12PM-2AM"", ""Sunday"": ""12PM-12AM""}",Monday:12PM-12AM|Tuesday:12PM-12AM|Wednesday:12PM-12AM|Thursday:12PM-12AM|Friday:12PM-2AM|Saturday:12PM-2AM|Sunday:12PM-12AM,,,OPERATIONAL,"{""Service options"": {""No-contact delivery"": true, ""Delivery"": true, ""Takeout"": true, ""Dine-in"": true}, ""Highlights"": {""Great tea selection"": true}, ""Accessibility"": {""Wheelchair accessible entrance"": true, ""Wheelchair accessible parking lot"": true, ""Wheelchair accessible restroom"": true}}",$,,https://lh4.googleusercontent.com/-1ih9a1IyNZo/AAAAAAAAAAI/AAAAAAAAAAA/KG7jqI1ukw0/s44-p-k-no-ns-nd/photo.jpg,,,True,103111724228342675585,Möge Tee,https://www.google.com/maps/contrib/103111724228342675585,,"https://www.google.com/viewer/chooseprovider?mid=/g/11v15j74ct&g2lbs=AAEPWCtWCGncxPrzlj8Mr3q3jYb8xev9FSdfeXymoSRdV0LXAJRvJtPuEGgbbndZDvxNCKBUMv_6PKpmqzzCyeXVqfiUvIF-gA%3D%3D&hl=en-US&gl=us&fo_m=MfohQo559jFvMUOzJVpjPL1YMfZ3bInYwBDuMfaXTPp5KXh-&utm_source=tactile&gei=aJQCaIHCOaWRvr0P4efs4Q8&ei=aJQCaIHCOaWRvr0P4efs4Q8&fo_s=OA,SOE&opi=79508299&ebb=1&cs=0&foub=mcpp",,,"https://www.google.com/maps/place/M%C3%B6ge+Tee/@33.7818727,-84.4047374,14z/data=!4m8!1m2!2m1!1sM%C3%B6ge+Tee!3m4!1s0x88f505cf3d4972db:0xe1be18bff98b7765!8m2!3d33.7818727!4d-84.4047374","https://www.google.com/maps/place/M%C3%B6ge+Tee/@33.7818727,-84.4047374,13.99z/data=!4m16!1m7!3m6!1s0x88f505cf3d4972db:0xe1be18bff98b7765!2sM%C3%B6ge+Tee!8m2!3d33.7818727!4d-84.4047374!16s%2Fg%2F11ckvg1dmb!3m7!1s0x88f505cf3d4972db:0xe1be18bff98b7765!8m2!3d33.7818727!4d-84.4047374!9m1!1b1!16s%2Fg%2F11ckvg1dmb?entry=ttu",ChIJ23JJPc8F9YgRZXeL-b8YvuE,0x88f505cf3d4972db:0xe1be18bff98b7765,16266466116913297253,/g/11v15j74ct,-2180277956796254363,,joel.stump@chowbus.com,RECEIVING,Catch All,,,,,,,,,,,,,,,,,,,,,,19045793913,,,https://www.facebook.com/1876735259269202,,https://www.linkedin.com/company/chowbus,,,,,,,,,,,,,"The Pan Kitchen, 1145 Lindero Canyon Rd d 11,  | Online Ordering | Chowbus POS",,The Pan Kitchen | Online Ordering | Chowbus POS,Restaurant POS Systems,False,False
"bubble tea store, 30317, Atlanta, GA, US",Tea'z Social,Teaz Social,https://www.teazsocial.com/,"Tea house, Breakfast restaurant, Cafe, Coffee shop, Lunch restaurant, Pizza restaurant, Salad shop, Sandwich shop, Small plates restaurant",Tea house,Tea house,+1 470-388-1161,"337 Moreland Ave NE, Atlanta, GA 30307",Candler Park,337 Moreland Ave NE,Atlanta,30307,Georgia,Georgia,United States of America,US,33.7636853,-84.3490084,8944c1a9cafffff,America/New_York,,False,4.8,19,"https://search.google.com/local/reviews?placeid=ChIJX4HUDNkH9YgR-kUMYC-lqr8&q=bubble+tea+store,+30317,+Atlanta,+GA,+US&authuser=0&hl=en&gl=US",,,1.0,0.0,0.0,0.0,18.0,77,https://lh3.googleusercontent.com/p/AF1QipMddh__1haAUp4cd_S9uGqtVEgcXbE3ipkgCyVh=w800-h500-k-no,https://lh3.googleusercontent.com/p/AF1QipMddh__1haAUp4cd_S9uGqtVEgcXbE3ipkgCyVh=w1600-h1000-k-no,,"{""Monday"": ""10AM-12AM"", ""Tuesday"": ""10AM-12AM"", ""Wednesday"": ""10AM-12AM"", ""Thursday"": ""10AM-12AM"", ""Friday"": ""10AM-1AM"", ""Saturday"": ""10AM-1AM"", ""Sunday"": ""10AM-12AM""}",Monday:10AM-12AM|Tuesday:10AM-12AM|Wednesday:10AM-12AM|Thursday:10AM-12AM|Friday:10AM-1AM|Saturday:10AM-1AM|Sunday:10AM-12AM,,,OPERATIONAL,"{""Service options"": {""Curbside pickup"": true, ""No-contact delivery"": true, ""Delivery"": true, ""Takeout"": true, ""Dine-in"": true}, ""Highlights"": {""Great tea selection"": true}, ""Accessibility"": {""Wheelchair accessible entrance"": true, ""Wheelchair accessible parking lot"": true, ""Wheelchair accessible restroom"": true, ""Wheelchair accessible seating"": true}, ""Crowd"": {""LGBTQ+ friendly"": true, ""Transgender safespace"": true}, ""Parking"": {""Paid parking lot"": true}, ""Other"": {""LGBTQ+ friendly"": true}}",,,https://lh6.googleusercontent.com/-4dk9Mn2mXuc/AAAAAAAAAAI/AAAAAAAAAAA/kc6hDLGHxec/s44-p-k-no-ns-nd/photo.jpg,,,True,113670188199988937325,Tea'z Social,https://www.google.com/maps/contrib/113670188199988937325,,"https://www.google.com/viewer/chooseprovider?mid=/g/11w9440cmj&g2lbs=AAEPWCtxj3pMdMy77m4sYN4jRNdj3f0RxyHjupArrvoWJZGrtDJBxzJQd1Ujo-KUc3H1FQgQE4bWyyAbEHEqILjnA2b31T5Csg%3D%3D&hl=en-US&gl=us&fo_m=MfohQo559jFvMUOzJVpjPL1YMfZ3bInYwBDuMfaXTPp5KXh-&utm_source=tactile&gei=aJQCaIHCOaWRvr0P4efs4Q8&ei=aJQCaIHCOaWRvr0P4efs4Q8&fo_s=OA,SOE&opi=79508299&ebb=1&cs=0&foub=mcpp",,,"https://www.google.com/maps/place/Tea%27z+Social/@33.7636853,-84.3490084,14z/data=!4m8!1m2!2m1!1sTea%27z+Social!3m4!1s0x88f507d90cd4815f:0xbfaaa52f600c45fa!8m2!3d33.7636853!4d-84.3490084","https://www.google.com/maps/place/Tea%27z+Social/@33.7636853,-84.3490084,13.99z/data=!4m16!1m7!3m6!1s0x88f507d90cd4815f:0xbfaaa52f600c45fa!2sTea%27z+Social!8m2!3d33.7636853!4d-84.3490084!16s%2Fg%2F11ckvg1dmb!3m7!1s0x88f507d90cd4815f:0xbfaaa52f600c45fa!8m2!3d33.7636853!4d-84.3490084!9m1!1b1!16s%2Fg%2F11ckvg1dmb?entry=ttu",ChIJX4HUDNkH9YgR-kUMYC-lqr8,0x88f507d90cd4815f:0xbfaaa52f600c45fa,13811032830178510330,/g/11w9440cmj,-4635711243531041286,,,,,,,,,,,,,,,,,,,,,,,,,,,,,,,,,,,,,,,,,,,,"Tea'z Social | Kava Bar & Cafe in Atlanta, GA",,"Tea'z Social in Atlanta, GA. Call us at (470) 388-1161. Check out our location and hours, and latest menu with photos and reviews.",,False,False
"bubble tea store, 30317, Atlanta, GA, US",Wai's Gong Fu Tea House,Wais Gong Fu Tea House,http://waisgongfutea.com/,Chinese tea house,Chinese tea house,Chinese tea house,+1 404-698-3172,"1385 English St NW, Atlanta, GA 30318",Blandtown,1385 English St NW,Atlanta,30318,Georgia,Georgia,United States of America,US,33.792573499999996,-84.41986349999999,8944c1a899bffff,America/New_York,,False,5.0,89,"https://search.google.com/local/reviews?placeid=ChIJOS8LEhYF9YgRpEcP5b3M1WU&q=bubble+tea+store,+30317,+Atlanta,+GA,+US&authuser=0&hl=en&gl=US",,,1.0,0.0,0.0,0.0,88.0,135,https://lh3.googleusercontent.com/p/AF1QipMroGJK_7prfvxYj9fuq4Ump96T5liTP5R947FS=w800-h500-k-no,https://lh3.googleusercontent.com/p/AF1QipMroGJK_7prfvxYj9fuq4Ump96T5liTP5R947FS=w1600-h1000-k-no,,"{""Monday"": ""1-8PM"", ""Tuesday"": ""1-8PM"", ""Wednesday"": ""1-8PM"", ""Thursday"": ""1-8PM"", ""Friday"": ""1-8PM"", ""Saturday"": ""10AM-8PM"", ""Sunday"": ""10AM-8PM""}",Monday:1-8PM|Tuesday:1-8PM|Wednesday:1-8PM|Thursday:1-8PM|Friday:1-8PM|Saturday:10AM-8PM|Sunday:10AM-8PM,,,OPERATIONAL,"{""Service options"": {""Dine-in"": true, ""Delivery"": false}, ""Highlights"": {""Great tea selection"": true}, ""Accessibility"": {""Wheelchair accessible entrance"": true, ""Wheelchair accessible parking lot"": true, ""Wheelchair accessible restroom"": true, ""Wheelchair accessible seating"": true}, ""Amenities"": {""Gender-neutral restroom"": true}, ""Crowd"": {""LGBTQ+ friendly"": true, ""Transgender safespace"": true}, ""Other"": {""LGBTQ+ friendly"": true}}",,,https://lh5.googleusercontent.com/-A_jF_Ime0mU/AAAAAAAAAAI/AAAAAAAAAAA/sh6Atmdr_CY/s44-p-k-no-ns-nd/photo.jpg,,,True,101388166337235110423,Wai's Gong Fu Tea House,https://www.google.com/maps/contrib/101388166337235110423,https://www.waisgongfutea.com/book,https://www.waisgongfutea.com/book,,https://www.waisgongfutea.com/book,"https://www.google.com/maps/place/Wai%27s+Gong+Fu+Tea+House/@33.792573499999996,-84.41986349999999,14z/data=!4m8!1m2!2m1!1sWai%27s+Gong+Fu+Tea+House!3m4!1s0x88f50516120b2f39:0x65d5ccbde50f47a4!8m2!3d33.792573499999996!4d-84.41986349999999","https://www.google.com/maps/place/Wai%27s+Gong+Fu+Tea+House/@33.792573499999996,-84.41986349999999,13.99z/data=!4m16!1m7!3m6!1s0x88f50516120b2f39:0x65d5ccbde50f47a4!2sWai%27s+Gong+Fu+Tea+House!8m2!3d33.792573499999996!4d-84.41986349999999!16s%2Fg%2F11ckvg1dmb!3m7!1s0x88f50516120b2f39:0x65d5ccbde50f47a4!8m2!3d33.792573499999996!4d-84.41986349999999!9m1!1b1!16s%2Fg%2F11ckvg1dmb?entry=ttu",ChIJOS8LEhYF9YgRpEcP5b3M1WU,0x88f50516120b2f39:0x65d5ccbde50f47a4,7337996283833960356,/g/11kjp8pzt7,7337996283833960356,,info@waisgongfutea.com,RECEIVING,SMTP validated,,,,,,,,,,,,,,,,,,,,,,14708887438,,,https://www.facebook.com/102830729470554,,,,,,,,,,,,,,,Gong Fu Tea House | Wai's Kung Fu | Atlanta,Wix.com Website Builder,"The developed skill of brewing and enjoying high grade, whole leaf tea. Relaxing and completely enjoyable environment.",,False,False
"bubble tea store, 30317, Atlanta, GA, US",Unbelibubble Chattahoochee Food Works,Unbelibubble Chattahoochee Food Works,http://www.unbelibubble.com/,Tea store,Tea store,Tea store,,"1235 Chattahoochee Ave NW Suite 130, Atlanta, GA 30318",Underwood Hills,1235 Chattahoochee Ave NW Suite 130,Atlanta,30318,Georgia,Georgia,United States of America,US,33.8028215,-84.4285915,8944c1a89a3ffff,America/New_York,,False,3.9,75,"https://search.google.com/local/reviews?placeid=ChIJA8vNHQsF9YgR1uTKcfxGvDI&q=bubble+tea+store,+30317,+Atlanta,+GA,+US&authuser=0&hl=en&gl=US",,,11.0,6.0,5.0,10.0,43.0,124,https://lh3.googleusercontent.com/gps-cs-s/AB5caB87x5u1uHVqQ-Exei-22m_S-SKMrD76kfXvei9rDBO2yQ5tWkOknbPKzjXmrSAVKUe88AYJcivHcFxKJyhPpksKBfun_-OOgtUL_NwpipFauIBNkCOnbPnroyX7xn2LmDJlIaw=w800-h500-k-no,https://lh3.googleusercontent.com/gps-cs-s/AB5caB87x5u1uHVqQ-Exei-22m_S-SKMrD76kfXvei9rDBO2yQ5tWkOknbPKzjXmrSAVKUe88AYJcivHcFxKJyhPpksKBfun_-OOgtUL_NwpipFauIBNkCOnbPnroyX7xn2LmDJlIaw=w1600-h1000-k-no,,"{""Monday"": ""12-8:40PM"", ""Tuesday"": ""12-8:40PM"", ""Wednesday"": ""12-8:40PM"", ""Thursday"": ""12-9:30PM"", ""Friday"": ""12-10PM"", ""Saturday"": ""12-10PM"", ""Sunday"": ""12-8:40PM""}",Monday:12-8:40PM|Tuesday:12-8:40PM|Wednesday:12-8:40PM|Thursday:12-9:30PM|Friday:12-10PM|Saturday:12-10PM|Sunday:12-8:40PM,,,OPERATIONAL,"{""From the business"": {""Small business"": true}, ""Service options"": {""Delivery"": true, ""Takeout"": true, ""Same-day delivery"": false}, ""Accessibility"": {""Wheelchair accessible entrance"": true, ""Wheelchair accessible parking lot"": true}, ""Planning"": {""Quick visit"": true}, ""Payments"": {""Credit cards"": true, ""Debit cards"": true, ""NFC mobile payments"": true}}",,,https://lh5.googleusercontent.com/-ChyLd_6VLq0/AAAAAAAAAAI/AAAAAAAAAAA/sr7_FxWFuAA/s44-p-k-no-ns-nd/photo.jpg,,,True,107348917494761583175,Unbelibubble Chattahoochee Food Works,https://www.google.com/maps/contrib/107348917494761583175,,,,,"https://www.google.com/maps/place/Unbelibubble+Chattahoochee+Food+Works/@33.8028215,-84.4285915,14z/data=!4m8!1m2!2m1!1sUnbelibubble+Chattahoochee+Food+Works!3m4!1s0x88f5050b1dcdcb03:0x32bc46fc71cae4d6!8m2!3d33.8028215!4d-84.4285915","https://www.google.com/maps/place/Unbelibubble+Chattahoochee+Food+Works/@33.8028215,-84.4285915,13.99z/data=!4m16!1m7!3m6!1s0x88f5050b1dcdcb03:0x32bc46fc71cae4d6!2sUnbelibubble+Chattahoochee+Food+Works!8m2!3d33.8028215!4d-84.4285915!16s%2Fg%2F11ckvg1dmb!3m7!1s0x88f5050b1dcdcb03:0x32bc46fc71cae4d6!8m2!3d33.8028215!4d-84.4285915!9m1!1b1!16s%2Fg%2F11ckvg1dmb?entry=ttu",ChIJA8vNHQsF9YgR1uTKcfxGvDI,0x88f5050b1dcdcb03:0x32bc46fc71cae4d6,3655875047572825302,/g/11mxc963kc,3655875047572825302,,unbelibubble.hq@gmail.com,RECEIVING,SMTP validated,,,,,,,,,,,,,,,,,,,,,,,,,https://www.facebook.com/unbelibubble,https://www.instagram.com/unbelibubbletea,,,,,,,,,https://twitter.com/unbelibubbletea,,,,,Unbelibubble Tea House – Serving the most unbelibubble tea & coffee,WordPress 6.0.1,,,False,False
"bubble tea store, 30317, Atlanta, GA, US",SunO Dessert,Suno Dessert,http://www.sunodessert.com/,"Bubble tea store, Dessert shop, Cafe, Dessert restaurant, Ice cream shop",Dessert shop,Bubble tea store,+1 678-362-4776,"2144 N Decatur Rd, Decatur, GA 30033",None,2144 N Decatur Rd,Decatur,30033,Georgia,Georgia,United States of America,US,33.7904495,-84.304887,8944c1a9a73ffff,America/New_York,,False,4.4,315,"https://search.google.com/local/reviews?placeid=ChIJedCR-gQH9YgR3NrYV0_x9GQ&q=bubble+tea+store,+30317,+Atlanta,+GA,+US&authuser=0&hl=en&gl=US",,,13.0,13.0,18.0,56.0,215.0,134,https://lh3.googleusercontent.com/gps-cs-s/AB5caB8TurQcrjXkmD57WximmQ1chLhtrjUYYAx4kTo-kzpfhGvpoOzxLeABag0rmCfgxuMN_VIKgmWa7RdNE2kbJRbIjn6fA-5BhyuGW2jjhrnIVYiZqgTFSD7pGowsEduBfzmfVXmZ9A=w800-h500-k-no,https://lh3.googleusercontent.com/gps-cs-s/AB5caB8TurQcrjXkmD57WximmQ1chLhtrjUYYAx4kTo-kzpfhGvpoOzxLeABag0rmCfgxuMN_VIKgmWa7RdNE2kbJRbIjn6fA-5BhyuGW2jjhrnIVYiZqgTFSD7pGowsEduBfzmfVXmZ9A=w1600-h1000-k-no,,"{""Monday"": ""12-7:30PM"", ""Tuesday"": ""12-7:30PM"", ""Wednesday"": ""12-7PM"", ""Thursday"": ""12-7:30PM"", ""Friday"": ""12-8PM"", ""Saturday"": ""12-8PM"", ""Sunday"": ""12-7PM""}",Monday:12-7:30PM|Tuesday:12-7:30PM|Wednesday:12-7PM|Thursday:12-7:30PM|Friday:12-8PM|Saturday:12-8PM|Sunday:12-7PM,,,OPERATIONAL,"{""Service options"": {""Delivery"": true, ""In-store pickup"": true, ""Takeout"": true, ""Dine-in"": true, ""Same-day delivery"": false}, ""Accessibility"": {""Wheelchair accessible entrance"": true, ""Wheelchair accessible parking lot"": true}, ""Amenities"": {""Wi-Fi"": true}, ""Planning"": {""Quick visit"": true}, ""Payments"": {""Credit cards"": true, ""Debit cards"": true, ""NFC mobile payments"": true}, ""Parking"": {""Free parking lot"": true, ""Free street parking"": true}}",$,,https://lh6.googleusercontent.com/-rWE7erDbrXY/AAAAAAAAAAI/AAAAAAAAAAA/ncUk8HxN61w/s44-p-k-no-ns-nd/photo.jpg,"Cheery spot for shaved ice with an array of toppings, plus other Asian treats including bubble teas.",,True,101908712225464839222,SunO Dessert,https://www.google.com/maps/contrib/101908712225464839222,,"https://www.google.com/viewer/chooseprovider?mid=/g/1tddym39&g2lbs=AAEPWCtfJ8qiewfoq-8H5NwpvVUwVuPfLyfqWX8ZeBbDhTZCtbHyNBWDeIOP3CwLqIyugw0FdpHigBEXwJtHLpWd3IovMH9lqw%3D%3D&hl=en-US&gl=us&fo_m=MfohQo559jFvMUOzJVpjPL1YMfZ3bInYwBDuMfaXTPp5KXh-&utm_source=tactile&gei=aJQCaIHCOaWRvr0P4efs4Q8&ei=aJQCaIHCOaWRvr0P4efs4Q8&fo_s=OA,SOE&opi=79508299&ebb=1&cs=0&foub=mcpp",,,"https://www.google.com/maps/place/SunO+Dessert/@33.7904495,-84.304887,14z/data=!4m8!1m2!2m1!1sSunO+Dessert!3m4!1s0x88f50704fa91d079:0x64f4f14f57d8dadc!8m2!3d33.7904495!4d-84.304887","https://www.google.com/maps/place/SunO+Dessert/@33.7904495,-84.304887,13.99z/data=!4m16!1m7!3m6!1s0x88f50704fa91d079:0x64f4f14f57d8dadc!2sSunO+Dessert!8m2!3d33.7904495!4d-84.304887!16s%2Fg%2F11ckvg1dmb!3m7!1s0x88f50704fa91d079:0x64f4f14f57d8dadc!8m2!3d33.7904495!4d-84.304887!9m1!1b1!16s%2Fg%2F11ckvg1dmb?entry=ttu",ChIJedCR-gQH9YgR3NrYV0_x9GQ,0x88f50704fa91d079:0x64f4f14f57d8dadc,7274704621188733660,/g/1tddym39,7274704621188733660,,s7@sunodessert.com,RECEIVING,SMTP validated,Andy Chou,Andy,Chou,Owner,14044861110,sarah@sunodessert.com,RECEIVING,SMTP validated,Sarah Hsu,Sarah,Hsu,Marketing Manager,,info@sunodessert.com,RECEIVING,SMTP validated,Ching Ma,Ching,Ma,Manager,17707100084,14043433499,,,http://www.facebook.com/sunodessert,https://www.instagram.com/sunodessert,http://www.linkedin.com/company/1416823,,,,,,,,https://twitter.com/SunOdessert,,,,,SunO Dessert – Atlanta's favorite frozen treats and desserts,WordPress 5.4.10,,,False,True
"bubble tea store, 30317, Atlanta, GA, US",Brooklyn Tea,Brooklyn Tea,https://brooklyntea.com/pages/atlanta-tearoom,Tea house,Tea house,Tea house,+1 404-963-1897,"329 Nelson St SW, Atlanta, GA 30313",Downtown Atlanta,329 Nelson St SW,Atlanta,30313,Georgia,Georgia,United States of America,US,33.751676599999996,-84.39866479999999,8944c1a81a7ffff,America/New_York,,False,4.6,176,"https://search.google.com/local/reviews?placeid=ChIJDYbsEt0D9YgRuGpTMSLUOac&q=bubble+tea+store,+30317,+Atlanta,+GA,+US&authuser=0&hl=en&gl=US",,,12.0,4.0,5.0,7.0,148.0,312,https://lh3.googleusercontent.com/p/AF1QipNqLL8sjzZ30n_AzkfpmmBmdWO0kxxAHT2nYUhb=w800-h500-k-no,https://lh3.googleusercontent.com/p/AF1QipNqLL8sjzZ30n_AzkfpmmBmdWO0kxxAHT2nYUhb=w1600-h1000-k-no,,,,,,OPERATIONAL,"{""From the business"": {""Identifies as Black-owned"": true, ""Identifies as women-owned"": true}, ""Service options"": {""Delivery"": true, ""Takeout"": true, ""Dine-in"": true}, ""Accessibility"": {""Wheelchair accessible entrance"": true, ""Wheelchair accessible seating"": true}, ""Amenities"": {""Gender-neutral restroom"": true}, ""Parking"": {""Free street parking"": true}, ""Other"": {""Identifies as Black-owned"": true, ""Identifies as women-owned"": true}}",$,,https://lh6.googleusercontent.com/-h7iHSg0D7pk/AAAAAAAAAAI/AAAAAAAAAAA/Jgg55Hr-OkU/s44-p-k-no-ns-nd/photo.jpg,,,True,103340839645666020843,Brooklyn Tea,https://www.google.com/maps/contrib/103340839645666020843,,,,,"https://www.google.com/maps/place/Brooklyn+Tea/@33.751676599999996,-84.39866479999999,14z/data=!4m8!1m2!2m1!1sBrooklyn+Tea!3m4!1s0x88f503dd12ec860d:0xa739d42231536ab8!8m2!3d33.751676599999996!4d-84.39866479999999","https://www.google.com/maps/place/Brooklyn+Tea/@33.751676599999996,-84.39866479999999,13.99z/data=!4m16!1m7!3m6!1s0x88f503dd12ec860d:0xa739d42231536ab8!2sBrooklyn+Tea!8m2!3d33.751676599999996!4d-84.39866479999999!16s%2Fg%2F11ckvg1dmb!3m7!1s0x88f503dd12ec860d:0xa739d42231536ab8!8m2!3d33.751676599999996!4d-84.39866479999999!9m1!1b1!16s%2Fg%2F11ckvg1dmb?entry=ttu",ChIJDYbsEt0D9YgRuGpTMSLUOac,0x88f503dd12ec860d:0xa739d42231536ab8,12049895521327999672,/g/11pvgf1r89,-6396848552381551944,,kthomas@brooklyntea.com,RECEIVING,SMTP validated,,,,,,awright@brooklyntea.com,RECEIVING,SMTP validated,,,,,,sales@brooklyntea.com,RECEIVING,SMTP validated,,,,,,,,,https://www.facebook.com/BrooklynTea/,https://www.instagram.com/brooklyntea,https://www.linkedin.com/company/brooklyn-tea,,,,,,,,https://twitter.com/brooklynteanyc,,,,,Brooklyn Tea Atlanta,,"Located on 329 Nelson Street SW in Atlanta, GA. Our tea shop and tearoom features over 50 teas, coffee, vegan and non-vegan food, ample indoor seating, modern decor and free WIFI.",,False,False
"bubble tea store, 30317, Atlanta, GA, US",Sweet Hut Bakery & Cafe,Sweet Hut Bakery And Cafe,http://www.sweethutbakery.com/,"Bubble tea store, Bakery, Cafe, Dessert shop, Wedding bakery",Bakery,Bubble tea store,+1 404-600-4800,"935 Peachtree St NE UNIT 935, Atlanta, GA 30309",Midtown Atlanta,935 Peachtree St NE UNIT 935,Atlanta,30309,Georgia,Georgia,United States of America,US,33.7802021,-84.3839385,8944c1a8e2fffff,America/New_York,,False,4.5,2962,"https://search.google.com/local/reviews?placeid=ChIJeXx8Q_R34RQRFF7iKuRsEmA&q=bubble+tea+store,+30317,+Atlanta,+GA,+US&authuser=0&hl=en&gl=US",,,82.0,64.0,170.0,606.0,2040.0,2491,https://lh3.googleusercontent.com/p/AF1QipP6TBPWnYlkakrm0YYdRSG6vgt1mTi021a32p2h=w800-h500-k-no,https://lh3.googleusercontent.com/p/AF1QipP6TBPWnYlkakrm0YYdRSG6vgt1mTi021a32p2h=w1600-h1000-k-no,,"{""Monday"": ""11AM-10PM"", ""Tuesday"": ""11AM-10PM"", ""Wednesday"": ""11AM-10PM"", ""Thursday"": ""11AM-10PM"", ""Friday"": ""11AM-11PM"", ""Saturday"": ""11AM-11PM"", ""Sunday"": ""11AM-11PM""}",Monday:11AM-10PM|Tuesday:11AM-10PM|Wednesday:11AM-10PM|Thursday:11AM-10PM|Friday:11AM-11PM|Saturday:11AM-11PM|Sunday:11AM-11PM,,,OPERATIONAL,"{""From the business"": {""Identifies as women-owned"": true}, ""Service options"": {""No-contact delivery"": true, ""Delivery"": true, ""In-store pickup"": true, ""Onsite services"": true, ""Takeout"": true, ""Dine-in"": true}, ""Accessibility"": {""Wheelchair accessible entrance"": true, ""Wheelchair accessible parking lot"": true, ""Wheelchair accessible restroom"": true, ""Wheelchair accessible seating"": true}, ""Offerings"": {""Coffee"": true}, ""Dining options"": {""Breakfast"": true}, ""Amenities"": {""Restroom"": true, ""Wi-Fi"": true}, ""Planning"": {""Quick visit"": true}, ""Payments"": {""Credit cards"": true, ""Debit cards"": true, ""NFC mobile payments"": true}, ""Parking"": {""Free parking garage"": true}, ""Other"": {""Identifies as women-owned"": true}}",$,,https://lh4.googleusercontent.com/-VjFnB6h3zLI/AAAAAAAAAAI/AAAAAAAAAAA/AE-h3T-eS54/s44-p-k-no-ns-nd/photo.jpg,"Cafe with contemporary decor serving Asian-style breads, pastries & cakes, plus an array of teas.",,True,106426654625465399160,Sweet Hut Bakery & Cafe,https://www.google.com/maps/contrib/106426654625465399160,,"https://www.google.com/viewer/chooseprovider?mid=/g/11b6jbs997&g2lbs=AAEPWCsB_z32AF2-4Mj7O3nvCdde8FQW9OjZtmHYYsIDOOZFLhHr1m1UbPY_oq2LgST7sXRnEokbOl_pGP5wJomfzMg6crYCHw%3D%3D&hl=en-US&gl=us&fo_m=MfohQo559jFvMUOzJVpjPL1YMfZ3bInYwBDuMfaXTPp5KXh-&utm_source=tactile&gei=a5QCaNGfM_fh2roPvPqOgQ8&ei=a5QCaNGfM_fh2roPvPqOgQ8&fo_s=OA,SOE&opi=79508299&ebb=1&cs=0&foub=mcpp",,,"https://www.google.com/maps/place/Sweet+Hut+Bakery+%26+Cafe/@33.7802021,-84.3839385,14z/data=!4m8!1m2!2m1!1sSweet+Hut+Bakery+%26+Cafe!3m4!1s0x14e177f4437c7c79:0x60126ce42ae25e14!8m2!3d33.7802021!4d-84.3839385","https://www.google.com/maps/place/Sweet+Hut+Bakery+%26+Cafe/@33.7802021,-84.3839385,13.99z/data=!4m16!1m7!3m6!1s0x14e177f4437c7c79:0x60126ce42ae25e14!2sSweet+Hut+Bakery+%26+Cafe!8m2!3d33.7802021!4d-84.3839385!16s%2Fg%2F11ckvg1dmb!3m7!1s0x14e177f4437c7c79:0x60126ce42ae25e14!8m2!3d33.7802021!4d-84.3839385!9m1!1b1!16s%2Fg%2F11ckvg1dmb?entry=ttu",ChIJeXx8Q_R34RQRFF7iKuRsEmA,0x14e177f4437c7c79:0x60126ce42ae25e14,6922715304449695252,/g/11b6jbs997,6922715304449695252,,info@sweethut.com,INVALID,Invalid SMTP,,,,,,catering@sweethut.com,RECEIVING,SMTP validated,,,,,,mobile@sweethut.com,INVALID,Invalid SMTP,,,,,,17707958083,19729055533,,https://www.facebook.com/SweetHutBakeryCafe/,https://www.instagram.com/sweethutbakerycafe,,,,,,,,,https://twitter.com/SweetHutBakery,,,,,SWEET HUT BAKERY & CAFE,,"Featuring over a hundred bakery products, sandwiches, cakes, and our 
signature bubble teas and drinks at a very friendly cost in a modern and 
cozy environment with free WIFI access, we look up to become your favorite 
place other than home in the metro Atlanta area.",,False,True
"bubble tea store, 30317, Atlanta, GA, US",Boba Theory Emory Point,Boba Theory Emory Point,https://www.facebook.com/bobatheory.emory/,Bubble tea store,Bubble tea store,Bubble tea store,+1 404-254-2277,"1540 Avenue Pl B-250, Atlanta, GA 30329",Druid Hills,1540 Avenue Pl B-250,Atlanta,30329,Georgia,Georgia,United States of America,US,33.8009199,-84.32735459999999,8944c1a9b03ffff,America/New_York,,False,4.1,38,"https://search.google.com/local/reviews?placeid=ChIJR1GLkksH9YgRtdMfdA8Cmls&q=bubble+tea+store,+30317,+Atlanta,+GA,+US&authuser=0&hl=en&gl=US",,,3.0,2.0,3.0,10.0,20.0,16,https://lh3.googleusercontent.com/p/AF1QipNxJWBsm7N5ug2-yUe1hCPvhgjKkz0mIdBdBXjS=w800-h500-k-no,https://lh3.googleusercontent.com/p/AF1QipNxJWBsm7N5ug2-yUe1hCPvhgjKkz0mIdBdBXjS=w1600-h1000-k-no,,,,,,CLOSED_PERMANENTLY,"{""Service options"": {""Takeout"": true, ""Dine-in"": true, ""Delivery"": false}}",,,,,,False,None,Boba Theory Emory Point,,,,,,"https://www.google.com/maps/place/Boba+Theory+Emory+Point/@33.8009199,-84.32735459999999,14z/data=!4m8!1m2!2m1!1sBoba+Theory+Emory+Point!3m4!1s0x88f5074b928b5147:0x5b9a020f741fd3b5!8m2!3d33.8009199!4d-84.32735459999999","https://www.google.com/maps/place/Boba+Theory+Emory+Point/@33.8009199,-84.32735459999999,13.99z/data=!4m16!1m7!3m6!1s0x88f5074b928b5147:0x5b9a020f741fd3b5!2sBoba+Theory+Emory+Point!8m2!3d33.8009199!4d-84.32735459999999!16s%2Fg%2F11ckvg1dmb!3m7!1s0x88f5074b928b5147:0x5b9a020f741fd3b5!8m2!3d33.8009199!4d-84.32735459999999!9m1!1b1!16s%2Fg%2F11ckvg1dmb?entry=ttu",ChIJR1GLkksH9YgRtdMfdA8Cmls,0x88f5074b928b5147:0x5b9a020f741fd3b5,6600590469260891061,/g/11gydpclx1,6600590469260891061,,bobatheory2@gmail.com,RECEIVING,SMTP validated,,,,,,,,,,,,,,,,,,,,,,14042542277,,,https://www.facebook.com/bobatheory.emory,,,,,,,,,,,,,,,,,,,,
"bubble tea store, 31402, Savannah, GA, US",Eat Tea,Eat Tea,https://chowbusmkt.wixsite.com/website-305,"Bubble tea store, Dessert shop",Bubble tea store,Bubble tea store,+1 912-239-6613,"7127 Hodgson Memorial Dr Unit 702, Savannah, GA 31406",Avalon/Oglethorpe Mall Area,7127 Hodgson Memorial Dr Unit 702,Savannah,31406,Georgia,Georgia,United States of America,US,32.006606399999995,-81.1105176,8944d5c0d07ffff,America/New_York,,False,4.9,54,"https://search.google.com/local/reviews?placeid=ChIJvZLksWd1-4gRMifYL5AexmQ&q=bubble+tea+store,+31402,+Savannah,+GA,+US&authuser=0&hl=en&gl=US",,,0.0,1.0,1.0,3.0,49.0,255,https://lh3.googleusercontent.com/p/AF1QipO--dCps-P9jTxWmtKXxr71hjQ19xTpAAT4ltgA=w800-h500-k-no,https://lh3.googleusercontent.com/p/AF1QipO--dCps-P9jTxWmtKXxr71hjQ19xTpAAT4ltgA=w1600-h1000-k-no,,"{""Monday"": ""11AM-7PM"", ""Tuesday"": ""11AM-7PM"", ""Wednesday"": ""11AM-7PM"", ""Thursday"": ""11AM-7PM"", ""Friday"": ""11AM-7:30PM"", ""Saturday"": ""11AM-7:30PM"", ""Sunday"": ""11AM-7:30PM""}",Monday:11AM-7PM|Tuesday:11AM-7PM|Wednesday:11AM-7PM|Thursday:11AM-7PM|Friday:11AM-7:30PM|Saturday:11AM-7:30PM|Sunday:11AM-7:30PM,,,OPERATIONAL,"{""Service options"": {""Takeout"": true, ""Dine-in"": true}, ""Highlights"": {""Great tea selection"": true}, ""Accessibility"": {""Wheelchair accessible entrance"": true, ""Wheelchair accessible parking lot"": true}, ""Parking"": {""Free parking lot"": true}}",$,,https://lh6.googleusercontent.com/-ZuirOIY9pkg/AAAAAAAAAAI/AAAAAAAAAAA/vdzonJnhMPM/s44-p-k-no-ns-nd/photo.jpg,,,True,112424949265470267859,EAT TEA,https://www.google.com/maps/contrib/112424949265470267859,,"https://www.google.com/viewer/chooseprovider?mid=/g/11vzz4v_9t&g2lbs=AAEPWCtEcMTc4_3k1rU1XAx_rAQ-QzPkDQaO868KRvEmiOhR8FFLgvIgHA8hUQBchOLDQ56Q5A6RJUoApj6V9l_1k1SMcXND5w%3D%3D&hl=en-US&gl=us&fo_m=MfohQo559jFvMUOzJVpjPL1YMfZ3bInYwBDuMfaXTPp5KXh-&utm_source=tactile&gei=bpQCaOKRNpPm5NoPg7Wm8Q8&ei=bpQCaOKRNpPm5NoPg7Wm8Q8&fo_s=OA,SOE&opi=79508299&ebb=1&cs=0&foub=mcpp",,,"https://www.google.com/maps/place/EAT+TEA/@32.006606399999995,-81.1105176,14z/data=!4m8!1m2!2m1!1sEAT+TEA!3m4!1s0x88fb7567b1e492bd:0x64c61e902fd82732!8m2!3d32.006606399999995!4d-81.1105176","https://www.google.com/maps/place/EAT+TEA/@32.006606399999995,-81.1105176,13.99z/data=!4m16!1m7!3m6!1s0x88fb7567b1e492bd:0x64c61e902fd82732!2sEAT+TEA!8m2!3d32.006606399999995!4d-81.1105176!16s%2Fg%2F11ckvg1dmb!3m7!1s0x88fb7567b1e492bd:0x64c61e902fd82732!8m2!3d32.006606399999995!4d-81.1105176!9m1!1b1!16s%2Fg%2F11ckvg1dmb?entry=ttu",ChIJvZLksWd1-4gRMifYL5AexmQ,0x88fb7567b1e492bd:0x64c61e902fd82732,7261525053808322354,/g/11vzz4v_9t,7261525053808322354,,lminjie2000@gmail.com,RECEIVING,SMTP validated,,,,,,tasteofshaxian@gmail.com,RECEIVING,Verified,,,,,,,,,,,,,,,,,,,,,,,,,,,,,,,,"Taste of Sha Xian | Authentic Chinese cuisine | 38 East 4th Avenue, San Mateo, CA, USA",Wix.com Website Builder,"Discover the authentic flavors of Sha Xian at Taste of Sha Xian in San Mateo, CA. Enjoy our delicious Asian Chinese dishes, including our famous Wonton Soup, made with the freshest ingredients. Perfect for dine-in, takeout, or delivery. Visit us at 38 E Fourth Ave, San Mateo, CA 94401 for an unforgettable dining experience.",,False,False
"bubble tea store, 31402, Savannah, GA, US",King Tea,King Tea,https://www.facebook.com/kingtea31407/,Bubble tea store,Bubble tea store,Bubble tea store,+1 912-376-7369,"201 Tanger Outlets Blvd Suite 705, Pooler, GA 31322",None,201 Tanger Outlets Blvd Suite 705,Pooler,31322,Georgia,Georgia,United States of America,US,32.1355522,-81.2472097,8944d5132abffff,America/New_York,,False,4.8,149,"https://search.google.com/local/reviews?placeid=ChIJ5ZuGL1Oh-4gRSHdUXHQu8Uk&q=bubble+tea+store,+31402,+Savannah,+GA,+US&authuser=0&hl=en&gl=US",,,1.0,0.0,3.0,13.0,132.0,100,https://lh3.googleusercontent.com/p/AF1QipO4caPeorp-26cRBGJusv3F0fdxNUBuCEmGk85N=w800-h500-k-no,https://lh3.googleusercontent.com/p/AF1QipO4caPeorp-26cRBGJusv3F0fdxNUBuCEmGk85N=w1600-h1000-k-no,,"{""Monday"": ""11AM-7PM"", ""Tuesday"": ""11AM-7PM"", ""Wednesday"": ""11AM-7PM"", ""Thursday"": ""11AM-7PM"", ""Friday"": ""11AM-7PM"", ""Saturday"": ""11AM-8PM"", ""Sunday"": ""11AM-6PM""}",Monday:11AM-7PM|Tuesday:11AM-7PM|Wednesday:11AM-7PM|Thursday:11AM-7PM|Friday:11AM-7PM|Saturday:11AM-8PM|Sunday:11AM-6PM,,,OPERATIONAL,"{""Service options"": {""Delivery"": true, ""Onsite services"": true, ""Takeout"": true, ""Dine-in"": true}, ""Highlights"": {""Great tea selection"": true}, ""Accessibility"": {""Wheelchair accessible entrance"": true, ""Wheelchair accessible parking lot"": true, ""Wheelchair accessible restroom"": true}}",$,,https://lh6.googleusercontent.com/-l5ayOjIT7Jo/AAAAAAAAAAI/AAAAAAAAAAA/oP6dEUhyeEU/s44-p-k-no-ns-nd/photo.jpg,,,True,115804384265789638840,King Tea,https://www.google.com/maps/contrib/115804384265789638840,,"https://www.google.com/viewer/chooseprovider?mid=/g/11sp7fs6kx&g2lbs=AAEPWCuPQI7dvOUiWR4IzFvZ1FtOowSG-JwRY-fWPi_LeJHVP4ZPVuXXu3zlK8GwvMreXB6CPvr4NyR-5b-Bh6UfovHud1Zo1A%3D%3D&hl=en-US&gl=us&fo_m=MfohQo559jFvMUOzJVpjPL1YMfZ3bInYwBDuMfaXTPp5KXh-&utm_source=tactile&gei=bpQCaOKRNpPm5NoPg7Wm8Q8&ei=bpQCaOKRNpPm5NoPg7Wm8Q8&fo_s=OA,SOE&opi=79508299&ebb=1&cs=0&foub=mcpp",,,"https://www.google.com/maps/place/King+Tea/@32.1355522,-81.2472097,14z/data=!4m8!1m2!2m1!1sKing+Tea!3m4!1s0x88fba1532f869be5:0x49f12e745c547748!8m2!3d32.1355522!4d-81.2472097","https://www.google.com/maps/place/King+Tea/@32.1355522,-81.2472097,13.99z/data=!4m16!1m7!3m6!1s0x88fba1532f869be5:0x49f12e745c547748!2sKing+Tea!8m2!3d32.1355522!4d-81.2472097!16s%2Fg%2F11ckvg1dmb!3m7!1s0x88fba1532f869be5:0x49f12e745c547748!8m2!3d32.1355522!4d-81.2472097!9m1!1b1!16s%2Fg%2F11ckvg1dmb?entry=ttu",ChIJ5ZuGL1Oh-4gRSHdUXHQu8Uk,0x88fba1532f869be5:0x49f12e745c547748,5328090911456130888,/g/11sp7fs6kx,5328090911456130888,,Kingtea31407@gmail.com,RECEIVING,Verified,,,,,,,,,,,,,,,,,,,,,,19123767369,,,https://www.facebook.com/kingtea31407,,,,,,,,,,,,,,,,,,,,
"bubble tea store, 31402, Savannah, GA, US",All Migh-Tea Boba Shop,All Migh Tea Boba Shop,https://www.facebook.com/AllMightTeaBobaShop/,Bubble tea store,Bubble tea store,Bubble tea store,+1 912-484-2353,"200 Tanger Outlets Blvd suite 861, Pooler, GA 31322",None,200 Tanger Outlets Blvd suite 861,Pooler,31322,Georgia,Georgia,United States of America,US,32.1333134,-81.2439515,8944d513217ffff,America/New_York,,False,4.8,259,"https://search.google.com/local/reviews?placeid=ChIJTdQYYTah-4gRe3tOkczJktM&q=bubble+tea+store,+31402,+Savannah,+GA,+US&authuser=0&hl=en&gl=US",,,3.0,1.0,7.0,22.0,226.0,135,https://lh3.googleusercontent.com/p/AF1QipNd5mplw1AX7nJ21gk6SXzmQ4Gn0m36j2E-AvX6=w800-h500-k-no,https://lh3.googleusercontent.com/p/AF1QipNd5mplw1AX7nJ21gk6SXzmQ4Gn0m36j2E-AvX6=w1600-h1000-k-no,,"{""Monday"": ""10AM-7PM"", ""Tuesday"": ""10AM-7PM"", ""Wednesday"": ""10AM-7PM"", ""Thursday"": ""10AM-7PM"", ""Friday"": ""10AM-8PM"", ""Saturday"": ""10AM-8PM"", ""Sunday"": ""11AM-7PM""}",Monday:10AM-7PM|Tuesday:10AM-7PM|Wednesday:10AM-7PM|Thursday:10AM-7PM|Friday:10AM-8PM|Saturday:10AM-8PM|Sunday:11AM-7PM,,,OPERATIONAL,"{""Service options"": {""No-contact delivery"": true, ""Onsite services"": true, ""Takeout"": true, ""Dine-in"": true}, ""Highlights"": {""Great tea selection"": true}, ""Accessibility"": {""Wheelchair accessible entrance"": true, ""Wheelchair accessible parking lot"": true}, ""Crowd"": {""LGBTQ+ friendly"": true, ""Transgender safespace"": true}, ""Other"": {""LGBTQ+ friendly"": true}}",,,https://lh4.googleusercontent.com/-vXsbrfmVBXQ/AAAAAAAAAAI/AAAAAAAAAAA/Gi6mhs7T7IU/s44-p-k-no-ns-nd/photo.jpg,,,True,103571386026388985984,All Migh-Tea Boba Shop,https://www.google.com/maps/contrib/103571386026388985984,,,,,"https://www.google.com/maps/place/All+Migh-Tea+Boba+Shop/@32.1333134,-81.2439515,14z/data=!4m8!1m2!2m1!1sAll+Migh-Tea+Boba+Shop!3m4!1s0x88fba1366118d44d:0xd392c9cc914e7b7b!8m2!3d32.1333134!4d-81.2439515","https://www.google.com/maps/place/All+Migh-Tea+Boba+Shop/@32.1333134,-81.2439515,13.99z/data=!4m16!1m7!3m6!1s0x88fba1366118d44d:0xd392c9cc914e7b7b!2sAll+Migh-Tea+Boba+Shop!8m2!3d32.1333134!4d-81.2439515!16s%2Fg%2F11ckvg1dmb!3m7!1s0x88fba1366118d44d:0xd392c9cc914e7b7b!8m2!3d32.1333134!4d-81.2439515!9m1!1b1!16s%2Fg%2F11ckvg1dmb?entry=ttu",ChIJTdQYYTah-4gRe3tOkczJktM,0x88fba1366118d44d:0xd392c9cc914e7b7b,15245469569050901371,/g/11rcnmrxvn,-3201274504658650245,,allmighteaboba@gmail.com,RECEIVING,Verified,,,,,,,,,,,,,,,,,,,,,,19124842353,,,https://www.facebook.com/AllMightTeaBobaShop,,,,,,,,,,,,,,,,,,,,
"bubble tea store, 31402, Savannah, GA, US",Kung Fu Tea,Kung Fu Tea,https://www.kungfutea.com/,Bubble tea store,Bubble tea store,Bubble tea store,+1 912-388-2882,"206 W Broughton St, Savannah, GA 31401",North Historic District,206 W Broughton St,Savannah,31401,Georgia,Georgia,United States of America,US,32.0797413,-81.09439379999999,8944d5c522fffff,America/New_York,,False,4.2,220,"https://search.google.com/local/reviews?placeid=ChIJvwxOumif-4gRlY70FEUcBMg&q=bubble+tea+store,+31402,+Savannah,+GA,+US&authuser=0&hl=en&gl=US",,,29.0,12.0,8.0,18.0,153.0,433,https://lh3.googleusercontent.com/p/AF1QipODoDbYOhryW7my5nn-kPkABPNHFdwFmeIi-p-a=w800-h500-k-no,https://lh3.googleusercontent.com/p/AF1QipODoDbYOhryW7my5nn-kPkABPNHFdwFmeIi-p-a=w1600-h1000-k-no,,"{""Monday"": ""11AM-7PM"", ""Tuesday"": ""11AM-7PM"", ""Wednesday"": ""11AM-7PM"", ""Thursday"": ""11AM-7PM"", ""Friday"": ""11AM-8PM"", ""Saturday"": ""11AM-8PM"", ""Sunday"": ""11AM-7PM""}",Monday:11AM-7PM|Tuesday:11AM-7PM|Wednesday:11AM-7PM|Thursday:11AM-7PM|Friday:11AM-8PM|Saturday:11AM-8PM|Sunday:11AM-7PM,,,OPERATIONAL,"{""Service options"": {""Delivery"": true, ""Onsite services"": true, ""Takeout"": true, ""Dine-in"": true}, ""Highlights"": {""Great tea selection"": true}, ""Accessibility"": {""Wheelchair accessible entrance"": true, ""Wheelchair accessible parking lot"": true, ""Wheelchair accessible restroom"": true}}",$,,https://lh5.googleusercontent.com/-SqkCXvd-few/AAAAAAAAAAI/AAAAAAAAAAA/YJCVB4zS9YM/s44-p-k-no-ns-nd/photo.jpg,"Bubble tea specialist with a selection of other hot & cold drinks, including coffee & slushes.",,True,101857333802297876056,Kung Fu Tea,https://www.google.com/maps/contrib/101857333802297876056,,"https://www.google.com/viewer/chooseprovider?mid=/g/11jrdmwddc&g2lbs=AAEPWCtlTTwSE042k0J4AyCdEOZjEoH9wudYnWKVwkAF2TMsvdycdkNRgjFpDTyPev2WvUdQ9FqtVr5aAq0_tB5uRl2d3z_S7g%3D%3D&hl=en-US&gl=us&fo_m=MfohQo559jFvMUOzJVpjPL1YMfZ3bInYwBDuMfaXTPp5KXh-&utm_source=tactile&gei=bpQCaOKRNpPm5NoPg7Wm8Q8&ei=bpQCaOKRNpPm5NoPg7Wm8Q8&fo_s=OA,SOE&opi=79508299&ebb=1&cs=0&foub=mcpp",,,"https://www.google.com/maps/place/Kung+Fu+Tea/@32.0797413,-81.09439379999999,14z/data=!4m8!1m2!2m1!1sKung+Fu+Tea!3m4!1s0x88fb9f68ba4e0cbf:0xc8041c4514f48e95!8m2!3d32.0797413!4d-81.09439379999999","https://www.google.com/maps/place/Kung+Fu+Tea/@32.0797413,-81.09439379999999,13.99z/data=!4m16!1m7!3m6!1s0x88fb9f68ba4e0cbf:0xc8041c4514f48e95!2sKung+Fu+Tea!8m2!3d32.0797413!4d-81.09439379999999!16s%2Fg%2F11ckvg1dmb!3m7!1s0x88fb9f68ba4e0cbf:0xc8041c4514f48e95!8m2!3d32.0797413!4d-81.09439379999999!9m1!1b1!16s%2Fg%2F11ckvg1dmb?entry=ttu",ChIJvwxOumif-4gRlY70FEUcBMg,0x88fb9f68ba4e0cbf:0xc8041c4514f48e95,14412675790522322581,/g/11jrdmwddc,-4034068283187229035,,support@armsglobalinc.com,RECEIVING,Role,,,,,,marketing@kfteausa.com,RECEIVING,SMTP validated,,,,,,delivery_help@grubhub.com,RECEIVING,SMTP validated,,,,,,+1 724-544-6367,+1 855-538-9888,15402175182,https://www.facebook.com/kungfuteausa/,https://www.instagram.com/kungfuteausa,https://www.linkedin.com/company/kung-fu-tea,https://www.tiktok.com/@kungfutea,,,,,,,https://twitter.com/kfteausa,,,,,Menu — Kung Fu Tea | Fresh - Innovative - Fearless leading tea brand,WordPress 6.3,"Menu At Kung Fu Tea, every beverage is made-to-order with real Kung Fu. Our tea is freshly brewed every 3 hours using premium tea leaves. You can choose from classic teas, milk teas, fruit teas, slushies and more. Each drink is customized by you! You get to pick your toppings,…",,False,True
"bubble tea store, 31402, Savannah, GA, US",Bowls and Bubbles,Bowls And Bubbles,https://bowlsandbubbles.com/,"Bubble tea store, Restaurant, Cafe, Takeout Restaurant, Sushi restaurant",restaurants,Bubble tea store,+1 912-388-2882,"206 W Broughton St, Savannah, GA 31401",North Historic District,206 W Broughton St,Savannah,31401,Georgia,Georgia,United States of America,US,32.0797413,-81.09439379999999,8944d5c522fffff,America/New_York,,False,4.4,60,"https://search.google.com/local/reviews?placeid=ChIJu6d9dCif-4gRTnFYfkYPSv8&q=bubble+tea+store,+31402,+Savannah,+GA,+US&authuser=0&hl=en&gl=US",,,3.0,3.0,5.0,7.0,42.0,19,https://lh3.googleusercontent.com/p/AF1QipO2qWZGLRF122SCMX2JqbmQ-eOrH1Puumo0wvgC=w800-h500-k-no,https://lh3.googleusercontent.com/p/AF1QipO2qWZGLRF122SCMX2JqbmQ-eOrH1Puumo0wvgC=w1600-h1000-k-no,,"{""Monday"": ""11AM-7PM"", ""Tuesday"": ""11AM-7PM"", ""Wednesday"": ""11AM-7PM"", ""Thursday"": ""11AM-7PM"", ""Friday"": ""11AM-8PM"", ""Saturday"": ""12-8PM"", ""Sunday"": ""11AM-7PM""}",Monday:11AM-7PM|Tuesday:11AM-7PM|Wednesday:11AM-7PM|Thursday:11AM-7PM|Friday:11AM-8PM|Saturday:12-8PM|Sunday:11AM-7PM,,,OPERATIONAL,"{""Service options"": {""Takeout"": true, ""Dine-in"": true}, ""Highlights"": {""Great tea selection"": true}, ""Popular for"": {""Lunch"": true, ""Solo dining"": true}, ""Accessibility"": {""Wheelchair accessible entrance"": true, ""Wheelchair accessible parking lot"": true, ""Wheelchair accessible seating"": true}, ""Offerings"": {""Healthy options"": true, ""Quick bite"": true, ""Vegetarian options"": true}, ""Dining options"": {""Lunch"": true, ""Dinner"": true}, ""Amenities"": {""Restroom"": true}, ""Atmosphere"": {""Casual"": true, ""Trendy"": true}, ""Crowd"": {""College students"": true, ""Tourists"": true}, ""Planning"": {""Accepts reservations"": false}, ""Payments"": {""Credit cards"": true}, ""Children"": {""Good for kids"": true}}",,,https://lh4.googleusercontent.com/-LEevA5w-lKM/AAAAAAAAAAI/AAAAAAAAAAA/LIIc1aY4JLE/s44-p-k-no-ns-nd/photo.jpg,,,True,107606193215056629614,Bowls and Bubbles,https://www.google.com/maps/contrib/107606193215056629614,,,,,"https://www.google.com/maps/place/Bowls+and+Bubbles/@32.0797413,-81.09439379999999,14z/data=!4m8!1m2!2m1!1sBowls+and+Bubbles!3m4!1s0x88fb9f28747da7bb:0xff4a0f467e58714e!8m2!3d32.0797413!4d-81.09439379999999","https://www.google.com/maps/place/Bowls+and+Bubbles/@32.0797413,-81.09439379999999,13.99z/data=!4m16!1m7!3m6!1s0x88fb9f28747da7bb:0xff4a0f467e58714e!2sBowls+and+Bubbles!8m2!3d32.0797413!4d-81.09439379999999!16s%2Fg%2F11ckvg1dmb!3m7!1s0x88fb9f28747da7bb:0xff4a0f467e58714e!8m2!3d32.0797413!4d-81.09439379999999!9m1!1b1!16s%2Fg%2F11ckvg1dmb?entry=ttu",ChIJu6d9dCif-4gRTnFYfkYPSv8,0x88fb9f28747da7bb:0xff4a0f467e58714e,18395532423390064974,/g/11jrcy8hws,-51211650319486642,,info@bowlsandbubbles.com,RECEIVING,SMTP validated,,,,,,,,,,,,,,,,,,,,,,9123882882,,,https://www.facebook.com/Bowls-Bubbles-100129275079638/,https://www.instagram.com/bowlsandbubbles,,,,,,,,,,,,,,Home - Bowl & Bubbles,wordpress,"At Bowls & Bubbles Savanna, GA, you can get Fresh Flavors Fast. Serving delicious Poke Bowls & Kung Fu Tea bubble tea.",,,
"boba tea, 30296, Riverdale, GA, US",Q Tea Bubble & smoothie,Q Tea Bubble And Smoothie,http://www.qteaga.com/,"Bubble tea store, Restaurant",Bubble tea store,Bubble tea store,+1 678-884-6787,"1500 Hudson Bridge Rd b7, Stockbridge, GA 30281",None,1500 Hudson Bridge Rd b7,Stockbridge,30281,Georgia,Georgia,United States of America,US,33.5069173,-84.237653,8944c18deabffff,America/New_York,,False,3.8,10,"https://search.google.com/local/reviews?placeid=ChIJlSxWhTxX9IgRis_6MisVz_A&q=boba+tea,+30296,+Riverdale,+GA,+US&authuser=0&hl=en&gl=US",,,2.0,1.0,0.0,1.0,6.0,25,https://lh3.googleusercontent.com/p/AF1QipNqefyWHHMbJ-CyqMUhCSP0YveNw40bWVKE92dx=w800-h500-k-no,https://lh3.googleusercontent.com/p/AF1QipNqefyWHHMbJ-CyqMUhCSP0YveNw40bWVKE92dx=w1600-h1000-k-no,,"{""Monday"": ""11:30AM-10PM"", ""Tuesday"": ""11:30AM-10PM"", ""Wednesday"": ""11:30AM-10PM"", ""Thursday"": ""11:30AM-10PM"", ""Friday"": ""11:30AM-10:30PM"", ""Saturday"": ""11:30AM-10:30PM"", ""Sunday"": ""12AM-10PM""}",Monday:11:30AM-10PM|Tuesday:11:30AM-10PM|Wednesday:11:30AM-10PM|Thursday:11:30AM-10PM|Friday:11:30AM-10:30PM|Saturday:11:30AM-10:30PM|Sunday:12AM-10PM,,,OPERATIONAL,"{""Service options"": {""Takeout"": true, ""Dine-in"": true}, ""Highlights"": {""Great tea selection"": true}, ""Accessibility"": {""Wheelchair accessible entrance"": true, ""Wheelchair accessible parking lot"": true}, ""Parking"": {""Free parking lot"": true, ""Free street parking"": true}}",,,https://lh5.googleusercontent.com/-JeI8Vk3GCec/AAAAAAAAAAI/AAAAAAAAAAA/tb7q4wqwmQo/s44-p-k-no-ns-nd/photo.jpg,,,True,103374696674226563154,Q Tea Bubble & smoothie,https://www.google.com/maps/contrib/103374696674226563154,,"https://www.google.com/viewer/chooseprovider?mid=/g/11lf356wrr&g2lbs=AAEPWCsxYBNm_9avjzHSKYC-z5BN4VypRV6y648ahfkrO3JGDV6ahr1ogVxvGe3iGuN3-iLvBYq9RQCVBZUlEyya5uRP3xbc8Q%3D%3D&hl=en-US&gl=us&fo_m=MfohQo559jFvMUOzJVpjPL1YMfZ3bInYwBDuMfaXTPp5KXh-&utm_source=tactile&gei=cZQCaJyVJJeIkdUP-ZuGYQ&ei=cZQCaJyVJJeIkdUP-ZuGYQ&fo_s=OA,SOE&opi=79508299&orderType=2&ebb=1&cs=0&foub=mcpp",,,"https://www.google.com/maps/place/Q+Tea+Bubble+%26+smoothie/@33.5069173,-84.237653,14z/data=!4m8!1m2!2m1!1sQ+Tea+Bubble+%26+smoothie!3m4!1s0x88f4573c85562c95:0xf0cf152b32facf8a!8m2!3d33.5069173!4d-84.237653","https://www.google.com/maps/place/Q+Tea+Bubble+%26+smoothie/@33.5069173,-84.237653,13.99z/data=!4m16!1m7!3m6!1s0x88f4573c85562c95:0xf0cf152b32facf8a!2sQ+Tea+Bubble+%26+smoothie!8m2!3d33.5069173!4d-84.237653!16s%2Fg%2F11ckvg1dmb!3m7!1s0x88f4573c85562c95:0xf0cf152b32facf8a!8m2!3d33.5069173!4d-84.237653!9m1!1b1!16s%2Fg%2F11ckvg1dmb?entry=ttu",ChIJlSxWhTxX9IgRis_6MisVz_A,0x88f4573c85562c95:0xf0cf152b32facf8a,17352111164564885386,/g/11lf356wrr,-1094632909144666230,,,,,,,,,,,,,,,,,,,,,,,,,,6788846787,,,,,,,,,,,,,,,,,,Home - Q TEA,Divi v.4.19.2,,,False,True
"boba tea, 30296, Riverdale, GA, US",Tea Leaf and Creamery (Austell),Tea Leaf And Creamery Austell,https://www.tealeafandcreamery.com/,"Bubble tea store, Coffee shop, Ice cream shop, Juice shop, Tea store",Bubble tea store,Bubble tea store,+1 404-789-5329,"1355 East-West Connector ste 213, Austell, GA 30106",None,1355 East-West Connector ste 213,Austell,30106,Georgia,Georgia,United States of America,US,33.8572728,-84.59479139999999,8944c1a5a53ffff,America/New_York,,False,4.9,124,"https://search.google.com/local/reviews?placeid=ChIJA9NNoUoX9YgRyhhz5cL4UYE&q=boba+tea,+30296,+Riverdale,+GA,+US&authuser=0&hl=en&gl=US",,,2.0,0.0,0.0,4.0,118.0,167,https://lh3.googleusercontent.com/gps-cs-s/AB5caB8kHKQFA-slctsiU6M2kmWoaWBwPrXhUhNQ48EMFxRKUBStqrmGZLruvdWpgoeku7o-Y_mqkZ95OZVD5O0h3WXg-XaDmJqQeoNAtH8VPF8G1_J0mgxJ546HdI-2SXMbRxvsOGzclQ=w800-h500-k-no,https://lh3.googleusercontent.com/gps-cs-s/AB5caB8kHKQFA-slctsiU6M2kmWoaWBwPrXhUhNQ48EMFxRKUBStqrmGZLruvdWpgoeku7o-Y_mqkZ95OZVD5O0h3WXg-XaDmJqQeoNAtH8VPF8G1_J0mgxJ546HdI-2SXMbRxvsOGzclQ=w1600-h1000-k-no,,"{""Monday"": ""11AM-9PM"", ""Tuesday"": ""11AM-9PM"", ""Wednesday"": ""11AM-9PM"", ""Thursday"": ""11AM-9PM"", ""Friday"": ""11AM-9PM"", ""Saturday"": ""11AM-9PM"", ""Sunday"": ""11AM-9PM""}",Monday:11AM-9PM|Tuesday:11AM-9PM|Wednesday:11AM-9PM|Thursday:11AM-9PM|Friday:11AM-9PM|Saturday:11AM-9PM|Sunday:11AM-9PM,,,OPERATIONAL,"{""Service options"": {""Delivery"": true, ""Onsite services"": true, ""Takeout"": true, ""Dine-in"": true}, ""Highlights"": {""Great tea selection"": true}, ""Accessibility"": {""Wheelchair accessible entrance"": true, ""Wheelchair accessible parking lot"": true}, ""Parking"": {""Free parking lot"": true, ""Free street parking"": true}}",$,,https://lh3.googleusercontent.com/-gyzq6Ox4IrY/AAAAAAAAAAI/AAAAAAAAAAA/4rz_Z10f4Qs/s44-p-k-no-ns-nd/photo.jpg,,,True,106299208139189707279,Tea Leaf and Creamery,https://www.google.com/maps/contrib/106299208139189707279,,,,,"https://www.google.com/maps/place/Tea+Leaf+and+Creamery+%28Austell%29/@33.8572728,-84.59479139999999,14z/data=!4m8!1m2!2m1!1sTea+Leaf+and+Creamery+%28Austell%29!3m4!1s0x88f5174aa14dd303:0x8151f8c2e57318ca!8m2!3d33.8572728!4d-84.59479139999999","https://www.google.com/maps/place/Tea+Leaf+and+Creamery+%28Austell%29/@33.8572728,-84.59479139999999,13.99z/data=!4m16!1m7!3m6!1s0x88f5174aa14dd303:0x8151f8c2e57318ca!2sTea+Leaf+and+Creamery+%28Austell%29!8m2!3d33.8572728!4d-84.59479139999999!16s%2Fg%2F11ckvg1dmb!3m7!1s0x88f5174aa14dd303:0x8151f8c2e57318ca!8m2!3d33.8572728!4d-84.59479139999999!9m1!1b1!16s%2Fg%2F11ckvg1dmb?entry=ttu",ChIJA9NNoUoX9YgRyhhz5cL4UYE,0x88f5174aa14dd303:0x8151f8c2e57318ca,9318502619963136202,/g/11y412wj09,-9128241453746415414,,tealeafandcreamery@gmail.com,RECEIVING,SMTP validated,,,,,,,,,,,,,,,,,,,,,,19095932600,,,https://www.facebook.com/104411412317132,,,,,,,,,,,,,,,Home | Tealeafcreamery,Wix.com Website Builder,"At Tea Leaf and Creamery, we offer a wide variety of bubble teas, smoothies, and desserts made using fresh ingredients.
Try our taiyaki ice cream, and enjoy handcrafted or signature creations. 
We pride ourselves on exceptional service and mouth-watering refreshments.",,,
"boba tea, 30296, Riverdale, GA, US",King Kong Milktea and Smoothie,King Kong Milktea And Smoothie,http://kingkongmilktea.com/,Bubble tea store,Bubble tea store,Bubble tea store,+1 404-537-8009,"1921 Jonesboro Rd, McDonough, GA 30253",None,1921 Jonesboro Rd,McDonough,30253,Georgia,Georgia,United States of America,US,33.4612645,-84.2178962,8944c18d0c7ffff,America/New_York,,False,3.4,253,"https://search.google.com/local/reviews?placeid=ChIJkVFpMHBZ9IgRn-EyoTsHwA0&q=boba+tea,+30296,+Riverdale,+GA,+US&authuser=0&hl=en&gl=US",,,62.0,28.0,19.0,32.0,112.0,131,https://lh3.googleusercontent.com/gps-cs-s/AB5caB_OycgZ1kBgGqcAT8eWIRRXxgLq8Do8mNN3ye60M4JdeZn68yliRqkX8kFQHw89DDCGqDLfbZy9p8X-Qk0NTje-B0VKh0eCAbNHMqB7fC7Nrivaz44S5SnLuLnWhp2wWL1Ynunk=w800-h500-k-no,https://lh3.googleusercontent.com/gps-cs-s/AB5caB_OycgZ1kBgGqcAT8eWIRRXxgLq8Do8mNN3ye60M4JdeZn68yliRqkX8kFQHw89DDCGqDLfbZy9p8X-Qk0NTje-B0VKh0eCAbNHMqB7fC7Nrivaz44S5SnLuLnWhp2wWL1Ynunk=w1600-h1000-k-no,,"{""Monday"": ""11AM-9PM"", ""Tuesday"": ""11AM-9PM"", ""Wednesday"": ""11AM-9PM"", ""Thursday"": ""11AM-9PM"", ""Friday"": ""11AM-10PM"", ""Saturday"": ""11AM-10PM"", ""Sunday"": ""11AM-9PM""}",Monday:11AM-9PM|Tuesday:11AM-9PM|Wednesday:11AM-9PM|Thursday:11AM-9PM|Friday:11AM-10PM|Saturday:11AM-10PM|Sunday:11AM-9PM,,,OPERATIONAL,"{""Service options"": {""Delivery"": true, ""Onsite services"": true, ""Takeout"": true, ""Dine-in"": true}, ""Highlights"": {""Great tea selection"": true}, ""Accessibility"": {""Wheelchair accessible entrance"": true, ""Wheelchair accessible parking lot"": true, ""Wheelchair accessible restroom"": true}}",$,,https://lh5.googleusercontent.com/-AUG1uTi0Ulw/AAAAAAAAAAI/AAAAAAAAAAA/F72BQv1k_Ec/s44-p-k-no-ns-nd/photo.jpg,,,True,113225275109845483806,King Kong Milktea and Smoothie,https://www.google.com/maps/contrib/113225275109845483806,,"https://www.google.com/viewer/chooseprovider?mid=/g/11jfjjq83c&g2lbs=AAEPWCvJTxO2Ko1G3RbAVqeFyo1kVY8i7wUA5ZfksojFrC0jyhK6MMix-zPpcCxq6BMOCCPmSOh3llKnXkGw3fVhT5oFmCXb4A%3D%3D&hl=en-US&gl=us&fo_m=MfohQo559jFvMUOzJVpjPL1YMfZ3bInYwBDuMfaXTPp5KXh-&utm_source=tactile&gei=cZQCaJyVJJeIkdUP-ZuGYQ&ei=cZQCaJyVJJeIkdUP-ZuGYQ&fo_s=OA,SOE&opi=79508299&ebb=1&cs=0&foub=mcpp",,,"https://www.google.com/maps/place/King+Kong+Milktea+and+Smoothie/@33.4612645,-84.2178962,14z/data=!4m8!1m2!2m1!1sKing+Kong+Milktea+and+Smoothie!3m4!1s0x88f4597030695191:0xdc0073ba132e19f!8m2!3d33.4612645!4d-84.2178962","https://www.google.com/maps/place/King+Kong+Milktea+and+Smoothie/@33.4612645,-84.2178962,13.99z/data=!4m16!1m7!3m6!1s0x88f4597030695191:0xdc0073ba132e19f!2sKing+Kong+Milktea+and+Smoothie!8m2!3d33.4612645!4d-84.2178962!16s%2Fg%2F11ckvg1dmb!3m7!1s0x88f4597030695191:0xdc0073ba132e19f!8m2!3d33.4612645!4d-84.2178962!9m1!1b1!16s%2Fg%2F11ckvg1dmb?entry=ttu",ChIJkVFpMHBZ9IgRn-EyoTsHwA0,0x88f4597030695191:0xdc0073ba132e19f,990799870710440351,/g/11jfjjq83c,990799870710440351,,info@kingkongmilktea.com,RECEIVING,SMTP validated,,,,,,allen@kingkongmilktea.com,RECEIVING,SMTP validated,,,,,,,,,,,,,,17703477227,17708287777,17702498888,https://www.facebook.com/113168064338550,,,,,,,,,,,,,,,King Kong Milktea - KingKong Milktea & Juice,WordPress 5.7.7,,,False,True
"boba tea, 30296, Riverdale, GA, US",FruiTea Bubbles Café,Fruitea Bubbles Café,http://www.fruiteabubblescafe.com/,"Bubble tea store, Cafe, Coffee shop, Sweets and dessert buffet, Internet cafe, Tea house",Bubble tea store,Bubble tea store,+1 678-403-2958,"2750 Atlanta Rd Ste. 112, Smyrna, GA 30080",None,2750 Atlanta Rd Ste. 112,Smyrna,30080,Georgia,Georgia,United States of America,US,33.8853259,-84.5155826,8944c1aceafffff,America/New_York,,False,4.3,196,"https://search.google.com/local/reviews?placeid=ChIJeY5wvu0R9YgRbtJYOUjb6Fk&q=boba+tea,+30296,+Riverdale,+GA,+US&authuser=0&hl=en&gl=US",,,17.0,14.0,5.0,13.0,147.0,134,https://lh3.googleusercontent.com/gps-cs-s/AB5caB999Fq4XVYI7N5a8y6xack0MyYghKfpfwHF5bp1oeA3UlDbgDqHN1SPz6exZPO-mbygdoyHV4-Hba1sCzkdX3nb_4WzpUBq4Qhieu2bto2DfD4-6I7ZE3qH5klsux81Wes0_6za=w800-h500-k-no,https://lh3.googleusercontent.com/gps-cs-s/AB5caB999Fq4XVYI7N5a8y6xack0MyYghKfpfwHF5bp1oeA3UlDbgDqHN1SPz6exZPO-mbygdoyHV4-Hba1sCzkdX3nb_4WzpUBq4Qhieu2bto2DfD4-6I7ZE3qH5klsux81Wes0_6za=w1600-h1000-k-no,,"{""Monday"": ""12AM-7PM"", ""Tuesday"": ""12-7PM"", ""Wednesday"": ""12-7PM"", ""Thursday"": ""12-7PM"", ""Friday"": ""12-8PM"", ""Saturday"": ""10AM-8PM"", ""Sunday"": ""11PM-12AM""}",Monday:12AM-7PM|Tuesday:12-7PM|Wednesday:12-7PM|Thursday:12-7PM|Friday:12-8PM|Saturday:10AM-8PM|Sunday:11PM-12AM,,,OPERATIONAL,"{""From the business"": {""Identifies as Black-owned"": true, ""Identifies as women-owned"": true}, ""Service options"": {""Delivery"": true, ""Onsite services"": true, ""Takeout"": true, ""Dine-in"": true}, ""Highlights"": {""Great tea selection"": true}, ""Accessibility"": {""Wheelchair accessible entrance"": true, ""Wheelchair accessible parking lot"": true, ""Wheelchair accessible restroom"": true, ""Wheelchair accessible seating"": true}, ""Amenities"": {""Gender-neutral restroom"": true}, ""Crowd"": {""LGBTQ+ friendly"": true}, ""Parking"": {""Free parking lot"": true, ""Free street parking"": true}, ""Other"": {""Identifies as Black-owned"": true, ""LGBTQ+ friendly"": true, ""Identifies as women-owned"": true}}",$,,https://lh4.googleusercontent.com/-ZXRQvSK5QKA/AAAAAAAAAAI/AAAAAAAAAAA/uhaKqYiECiQ/s44-p-k-no-ns-nd/photo.jpg,,,True,106548586854644936103,FruiTea Bubbles Café,https://www.google.com/maps/contrib/106548586854644936103,,"https://www.google.com/viewer/chooseprovider?mid=/g/11sgcwfhbb&g2lbs=AAEPWCs_HtkihOsENKzI-3zn8m5DMFSjr-9RIWs5O9Jt1xds5CWORprmOtD_TA71aaLhBJwBp0ByktcQ8QEm4XOzHGvc3r-3gQ%3D%3D&hl=en-US&gl=us&fo_m=MfohQo559jFvMUOzJVpjPL1YMfZ3bInYwBDuMfaXTPp5KXh-&utm_source=tactile&gei=cZQCaJyVJJeIkdUP-ZuGYQ&ei=cZQCaJyVJJeIkdUP-ZuGYQ&fo_s=OA,SOE&opi=79508299&ebb=1&cs=0&foub=mcpp",,,"https://www.google.com/maps/place/FruiTea+Bubbles+Caf%C3%A9/@33.8853259,-84.5155826,14z/data=!4m8!1m2!2m1!1sFruiTea+Bubbles+Caf%C3%A9!3m4!1s0x88f511edbe708e79:0x59e8db483958d26e!8m2!3d33.8853259!4d-84.5155826","https://www.google.com/maps/place/FruiTea+Bubbles+Caf%C3%A9/@33.8853259,-84.5155826,13.99z/data=!4m16!1m7!3m6!1s0x88f511edbe708e79:0x59e8db483958d26e!2sFruiTea+Bubbles+Caf%C3%A9!8m2!3d33.8853259!4d-84.5155826!16s%2Fg%2F11ckvg1dmb!3m7!1s0x88f511edbe708e79:0x59e8db483958d26e!8m2!3d33.8853259!4d-84.5155826!9m1!1b1!16s%2Fg%2F11ckvg1dmb?entry=ttu",ChIJeY5wvu0R9YgRbtJYOUjb6Fk,0x88f511edbe708e79:0x59e8db483958d26e,6478669167218709102,/g/11sgcwfhbb,6478669167218709102,,info@fruiteabubblescafe.com,RECEIVING,SMTP validated,,,,,,,,,,,,,,,,,,,,,,,6784032958,,https://www.facebook.com/fruiteabubblescafe,https://www.instagram.com/fruiteabubblescafe,,,,,,,,,https://www.twitter.com/fruiteabubblescafe,,,,,FruiTea Bubbles Cafe | It's Tea Time!,MyWebsite NOW,FruiTea Bubbles Cafe is the new premier tea house in Atlanta. Our unique menu and flavored teas will always make #teatime your favorite time of the day.,,False,False
"boba tea, 30296, Riverdale, GA, US",Family Baking,Family Baking,https://www.familybakingchamblee.com/,"Cafe, Bakery, Cake shop, Tea house, Vegetarian cafe and deli",Bakery,Cafe,+1 770-559-4779,"5389 New Peachtree Rd # E, Chamblee, GA 30341",None,5389 New Peachtree Rd # E,Chamblee,30341,Georgia,Georgia,United States of America,US,33.8907921,-84.29985409999999,8944c130273ffff,America/New_York,,False,4.8,225,"https://search.google.com/local/reviews?placeid=ChIJl5raKhwJ9YgRiyGhAGi7NgU&q=boba+tea,+30296,+Riverdale,+GA,+US&authuser=0&hl=en&gl=US",,,3.0,2.0,2.0,19.0,199.0,445,https://lh3.googleusercontent.com/p/AF1QipPdujkpLlKSBW1RDEBpemnzErTTRsoNMnX5iG2x=w800-h500-k-no,https://lh3.googleusercontent.com/p/AF1QipPdujkpLlKSBW1RDEBpemnzErTTRsoNMnX5iG2x=w1600-h1000-k-no,,"{""Monday"": ""8:30AM-7PM"", ""Tuesday"": ""Closed"", ""Wednesday"": ""8:30AM-7PM"", ""Thursday"": ""8:30AM-7PM"", ""Friday"": ""8:30AM-8PM"", ""Saturday"": ""8:30AM-8PM"", ""Sunday"": ""8:30AM-7PM""}",Monday:8:30AM-7PM|Tuesday:Closed|Wednesday:8:30AM-7PM|Thursday:8:30AM-7PM|Friday:8:30AM-8PM|Saturday:8:30AM-8PM|Sunday:8:30AM-7PM,,,OPERATIONAL,"{""Service options"": {""Curbside pickup"": true, ""In-store pickup"": true, ""In-store shopping"": true, ""Onsite services"": true, ""Takeout"": true, ""Dine-in"": true}, ""Accessibility"": {""Wheelchair accessible entrance"": true, ""Wheelchair accessible parking lot"": true}, ""Offerings"": {""Coffee"": true}, ""Amenities"": {""Wi-Fi"": true}, ""Planning"": {""Quick visit"": true}, ""Payments"": {""Credit cards"": true, ""Debit cards"": true, ""NFC mobile payments"": true}, ""Parking"": {""Free parking lot"": true, ""Free street parking"": true}}",$$,,https://lh6.googleusercontent.com/-sgLGqLHTI2c/AAAAAAAAAAI/AAAAAAAAAAA/vX6htXzEb1U/s44-p-k-no-ns-nd/photo.jpg,,,True,114042697744235945354,Family Baking,https://www.google.com/maps/contrib/114042697744235945354,,"https://www.google.com/viewer/chooseprovider?mid=/g/11h3mj9nss&g2lbs=AAEPWCvbCBhIq4uPRNQyqivUs8bgnra6ERpHVX1kccLDCG-JVNsHsTfRfezMD7oiYsfNfI5BDBAt14w8LNRJHgFeRrlGluqPLQ%3D%3D&hl=en-US&gl=us&fo_m=MfohQo559jFvMUOzJVpjPL1YMfZ3bInYwBDuMfaXTPp5KXh-&utm_source=tactile&gei=cpQCaNz0HaG3vr0PgfCukA0&ei=cpQCaNz0HaG3vr0PgfCukA0&fo_s=OA,SOE&opi=79508299&ebb=1&cs=0&foub=mcpp",,,"https://www.google.com/maps/place/Family+Baking/@33.8907921,-84.29985409999999,14z/data=!4m8!1m2!2m1!1sFamily+Baking!3m4!1s0x88f5091c2ada9a97:0x536bb6800a1218b!8m2!3d33.8907921!4d-84.29985409999999","https://www.google.com/maps/place/Family+Baking/@33.8907921,-84.29985409999999,13.99z/data=!4m16!1m7!3m6!1s0x88f5091c2ada9a97:0x536bb6800a1218b!2sFamily+Baking!8m2!3d33.8907921!4d-84.29985409999999!16s%2Fg%2F11ckvg1dmb!3m7!1s0x88f5091c2ada9a97:0x536bb6800a1218b!8m2!3d33.8907921!4d-84.29985409999999!9m1!1b1!16s%2Fg%2F11ckvg1dmb?entry=ttu",ChIJl5raKhwJ9YgRiyGhAGi7NgU,0x88f5091c2ada9a97:0x536bb6800a1218b,375693674293567883,/g/11h3mj9nss,375693674293567883,,familybakingchamblee@gmail.com,RECEIVING,SMTP validated,,,,,,,,,,,,,,,,,,,,,,17705594779,,,https://www.facebook.com/Familybakingchamblee/,,,,,,,,,,,,,,,HOME | Familybakingchamblee,Wix.com Website Builder,"Family Baking serves the Atlanta community and specializes in designing decorated cakes, breads and desserts consisting delicious and large variety of flavors and styles.  Haviing 18 years experience with combining Hong Kong, Taiwanese and Malaysian styles and new unique techniques.",,,
"boba tea, 30296, Riverdale, GA, US","King Kong Milktea & Smoothie, Pho.",King Kong Milktea And Smoothie Pho,http://www.kingkongmilktea.com/,"Bubble tea store, Coffee shop, Fusion restaurant",Bubble tea store,Bubble tea store,+1 770-347-9858,"5890 E Lake Pkwy, McDonough, GA 30253",None,5890 E Lake Pkwy,McDonough,30253,Georgia,Georgia,United States of America,US,33.506431899999995,-84.1438964,8944c110507ffff,America/New_York,,False,3.4,105,"https://search.google.com/local/reviews?placeid=ChIJV9WASl5R9IgRozxuaucZKIA&q=boba+tea,+30296,+Riverdale,+GA,+US&authuser=0&hl=en&gl=US",,,26.0,12.0,7.0,12.0,48.0,178,https://lh3.googleusercontent.com/p/AF1QipOACq0cw0NWxqDX70RIA7nvxbjQVDR8eJsusxKz=w800-h500-k-no,https://lh3.googleusercontent.com/p/AF1QipOACq0cw0NWxqDX70RIA7nvxbjQVDR8eJsusxKz=w1600-h1000-k-no,,"{""Monday"": ""11:30AM-8PM"", ""Tuesday"": ""11:30AM-8PM"", ""Wednesday"": ""11:30AM-8PM"", ""Thursday"": ""11:30AM-8PM"", ""Friday"": ""11:30AM-8PM"", ""Saturday"": ""11:30AM-8PM"", ""Sunday"": ""11:30AM-8PM""}",Monday:11:30AM-8PM|Tuesday:11:30AM-8PM|Wednesday:11:30AM-8PM|Thursday:11:30AM-8PM|Friday:11:30AM-8PM|Saturday:11:30AM-8PM|Sunday:11:30AM-8PM,,,OPERATIONAL,"{""Service options"": {""No-contact delivery"": true, ""Delivery"": true, ""Takeout"": true, ""Dine-in"": true}, ""Highlights"": {""Great tea selection"": true}, ""Accessibility"": {""Wheelchair accessible entrance"": true, ""Wheelchair accessible parking lot"": true, ""Wheelchair accessible restroom"": true}, ""Parking"": {""Free parking lot"": true, ""Free street parking"": true}}",$,,https://lh6.googleusercontent.com/-_8RO_AFNK6E/AAAAAAAAAAI/AAAAAAAAAAA/b6SJRdLJQxo/s44-p-k-no-ns-nd/photo.jpg,,,True,108719325728903771619,"King Kong Milktea & Smoothie, Pho.",https://www.google.com/maps/contrib/108719325728903771619,,"https://www.google.com/viewer/chooseprovider?mid=/g/11nylqnd0w&g2lbs=AAEPWCts1UYEFh6EqQMUGRFXRof7KYtjWIFZKSeahg9sIAWdq_ZNcfqRd358z3SRaB6hZwifFOY1s5CSQXAZia_6ih_KE9hBZg%3D%3D&hl=en-US&gl=us&fo_m=MfohQo559jFvMUOzJVpjPL1YMfZ3bInYwBDuMfaXTPp5KXh-&utm_source=tactile&gei=cpQCaNz0HaG3vr0PgfCukA0&ei=cpQCaNz0HaG3vr0PgfCukA0&fo_s=OA,SOE&opi=79508299&orderType=2&ebb=1&cs=0&foub=mcpp",,,"https://www.google.com/maps/place/King+Kong+Milktea+%26+Smoothie%2C+Pho./@33.506431899999995,-84.1438964,14z/data=!4m8!1m2!2m1!1sKing+Kong+Milktea+%26+Smoothie%2C+Pho.!3m4!1s0x88f4515e4a80d557:0x802819e76a6e3ca3!8m2!3d33.506431899999995!4d-84.1438964","https://www.google.com/maps/place/King+Kong+Milktea+%26+Smoothie%2C+Pho./@33.506431899999995,-84.1438964,13.99z/data=!4m16!1m7!3m6!1s0x88f4515e4a80d557:0x802819e76a6e3ca3!2sKing+Kong+Milktea+%26+Smoothie%2C+Pho.!8m2!3d33.506431899999995!4d-84.1438964!16s%2Fg%2F11ckvg1dmb!3m7!1s0x88f4515e4a80d557:0x802819e76a6e3ca3!8m2!3d33.506431899999995!4d-84.1438964!9m1!1b1!16s%2Fg%2F11ckvg1dmb?entry=ttu",ChIJV9WASl5R9IgRozxuaucZKIA,0x88f4515e4a80d557:0x802819e76a6e3ca3,9234659517636951203,/g/11nylqnd0w,-9212084556072600413,,info@kingkongmilktea.com,RECEIVING,SMTP validated,,,,,,allen@kingkongmilktea.com,RECEIVING,SMTP validated,,,,,,,,,,,,,,17703477227,17708287777,17702498888,https://www.facebook.com/113168064338550,,,,,,,,,,,,,,,King Kong Milktea - KingKong Milktea & Juice,WordPress 5.7.7,,,False,True
"boba tea, 30296, Riverdale, GA, US",Ginger Yums Sip Shop,Ginger Yums Sip Shop,https://www.gingeryumssipshopga.com/,"Tea store, Cafe",Tea store,Tea store,+1 470-821-2435,"8465 Holcomb Bridge Rd #670, Johns Creek, GA 30022",None,8465 Holcomb Bridge Rd #670,Johns Creek,30022,Georgia,Georgia,United States of America,US,33.9879883,-84.2704536,8944c1231cfffff,America/New_York,,False,4.8,22,"https://search.google.com/local/reviews?placeid=ChIJGQYtvCUL9YgR6RH4ec9xfqE&q=boba+tea,+30296,+Riverdale,+GA,+US&authuser=0&hl=en&gl=US",,,0.0,0.0,2.0,0.0,20.0,44,https://lh3.googleusercontent.com/p/AF1QipMHBRUeAuq8unCwyY5o2dsCAR42N_rTAtrc87qc=w800-h500-k-no,https://lh3.googleusercontent.com/p/AF1QipMHBRUeAuq8unCwyY5o2dsCAR42N_rTAtrc87qc=w1600-h1000-k-no,,"{""Monday"": ""Closed"", ""Tuesday"": ""9AM-7PM"", ""Wednesday"": ""9AM-7PM"", ""Thursday"": ""9AM-7PM"", ""Friday"": ""9AM-7PM"", ""Saturday"": ""9AM-5PM"", ""Sunday"": ""12-5PM""}",Monday:Closed|Tuesday:9AM-7PM|Wednesday:9AM-7PM|Thursday:9AM-7PM|Friday:9AM-7PM|Saturday:9AM-5PM|Sunday:12-5PM,,,OPERATIONAL,"{""Service options"": {""Delivery"": true, ""In-store pickup"": true, ""Onsite services"": true, ""Takeout"": true}, ""Accessibility"": {""Wheelchair accessible entrance"": true, ""Wheelchair accessible parking lot"": true}, ""Planning"": {""Quick visit"": true}, ""Payments"": {""Credit cards"": true, ""Debit cards"": true, ""NFC mobile payments"": true}, ""Parking"": {""Free parking lot"": true, ""Free street parking"": true}}",,,https://lh4.googleusercontent.com/-Q40h-ohSZ-Y/AAAAAAAAAAI/AAAAAAAAAAA/ahb-tICbz8A/s44-p-k-no-ns-nd/photo.jpg,,,True,110066703714899968524,Ginger Yums Sip Shop,https://www.google.com/maps/contrib/110066703714899968524,,,,,"https://www.google.com/maps/place/Ginger+Yums+Sip+Shop/@33.9879883,-84.2704536,14z/data=!4m8!1m2!2m1!1sGinger+Yums+Sip+Shop!3m4!1s0x88f50b25bc2d0619:0xa17e71cf79f811e9!8m2!3d33.9879883!4d-84.2704536","https://www.google.com/maps/place/Ginger+Yums+Sip+Shop/@33.9879883,-84.2704536,13.99z/data=!4m16!1m7!3m6!1s0x88f50b25bc2d0619:0xa17e71cf79f811e9!2sGinger+Yums+Sip+Shop!8m2!3d33.9879883!4d-84.2704536!16s%2Fg%2F11ckvg1dmb!3m7!1s0x88f50b25bc2d0619:0xa17e71cf79f811e9!8m2!3d33.9879883!4d-84.2704536!9m1!1b1!16s%2Fg%2F11ckvg1dmb?entry=ttu",ChIJGQYtvCUL9YgR6RH4ec9xfqE,0x88f50b25bc2d0619:0xa17e71cf79f811e9,11636863623090409961,/g/11lcbkd2cb,-6809880450619141655,,,,,,,,,,,,,,,,,,,,,,,,,,4708212435,,,,https://instagram.com/gingeryums,,,,,,,,,,,,,,"Cafe in Johns Creek, GA | Ginger Yums Sip Shop",,"Cafe in Johns Creek, GA | Ginger Yums Sip Shop",,False,False
"boba tea, 30296, Riverdale, GA, US",Tous Les Jours,Tous Les Jours,https://tljus.com/,Bakery,Bakery,Bakery,+1 770-909-0906,"6335 GA-85 T, Riverdale, GA 30274",None,6335 GA-85 T,Riverdale,30274,Georgia,Georgia,United States of America,US,33.5827425,-84.4126374,8944c1b8013ffff,America/New_York,,False,3.5,18,"https://search.google.com/local/reviews?placeid=ChIJrRMGSo_99IgRrXssvJxGiAE&q=boba+tea,+30296,+Riverdale,+GA,+US&authuser=0&hl=en&gl=US",,,6.0,0.0,1.0,1.0,10.0,121,https://lh3.googleusercontent.com/p/AF1QipNbFGdi3iwgpreYaGVTcYZ2a2buno7WMsVhWKgb=w800-h500-k-no,https://lh3.googleusercontent.com/p/AF1QipNbFGdi3iwgpreYaGVTcYZ2a2buno7WMsVhWKgb=w1600-h1000-k-no,,"{""Monday"": ""9:30AM-8PM"", ""Tuesday"": ""9:30AM-8PM"", ""Wednesday"": ""9:30AM-8PM"", ""Thursday"": ""9:30AM-8PM"", ""Friday"": ""9:30AM-8PM"", ""Saturday"": ""9:30AM-8PM"", ""Sunday"": ""9:30AM-8PM""}",Monday:9:30AM-8PM|Tuesday:9:30AM-8PM|Wednesday:9:30AM-8PM|Thursday:9:30AM-8PM|Friday:9:30AM-8PM|Saturday:9:30AM-8PM|Sunday:9:30AM-8PM,,,OPERATIONAL,"{""Service options"": {""Takeout"": true, ""Delivery"": false, ""Same-day delivery"": false}, ""Accessibility"": {""Wheelchair accessible entrance"": true, ""Wheelchair accessible parking lot"": true}, ""Offerings"": {""Coffee"": true}, ""Planning"": {""Quick visit"": true}, ""Payments"": {""Credit cards"": true, ""Debit cards"": true, ""NFC mobile payments"": true}}",$$,,https://lh5.googleusercontent.com/-2eD5TkGOXyk/AAAAAAAAAAI/AAAAAAAAAAA/8S-YjBMXM2w/s44-p-k-no-ns-nd/photo.jpg,,,True,106460234602989882021,Tous Les Jours,https://www.google.com/maps/contrib/106460234602989882021,,,,,"https://www.google.com/maps/place/Tous+Les+Jours/@33.5827425,-84.4126374,14z/data=!4m8!1m2!2m1!1sTous+Les+Jours!3m4!1s0x88f4fd8f4a0613ad:0x188469cbc2c7bad!8m2!3d33.5827425!4d-84.4126374","https://www.google.com/maps/place/Tous+Les+Jours/@33.5827425,-84.4126374,13.99z/data=!4m16!1m7!3m6!1s0x88f4fd8f4a0613ad:0x188469cbc2c7bad!2sTous+Les+Jours!8m2!3d33.5827425!4d-84.4126374!16s%2Fg%2F11ckvg1dmb!3m7!1s0x88f4fd8f4a0613ad:0x188469cbc2c7bad!8m2!3d33.5827425!4d-84.4126374!9m1!1b1!16s%2Fg%2F11ckvg1dmb?entry=ttu",ChIJrRMGSo_99IgRrXssvJxGiAE,0x88f4fd8f4a0613ad:0x188469cbc2c7bad,110415829856451501,/g/11sjwlh001,110415829856451501,,info@tljus.com,RECEIVING,Role,,,,,,tlj.ctown@gmail.com,RECEIVING,SMTP validated,,,,,,,,,,,,,,12129666777,12012977701,19258287081,https://www.facebook.com/tljctown7/,https://www.instagram.com/TousLesJoursUSA,,,,,,,,,,,,,,Tous les Jours,wordpress,"At TOUS les JOURS, we offer more than 300 different kinds of bakery goods, including bread, pastries, cakes, desserts, and beverages. We bake each day to provide fresh products for our guests and take pride in sourcing and using carefully selected fine ingredients.",,False,True
"boba tea, 30296, Riverdale, GA, US",Kokee Tea (Lenox Square),Kokee Tea Lenox Square,http://kokeetea.com/,Bubble tea store,Bubble tea store,Bubble tea store,,"ki07a, 3393 Peachtree Rd NE, Atlanta, GA 30326",Lenox,"ki07a, 3393 Peachtree Rd NE",Atlanta,30326,Georgia,Georgia,United States of America,US,33.8474575,-84.3628985,8944c132383ffff,America/New_York,,False,3.7,64,"https://search.google.com/local/reviews?placeid=ChIJa2ucSloP9YgRgUhKmnyFLfw&q=boba+tea,+30296,+Riverdale,+GA,+US&authuser=0&hl=en&gl=US",,,14.0,6.0,4.0,2.0,38.0,67,https://lh3.googleusercontent.com/p/AF1QipM3-jd-5eoDMbyzKWP7Yla47Vp7-rx5-3tlXr1s=w800-h500-k-no,https://lh3.googleusercontent.com/p/AF1QipM3-jd-5eoDMbyzKWP7Yla47Vp7-rx5-3tlXr1s=w1600-h1000-k-no,,"{""Monday"": ""10AM-8PM"", ""Tuesday"": ""10AM-8PM"", ""Wednesday"": ""10AM-8PM"", ""Thursday"": ""10AM-8PM"", ""Friday"": ""10AM-8PM"", ""Saturday"": ""10AM-8PM"", ""Sunday"": ""12-7PM""}",Monday:10AM-8PM|Tuesday:10AM-8PM|Wednesday:10AM-8PM|Thursday:10AM-8PM|Friday:10AM-8PM|Saturday:10AM-8PM|Sunday:12-7PM,,,OPERATIONAL,"{""Service options"": {""Delivery"": true, ""Takeout"": true, ""Dine-in"": true}, ""Highlights"": {""Great tea selection"": true}, ""Accessibility"": {""Wheelchair accessible entrance"": true, ""Wheelchair accessible parking lot"": true}}",$,,https://lh3.googleusercontent.com/-Cf6h4KStPYg/AAAAAAAAAAI/AAAAAAAAAAA/p9d-GtduH1o/s44-p-k-no-ns-nd/photo.jpg,,,True,114471693044439972015,Kokee Tea - Lenox Square,https://www.google.com/maps/contrib/114471693044439972015,,,,,"https://www.google.com/maps/place/Kokee+Tea+-+Lenox+Square/@33.8474575,-84.3628985,14z/data=!4m8!1m2!2m1!1sKokee+Tea+-+Lenox+Square!3m4!1s0x88f50f5a4a9c6b6b:0xfc2d857c9a4a4881!8m2!3d33.8474575!4d-84.3628985","https://www.google.com/maps/place/Kokee+Tea+-+Lenox+Square/@33.8474575,-84.3628985,13.99z/data=!4m16!1m7!3m6!1s0x88f50f5a4a9c6b6b:0xfc2d857c9a4a4881!2sKokee+Tea+-+Lenox+Square!8m2!3d33.8474575!4d-84.3628985!16s%2Fg%2F11ckvg1dmb!3m7!1s0x88f50f5a4a9c6b6b:0xfc2d857c9a4a4881!8m2!3d33.8474575!4d-84.3628985!9m1!1b1!16s%2Fg%2F11ckvg1dmb?entry=ttu",ChIJa2ucSloP9YgRgUhKmnyFLfw,0x88f50f5a4a9c6b6b:0xfc2d857c9a4a4881,18171326841720817793,/g/11tcwn13tt,-275417231988733823,,hello@kokeetea.com,INVALID,SMTP validated,,,,,,,,,,,,,,,,,,,,,,14432571200,16823602148,,https://www.facebook.com/620026461667536,,,,,,,,,,,,,,,"Kokee Tea - Finest, freshest flavored Bubble Tea",Wix.com Website Builder,"Kokee Tea - Boba, Tea, Finest, freshest flavored Bubble Tea, Hug in a Cup. Natural Ingredients. Precise Recipes. Hand-Crafted Drinks. All Natural Golden Cane Sugar / No Fructose",,False,False
"boba tea, 30296, Riverdale, GA, US",Bamee Tee,Bamee Tee Vietnamese Sandwiches Milk Teas And Snacks,https://www.skiplinow.com/shop/557013t,"Tea house, Sandwich shop, Vietnamese restaurant",restaurants,Tea house,+1 470-909-1368,"4897 Buford Hwy NE #162, Chamblee, GA 30341",None,4897 Buford Hwy NE #162,Chamblee,30341,Georgia,Georgia,United States of America,US,33.884017799999995,-84.28775279999999,8944c131197ffff,America/New_York,,False,3.9,136,"https://search.google.com/local/reviews?placeid=ChIJH-B5iY0J9YgR9Y7IRQF8lmM&q=boba+tea,+30296,+Riverdale,+GA,+US&authuser=0&hl=en&gl=US",,,21.0,8.0,10.0,16.0,81.0,154,https://lh3.googleusercontent.com/p/AF1QipOwnBzvwOtZ-it46pTLmPbRarFD8iRWZKgjwDU=w800-h500-k-no,https://lh3.googleusercontent.com/p/AF1QipOwnBzvwOtZ-it46pTLmPbRarFD8iRWZKgjwDU=w1600-h1000-k-no,,"{""Monday"": ""11AM-9PM"", ""Tuesday"": ""11AM-9PM"", ""Wednesday"": ""11AM-9PM"", ""Thursday"": ""11AM-9PM"", ""Friday"": ""11AM-9PM"", ""Saturday"": ""11AM-9PM"", ""Sunday"": ""11AM-9PM""}",Monday:11AM-9PM|Tuesday:11AM-9PM|Wednesday:11AM-9PM|Thursday:11AM-9PM|Friday:11AM-9PM|Saturday:11AM-9PM|Sunday:11AM-9PM,,,OPERATIONAL,"{""Service options"": {""No-contact delivery"": true, ""Delivery"": true, ""Takeout"": true, ""Dine-in"": true}, ""Highlights"": {""Great tea selection"": true}, ""Popular for"": {""Lunch"": true, ""Solo dining"": true}, ""Accessibility"": {""Wheelchair accessible parking lot"": true}, ""Offerings"": {""Coffee"": true, ""Comfort food"": true, ""Quick bite"": true, ""Small plates"": true, ""Vegetarian options"": true}, ""Dining options"": {""Lunch"": true, ""Dinner"": true, ""Catering"": true, ""Dessert"": true, ""Seating"": true}, ""Atmosphere"": {""Casual"": true}, ""Planning"": {""Accepts reservations"": true}, ""Payments"": {""Credit cards"": true, ""Debit cards"": true, ""NFC mobile payments"": true}, ""Children"": {""Good for kids"": true}, ""Parking"": {""Free parking lot"": true, ""Free street parking"": true, ""Parking"": true}}",$,,https://lh4.googleusercontent.com/-s0V_HVk_2LI/AAAAAAAAAAI/AAAAAAAAAAA/MmNClhXXK-A/s44-p-k-no-ns-nd/photo.jpg,,,True,104346271894949341552,"Bamee Tee - Vietnamese Sandwiches, Milk Teas, & Snacks",https://www.google.com/maps/contrib/104346271894949341552,https://www.skiplinow.com/shop/557013t,https://www.skiplinow.com/shop/557013t,,https://www.skiplinow.com/shop/557013t,"https://www.google.com/maps/place/Bamee+Tee+-+Vietnamese+Sandwiches%2C+Milk+Teas%2C+%26+Snacks/@33.884017799999995,-84.28775279999999,14z/data=!4m8!1m2!2m1!1sBamee+Tee+-+Vietnamese+Sandwiches%2C+Milk+Teas%2C+%26+Snacks!3m4!1s0x88f5098d8979e01f:0x63967c0145c88ef5!8m2!3d33.884017799999995!4d-84.28775279999999","https://www.google.com/maps/place/Bamee+Tee+-+Vietnamese+Sandwiches%2C+Milk+Teas%2C+%26+Snacks/@33.884017799999995,-84.28775279999999,13.99z/data=!4m16!1m7!3m6!1s0x88f5098d8979e01f:0x63967c0145c88ef5!2sBamee+Tee+-+Vietnamese+Sandwiches%2C+Milk+Teas%2C+%26+Snacks!8m2!3d33.884017799999995!4d-84.28775279999999!16s%2Fg%2F11ckvg1dmb!3m7!1s0x88f5098d8979e01f:0x63967c0145c88ef5!8m2!3d33.884017799999995!4d-84.28775279999999!9m1!1b1!16s%2Fg%2F11ckvg1dmb?entry=ttu",ChIJH-B5iY0J9YgR9Y7IRQF8lmM,0x88f5098d8979e01f:0x63967c0145c88ef5,7176059401169047285,/g/11pz36mdp8,7176059401169047285,,hi@skiplinow.com,RECEIVING,SMTP validated,,,,,,info@skiplinow.com,RECEIVING,SMTP validated,,,,,,business@skiplinow.com,RECEIVING,SMTP validated,,,,,,16786968355,15623984869,17146224315,https://www.facebook.com/purephogainesville/,,https://www.linkedin.com/company/skiplinow,,,,,,,,,,,,,Leading All-in-1 Marketing & Online Revenue Platform for Restaurants | Skipli,,"Skipli is the leading All-in-1 Marketing & Online Revenue Platform for Restaurants. Get everything from websites to social media, Google ads, email marketing, online ordering, reservations & more for the lowest cost & lowest effort.",,True,True
"boba tea, 30296, Riverdale, GA, US",4.0 Ice Cream & Drinks,4 0 Ice Cream And Drinks,https://40icecream.com/,Bubble tea store,Bubble tea store,Bubble tea store,+1 470-306-1030,"6035 Peachtree Rd SUITE A201 FIRST STORE ON THE 2ND FLOOR, Doraville, GA 30360",None,6035 Peachtree Rd SUITE A201 FIRST STORE ON THE 2ND FLOOR,Doraville,30360,GA,Georgia,United States of America,US,33.9076994,-84.28684989999999,8944c131c4bffff,America/New_York,,False,4.0,104,"https://search.google.com/local/reviews?placeid=ChIJ1cxIcv4J9YgRrqJSe_K-U84&q=boba+tea,+30296,+Riverdale,+GA,+US&authuser=0&hl=en&gl=US",,,14.0,5.0,8.0,15.0,62.0,250,https://lh3.googleusercontent.com/p/AF1QipPkAqEUGmxGJoHF_YnAMxgvee8FOpA-X2TMxv5R=w800-h500-k-no,https://lh3.googleusercontent.com/p/AF1QipPkAqEUGmxGJoHF_YnAMxgvee8FOpA-X2TMxv5R=w1600-h1000-k-no,,"{""Monday"": ""1-8PM"", ""Tuesday"": ""1-8PM"", ""Wednesday"": ""1-8PM"", ""Thursday"": ""1-8PM"", ""Friday"": ""1-9PM"", ""Saturday"": ""1-9PM"", ""Sunday"": ""1-8PM""}",Monday:1-8PM|Tuesday:1-8PM|Wednesday:1-8PM|Thursday:1-8PM|Friday:1-9PM|Saturday:1-9PM|Sunday:1-8PM,,,OPERATIONAL,"{""Service options"": {""Delivery"": true, ""Onsite services"": true, ""Takeout"": true, ""Dine-in"": true}, ""Highlights"": {""Great tea selection"": true}, ""Accessibility"": {""Wheelchair accessible entrance"": true, ""Wheelchair accessible parking lot"": true}}",$,,https://lh4.googleusercontent.com/-rKc_CY13mL0/AAAAAAAAAAI/AAAAAAAAAAA/7jjC7zVU-pY/s44-p-k-no-ns-nd/photo.jpg,,,True,101345302492394633655,4.0 Ice Cream & Drinks,https://www.google.com/maps/contrib/101345302492394633655,,"https://www.google.com/viewer/chooseprovider?mid=/g/11j2vvklby&g2lbs=AAEPWCv5yW9Rb3mlzAr8wXYIUBhfBmBrRKGbKUTj1vCfvVodTly5D6eEhkMAGI1-am69qInzPVKjazbBbVa-kY8a0-dt34jvyA%3D%3D&hl=en-US&gl=us&fo_m=MfohQo559jFvMUOzJVpjPL1YMfZ3bInYwBDuMfaXTPp5KXh-&utm_source=tactile&gei=cpQCaNz0HaG3vr0PgfCukA0&ei=cpQCaNz0HaG3vr0PgfCukA0&fo_s=OA,SOE&opi=79508299&ebb=1&cs=0&foub=mcpp",,,"https://www.google.com/maps/place/4.0+Ice+Cream+%26+Drinks/@33.9076994,-84.28684989999999,14z/data=!4m8!1m2!2m1!1s4.0+Ice+Cream+%26+Drinks!3m4!1s0x88f509fe7248ccd5:0xce53bef27b52a2ae!8m2!3d33.9076994!4d-84.28684989999999","https://www.google.com/maps/place/4.0+Ice+Cream+%26+Drinks/@33.9076994,-84.28684989999999,13.99z/data=!4m16!1m7!3m6!1s0x88f509fe7248ccd5:0xce53bef27b52a2ae!2s4.0+Ice+Cream+%26+Drinks!8m2!3d33.9076994!4d-84.28684989999999!16s%2Fg%2F11ckvg1dmb!3m7!1s0x88f509fe7248ccd5:0xce53bef27b52a2ae!8m2!3d33.9076994!4d-84.28684989999999!9m1!1b1!16s%2Fg%2F11ckvg1dmb?entry=ttu",ChIJ1cxIcv4J9YgRrqJSe_K-U84,0x88f509fe7248ccd5:0xce53bef27b52a2ae,14867436743540515502,/g/11j2vvklby,-3579307330169036114,,tgichaingroup@gmail.com,RECEIVING,SMTP validated,,,,,,,,,,,,,,,,,,,,,,14703061030,,,https://www.facebook.com/atl4703061030/,,,,,,,,,,,,,,,40 ice cream | Your favorite drink is just a click away,Divi v.4.11.3,,,,
"boba tea, 30049, Lawrenceville, GA, US",Pearl's Tea - Lawrenceville,Pearls Tea Lawrenceville,https://www.pearlstea.com/lawrenceville,Bubble tea store,Bubble tea store,Bubble tea store,+1 678-691-4753,"30 S Clayton St STE 500, Lawrenceville, GA 30046",None,30 S Clayton St STE 500,Lawrenceville,30046,Georgia,Georgia,United States of America,US,33.951480499999995,-83.9877453,8944c174057ffff,America/New_York,,False,4.7,299,"https://search.google.com/local/reviews?placeid=ChIJTVEecl6_9YgR_kw4iyQtZjc&q=boba+tea,+30049,+Lawrenceville,+GA,+US&authuser=0&hl=en&gl=US",,,11.0,5.0,13.0,19.0,251.0,312,https://lh3.googleusercontent.com/p/AF1QipOgDER1F1ZoxWyQwWHgKxofbPJg1-FV0-98ryPK=w800-h500-k-no,https://lh3.googleusercontent.com/p/AF1QipOgDER1F1ZoxWyQwWHgKxofbPJg1-FV0-98ryPK=w1600-h1000-k-no,,"{""Monday"": ""11AM-9PM"", ""Tuesday"": ""11AM-9PM"", ""Wednesday"": ""11AM-9PM"", ""Thursday"": ""11AM-9PM"", ""Friday"": ""11AM-9PM"", ""Saturday"": ""11AM-9PM"", ""Sunday"": ""11AM-9PM""}",Monday:11AM-9PM|Tuesday:11AM-9PM|Wednesday:11AM-9PM|Thursday:11AM-9PM|Friday:11AM-9PM|Saturday:11AM-9PM|Sunday:11AM-9PM,,,OPERATIONAL,"{""Service options"": {""Delivery"": true, ""Onsite services"": true, ""Takeout"": true, ""Dine-in"": true}, ""Highlights"": {""Great tea selection"": true}, ""Accessibility"": {""Wheelchair accessible entrance"": true, ""Wheelchair accessible parking lot"": true, ""Wheelchair accessible restroom"": true, ""Wheelchair accessible seating"": true}}",$$,,https://lh4.googleusercontent.com/-E2EkJuhT9V4/AAAAAAAAAAI/AAAAAAAAAAA/h9QtHj8pfLk/s44-p-k-no-ns-nd/photo.jpg,,,True,100413525468640956126,Pearl's Tea - Lawrenceville,https://www.google.com/maps/contrib/100413525468640956126,www.clover.com/online-ordering/pearls-tea-lawrencevill-lawrenceville-2,"https://www.google.com/viewer/chooseprovider?mid=/g/11rj_yc_l_&g2lbs=AAEPWCuJUDCAJ4wUuqn62xxP3yQNAU7-xYYGpxjBkvXPQKmy-gWoMMuH8U-R05SKVTX3siAMo0Ak98S1bi6fAPfPkfszjdroGw%3D%3D&hl=en-US&gl=us&fo_m=MfohQo559jFvMUOzJVpjPL1YMfZ3bInYwBDuMfaXTPp5KXh-&utm_source=tactile&gei=dZQCaKfSHcbP1e8Pqae20Ac&ei=dZQCaKfSHcbP1e8Pqae20Ac&fo_s=OA,SOE&opi=79508299&ebb=1&cs=0&foub=mcpp",,www.clover.com/online-ordering/pearls-tea-lawrencevill-lawrenceville-2,"https://www.google.com/maps/place/Pearl%27s+Tea+-+Lawrenceville/@33.951480499999995,-83.9877453,14z/data=!4m8!1m2!2m1!1sPearl%27s+Tea+-+Lawrenceville!3m4!1s0x88f5bf5e721e514d:0x37662d248b384cfe!8m2!3d33.951480499999995!4d-83.9877453","https://www.google.com/maps/place/Pearl%27s+Tea+-+Lawrenceville/@33.951480499999995,-83.9877453,13.99z/data=!4m16!1m7!3m6!1s0x88f5bf5e721e514d:0x37662d248b384cfe!2sPearl%27s+Tea+-+Lawrenceville!8m2!3d33.951480499999995!4d-83.9877453!16s%2Fg%2F11ckvg1dmb!3m7!1s0x88f5bf5e721e514d:0x37662d248b384cfe!8m2!3d33.951480499999995!4d-83.9877453!9m1!1b1!16s%2Fg%2F11ckvg1dmb?entry=ttu",ChIJTVEecl6_9YgR_kw4iyQtZjc,0x88f5bf5e721e514d:0x37662d248b384cfe,3991927754688318718,/g/11rj_yc_l_,3991927754688318718,,franchising@pearlstea.com,RECEIVING,SMTP validated,,,,,,info@pearlstea.com,RECEIVING,SMTP validated,,,,,,ruby@pearlstea.com,RECEIVING,SMTP validated,,,,,,14703956065,16787652566,16788049593,https://www.facebook.com/PearlsTea.Suwanee,https://www.instagram.com/pearls.tea,,,,,,,,,,,,,,Menu — Pearl's Tea | Atlanta's Best Organic Bubble Tea,,,,False,True
"boba tea, 30049, Lawrenceville, GA, US",Bread & Bubble Tea,Bread And Bubble Tea,http://bbteasugarloaf.square.site/,"Bubble tea store, Coffee shop, Restaurant, Tea house",Bubble tea store,Bubble tea store,+1 470-282-1689,"3157 Sugarloaf Pkwy #120, Lawrenceville, GA 30045",None,3157 Sugarloaf Pkwy #120,Lawrenceville,30045,Georgia,Georgia,United States of America,US,33.9212169,-84.0100911,8944c17622fffff,America/New_York,,False,4.4,187,"https://search.google.com/local/reviews?placeid=ChIJnYFN5M2_9YgRL7xUGmVmbGU&q=boba+tea,+30049,+Lawrenceville,+GA,+US&authuser=0&hl=en&gl=US",,,15.0,4.0,10.0,18.0,140.0,347,https://lh3.googleusercontent.com/p/AF1QipMQ_5r0SiLJTuQGhJAKYeZME8GpqGEkqxoN2yUn=w800-h500-k-no,https://lh3.googleusercontent.com/p/AF1QipMQ_5r0SiLJTuQGhJAKYeZME8GpqGEkqxoN2yUn=w1600-h1000-k-no,,"{""Monday"": ""12-10:30PM"", ""Tuesday"": ""12-10:30PM"", ""Wednesday"": ""12-10:30PM"", ""Thursday"": ""12-10:30PM"", ""Friday"": ""12-10:30PM"", ""Saturday"": ""12-10:30PM"", ""Sunday"": ""12-10:30PM""}",Monday:12-10:30PM|Tuesday:12-10:30PM|Wednesday:12-10:30PM|Thursday:12-10:30PM|Friday:12-10:30PM|Saturday:12-10:30PM|Sunday:12-10:30PM,,,OPERATIONAL,"{""Service options"": {""Curbside pickup"": true, ""Delivery"": true, ""Onsite services"": true, ""Takeout"": true, ""Dine-in"": true}, ""Highlights"": {""Great tea selection"": true}, ""Accessibility"": {""Wheelchair accessible entrance"": true, ""Wheelchair accessible parking lot"": true, ""Wheelchair accessible seating"": true}, ""Crowd"": {""LGBTQ+ friendly"": true}, ""Parking"": {""Free parking lot"": true, ""Free street parking"": true}, ""Other"": {""LGBTQ+ friendly"": true}}",$,,https://lh6.googleusercontent.com/-qUAmm7NdCD8/AAAAAAAAAAI/AAAAAAAAAAA/wiY_cJtwWF8/s44-p-k-no-ns-nd/photo.jpg,,,True,104152807650258032949,Bread & Bubble Tea,https://www.google.com/maps/contrib/104152807650258032949,,"https://www.google.com/viewer/chooseprovider?mid=/g/11pv3dw015&g2lbs=AAEPWCsnQ-ojubxX0PJp822A5S8ywRB0CreflJzftTXg10Vnq7J0I3gM8xf-29DckKYsU5ewH-PdejDmbuMFj0Quox7EXSZGhw%3D%3D&hl=en-US&gl=us&fo_m=MfohQo559jFvMUOzJVpjPL1YMfZ3bInYwBDuMfaXTPp5KXh-&utm_source=tactile&gei=dZQCaKfSHcbP1e8Pqae20Ac&ei=dZQCaKfSHcbP1e8Pqae20Ac&fo_s=OA,SOE&opi=79508299&ebb=1&cs=0&foub=mcpp",,,"https://www.google.com/maps/place/Bread+%26+Bubble+Tea/@33.9212169,-84.0100911,14z/data=!4m8!1m2!2m1!1sBread+%26+Bubble+Tea!3m4!1s0x88f5bfcde44d819d:0x656c66651a54bc2f!8m2!3d33.9212169!4d-84.0100911","https://www.google.com/maps/place/Bread+%26+Bubble+Tea/@33.9212169,-84.0100911,13.99z/data=!4m16!1m7!3m6!1s0x88f5bfcde44d819d:0x656c66651a54bc2f!2sBread+%26+Bubble+Tea!8m2!3d33.9212169!4d-84.0100911!16s%2Fg%2F11ckvg1dmb!3m7!1s0x88f5bfcde44d819d:0x656c66651a54bc2f!8m2!3d33.9212169!4d-84.0100911!9m1!1b1!16s%2Fg%2F11ckvg1dmb?entry=ttu",ChIJnYFN5M2_9YgRL7xUGmVmbGU,0x88f5bfcde44d819d:0x656c66651a54bc2f,7308328879734963247,/g/11pv3dw015,7308328879734963247,,breadandbubbleteainsugarloaf@gmail.com,RECEIVING,SMTP validated,,,,,,,,,,,,,,,,,,,,,,16784048996,,,https://www.facebook.com/people/Bread-Bubble-Tea/100077029257217/,,,,,,,,,,,,,,,,Square Online,,,False,False
"boba tea, 30049, Lawrenceville, GA, US",King House Việt Kitchen,King House Việt Kitchen,https://www.kinghousevietkitchen.com/,"Bubble tea store, Coffee shop, Vietnamese restaurant",Bubble tea store,Bubble tea store,+1 678-226-9423,"4835 Sugarloaf Pkwy Suite 100, Lawrenceville, GA 30045",None,4835 Sugarloaf Pkwy Suite 100,Lawrenceville,30045,Georgia,Georgia,United States of America,US,33.9552942,-84.05272289999999,8944c176853ffff,America/New_York,,False,4.5,258,"https://search.google.com/local/reviews?placeid=ChIJw1oFgr6V9YgRMZGf4w-zqDs&q=boba+tea,+30049,+Lawrenceville,+GA,+US&authuser=0&hl=en&gl=US",,,18.0,7.0,8.0,27.0,198.0,396,https://lh3.googleusercontent.com/p/AF1QipMcFhj3XMnKxtUZJS1Q8AiVOs7Unn9zAdB3yTqK=w800-h500-k-no,https://lh3.googleusercontent.com/p/AF1QipMcFhj3XMnKxtUZJS1Q8AiVOs7Unn9zAdB3yTqK=w1600-h1000-k-no,,"{""Monday"": ""11AM-9:30PM"", ""Tuesday"": ""11AM-9:30PM"", ""Wednesday"": ""Closed"", ""Thursday"": ""11AM-9:30PM"", ""Friday"": ""11AM-9:30PM"", ""Saturday"": ""11AM-9:30PM"", ""Sunday"": ""11AM-9:30PM""}",Monday:11AM-9:30PM|Tuesday:11AM-9:30PM|Wednesday:Closed|Thursday:11AM-9:30PM|Friday:11AM-9:30PM|Saturday:11AM-9:30PM|Sunday:11AM-9:30PM,,,OPERATIONAL,"{""Service options"": {""Curbside pickup"": true, ""No-contact delivery"": true, ""Delivery"": true, ""Onsite services"": true, ""Takeout"": true, ""Dine-in"": true}, ""Highlights"": {""Great tea selection"": true}, ""Accessibility"": {""Wheelchair accessible entrance"": true, ""Wheelchair accessible parking lot"": true, ""Wheelchair accessible restroom"": true, ""Wheelchair accessible seating"": true}, ""Amenities"": {""Gender-neutral restroom"": true}, ""Parking"": {""Free parking lot"": true, ""Free street parking"": true}}",$,,,,,False,None,King House Việt Kitchen,,,"https://www.google.com/viewer/chooseprovider?mid=/g/11h0gys3p9&g2lbs=AAEPWCttfhVZzVfVveEsqaxrsSzOKRpLi2BllNVwYqcN_eqFxOBNP2jRHcqwXem7_oh5he-1eua9iQhZAmL8kWpPjaht70VxIA%3D%3D&hl=en-US&gl=us&fo_m=MfohQo559jFvMUOzJVpjPL1YMfZ3bInYwBDuMfaXTPp5KXh-&utm_source=tactile&gei=dZQCaKfSHcbP1e8Pqae20Ac&ei=dZQCaKfSHcbP1e8Pqae20Ac&fo_s=OA,SOE&opi=79508299&ebb=1&cs=0&foub=mcpp",,,"https://www.google.com/maps/place/King+House+Vi%E1%BB%87t+Kitchen/@33.9552942,-84.05272289999999,14z/data=!4m8!1m2!2m1!1sKing+House+Vi%E1%BB%87t+Kitchen!3m4!1s0x88f595be82055ac3:0x3ba8b30fe39f9131!8m2!3d33.9552942!4d-84.05272289999999","https://www.google.com/maps/place/King+House+Vi%E1%BB%87t+Kitchen/@33.9552942,-84.05272289999999,13.99z/data=!4m16!1m7!3m6!1s0x88f595be82055ac3:0x3ba8b30fe39f9131!2sKing+House+Vi%E1%BB%87t+Kitchen!8m2!3d33.9552942!4d-84.05272289999999!16s%2Fg%2F11ckvg1dmb!3m7!1s0x88f595be82055ac3:0x3ba8b30fe39f9131!8m2!3d33.9552942!4d-84.05272289999999!9m1!1b1!16s%2Fg%2F11ckvg1dmb?entry=ttu",ChIJw1oFgr6V9YgRMZGf4w-zqDs,0x88f595be82055ac3:0x3ba8b30fe39f9131,4298882725149905201,/g/11h0gys3p9,4298882725149905201,,,,,,,,,,,,,,,,,,,,,,,,,,,,,,,,,,,,,,,,,,,,Home | KingHouseVietKitchen,Wix.com Website Builder,,,False,False
"boba tea, 30049, Lawrenceville, GA, US",Modern Tea Shop,Modern Tea Shop,https://order.online/store/modern-tea-shop-1019102,Bubble tea store,Bubble tea store,Bubble tea store,+1 470-763-9536,"3320 Lawrenceville-Suwanee Rd #1D, Suwanee, GA 30024",None,3320 Lawrenceville-Suwanee Rd #1D,Suwanee,30024,Georgia,Georgia,United States of America,US,34.0390024,-84.0541556,8944c129447ffff,America/New_York,,False,4.9,166,"https://search.google.com/local/reviews?placeid=ChIJZzJTJKeX9YgR5b7YlZrY3B0&q=boba+tea,+30049,+Lawrenceville,+GA,+US&authuser=0&hl=en&gl=US",,,2.0,0.0,3.0,5.0,156.0,124,https://lh3.googleusercontent.com/p/AF1QipO5-GZvQEVMtkCxWn13PYAypTLxxThtHMDemRf2=w800-h500-k-no,https://lh3.googleusercontent.com/p/AF1QipO5-GZvQEVMtkCxWn13PYAypTLxxThtHMDemRf2=w1600-h1000-k-no,,"{""Monday"": ""12-9PM"", ""Tuesday"": ""12-9PM"", ""Wednesday"": ""12-9PM"", ""Thursday"": ""12-9PM"", ""Friday"": ""12-9PM"", ""Saturday"": ""12-9PM"", ""Sunday"": ""12-9PM""}",Monday:12-9PM|Tuesday:12-9PM|Wednesday:12-9PM|Thursday:12-9PM|Friday:12-9PM|Saturday:12-9PM|Sunday:12-9PM,,,OPERATIONAL,"{""Service options"": {""No-contact delivery"": true, ""Delivery"": true, ""Takeout"": true, ""Dine-in"": true}, ""Highlights"": {""Great tea selection"": true}, ""Accessibility"": {""Wheelchair accessible entrance"": true, ""Wheelchair accessible parking lot"": true, ""Wheelchair accessible restroom"": true}, ""Crowd"": {""LGBTQ+ friendly"": true, ""Transgender safespace"": true}, ""Other"": {""LGBTQ+ friendly"": true}}",$,,https://lh4.googleusercontent.com/-rd5zzyV2VNg/AAAAAAAAAAI/AAAAAAAAAAA/Pmv7vFDEhR0/s44-p-k-no-ns-nd/photo.jpg,,,True,116728162516135024715,Modern Tea Shop,https://www.google.com/maps/contrib/116728162516135024715,,"https://www.google.com/viewer/chooseprovider?mid=/g/11fskq9tg0&g2lbs=AAEPWCvLrZb_kO4F9zblC_QWwcIoepNxvv-5obRTmehJ5lERMqRlFrRwtP71twaIV6wb1WfNb3ZWd6ZrbfBbF18Ng5tSdui1wg%3D%3D&hl=en-US&gl=us&fo_m=MfohQo559jFvMUOzJVpjPL1YMfZ3bInYwBDuMfaXTPp5KXh-&utm_source=tactile&gei=dZQCaKfSHcbP1e8Pqae20Ac&ei=dZQCaKfSHcbP1e8Pqae20Ac&fo_s=OA,SOE&opi=79508299&ebb=1&cs=0&foub=mcpp",,,"https://www.google.com/maps/place/Modern+Tea+Shop/@34.0390024,-84.0541556,14z/data=!4m8!1m2!2m1!1sModern+Tea+Shop!3m4!1s0x88f597a724533267:0x1ddcd89a95d8bee5!8m2!3d34.0390024!4d-84.0541556","https://www.google.com/maps/place/Modern+Tea+Shop/@34.0390024,-84.0541556,13.99z/data=!4m16!1m7!3m6!1s0x88f597a724533267:0x1ddcd89a95d8bee5!2sModern+Tea+Shop!8m2!3d34.0390024!4d-84.0541556!16s%2Fg%2F11ckvg1dmb!3m7!1s0x88f597a724533267:0x1ddcd89a95d8bee5!8m2!3d34.0390024!4d-84.0541556!9m1!1b1!16s%2Fg%2F11ckvg1dmb?entry=ttu",ChIJZzJTJKeX9YgR5b7YlZrY3B0,0x88f597a724533267:0x1ddcd89a95d8bee5,2151832880426827493,/g/11fskq9tg0,2151832880426827493,,yats.centralohio@gmail.com,RECEIVING,Verified,,,,,,cesar@hichicagonw.com,RECEIVING,SMTP validated,,,,,,info@foodgarrage.com,UNKNOWN,Cannot validate,,,,,,+1 614-486-9287,+1 847-488-9900,+1 770-274-3867,https://www.facebook.com/people/El-Cerro-Tacos/100063624968346/,http://instagram.com/foodgarrage,,,,,,,,,http://twitter.com/foodgarrage,,,,,Husker Deli & Grill Near Me - Pickup and Delivery,,Order takeout or delivery from Husker Deli & Grill near me,,False,False
"boba tea, 30049, Lawrenceville, GA, US",Gong Cha Suwanee Sugarloaf Plaza,Gong Cha Suwanee Sugarloaf Plaza,https://order.gongchausa.com/,Bubble tea store,Bubble tea store,Bubble tea store,+1 470-294-1140,"1299 Old Peachtree Rd NW suite 106, Suwanee, GA 30024",None,1299 Old Peachtree Rd NW suite 106,Suwanee,30024,Georgia,Georgia,United States of America,US,34.0047181,-84.0851149,8944c12b0c3ffff,America/New_York,,False,4.7,88,"https://search.google.com/local/reviews?placeid=ChIJWZkdRXq99YgRGurXbsK5p0s&q=boba+tea,+30049,+Lawrenceville,+GA,+US&authuser=0&hl=en&gl=US",,,2.0,3.0,2.0,9.0,72.0,132,https://lh3.googleusercontent.com/gps-proxy/ALd4DhGaJWW6WmxY-ilehikZ0MXLN4m-TKy8Hwc8mR6n0p4qeuywLviEknpAjwjgeB2OueXS6e0iJM0XIG9SKMqDOseJvKZO22bA9I9L95N265rgYfYAbrVmonLp6r3RVqqME4qmfP_S1MYEvqBfldgkH-MvIXvdfH5uXFGZXeOZwB9EGJI6SBFYHSg4gA=w800-h500-k-no,https://lh3.googleusercontent.com/gps-proxy/ALd4DhGaJWW6WmxY-ilehikZ0MXLN4m-TKy8Hwc8mR6n0p4qeuywLviEknpAjwjgeB2OueXS6e0iJM0XIG9SKMqDOseJvKZO22bA9I9L95N265rgYfYAbrVmonLp6r3RVqqME4qmfP_S1MYEvqBfldgkH-MvIXvdfH5uXFGZXeOZwB9EGJI6SBFYHSg4gA=w1600-h1000-k-no,,"{""Monday"": ""11AM-10PM"", ""Tuesday"": ""11AM-10PM"", ""Wednesday"": ""11AM-10PM"", ""Thursday"": ""11AM-10PM"", ""Friday"": ""11AM-10PM"", ""Saturday"": ""11AM-10PM"", ""Sunday"": ""11AM-10PM""}",Monday:11AM-10PM|Tuesday:11AM-10PM|Wednesday:11AM-10PM|Thursday:11AM-10PM|Friday:11AM-10PM|Saturday:11AM-10PM|Sunday:11AM-10PM,,,OPERATIONAL,"{""Service options"": {""Delivery"": true, ""Takeout"": true, ""Dine-in"": true}, ""Highlights"": {""Great tea selection"": true}, ""Accessibility"": {""Wheelchair accessible entrance"": true, ""Wheelchair accessible parking lot"": true, ""Wheelchair accessible restroom"": true}}",$,,https://lh5.googleusercontent.com/-RtmnHZQi0P0/AAAAAAAAAAI/AAAAAAAAAAA/Yufrn7Gukvk/s44-p-k-no-ns-nd/photo.jpg,,,True,109349850176136108701,Gong Cha Suwanee Sugarloaf Plaza,https://www.google.com/maps/contrib/109349850176136108701,,"https://www.google.com/viewer/chooseprovider?mid=/g/11j5qt68f0&g2lbs=AAEPWCs5GWN3HWUBr8B_j2NXq1P3_oy5Z7xknnJgcB7c6BvdaLeIP1w590gbrydgVF07vSkFC3NPc2UEC2zmWHbXL-Mki2vwdg%3D%3D&hl=en-US&gl=us&fo_m=MfohQo559jFvMUOzJVpjPL1YMfZ3bInYwBDuMfaXTPp5KXh-&utm_source=tactile&gei=dZQCaKfSHcbP1e8Pqae20Ac&ei=dZQCaKfSHcbP1e8Pqae20Ac&fo_s=OA,SOE&opi=79508299&ebb=1&cs=0&foub=mcpp",,,"https://www.google.com/maps/place/Gong+Cha+Suwanee+Sugarloaf+Plaza/@34.0047181,-84.0851149,14z/data=!4m8!1m2!2m1!1sGong+Cha+Suwanee+Sugarloaf+Plaza!3m4!1s0x88f5bd7a451d9959:0x4ba7b9c26ed7ea1a!8m2!3d34.0047181!4d-84.0851149","https://www.google.com/maps/place/Gong+Cha+Suwanee+Sugarloaf+Plaza/@34.0047181,-84.0851149,13.99z/data=!4m16!1m7!3m6!1s0x88f5bd7a451d9959:0x4ba7b9c26ed7ea1a!2sGong+Cha+Suwanee+Sugarloaf+Plaza!8m2!3d34.0047181!4d-84.0851149!16s%2Fg%2F11ckvg1dmb!3m7!1s0x88f5bd7a451d9959:0x4ba7b9c26ed7ea1a!8m2!3d34.0047181!4d-84.0851149!9m1!1b1!16s%2Fg%2F11ckvg1dmb?entry=ttu",ChIJWZkdRXq99YgRGurXbsK5p0s,0x88f5bd7a451d9959:0x4ba7b9c26ed7ea1a,5451530118689712666,/g/11j5qt68f0,5451530118689712666,,,,,,,,,,,,,,,,,,,,,,,,,,,,,,,,,,,,,,,,,,,,Gong cha Tea,,Web site created using create-react-app,,False,False
"boba tea, 30049, Lawrenceville, GA, US",Kung Fu Tea Snellville,Kung Fu Tea Snellville,https://www.facebook.com/chillplace30078,"Bubble tea store, Tea store",Bubble tea store,Bubble tea store,+1 470-246-5806,"1905 Scenic Hwy N Suite 700, Snellville, GA 30078",None,1905 Scenic Hwy N Suite 700,Snellville,30078,Georgia,Georgia,United States of America,US,33.8792517,-84.0145205,8944c17669bffff,America/New_York,,False,4.2,171,"https://search.google.com/local/reviews?placeid=ChIJt-s8v_659YgRnVr3Nivogng&q=boba+tea,+30049,+Lawrenceville,+GA,+US&authuser=0&hl=en&gl=US",,,21.0,5.0,9.0,17.0,119.0,266,https://lh3.googleusercontent.com/p/AF1QipNrv-9taIuK6W3EvpHHscjTgpWSbGQ27Nf8NMNv=w800-h500-k-no,https://lh3.googleusercontent.com/p/AF1QipNrv-9taIuK6W3EvpHHscjTgpWSbGQ27Nf8NMNv=w1600-h1000-k-no,,"{""Monday"": ""11:30AM-9:30PM"", ""Tuesday"": ""11:30AM-9:30PM"", ""Wednesday"": ""11:30AM-9:30PM"", ""Thursday"": ""11:30AM-9:30PM"", ""Friday"": ""11:30AM-9:30PM"", ""Saturday"": ""11:30AM-9:30PM"", ""Sunday"": ""11:30AM-9:30PM""}",Monday:11:30AM-9:30PM|Tuesday:11:30AM-9:30PM|Wednesday:11:30AM-9:30PM|Thursday:11:30AM-9:30PM|Friday:11:30AM-9:30PM|Saturday:11:30AM-9:30PM|Sunday:11:30AM-9:30PM,,,OPERATIONAL,"{""Service options"": {""Delivery"": true, ""Takeout"": true, ""Dine-in"": true}, ""Highlights"": {""Great tea selection"": true}, ""Accessibility"": {""Wheelchair accessible entrance"": true, ""Wheelchair accessible parking lot"": true, ""Wheelchair accessible restroom"": true}}",$,,https://lh4.googleusercontent.com/-xj1VsTYc3Nk/AAAAAAAAAAI/AAAAAAAAAAA/QRZyPdBHTmU/s44-p-k-no-ns-nd/photo.jpg,,,True,117616046121809271410,Kung Fu Tea Snellville,https://www.google.com/maps/contrib/117616046121809271410,,"https://www.google.com/viewer/chooseprovider?mid=/g/11t7zmhm1y&g2lbs=AAEPWCvIzg5dFIsMnwYbUw3Lbs3KCDWgU4etM9I2rmCk36T2-czfT5TLmj7XJ6M79zJK6sMCjTT5XsBtxrfLFPQAawwV8tKqBw%3D%3D&hl=en-US&gl=us&fo_m=MfohQo559jFvMUOzJVpjPL1YMfZ3bInYwBDuMfaXTPp5KXh-&utm_source=tactile&gei=dZQCaKfSHcbP1e8Pqae20Ac&ei=dZQCaKfSHcbP1e8Pqae20Ac&fo_s=OA,SOE&opi=79508299&ebb=1&cs=0&foub=mcpp",,,"https://www.google.com/maps/place/Kung+Fu+Tea+Snellville/@33.8792517,-84.0145205,14z/data=!4m8!1m2!2m1!1sKung+Fu+Tea+Snellville!3m4!1s0x88f5b9febf3cebb7:0x7882e82b36f75a9d!8m2!3d33.8792517!4d-84.0145205","https://www.google.com/maps/place/Kung+Fu+Tea+Snellville/@33.8792517,-84.0145205,13.99z/data=!4m16!1m7!3m6!1s0x88f5b9febf3cebb7:0x7882e82b36f75a9d!2sKung+Fu+Tea+Snellville!8m2!3d33.8792517!4d-84.0145205!16s%2Fg%2F11ckvg1dmb!3m7!1s0x88f5b9febf3cebb7:0x7882e82b36f75a9d!8m2!3d33.8792517!4d-84.0145205!9m1!1b1!16s%2Fg%2F11ckvg1dmb?entry=ttu",ChIJt-s8v_659YgRnVr3Nivogng,0x88f5b9febf3cebb7:0x7882e82b36f75a9d,8683758303827155613,/g/11t7zmhm1y,8683758303827155613,,kftsnellville@gmail.com,RECEIVING,SMTP validated,,,,,,,,,,,,,,,,,,,,,,14702465806,,,https://www.facebook.com/chillplace30078,,,,,,,,,,,,,,,,,,,,
"boba tea, 30049, Lawrenceville, GA, US",Ding Tea Suwanee (Drive-Thru),Ding Tea Suwanee Drive Thru,http://www.dingtea.com/,"Bubble tea store, Vietnamese restaurant",Bubble tea store,Bubble tea store,+1 678-288-9032,"2850 Lawrenceville-Suwanee Rd a, Suwanee, GA 30024",None,2850 Lawrenceville-Suwanee Rd a,Suwanee,30024,Georgia,Georgia,United States of America,US,34.024183199999996,-84.0453471,8944c174907ffff,America/New_York,,False,4.3,248,"https://search.google.com/local/reviews?placeid=ChIJa7azStCX9YgRowcXP_itMjo&q=boba+tea,+30049,+Lawrenceville,+GA,+US&authuser=0&hl=en&gl=US",,,24.0,9.0,12.0,23.0,180.0,215,https://lh3.googleusercontent.com/p/AF1QipP_uUjnNDaKCU_8NkYrQ35qB5VRDubSsPyDv1sN=w800-h500-k-no,https://lh3.googleusercontent.com/p/AF1QipP_uUjnNDaKCU_8NkYrQ35qB5VRDubSsPyDv1sN=w1600-h1000-k-no,,"{""Monday"": ""11AM-10PM"", ""Tuesday"": ""11AM-10PM"", ""Wednesday"": ""11AM-10PM"", ""Thursday"": ""11AM-10PM"", ""Friday"": ""11AM-11PM"", ""Saturday"": ""11AM-11PM"", ""Sunday"": ""11AM-10PM""}",Monday:11AM-10PM|Tuesday:11AM-10PM|Wednesday:11AM-10PM|Thursday:11AM-10PM|Friday:11AM-11PM|Saturday:11AM-11PM|Sunday:11AM-10PM,,,OPERATIONAL,"{""Service options"": {""No-contact delivery"": true, ""Delivery"": true, ""Takeout"": true, ""Dine-in"": true}, ""Highlights"": {""Great tea selection"": true}, ""Accessibility"": {""Wheelchair accessible entrance"": true, ""Wheelchair accessible parking lot"": true, ""Wheelchair accessible restroom"": true}, ""Parking"": {""Free parking lot"": true, ""Free street parking"": true}}",$,,https://lh4.googleusercontent.com/-oqoDxwHOFl4/AAAAAAAAAAI/AAAAAAAAAAA/b3AiXY57MjM/s44-p-k-no-ns-nd/photo.jpg,,,True,100018402433390802582,Ding Tea Suwanee,https://www.google.com/maps/contrib/100018402433390802582,,"https://www.google.com/viewer/chooseprovider?mid=/g/11fsbdwy2z&g2lbs=AAEPWCtQdRNKcec_6pHpOwoCsmOFAlo-H9BoclbQu7DAt722EsRvJ11ZstjzH6FWUEFganCZDiG8VyzDSedCkIM6RUpdDRjILA%3D%3D&hl=en-US&gl=us&fo_m=MfohQo559jFvMUOzJVpjPL1YMfZ3bInYwBDuMfaXTPp5KXh-&utm_source=tactile&gei=dZQCaKfSHcbP1e8Pqae20Ac&ei=dZQCaKfSHcbP1e8Pqae20Ac&fo_s=OA,SOE&opi=79508299&ebb=1&cs=0&foub=mcpp",,,"https://www.google.com/maps/place/Ding+Tea+Suwanee+%28Drive-Thru%29/@34.024183199999996,-84.0453471,14z/data=!4m8!1m2!2m1!1sDing+Tea+Suwanee+%28Drive-Thru%29!3m4!1s0x88f597d04ab3b66b:0x3a32adf83f1707a3!8m2!3d34.024183199999996!4d-84.0453471","https://www.google.com/maps/place/Ding+Tea+Suwanee+%28Drive-Thru%29/@34.024183199999996,-84.0453471,13.99z/data=!4m16!1m7!3m6!1s0x88f597d04ab3b66b:0x3a32adf83f1707a3!2sDing+Tea+Suwanee+%28Drive-Thru%29!8m2!3d34.024183199999996!4d-84.0453471!16s%2Fg%2F11ckvg1dmb!3m7!1s0x88f597d04ab3b66b:0x3a32adf83f1707a3!8m2!3d34.024183199999996!4d-84.0453471!9m1!1b1!16s%2Fg%2F11ckvg1dmb?entry=ttu",ChIJa7azStCX9YgRowcXP_itMjo,0x88f597d04ab3b66b:0x3a32adf83f1707a3,4193605484757321635,/g/11fsbdwy2z,4193605484757321635,,dingteamk@dingtea.com,RECEIVING,SMTP validated,,,,,,dingteaofficial@hq.dingtea.com,RECEIVING,SMTP validated,,,,,,dingteanationalcity@gmail.com,RECEIVING,SMTP validated,,,,,,0422530011,16197736089,19092753740,https://www.facebook.com/DingTeaKaty/,https://www.instagram.com/dingteaofficial,,,,,,,,,,,,,,Delicate Tea Culture by Ding Tea,,"Our principle is to promote our brand and Taiwanese tea culture all over the world. We focus on “blending fresh tea “, “strict tea selection”, “exclusive and unique taste”. We adhere to the professional quality, and integrate into the perfect presentation of the life experience, exquisite taste and perfect charm to sweep the world. Shake For Life!","Tea, Drink, Taiwanese tea culture, Ding Tea",False,True
"boba tea, 30049, Lawrenceville, GA, US",Kung Fu Tea,Kung Fu Tea,https://kungfutea.com/,"Bubble tea store, Beverage distributor, Cafe, Chicken wings restaurant, Fast food restaurant",Bubble tea store,Bubble tea store,+1 470-395-0583,"3473 Old Norcross Rd STE 202, Duluth, GA 30096",Gwinnett Place,3473 Old Norcross Rd STE 202,Duluth,30096,Georgia,Georgia,United States of America,US,33.9662715,-84.1342596,8944c1398a3ffff,America/New_York,,False,4.4,787,"https://search.google.com/local/reviews?placeid=ChIJ6YTLPAOj9YgRIbjCKiTp2hM&q=boba+tea,+30049,+Lawrenceville,+GA,+US&authuser=0&hl=en&gl=US",,,41.0,19.0,51.0,163.0,513.0,512,https://lh3.googleusercontent.com/p/AF1QipNM8Y1MTMUAjnRf6HJmTFbW0dDwdU2svWIX2bjy=w800-h500-k-no,https://lh3.googleusercontent.com/p/AF1QipNM8Y1MTMUAjnRf6HJmTFbW0dDwdU2svWIX2bjy=w1600-h1000-k-no,,"{""Monday"": ""12-10PM"", ""Tuesday"": ""12-10PM"", ""Wednesday"": ""12-10PM"", ""Thursday"": ""12-10PM"", ""Friday"": ""12-11PM"", ""Saturday"": ""12-11PM"", ""Sunday"": ""12-10PM""}",Monday:12-10PM|Tuesday:12-10PM|Wednesday:12-10PM|Thursday:12-10PM|Friday:12-11PM|Saturday:12-11PM|Sunday:12-10PM,,,OPERATIONAL,"{""Service options"": {""Delivery"": true, ""Takeout"": true, ""Dine-in"": true}, ""Highlights"": {""Great tea selection"": true}, ""Accessibility"": {""Wheelchair accessible entrance"": true, ""Wheelchair accessible parking lot"": true, ""Wheelchair accessible restroom"": true}, ""Parking"": {""Free parking lot"": true, ""Free street parking"": true}}",$,,https://lh6.googleusercontent.com/-YXNAKdyurao/AAAAAAAAAAI/AAAAAAAAAAA/07mqoSgbnbE/s44-p-k-no-ns-nd/photo.jpg,"Bubble tea specialist with a selection of other hot & cold drinks, including coffee & slushes.",,True,102559200382110152686,Kung Fu Tea,https://www.google.com/maps/contrib/102559200382110152686,,"https://www.google.com/viewer/chooseprovider?mid=/g/11bwpzd7w4&g2lbs=AAEPWCsNroquwSV7oipqPSO3oBgEq5RknaNq2KgTRaZhKGVCMIVoVS6RlvWJONWuV47jWrseibjpoM49KUCkcL8fJD5oywT2Xg%3D%3D&hl=en-US&gl=us&fo_m=MfohQo559jFvMUOzJVpjPL1YMfZ3bInYwBDuMfaXTPp5KXh-&utm_source=tactile&gei=dZQCaKfSHcbP1e8Pqae20Ac&ei=dZQCaKfSHcbP1e8Pqae20Ac&fo_s=OA,SOE&opi=79508299&ebb=1&cs=0&foub=mcpp",,,"https://www.google.com/maps/place/Kung+Fu+Tea/@33.9662715,-84.1342596,14z/data=!4m8!1m2!2m1!1sKung+Fu+Tea!3m4!1s0x88f5a3033ccb84e9:0x13dae9242ac2b821!8m2!3d33.9662715!4d-84.1342596","https://www.google.com/maps/place/Kung+Fu+Tea/@33.9662715,-84.1342596,13.99z/data=!4m16!1m7!3m6!1s0x88f5a3033ccb84e9:0x13dae9242ac2b821!2sKung+Fu+Tea!8m2!3d33.9662715!4d-84.1342596!16s%2Fg%2F11ckvg1dmb!3m7!1s0x88f5a3033ccb84e9:0x13dae9242ac2b821!8m2!3d33.9662715!4d-84.1342596!9m1!1b1!16s%2Fg%2F11ckvg1dmb?entry=ttu",ChIJ6YTLPAOj9YgRIbjCKiTp2hM,0x88f5a3033ccb84e9:0x13dae9242ac2b821,1430712173189052449,/g/11bwpzd7w4,1430712173189052449,,support@armsglobalinc.com,RECEIVING,Role,,,,,,marketing@kfteausa.com,RECEIVING,SMTP validated,,,,,,delivery_help@grubhub.com,RECEIVING,SMTP validated,,,,,,+1 724-544-6367,+1 855-538-9888,15402175182,https://www.facebook.com/kungfuteausa/,https://www.instagram.com/kungfuteausa,https://www.linkedin.com/company/kung-fu-tea,https://www.tiktok.com/@kungfutea,,,,,,,https://twitter.com/kfteausa,,,,,Menu — Kung Fu Tea | Fresh - Innovative - Fearless leading tea brand,WordPress 6.3,"Menu At Kung Fu Tea, every beverage is made-to-order with real Kung Fu. Our tea is freshly brewed every 3 hours using premium tea leaves. You can choose from classic teas, milk teas, fruit teas, slushies and more. Each drink is customized by you! You get to pick your toppings,…",,False,True
"boba tea, 30049, Lawrenceville, GA, US","E Bubble Cafe, Hawaiian Shaved Ice, & Bubble Tea's",E Bubble Cafe Hawaiian Shaved Ice And Bubble Teas,https://m.facebook.com/2855LvilleSuwanee/,"Bubble tea store, Ice cream shop",Ice cream shop,Bubble tea store,+1 470-595-2545,"2855 Lawrenceville-Suwanee Rd #710, Suwanee, GA 30024",None,2855 Lawrenceville-Suwanee Rd #710,Suwanee,30024,Georgia,Georgia,United States of America,US,34.0261249,-84.04326739999999,8944c17493bffff,America/New_York,,False,4.8,416,"https://search.google.com/local/reviews?placeid=ChIJSaDmUjmW9YgRlFIi9C4sd3Y&q=boba+tea,+30049,+Lawrenceville,+GA,+US&authuser=0&hl=en&gl=US",,,9.0,2.0,3.0,15.0,387.0,240,https://lh3.googleusercontent.com/p/AF1QipM3DkEjYMCM2LvQSoLrUIOJZXL4O3VQW9fJqlhY=w800-h500-k-no,https://lh3.googleusercontent.com/p/AF1QipM3DkEjYMCM2LvQSoLrUIOJZXL4O3VQW9fJqlhY=w1600-h1000-k-no,,"{""Monday"": ""Closed"", ""Tuesday"": ""12-8PM"", ""Wednesday"": ""12-8PM"", ""Thursday"": ""12-8PM"", ""Friday"": ""12-9PM"", ""Saturday"": ""10AM-9PM"", ""Sunday"": ""10AM-9PM""}",Monday:Closed|Tuesday:12-8PM|Wednesday:12-8PM|Thursday:12-8PM|Friday:12-9PM|Saturday:10AM-9PM|Sunday:10AM-9PM,,,OPERATIONAL,"{""Service options"": {""Delivery"": true, ""Takeout"": true}, ""Popular for"": {""Solo dining"": true}, ""Accessibility"": {""Wheelchair accessible parking lot"": true}, ""Offerings"": {""Coffee"": true}, ""Atmosphere"": {""Casual"": true, ""Trendy"": true}, ""Crowd"": {""Groups"": true}, ""Planning"": {""Quick visit"": true}, ""Payments"": {""Credit cards"": true, ""Debit cards"": true, ""NFC mobile payments"": true}, ""Children"": {""Good for kids"": true}}",$,,https://lh5.googleusercontent.com/-uloFkUFLfPQ/AAAAAAAAAAI/AAAAAAAAAAA/7h_5eWIp9lY/s44-p-k-no-ns-nd/photo.jpg,,,True,111201159139241226797,"E Bubble Cafe, Hawaiian Shaved Ice, & Bubble Tea's",https://www.google.com/maps/contrib/111201159139241226797,,"https://www.google.com/viewer/chooseprovider?mid=/g/11ddzfqhxg&g2lbs=AAEPWCta8w5ZHMHUbVxsh05X4lFsRz3OM7apVpoL75--Op09i3xLiZLbrc7dRjNdHesrNdlThgGqJbA0I_-0-aM0AN_gY4G_qA%3D%3D&hl=en-US&gl=us&fo_m=MfohQo559jFvMUOzJVpjPL1YMfZ3bInYwBDuMfaXTPp5KXh-&utm_source=tactile&gei=dZQCaKfSHcbP1e8Pqae20Ac&ei=dZQCaKfSHcbP1e8Pqae20Ac&fo_s=OA,SOE&opi=79508299&ebb=1&cs=0&foub=mcpp",,,"https://www.google.com/maps/place/E+Bubble+Cafe%2C+Hawaiian+Shaved+Ice%2C+%26+Bubble+Tea%27s/@34.0261249,-84.04326739999999,14z/data=!4m8!1m2!2m1!1sE+Bubble+Cafe%2C+Hawaiian+Shaved+Ice%2C+%26+Bubble+Tea%27s!3m4!1s0x88f5963952e6a049:0x76772c2ef4225294!8m2!3d34.0261249!4d-84.04326739999999","https://www.google.com/maps/place/E+Bubble+Cafe%2C+Hawaiian+Shaved+Ice%2C+%26+Bubble+Tea%27s/@34.0261249,-84.04326739999999,13.99z/data=!4m16!1m7!3m6!1s0x88f5963952e6a049:0x76772c2ef4225294!2sE+Bubble+Cafe%2C+Hawaiian+Shaved+Ice%2C+%26+Bubble+Tea%27s!8m2!3d34.0261249!4d-84.04326739999999!16s%2Fg%2F11ckvg1dmb!3m7!1s0x88f5963952e6a049:0x76772c2ef4225294!8m2!3d34.0261249!4d-84.04326739999999!9m1!1b1!16s%2Fg%2F11ckvg1dmb?entry=ttu",ChIJSaDmUjmW9YgRlFIi9C4sd3Y,0x88f5963952e6a049:0x76772c2ef4225294,8536340198880072340,/g/11ddzfqhxg,8536340198880072340,,ebubblecafe@gmail.com,RECEIVING,Verified,,,,,,,,,,,,,,,,,,,,,,16782889673,,,https://www.facebook.com/2855lvillesuwanee,,,,,,,,,,,,,,,,,,,,
"boba tea, 30049, Lawrenceville, GA, US",Quickly Bubble Tea,Quickly Bubble Tea,https://www.clover.com/online-ordering/quickly-buford,Bubble tea store,Bubble tea store,Bubble tea store,+1 470-589-1786,"3730 Buford Dr Ste 400, Buford, GA 30519",None,3730 Buford Dr Ste 400,Buford,30519,Georgia,Georgia,United States of America,US,34.083836399999996,-83.9893553,8944c166327ffff,America/New_York,,False,4.7,157,"https://search.google.com/local/reviews?placeid=ChIJETLQJ42V9YgRet-zqqu884M&q=boba+tea,+30049,+Lawrenceville,+GA,+US&authuser=0&hl=en&gl=US",,,2.0,5.0,6.0,14.0,130.0,178,https://lh3.googleusercontent.com/p/AF1QipMOQVveCoiwz_-NBVGxIX9_fq2NJWnmzZbNYx_3=w800-h500-k-no,https://lh3.googleusercontent.com/p/AF1QipMOQVveCoiwz_-NBVGxIX9_fq2NJWnmzZbNYx_3=w1600-h1000-k-no,,"{""Monday"": ""11AM-10PM"", ""Tuesday"": ""11AM-10PM"", ""Wednesday"": ""11AM-10PM"", ""Thursday"": ""11AM-10PM"", ""Friday"": ""11AM-10PM"", ""Saturday"": ""11AM-10PM"", ""Sunday"": ""11AM-10PM""}",Monday:11AM-10PM|Tuesday:11AM-10PM|Wednesday:11AM-10PM|Thursday:11AM-10PM|Friday:11AM-10PM|Saturday:11AM-10PM|Sunday:11AM-10PM,,,OPERATIONAL,"{""Service options"": {""Delivery"": true, ""Takeout"": true, ""Dine-in"": true}, ""Highlights"": {""Great tea selection"": true}, ""Accessibility"": {""Wheelchair accessible entrance"": true, ""Wheelchair accessible parking lot"": true, ""Wheelchair accessible restroom"": true, ""Wheelchair accessible seating"": true}}",$,,https://lh5.googleusercontent.com/-FK_6cHRyfY4/AAAAAAAAAAI/AAAAAAAAAAA/seyzQIL-ylA/s44-p-k-no-ns-nd/photo.jpg,,,True,108416972602363039142,Quickly Bubble Tea,https://www.google.com/maps/contrib/108416972602363039142,https://www.clover.com/online-ordering/quickly-buford,"https://www.google.com/viewer/chooseprovider?mid=/g/11pzrsh082&g2lbs=AAEPWCvyX6dxNKrppSGPHd8jWQTRRAIXZpOxeHZWaJ-27i33jxE4kq1h6WDLOUzW3TOGiKeI4Xd9uJXAeolqg6E-fVlLN6OqTA%3D%3D&hl=en-US&gl=us&fo_m=MfohQo559jFvMUOzJVpjPL1YMfZ3bInYwBDuMfaXTPp5KXh-&utm_source=tactile&gei=dZQCaKfSHcbP1e8Pqae20Ac&ei=dZQCaKfSHcbP1e8Pqae20Ac&fo_s=OA,SOE&opi=79508299&ebb=1&cs=0&foub=mcpp",,https://www.clover.com/online-ordering/quickly-buford,"https://www.google.com/maps/place/Quickly+Bubble+Tea/@34.083836399999996,-83.9893553,14z/data=!4m8!1m2!2m1!1sQuickly+Bubble+Tea!3m4!1s0x88f5958d27d03211:0x83f3bcabaab3df7a!8m2!3d34.083836399999996!4d-83.9893553","https://www.google.com/maps/place/Quickly+Bubble+Tea/@34.083836399999996,-83.9893553,13.99z/data=!4m16!1m7!3m6!1s0x88f5958d27d03211:0x83f3bcabaab3df7a!2sQuickly+Bubble+Tea!8m2!3d34.083836399999996!4d-83.9893553!16s%2Fg%2F11ckvg1dmb!3m7!1s0x88f5958d27d03211:0x83f3bcabaab3df7a!8m2!3d34.083836399999996!4d-83.9893553!9m1!1b1!16s%2Fg%2F11ckvg1dmb?entry=ttu",ChIJETLQJ42V9YgRet-zqqu884M,0x88f5958d27d03211:0x83f3bcabaab3df7a,9508150683798593402,/g/11pzrsh082,-8938593389910958214,,ansu@clover.com,RECEIVING,Catch All,Ansu Vyas,Ansu,Vyas,Vice President Business Operations,,gbedwell@clover.com,INVALID,Invalid SMTP,Glenn Bedwell,Glenn,Bedwell,Software Engineer,,mhampton@clover.com,INVALID,Invalid SMTP,Michael R Hampton,Michael,R Hampton,Software Engineer,,+1 515-255-3700,+1 360-217-7075,+1 573-335-0366,https://www.facebook.com/recklessrolls/,http://instagram.com/donatopsizzact,https://www.linkedin.com/company/clovernetwork,,,,,,,,http://twitter.com/cloverpos,,,,,Online Ordering | Clover,,,,False,False
"boba tea, 30049, Lawrenceville, GA, US",TBaar - Suwanee,Tbaar Suwanee,http://tbaar.com/,Bubble tea store,Bubble tea store,Bubble tea store,+1 678-288-9992,"3320 Lawrenceville-Suwanee Rd Suite 2AB, Suwanee, GA 30024",None,3320 Lawrenceville-Suwanee Rd Suite 2AB,Suwanee,30024,Georgia,Georgia,United States of America,US,34.039309599999996,-84.0538274,8944c129447ffff,America/New_York,,False,4.7,38,"https://search.google.com/local/reviews?placeid=ChIJ70eEFCmX9YgRmR3v5tIru84&q=boba+tea,+30049,+Lawrenceville,+GA,+US&authuser=0&hl=en&gl=US",,,2.0,0.0,1.0,0.0,35.0,100,https://lh3.googleusercontent.com/p/AF1QipMDlQjN7ur6E_3uio1-7fWCgcwhD30u3Pfr_W1l=w800-h500-k-no,https://lh3.googleusercontent.com/p/AF1QipMDlQjN7ur6E_3uio1-7fWCgcwhD30u3Pfr_W1l=w1600-h1000-k-no,,"{""Monday"": ""11AM-10PM"", ""Tuesday"": ""11AM-10PM"", ""Wednesday"": ""11AM-10PM"", ""Thursday"": ""11AM-10PM"", ""Friday"": ""11AM-11PM"", ""Saturday"": ""11AM-11PM"", ""Sunday"": ""11AM-10PM""}",Monday:11AM-10PM|Tuesday:11AM-10PM|Wednesday:11AM-10PM|Thursday:11AM-10PM|Friday:11AM-11PM|Saturday:11AM-11PM|Sunday:11AM-10PM,,,OPERATIONAL,"{""Service options"": {""Delivery"": true, ""Takeout"": true, ""Dine-in"": true}, ""Highlights"": {""Great tea selection"": true}, ""Accessibility"": {""Wheelchair accessible entrance"": true, ""Wheelchair accessible parking lot"": true}}",$,,https://lh4.googleusercontent.com/-fagww80Wnd4/AAAAAAAAAAI/AAAAAAAAAAA/G_NLBwC7ubk/s44-p-k-no-ns-nd/photo.jpg,,,True,108383633134210688964,TBaar - Suwanee,https://www.google.com/maps/contrib/108383633134210688964,,"https://www.google.com/viewer/chooseprovider?mid=/g/11jzcgktt1&g2lbs=AAEPWCuwE_7lSm9MOJn_MzUao0e1eSnvsGH6bz8jBMpmnVBOWDHQt_lNeaybpM_0NA8R6ebJwi7RXZwiBHoZEz6F8fzcAubnZA%3D%3D&hl=en-US&gl=us&fo_m=MfohQo559jFvMUOzJVpjPL1YMfZ3bInYwBDuMfaXTPp5KXh-&utm_source=tactile&gei=dZQCaKfSHcbP1e8Pqae20Ac&ei=dZQCaKfSHcbP1e8Pqae20Ac&fo_s=OA,SOE&opi=79508299&ebb=1&cs=0&foub=mcpp",,,"https://www.google.com/maps/place/TBaar+-+Suwanee/@34.039309599999996,-84.0538274,14z/data=!4m8!1m2!2m1!1sTBaar+-+Suwanee!3m4!1s0x88f59729148447ef:0xcebb2bd2e6ef1d99!8m2!3d34.039309599999996!4d-84.0538274","https://www.google.com/maps/place/TBaar+-+Suwanee/@34.039309599999996,-84.0538274,13.99z/data=!4m16!1m7!3m6!1s0x88f59729148447ef:0xcebb2bd2e6ef1d99!2sTBaar+-+Suwanee!8m2!3d34.039309599999996!4d-84.0538274!16s%2Fg%2F11ckvg1dmb!3m7!1s0x88f59729148447ef:0xcebb2bd2e6ef1d99!8m2!3d34.039309599999996!4d-84.0538274!9m1!1b1!16s%2Fg%2F11ckvg1dmb?entry=ttu",ChIJ70eEFCmX9YgRmR3v5tIru84,0x88f59729148447ef:0xcebb2bd2e6ef1d99,14896548377275604377,/g/11jzcgktt1,-3550195696433947239,,info@tbaar.com,RECEIVING,Role,Unknown,Unknown,,Cafes,13473503522,,,,,,,,,,,,,,,,,16174812786,13128889475,12674238709,https://www.facebook.com/tbaarinc/,https://www.instagram.com/tbaarinc,,,,,,,,,,,,,,TBaar - CreativiTEA is Brewing,Wix.com Website Builder,"Adapting a new slogan of ‘creativiTEA is Brewing’, we strive to embrace vibrant colors in the TBaar experience to create a young, fun, and energetic ambiance. As true believers of no limitation in creativity, we keep the spirits high through drink innovations and partnerships with the creative forces.","Bubble tea, smoothie, tea, milk tea, honey, milk shake",False,False
"boba tea, 30049, Lawrenceville, GA, US",YoYo Boba tea,Yoyo Boba Tea,https://pos.chowbus.com/online-ordering/store/20804,Bubble tea store,Bubble tea store,Bubble tea store,+1 678-353-6609,"2715 Loganville Hwy SW Ste 610, Loganville, GA 30052",None,2715 Loganville Hwy SW Ste 610,Loganville,30052,Georgia,Georgia,United States of America,US,33.8790784,-83.93843729999999,8944c177653ffff,America/New_York,,False,4.9,74,"https://search.google.com/local/reviews?placeid=ChIJswPers659YgRU1YyhOp45Is&q=boba+tea,+30049,+Lawrenceville,+GA,+US&authuser=0&hl=en&gl=US",,,2.0,0.0,0.0,0.0,72.0,141,https://lh3.googleusercontent.com/gps-proxy/ALd4DhH-vWAru4K3r5-0aaKxomsUsefYE33mZ7E27foO3cJMQ2r0oGVf8YORkAQVMA0gTvkfnTVeZGG09FkLU_-XvKO43VlRB6yCoyzR88BG-qlVA2VDY0oJLStSrVX10U3-Jlsslbe3_Z8Z8x1-id9r4fkJu-PrV06y3wCBaExA4cf954NckeE9CaPL=w800-h500-k-no,https://lh3.googleusercontent.com/gps-proxy/ALd4DhH-vWAru4K3r5-0aaKxomsUsefYE33mZ7E27foO3cJMQ2r0oGVf8YORkAQVMA0gTvkfnTVeZGG09FkLU_-XvKO43VlRB6yCoyzR88BG-qlVA2VDY0oJLStSrVX10U3-Jlsslbe3_Z8Z8x1-id9r4fkJu-PrV06y3wCBaExA4cf954NckeE9CaPL=w1600-h1000-k-no,,"{""Monday"": ""12-8PM"", ""Tuesday"": ""Closed"", ""Wednesday"": ""Closed"", ""Thursday"": ""12-8PM"", ""Friday"": ""12-8:30PM"", ""Saturday"": ""12-8:30PM"", ""Sunday"": ""12-6:30PM""}",Monday:12-8PM|Tuesday:Closed|Wednesday:Closed|Thursday:12-8PM|Friday:12-8:30PM|Saturday:12-8:30PM|Sunday:12-6:30PM,,,OPERATIONAL,"{""Service options"": {""Takeout"": true, ""Dine-in"": true, ""Delivery"": false}, ""Highlights"": {""Great tea selection"": true}, ""Accessibility"": {""Wheelchair accessible entrance"": true, ""Wheelchair accessible parking lot"": true}}",$,,https://lh6.googleusercontent.com/-v2yPp8hkgKE/AAAAAAAAAAI/AAAAAAAAAAA/Zh2CN9eA92U/s44-p-k-no-ns-nd/photo.jpg,,,True,104561223954673901274,YoYo Boba tea,https://www.google.com/maps/contrib/104561223954673901274,,"https://www.google.com/viewer/chooseprovider?mid=/g/11whrtcm10&g2lbs=AAEPWCuROVXcGRd1xcBQQiw3xo1Fpnkm2JDUg0H4NPjdXIAOr8b3i6NdBqnVTf2rugecLzMteTRSEDLsqTV6ek-fD0eS8SnOtw%3D%3D&hl=en-US&gl=us&fo_m=MfohQo559jFvMUOzJVpjPL1YMfZ3bInYwBDuMfaXTPp5KXh-&utm_source=tactile&gei=dZQCaKfSHcbP1e8Pqae20Ac&ei=dZQCaKfSHcbP1e8Pqae20Ac&fo_s=OA,SOE&opi=79508299&ebb=1&cs=0&foub=mcpp",,,"https://www.google.com/maps/place/YoYo+Boba+tea/@33.8790784,-83.93843729999999,14z/data=!4m8!1m2!2m1!1sYoYo+Boba+tea!3m4!1s0x88f5b9ceaede03b3:0x8be478ea84325653!8m2!3d33.8790784!4d-83.93843729999999","https://www.google.com/maps/place/YoYo+Boba+tea/@33.8790784,-83.93843729999999,13.99z/data=!4m16!1m7!3m6!1s0x88f5b9ceaede03b3:0x8be478ea84325653!2sYoYo+Boba+tea!8m2!3d33.8790784!4d-83.93843729999999!16s%2Fg%2F11ckvg1dmb!3m7!1s0x88f5b9ceaede03b3:0x8be478ea84325653!8m2!3d33.8790784!4d-83.93843729999999!9m1!1b1!16s%2Fg%2F11ckvg1dmb?entry=ttu",ChIJswPers659YgRU1YyhOp45Is,0x88f5b9ceaede03b3:0x8be478ea84325653,10080314814597584467,/g/11whrtcm10,-8366429259111967149,,joel.stump@chowbus.com,RECEIVING,Catch All,,,,,,,,,,,,,,,,,,,,,,19045793913,,,https://www.facebook.com/1876735259269202,,https://www.linkedin.com/company/chowbus,,,,,,,,,,,,,"The Pan Kitchen, 1145 Lindero Canyon Rd d 11,  | Online Ordering | Chowbus POS",,The Pan Kitchen | Online Ordering | Chowbus POS,Restaurant POS Systems,False,False
"boba tea, 30049, Lawrenceville, GA, US",Kung Fu Tea,Kung Fu Tea,https://www.kungfutea.com/app,Bubble tea store,Bubble tea store,Bubble tea store,+1 678-373-1693,"1291 Old Peachtree Rd NW Suite 402, Suwanee, GA 30024",None,1291 Old Peachtree Rd NW Suite 402,Suwanee,30024,Georgia,Georgia,United States of America,US,34.004000999999995,-84.0831348,8944c12b0cbffff,America/New_York,,False,4.1,218,"https://search.google.com/local/reviews?placeid=ChIJ_TRATjm99YgReMvbNaD5V-g&q=boba+tea,+30049,+Lawrenceville,+GA,+US&authuser=0&hl=en&gl=US",,,31.0,3.0,15.0,35.0,134.0,463,https://lh3.googleusercontent.com/p/AF1QipOtrwpuF0gF0HVD8LAq64ZcXJyjcf3nxhTdyFVu=w800-h500-k-no,https://lh3.googleusercontent.com/p/AF1QipOtrwpuF0gF0HVD8LAq64ZcXJyjcf3nxhTdyFVu=w1600-h1000-k-no,,"{""Monday"": ""12-10PM"", ""Tuesday"": ""12-10PM"", ""Wednesday"": ""12-10PM"", ""Thursday"": ""12-10PM"", ""Friday"": ""12-11PM"", ""Saturday"": ""12-11PM"", ""Sunday"": ""12-10PM""}",Monday:12-10PM|Tuesday:12-10PM|Wednesday:12-10PM|Thursday:12-10PM|Friday:12-11PM|Saturday:12-11PM|Sunday:12-10PM,,,OPERATIONAL,"{""Service options"": {""Delivery"": true, ""Takeout"": true, ""Dine-in"": true}, ""Highlights"": {""Great tea selection"": true}, ""Accessibility"": {""Wheelchair accessible parking lot"": true, ""Wheelchair accessible restroom"": true}, ""Parking"": {""Free parking lot"": true}}",$,,https://lh5.googleusercontent.com/-9QHF_TXX3aE/AAAAAAAAAAI/AAAAAAAAAAA/Q-oud9oyy6k/s44-p-k-no-ns-nd/photo.jpg,"Bubble tea specialist with a selection of other hot & cold drinks, including coffee & slushes.",,True,100842144975126568011,Kung Fu Tea,https://www.google.com/maps/contrib/100842144975126568011,,"https://www.google.com/viewer/chooseprovider?mid=/g/11fk1lshjz&g2lbs=AAEPWCtxPx2ZhO_lyzOrZ1h3gP1lGlX6zoHbbXbBD1H541_mAQGzFj02yxJ4E_dGZ5kA8fU4xWC3pgaZ0Gcq92_yy9vuC__cCg%3D%3D&hl=en-US&gl=us&fo_m=MfohQo559jFvMUOzJVpjPL1YMfZ3bInYwBDuMfaXTPp5KXh-&utm_source=tactile&gei=dZQCaKfSHcbP1e8Pqae20Ac&ei=dZQCaKfSHcbP1e8Pqae20Ac&fo_s=OA,SOE&opi=79508299&ebb=1&cs=0&foub=mcpp",,,"https://www.google.com/maps/place/Kung+Fu+Tea/@34.004000999999995,-84.0831348,14z/data=!4m8!1m2!2m1!1sKung+Fu+Tea!3m4!1s0x88f5bd394e4034fd:0xe857f9a035dbcb78!8m2!3d34.004000999999995!4d-84.0831348","https://www.google.com/maps/place/Kung+Fu+Tea/@34.004000999999995,-84.0831348,13.99z/data=!4m16!1m7!3m6!1s0x88f5bd394e4034fd:0xe857f9a035dbcb78!2sKung+Fu+Tea!8m2!3d34.004000999999995!4d-84.0831348!16s%2Fg%2F11ckvg1dmb!3m7!1s0x88f5bd394e4034fd:0xe857f9a035dbcb78!8m2!3d34.004000999999995!4d-84.0831348!9m1!1b1!16s%2Fg%2F11ckvg1dmb?entry=ttu",ChIJ_TRATjm99YgReMvbNaD5V-g,0x88f5bd394e4034fd:0xe857f9a035dbcb78,16742124606266788728,/g/11fk1lshjz,-1704619467442762888,,support@armsglobalinc.com,RECEIVING,Role,,,,,,marketing@kfteausa.com,RECEIVING,SMTP validated,,,,,,delivery_help@grubhub.com,RECEIVING,SMTP validated,,,,,,+1 724-544-6367,+1 855-538-9888,15402175182,https://www.facebook.com/kungfuteausa/,https://www.instagram.com/kungfuteausa,https://www.linkedin.com/company/kung-fu-tea,https://www.tiktok.com/@kungfutea,,,,,,,https://twitter.com/kfteausa,,,,,Menu — Kung Fu Tea | Fresh - Innovative - Fearless leading tea brand,WordPress 6.3,"Menu At Kung Fu Tea, every beverage is made-to-order with real Kung Fu. Our tea is freshly brewed every 3 hours using premium tea leaves. You can choose from classic teas, milk teas, fruit teas, slushies and more. Each drink is customized by you! You get to pick your toppings,…",,False,True
"boba tea, 30049, Lawrenceville, GA, US",Ding Tea (Mall of Georgia),Ding Tea Mall Of Georgia,http://www.dingtea.com/,Bubble tea store,Bubble tea store,Bubble tea store,+1 678-288-9781,"next to Regal Cinemas, Level 2, 3333 Buford Dr Suite 2070B 2nd Floor, Buford, GA 30519",None,"next to Regal Cinemas, Level 2, 3333 Buford Dr Suite 2070B 2nd Floor",Buford,30519,Georgia,Georgia,United States of America,US,34.064828,-83.98419919999999,8944c16639bffff,America/New_York,,False,3.5,37,"https://search.google.com/local/reviews?placeid=ChIJG-fkhQCV9YgRpWXGSsIdgPU&q=boba+tea,+30049,+Lawrenceville,+GA,+US&authuser=0&hl=en&gl=US",,,11.0,1.0,1.0,6.0,18.0,49,https://lh3.googleusercontent.com/p/AF1QipPVN87avWiHHCLqh-zMus5OE8kDait9SgPSi3Fz=w800-h500-k-no,https://lh3.googleusercontent.com/p/AF1QipPVN87avWiHHCLqh-zMus5OE8kDait9SgPSi3Fz=w1600-h1000-k-no,,"{""Monday"": ""10AM-9PM"", ""Tuesday"": ""10AM-9PM"", ""Wednesday"": ""10AM-9PM"", ""Thursday"": ""10AM-9PM"", ""Friday"": ""10AM-9PM"", ""Saturday"": ""11AM-9PM"", ""Sunday"": ""10AM-8PM""}",Monday:10AM-9PM|Tuesday:10AM-9PM|Wednesday:10AM-9PM|Thursday:10AM-9PM|Friday:10AM-9PM|Saturday:11AM-9PM|Sunday:10AM-8PM,,,OPERATIONAL,"{""Service options"": {""Delivery"": true, ""Takeout"": true, ""Dine-in"": true}, ""Highlights"": {""Great tea selection"": true}, ""Accessibility"": {""Wheelchair accessible entrance"": true, ""Wheelchair accessible parking lot"": true, ""Wheelchair accessible seating"": true}}",$,,https://lh6.googleusercontent.com/-RAJYcizAdAY/AAAAAAAAAAI/AAAAAAAAAAA/LRXOfN1LFik/s44-p-k-no-ns-nd/photo.jpg,,,True,109828476816597721425,Ding Tea Mall of Georgia,https://www.google.com/maps/contrib/109828476816597721425,,"https://www.google.com/viewer/chooseprovider?mid=/g/11tc3p9x7w&g2lbs=AAEPWCsajkXWNxfTlVqeYgsr99yH4KjdXm7O82-wlDxDg3Iu1iaz6v1s_QA9gciVIE2lZLEZfBdVTE_tnzsJiXOD8KM7MCS5-A%3D%3D&hl=en-US&gl=us&fo_m=MfohQo559jFvMUOzJVpjPL1YMfZ3bInYwBDuMfaXTPp5KXh-&utm_source=tactile&gei=dZQCaKfSHcbP1e8Pqae20Ac&ei=dZQCaKfSHcbP1e8Pqae20Ac&fo_s=OA,SOE&opi=79508299&ebb=1&cs=0&foub=mcpp",,,"https://www.google.com/maps/place/Ding+Tea+Mall+of+Georgia/@34.064828,-83.98419919999999,14z/data=!4m8!1m2!2m1!1sDing+Tea+Mall+of+Georgia!3m4!1s0x88f5950085e4e71b:0xf5801dc24ac665a5!8m2!3d34.064828!4d-83.98419919999999","https://www.google.com/maps/place/Ding+Tea+Mall+of+Georgia/@34.064828,-83.98419919999999,13.99z/data=!4m16!1m7!3m6!1s0x88f5950085e4e71b:0xf5801dc24ac665a5!2sDing+Tea+Mall+of+Georgia!8m2!3d34.064828!4d-83.98419919999999!16s%2Fg%2F11ckvg1dmb!3m7!1s0x88f5950085e4e71b:0xf5801dc24ac665a5!8m2!3d34.064828!4d-83.98419919999999!9m1!1b1!16s%2Fg%2F11ckvg1dmb?entry=ttu",ChIJG-fkhQCV9YgRpWXGSsIdgPU,0x88f5950085e4e71b:0xf5801dc24ac665a5,17690172056626685349,/g/11tc3p9x7w,-756572017082866267,,dingteamk@dingtea.com,RECEIVING,SMTP validated,,,,,,dingteaofficial@hq.dingtea.com,RECEIVING,SMTP validated,,,,,,dingteanationalcity@gmail.com,RECEIVING,SMTP validated,,,,,,0422530011,16197736089,19092753740,https://www.facebook.com/DingTeaKaty/,https://www.instagram.com/dingteaofficial,,,,,,,,,,,,,,Delicate Tea Culture by Ding Tea,,"Our principle is to promote our brand and Taiwanese tea culture all over the world. We focus on “blending fresh tea “, “strict tea selection”, “exclusive and unique taste”. We adhere to the professional quality, and integrate into the perfect presentation of the life experience, exquisite taste and perfect charm to sweep the world. Shake For Life!","Tea, Drink, Taiwanese tea culture, Ding Tea",False,True
"boba tea, 30049, Lawrenceville, GA, US",Aroma Cafe,Aroma Cafe,http://www.facebook.com/aroma.lawrenceville,Coffee shop,coffee shops,Coffee shop,+1 470-292-3481,"198 Gwinnett Dr, Lawrenceville, GA 30046",None,198 Gwinnett Dr,Lawrenceville,30046,Georgia,Georgia,United States of America,US,33.9438635,-83.9927565,8944c1740d7ffff,America/New_York,,False,4.3,102,"https://search.google.com/local/reviews?placeid=ChIJ-ZYcBfm_9YgRsOMQYSYfZS8&q=boba+tea,+30049,+Lawrenceville,+GA,+US&authuser=0&hl=en&gl=US",,,11.0,3.0,5.0,7.0,76.0,100,https://lh3.googleusercontent.com/p/AF1QipOmpQ37OjEhTYhLXR9Z8AUymWSh9OhuATt6U16g=w800-h500-k-no,https://lh3.googleusercontent.com/p/AF1QipOmpQ37OjEhTYhLXR9Z8AUymWSh9OhuATt6U16g=w1600-h1000-k-no,,"{""Monday"": ""7AM-8PM"", ""Tuesday"": ""7AM-8PM"", ""Wednesday"": ""7AM-8PM"", ""Thursday"": ""7AM-8PM"", ""Friday"": ""7AM-8PM"", ""Saturday"": ""8AM-8PM"", ""Sunday"": ""9AM-7PM""}",Monday:7AM-8PM|Tuesday:7AM-8PM|Wednesday:7AM-8PM|Thursday:7AM-8PM|Friday:7AM-8PM|Saturday:8AM-8PM|Sunday:9AM-7PM,,,OPERATIONAL,"{""Service options"": {""Outdoor seating"": true, ""Delivery"": true, ""Onsite services"": true, ""Takeout"": true, ""Dine-in"": true}, ""Highlights"": {""Great coffee"": true, ""Great tea selection"": true}, ""Popular for"": {""Solo dining"": true, ""Good for working on laptop"": true}, ""Accessibility"": {""Wheelchair accessible entrance"": true, ""Wheelchair accessible parking lot"": true, ""Wheelchair accessible restroom"": true}, ""Offerings"": {""Coffee"": true, ""Quick bite"": true}, ""Dining options"": {""Lunch"": true, ""Dessert"": true, ""Seating"": true}, ""Amenities"": {""Restroom"": true, ""Wi-Fi"": true}, ""Atmosphere"": {""Casual"": true, ""Cozy"": true, ""Trendy"": true}, ""Crowd"": {""College students"": true, ""Groups"": true}, ""Payments"": {""Credit cards"": true, ""Debit cards"": true, ""NFC mobile payments"": true}, ""Parking"": {""Free parking lot"": true, ""Free street parking"": true}}",,,https://lh5.googleusercontent.com/-cqRcPyJ-Dvw/AAAAAAAAAAI/AAAAAAAAAAA/HYIQhXo42Nk/s44-p-k-no-ns-nd/photo.jpg,,,True,117776296315470915386,Aroma Cafe,https://www.google.com/maps/contrib/117776296315470915386,,"https://www.google.com/viewer/chooseprovider?mid=/g/11gy3kzyhs&g2lbs=AAEPWCsCrVcI858g7QL7cAPxdRJaJUN5KBexrsZmZIO16vQYD7ewMWWMIA3tNnBEBhT_coh4SVsRiVWgfrxuISA2ubFYwwTnIw%3D%3D&hl=en-US&gl=us&fo_m=MfohQo559jFvMUOzJVpjPL1YMfZ3bInYwBDuMfaXTPp5KXh-&utm_source=tactile&gei=dZQCaKfSHcbP1e8Pqae20Ac&ei=dZQCaKfSHcbP1e8Pqae20Ac&fo_s=OA,SOE&opi=79508299&ebb=1&cs=0&foub=mcpp",,,"https://www.google.com/maps/place/Aroma+Cafe/@33.9438635,-83.9927565,14z/data=!4m8!1m2!2m1!1sAroma+Cafe!3m4!1s0x88f5bff9051c96f9:0x2f651f266110e3b0!8m2!3d33.9438635!4d-83.9927565","https://www.google.com/maps/place/Aroma+Cafe/@33.9438635,-83.9927565,13.99z/data=!4m16!1m7!3m6!1s0x88f5bff9051c96f9:0x2f651f266110e3b0!2sAroma+Cafe!8m2!3d33.9438635!4d-83.9927565!16s%2Fg%2F11ckvg1dmb!3m7!1s0x88f5bff9051c96f9:0x2f651f266110e3b0!8m2!3d33.9438635!4d-83.9927565!9m1!1b1!16s%2Fg%2F11ckvg1dmb?entry=ttu",ChIJ-ZYcBfm_9YgRsOMQYSYfZS8,0x88f5bff9051c96f9:0x2f651f266110e3b0,3415170142128104368,/g/11gy3kzyhs,3415170142128104368,,,,,,,,,,,,,,,,,,,,,,,,,,,,,,,,,,,,,,,,,,,,,,,,,
"boba tea, 30049, Lawrenceville, GA, US",Kung Fu Tea,Kung Fu Tea,http://www.kungfutea.com/,"Bubble tea store, Coffee shop, Dessert shop, Tea house",Bubble tea store,Bubble tea store,+1 678-765-7357,"3480 Financial Center Way Ste M1000, Buford, GA 30519",None,3480 Financial Center Way Ste M1000,Buford,30519,Georgia,Georgia,United States of America,US,34.0741958,-83.986638,8944c166317ffff,America/New_York,,False,4.3,506,"https://search.google.com/local/reviews?placeid=ChIJdZp2eAaV9YgRqYKODOS3Yt8&q=boba+tea,+30049,+Lawrenceville,+GA,+US&authuser=0&hl=en&gl=US",,,43.0,16.0,28.0,73.0,346.0,574,https://lh3.googleusercontent.com/p/AF1QipMUMAfHCq90dPv0KD785dESJ4v78OBJEVlTDzMp=w800-h500-k-no,https://lh3.googleusercontent.com/p/AF1QipMUMAfHCq90dPv0KD785dESJ4v78OBJEVlTDzMp=w1600-h1000-k-no,,"{""Monday"": ""12-10PM"", ""Tuesday"": ""12-10PM"", ""Wednesday"": ""12-10PM"", ""Thursday"": ""12-10PM"", ""Friday"": ""12-11PM"", ""Saturday"": ""12-11PM"", ""Sunday"": ""12-10PM""}",Monday:12-10PM|Tuesday:12-10PM|Wednesday:12-10PM|Thursday:12-10PM|Friday:12-11PM|Saturday:12-11PM|Sunday:12-10PM,,,OPERATIONAL,"{""Service options"": {""No-contact delivery"": true, ""Delivery"": true, ""Takeout"": true, ""Dine-in"": true}, ""Highlights"": {""Great tea selection"": true}, ""Accessibility"": {""Wheelchair accessible entrance"": true, ""Wheelchair accessible parking lot"": true, ""Wheelchair accessible restroom"": true, ""Wheelchair accessible seating"": true}, ""Amenities"": {""Gender-neutral restroom"": true}, ""Crowd"": {""LGBTQ+ friendly"": true}, ""Parking"": {""Free parking lot"": true, ""Free street parking"": true}, ""Other"": {""LGBTQ+ friendly"": true}}",$,,https://lh6.googleusercontent.com/-DQrnhXklztI/AAAAAAAAAAI/AAAAAAAAAAA/Wx14mQ1aQpw/s44-p-k-no-ns-nd/photo.jpg,"Bubble tea specialist with a selection of other hot & cold drinks, including coffee & slushes.",,True,114340358131522369413,Kung Fu Tea,https://www.google.com/maps/contrib/114340358131522369413,,"https://www.google.com/viewer/chooseprovider?mid=/g/11g_z4t_wd&g2lbs=AAEPWCu0vOe9A7XpvwJfD0Xm5zRdbl7wCsECddrkBEl7GESib_XokZAvsIfSsS5rmI8kFW9Rbbl2d6N7hwSuVLS0o3hCWHs7yw%3D%3D&hl=en-US&gl=us&fo_m=MfohQo559jFvMUOzJVpjPL1YMfZ3bInYwBDuMfaXTPp5KXh-&utm_source=tactile&gei=dZQCaKfSHcbP1e8Pqae20Ac&ei=dZQCaKfSHcbP1e8Pqae20Ac&fo_s=OA,SOE&opi=79508299&ebb=1&cs=0&foub=mcpp",,,"https://www.google.com/maps/place/Kung+Fu+Tea/@34.0741958,-83.986638,14z/data=!4m8!1m2!2m1!1sKung+Fu+Tea!3m4!1s0x88f5950678769a75:0xdf62b7e40c8e82a9!8m2!3d34.0741958!4d-83.986638","https://www.google.com/maps/place/Kung+Fu+Tea/@34.0741958,-83.986638,13.99z/data=!4m16!1m7!3m6!1s0x88f5950678769a75:0xdf62b7e40c8e82a9!2sKung+Fu+Tea!8m2!3d34.0741958!4d-83.986638!16s%2Fg%2F11ckvg1dmb!3m7!1s0x88f5950678769a75:0xdf62b7e40c8e82a9!8m2!3d34.0741958!4d-83.986638!9m1!1b1!16s%2Fg%2F11ckvg1dmb?entry=ttu",ChIJdZp2eAaV9YgRqYKODOS3Yt8,0x88f5950678769a75:0xdf62b7e40c8e82a9,16096630208266666665,/g/11g_z4t_wd,-2350113865442884951,,support@armsglobalinc.com,RECEIVING,Role,,,,,,marketing@kfteausa.com,RECEIVING,SMTP validated,,,,,,delivery_help@grubhub.com,RECEIVING,SMTP validated,,,,,,+1 724-544-6367,+1 855-538-9888,15402175182,https://www.facebook.com/kungfuteausa/,https://www.instagram.com/kungfuteausa,https://www.linkedin.com/company/kung-fu-tea,https://www.tiktok.com/@kungfutea,,,,,,,https://twitter.com/kfteausa,,,,,Menu — Kung Fu Tea | Fresh - Innovative - Fearless leading tea brand,WordPress 6.3,"Menu At Kung Fu Tea, every beverage is made-to-order with real Kung Fu. Our tea is freshly brewed every 3 hours using premium tea leaves. You can choose from classic teas, milk teas, fruit teas, slushies and more. Each drink is customized by you! You get to pick your toppings,…",,False,True
"boba tea, 30049, Lawrenceville, GA, US",Pearl's Tea (Cumming),Pearls Tea Cumming,https://www.pearlstea.com/,Bubble tea store,Bubble tea store,Bubble tea store,,"410 Peachtree Pkwy Ste 138, Cumming, GA 30041",None,410 Peachtree Pkwy Ste 138,Cumming,30041,Georgia,Georgia,United States of America,US,34.1542187,-84.17695739999999,8944c12d47bffff,America/New_York,,False,4.7,998,"https://search.google.com/local/reviews?placeid=ChIJZXxFvYyb9YgRA1CU4SKAxrU&q=boba+tea,+30049,+Lawrenceville,+GA,+US&authuser=0&hl=en&gl=US",,,40.0,17.0,21.0,42.0,878.0,262,https://lh3.googleusercontent.com/p/AF1QipMcfAnDPJy4zYN-edJ7NZZ-GTDgMskpKbcXs9Vp=w800-h500-k-no,https://lh3.googleusercontent.com/p/AF1QipMcfAnDPJy4zYN-edJ7NZZ-GTDgMskpKbcXs9Vp=w1600-h1000-k-no,,"{""Monday"": ""12-8PM"", ""Tuesday"": ""12-8PM"", ""Wednesday"": ""12-8PM"", ""Thursday"": ""12-8PM"", ""Friday"": ""12-9PM"", ""Saturday"": ""12-9PM"", ""Sunday"": ""12-8PM""}",Monday:12-8PM|Tuesday:12-8PM|Wednesday:12-8PM|Thursday:12-8PM|Friday:12-9PM|Saturday:12-9PM|Sunday:12-8PM,,,OPERATIONAL,"{""Service options"": {""Delivery"": true, ""Onsite services"": true, ""Takeout"": true, ""Dine-in"": true}, ""Highlights"": {""Great tea selection"": true}, ""Accessibility"": {""Wheelchair accessible entrance"": true, ""Wheelchair accessible parking lot"": true, ""Wheelchair accessible restroom"": true, ""Wheelchair accessible seating"": true}}",$,,https://lh6.googleusercontent.com/-9_NZZ8II2s8/AAAAAAAAAAI/AAAAAAAAAAA/4Kd1w4JxRPQ/s44-p-k-no-ns-nd/photo.jpg,,,True,116978941487754838077,Pearl's Tea - Cumming,https://www.google.com/maps/contrib/116978941487754838077,,,,,"https://www.google.com/maps/place/Pearl%27s+Tea+-+Cumming/@34.1542187,-84.17695739999999,14z/data=!4m8!1m2!2m1!1sPearl%27s+Tea+-+Cumming!3m4!1s0x88f59b8cbd457c65:0xb5c68022e1945003!8m2!3d34.1542187!4d-84.17695739999999","https://www.google.com/maps/place/Pearl%27s+Tea+-+Cumming/@34.1542187,-84.17695739999999,13.99z/data=!4m16!1m7!3m6!1s0x88f59b8cbd457c65:0xb5c68022e1945003!2sPearl%27s+Tea+-+Cumming!8m2!3d34.1542187!4d-84.17695739999999!16s%2Fg%2F11ckvg1dmb!3m7!1s0x88f59b8cbd457c65:0xb5c68022e1945003!8m2!3d34.1542187!4d-84.17695739999999!9m1!1b1!16s%2Fg%2F11ckvg1dmb?entry=ttu",ChIJZXxFvYyb9YgRA1CU4SKAxrU,0x88f59b8cbd457c65:0xb5c68022e1945003,13098297453555503107,/g/11qh2qb7s6,-5348446620154048509,,franchising@pearlstea.com,RECEIVING,SMTP validated,,,,,,info@pearlstea.com,RECEIVING,SMTP validated,,,,,,ruby@pearlstea.com,RECEIVING,SMTP validated,,,,,,14703956065,16787652566,16788049593,https://www.facebook.com/PearlsTea.Suwanee,https://www.instagram.com/pearls.tea,,,,,,,,,,,,,,Menu — Pearl's Tea | Atlanta's Best Organic Bubble Tea,,,,False,True
"boba tea, 30049, Lawrenceville, GA, US",Pearl's Tea (Hamilton Mill),Pearls Tea Hamilton Mill,https://www.pearlstea.com/hamiltonmill,Bubble tea store,Bubble tea store,Bubble tea store,+1 678-804-9593,"2115 Hamilton Creek Pkwy STE 102, Dacula, GA 30019",None,2115 Hamilton Creek Pkwy STE 102,Dacula,30019,Georgia,Georgia,United States of America,US,34.0711,-83.9117,8944c167373ffff,America/New_York,,False,4.1,139,"https://search.google.com/local/reviews?placeid=ChIJ2StiJcXr9YgRszYq92DY028&q=boba+tea,+30049,+Lawrenceville,+GA,+US&authuser=0&hl=en&gl=US",,,23.0,3.0,6.0,10.0,97.0,131,https://lh3.googleusercontent.com/p/AF1QipP3pvK0rV9xyEcFdIDGM7fHpbKHAOPRfCYJLTY9=w800-h500-k-no,https://lh3.googleusercontent.com/p/AF1QipP3pvK0rV9xyEcFdIDGM7fHpbKHAOPRfCYJLTY9=w1600-h1000-k-no,,,,,,CLOSED_TEMPORARILY,"{""Service options"": {""Delivery"": true, ""Takeout"": true, ""Dine-in"": true}, ""Highlights"": {""Great tea selection"": true}, ""Accessibility"": {""Wheelchair accessible entrance"": true, ""Wheelchair accessible parking lot"": true, ""Wheelchair accessible restroom"": true}}",$,,https://lh3.googleusercontent.com/-RS6CX6pRhP0/AAAAAAAAAAI/AAAAAAAAAAA/MnOSKd079_s/s44-p-k-no-ns-nd/photo.jpg,,,True,106662054367203214705,Pearl's Tea - Hamilton Mill,https://www.google.com/maps/contrib/106662054367203214705,,,,,"https://www.google.com/maps/place/Pearl%27s+Tea+-+Hamilton+Mill/@34.0711,-83.9117,14z/data=!4m8!1m2!2m1!1sPearl%27s+Tea+-+Hamilton+Mill!3m4!1s0x88f5ebc525622bd9:0x6fd3d860f72a36b3!8m2!3d34.0711!4d-83.9117","https://www.google.com/maps/place/Pearl%27s+Tea+-+Hamilton+Mill/@34.0711,-83.9117,13.99z/data=!4m16!1m7!3m6!1s0x88f5ebc525622bd9:0x6fd3d860f72a36b3!2sPearl%27s+Tea+-+Hamilton+Mill!8m2!3d34.0711!4d-83.9117!16s%2Fg%2F11ckvg1dmb!3m7!1s0x88f5ebc525622bd9:0x6fd3d860f72a36b3!8m2!3d34.0711!4d-83.9117!9m1!1b1!16s%2Fg%2F11ckvg1dmb?entry=ttu",ChIJ2StiJcXr9YgRszYq92DY028,0x88f5ebc525622bd9:0x6fd3d860f72a36b3,8058022069271148211,/g/11mhmxhrr7,8058022069271148211,,franchising@pearlstea.com,RECEIVING,SMTP validated,,,,,,info@pearlstea.com,RECEIVING,SMTP validated,,,,,,ruby@pearlstea.com,RECEIVING,SMTP validated,,,,,,14703956065,16787652566,16788049593,https://www.facebook.com/PearlsTea.Suwanee,https://www.instagram.com/pearls.tea,,,,,,,,,,,,,,Menu — Pearl's Tea | Atlanta's Best Organic Bubble Tea,,,,False,True