query,name,name_for_emails,site,subtypes,category,type,phone,full_address,borough,street,city,postal_code,state,us_state,country,country_code,latitude,longitude,h3,time_zone,plus_code,area_service,rating,reviews,reviews_link,reviews_tags,reviews_per_score,reviews_per_score_1,reviews_per_score_2,reviews_per_score_3,reviews_per_score_4,reviews_per_score_5,photos_count,photo,street_view,located_in,working_hours,working_hours_old_format,other_hours,popular_times,business_status,about,range,posts,logo,description,typical_time_spent,verified,owner_id,owner_title,owner_link,reservation_links,booking_appointment_link,menu_link,order_links,location_link,location_reviews_link,place_id,google_id,cid,kgmid,reviews_id,located_google_id,email_1,email_1.emails_validator.status,email_1.emails_validator.status_details,email_1_full_name,email_1_first_name,email_1_last_name,email_1_title,email_1_phone,email_2,email_2.emails_validator.status,email_2.emails_validator.status_details,email_2_full_name,email_2_first_name,email_2_last_name,email_2_title,email_2_phone,email_3,email_3.emails_validator.status,email_3.emails_validator.status_details,email_3_full_name,email_3_first_name,email_3_last_name,email_3_title,email_3_phone,phone_1,phone_2,phone_3,facebook,instagram,linkedin,tiktok,medium,reddit,skype,snapchat,telegram,whatsapp,twitter,vimeo,youtube,github,crunchbase,website_title,website_generator,website_description,website_keywords,website_has_fb_pixel,website_has_google_tag
"boba tea, 60644, Chicago, IL, US",Boba Heaven,Boba Heaven,http://visitbobaheaven.com/,Bubble tea store,Bubble tea store,Bubble tea store,+1 773-912-6025,"7955 S Cicero Ave, Chicago, IL 60652",Ashburn,7955 S Cicero Ave,Chicago,60652,Illinois,Illinois,United States of America,US,41.7477835,-87.74074949999999,8926645288fffff,America/Chicago,,False,4.7,171,"https://search.google.com/local/reviews?placeid=ChIJ7fnm4ZAxDogR-uuIP8On9sU&q=boba+tea,+60644,+Chicago,+IL,+US&authuser=0&hl=en&gl=US",,,8.0,5.0,2.0,2.0,154.0,123,https://lh3.googleusercontent.com/gps-cs-s/AB5caB_wcCf7zq2A7bGSMhGq3FbtCdELpj6-8_5Ex7eh8iFVOxO0VnxB7-YEb5M5H-kkPIjLcp2z-uWKM7c9K5Tb-NGlfeQvujPXnwNVTcxGU5RJRws88ymU-WJNDZiouc9AjdRXdO-geg=w800-h500-k-no,https://lh3.googleusercontent.com/gps-cs-s/AB5caB_wcCf7zq2A7bGSMhGq3FbtCdELpj6-8_5Ex7eh8iFVOxO0VnxB7-YEb5M5H-kkPIjLcp2z-uWKM7c9K5Tb-NGlfeQvujPXnwNVTcxGU5RJRws88ymU-WJNDZiouc9AjdRXdO-geg=w1600-h1000-k-no,,"{""Monday"": ""12PM-12AM"", ""Tuesday"": ""12-10PM"", ""Wednesday"": ""12PM-12AM"", ""Thursday"": ""12PM-12AM"", ""Friday"": ""12PM-12AM"", ""Saturday"": ""12PM-12AM"", ""Sunday"": ""12-11PM""}",Monday:12PM-12AM|Tuesday:12-10PM|Wednesday:12PM-12AM|Thursday:12PM-12AM|Friday:12PM-12AM|Saturday:12PM-12AM|Sunday:12-11PM,,,OPERATIONAL,"{""Service options"": {""Curbside pickup"": true, ""No-contact delivery"": true, ""Delivery"": true, ""Takeout"": true, ""Dine-in"": true}, ""Highlights"": {""Great tea selection"": true}, ""Accessibility"": {""Wheelchair accessible parking lot"": true}}",$,,https://lh3.googleusercontent.com/-hDDwOPOyfm0/AAAAAAAAAAI/AAAAAAAAAAA/UhIVR4Fo36s/s44-p-k-no-ns-nd/photo.jpg,,,True,104013051185918273572,Boba Heaven,https://www.google.com/maps/contrib/104013051185918273572,,"https://www.google.com/viewer/chooseprovider?mid=/g/11v0kmg435&g2lbs=AAEPWCugaE9OzscjEg7thrJE8v8GvY8OWu07hBSSogRzepsOpMNspMs_jwbQnVkbcND9Xng0yXCykZpmarhiOmTP49jfaee6lg%3D%3D&hl=en-US&gl=us&fo_m=MfohQo559jFvMUOzJVpjPL1YMfZ3bInYwBDuMfaXTPp5KXh-&utm_source=tactile&gei=pmwCaK_DHpnS1sQP-5TquAk&ei=pmwCaK_DHpnS1sQP-5TquAk&fo_s=OA,SOE&opi=79508299&ebb=1&cs=0&foub=mcpp",,,"https://www.google.com/maps/place/Boba+Heaven/@41.7477835,-87.74074949999999,14z/data=!4m8!1m2!2m1!1sBoba+Heaven!3m4!1s0x880e3190e1e6f9ed:0xc5f6a7c33f88ebfa!8m2!3d41.7477835!4d-87.74074949999999","https://www.google.com/maps/place/Boba+Heaven/@41.7477835,-87.74074949999999,13.99z/data=!4m16!1m7!3m6!1s0x880e3190e1e6f9ed:0xc5f6a7c33f88ebfa!2sBoba+Heaven!8m2!3d41.7477835!4d-87.74074949999999!16s%2Fg%2F11ckvg1dmb!3m7!1s0x880e3190e1e6f9ed:0xc5f6a7c33f88ebfa!8m2!3d41.7477835!4d-87.74074949999999!9m1!1b1!16s%2Fg%2F11ckvg1dmb?entry=ttu",ChIJ7fnm4ZAxDogR-uuIP8On9sU,0x880e3190e1e6f9ed:0xc5f6a7c33f88ebfa,14264773326769023994,/g/11v0kmg435,-4181970746940527622,,,,,,,,,,,,,,,,,,,,,,,,,,,,,,,,,,,,,,,,,,,,Boba Heaven |,Divi v.4.27.4,,,False,False
"boba tea, 60644, Chicago, IL, US",Happy Bobas,Happy Bobas,http://www.happybobas.com/,Bubble tea store,Bubble tea store,Bubble tea store,+1 773-887-5651,"7327 W Irving Park Rd, Chicago, IL 60634",Dunning,7327 W Irving Park Rd,Chicago,60634,Illinois,Illinois,United States of America,US,41.9523884,-87.8114391,892664cb627ffff,America/Chicago,,False,4.9,587,"https://search.google.com/local/reviews?placeid=ChIJG1S8q3zLD4gRUBPjGRI3kqs&q=boba+tea,+60644,+Chicago,+IL,+US&authuser=0&hl=en&gl=US",,,5.0,0.0,2.0,9.0,571.0,329,https://lh3.googleusercontent.com/gps-cs-s/AB5caB8QaUk8GIo0bEcpH1ZwIdn8SLCV8T_p_KZFEpyA5nJjd-w0nD5yJ4gVH-NokTqiIobekEYeQo0UFX9ejsMJuFBn7Mwjkc6FSKEVQjUFr_bIVJYGyEYwS9rN6bfzDmHCz3R0XKi5gw=w800-h500-k-no,https://lh3.googleusercontent.com/gps-cs-s/AB5caB8QaUk8GIo0bEcpH1ZwIdn8SLCV8T_p_KZFEpyA5nJjd-w0nD5yJ4gVH-NokTqiIobekEYeQo0UFX9ejsMJuFBn7Mwjkc6FSKEVQjUFr_bIVJYGyEYwS9rN6bfzDmHCz3R0XKi5gw=w1600-h1000-k-no,,"{""Monday"": ""11AM-9PM"", ""Tuesday"": ""11AM-9PM"", ""Wednesday"": ""11AM-9PM"", ""Thursday"": ""11AM-9PM"", ""Friday"": ""11AM-10PM"", ""Saturday"": ""11AM-10PM"", ""Sunday"": ""3:30-9PM""}",Monday:11AM-9PM|Tuesday:11AM-9PM|Wednesday:11AM-9PM|Thursday:11AM-9PM|Friday:11AM-10PM|Saturday:11AM-10PM|Sunday:3:30-9PM,,,OPERATIONAL,"{""Service options"": {""Delivery"": true, ""Onsite services"": true, ""Takeout"": true, ""Dine-in"": true}, ""Highlights"": {""Great tea selection"": true}, ""Accessibility"": {""Wheelchair accessible entrance"": true, ""Wheelchair accessible parking lot"": true, ""Wheelchair accessible restroom"": true}}",,,https://lh4.googleusercontent.com/-siSXDrkwguA/AAAAAAAAAAI/AAAAAAAAAAA/EZ9-cNm6RrE/s44-p-k-no-ns-nd/photo.jpg,,,True,112765353649043462417,Happy Bobas,https://www.google.com/maps/contrib/112765353649043462417,,"https://www.google.com/viewer/chooseprovider?mid=/g/11sstrkq8g&g2lbs=AAEPWCvYZGfPXZtKDorlXwyfj3fgc_ggT9UArf7Bl8WVhlfvZFBxmiRpr9JqL_Ppgc31Ph74mgwpAulbsPkBunc2UCFhNMJSqg%3D%3D&hl=en-US&gl=us&fo_m=MfohQo559jFvMUOzJVpjPL1YMfZ3bInYwBDuMfaXTPp5KXh-&utm_source=tactile&gei=pmwCaK_DHpnS1sQP-5TquAk&ei=pmwCaK_DHpnS1sQP-5TquAk&fo_s=OA,SOE&opi=79508299&ebb=1&cs=0&foub=mcpp",,,"https://www.google.com/maps/place/Happy+Bobas/@41.9523884,-87.8114391,14z/data=!4m8!1m2!2m1!1sHappy+Bobas!3m4!1s0x880fcb7cabbc541b:0xab92371219e31350!8m2!3d41.9523884!4d-87.8114391","https://www.google.com/maps/place/Happy+Bobas/@41.9523884,-87.8114391,13.99z/data=!4m16!1m7!3m6!1s0x880fcb7cabbc541b:0xab92371219e31350!2sHappy+Bobas!8m2!3d41.9523884!4d-87.8114391!16s%2Fg%2F11ckvg1dmb!3m7!1s0x880fcb7cabbc541b:0xab92371219e31350!8m2!3d41.9523884!4d-87.8114391!9m1!1b1!16s%2Fg%2F11ckvg1dmb?entry=ttu",ChIJG1S8q3zLD4gRUBPjGRI3kqs,0x880fcb7cabbc541b:0xab92371219e31350,12363004477968683856,/g/11sstrkq8g,-6083739595740867760,,astigma@astigmatic.com,RECEIVING,Verified,,,,,,hello@rfuenzalida.com,INVALID,Undeliverable,,,,,,matt@pixelspread.com,RECEIVING,Verified,,,,,,,,,,,,,,,,,,,,,,,,Delicious Boba Milk Tea - Happy Bobas,Starfield Technologies; Go Daddy Website Builder 8.0.0000,Get your fix of the best boba milk tea in town at Happy Bobas. Our refreshing bubble tea is made with premium ingredients to satisfy your cravings.,,False,False
"boba tea, 60644, Chicago, IL, US",TE'AMO Boba Bar - Millennium Park,Teamo Boba Bar Millennium Park,https://teamobobabar.com/,"Bubble tea store, Cake shop, Coffee shop, Dessert shop, Donut shop",Bubble tea store,Bubble tea store,+1 872-210-4762,"36 S Michigan Ave, Chicago, IL 60603",Chicago Loop,36 S Michigan Ave,Chicago,60603,Illinois,Illinois,United States of America,US,41.8810388,-87.6246543,892664c1a97ffff,America/Chicago,,False,4.8,599,"https://search.google.com/local/reviews?placeid=ChIJIcV87kktDogRAHjOqFkb99w&q=boba+tea,+60644,+Chicago,+IL,+US&authuser=0&hl=en&gl=US",,,10.0,1.0,6.0,37.0,545.0,510,https://lh3.googleusercontent.com/gps-cs-s/AB5caB9-r-X_M39sBoXL-GNKMb4th7uK_8nNLDMCJZxEWuDBfJeEdGx_JIuwcjuF2QBkIiV1LDRRJKvLafuvt_z18en9OHdElZ47k4ii88eDTVowitFw5YKCGbYGUcQS_sAVq-UlO1op=w800-h500-k-no,https://lh3.googleusercontent.com/gps-cs-s/AB5caB9-r-X_M39sBoXL-GNKMb4th7uK_8nNLDMCJZxEWuDBfJeEdGx_JIuwcjuF2QBkIiV1LDRRJKvLafuvt_z18en9OHdElZ47k4ii88eDTVowitFw5YKCGbYGUcQS_sAVq-UlO1op=w1600-h1000-k-no,,"{""Monday"": ""11AM-9PM"", ""Tuesday"": ""11AM-9PM"", ""Wednesday"": ""11AM-9PM"", ""Thursday"": ""11AM-9PM"", ""Friday"": ""11AM-10PM"", ""Saturday"": ""11AM-10PM"", ""Sunday"": ""11AM-9PM""}",Monday:11AM-9PM|Tuesday:11AM-9PM|Wednesday:11AM-9PM|Thursday:11AM-9PM|Friday:11AM-10PM|Saturday:11AM-10PM|Sunday:11AM-9PM,,,OPERATIONAL,"{""From the business"": {""Identifies as Asian-owned"": true, ""Identifies as women-owned"": true}, ""Service options"": {""No-contact delivery"": true, ""Delivery"": true, ""Onsite services"": true, ""Takeout"": true, ""Dine-in"": true}, ""Highlights"": {""Great tea selection"": true}, ""Accessibility"": {""Wheelchair accessible entrance"": true}, ""Other"": {""Identifies as women-owned"": true, ""Identifies as Asian-owned"": true}}",$$,,https://lh4.googleusercontent.com/-Io7N6teOEEs/AAAAAAAAAAI/AAAAAAAAAAA/RnbvXDD8jO4/s44-p-k-no-ns-nd/photo.jpg,,,True,111001878834542617603,TE'AMO Boba Bar - Millennium Park,https://www.google.com/maps/contrib/111001878834542617603,,"https://www.google.com/viewer/chooseprovider?mid=/g/11l6bfckck&g2lbs=AAEPWCsD2jKzXIw70-WYmYuQRvE2g_EleY4EhcouD6R1S9hINhRM4SaW5tShvET5QUIjUbE9J9HdRVD5gCLUaR1EXzGV0bzJVQ%3D%3D&hl=en-US&gl=us&fo_m=MfohQo559jFvMUOzJVpjPL1YMfZ3bInYwBDuMfaXTPp5KXh-&utm_source=tactile&gei=pmwCaK_DHpnS1sQP-5TquAk&ei=pmwCaK_DHpnS1sQP-5TquAk&fo_s=OA,SOE&opi=79508299&ebb=1&cs=0&foub=mcpp",,,"https://www.google.com/maps/place/TE%27AMO+Boba+Bar+-+Millennium+Park/@41.8810388,-87.6246543,14z/data=!4m8!1m2!2m1!1sTE%27AMO+Boba+Bar+-+Millennium+Park!3m4!1s0x880e2d49ee7cc521:0xdcf71b59a8ce7800!8m2!3d41.8810388!4d-87.6246543","https://www.google.com/maps/place/TE%27AMO+Boba+Bar+-+Millennium+Park/@41.8810388,-87.6246543,13.99z/data=!4m16!1m7!3m6!1s0x880e2d49ee7cc521:0xdcf71b59a8ce7800!2sTE%27AMO+Boba+Bar+-+Millennium+Park!8m2!3d41.8810388!4d-87.6246543!16s%2Fg%2F11ckvg1dmb!3m7!1s0x880e2d49ee7cc521:0xdcf71b59a8ce7800!8m2!3d41.8810388!4d-87.6246543!9m1!1b1!16s%2Fg%2F11ckvg1dmb?entry=ttu",ChIJIcV87kktDogRAHjOqFkb99w,0x880e2d49ee7cc521:0xdcf71b59a8ce7800,15922225079489820672,/g/11l6bfckck,-2524518994219730944,,share@teamobobabar.com,RECEIVING,SMTP validated,,,,,,,,,,,,,,,,,,,,,,13127596097,13125862308,13128578993,https://www.facebook.com/102449749429578,,,,,,,,,,,,,,,Organic Bubble Tea | TE'AMO BOBA BAR | United States,Wix.com Website Builder,"Te'amo Boba Bar is the first bubble tea&cake shop in the midwest to use all organic and all natural ingredients in all of our products. From organic bubble teas to handmade desserts, you will surely fall in love with our unique selection.",,False,False
"boba tea, 60644, Chicago, IL, US",TE'AMO Boba Bar - Lakeview,Teamo Boba Bar Lakeview,https://teamobobabar.com/,"Bubble tea store, Coffee shop, Dessert shop",Bubble tea store,Bubble tea store,+1 312-590-7765,"2943 N Broadway, Chicago, IL 60657",Lake View,2943 N Broadway,Chicago,60657,Illinois,Illinois,United States of America,US,41.9361903,-87.64410939999999,892664c10cfffff,America/Chicago,,False,5.0,73,"https://search.google.com/local/reviews?placeid=ChIJb_S6-sLTD4gR5-UWs4dtvng&q=boba+tea,+60644,+Chicago,+IL,+US&authuser=0&hl=en&gl=US",,,0.0,0.0,0.0,1.0,72.0,69,https://lh3.googleusercontent.com/gps-cs-s/AB5caB_Mbh81At-LMfqk3qYLer9ooAunKN6y4AikYzfscHK8qDHY1P9CR56d-ObqKAVeNfdxPiXf9_DFky_9bRdTqaWSBkFXEocnVeHMCSs5cm9FoYRCGINg-jyjoEA6kr949Cyr52a9=w800-h500-k-no,https://lh3.googleusercontent.com/gps-cs-s/AB5caB_Mbh81At-LMfqk3qYLer9ooAunKN6y4AikYzfscHK8qDHY1P9CR56d-ObqKAVeNfdxPiXf9_DFky_9bRdTqaWSBkFXEocnVeHMCSs5cm9FoYRCGINg-jyjoEA6kr949Cyr52a9=w1600-h1000-k-no,,"{""Monday"": ""Closed"", ""Tuesday"": ""11AM-9:30PM"", ""Wednesday"": ""11AM-9:30PM"", ""Thursday"": ""11AM-9:30PM"", ""Friday"": ""11AM-10PM"", ""Saturday"": ""11AM-10PM"", ""Sunday"": ""11AM-9:30PM""}",Monday:Closed|Tuesday:11AM-9:30PM|Wednesday:11AM-9:30PM|Thursday:11AM-9:30PM|Friday:11AM-10PM|Saturday:11AM-10PM|Sunday:11AM-9:30PM,,,OPERATIONAL,"{""From the business"": {""Identifies as Asian-owned"": true, ""Identifies as women-owned"": true}, ""Service options"": {""Curbside pickup"": true, ""No-contact delivery"": true, ""Delivery"": true, ""Takeout"": true, ""Dine-in"": true}, ""Highlights"": {""Great tea selection"": true}, ""Other"": {""Identifies as women-owned"": true, ""Identifies as Asian-owned"": true}}",$$,,https://lh3.googleusercontent.com/-wdvgKZSMav0/AAAAAAAAAAI/AAAAAAAAAAA/DV7xOwCe3as/s44-p-k-no-ns-nd/photo.jpg,,,True,101730387163480807963,TE'AMO Boba Bar - Lakeview,https://www.google.com/maps/contrib/101730387163480807963,,"https://www.google.com/viewer/chooseprovider?mid=/g/11y76tcpkt&g2lbs=AAEPWCto7ZDoOsUUbH395i9pfzeVcOOgJFXs_U9Ssg6EevyHnTo5ETFWcfLku1Qneia50eXZP49_LnAItfGrtq3k294OYncARQ%3D%3D&hl=en-US&gl=us&fo_m=MfohQo559jFvMUOzJVpjPL1YMfZ3bInYwBDuMfaXTPp5KXh-&utm_source=tactile&gei=pmwCaK_DHpnS1sQP-5TquAk&ei=pmwCaK_DHpnS1sQP-5TquAk&fo_s=OA,SOE&opi=79508299&ebb=1&cs=0&foub=mcpp",,,"https://www.google.com/maps/place/TE%27AMO+Boba+Bar+-+Lakeview/@41.9361903,-87.64410939999999,14z/data=!4m8!1m2!2m1!1sTE%27AMO+Boba+Bar+-+Lakeview!3m4!1s0x880fd3c2fabaf46f:0x78be6d87b316e5e7!8m2!3d41.9361903!4d-87.64410939999999","https://www.google.com/maps/place/TE%27AMO+Boba+Bar+-+Lakeview/@41.9361903,-87.64410939999999,13.99z/data=!4m16!1m7!3m6!1s0x880fd3c2fabaf46f:0x78be6d87b316e5e7!2sTE%27AMO+Boba+Bar+-+Lakeview!8m2!3d41.9361903!4d-87.64410939999999!16s%2Fg%2F11ckvg1dmb!3m7!1s0x880fd3c2fabaf46f:0x78be6d87b316e5e7!8m2!3d41.9361903!4d-87.64410939999999!9m1!1b1!16s%2Fg%2F11ckvg1dmb?entry=ttu",ChIJb_S6-sLTD4gR5-UWs4dtvng,0x880fd3c2fabaf46f:0x78be6d87b316e5e7,8700511959719011815,/g/11y76tcpkt,8700511959719011815,,share@teamobobabar.com,RECEIVING,SMTP validated,,,,,,,,,,,,,,,,,,,,,,13127596097,13125862308,13128578993,https://www.facebook.com/102449749429578,,,,,,,,,,,,,,,Organic Bubble Tea | TE'AMO BOBA BAR | United States,Wix.com Website Builder,"Te'amo Boba Bar is the first bubble tea&cake shop in the midwest to use all organic and all natural ingredients in all of our products. From organic bubble teas to handmade desserts, you will surely fall in love with our unique selection.",,False,False
"boba tea, 60644, Chicago, IL, US",MK Boba,Mk Boba,http://mkbobatea.com/,Bubble tea store,Bubble tea store,Bubble tea store,+1 773-645-1998,"3341 N Lincoln Ave, Chicago, IL 60657",Lake View,3341 N Lincoln Ave,Chicago,60657,Illinois,Illinois,United States of America,US,41.9427285,-87.6705439,892664c167bffff,America/Chicago,,False,5.0,36,"https://search.google.com/local/reviews?placeid=ChIJaTPC3rfTD4gRktWiDEyAxbg&q=boba+tea,+60644,+Chicago,+IL,+US&authuser=0&hl=en&gl=US",,,0.0,0.0,0.0,0.0,36.0,119,https://lh3.googleusercontent.com/p/AF1QipM8VT6KgTQthHhgV-KhZlLbVeKYK65GcnqKy1e4=w800-h500-k-no,https://lh3.googleusercontent.com/p/AF1QipM8VT6KgTQthHhgV-KhZlLbVeKYK65GcnqKy1e4=w1600-h1000-k-no,,"{""Monday"": ""11AM-9PM"", ""Tuesday"": ""Closed"", ""Wednesday"": ""11AM-9PM"", ""Thursday"": ""11AM-8:45PM"", ""Friday"": ""11AM-10PM"", ""Saturday"": ""11AM-10PM"", ""Sunday"": ""11AM-9PM""}",Monday:11AM-9PM|Tuesday:Closed|Wednesday:11AM-9PM|Thursday:11AM-8:45PM|Friday:11AM-10PM|Saturday:11AM-10PM|Sunday:11AM-9PM,,,OPERATIONAL,"{""Service options"": {""No-contact delivery"": true, ""Delivery"": true, ""Takeout"": true, ""Dine-in"": true}, ""Highlights"": {""Great tea selection"": true}}",,,https://lh5.googleusercontent.com/-TSRAIoAS9Cc/AAAAAAAAAAI/AAAAAAAAAAA/hwjvsEedDGE/s44-p-k-no-ns-nd/photo.jpg,,,True,115151572731894797236,MK Boba,https://www.google.com/maps/contrib/115151572731894797236,,,,,"https://www.google.com/maps/place/MK+Boba/@41.9427285,-87.6705439,14z/data=!4m8!1m2!2m1!1sMK+Boba!3m4!1s0x880fd3b7dec23369:0xb8c5804c0ca2d592!8m2!3d41.9427285!4d-87.6705439","https://www.google.com/maps/place/MK+Boba/@41.9427285,-87.6705439,13.99z/data=!4m16!1m7!3m6!1s0x880fd3b7dec23369:0xb8c5804c0ca2d592!2sMK+Boba!8m2!3d41.9427285!4d-87.6705439!16s%2Fg%2F11ckvg1dmb!3m7!1s0x880fd3b7dec23369:0xb8c5804c0ca2d592!8m2!3d41.9427285!4d-87.6705439!9m1!1b1!16s%2Fg%2F11ckvg1dmb?entry=ttu",ChIJaTPC3rfTD4gRktWiDEyAxbg,0x880fd3b7dec23369:0xb8c5804c0ca2d592,13314188937508607378,/g/11p02dqc6v,-5132555136200944238,,,,,,,,,,,,,,,,,,,,,,,,,,7736451998,,,,,,,,,,,,,,,,https://github.com/Omnibus-Type/,,"Bubble Tea - Boba Tea, Bubble Tea, Milk Tea",Starfield Technologies; Go Daddy Website Builder 8.0.0000,"MK Boba Tea in Lakeview Chicago. Grab your favarite drink, milk tea, taro boba, brown sugar boba tea, fresh fruits smoothies",,False,False
"boba tea, 60644, Chicago, IL, US",Gosa Tea,Gosa Tea,http://gosatea.com/,Bubble tea store,Bubble tea store,Bubble tea store,+1 708-738-3575,"4048 N Narragansett Ave, Chicago, IL 60634",Dunning,4048 N Narragansett Ave,Chicago,60634,Illinois,Illinois,United States of America,US,41.954329,-87.786975,892664cb097ffff,America/Chicago,,False,4.7,332,"https://search.google.com/local/reviews?placeid=ChIJ1zTVNTrLD4gR28mMNLaHM94&q=boba+tea,+60644,+Chicago,+IL,+US&authuser=0&hl=en&gl=US",,,12.0,3.0,6.0,19.0,292.0,149,https://lh3.googleusercontent.com/gps-cs-s/AB5caB8MHmgictVYG9SP7T-4q65cAW_I5R9mnuAJvKruvmc5sjDxM-j3cuUTnubUX-Hyn_MZd_aADhdg0gaII8W0JB4YZpizEaSjvpB4DOwokxFeKp9ea0Cdyxt595fsMED6MSkAZXOQ=w800-h500-k-no,https://lh3.googleusercontent.com/gps-cs-s/AB5caB8MHmgictVYG9SP7T-4q65cAW_I5R9mnuAJvKruvmc5sjDxM-j3cuUTnubUX-Hyn_MZd_aADhdg0gaII8W0JB4YZpizEaSjvpB4DOwokxFeKp9ea0Cdyxt595fsMED6MSkAZXOQ=w1600-h1000-k-no,,"{""Monday"": ""11AM-9:30PM"", ""Tuesday"": ""11AM-9:30PM"", ""Wednesday"": ""11AM-9:30PM"", ""Thursday"": ""11AM-9:30PM"", ""Friday"": ""11AM-9:30PM"", ""Saturday"": ""11AM-9:30PM"", ""Sunday"": ""12-9PM""}",Monday:11AM-9:30PM|Tuesday:11AM-9:30PM|Wednesday:11AM-9:30PM|Thursday:11AM-9:30PM|Friday:11AM-9:30PM|Saturday:11AM-9:30PM|Sunday:12-9PM,,,OPERATIONAL,"{""Service options"": {""Delivery"": true, ""Onsite services"": true, ""Takeout"": true, ""Dine-in"": true}, ""Highlights"": {""Great tea selection"": true}}",,,https://lh3.googleusercontent.com/-wtyEvx6XVYE/AAAAAAAAAAI/AAAAAAAAAAA/8MNU1wNgVcw/s44-p-k-no-ns-nd/photo.jpg,,,True,106747248147220131493,Gosa Tea,https://www.google.com/maps/contrib/106747248147220131493,,"https://www.google.com/viewer/chooseprovider?mid=/g/11rx_y7r9_&g2lbs=AAEPWCs5dZ3QgqPBIbOaFQolQ3IaDFovoeqCG016CjqHvRZB-2X5kQnQRx9bXtPUx1m-APVT489aDzYiASmFDTkG3nzxWQZK8A%3D%3D&hl=en-US&gl=us&fo_m=MfohQo559jFvMUOzJVpjPL1YMfZ3bInYwBDuMfaXTPp5KXh-&utm_source=tactile&gei=pmwCaK_DHpnS1sQP-5TquAk&ei=pmwCaK_DHpnS1sQP-5TquAk&fo_s=OA,SOE&opi=79508299&ebb=1&cs=0&foub=mcpp",,,"https://www.google.com/maps/place/Gosa+Tea/@41.954329,-87.786975,14z/data=!4m8!1m2!2m1!1sGosa+Tea!3m4!1s0x880fcb3a35d534d7:0xde3387b6348cc9db!8m2!3d41.954329!4d-87.786975","https://www.google.com/maps/place/Gosa+Tea/@41.954329,-87.786975,13.99z/data=!4m16!1m7!3m6!1s0x880fcb3a35d534d7:0xde3387b6348cc9db!2sGosa+Tea!8m2!3d41.954329!4d-87.786975!16s%2Fg%2F11ckvg1dmb!3m7!1s0x880fcb3a35d534d7:0xde3387b6348cc9db!8m2!3d41.954329!4d-87.786975!9m1!1b1!16s%2Fg%2F11ckvg1dmb?entry=ttu",ChIJ1zTVNTrLD4gR28mMNLaHM94,0x880fcb3a35d534d7:0xde3387b6348cc9db,16011290316867684827,/g/11rx_y7r9_,-2435453756841866789,,gosatea@gmail.com,RECEIVING,SMTP validated,,,,,,,,,,,,,,,,,,,,,,17087383575,,,https://www.facebook.com/Gosa-Tea-103445301649243,,,,,,,,,,,,,,,Gosa Tea – Boba Drink .,WordPress 6.1.3,,,False,False
"boba tea, 60644, Chicago, IL, US",UMe Tea,Ume Tea,http://umeteaca.com/,Bubble tea store,Bubble tea store,Bubble tea store,+1 312-285-2707,"2002 S Wentworth Ave Ste 101, Chicago, IL 60616",Armour Square,2002 S Wentworth Ave Ste 101,Chicago,60616,Illinois,Illinois,United States of America,US,41.855033,-87.632119,892664cf4a3ffff,America/Chicago,,False,4.6,654,"https://search.google.com/local/reviews?placeid=ChIJvfljVV0tDogR0jAfmgmiZOE&q=boba+tea,+60644,+Chicago,+IL,+US&authuser=0&hl=en&gl=US",,,33.0,11.0,18.0,44.0,548.0,678,https://lh3.googleusercontent.com/gps-cs-s/AB5caB9KFPNfoAo7FZS3AqNLOONDbSKgdvHs2QZ-mySY30YIi9uo5z3Wf0CYKoZipzqzbScx8J_9zNkBHwyU4virKYxXg7q__zmXGq1DZTQ2uwpbeGp8afW2eWxBvnPyGjTw_-AQJHY85Q=w800-h500-k-no,https://lh3.googleusercontent.com/gps-cs-s/AB5caB9KFPNfoAo7FZS3AqNLOONDbSKgdvHs2QZ-mySY30YIi9uo5z3Wf0CYKoZipzqzbScx8J_9zNkBHwyU4virKYxXg7q__zmXGq1DZTQ2uwpbeGp8afW2eWxBvnPyGjTw_-AQJHY85Q=w1600-h1000-k-no,,"{""Monday"": ""11AM-9:30PM"", ""Tuesday"": ""11AM-9:30PM"", ""Wednesday"": ""11AM-9:30PM"", ""Thursday"": ""11AM-9:30PM"", ""Friday"": ""11AM-10PM"", ""Saturday"": ""11AM-10:30PM"", ""Sunday"": ""11AM-10PM""}",Monday:11AM-9:30PM|Tuesday:11AM-9:30PM|Wednesday:11AM-9:30PM|Thursday:11AM-9:30PM|Friday:11AM-10PM|Saturday:11AM-10:30PM|Sunday:11AM-10PM,,,OPERATIONAL,"{""Service options"": {""No-contact delivery"": true, ""Delivery"": true, ""Onsite services"": true, ""Takeout"": true, ""Dine-in"": true}, ""Highlights"": {""Great tea selection"": true}}",$,,https://lh3.googleusercontent.com/-_vY65OXpzEg/AAAAAAAAAAI/AAAAAAAAAAA/2F90AzpgEBo/s44-p-k-no-ns-nd/photo.jpg,,,True,103994113339349158246,UMe Tea,https://www.google.com/maps/contrib/103994113339349158246,,"https://www.google.com/viewer/chooseprovider?mid=/g/11kq9k0349&g2lbs=AAEPWCuIsSNkYX4z8XkKrvlsqE5KQnwSHFAy2jo3pn73EQaFtY7U-PpVOAjbG7NwQAoObE3yMqeiC8GvnC0xMTiZvoXfyxrYGQ%3D%3D&hl=en-US&gl=us&fo_m=MfohQo559jFvMUOzJVpjPL1YMfZ3bInYwBDuMfaXTPp5KXh-&utm_source=tactile&gei=pmwCaK_DHpnS1sQP-5TquAk&ei=pmwCaK_DHpnS1sQP-5TquAk&fo_s=OA,SOE&opi=79508299&ebb=1&cs=0&foub=mcpp",,,"https://www.google.com/maps/place/UMe+Tea/@41.855033,-87.632119,14z/data=!4m8!1m2!2m1!1sUMe+Tea!3m4!1s0x880e2d5d5563f9bd:0xe164a2099a1f30d2!8m2!3d41.855033!4d-87.632119","https://www.google.com/maps/place/UMe+Tea/@41.855033,-87.632119,13.99z/data=!4m16!1m7!3m6!1s0x880e2d5d5563f9bd:0xe164a2099a1f30d2!2sUMe+Tea!8m2!3d41.855033!4d-87.632119!16s%2Fg%2F11ckvg1dmb!3m7!1s0x880e2d5d5563f9bd:0xe164a2099a1f30d2!8m2!3d41.855033!4d-87.632119!9m1!1b1!16s%2Fg%2F11ckvg1dmb?entry=ttu",ChIJvfljVV0tDogR0jAfmgmiZOE,0x880e2d5d5563f9bd:0xe164a2099a1f30d2,16241284318328991954,/g/11kq9k0349,-2205459755380559662,,shop@umeteaca.com,RECEIVING,SMTP validated,,,,,,cli@umeteaca.com,RECEIVING,SMTP validated,,,,,,,,,,,,,,,,,,https://instagram.com/umetea,,,,,,,,,,,,,,Home,WordPress 4.4.7,"Welcome to Our Restaurant, We serve Milk Tea-A, Fruit Tea-F, Coconut Milk Shop-G, Mochi Milk Tea, Milk Shop-K, Fresh Tea -T, Snacks -S, Bento Box-B, Sandwich and so on, Online Order, Near me",,False,False
"boba tea, 60644, Chicago, IL, US",TE'AMO Boba Bar - Water Tower Place,Teamo Boba Bar Water Tower Place,http://www.teamobobabar.com/,"Bubble tea store, Cake shop, Coffee shop, Dessert shop, Donut shop",Bubble tea store,Bubble tea store,+1 312-759-6097,"835 Michigan Ave Floor 2 Suite 3040, Chicago, IL 60611",Streeterville,835 Michigan Ave Floor 2 Suite 3040,Chicago,60611,Illinois,Illinois,United States of America,US,41.8980716,-87.6228029,892664c1e8fffff,America/Chicago,,False,4.8,438,"https://search.google.com/local/reviews?placeid=ChIJlY_86zfTD4gREgRyMlIuJfI&q=boba+tea,+60644,+Chicago,+IL,+US&authuser=0&hl=en&gl=US",,,9.0,3.0,5.0,30.0,391.0,467,https://lh3.googleusercontent.com/gps-cs-s/AB5caB9sUesnEk9VGEMrD7uT0gBeUPoOHYF86mJ_vr2JU-_nleogiC6m8z2rn0wOJz3pT6yNzQCkWtmSbg_ZpESZQqCzQIW1PGuAwPfzO3xc-Fx8i3Btt_JOoScC_DqATaj7GMtxOmhM=w800-h500-k-no,https://lh3.googleusercontent.com/gps-cs-s/AB5caB9sUesnEk9VGEMrD7uT0gBeUPoOHYF86mJ_vr2JU-_nleogiC6m8z2rn0wOJz3pT6yNzQCkWtmSbg_ZpESZQqCzQIW1PGuAwPfzO3xc-Fx8i3Btt_JOoScC_DqATaj7GMtxOmhM=w1600-h1000-k-no,,"{""Monday"": ""11AM-7PM"", ""Tuesday"": ""11AM-7PM"", ""Wednesday"": ""11AM-7PM"", ""Thursday"": ""11AM-7PM"", ""Friday"": ""11AM-8PM"", ""Saturday"": ""11AM-8PM"", ""Sunday"": ""12-6PM""}",Monday:11AM-7PM|Tuesday:11AM-7PM|Wednesday:11AM-7PM|Thursday:11AM-7PM|Friday:11AM-8PM|Saturday:11AM-8PM|Sunday:12-6PM,,,OPERATIONAL,"{""Service options"": {""Delivery"": true, ""Takeout"": true, ""Dine-in"": true}, ""Highlights"": {""Great tea selection"": true}}",$$,,https://lh3.googleusercontent.com/-gNjwfM2-q3w/AAAAAAAAAAI/AAAAAAAAAAA/vwZosakrjP4/s44-p-k-no-ns-nd/photo.jpg,,,True,117584338583576712195,TE'AMO Boba Bar - Water Tower Place,https://www.google.com/maps/contrib/117584338583576712195,,"https://www.google.com/viewer/chooseprovider?mid=/g/11k9dk1hb_&g2lbs=AAEPWCuLd1LIzfqI7Nv8aRmbISARlBnOXYR78vFFA02dFpAUoIP2xu1fkBQafpTQJdvYQW13h_Gh3SbAWYNii5Ahko_9H29IrA%3D%3D&hl=en-US&gl=us&fo_m=MfohQo559jFvMUOzJVpjPL1YMfZ3bInYwBDuMfaXTPp5KXh-&utm_source=tactile&gei=pmwCaK_DHpnS1sQP-5TquAk&ei=pmwCaK_DHpnS1sQP-5TquAk&fo_s=OA,SOE&opi=79508299&ebb=1&cs=0&foub=mcpp",,,"https://www.google.com/maps/place/TE%27AMO+Boba+Bar+-+Water+Tower+Place/@41.8980716,-87.6228029,14z/data=!4m8!1m2!2m1!1sTE%27AMO+Boba+Bar+-+Water+Tower+Place!3m4!1s0x880fd337ebfc8f95:0xf2252e5232720412!8m2!3d41.8980716!4d-87.6228029","https://www.google.com/maps/place/TE%27AMO+Boba+Bar+-+Water+Tower+Place/@41.8980716,-87.6228029,13.99z/data=!4m16!1m7!3m6!1s0x880fd337ebfc8f95:0xf2252e5232720412!2sTE%27AMO+Boba+Bar+-+Water+Tower+Place!8m2!3d41.8980716!4d-87.6228029!16s%2Fg%2F11ckvg1dmb!3m7!1s0x880fd337ebfc8f95:0xf2252e5232720412!8m2!3d41.8980716!4d-87.6228029!9m1!1b1!16s%2Fg%2F11ckvg1dmb?entry=ttu",ChIJlY_86zfTD4gREgRyMlIuJfI,0x880fd337ebfc8f95:0xf2252e5232720412,17448403261885383698,/g/11k9dk1hb_,-998340811824167918,,share@teamobobabar.com,RECEIVING,SMTP validated,,,,,,,,,,,,,,,,,,,,,,13127596097,13125862308,13128578993,https://www.facebook.com/102449749429578,,,,,,,,,,,,,,,Organic Bubble Tea | TE'AMO BOBA BAR | United States,Wix.com Website Builder,"Te'amo Boba Bar is the first bubble tea&cake shop in the midwest to use all organic and all natural ingredients in all of our products. From organic bubble teas to handmade desserts, you will surely fall in love with our unique selection.",,False,False
"boba tea, 60644, Chicago, IL, US",TE'AMO Boba Bar,Teamo Boba Bar,http://www.teamobobabar.com/,"Bubble tea store, Cake shop, Caterer, Coffee shop, Dessert shop, Pastry shop, Tea house",Bubble tea store,Bubble tea store,+1 312-897-6292,"2169 A S China Pl, Chicago, IL 60616",Armour Square,2169 A S China Pl,Chicago,60616,Illinois,Illinois,United States of America,US,41.853555799999995,-87.63507919999999,892664cf4abffff,America/Chicago,,False,4.6,1010,"https://search.google.com/local/reviews?placeid=ChIJs-YprRotDogRrRnq1CcgzTw&q=boba+tea,+60644,+Chicago,+IL,+US&authuser=0&hl=en&gl=US",,,35.0,22.0,38.0,96.0,819.0,984,https://lh3.googleusercontent.com/gps-cs-s/AB5caB9TLduKYPYiUWZAdnl0-SkKuYStRCG8UoQkTnhZPPHh19eQzSjo7DHock0btBuYOxtn_iSjhJmiKlazc4ab5-hA0GirZjlvejw0uRBJJAVXYiVo2Etz6B1yFte-vN6X1fJ6IVIFhw=w800-h500-k-no,https://lh3.googleusercontent.com/gps-cs-s/AB5caB9TLduKYPYiUWZAdnl0-SkKuYStRCG8UoQkTnhZPPHh19eQzSjo7DHock0btBuYOxtn_iSjhJmiKlazc4ab5-hA0GirZjlvejw0uRBJJAVXYiVo2Etz6B1yFte-vN6X1fJ6IVIFhw=w1600-h1000-k-no,,"{""Monday"": ""11AM-10PM"", ""Tuesday"": ""11AM-10PM"", ""Wednesday"": ""11AM-10PM"", ""Thursday"": ""11AM-10PM"", ""Friday"": ""11AM-11PM"", ""Saturday"": ""11AM-11PM"", ""Sunday"": ""11AM-10:30PM""}",Monday:11AM-10PM|Tuesday:11AM-10PM|Wednesday:11AM-10PM|Thursday:11AM-10PM|Friday:11AM-11PM|Saturday:11AM-11PM|Sunday:11AM-10:30PM,,,OPERATIONAL,"{""Service options"": {""No-contact delivery"": true, ""Delivery"": true, ""Onsite services"": true, ""Takeout"": true, ""Dine-in"": true}, ""Highlights"": {""Great tea selection"": true}, ""Accessibility"": {""Wheelchair accessible entrance"": true, ""Wheelchair accessible restroom"": true}, ""Parking"": {""Paid street parking"": true}}",$$,,https://lh5.googleusercontent.com/-eNiv7IBJNwA/AAAAAAAAAAI/AAAAAAAAAAA/hCQ7VaabCYs/s44-p-k-no-ns-nd/photo.jpg,,,True,100107678359645329212,TE'AMO Boba Bar,https://www.google.com/maps/contrib/100107678359645329212,,"https://www.google.com/viewer/chooseprovider?mid=/g/11l9s9twr0&g2lbs=AAEPWCsePPLxXlPasK3RxeJ4pvBw_L0Nu-dATKzGc7S81cHkLCJ3QWpN14k1Ir_cPvI3at7h6kqCnIlMMI0XMlrwfmhKAdcqAQ%3D%3D&hl=en-US&gl=us&fo_m=MfohQo559jFvMUOzJVpjPL1YMfZ3bInYwBDuMfaXTPp5KXh-&utm_source=tactile&gei=pmwCaK_DHpnS1sQP-5TquAk&ei=pmwCaK_DHpnS1sQP-5TquAk&fo_s=OA,SOE&opi=79508299&ebb=1&cs=0&foub=mcpp",,,"https://www.google.com/maps/place/TE%27AMO+Boba+Bar/@41.853555799999995,-87.63507919999999,14z/data=!4m8!1m2!2m1!1sTE%27AMO+Boba+Bar!3m4!1s0x880e2d1aad29e6b3:0x3ccd2027d4ea19ad!8m2!3d41.853555799999995!4d-87.63507919999999","https://www.google.com/maps/place/TE%27AMO+Boba+Bar/@41.853555799999995,-87.63507919999999,13.99z/data=!4m16!1m7!3m6!1s0x880e2d1aad29e6b3:0x3ccd2027d4ea19ad!2sTE%27AMO+Boba+Bar!8m2!3d41.853555799999995!4d-87.63507919999999!16s%2Fg%2F11ckvg1dmb!3m7!1s0x880e2d1aad29e6b3:0x3ccd2027d4ea19ad!8m2!3d41.853555799999995!4d-87.63507919999999!9m1!1b1!16s%2Fg%2F11ckvg1dmb?entry=ttu",ChIJs-YprRotDogRrRnq1CcgzTw,0x880e2d1aad29e6b3:0x3ccd2027d4ea19ad,4381193367949285805,/g/11l9s9twr0,4381193367949285805,,share@teamobobabar.com,RECEIVING,SMTP validated,,,,,,,,,,,,,,,,,,,,,,13127596097,13125862308,13128578993,https://www.facebook.com/102449749429578,,,,,,,,,,,,,,,Organic Bubble Tea | TE'AMO BOBA BAR | United States,Wix.com Website Builder,"Te'amo Boba Bar is the first bubble tea&cake shop in the midwest to use all organic and all natural ingredients in all of our products. From organic bubble teas to handmade desserts, you will surely fall in love with our unique selection.",,False,False
"boba tea, 60644, Chicago, IL, US",TE'AMO Boba Bar - Lincoln Park,Teamo Boba Bar Lincoln Park,https://teamobobabar.com/,"Bubble tea store, Cafe, Cake shop, Coffee shop, Dessert shop, Donut shop",Bubble tea store,Bubble tea store,+1 773-901-1660,"613 W Diversey Pkwy, Chicago, IL 60614",Park West,613 W Diversey Pkwy,Chicago,60614,Illinois,Illinois,United States of America,US,41.932583199999996,-87.64418239999999,892664c1057ffff,America/Chicago,,False,4.8,179,"https://search.google.com/local/reviews?placeid=ChIJ26OhMADTD4gR_oalAXZyhjs&q=boba+tea,+60644,+Chicago,+IL,+US&authuser=0&hl=en&gl=US",,,3.0,2.0,4.0,4.0,166.0,107,https://lh3.googleusercontent.com/gps-cs-s/AB5caB-x3QGAmVxAN63TpGoKcb9iAnZy9aUWuXXI2jx9_05yQamzmGvzvSMuma1ZgYzGS3weyuD-u7-5pvNHc9lJHDeZiJFI2YfopzYV0QULh4zv-c-jJdfC4aIv9-2m9cexcyFYYf0E=w800-h500-k-no,https://lh3.googleusercontent.com/gps-cs-s/AB5caB-x3QGAmVxAN63TpGoKcb9iAnZy9aUWuXXI2jx9_05yQamzmGvzvSMuma1ZgYzGS3weyuD-u7-5pvNHc9lJHDeZiJFI2YfopzYV0QULh4zv-c-jJdfC4aIv9-2m9cexcyFYYf0E=w1600-h1000-k-no,,"{""Monday"": ""11AM-7PM"", ""Tuesday"": ""11AM-7PM"", ""Wednesday"": ""11AM-7PM"", ""Thursday"": ""11AM-7PM"", ""Friday"": ""11AM-7PM"", ""Saturday"": ""11AM-7PM"", ""Sunday"": ""11AM-7PM""}",Monday:11AM-7PM|Tuesday:11AM-7PM|Wednesday:11AM-7PM|Thursday:11AM-7PM|Friday:11AM-7PM|Saturday:11AM-7PM|Sunday:11AM-7PM,,,OPERATIONAL,"{""Service options"": {""Delivery"": true, ""Takeout"": true, ""Dine-in"": true}, ""Highlights"": {""Great tea selection"": true}}",$$,,https://lh4.googleusercontent.com/-vamLxQZN1JM/AAAAAAAAAAI/AAAAAAAAAAA/RrdlhC6no60/s44-p-k-no-ns-nd/photo.jpg,,,True,112150441582316431853,TE'AMO Boba Bar - Lincoln Park,https://www.google.com/maps/contrib/112150441582316431853,,"https://www.google.com/viewer/chooseprovider?mid=/g/11y3x2j3bn&g2lbs=AAEPWCuhIYwko4gqpIYZ4kh4bm_CVoCWa0JSLCYqqeZqOs0M19K8WYRYaeMD3ushoIE1ONAb3KWEsAetSrHvzl5R6J16glwAiA%3D%3D&hl=en-US&gl=us&fo_m=MfohQo559jFvMUOzJVpjPL1YMfZ3bInYwBDuMfaXTPp5KXh-&utm_source=tactile&gei=pmwCaK_DHpnS1sQP-5TquAk&ei=pmwCaK_DHpnS1sQP-5TquAk&fo_s=OA,SOE&opi=79508299&ebb=1&cs=0&foub=mcpp",,,"https://www.google.com/maps/place/TE%27AMO+Boba+Bar+-+Lincoln+Park/@41.932583199999996,-87.64418239999999,14z/data=!4m8!1m2!2m1!1sTE%27AMO+Boba+Bar+-+Lincoln+Park!3m4!1s0x880fd30030a1a3db:0x3b86727601a586fe!8m2!3d41.932583199999996!4d-87.64418239999999","https://www.google.com/maps/place/TE%27AMO+Boba+Bar+-+Lincoln+Park/@41.932583199999996,-87.64418239999999,13.99z/data=!4m16!1m7!3m6!1s0x880fd30030a1a3db:0x3b86727601a586fe!2sTE%27AMO+Boba+Bar+-+Lincoln+Park!8m2!3d41.932583199999996!4d-87.64418239999999!16s%2Fg%2F11ckvg1dmb!3m7!1s0x880fd30030a1a3db:0x3b86727601a586fe!8m2!3d41.932583199999996!4d-87.64418239999999!9m1!1b1!16s%2Fg%2F11ckvg1dmb?entry=ttu",ChIJ26OhMADTD4gR_oalAXZyhjs,0x880fd30030a1a3db:0x3b86727601a586fe,4289241546276308734,/g/11y3x2j3bn,4289241546276308734,,share@teamobobabar.com,RECEIVING,SMTP validated,,,,,,,,,,,,,,,,,,,,,,13127596097,13125862308,13128578993,https://www.facebook.com/102449749429578,,,,,,,,,,,,,,,Organic Bubble Tea | TE'AMO BOBA BAR | United States,Wix.com Website Builder,"Te'amo Boba Bar is the first bubble tea&cake shop in the midwest to use all organic and all natural ingredients in all of our products. From organic bubble teas to handmade desserts, you will surely fall in love with our unique selection.",,False,False
"boba tea, 60644, Chicago, IL, US",Uni Uni Boba,Uni Uni Boba,https://www.uniuni.us/,Bubble tea store,Bubble tea store,Bubble tea store,+1 773-878-3333,"1130 W Argyle St, Chicago, IL 60640",Uptown,1130 W Argyle St,Chicago,60640,Illinois,Illinois,United States of America,US,41.9735272,-87.6589983,892664d89cfffff,America/Chicago,,False,4.6,219,"https://search.google.com/local/reviews?placeid=ChIJLSEPk03TD4gRDnIzl1GZC0w&q=boba+tea,+60644,+Chicago,+IL,+US&authuser=0&hl=en&gl=US",,,13.0,3.0,7.0,15.0,181.0,482,https://lh3.googleusercontent.com/gps-cs-s/AB5caB-HDV087wU0PXPTAo78u9YXKyiL7596-AWmUqbdL4X-tLv_8lfuplex3vWpmGrIr-9W2FK8LBrNJEtC5XQREZHtdhi0GJf0dUzZ63T45KXAj9gKdPeKjD7L2xygXqxeIZn-POozcQ=w800-h500-k-no,https://lh3.googleusercontent.com/gps-cs-s/AB5caB-HDV087wU0PXPTAo78u9YXKyiL7596-AWmUqbdL4X-tLv_8lfuplex3vWpmGrIr-9W2FK8LBrNJEtC5XQREZHtdhi0GJf0dUzZ63T45KXAj9gKdPeKjD7L2xygXqxeIZn-POozcQ=w1600-h1000-k-no,,"{""Monday"": ""11AM-9PM"", ""Tuesday"": ""11AM-9PM"", ""Wednesday"": ""11AM-9PM"", ""Thursday"": ""11AM-9PM"", ""Friday"": ""11AM-9:30PM"", ""Saturday"": ""11AM-9:30PM"", ""Sunday"": ""11AM-9:30PM""}",Monday:11AM-9PM|Tuesday:11AM-9PM|Wednesday:11AM-9PM|Thursday:11AM-9PM|Friday:11AM-9:30PM|Saturday:11AM-9:30PM|Sunday:11AM-9:30PM,,,OPERATIONAL,"{""Service options"": {""No-contact delivery"": true, ""Delivery"": true, ""Onsite services"": true, ""Takeout"": true, ""Dine-in"": true}, ""Highlights"": {""Great tea selection"": true}, ""Accessibility"": {""Wheelchair accessible entrance"": true, ""Wheelchair accessible restroom"": true, ""Wheelchair accessible seating"": true}, ""Crowd"": {""LGBTQ+ friendly"": true}, ""Other"": {""LGBTQ+ friendly"": true}}",$,,https://lh3.googleusercontent.com/-vjWTVQZ8LTU/AAAAAAAAAAI/AAAAAAAAAAA/erfuh5f3g9Q/s44-p-k-no-ns-nd/photo.jpg,,,True,111926930292564804965,Uni Uni Boba,https://www.google.com/maps/contrib/111926930292564804965,,"https://www.google.com/viewer/chooseprovider?mid=/g/11n0yql253&g2lbs=AAEPWCv5GDq67sfHGjfVTvPEwEi7u5oR4e0UwWvyjJ9BRWRaTheYsMaViK6R2QCW5WKmw996l9qmCcjBlFNiq9mOKskR4H2w5A%3D%3D&hl=en-US&gl=us&fo_m=MfohQo559jFvMUOzJVpjPL1YMfZ3bInYwBDuMfaXTPp5KXh-&utm_source=tactile&gei=pmwCaK_DHpnS1sQP-5TquAk&ei=pmwCaK_DHpnS1sQP-5TquAk&fo_s=OA,SOE&opi=79508299&ebb=1&cs=0&foub=mcpp",,,"https://www.google.com/maps/place/Uni+Uni+Boba/@41.9735272,-87.6589983,14z/data=!4m8!1m2!2m1!1sUni+Uni+Boba!3m4!1s0x880fd34d930f212d:0x4c0b99519733720e!8m2!3d41.9735272!4d-87.6589983","https://www.google.com/maps/place/Uni+Uni+Boba/@41.9735272,-87.6589983,13.99z/data=!4m16!1m7!3m6!1s0x880fd34d930f212d:0x4c0b99519733720e!2sUni+Uni+Boba!8m2!3d41.9735272!4d-87.6589983!16s%2Fg%2F11ckvg1dmb!3m7!1s0x880fd34d930f212d:0x4c0b99519733720e!8m2!3d41.9735272!4d-87.6589983!9m1!1b1!16s%2Fg%2F11ckvg1dmb?entry=ttu",ChIJLSEPk03TD4gRDnIzl1GZC0w,0x880fd34d930f212d:0x4c0b99519733720e,5479641947334472206,/g/11n0yql253,5479641947334472206,,info@uniuni.us,RECEIVING,Role,,,,,,,,,,,,,,,,,,,,,,17738783333,,,https://www.facebook.com/106118661851897,,,,,,,,,,,,,,,Uni Uni | Bubble Tea,Wix.com Website Builder,"Founded in Chicago by a group of passionate and young innovators, Uni Uni aims to bring our customers a unique bubble tea experience by offering a variety of healthy drinks made with high-quality ingredients. Driven by the craftsman spirit, Uni Uni focuses on every single detail of the tea-brewing process to present a flawless taste and appearance. It is at the core of our mission to build a rich, creative tea culture that wins the heart of every bubble-tea-lover.",,False,False
"boba tea, 60644, Chicago, IL, US",UMe Tea,Ume Tea,http://umeteaca.com/,Bubble tea store,Bubble tea store,Bubble tea store,+1 312-763-3046,"73 E Jackson Blvd, Chicago, IL 60604",Chicago Loop,73 E Jackson Blvd,Chicago,60604,Illinois,Illinois,United States of America,US,41.8781282,-87.62502719999999,892664c1a87ffff,America/Chicago,,False,4.2,70,"https://search.google.com/local/reviews?placeid=ChIJb_oH63AtDogRBOS_5U2ZpUE&q=boba+tea,+60644,+Chicago,+IL,+US&authuser=0&hl=en&gl=US",,,10.0,3.0,2.0,5.0,50.0,76,https://lh3.googleusercontent.com/gps-cs-s/AB5caB9huyjWHkyHd9tI6ngBnwvAqHNVCai64vskWSHmHIKKEkXRZRSlzHBgj8_PL3lT0Ckw7AIarNeOU_9rgAilwl8_4xU49e8pp0ci8QjYlygZf_ZZ_2nSkaiQtD6qBkr-LcFYPtzI=w800-h500-k-no,https://lh3.googleusercontent.com/gps-cs-s/AB5caB9huyjWHkyHd9tI6ngBnwvAqHNVCai64vskWSHmHIKKEkXRZRSlzHBgj8_PL3lT0Ckw7AIarNeOU_9rgAilwl8_4xU49e8pp0ci8QjYlygZf_ZZ_2nSkaiQtD6qBkr-LcFYPtzI=w1600-h1000-k-no,,"{""Monday"": ""11AM-7PM"", ""Tuesday"": ""11AM-7PM"", ""Wednesday"": ""11AM-7PM"", ""Thursday"": ""11AM-7PM"", ""Friday"": ""11AM-7PM"", ""Saturday"": ""12-8PM"", ""Sunday"": ""12-8PM""}",Monday:11AM-7PM|Tuesday:11AM-7PM|Wednesday:11AM-7PM|Thursday:11AM-7PM|Friday:11AM-7PM|Saturday:12-8PM|Sunday:12-8PM,,,OPERATIONAL,"{""Service options"": {""No-contact delivery"": true, ""Delivery"": true, ""Onsite services"": true, ""Takeout"": true, ""Dine-in"": true}, ""Highlights"": {""Great tea selection"": true}, ""Accessibility"": {""Wheelchair accessible entrance"": true, ""Wheelchair accessible parking lot"": false}}",$,,https://lh4.googleusercontent.com/-YLY6sGyaYmg/AAAAAAAAAAI/AAAAAAAAAAA/fKyliuS1gTc/s44-p-k-no-ns-nd/photo.jpg,,,True,100410842864088356692,UMe Tea,https://www.google.com/maps/contrib/100410842864088356692,,"https://www.google.com/viewer/chooseprovider?mid=/g/11w9y08_2t&g2lbs=AAEPWCtIfhfIRF5LUYrULnqGrsET5Gk7J_YzNOCbjCAyb6RmFsoTohpW00V0fSPLgGeLTQCyow9Xqo7PysxDwE7qmphxOaNpew%3D%3D&hl=en-US&gl=us&fo_m=MfohQo559jFvMUOzJVpjPL1YMfZ3bInYwBDuMfaXTPp5KXh-&utm_source=tactile&gei=pmwCaK_DHpnS1sQP-5TquAk&ei=pmwCaK_DHpnS1sQP-5TquAk&fo_s=OA,SOE&opi=79508299&ebb=1&cs=0&foub=mcpp",,,"https://www.google.com/maps/place/UMe+Tea/@41.8781282,-87.62502719999999,14z/data=!4m8!1m2!2m1!1sUMe+Tea!3m4!1s0x880e2d70eb07fa6f:0x41a5994de5bfe404!8m2!3d41.8781282!4d-87.62502719999999","https://www.google.com/maps/place/UMe+Tea/@41.8781282,-87.62502719999999,13.99z/data=!4m16!1m7!3m6!1s0x880e2d70eb07fa6f:0x41a5994de5bfe404!2sUMe+Tea!8m2!3d41.8781282!4d-87.62502719999999!16s%2Fg%2F11ckvg1dmb!3m7!1s0x880e2d70eb07fa6f:0x41a5994de5bfe404!8m2!3d41.8781282!4d-87.62502719999999!9m1!1b1!16s%2Fg%2F11ckvg1dmb?entry=ttu",ChIJb_oH63AtDogRBOS_5U2ZpUE,0x880e2d70eb07fa6f:0x41a5994de5bfe404,4730355543468663812,/g/11w9y08_2t,4730355543468663812,,shop@umeteaca.com,RECEIVING,SMTP validated,,,,,,cli@umeteaca.com,RECEIVING,SMTP validated,,,,,,,,,,,,,,,,,,https://instagram.com/umetea,,,,,,,,,,,,,,Home,WordPress 4.4.7,"Welcome to Our Restaurant, We serve Milk Tea-A, Fruit Tea-F, Coconut Milk Shop-G, Mochi Milk Tea, Milk Shop-K, Fresh Tea -T, Snacks -S, Bento Box-B, Sandwich and so on, Online Order, Near me",,False,False
"boba tea, 60644, Chicago, IL, US",VinTea FOOD & DRINK,Vintea Food And Drink,https://www.vin-tea.com/,"Bubble tea store, Vietnamese restaurant",Bubble tea store,Bubble tea store,+1 312-285-2537,"818 N State St, Chicago, IL 60610",Near North Side,818 N State St,Chicago,60610,Illinois,Illinois,United States of America,US,41.897315299999995,-87.6284135,892664c1e1bffff,America/Chicago,,False,4.3,228,"https://search.google.com/local/reviews?placeid=ChIJ9ch5lR3TD4gR484spbowFCc&q=boba+tea,+60644,+Chicago,+IL,+US&authuser=0&hl=en&gl=US",,,23.0,6.0,9.0,23.0,167.0,196,https://lh3.googleusercontent.com/gps-cs-s/AB5caB8aYaMB3XJ2R0oBlWhSQrB_6im7gSqPO2BrRUTiW8qy2ZPKFknfaEOAsuJALeYwWB0-ATJnSrG9QoZByASQhCvoYl6xwxUCuTC1CuLaJegIiZDiLFRiTb0h-7fLjHXRP1GCK0Fm=w800-h500-k-no,https://lh3.googleusercontent.com/gps-cs-s/AB5caB8aYaMB3XJ2R0oBlWhSQrB_6im7gSqPO2BrRUTiW8qy2ZPKFknfaEOAsuJALeYwWB0-ATJnSrG9QoZByASQhCvoYl6xwxUCuTC1CuLaJegIiZDiLFRiTb0h-7fLjHXRP1GCK0Fm=w1600-h1000-k-no,,"{""Monday"": ""10AM-9PM"", ""Tuesday"": ""Closed"", ""Wednesday"": ""10AM-9PM"", ""Thursday"": ""10AM-9PM"", ""Friday"": ""10AM-9PM"", ""Saturday"": ""10AM-9PM"", ""Sunday"": ""10AM-7PM""}",Monday:10AM-9PM|Tuesday:Closed|Wednesday:10AM-9PM|Thursday:10AM-9PM|Friday:10AM-9PM|Saturday:10AM-9PM|Sunday:10AM-7PM,,,OPERATIONAL,"{""From the business"": {""Identifies as women-owned"": true}, ""Service options"": {""Delivery"": true, ""Onsite services"": true, ""Takeout"": true, ""Dine-in"": true}, ""Highlights"": {""Great tea selection"": true}, ""Accessibility"": {""Wheelchair accessible entrance"": true}, ""Amenities"": {""Gender-neutral restroom"": true}, ""Other"": {""Identifies as women-owned"": true}}",$,,https://lh6.googleusercontent.com/-2pMU8WXSmww/AAAAAAAAAAI/AAAAAAAAAAA/dUSLB4MO5PY/s44-p-k-no-ns-nd/photo.jpg,,,True,112912276701328925322,VinTea FOOD & DRINK,https://www.google.com/maps/contrib/112912276701328925322,,"https://www.google.com/viewer/chooseprovider?mid=/g/11s46gslzx&g2lbs=AAEPWCtMxibwHM5PFbuamwV527W2b39uWSKCHsW6ScIYFu3zR6xDT8MSZ_poiJSxuOiuXTkZyrGz-4NO9oQ8IwpxWBo28kZRWg%3D%3D&hl=en-US&gl=us&fo_m=MfohQo559jFvMUOzJVpjPL1YMfZ3bInYwBDuMfaXTPp5KXh-&utm_source=tactile&gei=pmwCaK_DHpnS1sQP-5TquAk&ei=pmwCaK_DHpnS1sQP-5TquAk&fo_s=OA,SOE&opi=79508299&ebb=1&cs=0&foub=mcpp",,,"https://www.google.com/maps/place/VinTea+FOOD+%26+DRINK/@41.897315299999995,-87.6284135,14z/data=!4m8!1m2!2m1!1sVinTea+FOOD+%26+DRINK!3m4!1s0x880fd31d9579c8f5:0x271430baa52ccee3!8m2!3d41.897315299999995!4d-87.6284135","https://www.google.com/maps/place/VinTea+FOOD+%26+DRINK/@41.897315299999995,-87.6284135,13.99z/data=!4m16!1m7!3m6!1s0x880fd31d9579c8f5:0x271430baa52ccee3!2sVinTea+FOOD+%26+DRINK!8m2!3d41.897315299999995!4d-87.6284135!16s%2Fg%2F11ckvg1dmb!3m7!1s0x880fd31d9579c8f5:0x271430baa52ccee3!8m2!3d41.897315299999995!4d-87.6284135!9m1!1b1!16s%2Fg%2F11ckvg1dmb?entry=ttu",ChIJ9ch5lR3TD4gR484spbowFCc,0x880fd31d9579c8f5:0x271430baa52ccee3,2815929245206630115,/g/11s46gslzx,2815929245206630115,,,,,,,,,,,,,,,,,,,,,,,,,,,,,,,,,,,,,,,,,,,,Home | Vin Tea,Wix.com Website Builder,,,False,False
"boba tea, 60644, Chicago, IL, US",Uni Uni Bubble Tea Wicker Park,Uni Uni Bubble Tea Wicker Park,https://uniuniwickerpark.com/,"Bubble tea store, Dessert shop, Tea house",Bubble tea store,Bubble tea store,+1 773-687-9087,"1415 N Milwaukee Ave Unit 1, Chicago, IL 60622",Wicker Park,1415 N Milwaukee Ave Unit 1,Chicago,60622,Illinois,Illinois,United States of America,US,41.9077159,-87.67289149999999,892664cac17ffff,America/Chicago,,False,4.5,143,"https://search.google.com/local/reviews?placeid=ChIJ-5mCcXfTD4gRvnpfPAfILBs&q=boba+tea,+60644,+Chicago,+IL,+US&authuser=0&hl=en&gl=US",,,7.0,4.0,8.0,13.0,111.0,468,https://lh3.googleusercontent.com/gps-cs-s/AB5caB-ezu1NSOdY67Qtb3HmrJLX7iNXsSooAI26xFTSyklK_gBTFcFXqd7Ik1ZkjVuuwCIB-qbjXlOlrcIwUxhES8i6asCUFKBT5YHpOzqKHDKWigxwRO_c_CrwYiChU-rYI1TlDaDMGA=w800-h500-k-no,https://lh3.googleusercontent.com/gps-cs-s/AB5caB-ezu1NSOdY67Qtb3HmrJLX7iNXsSooAI26xFTSyklK_gBTFcFXqd7Ik1ZkjVuuwCIB-qbjXlOlrcIwUxhES8i6asCUFKBT5YHpOzqKHDKWigxwRO_c_CrwYiChU-rYI1TlDaDMGA=w1600-h1000-k-no,,"{""Monday"": ""11AM-8PM"", ""Tuesday"": ""11AM-8PM"", ""Wednesday"": ""11AM-8PM"", ""Thursday"": ""11AM-8PM"", ""Friday"": ""11AM-9PM"", ""Saturday"": ""11AM-9PM"", ""Sunday"": ""11AM-8PM""}",Monday:11AM-8PM|Tuesday:11AM-8PM|Wednesday:11AM-8PM|Thursday:11AM-8PM|Friday:11AM-9PM|Saturday:11AM-9PM|Sunday:11AM-8PM,,,OPERATIONAL,"{""Service options"": {""Delivery"": true, ""Onsite services"": true, ""Takeout"": true, ""Dine-in"": true}, ""Highlights"": {""Great tea selection"": true}, ""Accessibility"": {""Wheelchair accessible entrance"": true}}",$$,,https://lh4.googleusercontent.com/-CkWLzi3EBk8/AAAAAAAAAAI/AAAAAAAAAAA/dKLHDC8iOnY/s44-p-k-no-ns-nd/photo.jpg,,,True,103544326077861812593,Uni Uni Bubble Tea Wicker Park,https://www.google.com/maps/contrib/103544326077861812593,,"https://www.google.com/viewer/chooseprovider?mid=/g/11ty44vsjj&g2lbs=AAEPWCvAMPPBlu_1loyLR-l3kAoHR4mfMq9eTeWBlmXfK3z9MRnknUIcInvn6SyPYdwDCcwDhGPzwYaYQgLOb84e1mdzqT5J5w%3D%3D&hl=en-US&gl=us&fo_m=MfohQo559jFvMUOzJVpjPL1YMfZ3bInYwBDuMfaXTPp5KXh-&utm_source=tactile&gei=pmwCaK_DHpnS1sQP-5TquAk&ei=pmwCaK_DHpnS1sQP-5TquAk&fo_s=OA,SOE&opi=79508299&ebb=1&cs=0&foub=mcpp",,,"https://www.google.com/maps/place/Uni+Uni+Bubble+Tea+Wicker+Park/@41.9077159,-87.67289149999999,14z/data=!4m8!1m2!2m1!1sUni+Uni+Bubble+Tea+Wicker+Park!3m4!1s0x880fd377718299fb:0x1b2cc8073c5f7abe!8m2!3d41.9077159!4d-87.67289149999999","https://www.google.com/maps/place/Uni+Uni+Bubble+Tea+Wicker+Park/@41.9077159,-87.67289149999999,13.99z/data=!4m16!1m7!3m6!1s0x880fd377718299fb:0x1b2cc8073c5f7abe!2sUni+Uni+Bubble+Tea+Wicker+Park!8m2!3d41.9077159!4d-87.67289149999999!16s%2Fg%2F11ckvg1dmb!3m7!1s0x880fd377718299fb:0x1b2cc8073c5f7abe!8m2!3d41.9077159!4d-87.67289149999999!9m1!1b1!16s%2Fg%2F11ckvg1dmb?entry=ttu",ChIJ-5mCcXfTD4gRvnpfPAfILBs,0x880fd377718299fb:0x1b2cc8073c5f7abe,1958159871402539710,/g/11ty44vsjj,1958159871402539710,,uniunibubbletea.wickerpark@gmail.com,RECEIVING,Verified,,,,,,customerservice@ampcorporate.com,BLACKLISTED,Cannot validate,,,,,,ccpinquiry@ampcorporate.com,BLACKLISTED,Cannot validate,,,,,,7736879087,18008076870,,https://www.facebook.com/UniUniWickerPark,https://www.instagram.com/uniuni_wickerparkchicago,,,,,,,,,,,,,,"Uni Uni Bubble Tea Wicker Park - Chicago, IL",,"Uni Uni Wicker Park is a beloved bubble tea store in Chicago, IL, serving up a delightful selection of bubble tea, milk tea, and smoothies. Our menu features a variety of options, including Boba Tea, Fruit Tea, Milk Tea, Croffles, and more. Additionally, we offer a unique range of goodies such as Boba Plush Dolls, Mini Popsicle Toys, and Flavored Lattes. Come indulge in our specialities like Brown Sugar Milk Tea and Jasmine Green Tea. Let Uni Uni Wicker Park be your go-to spot for delicious and fun tea treats.","Bubble Tea/Boba,Bubble Tea Shop,Milk Tea,Tapioca Tea,Smoothies",False,False
"boba tea, 60644, Chicago, IL, US",Mycha (UIC SCW),Mycha Uic Scw,http://mychachicago.com/,"Bubble tea store, Coffee vending machine",Bubble tea store,Bubble tea store,+1 847-260-8387,"Student Center West, 828 S Wolcott Ave, Chicago, IL 60612",Near West Side,"Student Center West, 828 S Wolcott Ave",Chicago,60612,Illinois,Illinois,United States of America,US,41.8707511,-87.6745952,892664ca943ffff,America/Chicago,,False,5.0,1,"https://search.google.com/local/reviews?placeid=ChIJX92x3kgtDogRodw7Fq4NbdM&q=boba+tea,+60644,+Chicago,+IL,+US&authuser=0&hl=en&gl=US",,,0.0,0.0,0.0,0.0,1.0,2,https://lh3.googleusercontent.com/p/AF1QipMTFo2JwtndmZYPnx95VabIRzVUY0gL4GpDbIn-=w800-h500-k-no,https://lh3.googleusercontent.com/p/AF1QipMTFo2JwtndmZYPnx95VabIRzVUY0gL4GpDbIn-=w1600-h1000-k-no,,"{""Monday"": ""6:30AM-10PM"", ""Tuesday"": ""6:30AM-10PM"", ""Wednesday"": ""6:30AM-10PM"", ""Thursday"": ""6:30AM-10PM"", ""Friday"": ""6:30AM-10PM"", ""Saturday"": ""9AM-9PM"", ""Sunday"": ""11AM-11PM""}",Monday:6:30AM-10PM|Tuesday:6:30AM-10PM|Wednesday:6:30AM-10PM|Thursday:6:30AM-10PM|Friday:6:30AM-10PM|Saturday:9AM-9PM|Sunday:11AM-11PM,,,OPERATIONAL,"{""Service options"": {""Takeout"": true, ""Dine-in"": true}, ""Highlights"": {""Great tea selection"": true}, ""Accessibility"": {""Wheelchair accessible entrance"": true}}",,,https://lh3.googleusercontent.com/-Q3hhd7UY7kM/AAAAAAAAAAI/AAAAAAAAAAA/V_ZUzEsxTNI/s44-p-k-no-ns-nd/photo.jpg,,,True,109823889135279957704,Mycha,https://www.google.com/maps/contrib/109823889135279957704,,,,,"https://www.google.com/maps/place/Mycha+%28UIC+SCW%29/@41.8707511,-87.6745952,14z/data=!4m8!1m2!2m1!1sMycha+%28UIC+SCW%29!3m4!1s0x880e2d48deb1dd5f:0xd36d0dae163bdca1!8m2!3d41.8707511!4d-87.6745952","https://www.google.com/maps/place/Mycha+%28UIC+SCW%29/@41.8707511,-87.6745952,13.99z/data=!4m16!1m7!3m6!1s0x880e2d48deb1dd5f:0xd36d0dae163bdca1!2sMycha+%28UIC+SCW%29!8m2!3d41.8707511!4d-87.6745952!16s%2Fg%2F11ckvg1dmb!3m7!1s0x880e2d48deb1dd5f:0xd36d0dae163bdca1!8m2!3d41.8707511!4d-87.6745952!9m1!1b1!16s%2Fg%2F11ckvg1dmb?entry=ttu",ChIJX92x3kgtDogRodw7Fq4NbdM,0x880e2d48deb1dd5f:0xd36d0dae163bdca1,15234848155812748449,/g/11pct_fh07,-3211895917896803167,,mychamachine@gmail.com,RECEIVING,SMTP validated,,,,,,,,,,,,,,,,,,,,,,,,,,https://www.instagram.com/mychachicago,,,,,,,,,,,,,,Mycha Chicago – The Milk Tea ATM,WordPress 5.8.2,,,,
"boba tea, 60644, Chicago, IL, US",TE'AMO Boba Bar,Teamo Boba Bar,http://www.teamobobabar.com/,"Bubble tea store, Cake shop, Coffee shop, Dessert shop, Donut shop",Bubble tea store,Bubble tea store,+1 312-586-2308,"1115 E 55th St, Chicago, IL 60615",Hyde Park,1115 E 55th St,Chicago,60615,Illinois,Illinois,United States of America,US,41.794885199999996,-87.5989858,892664cc5dbffff,America/Chicago,,False,4.3,381,"https://search.google.com/local/reviews?placeid=ChIJI20WrWopDogRyK2Rfm8VT6U&q=boba+tea,+60644,+Chicago,+IL,+US&authuser=0&hl=en&gl=US",,,32.0,11.0,28.0,57.0,253.0,397,https://lh3.googleusercontent.com/gps-cs-s/AB5caB-K1APSZBgdlcc-xiqmU0XmOfHlIkQgdeUZLAt-k-PM1qqi6Lns7yFN1b4T_1t0cGzMAQGohOqtyI5aokkwLOso7HOrjLi5G0UUAtEU6vOCXhrgLHJfL5Mm81nD3zRjudyYbclX=w800-h500-k-no,https://lh3.googleusercontent.com/gps-cs-s/AB5caB-K1APSZBgdlcc-xiqmU0XmOfHlIkQgdeUZLAt-k-PM1qqi6Lns7yFN1b4T_1t0cGzMAQGohOqtyI5aokkwLOso7HOrjLi5G0UUAtEU6vOCXhrgLHJfL5Mm81nD3zRjudyYbclX=w1600-h1000-k-no,,"{""Monday"": ""12-8PM"", ""Tuesday"": ""12-8PM"", ""Wednesday"": ""12-8PM"", ""Thursday"": ""12-8PM"", ""Friday"": ""12-8PM"", ""Saturday"": ""12-8PM"", ""Sunday"": ""12-8PM""}",Monday:12-8PM|Tuesday:12-8PM|Wednesday:12-8PM|Thursday:12-8PM|Friday:12-8PM|Saturday:12-8PM|Sunday:12-8PM,,,OPERATIONAL,"{""Service options"": {""Delivery"": true, ""Onsite services"": true, ""Takeout"": true, ""Dine-in"": true}, ""Highlights"": {""Great tea selection"": true}, ""Accessibility"": {""Wheelchair accessible entrance"": true, ""Wheelchair accessible restroom"": true}}",$$,,https://lh3.googleusercontent.com/-nwVgSy53AaA/AAAAAAAAAAI/AAAAAAAAAAA/ZhizRVJp-U4/s44-p-k-no-ns-nd/photo.jpg,"Airy, modern stop for Asian bubble tea beverages in many flavors, plus smoothies & sweets.",,True,107920886829549964345,TE'AMO Boba Bar,https://www.google.com/maps/contrib/107920886829549964345,,,,,"https://www.google.com/maps/place/TE%27AMO+Boba+Bar/@41.794885199999996,-87.5989858,14z/data=!4m8!1m2!2m1!1sTE%27AMO+Boba+Bar!3m4!1s0x880e296aad166d23:0xa54f156f7e91adc8!8m2!3d41.794885199999996!4d-87.5989858","https://www.google.com/maps/place/TE%27AMO+Boba+Bar/@41.794885199999996,-87.5989858,13.99z/data=!4m16!1m7!3m6!1s0x880e296aad166d23:0xa54f156f7e91adc8!2sTE%27AMO+Boba+Bar!8m2!3d41.794885199999996!4d-87.5989858!16s%2Fg%2F11ckvg1dmb!3m7!1s0x880e296aad166d23:0xa54f156f7e91adc8!8m2!3d41.794885199999996!4d-87.5989858!9m1!1b1!16s%2Fg%2F11ckvg1dmb?entry=ttu",ChIJI20WrWopDogRyK2Rfm8VT6U,0x880e296aad166d23:0xa54f156f7e91adc8,11911763108027280840,/g/11hbs_50hp,-6534980965682270776,,share@teamobobabar.com,RECEIVING,SMTP validated,,,,,,,,,,,,,,,,,,,,,,13127596097,13125862308,13128578993,https://www.facebook.com/102449749429578,,,,,,,,,,,,,,,Organic Bubble Tea | TE'AMO BOBA BAR | United States,Wix.com Website Builder,"Te'amo Boba Bar is the first bubble tea&cake shop in the midwest to use all organic and all natural ingredients in all of our products. From organic bubble teas to handmade desserts, you will surely fall in love with our unique selection.",,False,False
"boba tea, 60644, Chicago, IL, US",Uni Uni Boba,Uni Uni Boba,https://www.uniuni.us/,"Bubble tea store, Catering food and drink supplier, Chinese tea house, Dessert restaurant, Snack bar",Bubble tea store,Bubble tea store,+1 312-539-5253,"2171 S China Pl #A, Chicago, IL 60616",Armour Square,2171 S China Pl #A,Chicago,60616,Illinois,Illinois,United States of America,US,41.8535162,-87.6351614,892664cf4abffff,America/Chicago,,False,4.4,547,"https://search.google.com/local/reviews?placeid=ChIJk8gA7GstDogR-kKHMjxpctg&q=boba+tea,+60644,+Chicago,+IL,+US&authuser=0&hl=en&gl=US",,,42.0,13.0,28.0,44.0,420.0,767,https://lh3.googleusercontent.com/p/AF1QipOuFFJKVU314NmfuuaElw9cUVhsoTkFr3LevsG9=w800-h500-k-no,https://lh3.googleusercontent.com/p/AF1QipOuFFJKVU314NmfuuaElw9cUVhsoTkFr3LevsG9=w1600-h1000-k-no,,"{""Monday"": ""11AM-9:30PM"", ""Tuesday"": ""11AM-9:30PM"", ""Wednesday"": ""11AM-9:30PM"", ""Thursday"": ""11AM-9:30PM"", ""Friday"": ""11AM-11PM"", ""Saturday"": ""11AM-11PM"", ""Sunday"": ""11AM-10:30PM""}",Monday:11AM-9:30PM|Tuesday:11AM-9:30PM|Wednesday:11AM-9:30PM|Thursday:11AM-9:30PM|Friday:11AM-11PM|Saturday:11AM-11PM|Sunday:11AM-10:30PM,"[{""kitchen"": {""Monday"": ""11 AM-8:30 PM"", ""Tuesday"": ""11 AM-8:30 PM"", ""Wednesday"": ""11 AM-8:30 PM"", ""Thursday"": ""11 AM-8:30 PM"", ""Friday"": ""11 AM-8:30 PM"", ""Saturday"": ""11 AM-8:30 PM"", ""Sunday"": ""11 AM-8:30 PM""}}]",,OPERATIONAL,"{""From the business"": {""Identifies as women-owned"": true}, ""Service options"": {""Delivery"": true, ""Onsite services"": true, ""Takeout"": true, ""Dine-in"": true}, ""Highlights"": {""Great tea selection"": true}, ""Accessibility"": {""Wheelchair accessible entrance"": true}, ""Parking"": {""Paid street parking"": true}, ""Other"": {""Identifies as women-owned"": true}}",$,,https://lh5.googleusercontent.com/-Cu3uSIcxjTE/AAAAAAAAAAI/AAAAAAAAAAA/1G4s-ybKgHs/s44-p-k-no-ns-nd/photo.jpg,,,True,118213251858083189937,Uni Uni Boba,https://www.google.com/maps/contrib/118213251858083189937,,"https://www.google.com/viewer/chooseprovider?mid=/g/11hhtnx0hm&g2lbs=AAEPWCuwi9wB7BjIVNkArKpJ8oVbc-r_nnO9JwFJhMMmZil3S9EW_kBgxUwp1kSJw5scXxlHNi2R4jU2_ilkrAECbJVUpF1fTg%3D%3D&hl=en-US&gl=us&fo_m=MfohQo559jFvMUOzJVpjPL1YMfZ3bInYwBDuMfaXTPp5KXh-&utm_source=tactile&gei=pmwCaK_DHpnS1sQP-5TquAk&ei=pmwCaK_DHpnS1sQP-5TquAk&fo_s=OA,SOE&opi=79508299&ebb=1&cs=0&foub=mcpp",,,"https://www.google.com/maps/place/Uni+Uni+Boba/@41.8535162,-87.6351614,14z/data=!4m8!1m2!2m1!1sUni+Uni+Boba!3m4!1s0x880e2d6bec00c893:0xd872693c328742fa!8m2!3d41.8535162!4d-87.6351614","https://www.google.com/maps/place/Uni+Uni+Boba/@41.8535162,-87.6351614,13.99z/data=!4m16!1m7!3m6!1s0x880e2d6bec00c893:0xd872693c328742fa!2sUni+Uni+Boba!8m2!3d41.8535162!4d-87.6351614!16s%2Fg%2F11ckvg1dmb!3m7!1s0x880e2d6bec00c893:0xd872693c328742fa!8m2!3d41.8535162!4d-87.6351614!9m1!1b1!16s%2Fg%2F11ckvg1dmb?entry=ttu",ChIJk8gA7GstDogR-kKHMjxpctg,0x880e2d6bec00c893:0xd872693c328742fa,15596644166804128506,/g/11hhtnx0hm,-2850099906905423110,,info@uniuni.us,RECEIVING,Role,,,,,,,,,,,,,,,,,,,,,,17738783333,,,https://www.facebook.com/106118661851897,,,,,,,,,,,,,,,Uni Uni | Bubble Tea,Wix.com Website Builder,"Founded in Chicago by a group of passionate and young innovators, Uni Uni aims to bring our customers a unique bubble tea experience by offering a variety of healthy drinks made with high-quality ingredients. Driven by the craftsman spirit, Uni Uni focuses on every single detail of the tea-brewing process to present a flawless taste and appearance. It is at the core of our mission to build a rich, creative tea culture that wins the heart of every bubble-tea-lover.",,False,False
"boba tea, 60644, Chicago, IL, US",Hello Jasmine - Lincoln Square,Hello Jasmine Lincoln Square,http://www.hellojasmine.com/,Bubble tea store,Bubble tea store,Bubble tea store,+1 872-888-8899,"4705 N Lincoln Ave, Chicago, IL 60625",Lincoln Square,4705 N Lincoln Ave,Chicago,60625,Illinois,Illinois,United States of America,US,41.9669106,-87.68721459999999,892664d8b57ffff,America/Chicago,,False,4.6,121,"https://search.google.com/local/reviews?placeid=ChIJVVVDJarTD4gREtvI5Y4hXx0&q=boba+tea,+60644,+Chicago,+IL,+US&authuser=0&hl=en&gl=US",,,8.0,3.0,2.0,8.0,100.0,245,https://lh3.googleusercontent.com/p/AF1QipP-AhHINjwbM_bjILn8z8xaqNfYrKP_J-Dyc_sL=w800-h500-k-no,https://lh3.googleusercontent.com/p/AF1QipP-AhHINjwbM_bjILn8z8xaqNfYrKP_J-Dyc_sL=w1600-h1000-k-no,,"{""Monday"": ""11AM-8PM"", ""Tuesday"": ""11AM-8PM"", ""Wednesday"": ""11AM-8PM"", ""Thursday"": ""11AM-8PM"", ""Friday"": ""11AM-8PM"", ""Saturday"": ""11AM-8PM"", ""Sunday"": ""11AM-8PM""}",Monday:11AM-8PM|Tuesday:11AM-8PM|Wednesday:11AM-8PM|Thursday:11AM-8PM|Friday:11AM-8PM|Saturday:11AM-8PM|Sunday:11AM-8PM,,,OPERATIONAL,"{""From the business"": {""Identifies as Asian-owned"": true}, ""Service options"": {""Delivery"": true, ""Onsite services"": true, ""Takeout"": true, ""Dine-in"": true}, ""Highlights"": {""Great tea selection"": true}, ""Accessibility"": {""Wheelchair accessible entrance"": true, ""Wheelchair accessible restroom"": true, ""Wheelchair accessible seating"": true}, ""Amenities"": {""Gender-neutral restroom"": true}, ""Crowd"": {""LGBTQ+ friendly"": true, ""Transgender safespace"": true}, ""Other"": {""LGBTQ+ friendly"": true, ""Identifies as Asian-owned"": true}}",$$,,https://lh3.googleusercontent.com/-8Gsb5Fte8Rs/AAAAAAAAAAI/AAAAAAAAAAA/PW6Du7EkGoo/s44-p-k-no-ns-nd/photo.jpg,,,True,106145489475036075978,Hello Jasmine - Lincoln Square,https://www.google.com/maps/contrib/106145489475036075978,,"https://www.google.com/viewer/chooseprovider?mid=/g/11rtl0v_3x&g2lbs=AAEPWCs_UVLqpiNqT0tHjwHikcdObaWVqKlWoAXqlF9_NpAQ_iEySRukrRoCjSWe7Jsiq6G9s6W-7FS8tBN9elPqu2zb75w9sg%3D%3D&hl=en-US&gl=us&fo_m=MfohQo559jFvMUOzJVpjPL1YMfZ3bInYwBDuMfaXTPp5KXh-&utm_source=tactile&gei=pmwCaK_DHpnS1sQP-5TquAk&ei=pmwCaK_DHpnS1sQP-5TquAk&fo_s=OA,SOE&opi=79508299&ebb=1&cs=0&foub=mcpp",,,"https://www.google.com/maps/place/Hello+Jasmine+-+Lincoln+Square/@41.9669106,-87.68721459999999,14z/data=!4m8!1m2!2m1!1sHello+Jasmine+-+Lincoln+Square!3m4!1s0x880fd3aa25435555:0x1d5f218ee5c8db12!8m2!3d41.9669106!4d-87.68721459999999","https://www.google.com/maps/place/Hello+Jasmine+-+Lincoln+Square/@41.9669106,-87.68721459999999,13.99z/data=!4m16!1m7!3m6!1s0x880fd3aa25435555:0x1d5f218ee5c8db12!2sHello+Jasmine+-+Lincoln+Square!8m2!3d41.9669106!4d-87.68721459999999!16s%2Fg%2F11ckvg1dmb!3m7!1s0x880fd3aa25435555:0x1d5f218ee5c8db12!8m2!3d41.9669106!4d-87.68721459999999!9m1!1b1!16s%2Fg%2F11ckvg1dmb?entry=ttu",ChIJVVVDJarTD4gREtvI5Y4hXx0,0x880fd3aa25435555:0x1d5f218ee5c8db12,2116447247511640850,/g/11rtl0v_3x,2116447247511640850,,,,,,,,,,,,,,,,,,,,,,,,,,,,,,,,,,,,,,,,,,,,,,,,,
"boba tea, 60644, Chicago, IL, US",Amber Agave,Amber Agave,http://amberagave.us/,"Bubble tea store, Asian fusion restaurant, Cafe, Catering food and drink supplier, Pastry shop, Restaurant",cafes,Bubble tea store,+1 312-530-9836,"1310 N Milwaukee Ave, Chicago, IL 60622",Wicker Park,1310 N Milwaukee Ave,Chicago,60622,Illinois,Illinois,United States of America,US,41.9054223,-87.66992049999999,892664cacabffff,America/Chicago,,False,4.8,82,"https://search.google.com/local/reviews?placeid=ChIJdyMQIFbTD4gRn85rVHY4-GA&q=boba+tea,+60644,+Chicago,+IL,+US&authuser=0&hl=en&gl=US",,,2.0,0.0,3.0,2.0,75.0,146,https://lh3.googleusercontent.com/gps-proxy/ALd4DhEC5heaMisy14tImjkPxxM3W8yRrS0X_6cqYnY-QGLOf4kisHu2FKAAuy01zt428UPTHJKx_QHsK9Aik5hUvt2Wh3PArVd2zaV5XZ2fd2vWKs5WOVHPATp2bCulkxJ8Gv_vshKYLCI81O0floHyINyYcca3OKIG_vnHDLo3DeNSFqRY5rAjdwW5=w800-h500-k-no,https://lh3.googleusercontent.com/gps-proxy/ALd4DhEC5heaMisy14tImjkPxxM3W8yRrS0X_6cqYnY-QGLOf4kisHu2FKAAuy01zt428UPTHJKx_QHsK9Aik5hUvt2Wh3PArVd2zaV5XZ2fd2vWKs5WOVHPATp2bCulkxJ8Gv_vshKYLCI81O0floHyINyYcca3OKIG_vnHDLo3DeNSFqRY5rAjdwW5=w1600-h1000-k-no,,"{""Monday"": ""9AM-8PM"", ""Tuesday"": ""9AM-8PM"", ""Wednesday"": ""Closed"", ""Thursday"": ""9AM-8PM"", ""Friday"": ""9AM-8PM"", ""Saturday"": ""9AM-8PM"", ""Sunday"": ""9AM-8PM""}",Monday:9AM-8PM|Tuesday:9AM-8PM|Wednesday:Closed|Thursday:9AM-8PM|Friday:9AM-8PM|Saturday:9AM-8PM|Sunday:9AM-8PM,"[{""takeout"": {""Monday"": ""9 AM-7:30 PM"", ""Tuesday"": ""9 AM-7:30 PM"", ""Wednesday"": ""Closed"", ""Thursday"": ""9 AM-7:30 PM"", ""Friday"": ""9 AM-7:30 PM"", ""Saturday"": ""9 AM-7:30 PM"", ""Sunday"": ""9 AM-7:30 PM""}}, {""kitchen"": {""Monday"": ""11 AM-7:30 PM"", ""Tuesday"": ""11 AM-7:30 PM"", ""Wednesday"": ""Closed"", ""Thursday"": ""11 AM-7:30 PM"", ""Friday"": ""11 AM-7:30 PM"", ""Saturday"": ""11 AM-7:30 PM"", ""Sunday"": ""11 AM-7:30 PM""}}]",,OPERATIONAL,"{""From the business"": {""Identifies as Asian-owned"": true}, ""Service options"": {""No-contact delivery"": true, ""Delivery"": true, ""Onsite services"": true, ""Takeout"": true, ""Dine-in"": true}, ""Highlights"": {""Great coffee"": true, ""Great dessert"": true, ""Great tea selection"": true, ""Live music"": true, ""Live performances"": true}, ""Popular for"": {""Solo dining"": true, ""Good for working on laptop"": true}, ""Accessibility"": {""Wheelchair accessible entrance"": true, ""Wheelchair accessible restroom"": true, ""Assistive hearing loop"": false, ""Wheelchair accessible parking lot"": false, ""Wheelchair accessible seating"": false}, ""Offerings"": {""Coffee"": true, ""Comfort food"": true, ""Prepared foods"": true, ""Quick bite"": true, ""Small plates"": true, ""Vegan options"": true, ""Vegetarian options"": true}, ""Dining options"": {""Breakfast"": true, ""Brunch"": true, ""Lunch"": true, ""Dinner"": true, ""Catering"": true, ""Dessert"": true, ""Seating"": true}, ""Amenities"": {""Gender-neutral restroom"": true, ""Restroom"": true, ""Wi-Fi"": true}, ""Atmosphere"": {""Casual"": true, ""Cozy"": true, ""Trendy"": true}, ""Crowd"": {""College students"": true, ""Family-friendly"": true, ""Groups"": true, ""LGBTQ+ friendly"": true, ""Tourists"": true, ""Transgender safespace"": true}, ""Planning"": {""Accepts reservations"": false}, ""Payments"": {""Credit cards"": true, ""Debit cards"": true, ""NFC mobile payments"": true}, ""Children"": {""Good for kids"": true}, ""Parking"": {""Paid street parking"": true}, ""Pets"": {""Dogs allowed outside"": true}, ""Other"": {""LGBTQ+ friendly"": true, ""Identifies as Asian-owned"": true}}",$,,https://lh4.googleusercontent.com/-9oOo1RZro8M/AAAAAAAAAAI/AAAAAAAAAAA/Px1g3FoDqQg/s44-p-k-no-ns-nd/photo.jpg,,,True,105821179619349351102,Amber Agave,https://www.google.com/maps/contrib/105821179619349351102,,"https://www.google.com/viewer/chooseprovider?mid=/g/11vzmn2l06&g2lbs=AAEPWCsrgYU7FmG6rz1nX41waYXlv46i_7Q_1Jd6nrLPLxPkQiluk2EE1UzQ3AxNHFUDT2WRnV89KJOCZWYhZkrwbvaDYIr_Qg%3D%3D&hl=en-US&gl=us&fo_m=MfohQo559jFvMUOzJVpjPL1YMfZ3bInYwBDuMfaXTPp5KXh-&utm_source=tactile&gei=qWwCaPl27Yfh1Q_Jrd6ZBQ&ei=qWwCaPl27Yfh1Q_Jrd6ZBQ&fo_s=OA,SOE&opi=79508299&ebb=1&cs=0&foub=mcpp",,,"https://www.google.com/maps/place/Amber+Agave/@41.9054223,-87.66992049999999,14z/data=!4m8!1m2!2m1!1sAmber+Agave!3m4!1s0x880fd35620102377:0x60f83876546bce9f!8m2!3d41.9054223!4d-87.66992049999999","https://www.google.com/maps/place/Amber+Agave/@41.9054223,-87.66992049999999,13.99z/data=!4m16!1m7!3m6!1s0x880fd35620102377:0x60f83876546bce9f!2sAmber+Agave!8m2!3d41.9054223!4d-87.66992049999999!16s%2Fg%2F11ckvg1dmb!3m7!1s0x880fd35620102377:0x60f83876546bce9f!8m2!3d41.9054223!4d-87.66992049999999!9m1!1b1!16s%2Fg%2F11ckvg1dmb?entry=ttu",ChIJdyMQIFbTD4gRn85rVHY4-GA,0x880fd35620102377:0x60f83876546bce9f,6987396902738972319,/g/11vzmn2l06,6987396902738972319,,events@amberagave.us,RECEIVING,Verified,,,,,,connect@amberagave.us,RECEIVING,Verified,,,,,,,,,,,,,,,,,,http://instagram.com/amber.agave,,https://www.tiktok.com/@amber.agave,,,,,,,,,,,,Amber Agave,,,,False,False
"boba tea, 60644, Chicago, IL, US",B.I. Tea and Dim Sum,B I Tea And Dim Sum,https://frenchmarketchicago.com/vendor/b-i-tea/,"Bubble tea store, Dim sum restaurant",Bubble tea store,Bubble tea store,,"Chicago French Market, 131 N Clinton St, Chicago, IL 60661",West Loop,"Chicago French Market, 131 N Clinton St",Chicago,60661,Illinois,Illinois,United States of America,US,41.8842718,-87.6405659,892664c1adbffff,America/Chicago,,False,4.5,82,"https://search.google.com/local/reviews?placeid=ChIJqepMS8YsDogREByKy80o0vQ&q=boba+tea,+60644,+Chicago,+IL,+US&authuser=0&hl=en&gl=US",,,3.0,3.0,6.0,11.0,59.0,76,https://lh3.googleusercontent.com/p/AF1QipOa3ml-BxrcfAyuE8LoZKOgeT3DGX-cKymyvOLD=w800-h500-k-no,https://lh3.googleusercontent.com/p/AF1QipOa3ml-BxrcfAyuE8LoZKOgeT3DGX-cKymyvOLD=w1600-h1000-k-no,,"{""Monday"": ""11AM-5PM"", ""Tuesday"": ""11AM-5PM"", ""Wednesday"": ""11AM-5PM"", ""Thursday"": ""11AM-5PM"", ""Friday"": ""11AM-5PM"", ""Saturday"": ""10AM-4PM"", ""Sunday"": ""Closed""}",Monday:11AM-5PM|Tuesday:11AM-5PM|Wednesday:11AM-5PM|Thursday:11AM-5PM|Friday:11AM-5PM|Saturday:10AM-4PM|Sunday:Closed,,,OPERATIONAL,"{""Service options"": {""Curbside pickup"": true, ""No-contact delivery"": true, ""Delivery"": true, ""Takeout"": true, ""Dine-in"": true}, ""Highlights"": {""Great tea selection"": true}}",$,,https://lh5.googleusercontent.com/-SMDzP6Erx7Y/AAAAAAAAAAI/AAAAAAAAAAA/rNKBIiRTyts/s44-p-k-no-ns-nd/photo.jpg,Counter at the Chicago French Market offering bubble tea in many flavors & dim sum favorites.,,True,115186809183189387922,B.I. Tea and Dim Sum,https://www.google.com/maps/contrib/115186809183189387922,,"https://www.google.com/viewer/chooseprovider?mid=/g/11crzwy3fc&g2lbs=AAEPWCtqix3kVsHyU8Gx-0EGTKlUanxXivCyrfVffPJRSt0L0J-qcowf3MOTOpo_T5UuaM4oeEyvM2h1HLI5XJ7dkgLo9h4VCw%3D%3D&hl=en-US&gl=us&fo_m=MfohQo559jFvMUOzJVpjPL1YMfZ3bInYwBDuMfaXTPp5KXh-&utm_source=tactile&gei=qWwCaPl27Yfh1Q_Jrd6ZBQ&ei=qWwCaPl27Yfh1Q_Jrd6ZBQ&fo_s=OA,SOE&opi=79508299&ebb=1&cs=0&foub=mcpp",,,"https://www.google.com/maps/place/B.I.+Tea+and+Dim+Sum/@41.8842718,-87.6405659,14z/data=!4m8!1m2!2m1!1sB.I.+Tea+and+Dim+Sum!3m4!1s0x880e2cc64b4ceaa9:0xf4d228cdcb8a1c10!8m2!3d41.8842718!4d-87.6405659","https://www.google.com/maps/place/B.I.+Tea+and+Dim+Sum/@41.8842718,-87.6405659,13.99z/data=!4m16!1m7!3m6!1s0x880e2cc64b4ceaa9:0xf4d228cdcb8a1c10!2sB.I.+Tea+and+Dim+Sum!8m2!3d41.8842718!4d-87.6405659!16s%2Fg%2F11ckvg1dmb!3m7!1s0x880e2cc64b4ceaa9:0xf4d228cdcb8a1c10!8m2!3d41.8842718!4d-87.6405659!9m1!1b1!16s%2Fg%2F11ckvg1dmb?entry=ttu",ChIJqepMS8YsDogREByKy80o0vQ,0x880e2cc64b4ceaa9:0xf4d228cdcb8a1c10,17641207554711886864,/g/11crzwy3fc,-805536518997664752,,chicagofrenchmarket@yahoo.com,RECEIVING,SMTP validated,Ray Kovacevic,Ray,Kovacevic,Co-Owner,,jamesw@lilliesq.com,INVALID,Cannot validate,James Wick,James,Wick,Quality Management Specialist,17737725500,info@chicagofrenchmarket.com,UNKNOWN,Cannot validate,,,,,,,,,https://www.facebook.com/ChicagoFrenchMarket/,https://www.instagram.com/chifrenchmarket,https://www.linkedin.com/company/french-market-of-chicago,,,,,,,,https://twitter.com/chifrenchmarket,,,,,"Chicago French Market – Chicago's only year-round, indoor marketplace providing you with permanent, convenient and personal access to local artisans and purveyors.",,,,True,False
"boba tea, 60644, Chicago, IL, US",TE'AMO Boba Bar - Navy Pier,Teamo Boba Bar Navy Pier,http://www.teamobobabar.com/,"Bubble tea store, Cake shop, Coffee shop, Dessert shop, Donut shop",Bubble tea store,Bubble tea store,,"600 E Grand Ave, Chicago, IL 60611",Streeterville,600 E Grand Ave,Chicago,60611,Illinois,Illinois,United States of America,US,41.891344,-87.6068567,892664c1c6bffff,America/Chicago,,False,4.7,307,"https://search.google.com/local/reviews?placeid=ChIJCRNLeUcrDogRbl39U0vW3vU&q=boba+tea,+60644,+Chicago,+IL,+US&authuser=0&hl=en&gl=US",,,10.0,2.0,7.0,32.0,256.0,213,https://lh3.googleusercontent.com/p/AF1QipOgDNp0HNx6PeQJ4E2RrdKa1wkXRAuDUXF0iijN=w800-h500-k-no,https://lh3.googleusercontent.com/p/AF1QipOgDNp0HNx6PeQJ4E2RrdKa1wkXRAuDUXF0iijN=w1600-h1000-k-no,,"{""Monday"": ""11AM-8PM"", ""Tuesday"": ""11AM-8PM"", ""Wednesday"": ""11AM-8PM"", ""Thursday"": ""11AM-8PM"", ""Friday"": ""11AM-9PM"", ""Saturday"": ""11AM-9PM"", ""Sunday"": ""11AM-8PM""}",Monday:11AM-8PM|Tuesday:11AM-8PM|Wednesday:11AM-8PM|Thursday:11AM-8PM|Friday:11AM-9PM|Saturday:11AM-9PM|Sunday:11AM-8PM,,,OPERATIONAL,"{""Service options"": {""Onsite services"": true, ""Takeout"": true, ""Dine-in"": true}, ""Highlights"": {""Great tea selection"": true}, ""Accessibility"": {""Wheelchair accessible entrance"": true}}",$$,,https://lh5.googleusercontent.com/-wyWRmRHNzkE/AAAAAAAAAAI/AAAAAAAAAAA/SKavb1X7PsU/s44-p-k-no-ns-nd/photo.jpg,,,True,109984311312408379322,TE'AMO Boba Bar - Navy Pier,https://www.google.com/maps/contrib/109984311312408379322,,,,,"https://www.google.com/maps/place/TE%27AMO+Boba+Bar+-+Navy+Pier/@41.891344,-87.6068567,14z/data=!4m8!1m2!2m1!1sTE%27AMO+Boba+Bar+-+Navy+Pier!3m4!1s0x880e2b47794b1309:0xf5ded64b53fd5d6e!8m2!3d41.891344!4d-87.6068567","https://www.google.com/maps/place/TE%27AMO+Boba+Bar+-+Navy+Pier/@41.891344,-87.6068567,13.99z/data=!4m16!1m7!3m6!1s0x880e2b47794b1309:0xf5ded64b53fd5d6e!2sTE%27AMO+Boba+Bar+-+Navy+Pier!8m2!3d41.891344!4d-87.6068567!16s%2Fg%2F11ckvg1dmb!3m7!1s0x880e2b47794b1309:0xf5ded64b53fd5d6e!8m2!3d41.891344!4d-87.6068567!9m1!1b1!16s%2Fg%2F11ckvg1dmb?entry=ttu",ChIJCRNLeUcrDogRbl39U0vW3vU,0x880e2b47794b1309:0xf5ded64b53fd5d6e,17716833603142114670,/g/11st8s73vf,-729910470567436946,,share@teamobobabar.com,RECEIVING,SMTP validated,,,,,,,,,,,,,,,,,,,,,,13127596097,13125862308,13128578993,https://www.facebook.com/102449749429578,,,,,,,,,,,,,,,Organic Bubble Tea | TE'AMO BOBA BAR | United States,Wix.com Website Builder,"Te'amo Boba Bar is the first bubble tea&cake shop in the midwest to use all organic and all natural ingredients in all of our products. From organic bubble teas to handmade desserts, you will surely fall in love with our unique selection.",,False,False
"boba tea, 60644, Chicago, IL, US",Rainbow Boba Tea,Rainbow Boba Tea,https://rainbowbobateas.com/,"Bubble tea store, American restaurant, Restaurant, Ice cream shop",restaurants,Bubble tea store,+1 773-498-6396,"5160 S Pulaski Rd unit 117, Chicago, IL 60632",South Side,5160 S Pulaski Rd unit 117,Chicago,60632,Illinois,Illinois,United States of America,US,41.7992397,-87.724021,892664cd677ffff,America/Chicago,,False,4.6,254,"https://search.google.com/local/reviews?placeid=ChIJp4oUmhYxDogRKwNZOL5_V3I&q=boba+tea,+60644,+Chicago,+IL,+US&authuser=0&hl=en&gl=US",,,17.0,7.0,7.0,6.0,217.0,123,https://lh3.googleusercontent.com/p/AF1QipNKBFyp9SVTDUV5DixJQjW_g12HQNPmdwe4S1ux=w800-h500-k-no,https://lh3.googleusercontent.com/p/AF1QipNKBFyp9SVTDUV5DixJQjW_g12HQNPmdwe4S1ux=w1600-h1000-k-no,,"{""Monday"": ""12-10PM"", ""Tuesday"": ""12-10PM"", ""Wednesday"": ""12-10PM"", ""Thursday"": ""12-10PM"", ""Friday"": ""12-10PM"", ""Saturday"": ""12-10PM"", ""Sunday"": ""12-10PM""}",Monday:12-10PM|Tuesday:12-10PM|Wednesday:12-10PM|Thursday:12-10PM|Friday:12-10PM|Saturday:12-10PM|Sunday:12-10PM,,,OPERATIONAL,"{""Service options"": {""Curbside pickup"": true, ""Delivery"": true, ""Takeout"": true, ""Dine-in"": true}, ""Highlights"": {""Great tea selection"": true}, ""Popular for"": {""Solo dining"": true}, ""Accessibility"": {""Wheelchair accessible restroom"": true}, ""Offerings"": {""Coffee"": true}, ""Dining options"": {""Catering"": true, ""Seating"": true}, ""Amenities"": {""Restroom"": true}, ""Atmosphere"": {""Casual"": true, ""Cozy"": true, ""Trendy"": true}, ""Crowd"": {""College students"": true, ""Family-friendly"": true, ""Groups"": true, ""LGBTQ+ friendly"": true, ""Tourists"": true, ""Transgender safespace"": true}, ""Planning"": {""Accepts reservations"": false}, ""Payments"": {""Credit cards"": true, ""Debit cards"": true, ""NFC mobile payments"": true}, ""Children"": {""Good for kids"": true, ""Kids' menu"": true}, ""Parking"": {""Free parking lot"": true, ""Free street parking"": true, ""Parking"": true}, ""Pets"": {""Dogs allowed outside"": true}, ""Other"": {""LGBTQ+ friendly"": true}}",$$,,https://lh4.googleusercontent.com/-KaccYGeASmc/AAAAAAAAAAI/AAAAAAAAAAA/3KqzCB2NykQ/s44-p-k-no-ns-nd/photo.jpg,,,True,110777074389410034480,Rainbow Boba Tea,https://www.google.com/maps/contrib/110777074389410034480,,"https://www.google.com/viewer/chooseprovider?mid=/g/11v0z5g4h8&g2lbs=AAEPWCvaVjVpB6ufhYMlQXAwOurSgGt396LocsmoWdW06tC7S_kEC9tzfaEFWkw0B6RVmHtXS5hjQXU03HCBJ52Ahe0poyX0mQ%3D%3D&hl=en-US&gl=us&fo_m=MfohQo559jFvMUOzJVpjPL1YMfZ3bInYwBDuMfaXTPp5KXh-&utm_source=tactile&gei=qWwCaPl27Yfh1Q_Jrd6ZBQ&ei=qWwCaPl27Yfh1Q_Jrd6ZBQ&fo_s=OA,SOE&opi=79508299&ebb=1&cs=0&foub=mcpp",,,"https://www.google.com/maps/place/Rainbow+Boba+Tea/@41.7992397,-87.724021,14z/data=!4m8!1m2!2m1!1sRainbow+Boba+Tea!3m4!1s0x880e31169a148aa7:0x72577fbe3859032b!8m2!3d41.7992397!4d-87.724021","https://www.google.com/maps/place/Rainbow+Boba+Tea/@41.7992397,-87.724021,13.99z/data=!4m16!1m7!3m6!1s0x880e31169a148aa7:0x72577fbe3859032b!2sRainbow+Boba+Tea!8m2!3d41.7992397!4d-87.724021!16s%2Fg%2F11ckvg1dmb!3m7!1s0x880e31169a148aa7:0x72577fbe3859032b!8m2!3d41.7992397!4d-87.724021!9m1!1b1!16s%2Fg%2F11ckvg1dmb?entry=ttu",ChIJp4oUmhYxDogRKwNZOL5_V3I,0x880e31169a148aa7:0x72577fbe3859032b,8239194498263483179,/g/11v0z5g4h8,8239194498263483179,,,,,,,,,,,,,,,,,,,,,,,,,,,,,,,,,,,,,,,,,,,,Rainbow Boba Tea and Korean Corn Dog,,"Boba Teas, Korean Corn Dogs, Mini Pancakes all in one stop. Come visit us at 5160 S Pulaski Rd unit 117, Chicago, IL 60632 for some delightful flavors.",,False,False
"boba tea, 60644, Chicago, IL, US",8 Lounge,8 Lounge,https://www.8bobacafe.com/,"Bar, Gambling house",bars,Bar,+1 708-637-4464,"6207 Roosevelt Rd, Berwyn, IL 60402",None,6207 Roosevelt Rd,Berwyn,60402,Illinois,Illinois,United States of America,US,41.8652916,-87.77952169999999,892664c8367ffff,America/Chicago,,False,4.8,70,"https://search.google.com/local/reviews?placeid=ChIJMerDuFE1DogR0CUvqsHw2r0&q=boba+tea,+60644,+Chicago,+IL,+US&authuser=0&hl=en&gl=US",,,2.0,0.0,0.0,4.0,64.0,123,https://lh3.googleusercontent.com/p/AF1QipPlB4mM12jRMLMNrurxHEW_WYWBEOxnX-hCJF35=w800-h500-k-no,https://lh3.googleusercontent.com/p/AF1QipPlB4mM12jRMLMNrurxHEW_WYWBEOxnX-hCJF35=w1600-h1000-k-no,,"{""Monday"": ""1PM-12AM"", ""Tuesday"": ""1PM-12AM"", ""Wednesday"": ""1PM-12AM"", ""Thursday"": ""1PM-12AM"", ""Friday"": ""1PM-2AM"", ""Saturday"": ""1PM-2AM"", ""Sunday"": ""1PM-12AM""}",Monday:1PM-12AM|Tuesday:1PM-12AM|Wednesday:1PM-12AM|Thursday:1PM-12AM|Friday:1PM-2AM|Saturday:1PM-2AM|Sunday:1PM-12AM,,,OPERATIONAL,"{""Service options"": {""Outdoor seating"": true, ""Onsite services"": true, ""Dine-in"": true, ""Delivery"": false, ""Takeout"": false}, ""Highlights"": {""Bar games"": true, ""Fast service"": true, ""Sports"": true}, ""Popular for"": {""Solo dining"": true}, ""Accessibility"": {""Wheelchair accessible entrance"": true, ""Wheelchair accessible restroom"": true}, ""Offerings"": {""Alcohol"": true, ""Food"": true}, ""Dining options"": {""Seating"": true}, ""Amenities"": {""Gender-neutral restroom"": true, ""Restroom"": true, ""Wi-Fi"": true}, ""Atmosphere"": {""Casual"": true, ""Cozy"": true, ""Trendy"": true}, ""Crowd"": {""Groups"": true, ""LGBTQ+ friendly"": true, ""Transgender safespace"": true}, ""Planning"": {""Accepts reservations"": true}, ""Payments"": {""Credit cards"": true}, ""Parking"": {""Free street parking"": true}, ""Other"": {""LGBTQ+ friendly"": true}}",,,https://lh6.googleusercontent.com/-UvYYRurFw4A/AAAAAAAAAAI/AAAAAAAAAAA/IdPtmUwh-IQ/s44-p-k-no-ns-nd/photo.jpg,,,True,111159770251661565075,8 Lounge,https://www.google.com/maps/contrib/111159770251661565075,,"https://www.google.com/viewer/chooseprovider?mid=/g/11kj5f89_c&g2lbs=AAEPWCsfSlZJwg9PKy1usgBYVJQ5fSfzZPbf5fBNS61osvpqcyCgILphk2NuQ4AiVGg5IDyPK7LGNtb3IsHwIJBgNk9IoK7vLw%3D%3D&hl=en-US&gl=us&fo_m=MfohQo559jFvMUOzJVpjPL1YMfZ3bInYwBDuMfaXTPp5KXh-&utm_source=tactile&gei=qWwCaPl27Yfh1Q_Jrd6ZBQ&ei=qWwCaPl27Yfh1Q_Jrd6ZBQ&fo_s=OA,SOE&opi=79508299&ebb=1&cs=0&foub=mcpp",,,"https://www.google.com/maps/place/8+Lounge/@41.8652916,-87.77952169999999,14z/data=!4m8!1m2!2m1!1s8+Lounge!3m4!1s0x880e3551b8c3ea31:0xbddaf0c1aa2f25d0!8m2!3d41.8652916!4d-87.77952169999999","https://www.google.com/maps/place/8+Lounge/@41.8652916,-87.77952169999999,13.99z/data=!4m16!1m7!3m6!1s0x880e3551b8c3ea31:0xbddaf0c1aa2f25d0!2s8+Lounge!8m2!3d41.8652916!4d-87.77952169999999!16s%2Fg%2F11ckvg1dmb!3m7!1s0x880e3551b8c3ea31:0xbddaf0c1aa2f25d0!8m2!3d41.8652916!4d-87.77952169999999!9m1!1b1!16s%2Fg%2F11ckvg1dmb?entry=ttu",ChIJMerDuFE1DogR0CUvqsHw2r0,0x880e3551b8c3ea31:0xbddaf0c1aa2f25d0,13680511532665873872,/g/11kj5f89_c,-4766232541043677744,,,,,,,,,,,,,,,,,,,,,,,,,,,,,,,,,,,,,,,,,,,,,WordPress 6.7.2,,,False,False
"boba tea, 60644, Chicago, IL, US",Tea Monster,Tea Monster,http://www.teamonsterusa.com/,Bubble tea store,Bubble tea store,Bubble tea store,+1 312-966-6810,"109 N Dearborn St Block 37, Chicago, IL 60602",Chicago Loop,109 N Dearborn St Block 37,Chicago,60602,Illinois,Illinois,United States of America,US,41.883672399999995,-87.62925369999999,892664c1a9bffff,America/Chicago,,False,4.7,178,"https://search.google.com/local/reviews?placeid=ChIJaW_8r9QtDogRp7aJLcyvOnE&q=boba+tea,+60644,+Chicago,+IL,+US&authuser=0&hl=en&gl=US",,,6.0,1.0,6.0,17.0,148.0,322,https://lh3.googleusercontent.com/p/AF1QipORJWxcuvoPpvtntR2m8tkjgawM5CfJ5UU03Lk2=w800-h500-k-no,https://lh3.googleusercontent.com/p/AF1QipORJWxcuvoPpvtntR2m8tkjgawM5CfJ5UU03Lk2=w1600-h1000-k-no,,"{""Monday"": ""11AM-6:30PM"", ""Tuesday"": ""11AM-6:30PM"", ""Wednesday"": ""11AM-6:30PM"", ""Thursday"": ""11AM-6:30PM"", ""Friday"": ""11AM-6:30PM"", ""Saturday"": ""12-6:30PM"", ""Sunday"": ""Closed""}",Monday:11AM-6:30PM|Tuesday:11AM-6:30PM|Wednesday:11AM-6:30PM|Thursday:11AM-6:30PM|Friday:11AM-6:30PM|Saturday:12-6:30PM|Sunday:Closed,,,OPERATIONAL,"{""Service options"": {""Delivery"": true, ""Takeout"": true, ""Dine-in"": true}, ""Highlights"": {""Great tea selection"": true}, ""Accessibility"": {""Wheelchair accessible entrance"": true}}",$,,https://lh3.googleusercontent.com/-X3SP6mxq5AU/AAAAAAAAAAI/AAAAAAAAAAA/g5OuFwSnIhs/s44-p-k-no-ns-nd/photo.jpg,,,True,104453582157940411548,Tea Monster,https://www.google.com/maps/contrib/104453582157940411548,,"https://www.google.com/viewer/chooseprovider?mid=/g/11jcmw178k&g2lbs=AAEPWCtiwpOaPJcsw2MGxJ8SxmmFyCSpTcJO2NGTxJCFOOXs6gzXx-GKVXa-8wDR5JQk0DLdn-mGdgGOXbSc5AreExYhpw9Y8g%3D%3D&hl=en-US&gl=us&fo_m=MfohQo559jFvMUOzJVpjPL1YMfZ3bInYwBDuMfaXTPp5KXh-&utm_source=tactile&gei=qWwCaPl27Yfh1Q_Jrd6ZBQ&ei=qWwCaPl27Yfh1Q_Jrd6ZBQ&fo_s=OA,SOE&opi=79508299&ebb=1&cs=0&foub=mcpp",,,"https://www.google.com/maps/place/Tea+Monster/@41.883672399999995,-87.62925369999999,14z/data=!4m8!1m2!2m1!1sTea+Monster!3m4!1s0x880e2dd4affc6f69:0x713aafcc2d89b6a7!8m2!3d41.883672399999995!4d-87.62925369999999","https://www.google.com/maps/place/Tea+Monster/@41.883672399999995,-87.62925369999999,13.99z/data=!4m16!1m7!3m6!1s0x880e2dd4affc6f69:0x713aafcc2d89b6a7!2sTea+Monster!8m2!3d41.883672399999995!4d-87.62925369999999!16s%2Fg%2F11ckvg1dmb!3m7!1s0x880e2dd4affc6f69:0x713aafcc2d89b6a7!8m2!3d41.883672399999995!4d-87.62925369999999!9m1!1b1!16s%2Fg%2F11ckvg1dmb?entry=ttu",ChIJaW_8r9QtDogRp7aJLcyvOnE,0x880e2dd4affc6f69:0x713aafcc2d89b6a7,8159026966407263911,/g/11jcmw178k,8159026966407263911,,team@latofonts.com,RECEIVING,Catch All,,,,,,info@indiantypefoundry.com,RECEIVING,Role,,,,,,,,,,,,,,3129666810,,,,,,,,,,,,,,,,https://github.com/clauseggers/,,Teamonsterusa,Starfield Technologies; Go Daddy Website Builder 8.0.0000,,,False,True
"boba tea, 60644, Chicago, IL, US",Eli Tea Bar,Eli Tea Bar,http://www.eliteabar.com/,"Bubble tea store, Cafe, Tea house, Tea store, Tea wholesaler",Bubble tea store,Bubble tea store,+1 773-961-7111,"5507 N Clark St, Chicago, IL 60640",Edgewater,5507 N Clark St,Chicago,60640,Illinois,Illinois,United States of America,US,41.982006,-87.66807279999999,892664d8807ffff,America/Chicago,,False,4.7,211,"https://search.google.com/local/reviews?placeid=ChIJxS9i4ZDRD4gRAKw5alCSwik&q=boba+tea,+60644,+Chicago,+IL,+US&authuser=0&hl=en&gl=US",,,10.0,5.0,2.0,5.0,189.0,155,https://lh3.googleusercontent.com/p/AF1QipPIpg4GxJPRutPzvt_oeQObMvl-FmtZnsp-GHXN=w800-h500-k-no,https://lh3.googleusercontent.com/p/AF1QipPIpg4GxJPRutPzvt_oeQObMvl-FmtZnsp-GHXN=w1600-h1000-k-no,,"{""Monday"": ""10AM-10PM"", ""Tuesday"": ""10AM-10PM"", ""Wednesday"": ""10AM-10PM"", ""Thursday"": ""10AM-10PM"", ""Friday"": ""10AM-10PM"", ""Saturday"": ""10AM-10PM"", ""Sunday"": ""10AM-8PM""}",Monday:10AM-10PM|Tuesday:10AM-10PM|Wednesday:10AM-10PM|Thursday:10AM-10PM|Friday:10AM-10PM|Saturday:10AM-10PM|Sunday:10AM-8PM,,,OPERATIONAL,"{""From the business"": {""Identifies as Asian-owned"": true, ""Identifies as LGBTQ+ owned"": true}, ""Service options"": {""Delivery"": true, ""Onsite services"": true, ""Takeout"": true, ""Dine-in"": true}, ""Highlights"": {""Great tea selection"": true}, ""Accessibility"": {""Wheelchair accessible entrance"": true, ""Wheelchair accessible restroom"": true}, ""Amenities"": {""Gender-neutral restroom"": true}, ""Crowd"": {""LGBTQ+ friendly"": true}, ""Parking"": {""Paid street parking"": true}, ""Other"": {""LGBTQ+ friendly"": true, ""Identifies as Asian-owned"": true, ""Identifies as LGBTQ+ owned"": true}}",$,,https://lh4.googleusercontent.com/-lk0REP-mxOw/AAAAAAAAAAI/AAAAAAAAAAA/eMegEBQjphc/s44-p-k-no-ns-nd/photo.jpg,"Polished outfit with vibrant decor serving loose leaf, matcha & bubble teas, plus pastries.",,True,108536118852359298702,Eli Tea Bar,https://www.google.com/maps/contrib/108536118852359298702,,"https://www.google.com/viewer/chooseprovider?mid=/g/11n_xrlll5&g2lbs=AAEPWCvu3AGTkUQR594TyhonAbnRm32jklXjcsQFwsTkI-KBVG4U_gvXdL9ZEzIc3g9jctGsn6U0CiqtVOJ16P_K6vycKXDIeg%3D%3D&hl=en-US&gl=us&fo_m=MfohQo559jFvMUOzJVpjPL1YMfZ3bInYwBDuMfaXTPp5KXh-&utm_source=tactile&gei=qWwCaPl27Yfh1Q_Jrd6ZBQ&ei=qWwCaPl27Yfh1Q_Jrd6ZBQ&fo_s=OA,SOE&opi=79508299&orderType=2&ebb=1&cs=0&foub=mcpp",,,"https://www.google.com/maps/place/Eli+Tea+Bar/@41.982006,-87.66807279999999,14z/data=!4m8!1m2!2m1!1sEli+Tea+Bar!3m4!1s0x880fd190e1622fc5:0x29c292506a39ac00!8m2!3d41.982006!4d-87.66807279999999","https://www.google.com/maps/place/Eli+Tea+Bar/@41.982006,-87.66807279999999,13.99z/data=!4m16!1m7!3m6!1s0x880fd190e1622fc5:0x29c292506a39ac00!2sEli+Tea+Bar!8m2!3d41.982006!4d-87.66807279999999!16s%2Fg%2F11ckvg1dmb!3m7!1s0x880fd190e1622fc5:0x29c292506a39ac00!8m2!3d41.982006!4d-87.66807279999999!9m1!1b1!16s%2Fg%2F11ckvg1dmb?entry=ttu",ChIJxS9i4ZDRD4gRAKw5alCSwik,0x880fd190e1622fc5:0x29c292506a39ac00,3009128375114116096,/g/11n_xrlll5,3009128375114116096,,elias@eliteabar.com,RECEIVING,SMTP validated,Elias Majid,Elias,Majid,Owner,12488258064,info@eliteabar.com,RECEIVING,SMTP validated,,,,,,service@eliteabar.com,INVALID,Invalid SMTP,,,,,,,,,http://facebook.com/eliteadetroit,http://instagram.com/eliteabar,https://www.linkedin.com/company/elitea,,,,,,,,//platform.twitter.com/widgets,,,,,Eli Tea | Free Shipping on $75+ Orders,,"Eli Tea is an independent tea shop featuring natural and organic loose leaf teas, bubble tea, and kombucha. We have store locations in Chicago and Michgian.",,False,False
"boba tea, 60644, Chicago, IL, US",Flamingo Tea,Flamingo Tea,http://www.drinkflamingotea.com/,"Bubble tea store, Sandwich shop, Tea house",Bubble tea store,Bubble tea store,+1 312-955-0573,"843 1/2 W Belmont Ave, Chicago, IL 60657",Lake View,843 1/2 W Belmont Ave,Chicago,60657,Illinois,Illinois,United States of America,US,41.939836299999996,-87.65099049999999,892664c1637ffff,America/Chicago,,False,4.4,54,"https://search.google.com/local/reviews?placeid=ChIJRwW1AQDTD4gRB1GCxN-mhxM&q=boba+tea,+60644,+Chicago,+IL,+US&authuser=0&hl=en&gl=US",,,4.0,2.0,5.0,3.0,40.0,257,https://lh3.googleusercontent.com/gps-proxy/ALd4DhGCERQB_62K3Bceb9kZ8UYALtTleixjC8CJq9PXX_IYTGwsXiQTXudFRfNPKKa2mDEsEC-1YHbQFPaLXJyHEZewJc9XiCQRNQ-1UtUkxVLEzn3JJaGlm7G9VkVnOzoBV1RcJ6JKNgjqwCRtrZasvD7nfgpE6WRNWCpiEhGaZru39H84OabzEM5l=w800-h500-k-no,https://lh3.googleusercontent.com/gps-proxy/ALd4DhGCERQB_62K3Bceb9kZ8UYALtTleixjC8CJq9PXX_IYTGwsXiQTXudFRfNPKKa2mDEsEC-1YHbQFPaLXJyHEZewJc9XiCQRNQ-1UtUkxVLEzn3JJaGlm7G9VkVnOzoBV1RcJ6JKNgjqwCRtrZasvD7nfgpE6WRNWCpiEhGaZru39H84OabzEM5l=w1600-h1000-k-no,,"{""Monday"": ""11AM-9PM"", ""Tuesday"": ""11AM-9PM"", ""Wednesday"": ""11AM-9PM"", ""Thursday"": ""11AM-9PM"", ""Friday"": ""11AM-9PM"", ""Saturday"": ""11AM-9PM"", ""Sunday"": ""11AM-9PM""}",Monday:11AM-9PM|Tuesday:11AM-9PM|Wednesday:11AM-9PM|Thursday:11AM-9PM|Friday:11AM-9PM|Saturday:11AM-9PM|Sunday:11AM-9PM,,,OPERATIONAL,"{""Service options"": {""Curbside pickup"": true, ""No-contact delivery"": true, ""Delivery"": true, ""Onsite services"": true, ""Takeout"": true, ""Dine-in"": true}, ""Highlights"": {""Great tea selection"": true}, ""Amenities"": {""Gender-neutral restroom"": true}}",$$,,https://lh5.googleusercontent.com/-YOpfvUBYEn8/AAAAAAAAAAI/AAAAAAAAAAA/h6okxuHahIA/s44-p-k-no-ns-nd/photo.jpg,,,True,107186231490903115695,Flamingo Tea,https://www.google.com/maps/contrib/107186231490903115695,,"https://www.google.com/viewer/chooseprovider?mid=/g/11y742nt0l&g2lbs=AAEPWCsGNz7dxX4ElBXkHlFZQNkSYXRmK7Z0dv1bT6G6nxhSPXZoWrFWWzOVgQWW0x2Ft_9Yn_tbCwbWPJXzSskwWrGuZOyM6Q%3D%3D&hl=en-US&gl=us&fo_m=MfohQo559jFvMUOzJVpjPL1YMfZ3bInYwBDuMfaXTPp5KXh-&utm_source=tactile&gei=qWwCaPl27Yfh1Q_Jrd6ZBQ&ei=qWwCaPl27Yfh1Q_Jrd6ZBQ&fo_s=OA,SOE&opi=79508299&ebb=1&cs=0&foub=mcpp",,,"https://www.google.com/maps/place/Flamingo+Tea/@41.939836299999996,-87.65099049999999,14z/data=!4m8!1m2!2m1!1sFlamingo+Tea!3m4!1s0x880fd30001b50547:0x1387a6dfc4825107!8m2!3d41.939836299999996!4d-87.65099049999999","https://www.google.com/maps/place/Flamingo+Tea/@41.939836299999996,-87.65099049999999,13.99z/data=!4m16!1m7!3m6!1s0x880fd30001b50547:0x1387a6dfc4825107!2sFlamingo+Tea!8m2!3d41.939836299999996!4d-87.65099049999999!16s%2Fg%2F11ckvg1dmb!3m7!1s0x880fd30001b50547:0x1387a6dfc4825107!8m2!3d41.939836299999996!4d-87.65099049999999!9m1!1b1!16s%2Fg%2F11ckvg1dmb?entry=ttu",ChIJRwW1AQDTD4gRB1GCxN-mhxM,0x880fd30001b50547:0x1387a6dfc4825107,1407276888581361927,/g/11y742nt0l,1407276888581361927,,info@drinkflamingotea.com,RECEIVING,Role,,,,,,,,,,,,,,,,,,,,,,3129550573,,,http://www.facebook.com/drinkflamingotea,http://www.instagram.com/drinkflamingotea,,https://www.tiktok.com/@drinkflamingotea,,,,,,,,,,,,FLAMINGO TEA + Grab & Go Market,,"Take your taste buds on vacation with Lakeview Chicago's specialty drink 
and hand-battered chicken sandwiches. Stop by when you're on your Chicago 
adventure, and you'll find premium fruit slushies, boba & milk teas, 
sparkling teas, lemonades, and some of the most delicious handcrafted 
sandwiches, hand-battered chicken tenders, and homemade waffles!",,False,False
"boba tea, 60644, Chicago, IL, US",Uni Uni Boba,Uni Uni Boba,https://pos.chowbus.com/online-ordering/store/restaurant/11804,Bubble tea store,Bubble tea store,Bubble tea store,+1 773-904-7011,"2550 N Clark St, Chicago, IL 60614",Park West,2550 N Clark St,Chicago,60614,Illinois,Illinois,United States of America,US,41.9290351,-87.6426936,892664c1073ffff,America/Chicago,,False,4.6,108,"https://search.google.com/local/reviews?placeid=ChIJScC53GrTD4gRUq-8TSFezJw&q=boba+tea,+60644,+Chicago,+IL,+US&authuser=0&hl=en&gl=US",,,3.0,2.0,5.0,12.0,86.0,347,https://lh3.googleusercontent.com/p/AF1QipOPqe7RSr-XCDANohuhHGyr0PlqLyvNviNH9vO1=w800-h500-k-no,https://lh3.googleusercontent.com/p/AF1QipOPqe7RSr-XCDANohuhHGyr0PlqLyvNviNH9vO1=w1600-h1000-k-no,,"{""Monday"": ""11AM-8PM"", ""Tuesday"": ""11AM-8PM"", ""Wednesday"": ""11AM-8PM"", ""Thursday"": ""11AM-8PM"", ""Friday"": ""11AM-8:30PM"", ""Saturday"": ""11AM-8:30PM"", ""Sunday"": ""11AM-7PM""}",Monday:11AM-8PM|Tuesday:11AM-8PM|Wednesday:11AM-8PM|Thursday:11AM-8PM|Friday:11AM-8:30PM|Saturday:11AM-8:30PM|Sunday:11AM-7PM,,,OPERATIONAL,"{""From the business"": {""Identifies as women-owned"": true}, ""Service options"": {""Delivery"": true, ""Takeout"": true, ""Dine-in"": true}, ""Highlights"": {""Great tea selection"": true}, ""Accessibility"": {""Wheelchair accessible entrance"": true}, ""Crowd"": {""LGBTQ+ friendly"": true, ""Transgender safespace"": true}, ""Other"": {""LGBTQ+ friendly"": true, ""Identifies as women-owned"": true}}",$,,https://lh3.googleusercontent.com/-qWfa1Uqa1g4/AAAAAAAAAAI/AAAAAAAAAAA/wSjHSpyVka0/s44-p-k-no-ns-nd/photo.jpg,,,True,105091428648074064026,Uni Uni Boba,https://www.google.com/maps/contrib/105091428648074064026,,"https://www.google.com/viewer/chooseprovider?mid=/g/11pz7qxdrq&g2lbs=AAEPWCst-G3jqWde6LNwarOe0lpc8hoO7S2aqPXw9ZnrE_nQd9RCF0gcwBo-meSHRZDTQuy039QMoFAIFK2aIacFbUTQsfgHuQ%3D%3D&hl=en-US&gl=us&fo_m=MfohQo559jFvMUOzJVpjPL1YMfZ3bInYwBDuMfaXTPp5KXh-&utm_source=tactile&gei=qWwCaPl27Yfh1Q_Jrd6ZBQ&ei=qWwCaPl27Yfh1Q_Jrd6ZBQ&fo_s=OA,SOE&opi=79508299&ebb=1&cs=0&foub=mcpp",,,"https://www.google.com/maps/place/Uni+Uni+Boba/@41.9290351,-87.6426936,14z/data=!4m8!1m2!2m1!1sUni+Uni+Boba!3m4!1s0x880fd36adcb9c049:0x9ccc5e214dbcaf52!8m2!3d41.9290351!4d-87.6426936","https://www.google.com/maps/place/Uni+Uni+Boba/@41.9290351,-87.6426936,13.99z/data=!4m16!1m7!3m6!1s0x880fd36adcb9c049:0x9ccc5e214dbcaf52!2sUni+Uni+Boba!8m2!3d41.9290351!4d-87.6426936!16s%2Fg%2F11ckvg1dmb!3m7!1s0x880fd36adcb9c049:0x9ccc5e214dbcaf52!8m2!3d41.9290351!4d-87.6426936!9m1!1b1!16s%2Fg%2F11ckvg1dmb?entry=ttu",ChIJScC53GrTD4gRUq-8TSFezJw,0x880fd36adcb9c049:0x9ccc5e214dbcaf52,11298509062296874834,/g/11pz7qxdrq,-7148235011412676782,,joel.stump@chowbus.com,RECEIVING,Catch All,,,,,,,,,,,,,,,,,,,,,,19045793913,,,https://www.facebook.com/1876735259269202,,https://www.linkedin.com/company/chowbus,,,,,,,,,,,,,"The Pan Kitchen, 1145 Lindero Canyon Rd d 11,  | Online Ordering | Chowbus POS",,The Pan Kitchen | Online Ordering | Chowbus POS,Restaurant POS Systems,False,False
"boba tea, 60644, Chicago, IL, US",Cloud Bar Bubble Tea,Cloud Bar Bubble Tea,http://www.cloudbarbubbletea.com/,"Bubble tea store, Ice cream shop",Bubble tea store,Bubble tea store,,"5133 S Pulaski Rd, Chicago, IL 60632",South Side,5133 S Pulaski Rd,Chicago,60632,Illinois,Illinois,United States of America,US,41.7995826,-87.72243879999999,892664cd677ffff,America/Chicago,,False,4.0,98,"https://search.google.com/local/reviews?placeid=ChIJD1CK9uAxDogRX2ST_xX5e0w&q=boba+tea,+60644,+Chicago,+IL,+US&authuser=0&hl=en&gl=US",,,20.0,2.0,2.0,6.0,68.0,45,https://lh3.googleusercontent.com/p/AF1QipNz6EeDcRrmAvUMLsetHpeenozSYYOqyeQCFkIx=w800-h500-k-no,https://lh3.googleusercontent.com/p/AF1QipNz6EeDcRrmAvUMLsetHpeenozSYYOqyeQCFkIx=w1600-h1000-k-no,,"{""Monday"": ""12-9PM"", ""Tuesday"": ""12-9PM"", ""Wednesday"": ""12-9PM"", ""Thursday"": ""12-9PM"", ""Friday"": ""12-9PM"", ""Saturday"": ""12-9PM"", ""Sunday"": ""12-9PM""}",Monday:12-9PM|Tuesday:12-9PM|Wednesday:12-9PM|Thursday:12-9PM|Friday:12-9PM|Saturday:12-9PM|Sunday:12-9PM,,,OPERATIONAL,"{""Service options"": {""Delivery"": true, ""Takeout"": true, ""Dine-in"": true}, ""Highlights"": {""Great tea selection"": true}, ""Accessibility"": {""Wheelchair accessible entrance"": true}}",$,,https://lh5.googleusercontent.com/-bYQOTJIEQJA/AAAAAAAAAAI/AAAAAAAAAAA/3WxKeULv19U/s44-p-k-no-ns-nd/photo.jpg,,,True,107713131540780484827,Cloud Bar Bubble Tea,https://www.google.com/maps/contrib/107713131540780484827,,"https://www.google.com/viewer/chooseprovider?mid=/g/11tdrc94mh&g2lbs=AAEPWCvNFuWiPAo58Cx6hVlhmSE3HwLYndztHYk4V6aCkFSJDP9ZwJB3HFbUe_yP7Pj8TGpYcwPrjt2mJ-pmNy1QYxSeCjicHg%3D%3D&hl=en-US&gl=us&fo_m=MfohQo559jFvMUOzJVpjPL1YMfZ3bInYwBDuMfaXTPp5KXh-&utm_source=tactile&gei=qWwCaPl27Yfh1Q_Jrd6ZBQ&ei=qWwCaPl27Yfh1Q_Jrd6ZBQ&fo_s=OA,SOE&opi=79508299&ebb=1&cs=0&foub=mcpp",,,"https://www.google.com/maps/place/Cloud+Bar+Bubble+Tea/@41.7995826,-87.72243879999999,14z/data=!4m8!1m2!2m1!1sCloud+Bar+Bubble+Tea!3m4!1s0x880e31e0f68a500f:0x4c7bf915ff93645f!8m2!3d41.7995826!4d-87.72243879999999","https://www.google.com/maps/place/Cloud+Bar+Bubble+Tea/@41.7995826,-87.72243879999999,13.99z/data=!4m16!1m7!3m6!1s0x880e31e0f68a500f:0x4c7bf915ff93645f!2sCloud+Bar+Bubble+Tea!8m2!3d41.7995826!4d-87.72243879999999!16s%2Fg%2F11ckvg1dmb!3m7!1s0x880e31e0f68a500f:0x4c7bf915ff93645f!8m2!3d41.7995826!4d-87.72243879999999!9m1!1b1!16s%2Fg%2F11ckvg1dmb?entry=ttu",ChIJD1CK9uAxDogRX2ST_xX5e0w,0x880e31e0f68a500f:0x4c7bf915ff93645f,5511272441895412831,/g/11tdrc94mh,5511272441895412831,,,,,,,,,,,,,,,,,,,,,,,,,,,,,,,,,,,,,,,,,,,,Home - Cloud Bar Bubble Tea,Divi v.4.19.2,,,False,False
"boba tea, 60644, Chicago, IL, US","Taichi Bubble Tea, Ramen and Poke Bowl - Rogers Park",Taichi Bubble Tea Ramen And Poke Bowl Rogers Park,http://taichibubbletea.com/,Bubble tea store,Bubble tea store,Bubble tea store,+1 773-654-3318,"6800 N Sheridan Rd, Chicago, IL 60626",Rogers Park,6800 N Sheridan Rd,Chicago,60626,Illinois,Illinois,United States of America,US,42.0056776,-87.6613777,892664d8c17ffff,America/Chicago,,False,4.4,362,"https://search.google.com/local/reviews?placeid=ChIJ5ehT21rRD4gRYMyP4Bd66Qk&q=boba+tea,+60644,+Chicago,+IL,+US&authuser=0&hl=en&gl=US",,,23.0,8.0,18.0,49.0,264.0,331,https://lh3.googleusercontent.com/p/AF1QipM1ATfJnfhOaK-mVA7CSqxgGIWFDQgPiaBkINDK=w800-h500-k-no,https://lh3.googleusercontent.com/p/AF1QipM1ATfJnfhOaK-mVA7CSqxgGIWFDQgPiaBkINDK=w1600-h1000-k-no,,"{""Monday"": ""11AM-9PM"", ""Tuesday"": ""11AM-9PM"", ""Wednesday"": ""11AM-9PM"", ""Thursday"": ""11AM-9PM"", ""Friday"": ""11AM-9:30PM"", ""Saturday"": ""11AM-9:30PM"", ""Sunday"": ""11AM-9PM""}",Monday:11AM-9PM|Tuesday:11AM-9PM|Wednesday:11AM-9PM|Thursday:11AM-9PM|Friday:11AM-9:30PM|Saturday:11AM-9:30PM|Sunday:11AM-9PM,"[{""kitchen"": {""Monday"": ""11 AM-8:50 PM"", ""Tuesday"": ""11 AM-8:50 PM"", ""Wednesday"": ""11 AM-8:50 PM"", ""Thursday"": ""11 AM-8:50 PM"", ""Friday"": ""11 AM-9:20 PM"", ""Saturday"": ""11 AM-9:20 PM"", ""Sunday"": ""11 AM-8:50 PM""}}]",,OPERATIONAL,"{""Service options"": {""Delivery"": true, ""Takeout"": true, ""Dine-in"": true}, ""Highlights"": {""Great tea selection"": true}, ""Accessibility"": {""Wheelchair accessible entrance"": true, ""Wheelchair accessible restroom"": true}}",$$,,https://lh3.googleusercontent.com/-Zg9v0l4aCVc/AAAAAAAAAAI/AAAAAAAAAAA/4g_UUlNQ-Mw/s44-p-k-no-ns-nd/photo.jpg,"Bubble, milk, fruit & other tea drinks are served with ramen, poke, sushi burritos & bowls.",,True,112299985965420688234,"Taichi Bubble Tea, Ramen and Poke Bowl - Rogers Park",https://www.google.com/maps/contrib/112299985965420688234,,,,,"https://www.google.com/maps/place/Taichi+Bubble+Tea%2C+Ramen+and+Poke+Bowl+-+Rogers+Park/@42.0056776,-87.6613777,14z/data=!4m8!1m2!2m1!1sTaichi+Bubble+Tea%2C+Ramen+and+Poke+Bowl+-+Rogers+Park!3m4!1s0x880fd15adb53e8e5:0x9e97a17e08fcc60!8m2!3d42.0056776!4d-87.6613777","https://www.google.com/maps/place/Taichi+Bubble+Tea%2C+Ramen+and+Poke+Bowl+-+Rogers+Park/@42.0056776,-87.6613777,13.99z/data=!4m16!1m7!3m6!1s0x880fd15adb53e8e5:0x9e97a17e08fcc60!2sTaichi+Bubble+Tea%2C+Ramen+and+Poke+Bowl+-+Rogers+Park!8m2!3d42.0056776!4d-87.6613777!16s%2Fg%2F11ckvg1dmb!3m7!1s0x880fd15adb53e8e5:0x9e97a17e08fcc60!8m2!3d42.0056776!4d-87.6613777!9m1!1b1!16s%2Fg%2F11ckvg1dmb?entry=ttu",ChIJ5ehT21rRD4gRYMyP4Bd66Qk,0x880fd15adb53e8e5:0x9e97a17e08fcc60,714236258885291104,/g/11fpftfhbg,714236258885291104,,,,,,,,,,,,,,,,,,,,,,,,,,18016911827,13158024504,15853489493,https://www.facebook.com/116588071038976,,,,,,,,,,,,,,,HOME | Tai Chi Bubble Tea,Wix.com Website Builder,,,False,False
"boba tea, 60644, Chicago, IL, US",Gathers Tea Bar,Gathers Tea Bar,http://www.gathersteabar.com/,Bubble tea store,Bubble tea store,Bubble tea store,,"1214 W Taylor St, Chicago, IL 60607",Near West Side,1214 W Taylor St,Chicago,60607,Illinois,Illinois,United States of America,US,41.8695957,-87.6574389,892664ca9abffff,America/Chicago,,False,4.8,448,"https://search.google.com/local/reviews?placeid=ChIJTxFP1Q4tDogRud-OWUvjXTM&q=boba+tea,+60644,+Chicago,+IL,+US&authuser=0&hl=en&gl=US",,,8.0,3.0,12.0,22.0,403.0,369,https://lh3.googleusercontent.com/p/AF1QipNBSnlyOMDD4br5TXF9Bq2aqP1_NfE_2gUd_ikL=w800-h500-k-no,https://lh3.googleusercontent.com/p/AF1QipNBSnlyOMDD4br5TXF9Bq2aqP1_NfE_2gUd_ikL=w1600-h1000-k-no,,"{""Monday"": ""11AM-9PM"", ""Tuesday"": ""11AM-9PM"", ""Wednesday"": ""11AM-9PM"", ""Thursday"": ""11AM-9PM"", ""Friday"": ""11AM-9PM"", ""Saturday"": ""11AM-9PM"", ""Sunday"": ""11AM-9PM""}",Monday:11AM-9PM|Tuesday:11AM-9PM|Wednesday:11AM-9PM|Thursday:11AM-9PM|Friday:11AM-9PM|Saturday:11AM-9PM|Sunday:11AM-9PM,,,OPERATIONAL,"{""Service options"": {""Delivery"": true, ""Onsite services"": true, ""Takeout"": true, ""Dine-in"": true}, ""Highlights"": {""Great tea selection"": true}, ""Accessibility"": {""Wheelchair accessible parking lot"": false}}",$,,https://lh4.googleusercontent.com/-O88PbDmtZrU/AAAAAAAAAAI/AAAAAAAAAAA/v-UZs-Rg3zs/s44-p-k-no-ns-nd/photo.jpg,"Compact spot with a casual atmosphere serving bubble tea, fruit tea & Japanese matcha latte.",,True,112206993297845406008,Gathers Tea Bar,https://www.google.com/maps/contrib/112206993297845406008,,"https://www.google.com/viewer/chooseprovider?mid=/g/11h8hzdkhd&g2lbs=AAEPWCuZIoM2TSwJ_jIGB5SwgEZNIcbfrOiLRNHCzFVrxP9fxJ0b-S0qf4Rm57975-OK0Sjm7wEC_0EhOvE8T9EeeEOFnSqjCA%3D%3D&hl=en-US&gl=us&fo_m=MfohQo559jFvMUOzJVpjPL1YMfZ3bInYwBDuMfaXTPp5KXh-&utm_source=tactile&gei=qWwCaPl27Yfh1Q_Jrd6ZBQ&ei=qWwCaPl27Yfh1Q_Jrd6ZBQ&fo_s=OA,SOE&opi=79508299&ebb=1&cs=0&foub=mcpp",,,"https://www.google.com/maps/place/Gathers+Tea+Bar/@41.8695957,-87.6574389,14z/data=!4m8!1m2!2m1!1sGathers+Tea+Bar!3m4!1s0x880e2d0ed54f114f:0x335de34b598edfb9!8m2!3d41.8695957!4d-87.6574389","https://www.google.com/maps/place/Gathers+Tea+Bar/@41.8695957,-87.6574389,13.99z/data=!4m16!1m7!3m6!1s0x880e2d0ed54f114f:0x335de34b598edfb9!2sGathers+Tea+Bar!8m2!3d41.8695957!4d-87.6574389!16s%2Fg%2F11ckvg1dmb!3m7!1s0x880e2d0ed54f114f:0x335de34b598edfb9!8m2!3d41.8695957!4d-87.6574389!9m1!1b1!16s%2Fg%2F11ckvg1dmb?entry=ttu",ChIJTxFP1Q4tDogRud-OWUvjXTM,0x880e2d0ed54f114f:0x335de34b598edfb9,3701364381533003705,/g/11h8hzdkhd,3701364381533003705,,gathersteabar@gmail.com,RECEIVING,SMTP validated,,,,,,,,,,,,,,,,,,,,,,,,,,,,,,,,,,,,,,,,Gathers Tea Bar Chicago | Milk Tea. Matcha. Boba.,WordPress 6.2.2,"Gathers Tea Bar is created for the love of tea, and tea is often the center of social gatherings. Our mission is to cultivate our passion for tea throughout the community - bringing people together one cup at a time.",,False,False
"boba tea, 60644, Chicago, IL, US",TE'AMO Boba Bar,Teamo Boba Bar,http://www.teamobobabar.com/,"Bubble tea store, Cake shop, Coffee shop, Dessert shop, Donut shop, Organic food store",Bubble tea store,Bubble tea store,+1 312-777-9125,"Northbridge Mall Food Court on 4th Floor, 520 N Michigan Ave Suite 421, Chicago, IL 60611",Streeterville,"Northbridge Mall Food Court on 4th Floor, 520 N Michigan Ave Suite 421",Chicago,60611,Illinois,Illinois,United States of America,US,41.8916268,-87.6247825,892664c1e3bffff,America/Chicago,,False,4.4,613,"https://search.google.com/local/reviews?placeid=ChIJKa_JFNctDogRk90eP7lo2is&q=boba+tea,+60644,+Chicago,+IL,+US&authuser=0&hl=en&gl=US",,,50.0,11.0,35.0,89.0,428.0,717,https://lh3.googleusercontent.com/gps-cs-s/AB5caB9HONIRBJOHHjULezPtwprESNWDeov8QCahcI2r54VyM3K8-SvQOeQT0AkaDUrUtd5o8UoCf_06mWXBUwPkZ4U4HGYjIQc2qbGTOeZAM3PoaJtn2L929TYRikYod62RR1NxFke05w=w800-h500-k-no,https://lh3.googleusercontent.com/gps-cs-s/AB5caB9HONIRBJOHHjULezPtwprESNWDeov8QCahcI2r54VyM3K8-SvQOeQT0AkaDUrUtd5o8UoCf_06mWXBUwPkZ4U4HGYjIQc2qbGTOeZAM3PoaJtn2L929TYRikYod62RR1NxFke05w=w1600-h1000-k-no,,"{""Monday"": ""11AM-8PM"", ""Tuesday"": ""11AM-8PM"", ""Wednesday"": ""11AM-8PM"", ""Thursday"": ""11AM-8PM"", ""Friday"": ""11AM-8PM"", ""Saturday"": ""11AM-8PM"", ""Sunday"": ""11AM-8PM""}",Monday:11AM-8PM|Tuesday:11AM-8PM|Wednesday:11AM-8PM|Thursday:11AM-8PM|Friday:11AM-8PM|Saturday:11AM-8PM|Sunday:11AM-8PM,,,OPERATIONAL,"{""Service options"": {""Delivery"": true, ""Onsite services"": true, ""Takeout"": true, ""Dine-in"": true}, ""Highlights"": {""Great tea selection"": true}, ""Accessibility"": {""Wheelchair accessible entrance"": true, ""Wheelchair accessible restroom"": true}}",$$,,https://lh6.googleusercontent.com/-kcWHyW7IJJc/AAAAAAAAAAI/AAAAAAAAAAA/TeuX62uJEYI/s44-p-k-no-ns-nd/photo.jpg,Modern counter serve in the food court at The Shops at North Bridge for bubble tea & Asian eats.,,True,116271325249921485475,TE'AMO Boba Bar,https://www.google.com/maps/contrib/116271325249921485475,,,,,"https://www.google.com/maps/place/TE%27AMO+Boba+Bar/@41.8916268,-87.6247825,14z/data=!4m8!1m2!2m1!1sTE%27AMO+Boba+Bar!3m4!1s0x880e2dd714c9af29:0x2bda68b93f1edd93!8m2!3d41.8916268!4d-87.6247825","https://www.google.com/maps/place/TE%27AMO+Boba+Bar/@41.8916268,-87.6247825,13.99z/data=!4m16!1m7!3m6!1s0x880e2dd714c9af29:0x2bda68b93f1edd93!2sTE%27AMO+Boba+Bar!8m2!3d41.8916268!4d-87.6247825!16s%2Fg%2F11ckvg1dmb!3m7!1s0x880e2dd714c9af29:0x2bda68b93f1edd93!8m2!3d41.8916268!4d-87.6247825!9m1!1b1!16s%2Fg%2F11ckvg1dmb?entry=ttu",ChIJKa_JFNctDogRk90eP7lo2is,0x880e2dd714c9af29:0x2bda68b93f1edd93,3159953233391050131,/g/11f6g124t7,3159953233391050131,,share@teamobobabar.com,RECEIVING,SMTP validated,,,,,,,,,,,,,,,,,,,,,,13127596097,13125862308,13128578993,https://www.facebook.com/102449749429578,,,,,,,,,,,,,,,Organic Bubble Tea | TE'AMO BOBA BAR | United States,Wix.com Website Builder,"Te'amo Boba Bar is the first bubble tea&cake shop in the midwest to use all organic and all natural ingredients in all of our products. From organic bubble teas to handmade desserts, you will surely fall in love with our unique selection.",,False,False
"boba tea, 60644, Chicago, IL, US",Milkteaful,Milkteaful,https://milkteaful.square.site/,Bubble tea store,Bubble tea store,Bubble tea store,+1 708-223-0962,"3122 W North Ave, Stone Park, IL 60165",None,3122 W North Ave,Stone Park,60165,Illinois,Illinois,United States of America,US,41.907062599999996,-87.8720051,892664c929bffff,America/Chicago,,False,4.7,96,"https://search.google.com/local/reviews?placeid=ChIJzy1xC3u1D4gRFPBicf0tJo4&q=boba+tea,+60644,+Chicago,+IL,+US&authuser=0&hl=en&gl=US",,,3.0,2.0,0.0,9.0,82.0,206,https://lh3.googleusercontent.com/p/AF1QipPan0zuFDfnzx11asqSpHxB4kdMokQ3t-tKV_Mk=w800-h500-k-no,https://lh3.googleusercontent.com/p/AF1QipPan0zuFDfnzx11asqSpHxB4kdMokQ3t-tKV_Mk=w1600-h1000-k-no,,"{""Monday"": ""11:30AM-8:30PM"", ""Tuesday"": ""11:30AM-8:30PM"", ""Wednesday"": ""11:30AM-8:30PM"", ""Thursday"": ""11:30AM-8:30PM"", ""Friday"": ""11:30AM-8:30PM"", ""Saturday"": ""11:30AM-8:30PM"", ""Sunday"": ""11:30AM-8:30PM""}",Monday:11:30AM-8:30PM|Tuesday:11:30AM-8:30PM|Wednesday:11:30AM-8:30PM|Thursday:11:30AM-8:30PM|Friday:11:30AM-8:30PM|Saturday:11:30AM-8:30PM|Sunday:11:30AM-8:30PM,,,OPERATIONAL,"{""From the business"": {""Identifies as women-owned"": true}, ""Service options"": {""No-contact delivery"": true, ""Delivery"": true, ""Takeout"": true, ""Dine-in"": true}, ""Highlights"": {""Great tea selection"": true}, ""Accessibility"": {""Wheelchair accessible entrance"": true, ""Wheelchair accessible parking lot"": true, ""Wheelchair accessible restroom"": true}, ""Crowd"": {""LGBTQ+ friendly"": true}, ""Other"": {""LGBTQ+ friendly"": true, ""Identifies as women-owned"": true}}",$$,,https://lh6.googleusercontent.com/-BEItlyUtxCY/AAAAAAAAAAI/AAAAAAAAAAA/9a_hjCSjNCE/s44-p-k-no-ns-nd/photo.jpg,,,True,102910002695238116166,Milkteaful,https://www.google.com/maps/contrib/102910002695238116166,,"https://www.google.com/viewer/chooseprovider?mid=/g/11kr7xvjvv&g2lbs=AAEPWCvhmTWy0FBMz-uMBTFWOaTivddCpg2gf4tt1G5IZfprk3H75T7EoJuuv3trZQ5kk-RaLNH-NGdSw6AM_tGlWh-04qwlxQ%3D%3D&hl=en-US&gl=us&fo_m=MfohQo559jFvMUOzJVpjPL1YMfZ3bInYwBDuMfaXTPp5KXh-&utm_source=tactile&gei=q2wCaL7UE5P-7_UPnerG0Ak&ei=q2wCaL7UE5P-7_UPnerG0Ak&fo_s=OA,SOE&opi=79508299&ebb=1&cs=0&foub=mcpp",,,"https://www.google.com/maps/place/Milkteaful/@41.907062599999996,-87.8720051,14z/data=!4m8!1m2!2m1!1sMilkteaful!3m4!1s0x880fb57b0b712dcf:0x8e262dfd7162f014!8m2!3d41.907062599999996!4d-87.8720051","https://www.google.com/maps/place/Milkteaful/@41.907062599999996,-87.8720051,13.99z/data=!4m16!1m7!3m6!1s0x880fb57b0b712dcf:0x8e262dfd7162f014!2sMilkteaful!8m2!3d41.907062599999996!4d-87.8720051!16s%2Fg%2F11ckvg1dmb!3m7!1s0x880fb57b0b712dcf:0x8e262dfd7162f014!8m2!3d41.907062599999996!4d-87.8720051!9m1!1b1!16s%2Fg%2F11ckvg1dmb?entry=ttu",ChIJzy1xC3u1D4gRFPBicf0tJo4,0x880fb57b0b712dcf:0x8e262dfd7162f014,10242924969053057044,/g/11kr7xvjvv,-8203819104656494572,,hi@mystore.com,INVALID,Undeliverable,,,,,,,,,,,,,,,,,,,,,,,,,,,,,,,,,,,,,,,,,Square Online,,,False,False
"boba tea, 60644, Chicago, IL, US",Wonderful Matcha,Wonderful Matcha,http://wonderfulmatcha.com/,"Bubble tea store, Tea store, Herbal medicine store, Natural goods store",Tea store,Bubble tea store,+1 708-937-9225,"4 W Burlington Ave, La Grange, IL 60525",None,4 W Burlington Ave,La Grange,60525,Illinois,Illinois,United States of America,US,41.8156999,-87.8700324,892664536afffff,America/Chicago,,False,4.8,156,"https://search.google.com/local/reviews?placeid=ChIJtZ_ikQRJDogRyHKxDlmvso4&q=boba+tea,+60644,+Chicago,+IL,+US&authuser=0&hl=en&gl=US",,,4.0,1.0,2.0,2.0,147.0,119,https://lh3.googleusercontent.com/gps-cs-s/AB5caB9ub8Uj9EBAsSDoiVp0FhF8kDRezjY8X70ztaNtPximpd1LqV_YHzmI8cxYIjRRZ3B28pGXUHyD1w8-slOSu_WCTyr47fDvNjI1kE2kYPi8rOjq-OwzV_PYUxrJbgSkeOBjkWh7=w800-h500-k-no,https://lh3.googleusercontent.com/gps-cs-s/AB5caB9ub8Uj9EBAsSDoiVp0FhF8kDRezjY8X70ztaNtPximpd1LqV_YHzmI8cxYIjRRZ3B28pGXUHyD1w8-slOSu_WCTyr47fDvNjI1kE2kYPi8rOjq-OwzV_PYUxrJbgSkeOBjkWh7=w1600-h1000-k-no,,"{""Monday"": ""10AM-6PM"", ""Tuesday"": ""10AM-6PM"", ""Wednesday"": ""10AM-6PM"", ""Thursday"": ""10AM-6PM"", ""Friday"": ""10AM-6PM"", ""Saturday"": ""10AM-6PM"", ""Sunday"": ""10AM-6PM""}",Monday:10AM-6PM|Tuesday:10AM-6PM|Wednesday:10AM-6PM|Thursday:10AM-6PM|Friday:10AM-6PM|Saturday:10AM-6PM|Sunday:10AM-6PM,,,OPERATIONAL,"{""From the business"": {""Identifies as Asian-owned"": true, ""Identifies as women-owned"": true, ""Small business"": true}, ""Service options"": {""Delivery"": true, ""In-store pickup"": true, ""In-store shopping"": true, ""Onsite services"": true, ""Takeout"": true, ""Dine-in"": true, ""Same-day delivery"": false}, ""Accessibility"": {""Wheelchair accessible entrance"": true, ""Wheelchair accessible parking lot"": true, ""Wheelchair accessible restroom"": false, ""Wheelchair accessible seating"": false}, ""Amenities"": {""Wi-Fi"": true}, ""Crowd"": {""LGBTQ+ friendly"": true, ""Transgender safespace"": true}, ""Planning"": {""Quick visit"": true}, ""Payments"": {""Credit cards"": true, ""Debit cards"": true, ""NFC mobile payments"": true}, ""Other"": {""LGBTQ+ friendly"": true, ""Identifies as women-owned"": true, ""Identifies as Asian-owned"": true}}",,,https://lh4.googleusercontent.com/-WrxDaUPR5qI/AAAAAAAAAAI/AAAAAAAAAAA/SGY0QDSIRPM/s44-p-k-no-ns-nd/photo.jpg,,,True,118177687065478003928,Wonderful Matcha,https://www.google.com/maps/contrib/118177687065478003928,,,,,"https://www.google.com/maps/place/Wonderful+Matcha/@41.8156999,-87.8700324,14z/data=!4m8!1m2!2m1!1sWonderful+Matcha!3m4!1s0x880e490491e29fb5:0x8eb2af590eb172c8!8m2!3d41.8156999!4d-87.8700324","https://www.google.com/maps/place/Wonderful+Matcha/@41.8156999,-87.8700324,13.99z/data=!4m16!1m7!3m6!1s0x880e490491e29fb5:0x8eb2af590eb172c8!2sWonderful+Matcha!8m2!3d41.8156999!4d-87.8700324!16s%2Fg%2F11ckvg1dmb!3m7!1s0x880e490491e29fb5:0x8eb2af590eb172c8!8m2!3d41.8156999!4d-87.8700324!9m1!1b1!16s%2Fg%2F11ckvg1dmb?entry=ttu",ChIJtZ_ikQRJDogRyHKxDlmvso4,0x880e490491e29fb5:0x8eb2af590eb172c8,10282473696273724104,/g/11k7tzrbn3,-8164270377435827512,,info@wonderfulmatcha.com,RECEIVING,SMTP validated,,,,,,,,,,,,,,,,,,,,,,17089379225,,,https://www.facebook.com/wonderfulmatcha,https://www.instagram.com/wonderfulmatcha,,,,,,,,,,,,,,Wonderful Matcha,WordPress 5.7.5,"Monthly Ceremonial Matcha subscriptions. Matcha Snacks. Matcha Bath & Body. 
Organic loose leaf teas.",,False,False
"boba tea, 60644, Chicago, IL, US",Em Asian Corner,Em Asian Corner,https://www.emasiancorneril.com/,Coffee shop,coffee shops,Coffee shop,+1 708-442-9689,"7501 Cermak Rd, North Riverside, IL 60546",None,7501 Cermak Rd,North Riverside,60546,Illinois,Illinois,United States of America,US,41.8462524,-87.8108905,892664c9807ffff,America/Chicago,,False,4.5,11,"https://search.google.com/local/reviews?placeid=ChIJ_QIMcwA1DogRkeb-clXmi90&q=boba+tea,+60644,+Chicago,+IL,+US&authuser=0&hl=en&gl=US",,,1.0,0.0,0.0,1.0,9.0,35,https://lh3.googleusercontent.com/gps-cs-s/AB5caB_ZmLQ31y5ShAshdEAStzacQxHkXhixjJTgfWYVLXtDxsF7GcNth0COYJTZLayPOso7yudBs_nK8pTIUsy02wJQ6cfn1wiRlorp5glSpnYlTNsY7GsdckLw28419zhwQqVO4HAf=w800-h500-k-no,https://lh3.googleusercontent.com/gps-cs-s/AB5caB_ZmLQ31y5ShAshdEAStzacQxHkXhixjJTgfWYVLXtDxsF7GcNth0COYJTZLayPOso7yudBs_nK8pTIUsy02wJQ6cfn1wiRlorp5glSpnYlTNsY7GsdckLw28419zhwQqVO4HAf=w1600-h1000-k-no,,"{""Monday"": ""11AM-8PM"", ""Tuesday"": ""11AM-8PM"", ""Wednesday"": ""11AM-8PM"", ""Thursday"": ""11AM-8PM"", ""Friday"": ""11AM-8PM"", ""Saturday"": ""11:30AM-8PM"", ""Sunday"": ""11AM-6PM""}",Monday:11AM-8PM|Tuesday:11AM-8PM|Wednesday:11AM-8PM|Thursday:11AM-8PM|Friday:11AM-8PM|Saturday:11:30AM-8PM|Sunday:11AM-6PM,,,OPERATIONAL,"{""Service options"": {""Delivery"": true, ""Takeout"": true, ""Dine-in"": true}, ""Popular for"": {""Lunch"": true, ""Dinner"": true, ""Solo dining"": true}, ""Accessibility"": {""Wheelchair accessible entrance"": true, ""Wheelchair accessible parking lot"": true, ""Wheelchair accessible seating"": true}, ""Offerings"": {""Coffee"": true, ""Comfort food"": true, ""Quick bite"": true}, ""Dining options"": {""Lunch"": true, ""Dinner"": true, ""Dessert"": true}, ""Atmosphere"": {""Casual"": true, ""Trendy"": true}, ""Crowd"": {""Groups"": true}, ""Payments"": {""Credit cards"": true}, ""Children"": {""Good for kids"": true}, ""Parking"": {""Free parking lot"": true, ""Free street parking"": true, ""Parking"": true}}",$$,,https://lh4.googleusercontent.com/-ls2W-JnbIdg/AAAAAAAAAAI/AAAAAAAAAAA/SCnPNLje3Es/s44-p-k-no-ns-nd/photo.jpg,,,True,104956535461441963333,Em Asian Corner,https://www.google.com/maps/contrib/104956535461441963333,,"https://www.google.com/viewer/chooseprovider?mid=/g/11vstcngxs&g2lbs=AAEPWCuBPGUscsqV81WvgVLe-mOiGragoCec7Z-wgQ0UK0ske2FeOXb2EzGgOnZ7Y_JysiCbND8L394Sp8AZCEyaHKdPBAB2VQ%3D%3D&hl=en-US&gl=us&fo_m=MfohQo559jFvMUOzJVpjPL1YMfZ3bInYwBDuMfaXTPp5KXh-&utm_source=tactile&gei=q2wCaL7UE5P-7_UPnerG0Ak&ei=q2wCaL7UE5P-7_UPnerG0Ak&fo_s=OA,SOE&opi=79508299&ebb=1&cs=0&foub=mcpp",,,"https://www.google.com/maps/place/Em+Asian+Corner/@41.8462524,-87.8108905,14z/data=!4m8!1m2!2m1!1sEm+Asian+Corner!3m4!1s0x880e3500730c02fd:0xdd8be65572fee691!8m2!3d41.8462524!4d-87.8108905","https://www.google.com/maps/place/Em+Asian+Corner/@41.8462524,-87.8108905,13.99z/data=!4m16!1m7!3m6!1s0x880e3500730c02fd:0xdd8be65572fee691!2sEm+Asian+Corner!8m2!3d41.8462524!4d-87.8108905!16s%2Fg%2F11ckvg1dmb!3m7!1s0x880e3500730c02fd:0xdd8be65572fee691!8m2!3d41.8462524!4d-87.8108905!9m1!1b1!16s%2Fg%2F11ckvg1dmb?entry=ttu",ChIJ_QIMcwA1DogRkeb-clXmi90,0x880e3500730c02fd:0xdd8be65572fee691,15964106558820771473,/g/11vstcngxs,-2482637514888780143,,,,,,,,,,,,,,,,,,,,,,,,,,7084429689,,,,,,,,,,,,,,,,,,"EM ASIAN CORNER Restaurant - North Riverside, IL | Order Online | Sushi & Bubble Tea Takeout",,"We offer authentic and delicious tasting Sushi and Bubble Tea in North Riverside, IL. Order online for pickup and enjoy your favorite dishes in the comfort of your home.","em asian corner restaurant, em asian corner, em asian corner north riverside, em asian corner menu, north riverside japanese takeout, north riverside japanese food, north riverside japanese restaurants, japanese takeout, best japanese food in north riverside, japanese restaurants in north riverside, japanese restaurants near me, japanese food near me, north riverside sushi takeout, north riverside sushi, north riverside sushi restaurants, sushi takeout, best sushi in north riverside, sushi restaurants in north riverside, sushi restaurants near me, sushi near me, north riverside bubble tea takeout, north riverside bubble tea, north riverside bubble tea restaurants, bubble tea takeout, best bubble tea in north riverside, bubble tea restaurants in north riverside, bubble tea restaurants near me, bubble tea near me",False,True
"boba tea, 60644, Chicago, IL, US",Hello Jasmine-Lincoln Park,Hello Jasmine Lincoln Park,http://www.hellojasmineus.com/,"Bubble tea store, Fried chicken takeaway, Taiwanese restaurant",Bubble tea store,Bubble tea store,+1 773-687-9524,"953 W Webster Ave, Chicago, IL 60614",Sheffield Neighbors,953 W Webster Ave,Chicago,60614,Illinois,Illinois,United States of America,US,41.921573699999996,-87.6530523,892664c13dbffff,America/Chicago,,False,4.5,510,"https://search.google.com/local/reviews?placeid=ChIJDROp-TjTD4gRQ5qxxk59AQk&q=boba+tea,+60644,+Chicago,+IL,+US&authuser=0&hl=en&gl=US",,,29.0,20.0,12.0,42.0,407.0,818,https://lh3.googleusercontent.com/p/AF1QipPAlVjOeCTmsfvm7NgEkJ0YMJWleT_YVFgDgS1g=w800-h500-k-no,https://lh3.googleusercontent.com/p/AF1QipPAlVjOeCTmsfvm7NgEkJ0YMJWleT_YVFgDgS1g=w1600-h1000-k-no,,"{""Monday"": ""11AM-8PM"", ""Tuesday"": ""11AM-8PM"", ""Wednesday"": ""11AM-8PM"", ""Thursday"": ""11AM-8PM"", ""Friday"": ""11AM-8PM"", ""Saturday"": ""11AM-8PM"", ""Sunday"": ""11AM-8PM""}",Monday:11AM-8PM|Tuesday:11AM-8PM|Wednesday:11AM-8PM|Thursday:11AM-8PM|Friday:11AM-8PM|Saturday:11AM-8PM|Sunday:11AM-8PM,,,OPERATIONAL,"{""Service options"": {""No-contact delivery"": true, ""Delivery"": true, ""Onsite services"": true, ""Takeout"": true, ""Dine-in"": true}, ""Highlights"": {""Great tea selection"": true}, ""Accessibility"": {""Wheelchair accessible restroom"": true, ""Wheelchair accessible parking lot"": false}, ""Amenities"": {""Gender-neutral restroom"": true}, ""Crowd"": {""LGBTQ+ friendly"": true, ""Transgender safespace"": true}, ""Parking"": {""Paid street parking"": true}, ""Other"": {""LGBTQ+ friendly"": true}}",$$,,https://lh4.googleusercontent.com/-dhTxpPe2fbY/AAAAAAAAAAI/AAAAAAAAAAA/b36z4xRB6tY/s44-p-k-no-ns-nd/photo.jpg,,,True,106751191240023350184,Hello Jasmine-Lincoln Park,https://www.google.com/maps/contrib/106751191240023350184,,"https://www.google.com/viewer/chooseprovider?mid=/g/11hfx8rtgz&g2lbs=AAEPWCsUfW1vSb_6K-HCZUvx8vs5GYInIJoP2nkQZPY60FXWfG9N0qngFxMhYj5CfwKrxb8uUp8_8WCBGdsb04n0gPwBFv11rw%3D%3D&hl=en-US&gl=us&fo_m=MfohQo559jFvMUOzJVpjPL1YMfZ3bInYwBDuMfaXTPp5KXh-&utm_source=tactile&gei=q2wCaL7UE5P-7_UPnerG0Ak&ei=q2wCaL7UE5P-7_UPnerG0Ak&fo_s=OA,SOE&opi=79508299&ebb=1&cs=0&foub=mcpp",,,"https://www.google.com/maps/place/Hello+Jasmine-Lincoln+Park/@41.921573699999996,-87.6530523,14z/data=!4m8!1m2!2m1!1sHello+Jasmine-Lincoln+Park!3m4!1s0x880fd338f9a9130d:0x9017d4ec6b19a43!8m2!3d41.921573699999996!4d-87.6530523","https://www.google.com/maps/place/Hello+Jasmine-Lincoln+Park/@41.921573699999996,-87.6530523,13.99z/data=!4m16!1m7!3m6!1s0x880fd338f9a9130d:0x9017d4ec6b19a43!2sHello+Jasmine-Lincoln+Park!8m2!3d41.921573699999996!4d-87.6530523!16s%2Fg%2F11ckvg1dmb!3m7!1s0x880fd338f9a9130d:0x9017d4ec6b19a43!8m2!3d41.921573699999996!4d-87.6530523!9m1!1b1!16s%2Fg%2F11ckvg1dmb?entry=ttu",ChIJDROp-TjTD4gRQ5qxxk59AQk,0x880fd338f9a9130d:0x9017d4ec6b19a43,648937598612511299,/g/11hfx8rtgz,648937598612511299,,hellojasmine.lincolnpark@gmail.com,RECEIVING,SMTP validated,,,,,,hellojasmineus@gmail.com,RECEIVING,SMTP validated,,,,,,hellojasmine.lincolnsquare@gmail.com,INVALID,Cannot validate,,,,,,17736879524,,,https://www.facebook.com/105895687826459,,,,,,,,,,,,,,,Hello Jasmine | best taiwanese food in chicago,Wix.com Website Builder,Hello Jasmine proudly serves the best quality boba tea and Taiwanese food in Chicago.,,False,False
"boba tea, 60644, Chicago, IL, US",Hello Boba Truck,Hello Boba Truck,https://hellobobatruck.com/,"Corporate office, Bubble tea store",Corporate office,Corporate office,+1 224-266-0637,"7627 Lake St Suite 206, River Forest, IL 60305",None,7627 Lake St Suite 206,River Forest,60305,Illinois,Illinois,United States of America,US,41.8880559,-87.81586349999999,892664c9187ffff,America/Chicago,,False,4.6,16,"https://search.google.com/local/reviews?placeid=ChIJS5drKjrLD4gRLPvAs-df9F4&q=boba+tea,+60644,+Chicago,+IL,+US&authuser=0&hl=en&gl=US",,,1.0,0.0,1.0,1.0,13.0,59,https://lh3.googleusercontent.com/p/AF1QipN-FgGapIdZkBvMJPRY464PgtKSgG6C5hhVT3ag=w800-h500-k-no,https://lh3.googleusercontent.com/p/AF1QipN-FgGapIdZkBvMJPRY464PgtKSgG6C5hhVT3ag=w1600-h1000-k-no,,"{""Monday"": ""12-8:30PM"", ""Tuesday"": ""12-8:30PM"", ""Wednesday"": ""12-8:30PM"", ""Thursday"": ""12-8:30PM"", ""Friday"": ""12-8:30PM"", ""Saturday"": ""12-8:30PM"", ""Sunday"": ""12-8:30PM""}",Monday:12-8:30PM|Tuesday:12-8:30PM|Wednesday:12-8:30PM|Thursday:12-8:30PM|Friday:12-8:30PM|Saturday:12-8:30PM|Sunday:12-8:30PM,"[{""delivery"": {""Monday"": ""9 AM-5 PM"", ""Tuesday"": ""9 AM-5 PM"", ""Wednesday"": ""9 AM-5 PM"", ""Thursday"": ""9 AM-5 PM"", ""Friday"": ""9 AM-5 PM"", ""Saturday"": ""9 AM-5 PM"", ""Sunday"": ""9 AM-5 PM""}}, {""takeout"": {""Monday"": ""9 AM-5 PM"", ""Tuesday"": ""9 AM-5 PM"", ""Wednesday"": ""9 AM-5 PM"", ""Thursday"": ""9 AM-5 PM"", ""Friday"": ""9 AM-5 PM"", ""Saturday"": ""9 AM-5 PM"", ""Sunday"": ""9 AM-5 PM""}}]",,OPERATIONAL,"{""From the business"": {""Identifies as Latino-owned"": true, ""Identifies as women-owned"": true}, ""Service options"": {""Onsite services"": true}, ""Accessibility"": {""Wheelchair accessible entrance"": true, ""Wheelchair accessible parking lot"": true}, ""Crowd"": {""LGBTQ+ friendly"": true, ""Transgender safespace"": true}, ""Other"": {""LGBTQ+ friendly"": true, ""Identifies as women-owned"": true, ""Identifies as Latino-owned"": true}}",$,,https://lh4.googleusercontent.com/-Y8tSJ1toqw8/AAAAAAAAAAI/AAAAAAAAAAA/AmyM5rpGox8/s44-p-k-no-ns-nd/photo.jpg,,,True,110592362584627889061,Hello Boba Truck,https://www.google.com/maps/contrib/110592362584627889061,https://catering.roaminghunger.com/c/hello-boba/inquiry,https://catering.roaminghunger.com/c/hello-boba/inquiry,,https://catering.roaminghunger.com/c/hello-boba/inquiry,"https://www.google.com/maps/place/Hello+Boba+Truck/@41.8880559,-87.81586349999999,14z/data=!4m8!1m2!2m1!1sHello+Boba+Truck!3m4!1s0x880fcb3a2a6b974b:0x5ef45fe7b3c0fb2c!8m2!3d41.8880559!4d-87.81586349999999","https://www.google.com/maps/place/Hello+Boba+Truck/@41.8880559,-87.81586349999999,13.99z/data=!4m16!1m7!3m6!1s0x880fcb3a2a6b974b:0x5ef45fe7b3c0fb2c!2sHello+Boba+Truck!8m2!3d41.8880559!4d-87.81586349999999!16s%2Fg%2F11ckvg1dmb!3m7!1s0x880fcb3a2a6b974b:0x5ef45fe7b3c0fb2c!8m2!3d41.8880559!4d-87.81586349999999!9m1!1b1!16s%2Fg%2F11ckvg1dmb?entry=ttu",ChIJS5drKjrLD4gRLPvAs-df9F4,0x880fcb3a2a6b974b:0x5ef45fe7b3c0fb2c,6842199182640479020,/g/11v699lzcx,6842199182640479020,,info@hellobobatruck.com,BLACKLISTED,Cannot validate,,,,,,,,,,,,,,,,,,,,,,,,,,,,,,,,,,,,,,,,Hello Boba – Delicious Bubble tea Food Truck,"Elementor 3.15.3; features: e_dom_optimization, e_optimized_assets_loading, e_optimized_css_loading, additional_custom_breakpoints; settings: css_print_method-external, google_font-enabled, font_display-swap",,,False,False
"boba tea, 60644, Chicago, IL, US",Kung Fu Tea,Kung Fu Tea,https://kungfutea.com/,"Bubble tea store, Beverage distributor, Cafe, Chicken wings restaurant, Fast food restaurant",Bubble tea store,Bubble tea store,+1 773-654-3024,"4925 N Broadway Ste D, Chicago, IL 60640",Uptown,4925 N Broadway Ste D,Chicago,60640,Illinois,Illinois,United States of America,US,41.972259199999996,-87.6595565,892664d8953ffff,America/Chicago,,False,4.3,325,"https://search.google.com/local/reviews?placeid=ChIJbaJNGCvSD4gR5MrotuKIbXU&q=boba+tea,+60644,+Chicago,+IL,+US&authuser=0&hl=en&gl=US",,,17.0,11.0,33.0,71.0,193.0,376,https://lh3.googleusercontent.com/p/AF1QipOOHGkLBE_fhg-FP0cmdLQFHXhoLS9PbRwoHsbA=w800-h500-k-no,https://lh3.googleusercontent.com/p/AF1QipOOHGkLBE_fhg-FP0cmdLQFHXhoLS9PbRwoHsbA=w1600-h1000-k-no,,"{""Monday"": ""11AM-9PM"", ""Tuesday"": ""11AM-9PM"", ""Wednesday"": ""11AM-9PM"", ""Thursday"": ""11AM-9PM"", ""Friday"": ""11AM-9PM"", ""Saturday"": ""11AM-9PM"", ""Sunday"": ""11AM-9PM""}",Monday:11AM-9PM|Tuesday:11AM-9PM|Wednesday:11AM-9PM|Thursday:11AM-9PM|Friday:11AM-9PM|Saturday:11AM-9PM|Sunday:11AM-9PM,,,OPERATIONAL,"{""Service options"": {""Delivery"": true, ""Onsite services"": true, ""Takeout"": true, ""Dine-in"": true}, ""Highlights"": {""Great tea selection"": true}, ""Accessibility"": {""Wheelchair accessible entrance"": true, ""Wheelchair accessible restroom"": true}}",$,,https://lh4.googleusercontent.com/-kwuwTyuNjjw/AAAAAAAAAAI/AAAAAAAAAAA/wcwdoYhiGSQ/s44-p-k-no-ns-nd/photo.jpg,"Bubble tea specialist with a selection of other hot & cold drinks, including coffee & slushes.",,True,101359852443635491660,Kung Fu Tea,https://www.google.com/maps/contrib/101359852443635491660,,"https://www.google.com/viewer/chooseprovider?mid=/g/11bv6l7njz&g2lbs=AAEPWCsaWi4XQsNBF6B-FBM-Z6SlY45IAyKIBYXW0hQfxtcyEufqZzm_ctLQM-gGJ6yqEf62QfmsIFItZMdzzEmNn_qPAh6MLg%3D%3D&hl=en-US&gl=us&fo_m=MfohQo559jFvMUOzJVpjPL1YMfZ3bInYwBDuMfaXTPp5KXh-&utm_source=tactile&gei=q2wCaL7UE5P-7_UPnerG0Ak&ei=q2wCaL7UE5P-7_UPnerG0Ak&fo_s=OA,SOE&opi=79508299&ebb=1&cs=0&foub=mcpp",,,"https://www.google.com/maps/place/Kung+Fu+Tea/@41.972259199999996,-87.6595565,14z/data=!4m8!1m2!2m1!1sKung+Fu+Tea!3m4!1s0x880fd22b184da26d:0x756d88e2b6e8cae4!8m2!3d41.972259199999996!4d-87.6595565","https://www.google.com/maps/place/Kung+Fu+Tea/@41.972259199999996,-87.6595565,13.99z/data=!4m16!1m7!3m6!1s0x880fd22b184da26d:0x756d88e2b6e8cae4!2sKung+Fu+Tea!8m2!3d41.972259199999996!4d-87.6595565!16s%2Fg%2F11ckvg1dmb!3m7!1s0x880fd22b184da26d:0x756d88e2b6e8cae4!8m2!3d41.972259199999996!4d-87.6595565!9m1!1b1!16s%2Fg%2F11ckvg1dmb?entry=ttu",ChIJbaJNGCvSD4gR5MrotuKIbXU,0x880fd22b184da26d:0x756d88e2b6e8cae4,8461569782211726052,/g/11bv6l7njz,8461569782211726052,,support@armsglobalinc.com,RECEIVING,Role,,,,,,marketing@kfteausa.com,RECEIVING,SMTP validated,,,,,,delivery_help@grubhub.com,RECEIVING,SMTP validated,,,,,,+1 724-544-6367,+1 855-538-9888,15402175182,https://www.facebook.com/kungfuteausa/,https://www.instagram.com/kungfuteausa,https://www.linkedin.com/company/kung-fu-tea,https://www.tiktok.com/@kungfutea,,,,,,,https://twitter.com/kfteausa,,,,,Menu — Kung Fu Tea | Fresh - Innovative - Fearless leading tea brand,WordPress 6.3,"Menu At Kung Fu Tea, every beverage is made-to-order with real Kung Fu. Our tea is freshly brewed every 3 hours using premium tea leaves. You can choose from classic teas, milk teas, fruit teas, slushies and more. Each drink is customized by you! You get to pick your toppings,…",,False,True
"boba tea, 60644, Chicago, IL, US",AUTEA SWEETS & EATS,Autea Sweets And Eats,https://www.auteasweets.com/,"Bubble tea store, Chop bar",Bubble tea store,Bubble tea store,+1 312-292-7102,"2026 S Clark St UNIT A&B, Chicago, IL 60616",South Loop,2026 S Clark St UNIT A&B,Chicago,60616,Illinois,Illinois,United States of America,US,41.8544706,-87.63030289999999,892664cf4b7ffff,America/Chicago,,False,4.2,125,"https://search.google.com/local/reviews?placeid=ChIJ7zEBgY4tDogRuOuZwpoBrac&q=boba+tea,+60644,+Chicago,+IL,+US&authuser=0&hl=en&gl=US",,,14.0,5.0,6.0,16.0,84.0,1128,https://lh3.googleusercontent.com/gps-proxy/ALd4DhGT_4KeFDA_8ZW-c0I8l3M-D_bMVGQJqPMY5x1x1pTGWWpgYUfTSqzBoO0DctdydF5sBp1SVCKqrbXqy5L9I80mHUQkKeD0RkVGA2r4pDKmRYg7YJjGLLqpUKzboNXZ2xGnEa24wa4Zfrsjv3KHfnlW5PIT9NLqgNmbT6S4HuHXj4GaG_G2rosWQg=w800-h500-k-no,https://lh3.googleusercontent.com/gps-proxy/ALd4DhGT_4KeFDA_8ZW-c0I8l3M-D_bMVGQJqPMY5x1x1pTGWWpgYUfTSqzBoO0DctdydF5sBp1SVCKqrbXqy5L9I80mHUQkKeD0RkVGA2r4pDKmRYg7YJjGLLqpUKzboNXZ2xGnEa24wa4Zfrsjv3KHfnlW5PIT9NLqgNmbT6S4HuHXj4GaG_G2rosWQg=w1600-h1000-k-no,,"{""Monday"": ""11:30AM-10PM"", ""Tuesday"": ""11:30AM-10PM"", ""Wednesday"": ""11:30AM-10PM"", ""Thursday"": ""11:30AM-10PM"", ""Friday"": ""11:30AM-10:30PM"", ""Saturday"": ""11:30AM-10:30PM"", ""Sunday"": ""11:30AM-10:30PM""}",Monday:11:30AM-10PM|Tuesday:11:30AM-10PM|Wednesday:11:30AM-10PM|Thursday:11:30AM-10PM|Friday:11:30AM-10:30PM|Saturday:11:30AM-10:30PM|Sunday:11:30AM-10:30PM,,,OPERATIONAL,"{""Service options"": {""Curbside pickup"": true, ""Delivery"": true, ""Takeout"": true, ""Dine-in"": true}, ""Highlights"": {""Great tea selection"": true}, ""Amenities"": {""Gender-neutral restroom"": true}, ""Parking"": {""Free parking lot"": true}}",$$,,https://lh3.googleusercontent.com/-MtA7H0tpr_U/AAAAAAAAAAI/AAAAAAAAAAA/Lb66a4JQAjk/s44-p-k-no-ns-nd/photo.jpg,,,True,117247405228106081863,AUTEA SWEETS & EATS,https://www.google.com/maps/contrib/117247405228106081863,,"https://www.google.com/viewer/chooseprovider?mid=/g/11sv9xhjdl&g2lbs=AAEPWCvhVY0iDMC_2qM0VZmy9tQFGrXjnAT9AyqRvJ6Wl75l6v0Mm5KBtlcwJVKOp8SWOCEI38TYMbIACpKwNYIKtPNEfumCDw%3D%3D&hl=en-US&gl=us&fo_m=MfohQo559jFvMUOzJVpjPL1YMfZ3bInYwBDuMfaXTPp5KXh-&utm_source=tactile&gei=q2wCaL7UE5P-7_UPnerG0Ak&ei=q2wCaL7UE5P-7_UPnerG0Ak&fo_s=OA,SOE&opi=79508299&ebb=1&cs=0&foub=mcpp",,,"https://www.google.com/maps/place/AUTEA+SWEETS+%26+EATS/@41.8544706,-87.63030289999999,14z/data=!4m8!1m2!2m1!1sAUTEA+SWEETS+%26+EATS!3m4!1s0x880e2d8e810131ef:0xa7ad019ac299ebb8!8m2!3d41.8544706!4d-87.63030289999999","https://www.google.com/maps/place/AUTEA+SWEETS+%26+EATS/@41.8544706,-87.63030289999999,13.99z/data=!4m16!1m7!3m6!1s0x880e2d8e810131ef:0xa7ad019ac299ebb8!2sAUTEA+SWEETS+%26+EATS!8m2!3d41.8544706!4d-87.63030289999999!16s%2Fg%2F11ckvg1dmb!3m7!1s0x880e2d8e810131ef:0xa7ad019ac299ebb8!8m2!3d41.8544706!4d-87.63030289999999!9m1!1b1!16s%2Fg%2F11ckvg1dmb?entry=ttu",ChIJ7zEBgY4tDogRuOuZwpoBrac,0x880e2d8e810131ef:0xa7ad019ac299ebb8,12082315139506367416,/g/11sv9xhjdl,-6364428934203184200,,info@beyondmenu.com,RECEIVING,Catch All,,,,,,,,,,,,,,,,,,,,,,3127091335,13127091335,3122927102,,,,,,,,,,,,,,,,Order Authentic Chinese Online | AUTEA SWEETS & EATS - Pickup Available,,"Experience the best authentic and delicious Chinese at AUTEA SWEETS & EATS. View our hours, explore our menu, and order online for convenient pickup near you!",,False,False
"boba tea, 60644, Chicago, IL, US",TSAoCAA Tea Lakeview,Tsaocaa Tea Lakeview,https://www.tsaocaail.com/,Bubble tea store,Bubble tea store,Bubble tea store,+1 312-392-2223,"3139 N Broadway, Chicago, IL 60657",Lake View,3139 N Broadway,Chicago,60657,Illinois,Illinois,United States of America,US,41.9388188,-87.64414269999999,892664c10c3ffff,America/Chicago,,False,4.7,107,"https://search.google.com/local/reviews?placeid=ChIJ_31DmSDTD4gRASsAT1j1HXI&q=boba+tea,+60644,+Chicago,+IL,+US&authuser=0&hl=en&gl=US",,,4.0,3.0,2.0,3.0,95.0,442,https://lh3.googleusercontent.com/gps-proxy/ALd4DhEXvjt1aJDAlwJJupsE5DXBNMvx8TMIEBEh-4y7BBQo2gLev6UaC--aj8zHgjruHA-kxeXdPp32OzVfyeG2BBtb1L_8EaquhIx4XIUCr47dEo3S0kBS91LkYNuKCKuiwcGq90PstJ4MKE_KBpBG0jPspFwCA1Od02V1JqF_yzo1O6R43H1Xqpog=w800-h500-k-no,https://lh3.googleusercontent.com/gps-proxy/ALd4DhEXvjt1aJDAlwJJupsE5DXBNMvx8TMIEBEh-4y7BBQo2gLev6UaC--aj8zHgjruHA-kxeXdPp32OzVfyeG2BBtb1L_8EaquhIx4XIUCr47dEo3S0kBS91LkYNuKCKuiwcGq90PstJ4MKE_KBpBG0jPspFwCA1Od02V1JqF_yzo1O6R43H1Xqpog=w1600-h1000-k-no,,"{""Monday"": ""12-9:30PM"", ""Tuesday"": ""12-9:30PM"", ""Wednesday"": ""12-9:30PM"", ""Thursday"": ""12-9:30PM"", ""Friday"": ""12-10PM"", ""Saturday"": ""12-10PM"", ""Sunday"": ""12-9:30PM""}",Monday:12-9:30PM|Tuesday:12-9:30PM|Wednesday:12-9:30PM|Thursday:12-9:30PM|Friday:12-10PM|Saturday:12-10PM|Sunday:12-9:30PM,,,OPERATIONAL,"{""Service options"": {""Delivery"": true, ""Onsite services"": true, ""Takeout"": true, ""Dine-in"": true}, ""Highlights"": {""Great tea selection"": true}, ""Crowd"": {""LGBTQ+ friendly"": true, ""Transgender safespace"": true}, ""Other"": {""LGBTQ+ friendly"": true}}",$,,https://lh5.googleusercontent.com/-1d6hk69UGUw/AAAAAAAAAAI/AAAAAAAAAAA/gzpAomo10jk/s44-p-k-no-ns-nd/photo.jpg,,,True,109088983888170707661,TSAoCAA Tea Lakeview,https://www.google.com/maps/contrib/109088983888170707661,,"https://www.google.com/viewer/chooseprovider?mid=/g/11vql2s_7y&g2lbs=AAEPWCuk9cYk2lCPZf9Bpno8_5xQhIPFo7SQZGVPxN8VmEr8hmnnD_VNziEtdQlNsANVWaQRdsj3uSmRtBfoC346MFbzPWGq4A%3D%3D&hl=en-US&gl=us&fo_m=MfohQo559jFvMUOzJVpjPL1YMfZ3bInYwBDuMfaXTPp5KXh-&utm_source=tactile&gei=q2wCaL7UE5P-7_UPnerG0Ak&ei=q2wCaL7UE5P-7_UPnerG0Ak&fo_s=OA,SOE&opi=79508299&ebb=1&cs=0&foub=mcpp",,,"https://www.google.com/maps/place/TSAoCAA+Tea+Lakeview/@41.9388188,-87.64414269999999,14z/data=!4m8!1m2!2m1!1sTSAoCAA+Tea+Lakeview!3m4!1s0x880fd32099437dff:0x721df5584f002b01!8m2!3d41.9388188!4d-87.64414269999999","https://www.google.com/maps/place/TSAoCAA+Tea+Lakeview/@41.9388188,-87.64414269999999,13.99z/data=!4m16!1m7!3m6!1s0x880fd32099437dff:0x721df5584f002b01!2sTSAoCAA+Tea+Lakeview!8m2!3d41.9388188!4d-87.64414269999999!16s%2Fg%2F11ckvg1dmb!3m7!1s0x880fd32099437dff:0x721df5584f002b01!8m2!3d41.9388188!4d-87.64414269999999!9m1!1b1!16s%2Fg%2F11ckvg1dmb?entry=ttu",ChIJ_31DmSDTD4gRASsAT1j1HXI,0x880fd32099437dff:0x721df5584f002b01,8222998254279731969,/g/11vql2s_7y,8222998254279731969,,tsaocaa.tea@gmail.com,RECEIVING,SMTP validated,,,,,,,,,,,,,,,,,,,,,,,,,https://facebook.com/TsaocaaTeaChicago/,https://www.instagram.com/tsaocaa_chicago,,,,,,,,,https://twitter.com/tsaocaa,,,,,朝茶TSAoCAA,,"As the story goes - there was a group of people that
                      found it extremely difficult to be able to drink a good cup of pure tea
                      which not only tasted great but consisted of pure/natural ingredients.
                      Therefore, this group decided to make “A Pure Cup of Good Tea” which was
                      similar to pure tea they desired , and they decided to establish a milk tea
                      shop they liked..",,,
"boba tea, 60644, Chicago, IL, US",Boba Heaven Lincoln Ave,Boba Heaven Lincoln Ave,https://visitbobaheaven.com/,Bubble tea store,Bubble tea store,Bubble tea store,+1 773-270-6129,"2233 N Lincoln Ave, Chicago, IL 60614",Mid-North District,2233 N Lincoln Ave,Chicago,60614,Illinois,Illinois,United States of America,US,41.9228125,-87.6447307,892664c106fffff,America/Chicago,,False,4.7,95,"https://search.google.com/local/reviews?placeid=ChIJf0yzDF3TD4gR2LpzP_ji8_M&q=boba+tea,+60644,+Chicago,+IL,+US&authuser=0&hl=en&gl=US",,,4.0,3.0,0.0,2.0,86.0,84,https://lh3.googleusercontent.com/gps-proxy/ALd4DhGlDpw_EKC9auSZbvhgZ_dS9TRSIfsR-OJEBXF-7heaTKzoxcVgeeM5CKC1nexAchtlQKnY2iM1acdCh8ZgKv8pTJ_qazCjSWq0wxLcUZ54MQoW2p_AlXustdzWeQBV_8cPhrgHgAzj7ZGiYfGGzsjcuF4Sv_IZBMQ3qEfctgLlVBil2XqL6Kci=w800-h500-k-no,https://lh3.googleusercontent.com/gps-proxy/ALd4DhGlDpw_EKC9auSZbvhgZ_dS9TRSIfsR-OJEBXF-7heaTKzoxcVgeeM5CKC1nexAchtlQKnY2iM1acdCh8ZgKv8pTJ_qazCjSWq0wxLcUZ54MQoW2p_AlXustdzWeQBV_8cPhrgHgAzj7ZGiYfGGzsjcuF4Sv_IZBMQ3qEfctgLlVBil2XqL6Kci=w1600-h1000-k-no,,"{""Monday"": ""12-10PM"", ""Tuesday"": ""12-10PM"", ""Wednesday"": ""12-10PM"", ""Thursday"": ""12-10PM"", ""Friday"": ""12-11PM"", ""Saturday"": ""12-11PM"", ""Sunday"": ""12-11PM""}",Monday:12-10PM|Tuesday:12-10PM|Wednesday:12-10PM|Thursday:12-10PM|Friday:12-11PM|Saturday:12-11PM|Sunday:12-11PM,,,OPERATIONAL,"{""Service options"": {""Takeout"": true, ""Dine-in"": true}, ""Highlights"": {""Great tea selection"": true}}",,,https://lh5.googleusercontent.com/-clfkET0ea8A/AAAAAAAAAAI/AAAAAAAAAAA/QQC0_6OMtR4/s44-p-k-no-ns-nd/photo.jpg,,,True,114122131499273222565,Boba Heaven Lincoln Ave,https://www.google.com/maps/contrib/114122131499273222565,,"https://www.google.com/viewer/chooseprovider?mid=/g/11lntqqpmd&g2lbs=AAEPWCsSbqeC1GneraDKNlF-M3T4nvM1eieLgwjf9NY9sAFZg-XcIz5aWqUzVMPfTJky3E8SjT_n-e1G9S3licKuxomYSZigFw%3D%3D&hl=en-US&gl=us&fo_m=MfohQo559jFvMUOzJVpjPL1YMfZ3bInYwBDuMfaXTPp5KXh-&utm_source=tactile&gei=q2wCaL7UE5P-7_UPnerG0Ak&ei=q2wCaL7UE5P-7_UPnerG0Ak&fo_s=OA,SOE&opi=79508299&ebb=1&cs=0&foub=mcpp",,,"https://www.google.com/maps/place/Boba+Heaven+Lincoln+Ave/@41.9228125,-87.6447307,14z/data=!4m8!1m2!2m1!1sBoba+Heaven+Lincoln+Ave!3m4!1s0x880fd35d0cb34c7f:0xf3f3e2f83f73bad8!8m2!3d41.9228125!4d-87.6447307","https://www.google.com/maps/place/Boba+Heaven+Lincoln+Ave/@41.9228125,-87.6447307,13.99z/data=!4m16!1m7!3m6!1s0x880fd35d0cb34c7f:0xf3f3e2f83f73bad8!2sBoba+Heaven+Lincoln+Ave!8m2!3d41.9228125!4d-87.6447307!16s%2Fg%2F11ckvg1dmb!3m7!1s0x880fd35d0cb34c7f:0xf3f3e2f83f73bad8!8m2!3d41.9228125!4d-87.6447307!9m1!1b1!16s%2Fg%2F11ckvg1dmb?entry=ttu",ChIJf0yzDF3TD4gR2LpzP_ji8_M,0x880fd35d0cb34c7f:0xf3f3e2f83f73bad8,17578643326401493720,/g/11lntqqpmd,-868100747308057896,,,,,,,,,,,,,,,,,,,,,,,,,,,,,,,,,,,,,,,,,,,,Boba Heaven |,Divi v.4.27.4,,,False,False
"boba tea, 60644, Chicago, IL, US",Hello Jasmine,Hello Jasmine,https://www.hellojasmineus.com/,"Bubble tea store, Taiwanese restaurant, Fried chicken takeaway, Restaurant, Tea house",restaurants,Bubble tea store,+1 312-988-0920,"2026 S Clark St unit c, Chicago, IL 60616",South Loop,2026 S Clark St unit c,Chicago,60616,Illinois,Illinois,United States of America,US,41.854548699999995,-87.6302911,892664cf4b7ffff,America/Chicago,,False,4.6,749,"https://search.google.com/local/reviews?placeid=ChIJhWJM8_UtDogRxb9RfF0IwKs&q=boba+tea,+60644,+Chicago,+IL,+US&authuser=0&hl=en&gl=US",,,31.0,8.0,43.0,94.0,573.0,1172,https://lh3.googleusercontent.com/p/AF1QipPNg3ibuLLcDCJhEb78mLoxzyc_VEiOgfCQ5kvN=w800-h500-k-no,https://lh3.googleusercontent.com/p/AF1QipPNg3ibuLLcDCJhEb78mLoxzyc_VEiOgfCQ5kvN=w1600-h1000-k-no,,"{""Monday"": ""11AM-8:30PM"", ""Tuesday"": ""11AM-8:30PM"", ""Wednesday"": ""11AM-8:30PM"", ""Thursday"": ""11AM-8:30PM"", ""Friday"": ""11AM-9:30PM"", ""Saturday"": ""11AM-9:30PM"", ""Sunday"": ""11AM-9PM""}",Monday:11AM-8:30PM|Tuesday:11AM-8:30PM|Wednesday:11AM-8:30PM|Thursday:11AM-8:30PM|Friday:11AM-9:30PM|Saturday:11AM-9:30PM|Sunday:11AM-9PM,,,OPERATIONAL,"{""Service options"": {""Outdoor seating"": true, ""Delivery"": true, ""Onsite services"": true, ""Takeout"": true, ""Dine-in"": true}, ""Popular for"": {""Lunch"": true, ""Dinner"": true, ""Solo dining"": true}, ""Accessibility"": {""Wheelchair accessible entrance"": true, ""Wheelchair accessible restroom"": true, ""Wheelchair accessible seating"": true}, ""Offerings"": {""Comfort food"": true, ""Quick bite"": true, ""Small plates"": true}, ""Dining options"": {""Lunch"": true, ""Dinner"": true, ""Catering"": true, ""Dessert"": true, ""Seating"": true}, ""Amenities"": {""Restroom"": true}, ""Atmosphere"": {""Casual"": true, ""Trendy"": true}, ""Crowd"": {""College students"": true, ""Groups"": true, ""Tourists"": true}, ""Planning"": {""Accepts reservations"": false}, ""Payments"": {""Credit cards"": true, ""Debit cards"": true, ""NFC mobile payments"": true}, ""Children"": {""Good for kids"": true}, ""Parking"": {""Free parking lot"": true, ""Parking"": true}}",$,,https://lh5.googleusercontent.com/-L__v3fLOT8E/AAAAAAAAAAI/AAAAAAAAAAA/4UQZMycddM8/s44-p-k-no-ns-nd/photo.jpg,"Casual, compact outpost serving Taiwanese street fare & bento boxes, plus fruit & milk bubble tea.",,True,111950556514466729647,Hello Jasmine,https://www.google.com/maps/contrib/111950556514466729647,,"https://www.google.com/viewer/chooseprovider?mid=/g/11h0_p45tr&g2lbs=AAEPWCvZt_3D58AQRYrMN9fSCrlvAf_K9xPk_I7zIwo5rxMPzmamJ7hAF3YPkNphLdCTp4MR8m5eQVex2zxAN__XUyifd4C4RA%3D%3D&hl=en-US&gl=us&fo_m=MfohQo559jFvMUOzJVpjPL1YMfZ3bInYwBDuMfaXTPp5KXh-&utm_source=tactile&gei=q2wCaL7UE5P-7_UPnerG0Ak&ei=q2wCaL7UE5P-7_UPnerG0Ak&fo_s=OA,SOE&opi=79508299&ebb=1&cs=0&foub=mcpp",,,"https://www.google.com/maps/place/Hello+Jasmine/@41.854548699999995,-87.6302911,14z/data=!4m8!1m2!2m1!1sHello+Jasmine!3m4!1s0x880e2df5f34c6285:0xabc0085d7c51bfc5!8m2!3d41.854548699999995!4d-87.6302911","https://www.google.com/maps/place/Hello+Jasmine/@41.854548699999995,-87.6302911,13.99z/data=!4m16!1m7!3m6!1s0x880e2df5f34c6285:0xabc0085d7c51bfc5!2sHello+Jasmine!8m2!3d41.854548699999995!4d-87.6302911!16s%2Fg%2F11ckvg1dmb!3m7!1s0x880e2df5f34c6285:0xabc0085d7c51bfc5!8m2!3d41.854548699999995!4d-87.6302911!9m1!1b1!16s%2Fg%2F11ckvg1dmb?entry=ttu",ChIJhWJM8_UtDogRxb9RfF0IwKs,0x880e2df5f34c6285:0xabc0085d7c51bfc5,12375900973624836037,/g/11h0_p45tr,-6070843100084715579,,hellojasmine.lincolnpark@gmail.com,RECEIVING,SMTP validated,,,,,,hellojasmineus@gmail.com,RECEIVING,SMTP validated,,,,,,hellojasmine.lincolnsquare@gmail.com,INVALID,Cannot validate,,,,,,17736879524,,,https://www.facebook.com/105895687826459,,,,,,,,,,,,,,,Hello Jasmine | best taiwanese food in chicago,Wix.com Website Builder,Hello Jasmine proudly serves the best quality boba tea and Taiwanese food in Chicago.,,False,False
"boba tea, 60644, Chicago, IL, US",Boba Heaven,Boba Heaven,http://visitbobaheaven.com/,Bubble tea store,Bubble tea store,Bubble tea store,+1 708-716-3674,"3153 N Thatcher Ave, River Grove, IL 60171",None,3153 N Thatcher Ave,River Grove,60171,Illinois,Illinois,United States of America,US,41.9369569,-87.8333127,892664cb273ffff,America/Chicago,,False,4.3,104,"https://search.google.com/local/reviews?placeid=ChIJE9uQFL3LD4gRbquUqLyhYfM&q=boba+tea,+60644,+Chicago,+IL,+US&authuser=0&hl=en&gl=US",,,14.0,4.0,3.0,3.0,80.0,78,https://lh3.googleusercontent.com/gps-proxy/ALd4DhEats6zTOfnJ1JM_POgYe-qG2r_4dyCj-GXNfkc1hLGGaifwhCTf3t8T43YbcS0asLv11aFUuH4MumUgsfye2xey5AUoFrHOn1VEMomXOqwnjx1agKaYVjP3zC7isnpmNq2TmeDDLw5hSTGFPq3MXoYxqvkGMMzFxVNg9NUhwFJz1E2FmSPt9PBFg=w800-h500-k-no,https://lh3.googleusercontent.com/gps-proxy/ALd4DhEats6zTOfnJ1JM_POgYe-qG2r_4dyCj-GXNfkc1hLGGaifwhCTf3t8T43YbcS0asLv11aFUuH4MumUgsfye2xey5AUoFrHOn1VEMomXOqwnjx1agKaYVjP3zC7isnpmNq2TmeDDLw5hSTGFPq3MXoYxqvkGMMzFxVNg9NUhwFJz1E2FmSPt9PBFg=w1600-h1000-k-no,,"{""Monday"": ""11AM-10PM"", ""Tuesday"": ""11AM-10PM"", ""Wednesday"": ""11AM-10PM"", ""Thursday"": ""11AM-10PM"", ""Friday"": ""11AM-12AM"", ""Saturday"": ""11AM-12AM"", ""Sunday"": ""11AM-10PM""}",Monday:11AM-10PM|Tuesday:11AM-10PM|Wednesday:11AM-10PM|Thursday:11AM-10PM|Friday:11AM-12AM|Saturday:11AM-12AM|Sunday:11AM-10PM,,,OPERATIONAL,"{""Service options"": {""Curbside pickup"": true, ""Delivery"": true, ""Takeout"": true, ""Dine-in"": true}, ""Highlights"": {""Great tea selection"": true}, ""Accessibility"": {""Wheelchair accessible parking lot"": true}}",$,,https://lh5.googleusercontent.com/-Lplh4aR-oCc/AAAAAAAAAAI/AAAAAAAAAAA/v_YZiZqkITk/s44-p-k-no-ns-nd/photo.jpg,,,True,103346526901947976876,Boba Heaven,https://www.google.com/maps/contrib/103346526901947976876,,"https://www.google.com/viewer/chooseprovider?mid=/g/11vqvzgj7y&g2lbs=AAEPWCuGBYiINeeByx639ifCHbR5h6KzpW02UU_ZOKeSogKJOSeRLQaBPOksw-6fmXFG_XKVQ6ZEwBvqnEbclibHXcdKOoMNLg%3D%3D&hl=en-US&gl=us&fo_m=MfohQo559jFvMUOzJVpjPL1YMfZ3bInYwBDuMfaXTPp5KXh-&utm_source=tactile&gei=rWwCaLiPINO6i-gP1N240As&ei=rWwCaLiPINO6i-gP1N240As&fo_s=OA,SOE&opi=79508299&ebb=1&cs=0&foub=mcpp",,,"https://www.google.com/maps/place/Boba+Heaven/@41.9369569,-87.8333127,14z/data=!4m8!1m2!2m1!1sBoba+Heaven!3m4!1s0x880fcbbd1490db13:0xf361a1bca894ab6e!8m2!3d41.9369569!4d-87.8333127","https://www.google.com/maps/place/Boba+Heaven/@41.9369569,-87.8333127,13.99z/data=!4m16!1m7!3m6!1s0x880fcbbd1490db13:0xf361a1bca894ab6e!2sBoba+Heaven!8m2!3d41.9369569!4d-87.8333127!16s%2Fg%2F11ckvg1dmb!3m7!1s0x880fcbbd1490db13:0xf361a1bca894ab6e!8m2!3d41.9369569!4d-87.8333127!9m1!1b1!16s%2Fg%2F11ckvg1dmb?entry=ttu",ChIJE9uQFL3LD4gRbquUqLyhYfM,0x880fcbbd1490db13:0xf361a1bca894ab6e,17537476255611661166,/g/11vqvzgj7y,-909267818097890450,,,,,,,,,,,,,,,,,,,,,,,,,,,,,,,,,,,,,,,,,,,,Boba Heaven |,Divi v.4.27.4,,,False,False
"boba tea, 60644, Chicago, IL, US",Tiger Sugar,Tiger Sugar,https://www.tigersugarchicago.com/,Tea house,Tea house,Tea house,+1 312-285-2062,"2116 S Archer Ave 1st Floor, Chicago, IL 60616",Armour Square,2116 S Archer Ave 1st Floor,Chicago,60616,Illinois,Illinois,United States of America,US,41.854408299999996,-87.632638,892664cf4a3ffff,America/Chicago,,False,4.1,429,"https://search.google.com/local/reviews?placeid=ChIJQ_PEzC4tDogRbLrEDdZDF_c&q=boba+tea,+60644,+Chicago,+IL,+US&authuser=0&hl=en&gl=US",,,54.0,26.0,30.0,53.0,266.0,613,https://lh3.googleusercontent.com/gps-proxy/ALd4DhFd-6aR2EtrN3uob2hCkxT2neVFmRokUXkwy1j-RD-3UelOu6OUVMX97WghlMKvA7_FIvslRTfJjhKfQxozcUw0lsOtR1WTsVLZEEvtymhfFh505TAzDYYYnh9rEyjuacthYGAFHAowI5TKYWNc8oq3Fln0by9aO_IH-YbmUU25gj34DL1tvYk4aw=w800-h500-k-no,https://lh3.googleusercontent.com/gps-proxy/ALd4DhFd-6aR2EtrN3uob2hCkxT2neVFmRokUXkwy1j-RD-3UelOu6OUVMX97WghlMKvA7_FIvslRTfJjhKfQxozcUw0lsOtR1WTsVLZEEvtymhfFh505TAzDYYYnh9rEyjuacthYGAFHAowI5TKYWNc8oq3Fln0by9aO_IH-YbmUU25gj34DL1tvYk4aw=w1600-h1000-k-no,,"{""Monday"": ""11AM-10:30PM"", ""Tuesday"": ""11AM-10:30PM"", ""Wednesday"": ""11AM-10:30PM"", ""Thursday"": ""11AM-10:30PM"", ""Friday"": ""11AM-10:30PM"", ""Saturday"": ""11AM-10:30PM"", ""Sunday"": ""11AM-10:30PM""}",Monday:11AM-10:30PM|Tuesday:11AM-10:30PM|Wednesday:11AM-10:30PM|Thursday:11AM-10:30PM|Friday:11AM-10:30PM|Saturday:11AM-10:30PM|Sunday:11AM-10:30PM,,,OPERATIONAL,"{""Service options"": {""Delivery"": true, ""Takeout"": true, ""Dine-in"": true}, ""Highlights"": {""Great tea selection"": true}, ""Crowd"": {""LGBTQ+ friendly"": true}, ""Other"": {""LGBTQ+ friendly"": true}}",$,,https://lh6.googleusercontent.com/-n2TnXvY8aLk/AAAAAAAAAAI/AAAAAAAAAAA/AqJp172VzbU/s44-p-k-no-ns-nd/photo.jpg,,,True,109815405048888122587,Tiger Sugar,https://www.google.com/maps/contrib/109815405048888122587,,"https://www.google.com/viewer/chooseprovider?mid=/g/11nntd0437&g2lbs=AAEPWCt16MUd8RCNwIBzNOlmMXuv4_VINBrMWhWJMd0Ot8BG9KCKNLWCdn-TjZwgyPbnE3cRMWfb3IFi7rOlEfYGvWdASXJcvQ%3D%3D&hl=en-US&gl=us&fo_m=MfohQo559jFvMUOzJVpjPL1YMfZ3bInYwBDuMfaXTPp5KXh-&utm_source=tactile&gei=rWwCaLiPINO6i-gP1N240As&ei=rWwCaLiPINO6i-gP1N240As&fo_s=OA,SOE&opi=79508299&ebb=1&cs=0&foub=mcpp",,,"https://www.google.com/maps/place/Tiger+Sugar/@41.854408299999996,-87.632638,14z/data=!4m8!1m2!2m1!1sTiger+Sugar!3m4!1s0x880e2d2eccc4f343:0xf71743d60dc4ba6c!8m2!3d41.854408299999996!4d-87.632638","https://www.google.com/maps/place/Tiger+Sugar/@41.854408299999996,-87.632638,13.99z/data=!4m16!1m7!3m6!1s0x880e2d2eccc4f343:0xf71743d60dc4ba6c!2sTiger+Sugar!8m2!3d41.854408299999996!4d-87.632638!16s%2Fg%2F11ckvg1dmb!3m7!1s0x880e2d2eccc4f343:0xf71743d60dc4ba6c!8m2!3d41.854408299999996!4d-87.632638!9m1!1b1!16s%2Fg%2F11ckvg1dmb?entry=ttu",ChIJQ_PEzC4tDogRbLrEDdZDF_c,0x880e2d2eccc4f343:0xf71743d60dc4ba6c,17804774238465604204,/g/11nntd0437,-641969835243947412,,,,,,,,,,,,,,,,,,,,,,,,,,,,,,,,,,,,,,,,,,,,"Tiger Sugar - Restaurant in Chicago, IL",,"Tiger Sugar in Chicago, IL. Call us at (312) 285-2062. Check out our location and hours, and latest menu with photos and reviews.",,False,False
"boba tea, 60644, Chicago, IL, US",OverLay,Overlay,http://www.overlaycoffee.com/,Coffee shop,coffee shops,Coffee shop,+1 773-732-1431,"1411 W Taylor St, Chicago, IL 60607",Near West Side,1411 W Taylor St,Chicago,60607,Illinois,Illinois,United States of America,US,41.8691234,-87.66213959999999,892664ca907ffff,America/Chicago,,False,4.6,65,"https://search.google.com/local/reviews?placeid=ChIJy79NJgwtDogR_y2ggK5koxI&q=boba+tea,+60644,+Chicago,+IL,+US&authuser=0&hl=en&gl=US",,,3.0,3.0,1.0,4.0,54.0,244,https://lh3.googleusercontent.com/gps-proxy/ALd4DhHO2h-INrKpAFzqbQCHzspWt744hiBV4MdAet-kJD6-L0hs0y5VPo0G6EIoodpaEpgqrF6RK9taprQaKoUTQVNZbXEzcJ9c_NqA2PsMzL3CwftMYL_nICD-9jehup3bupnrHDmfy8lCd3Ytd1EYeJK5iViXvmXjJ3Ae9oRbD_ylOkHCHRrbIM_92g=w800-h500-k-no,https://lh3.googleusercontent.com/gps-proxy/ALd4DhHO2h-INrKpAFzqbQCHzspWt744hiBV4MdAet-kJD6-L0hs0y5VPo0G6EIoodpaEpgqrF6RK9taprQaKoUTQVNZbXEzcJ9c_NqA2PsMzL3CwftMYL_nICD-9jehup3bupnrHDmfy8lCd3Ytd1EYeJK5iViXvmXjJ3Ae9oRbD_ylOkHCHRrbIM_92g=w1600-h1000-k-no,,"{""Monday"": ""8:30AM-9PM"", ""Tuesday"": ""8:30AM-9PM"", ""Wednesday"": ""8:30AM-9PM"", ""Thursday"": ""8:30AM-9PM"", ""Friday"": ""8:30AM-9PM"", ""Saturday"": ""11AM-9PM"", ""Sunday"": ""11AM-7PM""}",Monday:8:30AM-9PM|Tuesday:8:30AM-9PM|Wednesday:8:30AM-9PM|Thursday:8:30AM-9PM|Friday:8:30AM-9PM|Saturday:11AM-9PM|Sunday:11AM-7PM,,,OPERATIONAL,"{""Service options"": {""Delivery"": true, ""Takeout"": true, ""Dine-in"": true}, ""Highlights"": {""Great coffee"": true, ""Great tea selection"": true}, ""Popular for"": {""Solo dining"": true}, ""Offerings"": {""Coffee"": true}, ""Dining options"": {""Dessert"": true}, ""Atmosphere"": {""Casual"": true, ""Cozy"": true, ""Trendy"": true}, ""Crowd"": {""College students"": true}, ""Payments"": {""Credit cards"": true}, ""Children"": {""Good for kids"": true}, ""Parking"": {""Paid street parking"": true}}",$,,https://lh3.googleusercontent.com/-EoWYDVRO5RU/AAAAAAAAAAI/AAAAAAAAAAA/WL-xdDfkmUM/s44-p-k-no-ns-nd/photo.jpg,,,True,108973323913514893482,OverLay,https://www.google.com/maps/contrib/108973323913514893482,,"https://www.google.com/viewer/chooseprovider?mid=/g/11vr7y4ydv&g2lbs=AAEPWCtxQ3k1GTMJl_buiGyXRWyQchNQosL-A-h7t7maLR5f2CUHbZiKBuO7s0v9XjVYHSFQfc0B7XesBn-uJhPlUsRzdvBryA%3D%3D&hl=en-US&gl=us&fo_m=MfohQo559jFvMUOzJVpjPL1YMfZ3bInYwBDuMfaXTPp5KXh-&utm_source=tactile&gei=rWwCaLiPINO6i-gP1N240As&ei=rWwCaLiPINO6i-gP1N240As&fo_s=OA,SOE&opi=79508299&ebb=1&cs=0&foub=mcpp",,,"https://www.google.com/maps/place/OverLay/@41.8691234,-87.66213959999999,14z/data=!4m8!1m2!2m1!1sOverLay!3m4!1s0x880e2d0c264dbfcb:0x12a364ae80a02dff!8m2!3d41.8691234!4d-87.66213959999999","https://www.google.com/maps/place/OverLay/@41.8691234,-87.66213959999999,13.99z/data=!4m16!1m7!3m6!1s0x880e2d0c264dbfcb:0x12a364ae80a02dff!2sOverLay!8m2!3d41.8691234!4d-87.66213959999999!16s%2Fg%2F11ckvg1dmb!3m7!1s0x880e2d0c264dbfcb:0x12a364ae80a02dff!8m2!3d41.8691234!4d-87.66213959999999!9m1!1b1!16s%2Fg%2F11ckvg1dmb?entry=ttu",ChIJy79NJgwtDogR_y2ggK5koxI,0x880e2d0c264dbfcb:0x12a364ae80a02dff,1343027814531608063,/g/11vr7y4ydv,1343027814531608063,,overlayallblue@gmail.com,RECEIVING,Verified,,,,,,,,,,,,,,,,,,,,,,,,,,,,,,,,,,,,,,,,Overlay Cafe | Fusion Drinks Where East Meets West in Chicago,Wix.com Website Builder,"Visit Overlay Cafe at 1411 West Taylor Street, Chicago, IL. Enjoy unique fusion drinks that blend Eastern traditions with Western creativity. Sip harmony, taste innovation!",,False,False
"boba tea, 60644, Chicago, IL, US",Ten Cafe,Ten Cafe,https://www.tencafechicago.com/?utm_source=google,"Bubble tea store, Ice cream shop, Taiwanese restaurant",Bubble tea store,Bubble tea store,+1 773-799-8860,"3308 N Western Ave, Chicago, IL 60618",Roscoe Village,3308 N Western Ave,Chicago,60618,Illinois,Illinois,United States of America,US,41.941241,-87.688743,892664ca50fffff,America/Chicago,,False,4.7,213,"https://search.google.com/local/reviews?placeid=ChIJ_6xktK3TD4gR349yN_W7x9w&q=boba+tea,+60644,+Chicago,+IL,+US&authuser=0&hl=en&gl=US",,,5.0,7.0,3.0,16.0,182.0,294,https://lh3.googleusercontent.com/gps-cs-s/AB5caB9T6W2mIUtvcKDp0swIeHFYh_ONLUuj1GI69c6DavZArUHw2qoP1d5AKP2nbKv9oy1gmOS2Yz6lrO43woLuzf6w8TDFyDfxtHXb9PN9MKzlFu4sifehTq1xXqF57yiVRKK9KyTs=w800-h500-k-no,https://lh3.googleusercontent.com/gps-cs-s/AB5caB9T6W2mIUtvcKDp0swIeHFYh_ONLUuj1GI69c6DavZArUHw2qoP1d5AKP2nbKv9oy1gmOS2Yz6lrO43woLuzf6w8TDFyDfxtHXb9PN9MKzlFu4sifehTq1xXqF57yiVRKK9KyTs=w1600-h1000-k-no,,"{""Monday"": ""11:30AM-7:30PM"", ""Tuesday"": ""11:30AM-7:30PM"", ""Wednesday"": ""11:30AM-7:30PM"", ""Thursday"": ""11:30AM-7:30PM"", ""Friday"": ""11:30AM-8:30PM"", ""Saturday"": ""11:30AM-8:30PM"", ""Sunday"": ""12:30-7:30PM""}",Monday:11:30AM-7:30PM|Tuesday:11:30AM-7:30PM|Wednesday:11:30AM-7:30PM|Thursday:11:30AM-7:30PM|Friday:11:30AM-8:30PM|Saturday:11:30AM-8:30PM|Sunday:12:30-7:30PM,,,OPERATIONAL,"{""Service options"": {""Delivery"": true, ""Takeout"": true, ""Dine-in"": true}, ""Highlights"": {""Great tea selection"": true}, ""Accessibility"": {""Wheelchair accessible entrance"": true, ""Wheelchair accessible restroom"": true}}",$,,https://lh5.googleusercontent.com/-JW9QkeYKDl8/AAAAAAAAAAI/AAAAAAAAAAA/YxmbMdsMyAQ/s44-p-k-no-ns-nd/photo.jpg,"Funky, colorful bubble tea shop offering rolled ice cream, rice bowls & Asian street food.",,True,113798649690698461201,Ten Cafe,https://www.google.com/maps/contrib/113798649690698461201,,,,,"https://www.google.com/maps/place/Ten+Cafe/@41.941241,-87.688743,14z/data=!4m8!1m2!2m1!1sTen+Cafe!3m4!1s0x880fd3adb464acff:0xdcc7bbf537728fdf!8m2!3d41.941241!4d-87.688743","https://www.google.com/maps/place/Ten+Cafe/@41.941241,-87.688743,13.99z/data=!4m16!1m7!3m6!1s0x880fd3adb464acff:0xdcc7bbf537728fdf!2sTen+Cafe!8m2!3d41.941241!4d-87.688743!16s%2Fg%2F11ckvg1dmb!3m7!1s0x880fd3adb464acff:0xdcc7bbf537728fdf!8m2!3d41.941241!4d-87.688743!9m1!1b1!16s%2Fg%2F11ckvg1dmb?entry=ttu",ChIJ_6xktK3TD4gR349yN_W7x9w,0x880fd3adb464acff:0xdcc7bbf537728fdf,15908890870581202911,/g/11hf8yzz34,-2537853203128348705,,john@tencafechicago.com,INVALID,Invalid DNS,,,,,,,,,,,,,,,,,,,,,,,,,,,,,,,,,,,,,,,,,,,,,
"boba tea, 60644, Chicago, IL, US",Pure Tea,Pure Tea,https://www.facebook.com/pureteachicago/,Bubble tea store,Bubble tea store,Bubble tea store,+1 312-465-2373,"2105 S Jefferson St unit B, Chicago, IL 60616",East Pilsen,2105 S Jefferson St unit B,Chicago,60616,Illinois,Illinois,United States of America,US,41.8539185,-87.64159219999999,892664cf403ffff,America/Chicago,,False,4.2,87,"https://search.google.com/local/reviews?placeid=ChIJ_xn48OEtDogRs0Bu0Rd99ww&q=boba+tea,+60644,+Chicago,+IL,+US&authuser=0&hl=en&gl=US",,,9.0,4.0,3.0,16.0,55.0,196,https://lh3.googleusercontent.com/gps-proxy/ALd4DhHc8dBhwCQMUdgGt7qp1jre-JJ3bOFiUEk8CMSE267MVa3NZg32WPKMh-WKPauPNxE5FnR3de_hvTcs74Z2-1_OB60K73-GIsj54vgpuyj92cD-vHmPTiPZYF19zs59x9xLR1wzloZE6MpfrQ1vbRp9kqcq3axqJCmI0Town93X1Bxl-UEbAVlX=w800-h500-k-no,https://lh3.googleusercontent.com/gps-proxy/ALd4DhHc8dBhwCQMUdgGt7qp1jre-JJ3bOFiUEk8CMSE267MVa3NZg32WPKMh-WKPauPNxE5FnR3de_hvTcs74Z2-1_OB60K73-GIsj54vgpuyj92cD-vHmPTiPZYF19zs59x9xLR1wzloZE6MpfrQ1vbRp9kqcq3axqJCmI0Town93X1Bxl-UEbAVlX=w1600-h1000-k-no,,"{""Monday"": ""11AM-8PM"", ""Tuesday"": ""11AM-8PM"", ""Wednesday"": ""11AM-8PM"", ""Thursday"": ""11AM-8PM"", ""Friday"": ""11AM-8:30PM"", ""Saturday"": ""11AM-8:30PM"", ""Sunday"": ""11AM-8:30PM""}",Monday:11AM-8PM|Tuesday:11AM-8PM|Wednesday:11AM-8PM|Thursday:11AM-8PM|Friday:11AM-8:30PM|Saturday:11AM-8:30PM|Sunday:11AM-8:30PM,,,OPERATIONAL,"{""Service options"": {""Delivery"": true, ""Onsite services"": true, ""Takeout"": true, ""Dine-in"": true}, ""Highlights"": {""Great tea selection"": true}}",$,,https://lh6.googleusercontent.com/-sDOvo5YzwfU/AAAAAAAAAAI/AAAAAAAAAAA/Qqp82vGajYk/s44-p-k-no-ns-nd/photo.jpg,,,True,104065423821438246313,Pure Tea,https://www.google.com/maps/contrib/104065423821438246313,,"https://www.google.com/viewer/chooseprovider?mid=/g/11p4z_4wd4&g2lbs=AAEPWCsBHo90wDogSg3vFgKlbYhDBBRDmrVvV_ZtuqLKhHBlibXnu_vD8n2rGGHGGR1HAzNMrJSRsH7Sn4EJG_Nf3zKXykheDQ%3D%3D&hl=en-US&gl=us&fo_m=MfohQo559jFvMUOzJVpjPL1YMfZ3bInYwBDuMfaXTPp5KXh-&utm_source=tactile&gei=rWwCaLiPINO6i-gP1N240As&ei=rWwCaLiPINO6i-gP1N240As&fo_s=OA,SOE&opi=79508299&ebb=1&cs=0&foub=mcpp",,,"https://www.google.com/maps/place/Pure+Tea/@41.8539185,-87.64159219999999,14z/data=!4m8!1m2!2m1!1sPure+Tea!3m4!1s0x880e2de1f0f819ff:0xcf77d17d16e40b3!8m2!3d41.8539185!4d-87.64159219999999","https://www.google.com/maps/place/Pure+Tea/@41.8539185,-87.64159219999999,13.99z/data=!4m16!1m7!3m6!1s0x880e2de1f0f819ff:0xcf77d17d16e40b3!2sPure+Tea!8m2!3d41.8539185!4d-87.64159219999999!16s%2Fg%2F11ckvg1dmb!3m7!1s0x880e2de1f0f819ff:0xcf77d17d16e40b3!8m2!3d41.8539185!4d-87.64159219999999!9m1!1b1!16s%2Fg%2F11ckvg1dmb?entry=ttu",ChIJ_xn48OEtDogRs0Bu0Rd99ww,0x880e2de1f0f819ff:0xcf77d17d16e40b3,934352988954050739,/g/11p4z_4wd4,934352988954050739,,pureteachicago@gmail.com,RECEIVING,SMTP validated,,,,,,,,,,,,,,,,,,,,,,13124652373,,,https://www.facebook.com/pureteachicago,,,,,,,,,,,,,,,,,,,,
"boba tea, 60644, Chicago, IL, US",Matcha Cita,Matcha Cita,http://www.matchacitachi.com/,Cafe,cafes,Cafe,+1 312-248-3080,"1017 W Lake St, Chicago, IL 60607",West Loop,1017 W Lake St,Chicago,60607,Illinois,Illinois,United States of America,US,41.8853364,-87.6528515,892664cad3bffff,America/Chicago,,False,4.2,242,"https://search.google.com/local/reviews?placeid=ChIJVbdJ9kvTD4gROKReRNCtYbk&q=boba+tea,+60644,+Chicago,+IL,+US&authuser=0&hl=en&gl=US",,,23.0,14.0,17.0,29.0,159.0,464,https://lh3.googleusercontent.com/p/AF1QipNz9wfpGO1Z0BCBqEANFozgma3NdXI8QtcHXxLp=w800-h500-k-no,https://lh3.googleusercontent.com/p/AF1QipNz9wfpGO1Z0BCBqEANFozgma3NdXI8QtcHXxLp=w1600-h1000-k-no,,"{""Monday"": ""8AM-5PM"", ""Tuesday"": ""8AM-5PM"", ""Wednesday"": ""8AM-5PM"", ""Thursday"": ""8AM-5PM"", ""Friday"": ""8AM-5PM"", ""Saturday"": ""8AM-6PM"", ""Sunday"": ""8AM-6PM""}",Monday:8AM-5PM|Tuesday:8AM-5PM|Wednesday:8AM-5PM|Thursday:8AM-5PM|Friday:8AM-5PM|Saturday:8AM-6PM|Sunday:8AM-6PM,,,OPERATIONAL,"{""Service options"": {""Outdoor seating"": true, ""Delivery"": true, ""Onsite services"": true, ""Takeout"": true, ""Dine-in"": true}, ""Highlights"": {""Great coffee"": true, ""Great tea selection"": true}, ""Popular for"": {""Solo dining"": true}, ""Accessibility"": {""Wheelchair accessible entrance"": true, ""Wheelchair accessible restroom"": true, ""Wheelchair accessible seating"": true, ""Assistive hearing loop"": false, ""Wheelchair accessible parking lot"": false}, ""Offerings"": {""Coffee"": true, ""Quick bite"": true}, ""Dining options"": {""Breakfast"": true, ""Dessert"": true, ""Seating"": true}, ""Amenities"": {""Restroom"": true, ""Wi-Fi"": true}, ""Atmosphere"": {""Casual"": true, ""Cozy"": true, ""Trendy"": true}, ""Crowd"": {""College students"": true, ""Family-friendly"": true, ""LGBTQ+ friendly"": true, ""Tourists"": true, ""Transgender safespace"": true}, ""Payments"": {""Credit cards"": true, ""Debit cards"": true, ""NFC mobile payments"": true}, ""Pets"": {""Dogs allowed inside"": true, ""Dogs allowed outside"": true}, ""Other"": {""LGBTQ+ friendly"": true}}",$$,,https://lh3.googleusercontent.com/-yH0xWkCpbyE/AAAAAAAAAAI/AAAAAAAAAAA/EG3Tx5V5oKc/s44-p-k-no-ns-nd/photo.jpg,,,True,116042938358306080958,Matcha Cita,https://www.google.com/maps/contrib/116042938358306080958,,"https://www.google.com/viewer/chooseprovider?mid=/g/11r0v301mg&g2lbs=AAEPWCvh-p-72yk_-8xg9fBpXsEhKXd9YrGbmahkg3GQbAXgSEEtYRVOn7bm71dK1rlNQ7-3KT40QAf54v64Jc8kHy4GFauT-w%3D%3D&hl=en-US&gl=us&fo_m=MfohQo559jFvMUOzJVpjPL1YMfZ3bInYwBDuMfaXTPp5KXh-&utm_source=tactile&gei=rWwCaLiPINO6i-gP1N240As&ei=rWwCaLiPINO6i-gP1N240As&fo_s=OA,SOE&opi=79508299&ebb=1&cs=0&foub=mcpp",,,"https://www.google.com/maps/place/Matcha+Cita/@41.8853364,-87.6528515,14z/data=!4m8!1m2!2m1!1sMatcha+Cita!3m4!1s0x880fd34bf649b755:0xb961add0445ea438!8m2!3d41.8853364!4d-87.6528515","https://www.google.com/maps/place/Matcha+Cita/@41.8853364,-87.6528515,13.99z/data=!4m16!1m7!3m6!1s0x880fd34bf649b755:0xb961add0445ea438!2sMatcha+Cita!8m2!3d41.8853364!4d-87.6528515!16s%2Fg%2F11ckvg1dmb!3m7!1s0x880fd34bf649b755:0xb961add0445ea438!8m2!3d41.8853364!4d-87.6528515!9m1!1b1!16s%2Fg%2F11ckvg1dmb?entry=ttu",ChIJVbdJ9kvTD4gROKReRNCtYbk,0x880fd34bf649b755:0xb961add0445ea438,13358149079769457720,/g/11r0v301mg,-5088594993940093896,,hiring@matchacitachi.com,RECEIVING,SMTP validated,,,,,,,,,,,,,,,,,,,,,,,,,,,,,,,,,,,,,,,,,,,,,
"boba tea, 60644, Chicago, IL, US",Living Water Tea House,Living Water Tea House,http://www.livingwaterteahouse.com/,"Tea house, Ice cream shop",Tea house,Tea house,,"1453 W Taylor St, Chicago, IL 60607",Near West Side,1453 W Taylor St,Chicago,60607,Illinois,Illinois,United States of America,US,41.869122399999995,-87.66368949999999,892664ca903ffff,America/Chicago,,False,4.7,231,"https://search.google.com/local/reviews?placeid=ChIJO0WCrkYtDogRoChsQf8BST8&q=boba+tea,+60644,+Chicago,+IL,+US&authuser=0&hl=en&gl=US",,,10.0,4.0,3.0,6.0,208.0,194,https://lh3.googleusercontent.com/gps-cs-s/AB5caB84htNetFh6rlBYZZtFnKrngl5zpMFIfzOHKf0PCT5YCmxu9pyNPAK0aLZtmJTV55lUaIWm-f9ioUMfOufYo_gCPZ_Ucuq23eCiTA_8Uud8j8eACJVGfJwrCvXfRHGPOITKhuw=w800-h500-k-no,https://lh3.googleusercontent.com/gps-cs-s/AB5caB84htNetFh6rlBYZZtFnKrngl5zpMFIfzOHKf0PCT5YCmxu9pyNPAK0aLZtmJTV55lUaIWm-f9ioUMfOufYo_gCPZ_Ucuq23eCiTA_8Uud8j8eACJVGfJwrCvXfRHGPOITKhuw=w1600-h1000-k-no,,"{""Monday"": ""11AM-7PM"", ""Tuesday"": ""11AM-7PM"", ""Wednesday"": ""11AM-7PM"", ""Thursday"": ""11AM-7PM"", ""Friday"": ""11AM-7PM"", ""Saturday"": ""11AM-7PM"", ""Sunday"": ""1-7PM""}",Monday:11AM-7PM|Tuesday:11AM-7PM|Wednesday:11AM-7PM|Thursday:11AM-7PM|Friday:11AM-7PM|Saturday:11AM-7PM|Sunday:1-7PM,,,OPERATIONAL,"{""Service options"": {""No-contact delivery"": true, ""Delivery"": true, ""Onsite services"": true, ""Takeout"": true, ""Dine-in"": true}, ""Highlights"": {""Great tea selection"": true}, ""Accessibility"": {""Wheelchair accessible entrance"": true, ""Wheelchair accessible restroom"": true, ""Wheelchair accessible seating"": true, ""Wheelchair accessible parking lot"": false}}",$,,https://lh3.googleusercontent.com/-tu03PFWcLUQ/AAAAAAAAAAI/AAAAAAAAAAA/831YtqRFLkc/s44-p-k-no-ns-nd/photo.jpg,,,True,101192332739069254872,Living Water Tea House,https://www.google.com/maps/contrib/101192332739069254872,,,,,"https://www.google.com/maps/place/Living+Water+Tea+House/@41.869122399999995,-87.66368949999999,14z/data=!4m8!1m2!2m1!1sLiving+Water+Tea+House!3m4!1s0x880e2d46ae82453b:0x3f4901ff416c28a0!8m2!3d41.869122399999995!4d-87.66368949999999","https://www.google.com/maps/place/Living+Water+Tea+House/@41.869122399999995,-87.66368949999999,13.99z/data=!4m16!1m7!3m6!1s0x880e2d46ae82453b:0x3f4901ff416c28a0!2sLiving+Water+Tea+House!8m2!3d41.869122399999995!4d-87.66368949999999!16s%2Fg%2F11ckvg1dmb!3m7!1s0x880e2d46ae82453b:0x3f4901ff416c28a0!8m2!3d41.869122399999995!4d-87.66368949999999!9m1!1b1!16s%2Fg%2F11ckvg1dmb?entry=ttu",ChIJO0WCrkYtDogRoChsQf8BST8,0x880e2d46ae82453b:0x3f4901ff416c28a0,4560178293515233440,/g/11jcl_0dhl,4560178293515233440,,sales@livingwaterteahouse.com,RECEIVING,SMTP validated,,,,,,,,,,,,,,,,,,,,,,,,,,,,,,,,,,,,,,,,,,,,,
"boba tea, 60644, Chicago, IL, US",Vivi Bubble Tea,Vivi Bubble Tea,https://vivibubbletea.com/,Bubble tea store,Bubble tea store,Bubble tea store,+1 312-431-1150,"333 S State St, Chicago, IL 60604",Chicago Loop,333 S State St,Chicago,60604,Illinois,Illinois,United States of America,US,41.8773044,-87.62742829999999,892664c1abbffff,America/Chicago,,False,4.3,787,"https://search.google.com/local/reviews?placeid=ChIJ9y8u56IsDogRKiTQVLc3viY&q=boba+tea,+60644,+Chicago,+IL,+US&authuser=0&hl=en&gl=US",,,50.0,30.0,56.0,141.0,510.0,478,https://lh3.googleusercontent.com/gps-cs-s/AB5caB9uW1JisObhvPZHO1FZVyLM7f1PjaKNYovvQToXXGvJxGaAipUVVbew0NOL91k0qyYh7A2lhbQs148GBYeDdyY1SJPqlYnbtv4nvQha13R2hfF9HBee7XK1rbCC-ngzG3A3Hf1ZSg=w800-h500-k-no,https://lh3.googleusercontent.com/gps-cs-s/AB5caB9uW1JisObhvPZHO1FZVyLM7f1PjaKNYovvQToXXGvJxGaAipUVVbew0NOL91k0qyYh7A2lhbQs148GBYeDdyY1SJPqlYnbtv4nvQha13R2hfF9HBee7XK1rbCC-ngzG3A3Hf1ZSg=w1600-h1000-k-no,,"{""Monday"": ""12-7PM"", ""Tuesday"": ""12-7PM"", ""Wednesday"": ""12-7PM"", ""Thursday"": ""12-7PM"", ""Friday"": ""12-7PM"", ""Saturday"": ""12-7PM"", ""Sunday"": ""12-7PM""}",Monday:12-7PM|Tuesday:12-7PM|Wednesday:12-7PM|Thursday:12-7PM|Friday:12-7PM|Saturday:12-7PM|Sunday:12-7PM,,,OPERATIONAL,"{""Service options"": {""Delivery"": true, ""Takeout"": true}}",$,,https://lh4.googleusercontent.com/-cVy2Hy6lkxw/AAAAAAAAAAI/AAAAAAAAAAA/WF_EY7t88Pk/s44-p-k-no-ns-nd/photo.jpg,"Bubble tea shop offering hot & cold versions, plus a variety of flavors & a simple snack menu.",,True,109885143917527017992,Vivi Bubble Tea,https://www.google.com/maps/contrib/109885143917527017992,https://www.ritual.co/order/vivi-bubble-tea-state-van-buren-chicago/304b,"https://www.google.com/viewer/chooseprovider?mid=/g/11bw20gxq2&g2lbs=AAEPWCu_0HKtqxIjFP1FVt3RkVJfNC0PiAraTMvPpnCUKNrUZ-MZ8_IoIr4RbJ-EliB39u2eYb6zBykxg98tnurzym0_AWS2Yg%3D%3D&hl=en-US&gl=us&fo_m=MfohQo559jFvMUOzJVpjPL1YMfZ3bInYwBDuMfaXTPp5KXh-&utm_source=tactile&gei=rWwCaLiPINO6i-gP1N240As&ei=rWwCaLiPINO6i-gP1N240As&fo_s=OA,SOE&opi=79508299&ebb=1&cs=0&foub=mcpp",,https://www.ritual.co/order/vivi-bubble-tea-state-van-buren-chicago/304b,"https://www.google.com/maps/place/Vivi+Bubble+Tea/@41.8773044,-87.62742829999999,14z/data=!4m8!1m2!2m1!1sVivi+Bubble+Tea!3m4!1s0x880e2ca2e72e2ff7:0x26be37b754d0242a!8m2!3d41.8773044!4d-87.62742829999999","https://www.google.com/maps/place/Vivi+Bubble+Tea/@41.8773044,-87.62742829999999,13.99z/data=!4m16!1m7!3m6!1s0x880e2ca2e72e2ff7:0x26be37b754d0242a!2sVivi+Bubble+Tea!8m2!3d41.8773044!4d-87.62742829999999!16s%2Fg%2F11ckvg1dmb!3m7!1s0x880e2ca2e72e2ff7:0x26be37b754d0242a!8m2!3d41.8773044!4d-87.62742829999999!9m1!1b1!16s%2Fg%2F11ckvg1dmb?entry=ttu",ChIJ9y8u56IsDogRKiTQVLc3viY,0x880e2ca2e72e2ff7:0x26be37b754d0242a,2791730079557755946,/g/11bw20gxq2,2791730079557755946,,vivibubbleteanj@gmail.com,RECEIVING,Verified,,,,,,,,,,,,,,,,,,,,,,+1 212-566-6833,14696618801,13472236792,https://www.facebook.com/vivibubbleteanyc,https://www.instagram.com/vivibubbletea,https://www.linkedin.com/company/vivi-bubble-tea,,,,,,,,,,,,,vivibubbletea,WordPress 6.0.2,,,False,True
"boba tea, 60644, Chicago, IL, US",Tsaocaa Lincoln Park,Tsaocaa Lincoln Park,https://www.tsaocaail.com/,Bubble tea store,Bubble tea store,Bubble tea store,+1 312-888-2947,"1337 W Fullerton Ave, Chicago, IL 60614",Sheffield Neighbors,1337 W Fullerton Ave,Chicago,60614,Illinois,Illinois,United States of America,US,41.924970099999996,-87.661689,892664c12abffff,America/Chicago,,False,4.1,210,"https://search.google.com/local/reviews?placeid=ChIJyd1wf0jTD4gRc8Q603AUGho&q=boba+tea,+60644,+Chicago,+IL,+US&authuser=0&hl=en&gl=US",,,34.0,4.0,9.0,27.0,136.0,374,https://lh3.googleusercontent.com/p/AF1QipNqjJwB3k2ZkcKRvDp3FFEWDKa2iIr38Tz_NNPo=w800-h500-k-no,https://lh3.googleusercontent.com/p/AF1QipNqjJwB3k2ZkcKRvDp3FFEWDKa2iIr38Tz_NNPo=w1600-h1000-k-no,,"{""Monday"": ""11:30AM-10PM"", ""Tuesday"": ""11:30AM-10PM"", ""Wednesday"": ""11:30AM-10PM"", ""Thursday"": ""11:30AM-10PM"", ""Friday"": ""11:30AM-10PM"", ""Saturday"": ""11:30AM-10PM"", ""Sunday"": ""11:30AM-10PM""}",Monday:11:30AM-10PM|Tuesday:11:30AM-10PM|Wednesday:11:30AM-10PM|Thursday:11:30AM-10PM|Friday:11:30AM-10PM|Saturday:11:30AM-10PM|Sunday:11:30AM-10PM,,,OPERATIONAL,"{""Service options"": {""Delivery"": true, ""Onsite services"": true, ""Takeout"": true, ""Dine-in"": true}, ""Highlights"": {""Great tea selection"": true}, ""Accessibility"": {""Wheelchair accessible entrance"": true}}",$,,https://lh3.googleusercontent.com/-RCYuu2Vs2Qk/AAAAAAAAAAI/AAAAAAAAAAA/vAopk9akL2A/s44-p-k-no-ns-nd/photo.jpg,,,True,110100023276062592925,Tsaocaa Lincoln Park,https://www.google.com/maps/contrib/110100023276062592925,,"https://www.google.com/viewer/chooseprovider?mid=/g/11p13y07p4&g2lbs=AAEPWCufCjBOTWV51qoPJp3v3XR98_lg0GmExlJN7-JtGP9KHoDOKbUZswoshW0AIWUDDoHjSQRUnHWB47jK_c2jyTFHmg2Cug%3D%3D&hl=en-US&gl=us&fo_m=MfohQo559jFvMUOzJVpjPL1YMfZ3bInYwBDuMfaXTPp5KXh-&utm_source=tactile&gei=rWwCaLiPINO6i-gP1N240As&ei=rWwCaLiPINO6i-gP1N240As&fo_s=OA,SOE&opi=79508299&ebb=1&cs=0&foub=mcpp",,,"https://www.google.com/maps/place/Tsaocaa+Lincoln+Park/@41.924970099999996,-87.661689,14z/data=!4m8!1m2!2m1!1sTsaocaa+Lincoln+Park!3m4!1s0x880fd3487f70ddc9:0x1a1a1470d33ac473!8m2!3d41.924970099999996!4d-87.661689","https://www.google.com/maps/place/Tsaocaa+Lincoln+Park/@41.924970099999996,-87.661689,13.99z/data=!4m16!1m7!3m6!1s0x880fd3487f70ddc9:0x1a1a1470d33ac473!2sTsaocaa+Lincoln+Park!8m2!3d41.924970099999996!4d-87.661689!16s%2Fg%2F11ckvg1dmb!3m7!1s0x880fd3487f70ddc9:0x1a1a1470d33ac473!8m2!3d41.924970099999996!4d-87.661689!9m1!1b1!16s%2Fg%2F11ckvg1dmb?entry=ttu",ChIJyd1wf0jTD4gRc8Q603AUGho,0x880fd3487f70ddc9:0x1a1a1470d33ac473,1880838269193340019,/g/11p13y07p4,1880838269193340019,,tsaocaa.tea@gmail.com,RECEIVING,SMTP validated,,,,,,,,,,,,,,,,,,,,,,,,,https://facebook.com/TsaocaaTeaChicago/,https://www.instagram.com/tsaocaa_chicago,,,,,,,,,https://twitter.com/tsaocaa,,,,,朝茶TSAoCAA,,"As the story goes - there was a group of people that
                      found it extremely difficult to be able to drink a good cup of pure tea
                      which not only tasted great but consisted of pure/natural ingredients.
                      Therefore, this group decided to make “A Pure Cup of Good Tea” which was
                      similar to pure tea they desired , and they decided to establish a milk tea
                      shop they liked..",,,
"boba tea, 60644, Chicago, IL, US",TE'AMO Boba & Dessert - Norridge,Teamo Boba And Dessert Norridge,https://www.teamobobabar.com/,"Bubble tea store, Coffee shop",Bubble tea store,Bubble tea store,+1 872-210-4488,"Inside Harlem, Irving Plaza, 4104 N Harlem Ave, Norridge, IL 60706",None,"Inside Harlem, Irving Plaza, 4104 N Harlem Ave",Norridge,60706,Illinois,Illinois,United States of America,US,41.9574788,-87.80764529999999,892664cb0dbffff,America/Chicago,,False,4.5,20,"https://search.google.com/local/reviews?placeid=ChIJY_bYOADLD4gRxxrkbofHQYM&q=boba+tea,+60644,+Chicago,+IL,+US&authuser=0&hl=en&gl=US",,,1.0,1.0,1.0,2.0,15.0,24,https://lh3.googleusercontent.com/gps-cs-s/AB5caB-RYMXZH_i8TRgYzIq8V5_xwZVP9wuO-I5CHyfMZsAxW7P8BQJbrnORRqkJSb0rreafbFPnqDV3cIXxenJwhWH2Rwo-0hg6lV1VQ_m1BFOWIAoDjsxHYRidKXMc5MwWk0YKAyqW=w800-h500-k-no,https://lh3.googleusercontent.com/gps-cs-s/AB5caB-RYMXZH_i8TRgYzIq8V5_xwZVP9wuO-I5CHyfMZsAxW7P8BQJbrnORRqkJSb0rreafbFPnqDV3cIXxenJwhWH2Rwo-0hg6lV1VQ_m1BFOWIAoDjsxHYRidKXMc5MwWk0YKAyqW=w1600-h1000-k-no,,"{""Monday"": ""11AM-9PM"", ""Tuesday"": ""11AM-9PM"", ""Wednesday"": ""11AM-9PM"", ""Thursday"": ""11AM-9PM"", ""Friday"": ""11AM-9PM"", ""Saturday"": ""11AM-9PM"", ""Sunday"": ""Closed""}",Monday:11AM-9PM|Tuesday:11AM-9PM|Wednesday:11AM-9PM|Thursday:11AM-9PM|Friday:11AM-9PM|Saturday:11AM-9PM|Sunday:Closed,,,OPERATIONAL,"{""Service options"": {""No-contact delivery"": true, ""Delivery"": true, ""Takeout"": true, ""Dine-in"": true}, ""Highlights"": {""Great tea selection"": true}, ""Accessibility"": {""Wheelchair accessible parking lot"": true}}",$$,,https://lh5.googleusercontent.com/-CXtIm1-MBas/AAAAAAAAAAI/AAAAAAAAAAA/Jsqs2O_vEDk/s44-p-k-no-ns-nd/photo.jpg,,,True,100987442352202103249,TE'AMO Boba & Dessert - Norridge,https://www.google.com/maps/contrib/100987442352202103249,,"https://www.google.com/viewer/chooseprovider?mid=/g/11lmf0vnj7&g2lbs=AAEPWCuEr9ADpeZUo-niBfRk4s8aUspe_rm9Yt6YSzdSUkPZPvcj_w3IdqRaujolqeJI1mWWHnVmoWT7m6nU1Z1T2spLbG9--Q%3D%3D&hl=en-US&gl=us&fo_m=MfohQo559jFvMUOzJVpjPL1YMfZ3bInYwBDuMfaXTPp5KXh-&utm_source=tactile&gei=rWwCaLiPINO6i-gP1N240As&ei=rWwCaLiPINO6i-gP1N240As&fo_s=OA,SOE&opi=79508299&ebb=1&cs=0&foub=mcpp",,,"https://www.google.com/maps/place/TE%27AMO+Boba+%26+Dessert+-+Norridge/@41.9574788,-87.80764529999999,14z/data=!4m8!1m2!2m1!1sTE%27AMO+Boba+%26+Dessert+-+Norridge!3m4!1s0x880fcb0038d8f663:0x8341c7876ee41ac7!8m2!3d41.9574788!4d-87.80764529999999","https://www.google.com/maps/place/TE%27AMO+Boba+%26+Dessert+-+Norridge/@41.9574788,-87.80764529999999,13.99z/data=!4m16!1m7!3m6!1s0x880fcb0038d8f663:0x8341c7876ee41ac7!2sTE%27AMO+Boba+%26+Dessert+-+Norridge!8m2!3d41.9574788!4d-87.80764529999999!16s%2Fg%2F11ckvg1dmb!3m7!1s0x880fcb0038d8f663:0x8341c7876ee41ac7!8m2!3d41.9574788!4d-87.80764529999999!9m1!1b1!16s%2Fg%2F11ckvg1dmb?entry=ttu",ChIJY_bYOADLD4gRxxrkbofHQYM,0x880fcb0038d8f663:0x8341c7876ee41ac7,9458060076949707463,/g/11lmf0vnj7,-8988683996759844153,,share@teamobobabar.com,RECEIVING,SMTP validated,,,,,,,,,,,,,,,,,,,,,,13127596097,13125862308,13128578993,https://www.facebook.com/102449749429578,,,,,,,,,,,,,,,Organic Bubble Tea | TE'AMO BOBA BAR | United States,Wix.com Website Builder,"Te'amo Boba Bar is the first bubble tea&cake shop in the midwest to use all organic and all natural ingredients in all of our products. From organic bubble teas to handmade desserts, you will surely fall in love with our unique selection.",,False,False
"boba tea, 60644, Chicago, IL, US",Great Lakes Tea,Great Lakes Tea,https://chicagoteashop.com/,"Tea house, Gift shop, Lounge",Tea house,Tea house,+1 312-682-9669,"1406 W Grand Ave Suite #1, Chicago, IL 60642",West Town,1406 W Grand Ave Suite #1,Chicago,60642,Illinois,Illinois,United States of America,US,41.8912547,-87.66257,892664cad57ffff,America/Chicago,,False,4.8,25,"https://search.google.com/local/reviews?placeid=ChIJx4VVNzAtDogRDMZJ3gTHIjo&q=boba+tea,+60644,+Chicago,+IL,+US&authuser=0&hl=en&gl=US",,,1.0,0.0,1.0,0.0,23.0,23,https://lh3.googleusercontent.com/p/AF1QipPnI5N4vSu14DWnyY3sArZ5hrMnuXLt5v6rsUQa=w800-h500-k-no,https://lh3.googleusercontent.com/p/AF1QipPnI5N4vSu14DWnyY3sArZ5hrMnuXLt5v6rsUQa=w1600-h1000-k-no,,"{""Monday"": ""Closed"", ""Tuesday"": ""Closed"", ""Wednesday"": ""Closed"", ""Thursday"": ""Closed"", ""Friday"": ""Closed"", ""Saturday"": ""Closed"", ""Sunday"": ""Closed""}",Monday:Closed|Tuesday:Closed|Wednesday:Closed|Thursday:Closed|Friday:Closed|Saturday:Closed|Sunday:Closed,,,OPERATIONAL,"{""From the business"": {""Identifies as Asian-owned"": true, ""Identifies as Black-owned"": true, ""Identifies as LGBTQ+ owned"": true}, ""Service options"": {""Curbside pickup"": true, ""No-contact delivery"": true, ""Delivery"": true, ""Onsite services"": true, ""Takeout"": true, ""Dine-in"": true}, ""Highlights"": {""Great tea selection"": true}, ""Accessibility"": {""Wheelchair accessible entrance"": true, ""Wheelchair accessible seating"": true, ""Wheelchair accessible parking lot"": false}, ""Amenities"": {""Gender-neutral restroom"": true}, ""Crowd"": {""LGBTQ+ friendly"": true, ""Transgender safespace"": true}, ""Parking"": {""Free street parking"": true, ""On-site parking"": true}, ""Other"": {""Identifies as Black-owned"": true, ""LGBTQ+ friendly"": true, ""Identifies as Asian-owned"": true, ""Identifies as LGBTQ+ owned"": true}}",$,,https://lh6.googleusercontent.com/-tC8bSrKVTHs/AAAAAAAAAAI/AAAAAAAAAAA/q20g8S6bjwg/s44-p-k-no-ns-nd/photo.jpg,,,True,103299500127448578849,Great Lakes Tea,https://www.google.com/maps/contrib/103299500127448578849,,"https://www.google.com/viewer/chooseprovider?mid=/g/11w4nkykc0&g2lbs=AAEPWCs0NGS4BxZxthfPY7sPfl3EmMgFickVJdnWK-0OpCRnSrOUlhTpsuyxUB23_K-xM66hDJLFYYOupq6x-fMNuEGg8TWYBQ%3D%3D&hl=en-US&gl=us&fo_m=MfohQo559jFvMUOzJVpjPL1YMfZ3bInYwBDuMfaXTPp5KXh-&utm_source=tactile&gei=rWwCaLiPINO6i-gP1N240As&ei=rWwCaLiPINO6i-gP1N240As&fo_s=OA,SOE&opi=79508299&ebb=1&cs=0&foub=mcpp",,,"https://www.google.com/maps/place/Great+Lakes+Tea/@41.8912547,-87.66257,14z/data=!4m8!1m2!2m1!1sGreat+Lakes+Tea!3m4!1s0x880e2d30375585c7:0x3a22c704de49c60c!8m2!3d41.8912547!4d-87.66257","https://www.google.com/maps/place/Great+Lakes+Tea/@41.8912547,-87.66257,13.99z/data=!4m16!1m7!3m6!1s0x880e2d30375585c7:0x3a22c704de49c60c!2sGreat+Lakes+Tea!8m2!3d41.8912547!4d-87.66257!16s%2Fg%2F11ckvg1dmb!3m7!1s0x880e2d30375585c7:0x3a22c704de49c60c!8m2!3d41.8912547!4d-87.66257!9m1!1b1!16s%2Fg%2F11ckvg1dmb?entry=ttu",ChIJx4VVNzAtDogRDMZJ3gTHIjo,0x880e2d30375585c7:0x3a22c704de49c60c,4189129427131155980,/g/11w4nkykc0,4189129427131155980,,hello@chicagoteashop.com,UNKNOWN,Cannot validate,,,,,,,,,,,,,,,,,,,,,,,,,,https://www.instagram.com/greatlakestea,,,,,,,,,https://twitter.com/greatlakestea,,,,,Home | Great Lakes Tea,,"Casual Gong Fu and Boba Milk Tea Lounge in West Town, Chicago. High Quality Tea & Conversation with your hosts, Carter and Lee!",,False,False
"boba tea, 60644, Chicago, IL, US",Uni Uni Boba & Rolling Ice Cream Rosemont 攸攸茶,Uni Uni Boba And Rolling Ice Cream Rosemont,https://www.uniuni.us/,"Bubble tea store, Ice cream shop",Bubble tea store,Bubble tea store,+1 312-900-6883,"5220 Fashion Outlets Way Unit 8084, Rosemont, IL 60018",None,5220 Fashion Outlets Way Unit 8084,Rosemont,60018,Illinois,Illinois,United States of America,US,41.974985499999995,-87.8671165,89275934c17ffff,America/Chicago,,False,4.5,82,"https://search.google.com/local/reviews?placeid=ChIJRanP4qa1D4gR54NS4-aiR8I&q=boba+tea,+60644,+Chicago,+IL,+US&authuser=0&hl=en&gl=US",,,6.0,1.0,6.0,6.0,63.0,93,https://lh3.googleusercontent.com/gps-cs-s/AB5caB_3VutdZ8jlyK-RI4TWF0NbQO8aVTXnR_60DnMtO-YkT-Jb6OQS4PUsgQ9OPJdIGGfiJ2QWG5OHznzf3afODtc66WO9IX5bs-6dK2sW6StwbauHd9EfrEil8sNgvAQ3Tsp9FOs=w800-h500-k-no,https://lh3.googleusercontent.com/gps-cs-s/AB5caB_3VutdZ8jlyK-RI4TWF0NbQO8aVTXnR_60DnMtO-YkT-Jb6OQS4PUsgQ9OPJdIGGfiJ2QWG5OHznzf3afODtc66WO9IX5bs-6dK2sW6StwbauHd9EfrEil8sNgvAQ3Tsp9FOs=w1600-h1000-k-no,,"{""Monday"": ""10AM-8PM"", ""Tuesday"": ""10AM-8PM"", ""Wednesday"": ""10AM-8PM"", ""Thursday"": ""10AM-8PM"", ""Friday"": ""10AM-8PM"", ""Saturday"": ""10AM-8PM"", ""Sunday"": ""10AM-7PM""}",Monday:10AM-8PM|Tuesday:10AM-8PM|Wednesday:10AM-8PM|Thursday:10AM-8PM|Friday:10AM-8PM|Saturday:10AM-8PM|Sunday:10AM-7PM,,,OPERATIONAL,"{""Service options"": {""Delivery"": true, ""Onsite services"": true, ""Takeout"": true, ""Dine-in"": true}, ""Highlights"": {""Great tea selection"": true}, ""Accessibility"": {""Wheelchair accessible entrance"": true, ""Wheelchair accessible parking lot"": true}}",,,https://lh4.googleusercontent.com/-Xuc5qb4LjII/AAAAAAAAAAI/AAAAAAAAAAA/hBpawk2WgJ8/s44-p-k-no-ns-nd/photo.jpg,,,True,118090189967455305797,Uni Uni Boba & Rolling Ice Cream Rosemont 攸攸茶,https://www.google.com/maps/contrib/118090189967455305797,,"https://www.google.com/viewer/chooseprovider?mid=/g/11t1hv5s_3&g2lbs=AAEPWCuS7qiuezEfID25z7D53AOB0xFb2n9GBw3lV0zrywrsFScsur7NGLQHbxujzUjRbZb0elUyn8OfqqrrF5SQBd8ZKm4j9A%3D%3D&hl=en-US&gl=us&fo_m=MfohQo559jFvMUOzJVpjPL1YMfZ3bInYwBDuMfaXTPp5KXh-&utm_source=tactile&gei=rWwCaLiPINO6i-gP1N240As&ei=rWwCaLiPINO6i-gP1N240As&fo_s=OA,SOE&opi=79508299&ebb=1&cs=0&foub=mcpp",,,"https://www.google.com/maps/place/Uni+Uni+Boba+%26+Rolling+Ice+Cream+Rosemont+%E6%94%B8%E6%94%B8%E8%8C%B6/@41.974985499999995,-87.8671165,14z/data=!4m8!1m2!2m1!1sUni+Uni+Boba+%26+Rolling+Ice+Cream+Rosemont+%E6%94%B8%E6%94%B8%E8%8C%B6!3m4!1s0x880fb5a6e2cfa945:0xc247a2e6e35283e7!8m2!3d41.974985499999995!4d-87.8671165","https://www.google.com/maps/place/Uni+Uni+Boba+%26+Rolling+Ice+Cream+Rosemont+%E6%94%B8%E6%94%B8%E8%8C%B6/@41.974985499999995,-87.8671165,13.99z/data=!4m16!1m7!3m6!1s0x880fb5a6e2cfa945:0xc247a2e6e35283e7!2sUni+Uni+Boba+%26+Rolling+Ice+Cream+Rosemont+%E6%94%B8%E6%94%B8%E8%8C%B6!8m2!3d41.974985499999995!4d-87.8671165!16s%2Fg%2F11ckvg1dmb!3m7!1s0x880fb5a6e2cfa945:0xc247a2e6e35283e7!8m2!3d41.974985499999995!4d-87.8671165!9m1!1b1!16s%2Fg%2F11ckvg1dmb?entry=ttu",ChIJRanP4qa1D4gR54NS4-aiR8I,0x880fb5a6e2cfa945:0xc247a2e6e35283e7,13999337079244489703,/g/11t1hv5s_3,-4447406994465061913,,info@uniuni.us,RECEIVING,Role,,,,,,,,,,,,,,,,,,,,,,17738783333,,,https://www.facebook.com/106118661851897,,,,,,,,,,,,,,,Uni Uni | Bubble Tea,Wix.com Website Builder,"Founded in Chicago by a group of passionate and young innovators, Uni Uni aims to bring our customers a unique bubble tea experience by offering a variety of healthy drinks made with high-quality ingredients. Driven by the craftsman spirit, Uni Uni focuses on every single detail of the tea-brewing process to present a flawless taste and appearance. It is at the core of our mission to build a rich, creative tea culture that wins the heart of every bubble-tea-lover.",,False,False
"boba tea, 60644, Chicago, IL, US",Boba Heaven,Boba Heaven,https://bobaheavencountryside.com/,Bubble tea store,Bubble tea store,Bubble tea store,+1 630-269-6861,"5432 LaGrange Rd, Countryside, IL 60525",None,5432 LaGrange Rd,Countryside,60525,Illinois,Illinois,United States of America,US,41.791192699999996,-87.8690299,892664533d7ffff,America/Chicago,,False,4.5,131,"https://search.google.com/local/reviews?placeid=ChIJA9cQeqVJDogRvJpiEgd0h94&q=boba+tea,+60644,+Chicago,+IL,+US&authuser=0&hl=en&gl=US",,,8.0,4.0,3.0,9.0,107.0,86,https://lh3.googleusercontent.com/gps-cs-s/AB5caB-hNWhk-RTU1U5RbKKdbjuFKzcumAhceS3noe2lKEilG_iheQ9bRfoBgHNIqOpww52EiMSjtb-40fE9l8yCsiSdZ09asfx6js78zVNGpXaCycsm1WMjM72PKzHzQeGCii5Z9TOk=w800-h500-k-no,https://lh3.googleusercontent.com/gps-cs-s/AB5caB-hNWhk-RTU1U5RbKKdbjuFKzcumAhceS3noe2lKEilG_iheQ9bRfoBgHNIqOpww52EiMSjtb-40fE9l8yCsiSdZ09asfx6js78zVNGpXaCycsm1WMjM72PKzHzQeGCii5Z9TOk=w1600-h1000-k-no,,"{""Monday"": ""12-11PM"", ""Tuesday"": ""12-11PM"", ""Wednesday"": ""12-11PM"", ""Thursday"": ""12-11PM"", ""Friday"": ""2PM-12AM"", ""Saturday"": ""12PM-12AM"", ""Sunday"": ""12-11PM""}",Monday:12-11PM|Tuesday:12-11PM|Wednesday:12-11PM|Thursday:12-11PM|Friday:2PM-12AM|Saturday:12PM-12AM|Sunday:12-11PM,,,OPERATIONAL,"{""Service options"": {""No-contact delivery"": true, ""Delivery"": true, ""Onsite services"": true, ""Takeout"": true, ""Dine-in"": true}, ""Highlights"": {""Great tea selection"": true}, ""Accessibility"": {""Wheelchair accessible entrance"": true, ""Wheelchair accessible parking lot"": true, ""Wheelchair accessible seating"": true}}",$,,https://lh3.googleusercontent.com/-PbFM7alt8hA/AAAAAAAAAAI/AAAAAAAAAAA/VBtHB2svS64/s44-p-k-no-ns-nd/photo.jpg,,,True,100378784615393132271,Boba Heaven,https://www.google.com/maps/contrib/100378784615393132271,,"https://www.google.com/viewer/chooseprovider?mid=/g/11shggj7fk&g2lbs=AAEPWCu-ZXnC4kpDUAWcMbSYWjZWJbazMtGDZn8G0lB3zFOXMzEGcf8HZTkqsbDzI4ONVrDOQ06xrvv7EV8qZqrKyTqGRLhcUw%3D%3D&hl=en-US&gl=us&fo_m=MfohQo559jFvMUOzJVpjPL1YMfZ3bInYwBDuMfaXTPp5KXh-&utm_source=tactile&gei=rWwCaLiPINO6i-gP1N240As&ei=rWwCaLiPINO6i-gP1N240As&fo_s=OA,SOE&opi=79508299&ebb=1&cs=0&foub=mcpp",,,"https://www.google.com/maps/place/Boba+Heaven/@41.791192699999996,-87.8690299,14z/data=!4m8!1m2!2m1!1sBoba+Heaven!3m4!1s0x880e49a57a10d703:0xde87740712629abc!8m2!3d41.791192699999996!4d-87.8690299","https://www.google.com/maps/place/Boba+Heaven/@41.791192699999996,-87.8690299,13.99z/data=!4m16!1m7!3m6!1s0x880e49a57a10d703:0xde87740712629abc!2sBoba+Heaven!8m2!3d41.791192699999996!4d-87.8690299!16s%2Fg%2F11ckvg1dmb!3m7!1s0x880e49a57a10d703:0xde87740712629abc!8m2!3d41.791192699999996!4d-87.8690299!9m1!1b1!16s%2Fg%2F11ckvg1dmb?entry=ttu",ChIJA9cQeqVJDogRvJpiEgd0h94,0x880e49a57a10d703:0xde87740712629abc,16034912571997985468,/g/11shggj7fk,-2411831501711566148,,bobaheaven.cs@yahoo.com,RECEIVING,SMTP validated,,,,,,,,,,,,,,,,,,,,,,16302696861,,,https://www.facebook.com/116649978060163,,,,,,,,,,,,,,,,,,,,
"boba tea, 60644, Chicago, IL, US",Oriental Tea,Oriental Tea,http://www.orientalteail.com/,"Chinese tea house, Cafe",Chinese tea house,Chinese tea house,+1 312-600-9321,"2244 S Wentworth Ave, Chicago, IL 60616",Armour Square,2244 S Wentworth Ave,Chicago,60616,Illinois,Illinois,United States of America,US,41.8515391,-87.6321281,892664cf4afffff,America/Chicago,,False,4.3,587,"https://search.google.com/local/reviews?placeid=ChIJoXnP-swtDogRdpp1rh5_TQI&q=boba+tea,+60644,+Chicago,+IL,+US&authuser=0&hl=en&gl=US",,,57.0,20.0,21.0,64.0,425.0,930,https://lh3.googleusercontent.com/gps-cs-s/AB5caB-xReKuBTrJISs0kvmQy4Filphk8174hf-4cJf3Cu8tk2VsU6ZIBg2M8fWAfRzbheai9K8sitY9IXeZ-eeZmR7WAxQe7dmL5OOME1QV9xc1ZnnIEsTYB-Crl5zSLicyMHt-tWlr=w800-h500-k-no,https://lh3.googleusercontent.com/gps-cs-s/AB5caB-xReKuBTrJISs0kvmQy4Filphk8174hf-4cJf3Cu8tk2VsU6ZIBg2M8fWAfRzbheai9K8sitY9IXeZ-eeZmR7WAxQe7dmL5OOME1QV9xc1ZnnIEsTYB-Crl5zSLicyMHt-tWlr=w1600-h1000-k-no,,"{""Monday"": ""11AM-10PM"", ""Tuesday"": ""11AM-10PM"", ""Wednesday"": ""11AM-10PM"", ""Thursday"": ""11AM-10PM"", ""Friday"": ""11AM-10:30PM"", ""Saturday"": ""11AM-10:30PM"", ""Sunday"": ""11AM-10:30PM""}",Monday:11AM-10PM|Tuesday:11AM-10PM|Wednesday:11AM-10PM|Thursday:11AM-10PM|Friday:11AM-10:30PM|Saturday:11AM-10:30PM|Sunday:11AM-10:30PM,,,OPERATIONAL,"{""Service options"": {""Delivery"": true, ""Onsite services"": true, ""Takeout"": true, ""Dine-in"": true}, ""Highlights"": {""Great tea selection"": true}}",$,,https://lh4.googleusercontent.com/-I7LfkMWRMaU/AAAAAAAAAAI/AAAAAAAAAAA/eLmH2WcwaU4/s44-p-k-no-ns-nd/photo.jpg,,,True,102236452942123646211,Oriental Tea,https://www.google.com/maps/contrib/102236452942123646211,http://www.orientalteail.com/,"https://www.google.com/viewer/chooseprovider?mid=/g/11q7fhy587&g2lbs=AAEPWCtGxOM2ZQmPUGVwFCPur5yzRZvjNPCuMw0hTOOLFffSaJ1L9zvUWq67sM7QZaY-DGdiJIZuoOgd9dBEZMvxCCu24ZJjNg%3D%3D&hl=en-US&gl=us&fo_m=MfohQo559jFvMUOzJVpjPL1YMfZ3bInYwBDuMfaXTPp5KXh-&utm_source=tactile&gei=rWwCaLiPINO6i-gP1N240As&ei=rWwCaLiPINO6i-gP1N240As&fo_s=OA,SOE&opi=79508299&ebb=1&cs=0&foub=mcpp",,http://www.orientalteail.com/,"https://www.google.com/maps/place/Oriental+Tea/@41.8515391,-87.6321281,14z/data=!4m8!1m2!2m1!1sOriental+Tea!3m4!1s0x880e2dccfacf79a1:0x24d7f1eae759a76!8m2!3d41.8515391!4d-87.6321281","https://www.google.com/maps/place/Oriental+Tea/@41.8515391,-87.6321281,13.99z/data=!4m16!1m7!3m6!1s0x880e2dccfacf79a1:0x24d7f1eae759a76!2sOriental+Tea!8m2!3d41.8515391!4d-87.6321281!16s%2Fg%2F11ckvg1dmb!3m7!1s0x880e2dccfacf79a1:0x24d7f1eae759a76!8m2!3d41.8515391!4d-87.6321281!9m1!1b1!16s%2Fg%2F11ckvg1dmb?entry=ttu",ChIJoXnP-swtDogRdpp1rh5_TQI,0x880e2dccfacf79a1:0x24d7f1eae759a76,165928531035265654,/g/11q7fhy587,165928531035265654,,,,,,,,,,,,,,,,,,,,,,,,,,,,,,,,,,,,,,,,,,,,Oriental Tea 茶颜观色,,,,,
"boba tea, 60644, Chicago, IL, US",Uni Uni Bubble Tea La Grange,Uni Uni Bubble Tea La Grange,https://www.uniuni.us/,"Bubble tea store, Catering food and drink supplier, Children's party service, Dessert shop, Event venue",Bubble tea store,Bubble tea store,+1 773-603-7179,"15 W Harris Ave, La Grange, IL 60525",None,15 W Harris Ave,La Grange,60525,Illinois,Illinois,United States of America,US,41.8142178,-87.87051319999999,892664536afffff,America/Chicago,,False,4.4,53,"https://search.google.com/local/reviews?placeid=ChIJXeDPxs1JDogR_e8sCbGui6M&q=boba+tea,+60644,+Chicago,+IL,+US&authuser=0&hl=en&gl=US",,,6.0,1.0,2.0,1.0,43.0,114,https://lh3.googleusercontent.com/p/AF1QipMpxeGo8jQpQot6HeSF_a0cUO7481ed4EfOrbE=w800-h500-k-no,https://lh3.googleusercontent.com/p/AF1QipMpxeGo8jQpQot6HeSF_a0cUO7481ed4EfOrbE=w1600-h1000-k-no,,"{""Monday"": ""12-8PM"", ""Tuesday"": ""12-8PM"", ""Wednesday"": ""12-8PM"", ""Thursday"": ""12-8PM"", ""Friday"": ""12-8:30PM"", ""Saturday"": ""12-8:30PM"", ""Sunday"": ""12-6PM""}",Monday:12-8PM|Tuesday:12-8PM|Wednesday:12-8PM|Thursday:12-8PM|Friday:12-8:30PM|Saturday:12-8:30PM|Sunday:12-6PM,,,OPERATIONAL,"{""From the business"": {""Identifies as Asian-owned"": true}, ""Service options"": {""Delivery"": true, ""Takeout"": true, ""Dine-in"": true}, ""Highlights"": {""Great tea selection"": true}, ""Accessibility"": {""Wheelchair accessible entrance"": true, ""Wheelchair accessible parking lot"": true, ""Wheelchair accessible seating"": true}, ""Crowd"": {""LGBTQ+ friendly"": true, ""Transgender safespace"": true}, ""Other"": {""LGBTQ+ friendly"": true, ""Identifies as Asian-owned"": true}}",$,,https://lh4.googleusercontent.com/-VOfQM4hADCw/AAAAAAAAAAI/AAAAAAAAAAA/HKSknVZysUM/s44-p-k-no-ns-nd/photo.jpg,,,True,112903436705435142552,Uni Uni Bubble Tea La Grange,https://www.google.com/maps/contrib/112903436705435142552,,"https://www.google.com/viewer/chooseprovider?mid=/g/11vlvbbgdj&g2lbs=AAEPWCtVewvTC-YDXO4GxD3s2XesABI_2Qh0StAkwD6ZKoS-473bTsH3zsy4jdzxjq20gmJSRDBRYh_KFEk1NKFw7HrG_Q4QQA%3D%3D&hl=en-US&gl=us&fo_m=MfohQo559jFvMUOzJVpjPL1YMfZ3bInYwBDuMfaXTPp5KXh-&utm_source=tactile&gei=r2wCaOKTLI7Si-gPq9_S-A0&ei=r2wCaOKTLI7Si-gPq9_S-A0&fo_s=OA,SOE&opi=79508299&ebb=1&cs=0&foub=mcpp",,,"https://www.google.com/maps/place/Uni+Uni+Bubble+Tea+La+Grange/@41.8142178,-87.87051319999999,14z/data=!4m8!1m2!2m1!1sUni+Uni+Bubble+Tea+La+Grange!3m4!1s0x880e49cdc6cfe05d:0xa38baeb1092ceffd!8m2!3d41.8142178!4d-87.87051319999999","https://www.google.com/maps/place/Uni+Uni+Bubble+Tea+La+Grange/@41.8142178,-87.87051319999999,13.99z/data=!4m16!1m7!3m6!1s0x880e49cdc6cfe05d:0xa38baeb1092ceffd!2sUni+Uni+Bubble+Tea+La+Grange!8m2!3d41.8142178!4d-87.87051319999999!16s%2Fg%2F11ckvg1dmb!3m7!1s0x880e49cdc6cfe05d:0xa38baeb1092ceffd!8m2!3d41.8142178!4d-87.87051319999999!9m1!1b1!16s%2Fg%2F11ckvg1dmb?entry=ttu",ChIJXeDPxs1JDogR_e8sCbGui6M,0x880e49cdc6cfe05d:0xa38baeb1092ceffd,11784704925331419133,/g/11vlvbbgdj,-6662039148378132483,,info@uniuni.us,RECEIVING,Role,,,,,,,,,,,,,,,,,,,,,,17738783333,,,https://www.facebook.com/106118661851897,,,,,,,,,,,,,,,Uni Uni | Bubble Tea,Wix.com Website Builder,"Founded in Chicago by a group of passionate and young innovators, Uni Uni aims to bring our customers a unique bubble tea experience by offering a variety of healthy drinks made with high-quality ingredients. Driven by the craftsman spirit, Uni Uni focuses on every single detail of the tea-brewing process to present a flawless taste and appearance. It is at the core of our mission to build a rich, creative tea culture that wins the heart of every bubble-tea-lover.",,False,False
"boba tea, 60644, Chicago, IL, US",Brew Brew Coffee and Tea,Brew Brew Coffee And Tea,http://www.brewbrewcoffeeandtea.com/,"Coffee shop, Cafe, Ice cream shop, Tea house",coffee shops,Coffee shop,+1 773-687-9498,"3832 W Diversey Ave, Chicago, IL 60647",Avondale,3832 W Diversey Ave,Chicago,60647,Illinois,Illinois,United States of America,US,41.9319434,-87.7234312,892664ca063ffff,America/Chicago,,False,4.6,539,"https://search.google.com/local/reviews?placeid=ChIJU2vrNQnND4gRbx62btvoPIo&q=boba+tea,+60644,+Chicago,+IL,+US&authuser=0&hl=en&gl=US",,,23.0,9.0,15.0,77.0,415.0,229,https://lh3.googleusercontent.com/p/AF1QipPN3Yxhk7iweojZxxd1KPSREWMgMMgcaMmF-ffs=w800-h500-k-no,https://lh3.googleusercontent.com/p/AF1QipPN3Yxhk7iweojZxxd1KPSREWMgMMgcaMmF-ffs=w1600-h1000-k-no,,"{""Monday"": ""7AM-3PM"", ""Tuesday"": ""7AM-3PM"", ""Wednesday"": ""7AM-3PM"", ""Thursday"": ""7AM-3PM"", ""Friday"": ""7AM-3PM"", ""Saturday"": ""7AM-3PM"", ""Sunday"": ""7AM-2PM""}",Monday:7AM-3PM|Tuesday:7AM-3PM|Wednesday:7AM-3PM|Thursday:7AM-3PM|Friday:7AM-3PM|Saturday:7AM-3PM|Sunday:7AM-2PM,,,OPERATIONAL,"{""From the business"": {""Identifies as Latino-owned"": true}, ""Service options"": {""Outdoor seating"": true, ""Delivery"": true, ""Onsite services"": true, ""Takeout"": true, ""Dine-in"": true}, ""Highlights"": {""Great coffee"": true, ""Great tea selection"": true}, ""Popular for"": {""Breakfast"": true, ""Lunch"": true, ""Solo dining"": true, ""Good for working on laptop"": true}, ""Accessibility"": {""Wheelchair accessible entrance"": true, ""Wheelchair accessible seating"": true, ""Assistive hearing loop"": false}, ""Offerings"": {""Coffee"": true, ""Quick bite"": true}, ""Dining options"": {""Breakfast"": true, ""Brunch"": true, ""Lunch"": true, ""Dessert"": true, ""Seating"": true}, ""Amenities"": {""Restroom"": true, ""Wi-Fi"": true}, ""Atmosphere"": {""Casual"": true, ""Cozy"": true, ""Trendy"": true}, ""Crowd"": {""College students"": true, ""Family-friendly"": true, ""LGBTQ+ friendly"": true, ""Transgender safespace"": true}, ""Planning"": {""Accepts reservations"": true}, ""Payments"": {""Credit cards"": true, ""Debit cards"": true, ""NFC mobile payments"": true}, ""Children"": {""Good for kids"": true}, ""Parking"": {""Free street parking"": true}, ""Pets"": {""Dogs allowed outside"": true}, ""Other"": {""LGBTQ+ friendly"": true, ""Identifies as Latino-owned"": true}}",$,,https://lh6.googleusercontent.com/-xBz4_lBGG5g/AAAAAAAAAAI/AAAAAAAAAAA/hSf31YIMZB8/s44-p-k-no-ns-nd/photo.jpg,"Compact coffee house offering java drinks, tea & sandwiches, plus Wi-Fi in comfy surrounds.",,True,117549918954213075153,Brew Brew Coffee and Tea,https://www.google.com/maps/contrib/117549918954213075153,,"https://www.google.com/viewer/chooseprovider?mid=/g/11b6glycrf&g2lbs=AAEPWCucd5Nv4Q59Vx0p_udcQ-yLFww9oy8h74AiPTESXrnXhzEtOuvyTtpBuUh2sbHt2czIEcrIDtoY1PjIXXvg34Wq-zmntQ%3D%3D&hl=en-US&gl=us&fo_m=MfohQo559jFvMUOzJVpjPL1YMfZ3bInYwBDuMfaXTPp5KXh-&utm_source=tactile&gei=r2wCaOKTLI7Si-gPq9_S-A0&ei=r2wCaOKTLI7Si-gPq9_S-A0&fo_s=OA,SOE&opi=79508299&ebb=1&cs=0&foub=mcpp",,,"https://www.google.com/maps/place/Brew+Brew+Coffee+and+Tea/@41.9319434,-87.7234312,14z/data=!4m8!1m2!2m1!1sBrew+Brew+Coffee+and+Tea!3m4!1s0x880fcd0935eb6b53:0x8a3ce8db6eb61e6f!8m2!3d41.9319434!4d-87.7234312","https://www.google.com/maps/place/Brew+Brew+Coffee+and+Tea/@41.9319434,-87.7234312,13.99z/data=!4m16!1m7!3m6!1s0x880fcd0935eb6b53:0x8a3ce8db6eb61e6f!2sBrew+Brew+Coffee+and+Tea!8m2!3d41.9319434!4d-87.7234312!16s%2Fg%2F11ckvg1dmb!3m7!1s0x880fcd0935eb6b53:0x8a3ce8db6eb61e6f!8m2!3d41.9319434!4d-87.7234312!9m1!1b1!16s%2Fg%2F11ckvg1dmb?entry=ttu",ChIJU2vrNQnND4gRbx62btvoPIo,0x880fcd0935eb6b53:0x8a3ce8db6eb61e6f,9961092504989605487,/g/11b6glycrf,-8485651568719946129,,info@brewbrewcoffeeandtea.com,INVALID,Cannot validate,Taylor Floyd,Taylor,Floyd,Owner,17194875992,brewbrewchicago@gmail.com,RECEIVING,SMTP validated,,,,,,,,,,,,,,7736879498,,,https://www.facebook.com/brewbrewchicago,http://www.instagram.com/brewbrewchicago,,,,,,,,,https://twitter.com/BrewBrewChicago,,,,,Brew Brew Coffee + Tea,,"A coffee and tea house in Chicago. Locations in Avondale and Pilsen 
neighborhood. Gluten free and vegan pastries available. Brewing joy every 
day!",,False,False
"boba tea, 60644, Chicago, IL, US",Outdoor Cafe,Outdoor Cafe,https://theoutdoorcafe.com/,"Bubble tea store, Cafe, Coffee shop, Dessert shop, Sandwich shop",cafes,Bubble tea store,+1 773-539-6078,"3257 W Bryn Mawr Ave, Chicago, IL 60659",North Park,3257 W Bryn Mawr Ave,Chicago,60659,Illinois,Illinois,United States of America,US,41.9829316,-87.711142,892664d8a53ffff,America/Chicago,,False,4.5,430,"https://search.google.com/local/reviews?placeid=ChIJTRJj7Q7OD4gRL4f37jQhhGw&q=boba+tea,+60644,+Chicago,+IL,+US&authuser=0&hl=en&gl=US",,,21.0,10.0,14.0,75.0,310.0,366,https://lh3.googleusercontent.com/p/AF1QipMNZK3J9jAQL2ra3uECdSSAY8lCt6o-fHFw7gkQ=w800-h500-k-no,https://lh3.googleusercontent.com/p/AF1QipMNZK3J9jAQL2ra3uECdSSAY8lCt6o-fHFw7gkQ=w1600-h1000-k-no,,"{""Monday"": ""8AM-9PM"", ""Tuesday"": ""8AM-9PM"", ""Wednesday"": ""8AM-9PM"", ""Thursday"": ""8AM-9PM"", ""Friday"": ""8AM-10PM"", ""Saturday"": ""9AM-10PM"", ""Sunday"": ""9AM-9PM""}",Monday:8AM-9PM|Tuesday:8AM-9PM|Wednesday:8AM-9PM|Thursday:8AM-9PM|Friday:8AM-10PM|Saturday:9AM-10PM|Sunday:9AM-9PM,,,OPERATIONAL,"{""Service options"": {""Curbside pickup"": true, ""Delivery"": true, ""Onsite services"": true, ""Takeout"": true, ""Dine-in"": true}, ""Highlights"": {""Great coffee"": true, ""Great dessert"": true, ""Great tea selection"": true, ""Live performances"": true}, ""Popular for"": {""Breakfast"": true, ""Lunch"": true, ""Solo dining"": true, ""Good for working on laptop"": true}, ""Accessibility"": {""Wheelchair accessible entrance"": true, ""Wheelchair accessible seating"": true}, ""Offerings"": {""Coffee"": true, ""Comfort food"": true, ""Late-night food"": true, ""Quick bite"": true, ""Small plates"": true}, ""Dining options"": {""Breakfast"": true, ""Brunch"": true, ""Lunch"": true, ""Dessert"": true, ""Seating"": true}, ""Amenities"": {""Gender-neutral restroom"": true, ""Restroom"": true, ""Wi-Fi"": true}, ""Atmosphere"": {""Casual"": true, ""Cozy"": true, ""Trendy"": true}, ""Crowd"": {""College students"": true, ""Family-friendly"": true, ""Groups"": true}, ""Planning"": {""Accepts reservations"": false}, ""Payments"": {""Credit cards"": true, ""Debit cards"": true, ""NFC mobile payments"": true}, ""Children"": {""Good for kids"": true, ""High chairs"": true}, ""Parking"": {""Free street parking"": true, ""Paid street parking"": true, ""Parking"": true}}",$,,https://lh5.googleusercontent.com/-2NooH7FSNLY/AAAAAAAAAAI/AAAAAAAAAAA/HMXOckNtW7A/s44-p-k-no-ns-nd/photo.jpg,"Funky coffee shop & ice cream parlor with both Korean options & banana splits, plus a few panini.",,True,106425235426930355447,Outdoor Cafe,https://www.google.com/maps/contrib/106425235426930355447,,"https://www.google.com/viewer/chooseprovider?mid=/g/1td7755j&g2lbs=AAEPWCuVgLqwiP7qYxmEKwFrSa_IygjxDfckUhaHSMacHp6zyDhPdnZVUS62rjG1mxK0gX42jUWNmTroGeIKsF9HYlLUTkYosA%3D%3D&hl=en-US&gl=us&fo_m=MfohQo559jFvMUOzJVpjPL1YMfZ3bInYwBDuMfaXTPp5KXh-&utm_source=tactile&gei=r2wCaOKTLI7Si-gPq9_S-A0&ei=r2wCaOKTLI7Si-gPq9_S-A0&fo_s=OA,SOE&opi=79508299&ebb=1&cs=0&foub=mcpp",,,"https://www.google.com/maps/place/Outdoor+Cafe/@41.9829316,-87.711142,14z/data=!4m8!1m2!2m1!1sOutdoor+Cafe!3m4!1s0x880fce0eed63124d:0x6c842134eef7872f!8m2!3d41.9829316!4d-87.711142","https://www.google.com/maps/place/Outdoor+Cafe/@41.9829316,-87.711142,13.99z/data=!4m16!1m7!3m6!1s0x880fce0eed63124d:0x6c842134eef7872f!2sOutdoor+Cafe!8m2!3d41.9829316!4d-87.711142!16s%2Fg%2F11ckvg1dmb!3m7!1s0x880fce0eed63124d:0x6c842134eef7872f!8m2!3d41.9829316!4d-87.711142!9m1!1b1!16s%2Fg%2F11ckvg1dmb?entry=ttu",ChIJTRJj7Q7OD4gRL4f37jQhhGw,0x880fce0eed63124d:0x6c842134eef7872f,7819411364253239087,/g/1td7755j,7819411364253239087,,info@theoutdoorcafe.com,INVALID,Invalid DNS,,,,,,,,,,,,,,,,,,,,,,,,,,,,,,,,,,,,,,,,,,,,,
"boba tea, 60644, Chicago, IL, US",Tsaocaa,Tsaocaa,http://www.tsaocaail.com/,Cafe,cafes,Cafe,+1 312-624-9650,"2026 S Clark St unit g, Chicago, IL 60616",South Loop,2026 S Clark St unit g,Chicago,60616,Illinois,Illinois,United States of America,US,41.854753599999995,-87.63040389999999,892664cf4b3ffff,America/Chicago,,False,4.2,402,"https://search.google.com/local/reviews?placeid=ChIJt4MKFdgtDogR1mgNTZi7TXA&q=boba+tea,+60644,+Chicago,+IL,+US&authuser=0&hl=en&gl=US",,,38.0,18.0,23.0,81.0,242.0,775,https://lh3.googleusercontent.com/p/AF1QipN1fHkojnDTrLmvuOBND_r3Eofk2T3jaAPU8qRQ=w800-h500-k-no,https://lh3.googleusercontent.com/p/AF1QipN1fHkojnDTrLmvuOBND_r3Eofk2T3jaAPU8qRQ=w1600-h1000-k-no,,"{""Monday"": ""11:30AM-9:30PM"", ""Tuesday"": ""11:30AM-9:30PM"", ""Wednesday"": ""11:30AM-9:30PM"", ""Thursday"": ""11:30AM-9:30PM"", ""Friday"": ""11:30AM-10PM"", ""Saturday"": ""11:30AM-10PM"", ""Sunday"": ""11:30AM-10PM""}",Monday:11:30AM-9:30PM|Tuesday:11:30AM-9:30PM|Wednesday:11:30AM-9:30PM|Thursday:11:30AM-9:30PM|Friday:11:30AM-10PM|Saturday:11:30AM-10PM|Sunday:11:30AM-10PM,,,OPERATIONAL,"{""Service options"": {""Outdoor seating"": true, ""No-contact delivery"": true, ""Delivery"": true, ""Onsite services"": true, ""Takeout"": true, ""Dine-in"": true}, ""Highlights"": {""Great dessert"": true, ""Great tea selection"": true}, ""Popular for"": {""Solo dining"": true, ""Good for working on laptop"": true}, ""Accessibility"": {""Wheelchair accessible entrance"": true, ""Wheelchair accessible parking lot"": true, ""Wheelchair accessible restroom"": true, ""Wheelchair accessible seating"": true}, ""Offerings"": {""Coffee"": true, ""Comfort food"": true, ""Quick bite"": true, ""Small plates"": true}, ""Dining options"": {""Breakfast"": true, ""Lunch"": true, ""Dinner"": true, ""Catering"": true, ""Dessert"": true, ""Seating"": true}, ""Amenities"": {""Restroom"": true, ""Wi-Fi"": true}, ""Atmosphere"": {""Casual"": true, ""Trendy"": true}, ""Crowd"": {""College students"": true, ""Family-friendly"": true, ""Groups"": true, ""LGBTQ+ friendly"": true, ""Tourists"": true}, ""Payments"": {""Credit cards"": true, ""Debit cards"": true, ""NFC mobile payments"": true}, ""Children"": {""Good for kids"": true}, ""Pets"": {""Dogs allowed outside"": true}, ""Other"": {""LGBTQ+ friendly"": true}}",$,,https://lh5.googleusercontent.com/-wufNgeNqbmc/AAAAAAAAAAI/AAAAAAAAAAA/Q6AF4VBCnXk/s44-p-k-no-ns-nd/photo.jpg,"Chinese cheese, milk & fruit tea drinks are whipped up in a spare, modern cafe with light eats.",,True,117904635049207616587,Tsaocaa,https://www.google.com/maps/contrib/117904635049207616587,,"https://www.google.com/viewer/chooseprovider?mid=/g/11gwgddvyd&g2lbs=AAEPWCtHPXx4cfTYRvsyv1414IqwxjDRh9bJtZydojPWW5VQIiJ2zI_jIO0WncBN7jfats8AqNIMW3saBaXxHd8JwuUrhxKDGw%3D%3D&hl=en-US&gl=us&fo_m=MfohQo559jFvMUOzJVpjPL1YMfZ3bInYwBDuMfaXTPp5KXh-&utm_source=tactile&gei=r2wCaOKTLI7Si-gPq9_S-A0&ei=r2wCaOKTLI7Si-gPq9_S-A0&fo_s=OA,SOE&opi=79508299&ebb=1&cs=0&foub=mcpp",,,"https://www.google.com/maps/place/Tsaocaa/@41.854753599999995,-87.63040389999999,14z/data=!4m8!1m2!2m1!1sTsaocaa!3m4!1s0x880e2dd8150a83b7:0x704dbb984d0d68d6!8m2!3d41.854753599999995!4d-87.63040389999999","https://www.google.com/maps/place/Tsaocaa/@41.854753599999995,-87.63040389999999,13.99z/data=!4m16!1m7!3m6!1s0x880e2dd8150a83b7:0x704dbb984d0d68d6!2sTsaocaa!8m2!3d41.854753599999995!4d-87.63040389999999!16s%2Fg%2F11ckvg1dmb!3m7!1s0x880e2dd8150a83b7:0x704dbb984d0d68d6!8m2!3d41.854753599999995!4d-87.63040389999999!9m1!1b1!16s%2Fg%2F11ckvg1dmb?entry=ttu",ChIJt4MKFdgtDogR1mgNTZi7TXA,0x880e2dd8150a83b7:0x704dbb984d0d68d6,8092330368256796886,/g/11gwgddvyd,8092330368256796886,,tsaocaa.tea@gmail.com,RECEIVING,SMTP validated,,,,,,,,,,,,,,,,,,,,,,,,,https://facebook.com/TsaocaaTeaChicago/,https://www.instagram.com/tsaocaa_chicago,,,,,,,,,https://twitter.com/tsaocaa,,,,,朝茶TSAoCAA,,"As the story goes - there was a group of people that
                      found it extremely difficult to be able to drink a good cup of pure tea
                      which not only tasted great but consisted of pure/natural ingredients.
                      Therefore, this group decided to make “A Pure Cup of Good Tea” which was
                      similar to pure tea they desired , and they decided to establish a milk tea
                      shop they liked..",,,
"boba tea, 60644, Chicago, IL, US",Legend Tasty House,Legend Tasty House,http://www.legendtastyhouse.com/,Ice cream shop,Ice cream shop,Ice cream shop,+1 312-225-8869,"2242 S Wentworth Ave, Chicago, IL 60616",Armour Square,2242 S Wentworth Ave,Chicago,60616,Illinois,Illinois,United States of America,US,41.8516069,-87.63226619999999,892664cf4afffff,America/Chicago,,False,4.7,2565,"https://search.google.com/local/reviews?placeid=ChIJqe9b62MsDogRhZMfEWztRFQ&q=boba+tea,+60644,+Chicago,+IL,+US&authuser=0&hl=en&gl=US",,,31.0,22.0,117.0,443.0,1952.0,3013,https://lh3.googleusercontent.com/p/AF1QipMw9RgXkwVniO1Ia0EzFqBZ2DHpPNyxw3G8mhN3=w800-h500-k-no,https://lh3.googleusercontent.com/p/AF1QipMw9RgXkwVniO1Ia0EzFqBZ2DHpPNyxw3G8mhN3=w1600-h1000-k-no,,"{""Monday"": ""11:30AM-11PM"", ""Tuesday"": ""11:30AM-11PM"", ""Wednesday"": ""11:30AM-11PM"", ""Thursday"": ""11:30AM-11PM"", ""Friday"": ""11AM-11:45PM"", ""Saturday"": ""11AM-11:45PM"", ""Sunday"": ""11:30AM-11PM""}",Monday:11:30AM-11PM|Tuesday:11:30AM-11PM|Wednesday:11:30AM-11PM|Thursday:11:30AM-11PM|Friday:11AM-11:45PM|Saturday:11AM-11:45PM|Sunday:11:30AM-11PM,,,OPERATIONAL,"{""Service options"": {""Delivery"": true, ""In-store shopping"": true, ""Onsite services"": true, ""Takeout"": true, ""Dine-in"": true, ""Same-day delivery"": false}, ""Popular for"": {""Solo dining"": true}, ""Amenities"": {""Restroom"": true, ""Wi-Fi"": true}, ""Atmosphere"": {""Casual"": true, ""Trendy"": true}, ""Crowd"": {""Groups"": true}, ""Planning"": {""Quick visit"": true}, ""Payments"": {""Credit cards"": true, ""Debit cards"": true, ""NFC mobile payments"": true}, ""Children"": {""Good for kids"": true}}",$,,https://lh3.googleusercontent.com/-pTexcz8yofI/AAAAAAAAAAI/AAAAAAAAAAA/iQ35hZoWy-k/s44-p-k-no-ns-nd/photo.jpg,Colorful counter serve specializing in hand-rolled Thai ice cream with a variety of toppings.,,True,103102008226827443192,Legend Tasty House,https://www.google.com/maps/contrib/103102008226827443192,,,,,"https://www.google.com/maps/place/Legend+Tasty+House/@41.8516069,-87.63226619999999,14z/data=!4m8!1m2!2m1!1sLegend+Tasty+House!3m4!1s0x880e2c63eb5befa9:0x5444ed6c111f9385!8m2!3d41.8516069!4d-87.63226619999999","https://www.google.com/maps/place/Legend+Tasty+House/@41.8516069,-87.63226619999999,13.99z/data=!4m16!1m7!3m6!1s0x880e2c63eb5befa9:0x5444ed6c111f9385!2sLegend+Tasty+House!8m2!3d41.8516069!4d-87.63226619999999!16s%2Fg%2F11ckvg1dmb!3m7!1s0x880e2c63eb5befa9:0x5444ed6c111f9385!8m2!3d41.8516069!4d-87.63226619999999!9m1!1b1!16s%2Fg%2F11ckvg1dmb?entry=ttu",ChIJqe9b62MsDogRhZMfEWztRFQ,0x880e2c63eb5befa9:0x5444ed6c111f9385,6072239246001804165,/g/11g6m1dkpf,6072239246001804165,,,,,,,,,,,,,,,,,,,,,,,,,,,,,,,,,,,,,,,,,,,,,,,,,
"boba tea, 60644, Chicago, IL, US",Kung Fu Tea Wicker Park,Kung Fu Tea Wicker Park,http://www.kungfutea.com/,Bubble tea store,Bubble tea store,Bubble tea store,+1 773-661-9995,"1624 W Division St A, Chicago, IL 60622",Wicker Park,1624 W Division St A,Chicago,60622,Illinois,Illinois,United States of America,US,41.9035094,-87.6685116,892664cacafffff,America/Chicago,,False,4.3,75,"https://search.google.com/local/reviews?placeid=ChIJPeJElVnTD4gRf_3fvtG3Jrs&q=boba+tea,+60644,+Chicago,+IL,+US&authuser=0&hl=en&gl=US",,,8.0,3.0,3.0,4.0,57.0,191,https://lh3.googleusercontent.com/gps-proxy/ALd4DhFklmw2c7GVjQ_RpcKDzy2C5sbUtRn49SplI7Ab8YVveSEs7tPrcxt6Nce2-L-ueoI4-qmlNx2Q9_bKeg3e2NiWoivybzHtc9tzlTv95BdmxkwmJAL0m7BxXuQLY9AC_zaq02GREhxa6BQEzsoX14023w3nyhckmqwUxl-9C4_jivHriF--FyE=w800-h500-k-no,https://lh3.googleusercontent.com/gps-proxy/ALd4DhFklmw2c7GVjQ_RpcKDzy2C5sbUtRn49SplI7Ab8YVveSEs7tPrcxt6Nce2-L-ueoI4-qmlNx2Q9_bKeg3e2NiWoivybzHtc9tzlTv95BdmxkwmJAL0m7BxXuQLY9AC_zaq02GREhxa6BQEzsoX14023w3nyhckmqwUxl-9C4_jivHriF--FyE=w1600-h1000-k-no,,"{""Monday"": ""12-10PM"", ""Tuesday"": ""12-10PM"", ""Wednesday"": ""12-10PM"", ""Thursday"": ""12-10PM"", ""Friday"": ""11:30AM-10:30PM"", ""Saturday"": ""11:30AM-10:30PM"", ""Sunday"": ""11:30AM-10PM""}",Monday:12-10PM|Tuesday:12-10PM|Wednesday:12-10PM|Thursday:12-10PM|Friday:11:30AM-10:30PM|Saturday:11:30AM-10:30PM|Sunday:11:30AM-10PM,,,OPERATIONAL,"{""Service options"": {""Delivery"": true, ""Takeout"": true, ""Dine-in"": true}, ""Highlights"": {""Great tea selection"": true}, ""Accessibility"": {""Wheelchair accessible entrance"": true}}",$,,https://lh3.googleusercontent.com/-JhzZz7X_5ks/AAAAAAAAAAI/AAAAAAAAAAA/EduGSyMSseg/s44-p-k-no-ns-nd/photo.jpg,"Bubble tea specialist with a selection of other hot & cold drinks, including coffee & slushes.",,True,106431287506712445725,Kung Fu Tea Wicker Park,https://www.google.com/maps/contrib/106431287506712445725,,"https://www.google.com/viewer/chooseprovider?mid=/g/11stpp0v9w&g2lbs=AAEPWCunQ_3Pb-UXCdeufQwylYCyEQNXexU0v4Dy5eopdqXw_wZsw6buHwDLOLbeCbYD3QbJWq23Q44UUqfjfIufG0qGPyBjbg%3D%3D&hl=en-US&gl=us&fo_m=MfohQo559jFvMUOzJVpjPL1YMfZ3bInYwBDuMfaXTPp5KXh-&utm_source=tactile&gei=r2wCaOKTLI7Si-gPq9_S-A0&ei=r2wCaOKTLI7Si-gPq9_S-A0&fo_s=OA,SOE&opi=79508299&ebb=1&cs=0&foub=mcpp",,,"https://www.google.com/maps/place/Kung+Fu+Tea+Wicker+Park/@41.9035094,-87.6685116,14z/data=!4m8!1m2!2m1!1sKung+Fu+Tea+Wicker+Park!3m4!1s0x880fd3599544e23d:0xbb26b7d1bedffd7f!8m2!3d41.9035094!4d-87.6685116","https://www.google.com/maps/place/Kung+Fu+Tea+Wicker+Park/@41.9035094,-87.6685116,13.99z/data=!4m16!1m7!3m6!1s0x880fd3599544e23d:0xbb26b7d1bedffd7f!2sKung+Fu+Tea+Wicker+Park!8m2!3d41.9035094!4d-87.6685116!16s%2Fg%2F11ckvg1dmb!3m7!1s0x880fd3599544e23d:0xbb26b7d1bedffd7f!8m2!3d41.9035094!4d-87.6685116!9m1!1b1!16s%2Fg%2F11ckvg1dmb?entry=ttu",ChIJPeJElVnTD4gRf_3fvtG3Jrs,0x880fd3599544e23d:0xbb26b7d1bedffd7f,13485668245685927295,/g/11stpp0v9w,-4961075828023624321,,support@armsglobalinc.com,RECEIVING,Role,,,,,,marketing@kfteausa.com,RECEIVING,SMTP validated,,,,,,delivery_help@grubhub.com,RECEIVING,SMTP validated,,,,,,+1 724-544-6367,+1 855-538-9888,15402175182,https://www.facebook.com/kungfuteausa/,https://www.instagram.com/kungfuteausa,https://www.linkedin.com/company/kung-fu-tea,https://www.tiktok.com/@kungfutea,,,,,,,https://twitter.com/kfteausa,,,,,Menu — Kung Fu Tea | Fresh - Innovative - Fearless leading tea brand,WordPress 6.3,"Menu At Kung Fu Tea, every beverage is made-to-order with real Kung Fu. Our tea is freshly brewed every 3 hours using premium tea leaves. You can choose from classic teas, milk teas, fruit teas, slushies and more. Each drink is customized by you! You get to pick your toppings,…",,False,True
"boba tea, 60644, Chicago, IL, US",Sipping Turtle Cafe,Sipping Turtle Cafe,https://sippingturtlecafe.com/,"Coffee shop, Breakfast restaurant, Cafe",coffee shops,Coffee shop,+1 773-787-3668,"2959 N Milwaukee Ave, Chicago, IL 60618",Avondale,2959 N Milwaukee Ave,Chicago,60618,Illinois,Illinois,United States of America,US,41.9352103,-87.7170819,892664ca03bffff,America/Chicago,,False,4.6,323,"https://search.google.com/local/reviews?placeid=ChIJBepZlcbND4gR0CQMLhZaC34&q=boba+tea,+60644,+Chicago,+IL,+US&authuser=0&hl=en&gl=US",,,12.0,10.0,14.0,36.0,251.0,231,https://lh3.googleusercontent.com/p/AF1QipMqjIR8ZKLJ6xaR9l5HNTwOx4xSHlO6GQaXpUCH=w800-h500-k-no,https://lh3.googleusercontent.com/p/AF1QipMqjIR8ZKLJ6xaR9l5HNTwOx4xSHlO6GQaXpUCH=w1600-h1000-k-no,,"{""Monday"": ""8AM-6PM"", ""Tuesday"": ""8AM-6PM"", ""Wednesday"": ""8AM-6PM"", ""Thursday"": ""8AM-6PM"", ""Friday"": ""8AM-6PM"", ""Saturday"": ""9AM-6PM"", ""Sunday"": ""9AM-6PM""}",Monday:8AM-6PM|Tuesday:8AM-6PM|Wednesday:8AM-6PM|Thursday:8AM-6PM|Friday:8AM-6PM|Saturday:9AM-6PM|Sunday:9AM-6PM,,,OPERATIONAL,"{""From the business"": {""Identifies as women-owned"": true}, ""Service options"": {""Delivery"": true, ""Onsite services"": true, ""Takeout"": true, ""Dine-in"": true}, ""Highlights"": {""Great coffee"": true, ""Great tea selection"": true}, ""Popular for"": {""Breakfast"": true, ""Lunch"": true, ""Solo dining"": true, ""Good for working on laptop"": true}, ""Accessibility"": {""Wheelchair accessible entrance"": true, ""Wheelchair accessible restroom"": true, ""Wheelchair accessible seating"": true}, ""Offerings"": {""Coffee"": true, ""Comfort food"": true, ""Quick bite"": true, ""Vegetarian options"": true}, ""Dining options"": {""Breakfast"": true, ""Lunch"": true, ""Dinner"": true, ""Dessert"": true, ""Seating"": true}, ""Amenities"": {""Restroom"": true, ""Wi-Fi"": true}, ""Atmosphere"": {""Casual"": true, ""Cozy"": true, ""Trendy"": true}, ""Crowd"": {""College students"": true, ""Family-friendly"": true, ""LGBTQ+ friendly"": true}, ""Planning"": {""Accepts reservations"": false}, ""Payments"": {""Credit cards"": true, ""Debit cards"": true, ""NFC mobile payments"": true}, ""Children"": {""Good for kids"": true, ""High chairs"": true}, ""Other"": {""LGBTQ+ friendly"": true, ""Identifies as women-owned"": true}}",$,,https://lh3.googleusercontent.com/-WTyB4oOflPk/AAAAAAAAAAI/AAAAAAAAAAA/rGPL_1rsw1k/s44-p-k-no-ns-nd/photo.jpg,,,True,108535962539676301570,Sipping Turtle Cafe,https://www.google.com/maps/contrib/108535962539676301570,,"https://www.google.com/viewer/chooseprovider?mid=/g/11fsbggxsc&g2lbs=AAEPWCtH55-GoQYXPoDdqK6N-1Tg0V0qarECwWLnz-KFY6U7sqw1XqWZaG2H8zyxY-HmU9c5Y3SJUAnip3UUpF0IAZRRUuQHSA%3D%3D&hl=en-US&gl=us&fo_m=MfohQo559jFvMUOzJVpjPL1YMfZ3bInYwBDuMfaXTPp5KXh-&utm_source=tactile&gei=r2wCaOKTLI7Si-gPq9_S-A0&ei=r2wCaOKTLI7Si-gPq9_S-A0&fo_s=OA,SOE&opi=79508299&ebb=1&cs=0&foub=mcpp",,,"https://www.google.com/maps/place/Sipping+Turtle+Cafe/@41.9352103,-87.7170819,14z/data=!4m8!1m2!2m1!1sSipping+Turtle+Cafe!3m4!1s0x880fcdc69559ea05:0x7e0b5a162e0c24d0!8m2!3d41.9352103!4d-87.7170819","https://www.google.com/maps/place/Sipping+Turtle+Cafe/@41.9352103,-87.7170819,13.99z/data=!4m16!1m7!3m6!1s0x880fcdc69559ea05:0x7e0b5a162e0c24d0!2sSipping+Turtle+Cafe!8m2!3d41.9352103!4d-87.7170819!16s%2Fg%2F11ckvg1dmb!3m7!1s0x880fcdc69559ea05:0x7e0b5a162e0c24d0!8m2!3d41.9352103!4d-87.7170819!9m1!1b1!16s%2Fg%2F11ckvg1dmb?entry=ttu",ChIJBepZlcbND4gR0CQMLhZaC34,0x880fcdc69559ea05:0x7e0b5a162e0c24d0,9082452124831065296,/g/11fsbggxsc,9082452124831065296,,sippingturtlecafe@gmail.com,RECEIVING,SMTP validated,,,,,,,,,,,,,,,,,,,,,,7737873668,,,https://www.facebook.com/sippingturtlecafe/,https://www.instagram.com/sippingturtlecafe,,,,,,,,,,,,,,Sipping Turtle Cafe Chicago · Logan Square / Avondale,WordPress 5.8.2,"Sipping Turtle is a community cafe in the historic Logan Square / Avondale neighborhood of Chicago. Coffee, smoothies, bubble tea, and casual eats.",,,
"boba tea, 60644, Chicago, IL, US",Yao's Cafe,Yaos Cafe,https://chineserestaurantchicago.com/,"Bubble tea store, Restaurant, Chinese restaurant, Thai restaurant",restaurants,Bubble tea store,+1 773-966-6815,"601 W 43rd St, Chicago, IL 60609",New City,601 W 43rd St,Chicago,60609,Illinois,Illinois,United States of America,US,41.816085,-87.64098179999999,892664cf147ffff,America/Chicago,,False,4.6,119,"https://search.google.com/local/reviews?placeid=ChIJ9UdbZ4UtDogROpDkrO3Y384&q=boba+tea,+60644,+Chicago,+IL,+US&authuser=0&hl=en&gl=US",,,6.0,1.0,4.0,13.0,95.0,405,https://lh3.googleusercontent.com/p/AF1QipN1pi3APqSJlzYrEoeg2fzh3qJdIxuKemh3fkl8=w800-h500-k-no,https://lh3.googleusercontent.com/p/AF1QipN1pi3APqSJlzYrEoeg2fzh3qJdIxuKemh3fkl8=w1600-h1000-k-no,,"{""Monday"": ""11AM-9PM"", ""Tuesday"": ""11AM-9PM"", ""Wednesday"": ""11AM-9PM"", ""Thursday"": ""11AM-9PM"", ""Friday"": ""11AM-9PM"", ""Saturday"": ""11AM-9PM"", ""Sunday"": ""Closed""}",Monday:11AM-9PM|Tuesday:11AM-9PM|Wednesday:11AM-9PM|Thursday:11AM-9PM|Friday:11AM-9PM|Saturday:11AM-9PM|Sunday:Closed,,,OPERATIONAL,"{""Service options"": {""Delivery"": true, ""Takeout"": true, ""Dine-in"": true}, ""Highlights"": {""Great tea selection"": true}, ""Popular for"": {""Lunch"": true, ""Dinner"": true, ""Solo dining"": true}, ""Offerings"": {""Coffee"": true, ""Comfort food"": true, ""Quick bite"": true, ""Small plates"": true, ""Vegetarian options"": true}, ""Dining options"": {""Lunch"": true, ""Dinner"": true, ""Dessert"": true, ""Seating"": true}, ""Amenities"": {""Restroom"": true}, ""Atmosphere"": {""Casual"": true}, ""Crowd"": {""Groups"": true}, ""Planning"": {""Accepts reservations"": true}, ""Payments"": {""Credit cards"": true, ""Debit cards"": true, ""NFC mobile payments"": true}, ""Children"": {""Good for kids"": true, ""High chairs"": true}, ""Parking"": {""Free street parking"": true, ""Parking"": true}, ""Pets"": {""Dogs allowed outside"": true}}",$$,,https://lh4.googleusercontent.com/-5ek5uZC7uno/AAAAAAAAAAI/AAAAAAAAAAA/xkiSG_Hw4bo/s44-p-k-no-ns-nd/photo.jpg,,,True,104973190379476721447,Yao's Cafe,https://www.google.com/maps/contrib/104973190379476721447,,"https://www.google.com/viewer/chooseprovider?mid=/g/11t5bchrp9&g2lbs=AAEPWCv1ufwUkbPwCT2wCm5HMCHdHC8SOd0ed8WEohdsmw69tN_5rCayZvcSTPnMENDfQJOTsDhkuwV-ig023NdPvZnXTCdxxA%3D%3D&hl=en-US&gl=us&fo_m=MfohQo559jFvMUOzJVpjPL1YMfZ3bInYwBDuMfaXTPp5KXh-&utm_source=tactile&gei=r2wCaOKTLI7Si-gPq9_S-A0&ei=r2wCaOKTLI7Si-gPq9_S-A0&fo_s=OA,SOE&opi=79508299&ebb=1&cs=0&foub=mcpp",,,"https://www.google.com/maps/place/Yao%27s+Cafe/@41.816085,-87.64098179999999,14z/data=!4m8!1m2!2m1!1sYao%27s+Cafe!3m4!1s0x880e2d85675b47f5:0xcedfd8edace4903a!8m2!3d41.816085!4d-87.64098179999999","https://www.google.com/maps/place/Yao%27s+Cafe/@41.816085,-87.64098179999999,13.99z/data=!4m16!1m7!3m6!1s0x880e2d85675b47f5:0xcedfd8edace4903a!2sYao%27s+Cafe!8m2!3d41.816085!4d-87.64098179999999!16s%2Fg%2F11ckvg1dmb!3m7!1s0x880e2d85675b47f5:0xcedfd8edace4903a!8m2!3d41.816085!4d-87.64098179999999!9m1!1b1!16s%2Fg%2F11ckvg1dmb?entry=ttu",ChIJ9UdbZ4UtDogROpDkrO3Y384,0x880e2d85675b47f5:0xcedfd8edace4903a,14906871806939140154,/g/11t5bchrp9,-3539872266770411462,,,,,,,,,,,,,,,,,,,,,,,,,,17739666815,,,,,,,,,,,,,,,,,,"Yao's Cafe is a Chinese Restaurant in Chicago, IL 60609",,,"Pad Thai, Orange Chicken, Egg Rolls, Seafood, Smoothies, Bubble Tea, Chinese Take Out, Milk Tea, Fried Rice, Stir Fried Noodles, Chinese Restaurant, Boba Tea, Chinese Food, Chow Mein",False,False
"boba tea, 60644, Chicago, IL, US",Chill Bubble Tea,Chill Bubble Tea,http://www.chillbubbletea.com/,"Bubble tea store, Asian fusion restaurant, Cafe, Juice shop, Tea house",Bubble tea store,Bubble tea store,+1 847-763-8888,"7154 Carpenter Rd, Skokie, IL 60077",None,7154 Carpenter Rd,Skokie,60077,Illinois,Illinois,United States of America,US,42.0109832,-87.7621862,892664d9e87ffff,America/Chicago,,False,3.8,366,"https://search.google.com/local/reviews?placeid=ChIJwxrd9dvOD4gRKINFancVZqs&q=boba+tea,+60644,+Chicago,+IL,+US&authuser=0&hl=en&gl=US",,,66.0,17.0,31.0,51.0,201.0,98,https://lh3.googleusercontent.com/p/AF1QipMmUOtkXvlnPorXACusRmnQ0Bj8PUyC7B3hjF4u=w800-h500-k-no,https://lh3.googleusercontent.com/p/AF1QipMmUOtkXvlnPorXACusRmnQ0Bj8PUyC7B3hjF4u=w1600-h1000-k-no,,"{""Monday"": ""11:30AM-10PM"", ""Tuesday"": ""11:30AM-10PM"", ""Wednesday"": ""11:30AM-10PM"", ""Thursday"": ""11:30AM-10PM"", ""Friday"": ""11:30AM-11PM"", ""Saturday"": ""11:30AM-11PM"", ""Sunday"": ""11:30AM-10PM""}",Monday:11:30AM-10PM|Tuesday:11:30AM-10PM|Wednesday:11:30AM-10PM|Thursday:11:30AM-10PM|Friday:11:30AM-11PM|Saturday:11:30AM-11PM|Sunday:11:30AM-10PM,,,OPERATIONAL,"{""Service options"": {""Onsite services"": true, ""Takeout"": true, ""Dine-in"": true}, ""Highlights"": {""Great tea selection"": true}, ""Accessibility"": {""Wheelchair accessible entrance"": true, ""Wheelchair accessible parking lot"": true, ""Wheelchair accessible restroom"": true, ""Wheelchair accessible seating"": true}, ""Crowd"": {""LGBTQ+ friendly"": true, ""Transgender safespace"": true}, ""Parking"": {""Free parking lot"": true, ""Free street parking"": true}, ""Other"": {""LGBTQ+ friendly"": true}}",,,https://lh3.googleusercontent.com/-cIuIcBgfQBM/AAAAAAAAAAI/AAAAAAAAAAA/n5aK2KY7QgU/s44-p-k-no-ns-nd/photo.jpg,"Colorful counter-serve shop selling Taiwanese-style tapioca drinks, tea, smoothies & frozen yogurt.",,True,115883104682946557246,Chill Bubble Tea,https://www.google.com/maps/contrib/115883104682946557246,,,,,"https://www.google.com/maps/place/Chill+Bubble+Tea/@42.0109832,-87.7621862,14z/data=!4m8!1m2!2m1!1sChill+Bubble+Tea!3m4!1s0x880fcedbf5dd1ac3:0xab6615776a458328!8m2!3d42.0109832!4d-87.7621862","https://www.google.com/maps/place/Chill+Bubble+Tea/@42.0109832,-87.7621862,13.99z/data=!4m16!1m7!3m6!1s0x880fcedbf5dd1ac3:0xab6615776a458328!2sChill+Bubble+Tea!8m2!3d42.0109832!4d-87.7621862!16s%2Fg%2F11ckvg1dmb!3m7!1s0x880fcedbf5dd1ac3:0xab6615776a458328!8m2!3d42.0109832!4d-87.7621862!9m1!1b1!16s%2Fg%2F11ckvg1dmb?entry=ttu",ChIJwxrd9dvOD4gRKINFancVZqs,0x880fcedbf5dd1ac3:0xab6615776a458328,12350582630738395944,/g/1tkbytt2,-6096161442971155672,,elaine@chillbubbletea.com,INVALID,Cannot validate,Elaine Mccracken,Elaine,Mccracken,Owner,,joseph@chillbubbletea.com,INVALID,Cannot validate,Joseph Scaletta,Joseph,Scaletta,President,,john@chillbubbletea.com,INVALID,Cannot validate,John Mcnamara,John,Mcnamara,Owner,,+1 773-717-2445,18476191305,18473673333,https://www.facebook.com/chillbubbletea,https://www.instagram.com/chill_bubble_tea,http://www.linkedin.com/company/2410293,,,,,,,,https://twitter.com/chillbubbletea,,,,,Chill Bubble Tea,,Chill Bubble Tea,Chill Bubble Tea,False,False
"boba tea, 60606, Chicago, IL, US",Molly Tea (Chicago),Molly Tea Chicago,https://mollyteausa.com/,"Bubble tea store, Tea store",Bubble tea store,Bubble tea store,+1 773-386-3659,"2227 S Wentworth Ave, Chicago, IL 60616",Armour Square,2227 S Wentworth Ave,Chicago,60616,Illinois,Illinois,United States of America,US,41.852074699999996,-87.63170389999999,892664cf4a3ffff,America/Chicago,,False,4.9,714,"https://search.google.com/local/reviews?placeid=ChIJ9dZv4ictDogRfkGjX2pqs_s&q=boba+tea,+60606,+Chicago,+IL,+US&authuser=0&hl=en&gl=US",,,6.0,4.0,6.0,18.0,680.0,598,https://lh3.googleusercontent.com/p/AF1QipOQbtBswS4ORDmIpLvWTgT9VKL2Utxnthkqcnle=w800-h500-k-no,https://lh3.googleusercontent.com/p/AF1QipOQbtBswS4ORDmIpLvWTgT9VKL2Utxnthkqcnle=w1600-h1000-k-no,,"{""Monday"": ""11AM-10PM"", ""Tuesday"": ""11AM-10PM"", ""Wednesday"": ""11AM-10PM"", ""Thursday"": ""11AM-10PM"", ""Friday"": ""11AM-10PM"", ""Saturday"": ""11AM-10PM"", ""Sunday"": ""11AM-10PM""}",Monday:11AM-10PM|Tuesday:11AM-10PM|Wednesday:11AM-10PM|Thursday:11AM-10PM|Friday:11AM-10PM|Saturday:11AM-10PM|Sunday:11AM-10PM,,,OPERATIONAL,"{""Service options"": {""Onsite services"": true, ""Takeout"": true}, ""Highlights"": {""Great tea selection"": true}}",$,,https://lh6.googleusercontent.com/-lInkdnIxoX0/AAAAAAAAAAI/AAAAAAAAAAA/uwbvrHjcbfg/s44-p-k-no-ns-nd/photo.jpg,,,True,101546527886302789323,Molly Tea,https://www.google.com/maps/contrib/101546527886302789323,,"https://www.google.com/viewer/chooseprovider?mid=/g/11wx5x6lg_&g2lbs=AAEPWCv_zKlT9AvbfCU7PfC9IpEm-F73wE0YdYcBTkdko4bUp2AcuApfkX4FhFRIqwhz14ChXDT4lWqTVHceFPQFSQCSCvku1Q%3D%3D&hl=en-US&gl=us&fo_m=MfohQo559jFvMUOzJVpjPL1YMfZ3bInYwBDuMfaXTPp5KXh-&utm_source=tactile&gei=sWwCaL-4K4qlwPAPn5WHoQ4&ei=sWwCaL-4K4qlwPAPn5WHoQ4&fo_s=OA,SOE&opi=79508299&ebb=1&cs=0&foub=mcpp",,,"https://www.google.com/maps/place/Molly+Tea+%28Chicago%29/@41.852074699999996,-87.63170389999999,14z/data=!4m8!1m2!2m1!1sMolly+Tea+%28Chicago%29!3m4!1s0x880e2d27e26fd6f5:0xfbb36a6a5fa3417e!8m2!3d41.852074699999996!4d-87.63170389999999","https://www.google.com/maps/place/Molly+Tea+%28Chicago%29/@41.852074699999996,-87.63170389999999,13.99z/data=!4m16!1m7!3m6!1s0x880e2d27e26fd6f5:0xfbb36a6a5fa3417e!2sMolly+Tea+%28Chicago%29!8m2!3d41.852074699999996!4d-87.63170389999999!16s%2Fg%2F11ckvg1dmb!3m7!1s0x880e2d27e26fd6f5:0xfbb36a6a5fa3417e!8m2!3d41.852074699999996!4d-87.63170389999999!9m1!1b1!16s%2Fg%2F11ckvg1dmb?entry=ttu",ChIJ9dZv4ictDogRfkGjX2pqs_s,0x880e2d27e26fd6f5:0xfbb36a6a5fa3417e,18136957129454731646,/g/11wx5x6lg_,-309786944254819970,,info@mollyteausa.com,RECEIVING,Role,,,,,,,,,,,,,,,,,,,,,,,,,,,,,,,,,,,,,,,,"Molly Tea – Franchise in United States – Ultimate exploration of all things Jasmine. Jasmine Tea, Milk Tea.",WordPress 6.4.3,,,False,False
"boba tea, 60606, Chicago, IL, US",Bubble & Brew,Bubble And Brew,http://bubblebrewcafe.com/,"Bubble tea store, Coffee shop",coffee shops,Bubble tea store,,"712 S Wells St, Chicago, IL 60607",South Loop,712 S Wells St,Chicago,60607,Illinois,Illinois,United States of America,US,41.872331599999995,-87.6337416,892664c1a07ffff,America/Chicago,,False,4.8,78,"https://search.google.com/local/reviews?placeid=ChIJr_p3-3ctDogRGbIXvkGkgDg&q=boba+tea,+60606,+Chicago,+IL,+US&authuser=0&hl=en&gl=US",,,2.0,0.0,2.0,4.0,70.0,83,https://lh3.googleusercontent.com/p/AF1QipP7NnzwNfhGvyD0J7vfydSSryEMiN1NbX2tb8gi=w800-h500-k-no,https://lh3.googleusercontent.com/p/AF1QipP7NnzwNfhGvyD0J7vfydSSryEMiN1NbX2tb8gi=w1600-h1000-k-no,,"{""Monday"": ""7AM-12PM"", ""Tuesday"": ""Closed"", ""Wednesday"": ""7AM-12PM"", ""Thursday"": ""7AM-12PM"", ""Friday"": ""7AM-2PM"", ""Saturday"": ""9AM-3PM"", ""Sunday"": ""9AM-3PM""}",Monday:7AM-12PM|Tuesday:Closed|Wednesday:7AM-12PM|Thursday:7AM-12PM|Friday:7AM-2PM|Saturday:9AM-3PM|Sunday:9AM-3PM,"[{""online_service_hours"": {""Monday"": ""7 AM-12:45 PM"", ""Tuesday"": ""7 AM-12:45 PM"", ""Wednesday"": ""7 AM-12:45 PM"", ""Thursday"": ""7 AM-12:45 PM"", ""Friday"": ""7 AM-5:45 PM"", ""Saturday"": ""9 AM-3:45 PM"", ""Sunday"": ""9 AM-3:45 PM""}}]",,OPERATIONAL,"{""From the business"": {""Identifies as Asian-owned"": true, ""Identifies as women-owned"": true}, ""Service options"": {""Curbside pickup"": true, ""Onsite services"": true, ""Takeout"": true, ""Dine-in"": true, ""Delivery"": false}, ""Highlights"": {""Great coffee"": true, ""Great tea selection"": true}, ""Popular for"": {""Good for working on laptop"": true}, ""Accessibility"": {""Wheelchair accessible entrance"": true}, ""Offerings"": {""Coffee"": true, ""Comfort food"": true}, ""Dining options"": {""Dessert"": true}, ""Amenities"": {""Wi-Fi"": true}, ""Atmosphere"": {""Casual"": true, ""Cozy"": true, ""Trendy"": true}, ""Crowd"": {""College students"": true, ""Family-friendly"": true, ""LGBTQ+ friendly"": true, ""Transgender safespace"": true}, ""Payments"": {""Credit cards"": true, ""Debit cards"": true, ""NFC mobile payments"": true}, ""Children"": {""Good for kids"": true}, ""Other"": {""LGBTQ+ friendly"": true, ""Identifies as women-owned"": true, ""Identifies as Asian-owned"": true}}",$$,,https://lh6.googleusercontent.com/-tGa2G3T5mDU/AAAAAAAAAAI/AAAAAAAAAAA/xv-CeDHYa3U/s44-p-k-no-ns-nd/photo.jpg,,,True,113967774870339207738,Bubble & Brew,https://www.google.com/maps/contrib/113967774870339207738,,"https://www.google.com/viewer/chooseprovider?mid=/g/11s69d05lt&g2lbs=AAEPWCuoHD7LYGUKYetx222VufM5xjZIKpqXH_dEIxYpul0cH8bWcV445VjI9l-aoLY2gmzIaVYjWqeq7jLWsLkPrKJUxXq2Kg%3D%3D&hl=en-US&gl=us&fo_m=MfohQo559jFvMUOzJVpjPL1YMfZ3bInYwBDuMfaXTPp5KXh-&utm_source=tactile&gei=sWwCaL-4K4qlwPAPn5WHoQ4&ei=sWwCaL-4K4qlwPAPn5WHoQ4&fo_s=OA,SOE&opi=79508299&ebb=1&cs=0&foub=mcpp",,,"https://www.google.com/maps/place/Bubble+%26+Brew/@41.872331599999995,-87.6337416,14z/data=!4m8!1m2!2m1!1sBubble+%26+Brew!3m4!1s0x880e2d77fb77faaf:0x3880a441be17b219!8m2!3d41.872331599999995!4d-87.6337416","https://www.google.com/maps/place/Bubble+%26+Brew/@41.872331599999995,-87.6337416,13.99z/data=!4m16!1m7!3m6!1s0x880e2d77fb77faaf:0x3880a441be17b219!2sBubble+%26+Brew!8m2!3d41.872331599999995!4d-87.6337416!16s%2Fg%2F11ckvg1dmb!3m7!1s0x880e2d77fb77faaf:0x3880a441be17b219!8m2!3d41.872331599999995!4d-87.6337416!9m1!1b1!16s%2Fg%2F11ckvg1dmb?entry=ttu",ChIJr_p3-3ctDogRGbIXvkGkgDg,0x880e2d77fb77faaf:0x3880a441be17b219,4071434665411981849,/g/11s69d05lt,4071434665411981849,,,,,,,,,,,,,,,,,,,,,,,,,,,,,https://www.facebook.com/BubbleBrewCafe,https://www.instagram.com/bubblebrewchicago,,,,,,,,,,,,,,Bubble and Brew Cafe - Bubble and Brew Cafe,WordPress 6.7.1,,,False,False
"boba tea, 60606, Chicago, IL, US",Mycha (Union Station),Mycha Union Station,http://mychachicago.com/,"Bubble tea store, ATM, Coffee vending machine",Bubble tea store,Bubble tea store,+1 847-260-8387,"225 S Canal St, Chicago, IL 60606",West Loop,225 S Canal St,Chicago,60606,Illinois,Illinois,United States of America,US,41.8786625,-87.6403072,892664c1acfffff,America/Chicago,,False,5.0,3,"https://search.google.com/local/reviews?placeid=ChIJHaghCWAtDogR-OARYuF7eQ0&q=boba+tea,+60606,+Chicago,+IL,+US&authuser=0&hl=en&gl=US",,,0.0,0.0,0.0,0.0,3.0,8,https://lh3.googleusercontent.com/p/AF1QipNa0KUXAxREgXH89rxT4yicKqKF5HclWUi23Unn=w800-h500-k-no,https://lh3.googleusercontent.com/p/AF1QipNa0KUXAxREgXH89rxT4yicKqKF5HclWUi23Unn=w1600-h1000-k-no,,"{""Monday"": ""Open 24 hours"", ""Tuesday"": ""Open 24 hours"", ""Wednesday"": ""Open 24 hours"", ""Thursday"": ""Open 24 hours"", ""Friday"": ""Open 24 hours"", ""Saturday"": ""Open 24 hours"", ""Sunday"": ""Open 24 hours""}",Monday:Open 24 hours|Tuesday:Open 24 hours|Wednesday:Open 24 hours|Thursday:Open 24 hours|Friday:Open 24 hours|Saturday:Open 24 hours|Sunday:Open 24 hours,,,OPERATIONAL,"{""Service options"": {""Takeout"": true, ""Dine-in"": true, ""Delivery"": false}, ""Highlights"": {""Great tea selection"": true}, ""Accessibility"": {""Wheelchair accessible entrance"": true}}",,,https://lh6.googleusercontent.com/-kyC4Gr32R7o/AAAAAAAAAAI/AAAAAAAAAAA/lVD3MyJ0_4A/s44-p-k-no-ns-nd/photo.jpg,,,True,104201172867858832829,Mycha,https://www.google.com/maps/contrib/104201172867858832829,,,,,"https://www.google.com/maps/place/Mycha+%28Union+Station%29/@41.8786625,-87.6403072,14z/data=!4m8!1m2!2m1!1sMycha+%28Union+Station%29!3m4!1s0x880e2d600921a81d:0xd797be16211e0f8!8m2!3d41.8786625!4d-87.6403072","https://www.google.com/maps/place/Mycha+%28Union+Station%29/@41.8786625,-87.6403072,13.99z/data=!4m16!1m7!3m6!1s0x880e2d600921a81d:0xd797be16211e0f8!2sMycha+%28Union+Station%29!8m2!3d41.8786625!4d-87.6403072!16s%2Fg%2F11ckvg1dmb!3m7!1s0x880e2d600921a81d:0xd797be16211e0f8!8m2!3d41.8786625!4d-87.6403072!9m1!1b1!16s%2Fg%2F11ckvg1dmb?entry=ttu",ChIJHaghCWAtDogR-OARYuF7eQ0,0x880e2d600921a81d:0xd797be16211e0f8,970943402618249464,/g/11k3x8qjx2,970943402618249464,,mychamachine@gmail.com,RECEIVING,SMTP validated,,,,,,,,,,,,,,,,,,,,,,,,,,https://www.instagram.com/mychachicago,,,,,,,,,,,,,,Mycha Chicago – The Milk Tea ATM,WordPress 5.8.2,,,,
"boba tea, 60606, Chicago, IL, US",Uni Uni Boba,Uni Uni Boba,https://www.uniuni.us/,Bubble tea store,Bubble tea store,Bubble tea store,+1 872-368-2083,"333 S State St B8, Chicago, IL 60604",Chicago Loop,333 S State St B8,Chicago,60604,Illinois,Illinois,United States of America,US,41.8775341,-87.6274407,892664c1abbffff,America/Chicago,,False,5.0,54,"https://search.google.com/local/reviews?placeid=ChIJK2oa2ZQtDogRssgln9t-bcU&q=boba+tea,+60606,+Chicago,+IL,+US&authuser=0&hl=en&gl=US",,,0.0,0.0,0.0,0.0,54.0,38,https://lh3.googleusercontent.com/p/AF1QipNskXE768VwjokvLhf5v48_uvcYfAJSmy5BdBLt=w800-h500-k-no,https://lh3.googleusercontent.com/p/AF1QipNskXE768VwjokvLhf5v48_uvcYfAJSmy5BdBLt=w1600-h1000-k-no,,"{""Monday"": ""11AM-8PM"", ""Tuesday"": ""11AM-8PM"", ""Wednesday"": ""11AM-8PM"", ""Thursday"": ""11AM-8PM"", ""Friday"": ""11AM-8:30PM"", ""Saturday"": ""11AM-8:30PM"", ""Sunday"": ""11AM-8PM""}",Monday:11AM-8PM|Tuesday:11AM-8PM|Wednesday:11AM-8PM|Thursday:11AM-8PM|Friday:11AM-8:30PM|Saturday:11AM-8:30PM|Sunday:11AM-8PM,,,OPERATIONAL,"{""Service options"": {""Dine-in"": true}}",,,https://lh5.googleusercontent.com/-yh_BDlM3pRM/AAAAAAAAAAI/AAAAAAAAAAA/U-F3aSrgC7M/s44-p-k-no-ns-nd/photo.jpg,,,True,100504875517989513684,Uni Uni Boba,https://www.google.com/maps/contrib/100504875517989513684,,,,,"https://www.google.com/maps/place/Uni+Uni+Boba/@41.8775341,-87.6274407,14z/data=!4m8!1m2!2m1!1sUni+Uni+Boba!3m4!1s0x880e2d94d91a6a2b:0xc56d7edb9f25c8b2!8m2!3d41.8775341!4d-87.6274407","https://www.google.com/maps/place/Uni+Uni+Boba/@41.8775341,-87.6274407,13.99z/data=!4m16!1m7!3m6!1s0x880e2d94d91a6a2b:0xc56d7edb9f25c8b2!2sUni+Uni+Boba!8m2!3d41.8775341!4d-87.6274407!16s%2Fg%2F11ckvg1dmb!3m7!1s0x880e2d94d91a6a2b:0xc56d7edb9f25c8b2!8m2!3d41.8775341!4d-87.6274407!9m1!1b1!16s%2Fg%2F11ckvg1dmb?entry=ttu",ChIJK2oa2ZQtDogRssgln9t-bcU,0x880e2d94d91a6a2b:0xc56d7edb9f25c8b2,14226166279666256050,/g/11m6lnbw2d,-4220577794043295566,,info@uniuni.us,RECEIVING,Role,,,,,,,,,,,,,,,,,,,,,,17738783333,,,https://www.facebook.com/106118661851897,,,,,,,,,,,,,,,Uni Uni | Bubble Tea,Wix.com Website Builder,"Founded in Chicago by a group of passionate and young innovators, Uni Uni aims to bring our customers a unique bubble tea experience by offering a variety of healthy drinks made with high-quality ingredients. Driven by the craftsman spirit, Uni Uni focuses on every single detail of the tea-brewing process to present a flawless taste and appearance. It is at the core of our mission to build a rich, creative tea culture that wins the heart of every bubble-tea-lover.",,False,False
"boba tea, 60606, Chicago, IL, US",Mycha (Block 37),Mycha Block 37,http://mychachicago.com/,"Bubble tea store, Coffee vending machine",Bubble tea store,Bubble tea store,+1 847-260-8387,"108 N State St, Chicago Pedway System, Chicago, IL 60602",Chicago Loop,"108 N State St, Chicago Pedway System",Chicago,60602,IL,Illinois,United States of America,US,41.8834917,-87.6288079,892664c1a93ffff,America/Chicago,,False,4.2,71,"https://search.google.com/local/reviews?placeid=ChIJH0HESGwtDogRLudHGpF0aCU&q=boba+tea,+60606,+Chicago,+IL,+US&authuser=0&hl=en&gl=US",,,6.0,3.0,5.0,15.0,42.0,64,https://lh3.googleusercontent.com/p/AF1QipMha4AbM6682yQFzpT6gQZ3V1htZzJhegv23mA8=w800-h500-k-no,https://lh3.googleusercontent.com/p/AF1QipMha4AbM6682yQFzpT6gQZ3V1htZzJhegv23mA8=w1600-h1000-k-no,,"{""Monday"": ""Open 24 hours"", ""Tuesday"": ""Open 24 hours"", ""Wednesday"": ""Open 24 hours"", ""Thursday"": ""Open 24 hours"", ""Friday"": ""Open 24 hours"", ""Saturday"": ""Open 24 hours"", ""Sunday"": ""Open 24 hours""}",Monday:Open 24 hours|Tuesday:Open 24 hours|Wednesday:Open 24 hours|Thursday:Open 24 hours|Friday:Open 24 hours|Saturday:Open 24 hours|Sunday:Open 24 hours,,,OPERATIONAL,"{""Service options"": {""Takeout"": true, ""Dine-in"": true}, ""Highlights"": {""Great tea selection"": true}, ""Accessibility"": {""Wheelchair accessible entrance"": true}}",,,https://lh4.googleusercontent.com/-ptqyJMjJnIM/AAAAAAAAAAI/AAAAAAAAAAA/UgDKBf1PMys/s44-p-k-no-ns-nd/photo.jpg,"Trendy self-serve refrigerator dispensing Asian-style bubble tea, fruit drinks & coffee.",,True,109516715153819419411,Mycha,https://www.google.com/maps/contrib/109516715153819419411,,,,,"https://www.google.com/maps/place/Mycha+%28Block+37%29/@41.8834917,-87.6288079,14z/data=!4m8!1m2!2m1!1sMycha+%28Block+37%29!3m4!1s0x880e2d6c48c4411f:0x256874911a47e72e!8m2!3d41.8834917!4d-87.6288079","https://www.google.com/maps/place/Mycha+%28Block+37%29/@41.8834917,-87.6288079,13.99z/data=!4m16!1m7!3m6!1s0x880e2d6c48c4411f:0x256874911a47e72e!2sMycha+%28Block+37%29!8m2!3d41.8834917!4d-87.6288079!16s%2Fg%2F11ckvg1dmb!3m7!1s0x880e2d6c48c4411f:0x256874911a47e72e!8m2!3d41.8834917!4d-87.6288079!9m1!1b1!16s%2Fg%2F11ckvg1dmb?entry=ttu",ChIJH0HESGwtDogRLudHGpF0aCU,0x880e2d6c48c4411f:0x256874911a47e72e,2695532543541241646,/g/11pq2t2bfv,2695532543541241646,,mychamachine@gmail.com,RECEIVING,SMTP validated,,,,,,,,,,,,,,,,,,,,,,,,,,https://www.instagram.com/mychachicago,,,,,,,,,,,,,,Mycha Chicago – The Milk Tea ATM,WordPress 5.8.2,,,,
"boba tea, 60606, Chicago, IL, US",Mycha (UIC SCE),Mycha Uic Sce,http://mychachicago.com/,"Bubble tea store, Coffee vending machine",Bubble tea store,Bubble tea store,+1 847-260-8387,"750 S Halsted St, Chicago, IL 60607",Near West Side,750 S Halsted St,Chicago,60607,Illinois,Illinois,United States of America,US,41.871956499999996,-87.64759769999999,892664c1a4fffff,America/Chicago,,False,5.0,2,"https://search.google.com/local/reviews?placeid=ChIJ89iq9bYtDogRpa9kUZuc7UA&q=boba+tea,+60606,+Chicago,+IL,+US&authuser=0&hl=en&gl=US",,,0.0,0.0,0.0,0.0,2.0,5,https://lh3.googleusercontent.com/p/AF1QipPlcAgr7lFDbyY6z9TvKXS5ClzjKC_B8N_oUWp_=w800-h500-k-no,https://lh3.googleusercontent.com/p/AF1QipPlcAgr7lFDbyY6z9TvKXS5ClzjKC_B8N_oUWp_=w1600-h1000-k-no,,"{""Monday"": ""Open 24 hours"", ""Tuesday"": ""Open 24 hours"", ""Wednesday"": ""Open 24 hours"", ""Thursday"": ""Open 24 hours"", ""Friday"": ""Open 24 hours"", ""Saturday"": ""Open 24 hours"", ""Sunday"": ""Open 24 hours""}",Monday:Open 24 hours|Tuesday:Open 24 hours|Wednesday:Open 24 hours|Thursday:Open 24 hours|Friday:Open 24 hours|Saturday:Open 24 hours|Sunday:Open 24 hours,,,OPERATIONAL,"{""Service options"": {""Takeout"": true, ""Dine-in"": true}, ""Highlights"": {""Great tea selection"": true}, ""Accessibility"": {""Wheelchair accessible entrance"": true}}",,,https://lh4.googleusercontent.com/-1tUb2NTlJBM/AAAAAAAAAAI/AAAAAAAAAAA/n37CCerN9fc/s44-p-k-no-ns-nd/photo.jpg,,,True,112171432375805705811,Mycha,https://www.google.com/maps/contrib/112171432375805705811,,,,,"https://www.google.com/maps/place/Mycha+%28UIC+SCE%29/@41.871956499999996,-87.64759769999999,14z/data=!4m8!1m2!2m1!1sMycha+%28UIC+SCE%29!3m4!1s0x880e2db6f5aad8f3:0x40ed9c9b5164afa5!8m2!3d41.871956499999996!4d-87.64759769999999","https://www.google.com/maps/place/Mycha+%28UIC+SCE%29/@41.871956499999996,-87.64759769999999,13.99z/data=!4m16!1m7!3m6!1s0x880e2db6f5aad8f3:0x40ed9c9b5164afa5!2sMycha+%28UIC+SCE%29!8m2!3d41.871956499999996!4d-87.64759769999999!16s%2Fg%2F11ckvg1dmb!3m7!1s0x880e2db6f5aad8f3:0x40ed9c9b5164afa5!8m2!3d41.871956499999996!4d-87.64759769999999!9m1!1b1!16s%2Fg%2F11ckvg1dmb?entry=ttu",ChIJ89iq9bYtDogRpa9kUZuc7UA,0x880e2db6f5aad8f3:0x40ed9c9b5164afa5,4678567778807230373,/g/11rj4hp5f5,4678567778807230373,,mychamachine@gmail.com,RECEIVING,SMTP validated,,,,,,,,,,,,,,,,,,,,,,,,,,https://www.instagram.com/mychachicago,,,,,,,,,,,,,,Mycha Chicago – The Milk Tea ATM,WordPress 5.8.2,,,,
"boba tea, 60606, Chicago, IL, US",Kung Fu Tea,Kung Fu Tea,https://kungfutea.com/,"Bubble tea store, Beverage distributor, Cafe, Chicken wings restaurant, Fast food restaurant",Bubble tea store,Bubble tea store,+1 312-255-7331,"2126B S Archer Ave, Chicago, IL 60616",Armour Square,2126B S Archer Ave,Chicago,60616,Illinois,Illinois,United States of America,US,41.8543083,-87.6329224,892664cf4a3ffff,America/Chicago,,False,4.3,1221,"https://search.google.com/local/reviews?placeid=ChIJzUvCKWIsDogRguKCRE6A1gw&q=boba+tea,+60606,+Chicago,+IL,+US&authuser=0&hl=en&gl=US",,,43.0,29.0,110.0,315.0,724.0,1022,https://lh3.googleusercontent.com/p/AF1QipMQGEKiXnPpITSyTwgYnP8x_IZ2jKdqE1EILhcP=w800-h500-k-no,https://lh3.googleusercontent.com/p/AF1QipMQGEKiXnPpITSyTwgYnP8x_IZ2jKdqE1EILhcP=w1600-h1000-k-no,,"{""Monday"": ""12-11PM"", ""Tuesday"": ""12-11PM"", ""Wednesday"": ""12-11PM"", ""Thursday"": ""12-11PM"", ""Friday"": ""11AM-12AM"", ""Saturday"": ""11AM-12AM"", ""Sunday"": ""11AM-12AM""}",Monday:12-11PM|Tuesday:12-11PM|Wednesday:12-11PM|Thursday:12-11PM|Friday:11AM-12AM|Saturday:11AM-12AM|Sunday:11AM-12AM,,,OPERATIONAL,"{""Service options"": {""Delivery"": true, ""Takeout"": true, ""Dine-in"": true}, ""Highlights"": {""Great tea selection"": true}, ""Accessibility"": {""Wheelchair accessible entrance"": false, ""Wheelchair accessible parking lot"": false}}",$,,https://lh3.googleusercontent.com/-uNgpFvoHsKI/AAAAAAAAAAI/AAAAAAAAAAA/v_x4s4V8v8g/s44-p-k-no-ns-nd/photo.jpg,"Bubble tea specialist with a selection of other hot & cold drinks, including coffee & slushes.",,True,101072506952913111916,Kung Fu Tea,https://www.google.com/maps/contrib/101072506952913111916,,"https://www.google.com/viewer/chooseprovider?mid=/g/1q67r5nwf&g2lbs=AAEPWCvIuM_zqYb-5VQ7aa0fwBT6WhcIxMzZO9WVcl-LFJAitb1jdnAbswvyrPy3-zaI4k-E0o7q0RFLhDY7hHfXZwDFSQGtFprXJC--2dx3Bu32uleW5oE%3D&hl=en-US&gl=us&fo_m=MfohQo559jFvMUOzJVpjPL1YMfZ3bInYwBDuMfaXTPp5KXh-&utm_source=tactile&gei=tGwCaN_XL4u9wPAP3viJ6Q8&ei=tGwCaN_XL4u9wPAP3viJ6Q8&fo_s=OA,SOE&opi=79508299&ebb=1&cs=0&foub=mcpp",,,"https://www.google.com/maps/place/Kung+Fu+Tea/@41.8543083,-87.6329224,14z/data=!4m8!1m2!2m1!1sKung+Fu+Tea!3m4!1s0x880e2c6229c24bcd:0xcd6804e4482e282!8m2!3d41.8543083!4d-87.6329224","https://www.google.com/maps/place/Kung+Fu+Tea/@41.8543083,-87.6329224,13.99z/data=!4m16!1m7!3m6!1s0x880e2c6229c24bcd:0xcd6804e4482e282!2sKung+Fu+Tea!8m2!3d41.8543083!4d-87.6329224!16s%2Fg%2F11ckvg1dmb!3m7!1s0x880e2c6229c24bcd:0xcd6804e4482e282!8m2!3d41.8543083!4d-87.6329224!9m1!1b1!16s%2Fg%2F11ckvg1dmb?entry=ttu",ChIJzUvCKWIsDogRguKCRE6A1gw,0x880e2c6229c24bcd:0xcd6804e4482e282,925067847116448386,/g/1q67r5nwf,925067847116448386,,support@armsglobalinc.com,RECEIVING,Role,,,,,,marketing@kfteausa.com,RECEIVING,SMTP validated,,,,,,delivery_help@grubhub.com,RECEIVING,SMTP validated,,,,,,+1 724-544-6367,+1 855-538-9888,15402175182,https://www.facebook.com/kungfuteausa/,https://www.instagram.com/kungfuteausa,https://www.linkedin.com/company/kung-fu-tea,https://www.tiktok.com/@kungfutea,,,,,,,https://twitter.com/kfteausa,,,,,Menu — Kung Fu Tea | Fresh - Innovative - Fearless leading tea brand,WordPress 6.3,"Menu At Kung Fu Tea, every beverage is made-to-order with real Kung Fu. Our tea is freshly brewed every 3 hours using premium tea leaves. You can choose from classic teas, milk teas, fruit teas, slushies and more. Each drink is customized by you! You get to pick your toppings,…",,False,True
"boba tea, 60606, Chicago, IL, US",Daboba,Daboba,http://www.daboba.my/,Bubble tea store,Bubble tea store,Bubble tea store,+1 872-279-4777,"2142 S Archer Ave, Chicago, IL 60616",Armour Square,2142 S Archer Ave,Chicago,60616,Illinois,Illinois,United States of America,US,41.8538333,-87.63382299999999,892664cf4a3ffff,America/Chicago,,False,4.5,177,"https://search.google.com/local/reviews?placeid=ChIJw5qZx6ctDogRZG9E1_dB3qs&q=boba+tea,+60606,+Chicago,+IL,+US&authuser=0&hl=en&gl=US",,,6.0,5.0,8.0,29.0,129.0,393,https://lh3.googleusercontent.com/gps-proxy/ALd4DhGwvrd8JUI3Ess23SXR6SeAwnaq3w2bsfWiPkKN_-N9RH2pTIRtn7sgCYWJo11IZCOe_2FTarqDqGwCnFcq1TX_n9DoIvFhG2m6BDoPECQO_3_S3NT6GbRQDupqBR9yX9EQemAtuvpFVAinkHY177sba49IDz-NNnVqBsU4l5IRYPCNp9YihXoI=w800-h500-k-no,https://lh3.googleusercontent.com/gps-proxy/ALd4DhGwvrd8JUI3Ess23SXR6SeAwnaq3w2bsfWiPkKN_-N9RH2pTIRtn7sgCYWJo11IZCOe_2FTarqDqGwCnFcq1TX_n9DoIvFhG2m6BDoPECQO_3_S3NT6GbRQDupqBR9yX9EQemAtuvpFVAinkHY177sba49IDz-NNnVqBsU4l5IRYPCNp9YihXoI=w1600-h1000-k-no,,"{""Monday"": ""12-10PM"", ""Tuesday"": ""Closed"", ""Wednesday"": ""12-10PM"", ""Thursday"": ""12-10PM"", ""Friday"": ""12-10PM"", ""Saturday"": ""12-10PM"", ""Sunday"": ""12-10PM""}",Monday:12-10PM|Tuesday:Closed|Wednesday:12-10PM|Thursday:12-10PM|Friday:12-10PM|Saturday:12-10PM|Sunday:12-10PM,,,OPERATIONAL,"{""Service options"": {""Delivery"": true, ""Onsite services"": true, ""Takeout"": true, ""Dine-in"": true}, ""Highlights"": {""Great tea selection"": true}}",$,,https://lh3.googleusercontent.com/-SLWa0MGxRu4/AAAAAAAAAAI/AAAAAAAAAAA/E0Bwbsp854o/s44-p-k-no-ns-nd/photo.jpg,,,True,108805400154954959793,Daboba,https://www.google.com/maps/contrib/108805400154954959793,,"https://www.google.com/viewer/chooseprovider?mid=/g/11s5p73cy7&g2lbs=AAEPWCtaNJx9-y3AKETjOuWhEyDmvvONPmxWmTUsGjugeKImyMT4pqFVbwUbty1UVkW6eVcePcS3pB5_soX4gnb1aKy1NvUPj9mCMBazsXTEdyH0gNdKJvw%3D&hl=en-US&gl=us&fo_m=MfohQo559jFvMUOzJVpjPL1YMfZ3bInYwBDuMfaXTPp5KXh-&utm_source=tactile&gei=tGwCaN_XL4u9wPAP3viJ6Q8&ei=tGwCaN_XL4u9wPAP3viJ6Q8&fo_s=OA,SOE&opi=79508299&ebb=1&cs=0&foub=mcpp",,,"https://www.google.com/maps/place/Daboba/@41.8538333,-87.63382299999999,14z/data=!4m8!1m2!2m1!1sDaboba!3m4!1s0x880e2da7c7999ac3:0xabde41f7d7446f64!8m2!3d41.8538333!4d-87.63382299999999","https://www.google.com/maps/place/Daboba/@41.8538333,-87.63382299999999,13.99z/data=!4m16!1m7!3m6!1s0x880e2da7c7999ac3:0xabde41f7d7446f64!2sDaboba!8m2!3d41.8538333!4d-87.63382299999999!16s%2Fg%2F11ckvg1dmb!3m7!1s0x880e2da7c7999ac3:0xabde41f7d7446f64!8m2!3d41.8538333!4d-87.63382299999999!9m1!1b1!16s%2Fg%2F11ckvg1dmb?entry=ttu",ChIJw5qZx6ctDogRZG9E1_dB3qs,0x880e2da7c7999ac3:0xabde41f7d7446f64,12384408558039756644,/g/11s5p73cy7,-6062335515669794972,,marketing@daboba.my,RECEIVING,SMTP validated,,,,,,,,,,,,,,,,,,,,,,,,,https://www.facebook.com/100315252680185,,,,,,,,,,,,,,,,,,,,
"boba tea, 60606, Chicago, IL, US",Taian,Taian,https://www.taianchicago.com/,"Tea store, Traditional teahouse",Tea store,Tea store,+1 773-888-2918,"219 W Cermak Rd, Chicago, IL 60616",Armour Square,219 W Cermak Rd,Chicago,60616,Illinois,Illinois,United States of America,US,41.8526528,-87.6328054,892664cf4a3ffff,America/Chicago,,False,4.9,88,"https://search.google.com/local/reviews?placeid=ChIJUwRmVt4tDogR0baNCnX5-Lg&q=boba+tea,+60606,+Chicago,+IL,+US&authuser=0&hl=en&gl=US",,,2.0,0.0,1.0,1.0,84.0,143,https://lh3.googleusercontent.com/gps-proxy/ALd4DhH_D8ZFC0bKB31ngn9e5s2UfKRcrWmVwLs_ogel71iz1FjqZ-RDgghu6EcEtxDMxPhFVC6lJUP99nO878D8UspseeVM8zOyhUaTSxIbYliqaX6-6W4hJEqkPJkxbk5IeRlE8LB5fXEbN18inCMUujoZlTxd4hSstH_qESSaXZLbyQvX8qTQyMw=w800-h500-k-no,https://lh3.googleusercontent.com/gps-proxy/ALd4DhH_D8ZFC0bKB31ngn9e5s2UfKRcrWmVwLs_ogel71iz1FjqZ-RDgghu6EcEtxDMxPhFVC6lJUP99nO878D8UspseeVM8zOyhUaTSxIbYliqaX6-6W4hJEqkPJkxbk5IeRlE8LB5fXEbN18inCMUujoZlTxd4hSstH_qESSaXZLbyQvX8qTQyMw=w1600-h1000-k-no,,"{""Monday"": ""10AM-6PM"", ""Tuesday"": ""10AM-6PM"", ""Wednesday"": ""10AM-6PM"", ""Thursday"": ""10AM-6PM"", ""Friday"": ""10AM-6PM"", ""Saturday"": ""10AM-6PM"", ""Sunday"": ""10AM-6PM""}",Monday:10AM-6PM|Tuesday:10AM-6PM|Wednesday:10AM-6PM|Thursday:10AM-6PM|Friday:10AM-6PM|Saturday:10AM-6PM|Sunday:10AM-6PM,,,OPERATIONAL,"{""From the business"": {""Small business"": true}, ""Service options"": {""Curbside pickup"": true, ""No-contact delivery"": true, ""Delivery"": true, ""In-store pickup"": true, ""Onsite services"": true, ""Takeout"": true, ""Dine-in"": true}, ""Accessibility"": {""Wheelchair accessible restroom"": true}, ""Amenities"": {""Gender-neutral restroom"": true, ""Wi-Fi"": true}, ""Payments"": {""Credit cards"": true, ""Debit cards"": true, ""NFC mobile payments"": true}}",,,https://lh5.googleusercontent.com/-sMG_r2wC3F8/AAAAAAAAAAI/AAAAAAAAAAA/JUwVZRonke0/s44-p-k-no-ns-nd/photo.jpg,,,True,112213930952411125060,Taian,https://www.google.com/maps/contrib/112213930952411125060,,,,,"https://www.google.com/maps/place/Taian/@41.8526528,-87.6328054,14z/data=!4m8!1m2!2m1!1sTaian!3m4!1s0x880e2dde56660453:0xb8f8f9750a8db6d1!8m2!3d41.8526528!4d-87.6328054","https://www.google.com/maps/place/Taian/@41.8526528,-87.6328054,13.99z/data=!4m16!1m7!3m6!1s0x880e2dde56660453:0xb8f8f9750a8db6d1!2sTaian!8m2!3d41.8526528!4d-87.6328054!16s%2Fg%2F11ckvg1dmb!3m7!1s0x880e2dde56660453:0xb8f8f9750a8db6d1!8m2!3d41.8526528!4d-87.6328054!9m1!1b1!16s%2Fg%2F11ckvg1dmb?entry=ttu",ChIJUwRmVt4tDogR0baNCnX5-Lg,0x880e2dde56660453:0xb8f8f9750a8db6d1,13328677378286532305,/g/11kqxc3816,-5118066695423019311,,taianhealth@gmail.com,RECEIVING,Verified,,,,,,,,,,,,,,,,,,,,,,,,,,https://www.instagram.com/taianherbaltea,,https://www.tiktok.com/@taianchicago,,,,,,,,,,,,TAI’AN,"Powered by LayerSlider 6.11.9 - Multi-Purpose, Responsive, Parallax, Mobile-Friendly Slider Plugin for WordPress.","Tai’an Tea Shop is more than a business; it’s a livingrepresentation of China’s ancient tea culture. Each cup served at Tai’an embodiescenturies of tradition and wisdom, offering a connection to the rich heritage of Chinesetea.",,False,False
"boba tea, 60606, Chicago, IL, US",Gong Cha,Gong Cha,https://gongchausofficial.com/,Bubble tea store,Bubble tea store,Bubble tea store,+1 312-877-5325,"555 S State St, Chicago, IL 60605",South Loop,555 S State St,Chicago,60605,Illinois,Illinois,United States of America,US,41.8747177,-87.6273178,892664c1aabffff,America/Chicago,,False,4.2,275,"https://search.google.com/local/reviews?placeid=ChIJvR_TjIktDogRNqeKJiv27JA&q=boba+tea,+60606,+Chicago,+IL,+US&authuser=0&hl=en&gl=US",,,33.0,12.0,11.0,23.0,196.0,145,https://lh3.googleusercontent.com/gps-proxy/ALd4DhE2g5SkCfi8FevNmbre18OjMHXb6LHFe_kapWgAx2aIkMxySR0dfhdb16udNmzJyLii2DcJEzmND2hRIL8ZKP4qQ41nsrjcoYSIfsh506GVzdxQWIgDyXaFmEMAR1XT0cd3MqTd5WSw43OHnd9jL4EOS3ENRafVnLpscHvhpXFXVhqtXuM6qtae=w800-h500-k-no,https://lh3.googleusercontent.com/gps-proxy/ALd4DhE2g5SkCfi8FevNmbre18OjMHXb6LHFe_kapWgAx2aIkMxySR0dfhdb16udNmzJyLii2DcJEzmND2hRIL8ZKP4qQ41nsrjcoYSIfsh506GVzdxQWIgDyXaFmEMAR1XT0cd3MqTd5WSw43OHnd9jL4EOS3ENRafVnLpscHvhpXFXVhqtXuM6qtae=w1600-h1000-k-no,,"{""Monday"": ""12-9PM"", ""Tuesday"": ""12-9PM"", ""Wednesday"": ""12-9PM"", ""Thursday"": ""12-9PM"", ""Friday"": ""12-9PM"", ""Saturday"": ""12-9PM"", ""Sunday"": ""12-9PM""}",Monday:12-9PM|Tuesday:12-9PM|Wednesday:12-9PM|Thursday:12-9PM|Friday:12-9PM|Saturday:12-9PM|Sunday:12-9PM,,,OPERATIONAL,"{""Service options"": {""Delivery"": true, ""Onsite services"": true, ""Takeout"": true, ""Dine-in"": true}, ""Highlights"": {""Great tea selection"": true}, ""Accessibility"": {""Wheelchair accessible entrance"": true, ""Wheelchair accessible parking lot"": false}}",$,,https://lh3.googleusercontent.com/--d2dmjEajc8/AAAAAAAAAAI/AAAAAAAAAAA/VFfUKQ_xA9A/s44-p-k-no-ns-nd/photo.jpg,,,True,103838414256001857562,Gong Cha,https://www.google.com/maps/contrib/103838414256001857562,,"https://www.google.com/viewer/chooseprovider?mid=/g/11k3zcgbqh&g2lbs=AAEPWCvBARzKz0nBO5IAvM4QW1ouN9gg3QKUtdko4cDjK_7UwTqdNn6FmZWw4fB8gu-FVeslk9fGBMnIVbuT9-VxvlLnFzRUZeiSslHYX8npBb_Dep0KoxY%3D&hl=en-US&gl=us&fo_m=MfohQo559jFvMUOzJVpjPL1YMfZ3bInYwBDuMfaXTPp5KXh-&utm_source=tactile&gei=tGwCaN_XL4u9wPAP3viJ6Q8&ei=tGwCaN_XL4u9wPAP3viJ6Q8&fo_s=OA,SOE&opi=79508299&ebb=1&cs=0&foub=mcpp",,,"https://www.google.com/maps/place/Gong+Cha/@41.8747177,-87.6273178,14z/data=!4m8!1m2!2m1!1sGong+Cha!3m4!1s0x880e2d898cd31fbd:0x90ecf62b268aa736!8m2!3d41.8747177!4d-87.6273178","https://www.google.com/maps/place/Gong+Cha/@41.8747177,-87.6273178,13.99z/data=!4m16!1m7!3m6!1s0x880e2d898cd31fbd:0x90ecf62b268aa736!2sGong+Cha!8m2!3d41.8747177!4d-87.6273178!16s%2Fg%2F11ckvg1dmb!3m7!1s0x880e2d898cd31fbd:0x90ecf62b268aa736!8m2!3d41.8747177!4d-87.6273178!9m1!1b1!16s%2Fg%2F11ckvg1dmb?entry=ttu",ChIJvR_TjIktDogRNqeKJiv27JA,0x880e2d898cd31fbd:0x90ecf62b268aa736,10442992301155985206,/g/11k3zcgbqh,-8003751772553566410,,inquiries@gongchausa.com,RECEIVING,SMTP validated,,,,,,,,,,,,,,,,,,,,,,,,,https://www.facebook.com/gongchatea,https://www.instagram.com/gongchatea,,,,,,,,,,,,,,Home - Gong Cha,All in One SEO (AIOSEO) 4.5.3.1,"Gong cha USA Official Website At Gong cha, we believe that every cup of freshly-brewed tea holds the power to transport you to a world of flavor, comfort, adventure, and relaxation.Our journey began with a simple goal: to share the rich, authentic taste of Taiwanese bubble tea with the world. Today, we continue to craft",,True,False
"boba tea, 60606, Chicago, IL, US","TBaar Bubble Tea, Juice, Smoothies",Tbaar Bubble Tea Juice Smoothies,http://www.tbaar.com/,"Bubble tea store, Ice cream shop",Bubble tea store,Bubble tea store,+1 312-888-9475,"2234 S Wentworth Ave, Chicago, IL 60616",Armour Square,2234 S Wentworth Ave,Chicago,60616,Illinois,Illinois,United States of America,US,41.8518889,-87.6322734,892664cf4afffff,America/Chicago,,False,4.3,720,"https://search.google.com/local/reviews?placeid=ChIJ3ZCr6mMsDogRIxspnqSk14U&q=boba+tea,+60606,+Chicago,+IL,+US&authuser=0&hl=en&gl=US",,,39.0,29.0,63.0,167.0,422.0,717,https://lh3.googleusercontent.com/p/AF1QipO5BJfnn9IA9xeWONVd0qhvOhn__YUsfGoHMPtG=w800-h500-k-no,https://lh3.googleusercontent.com/p/AF1QipO5BJfnn9IA9xeWONVd0qhvOhn__YUsfGoHMPtG=w1600-h1000-k-no,,,,,,CLOSED_TEMPORARILY,"{""Service options"": {""Delivery"": true, ""Takeout"": true}}",$,,https://lh6.googleusercontent.com/-54Bs6RRwU0g/AAAAAAAAAAI/AAAAAAAAAAA/xf51z1ouZ2k/s44-p-k-no-ns-nd/photo.jpg,,,True,101064060043065332592,"TBaar Bubble Tea, Juice, Smoothies",https://www.google.com/maps/contrib/101064060043065332592,,,,,"https://www.google.com/maps/place/TBaar+Bubble+Tea%2C+Juice%2C+Smoothies/@41.8518889,-87.6322734,14z/data=!4m8!1m2!2m1!1sTBaar+Bubble+Tea%2C+Juice%2C+Smoothies!3m4!1s0x880e2c63eaab90dd:0x85d7a4a49e291b23!8m2!3d41.8518889!4d-87.6322734","https://www.google.com/maps/place/TBaar+Bubble+Tea%2C+Juice%2C+Smoothies/@41.8518889,-87.6322734,13.99z/data=!4m16!1m7!3m6!1s0x880e2c63eaab90dd:0x85d7a4a49e291b23!2sTBaar+Bubble+Tea%2C+Juice%2C+Smoothies!8m2!3d41.8518889!4d-87.6322734!16s%2Fg%2F11ckvg1dmb!3m7!1s0x880e2c63eaab90dd:0x85d7a4a49e291b23!8m2!3d41.8518889!4d-87.6322734!9m1!1b1!16s%2Fg%2F11ckvg1dmb?entry=ttu",ChIJ3ZCr6mMsDogRIxspnqSk14U,0x880e2c63eaab90dd:0x85d7a4a49e291b23,9644358153972292387,/g/11cs6h0tj_,-8802385919737259229,,info@tbaar.com,RECEIVING,Role,Unknown,Unknown,,Cafes,13473503522,,,,,,,,,,,,,,,,,16174812786,13128889475,12674238709,https://www.facebook.com/tbaarinc/,https://www.instagram.com/tbaarinc,,,,,,,,,,,,,,TBaar - CreativiTEA is Brewing,Wix.com Website Builder,"Adapting a new slogan of ‘creativiTEA is Brewing’, we strive to embrace vibrant colors in the TBaar experience to create a young, fun, and energetic ambiance. As true believers of no limitation in creativity, we keep the spirits high through drink innovations and partnerships with the creative forces.","Bubble tea, smoothie, tea, milk tea, honey, milk shake",False,False
"boba tea, 60606, Chicago, IL, US",Tea%,Tea%,https://www.toasttab.com/teapercent,Tea house,Tea house,Tea house,+1 312-801-0377,"57 E 11th St, Chicago, IL 60605",South Loop,57 E 11th St,Chicago,60605,Illinois,Illinois,United States of America,US,41.8691369,-87.6252647,892664c1a37ffff,America/Chicago,,False,4.4,88,"https://search.google.com/local/reviews?placeid=ChIJKVTcdBAtDogRYF1u3XtKS_s&q=boba+tea,+60606,+Chicago,+IL,+US&authuser=0&hl=en&gl=US",,,6.0,6.0,1.0,6.0,69.0,125,https://lh3.googleusercontent.com/p/AF1QipNy_HsJXLFvDu4rx3RbgADimbJzO8Z6CDQUezWx=w800-h500-k-no,https://lh3.googleusercontent.com/p/AF1QipNy_HsJXLFvDu4rx3RbgADimbJzO8Z6CDQUezWx=w1600-h1000-k-no,,,,"[{""online_service_hours"": {""Monday"": ""11 AM-8 PM"", ""Tuesday"": ""11 AM-8 PM"", ""Wednesday"": ""11 AM-8 PM"", ""Thursday"": ""11 AM-8 PM"", ""Friday"": ""11 AM-8 PM"", ""Saturday"": ""11 AM-8 PM"", ""Sunday"": ""11 AM-8 PM""}}]",,CLOSED_TEMPORARILY,"{""Service options"": {""Curbside pickup"": true, ""Delivery"": true, ""Takeout"": true}, ""Accessibility"": {""Wheelchair accessible entrance"": true}}",$,,https://lh4.googleusercontent.com/-wZjwqd3uGNQ/AAAAAAAAAAI/AAAAAAAAAAA/GxFEJDBxKwY/s44-p-k-no-ns-nd/photo.jpg,,,True,109788395316302734083,Tea%,https://www.google.com/maps/contrib/109788395316302734083,,,,,"https://www.google.com/maps/place/Tea%25/@41.8691369,-87.6252647,14z/data=!4m8!1m2!2m1!1sTea%25!3m4!1s0x880e2d1074dc5429:0xfb4b4a7bdd6e5d60!8m2!3d41.8691369!4d-87.6252647","https://www.google.com/maps/place/Tea%25/@41.8691369,-87.6252647,13.99z/data=!4m16!1m7!3m6!1s0x880e2d1074dc5429:0xfb4b4a7bdd6e5d60!2sTea%25!8m2!3d41.8691369!4d-87.6252647!16s%2Fg%2F11ckvg1dmb!3m7!1s0x880e2d1074dc5429:0xfb4b4a7bdd6e5d60!8m2!3d41.8691369!4d-87.6252647!9m1!1b1!16s%2Fg%2F11ckvg1dmb?entry=ttu",ChIJKVTcdBAtDogRYF1u3XtKS_s,0x880e2d1074dc5429:0xfb4b4a7bdd6e5d60,18107648622629641568,/g/11nxsp8lvw,-339095451079910048,,casey@toasttab.com,RECEIVING,Catch All,Casey Woo,Casey,Woo,Principal Senior Account Executive,19204746601,achambers@toasttab.com,RECEIVING,SMTP validated,Alexis Chambers,Alexis,Chambers,Senior Sales Manager,16176820225,jmcwilliams@toasttab.com,INVALID,Invalid SMTP,Jarvis Mcwilliams,Jarvis,Mcwilliams,Senior Implementation Engineer,,6623286889,5123685700,6192914695,https://www.facebook.com/BurritoBros.2016/,https://www.instagram.com/nonglacafe,http://www.linkedin.com/company/5102948,,,,,,,,https://platform.twitter.com/widgets,,,,,Mountain Pizza & Taproom - Gift Cards Unavailable,,,,False,False
"boba tea, 60685, Chicago, IL, US",SIP N DIP,Sip N Dip,http://www.sipndipco.com/,"Bubble tea store, Juice shop",Juice shop,Bubble tea store,,"Food Court, 520 N Michigan Ave 4th Floor, Chicago, IL 60611",Streeterville,"Food Court, 520 N Michigan Ave 4th Floor",Chicago,60611,Illinois,Illinois,United States of America,US,41.891525699999995,-87.6248853,892664c1e3bffff,America/Chicago,,False,4.9,49,"https://search.google.com/local/reviews?placeid=ChIJddb395AtDogRphA5arIxgvU&q=boba+tea,+60685,+Chicago,+IL,+US&authuser=0&hl=en&gl=US",,,1.0,0.0,0.0,2.0,46.0,39,https://lh3.googleusercontent.com/p/AF1QipOwuFpHiYkYghzmAjAknjqDI_4-eOocsN2x2uej=w800-h500-k-no,https://lh3.googleusercontent.com/p/AF1QipOwuFpHiYkYghzmAjAknjqDI_4-eOocsN2x2uej=w1600-h1000-k-no,,"{""Monday"": ""10AM-6:30PM"", ""Tuesday"": ""10AM-6:30PM"", ""Wednesday"": ""10AM-6:30PM"", ""Thursday"": ""10AM-6:30PM"", ""Friday"": ""10AM-6:30PM"", ""Saturday"": ""11AM-6:30PM"", ""Sunday"": ""11AM-6:30PM""}",Monday:10AM-6:30PM|Tuesday:10AM-6:30PM|Wednesday:10AM-6:30PM|Thursday:10AM-6:30PM|Friday:10AM-6:30PM|Saturday:11AM-6:30PM|Sunday:11AM-6:30PM,,,OPERATIONAL,"{""Service options"": {""Takeout"": true}, ""Atmosphere"": {""Casual"": true, ""Trendy"": true}, ""Payments"": {""Credit cards"": true}, ""Children"": {""Good for kids"": true}}",,,https://lh5.googleusercontent.com/-rrRjhyI0zq4/AAAAAAAAAAI/AAAAAAAAAAA/JsAuBXS0Xe4/s44-p-k-no-ns-nd/photo.jpg,,,True,108250104625431015195,SIP N DIP,https://www.google.com/maps/contrib/108250104625431015195,,"https://www.google.com/viewer/chooseprovider?mid=/g/11y8h6knj5&g2lbs=AAEPWCsJzvXu5E1HyFR3czDoLe6N92ggIlT8EGTZ_NDxLaetvbFARX-zjKlIiicRyBnr3lVub3_rARYUdkTYjykvXq0aY1o-pw%3D%3D&hl=en-US&gl=us&fo_m=MfohQo559jFvMUOzJVpjPL1YMfZ3bInYwBDuMfaXTPp5KXh-&utm_source=tactile&gei=tWwCaJuXON3LkPIPodu6IA&ei=tWwCaJuXON3LkPIPodu6IA&fo_s=OA,SOE&opi=79508299&ebb=1&cs=0&foub=mcpp",,,"https://www.google.com/maps/place/SIP+N+DIP/@41.891525699999995,-87.6248853,14z/data=!4m8!1m2!2m1!1sSIP+N+DIP!3m4!1s0x880e2d90f7f7d675:0xf58231b26a3910a6!8m2!3d41.891525699999995!4d-87.6248853","https://www.google.com/maps/place/SIP+N+DIP/@41.891525699999995,-87.6248853,13.99z/data=!4m16!1m7!3m6!1s0x880e2d90f7f7d675:0xf58231b26a3910a6!2sSIP+N+DIP!8m2!3d41.891525699999995!4d-87.6248853!16s%2Fg%2F11ckvg1dmb!3m7!1s0x880e2d90f7f7d675:0xf58231b26a3910a6!8m2!3d41.891525699999995!4d-87.6248853!9m1!1b1!16s%2Fg%2F11ckvg1dmb?entry=ttu",ChIJddb395AtDogRphA5arIxgvU,0x880e2d90f7f7d675:0xf58231b26a3910a6,17690756928620794022,/g/11y8h6knj5,-755987145088757594,,,,,,,,,,,,,,,,,,,,,,,,,,,,,,,,,,,,,,,,,,,,,Square Online,,,False,False
"boba tea, 60685, Chicago, IL, US",Bubblelicious Bubble Tea Millennium Park Location,Bubblelicious Bubble Tea Millennium Park Location,https://www.bubbleliciousmke.com/,Bubble tea store,Bubble tea store,Bubble tea store,+1 312-300-7556,"179 Michigan Ave, Chicago, IL 60601",Chicago Loop,179 Michigan Ave,Chicago,60601,Illinois,Illinois,United States of America,US,41.8853107,-87.6242561,892664c1e2fffff,America/Chicago,,False,3.8,199,"https://search.google.com/local/reviews?placeid=ChIJxdrit-QtDogR5sSN3qdgrFc&q=boba+tea,+60685,+Chicago,+IL,+US&authuser=0&hl=en&gl=US",,,36.0,10.0,15.0,39.0,99.0,238,https://lh3.googleusercontent.com/gps-cs-s/AB5caB-0NNrzuBX5P3sfes2H6Az4FUB6Kg58zx8_KPoO9VDD4vxeN7KR7UuWyoA9jJBz_DSdWC8w0_wYyxuNt4Xg3y_WSZ1SKSv5j4XfTSr0wR-zN41TXPb0aFLiYswwFAg0APFaGeb__A=w800-h500-k-no,https://lh3.googleusercontent.com/gps-cs-s/AB5caB-0NNrzuBX5P3sfes2H6Az4FUB6Kg58zx8_KPoO9VDD4vxeN7KR7UuWyoA9jJBz_DSdWC8w0_wYyxuNt4Xg3y_WSZ1SKSv5j4XfTSr0wR-zN41TXPb0aFLiYswwFAg0APFaGeb__A=w1600-h1000-k-no,,"{""Monday"": ""11AM-6PM"", ""Tuesday"": ""11AM-6PM"", ""Wednesday"": ""11AM-6PM"", ""Thursday"": ""11AM-6PM"", ""Friday"": ""11AM-6PM"", ""Saturday"": ""11AM-6PM"", ""Sunday"": ""11AM-6PM""}",Monday:11AM-6PM|Tuesday:11AM-6PM|Wednesday:11AM-6PM|Thursday:11AM-6PM|Friday:11AM-6PM|Saturday:11AM-6PM|Sunday:11AM-6PM,,,OPERATIONAL,"{""Service options"": {""Delivery"": true, ""Onsite services"": true, ""Takeout"": true, ""Dine-in"": true}, ""Highlights"": {""Great tea selection"": true}, ""Accessibility"": {""Wheelchair accessible entrance"": true}}",$,,https://lh5.googleusercontent.com/-H2zF-mzZSZw/AAAAAAAAAAI/AAAAAAAAAAA/6hOCUjdTxNo/s44-p-k-no-ns-nd/photo.jpg,,,True,106993614781010242428,Bubblelicious Bubble Tea Millennium Park Location,https://www.google.com/maps/contrib/106993614781010242428,,"https://www.google.com/viewer/chooseprovider?mid=/g/11pdd_9lj3&g2lbs=AAEPWCu8dKo98DOhNGNSn6QPL-ORiu3nFx6Wugy5zBCxG-7YQ1hvvzbXRG3k_GPqIw40Aw5C4AKAQZFVuSuq5R2qSOfd1Xsfww%3D%3D&hl=en-US&gl=us&fo_m=MfohQo559jFvMUOzJVpjPL1YMfZ3bInYwBDuMfaXTPp5KXh-&utm_source=tactile&gei=t2wCaJTOIaimhbIP_KXsmQ0&ei=t2wCaJTOIaimhbIP_KXsmQ0&fo_s=OA,SOE&opi=79508299&ebb=1&cs=0&foub=mcpp",,,"https://www.google.com/maps/place/Bubblelicious+Bubble+Tea+Millennium+Park+Location/@41.8853107,-87.6242561,14z/data=!4m8!1m2!2m1!1sBubblelicious+Bubble+Tea+Millennium+Park+Location!3m4!1s0x880e2de4b7e2dac5:0x57ac60a7de8dc4e6!8m2!3d41.8853107!4d-87.6242561","https://www.google.com/maps/place/Bubblelicious+Bubble+Tea+Millennium+Park+Location/@41.8853107,-87.6242561,13.99z/data=!4m16!1m7!3m6!1s0x880e2de4b7e2dac5:0x57ac60a7de8dc4e6!2sBubblelicious+Bubble+Tea+Millennium+Park+Location!8m2!3d41.8853107!4d-87.6242561!16s%2Fg%2F11ckvg1dmb!3m7!1s0x880e2de4b7e2dac5:0x57ac60a7de8dc4e6!8m2!3d41.8853107!4d-87.6242561!9m1!1b1!16s%2Fg%2F11ckvg1dmb?entry=ttu",ChIJxdrit-QtDogR5sSN3qdgrFc,0x880e2de4b7e2dac5:0x57ac60a7de8dc4e6,6317530651403601126,/g/11pdd_9lj3,6317530651403601126,,john@bubbleliciousmke.com,UNKNOWN,Cannot validate,,,,,,,,,,,,,,,,,,,,,,13127295359,,,https://www.facebook.com/105339108876912,https://www.instagram.com/17841416649259471,,,,,,,,,,,,,,Bubblelicious | Milwaukee Bubble Tea – Milwaukee Boba Tea,Divi v.4.10.2,,,,
"boba tea, 60685, Chicago, IL, US",Tulip's Tea on Tuesday,Tulips Tea On Tuesday,https://instagram.com/tulipteaontuesday?igshid=YmMyMTA2M2Y=,"Bubble tea store, Bakery, Cafe, Coffee shop, Handicraft school",cafes,Bubble tea store,+1 872-588-9565,"828 W Grace St Retail 1 East, Chicago, IL 60613",Lake View,828 W Grace St Retail 1 East,Chicago,60613,Illinois,Illinois,United States of America,US,41.9513063,-87.6507944,892664c1687ffff,America/Chicago,,False,5.0,238,"https://search.google.com/local/reviews?placeid=ChIJa05t5oLTD4gR8uTIW56tqUk&q=boba+tea,+60685,+Chicago,+IL,+US&authuser=0&hl=en&gl=US",,,0.0,0.0,0.0,0.0,238.0,121,https://lh3.googleusercontent.com/p/AF1QipOocid3smGwL84j9MOujHshLWTXHJwj5IOuiEMU=w800-h500-k-no,https://lh3.googleusercontent.com/p/AF1QipOocid3smGwL84j9MOujHshLWTXHJwj5IOuiEMU=w1600-h1000-k-no,,"{""Monday"": ""12-8PM"", ""Tuesday"": ""10AM-8PM"", ""Wednesday"": ""10AM-8PM"", ""Thursday"": ""10AM-8PM"", ""Friday"": ""10AM-8PM"", ""Saturday"": ""10AM-8PM"", ""Sunday"": ""10AM-8PM""}",Monday:12-8PM|Tuesday:10AM-8PM|Wednesday:10AM-8PM|Thursday:10AM-8PM|Friday:10AM-8PM|Saturday:10AM-8PM|Sunday:10AM-8PM,,,OPERATIONAL,"{""Service options"": {""Delivery"": true, ""Takeout"": true, ""Dine-in"": true}, ""Highlights"": {""Great tea selection"": true}, ""Popular for"": {""Solo dining"": true}, ""Accessibility"": {""Wheelchair accessible entrance"": true}, ""Offerings"": {""Coffee"": true, ""Quick bite"": true}, ""Dining options"": {""Dessert"": true}, ""Amenities"": {""Restroom"": true, ""Wi-Fi"": true}, ""Atmosphere"": {""Casual"": true, ""Cozy"": true, ""Trendy"": true}, ""Crowd"": {""College students"": true, ""Groups"": true}, ""Payments"": {""Credit cards"": true, ""Debit cards"": true}, ""Children"": {""Good for kids"": true}, ""Parking"": {""Parking"": true}}",$,,https://lh5.googleusercontent.com/-h1jA3O9qFgg/AAAAAAAAAAI/AAAAAAAAAAA/_f8S_hcfA3M/s44-p-k-no-ns-nd/photo.jpg,,,True,106923811205472243810,Tulip's Tea on Tuesday,https://www.google.com/maps/contrib/106923811205472243810,,"https://www.google.com/viewer/chooseprovider?mid=/g/11t_j_lx8t&g2lbs=AAEPWCteqeaL-b4SZ_TjcMoLu0kLev6BeXxNM1ajSoLunQl3z6mshDBueRGSxMmfa-7XHLdpfJuQFvlN5flAUloIZCuhvZMnPA%3D%3D&hl=en-US&gl=us&fo_m=MfohQo559jFvMUOzJVpjPL1YMfZ3bInYwBDuMfaXTPp5KXh-&utm_source=tactile&gei=uWwCaJu4K7XPwPAP8dak4QI&ei=uWwCaJu4K7XPwPAP8dak4QI&fo_s=OA,SOE&opi=79508299&ebb=1&cs=0&foub=mcpp",,,"https://www.google.com/maps/place/Tulip%27s+Tea+on+Tuesday/@41.9513063,-87.6507944,14z/data=!4m8!1m2!2m1!1sTulip%27s+Tea+on+Tuesday!3m4!1s0x880fd382e66d4e6b:0x49a9ad9e5bc8e4f2!8m2!3d41.9513063!4d-87.6507944","https://www.google.com/maps/place/Tulip%27s+Tea+on+Tuesday/@41.9513063,-87.6507944,13.99z/data=!4m16!1m7!3m6!1s0x880fd382e66d4e6b:0x49a9ad9e5bc8e4f2!2sTulip%27s+Tea+on+Tuesday!8m2!3d41.9513063!4d-87.6507944!16s%2Fg%2F11ckvg1dmb!3m7!1s0x880fd382e66d4e6b:0x49a9ad9e5bc8e4f2!8m2!3d41.9513063!4d-87.6507944!9m1!1b1!16s%2Fg%2F11ckvg1dmb?entry=ttu",ChIJa05t5oLTD4gR8uTIW56tqUk,0x880fd382e66d4e6b:0x49a9ad9e5bc8e4f2,5307964531489170674,/g/11t_j_lx8t,5307964531489170674,,,,,,,,,,,,,,,,,,,,,,,,,,,,,,,,,,,,,,,,,,,,,,,,,
"boba tea, 60685, Chicago, IL, US","Fruitful Delight Smoothie, Juice & Bubble Tea Cafe",Fruitful Delight Smoothie Juice And Bubble Tea Cafe,http://www.fruitfuldelightjuicebar.com/,"Juice shop, Coffee shop, Restaurant, Tea house",Juice shop,Juice shop,+1 312-291-8373,"2 E Cermak Rd, Chicago, IL 60616",South Loop,2 E Cermak Rd,Chicago,60616,Illinois,Illinois,United States of America,US,41.853077299999995,-87.62674539999999,892664cf4b7ffff,America/Chicago,,False,4.2,53,"https://search.google.com/local/reviews?placeid=ChIJd6tOizMtDogRdF3QFvhXAq8&q=boba+tea,+60685,+Chicago,+IL,+US&authuser=0&hl=en&gl=US",,,4.0,5.0,4.0,2.0,38.0,49,https://lh3.googleusercontent.com/gps-proxy/ALd4DhG1MS7mN_wEpnvavFVOntGfZRoSnXEjuWrEHxBx8DOc3Dq8AYKv-mlm4rdA5Oi7k90Sy1M1i1eLfUlLWwb9POc5NySM-iYq0DbfZhhg7zxCCBPY3iNgYmUiwBoA0FhpaLlIt9mz-OR_aAddRKhyB3SKT95PDe-0RUOYjdv-f1VjtwBXT3acZG7m=w800-h500-k-no,https://lh3.googleusercontent.com/gps-proxy/ALd4DhG1MS7mN_wEpnvavFVOntGfZRoSnXEjuWrEHxBx8DOc3Dq8AYKv-mlm4rdA5Oi7k90Sy1M1i1eLfUlLWwb9POc5NySM-iYq0DbfZhhg7zxCCBPY3iNgYmUiwBoA0FhpaLlIt9mz-OR_aAddRKhyB3SKT95PDe-0RUOYjdv-f1VjtwBXT3acZG7m=w1600-h1000-k-no,,"{""Monday"": ""9AM-5:30PM"", ""Tuesday"": ""9AM-5:30PM"", ""Wednesday"": ""9AM-5:30PM"", ""Thursday"": ""9AM-5:30PM"", ""Friday"": ""9AM-5:30PM"", ""Saturday"": ""9AM-3PM"", ""Sunday"": ""11AM-2PM""}",Monday:9AM-5:30PM|Tuesday:9AM-5:30PM|Wednesday:9AM-5:30PM|Thursday:9AM-5:30PM|Friday:9AM-5:30PM|Saturday:9AM-3PM|Sunday:11AM-2PM,,,OPERATIONAL,"{""From the business"": {""Identifies as Black-owned"": true, ""Identifies as veteran-owned"": true, ""Identifies as women-owned"": true}, ""Service options"": {""Curbside pickup"": true, ""No-contact delivery"": true, ""Delivery"": true, ""Takeout"": true, ""Dine-in"": true}, ""Popular for"": {""Solo dining"": true}, ""Accessibility"": {""Wheelchair accessible entrance"": true, ""Wheelchair accessible restroom"": true, ""Wheelchair accessible seating"": true, ""Assistive hearing loop"": false}, ""Dining options"": {""Counter service"": true, ""Dessert"": true, ""Seating"": true}, ""Amenities"": {""Gender-neutral restroom"": true, ""Restroom"": true, ""Wi-Fi"": true}, ""Atmosphere"": {""Casual"": true, ""Trendy"": true}, ""Crowd"": {""Family-friendly"": true, ""LGBTQ+ friendly"": true, ""Transgender safespace"": true}, ""Payments"": {""Credit cards"": true, ""Debit cards"": true, ""NFC mobile payments"": true}, ""Children"": {""Good for kids"": true}, ""Parking"": {""Free street parking"": true, ""Paid street parking"": true}, ""Other"": {""Identifies as Black-owned"": true, ""LGBTQ+ friendly"": true, ""Identifies as veteran-owned"": true, ""Identifies as women-owned"": true}}",$$,,https://lh5.googleusercontent.com/-Oa9hKgkZVFI/AAAAAAAAAAI/AAAAAAAAAAA/mDO4lUSoOwY/s44-p-k-no-ns-nd/photo.jpg,,,True,109242084984438593624,"Fruitful Delight Smoothie, Juice & Bubble Tea Cafe",https://www.google.com/maps/contrib/109242084984438593624,,"https://www.google.com/viewer/chooseprovider?mid=/g/11sd6jrzws&g2lbs=AAEPWCt0vPSxKKl0WgUV0wgvGI1M09fGw-Q0Pq-SWYWtfPT_cdOcEjSSHCr7NGqxqNitqX6mlJfdUYFfIn_00wojKuDBixmm0A%3D%3D&hl=en-US&gl=us&fo_m=MfohQo559jFvMUOzJVpjPL1YMfZ3bInYwBDuMfaXTPp5KXh-&utm_source=tactile&gei=vGwCaL2GGL7IkPIPo9y6gQo&ei=vGwCaL2GGL7IkPIPo9y6gQo&fo_s=OA,SOE&opi=79508299&ebb=1&cs=0&foub=mcpp",,,"https://www.google.com/maps/place/Fruitful+Delight+Smoothie%2C+Juice+%26+Bubble+Tea+Cafe/@41.853077299999995,-87.62674539999999,14z/data=!4m8!1m2!2m1!1sFruitful+Delight+Smoothie%2C+Juice+%26+Bubble+Tea+Cafe!3m4!1s0x880e2d338b4eab77:0xaf0257f816d05d74!8m2!3d41.853077299999995!4d-87.62674539999999","https://www.google.com/maps/place/Fruitful+Delight+Smoothie%2C+Juice+%26+Bubble+Tea+Cafe/@41.853077299999995,-87.62674539999999,13.99z/data=!4m16!1m7!3m6!1s0x880e2d338b4eab77:0xaf0257f816d05d74!2sFruitful+Delight+Smoothie%2C+Juice+%26+Bubble+Tea+Cafe!8m2!3d41.853077299999995!4d-87.62674539999999!16s%2Fg%2F11ckvg1dmb!3m7!1s0x880e2d338b4eab77:0xaf0257f816d05d74!8m2!3d41.853077299999995!4d-87.62674539999999!9m1!1b1!16s%2Fg%2F11ckvg1dmb?entry=ttu",ChIJd6tOizMtDogRdF3QFvhXAq8,0x880e2d338b4eab77:0xaf0257f816d05d74,12610738629637070196,/g/11sd6jrzws,-5836005444072481420,,feedback@fruitfuldelightjuicebar.com,RECEIVING,SMTP validated,,,,,,,,,,,,,,,,,,,,,,18475638868,13122918373,,https://www.facebook.com/103369152088362,,,,,,,,,,,,,,,,,,,,
"boba tea, 60685, Chicago, IL, US",Boba Heaven,Boba Heaven,https://visitbobaheaven.com/,"Bubble tea store, Cafe, Creperie",Bubble tea store,Bubble tea store,+1 708-529-7492,"10810 S Cicero Ave, Oak Lawn, IL 60453",None,10810 S Cicero Ave,Oak Lawn,60453,Illinois,Illinois,United States of America,US,41.6959667,-87.7404514,892664572d7ffff,America/Chicago,,False,4.5,375,"https://search.google.com/local/reviews?placeid=ChIJBZIsZ1M7DogRqhBZzeU21hc&q=boba+tea,+60685,+Chicago,+IL,+US&authuser=0&hl=en&gl=US",,,32.0,7.0,7.0,22.0,307.0,229,https://lh3.googleusercontent.com/gps-cs-s/AB5caB_JftQufJ-OMZxcUdpsDoEuS0UpEJIhvFLrjEqZEz33KYoepXe0241JuyYUwjyvaKiE6NJBL0LhQq_npyooUXzVErzt6Vn20CUDfvoxSn1pov8U_0q0KzF9IdMtZi8-Tv7Z4je9=w800-h500-k-no,https://lh3.googleusercontent.com/gps-cs-s/AB5caB_JftQufJ-OMZxcUdpsDoEuS0UpEJIhvFLrjEqZEz33KYoepXe0241JuyYUwjyvaKiE6NJBL0LhQq_npyooUXzVErzt6Vn20CUDfvoxSn1pov8U_0q0KzF9IdMtZi8-Tv7Z4je9=w1600-h1000-k-no,,"{""Monday"": ""12PM-12AM"", ""Tuesday"": ""12PM-12AM"", ""Wednesday"": ""12PM-12AM"", ""Thursday"": ""12PM-12AM"", ""Friday"": ""2PM-12AM"", ""Saturday"": ""12PM-12AM"", ""Sunday"": ""12PM-12AM""}",Monday:12PM-12AM|Tuesday:12PM-12AM|Wednesday:12PM-12AM|Thursday:12PM-12AM|Friday:2PM-12AM|Saturday:12PM-12AM|Sunday:12PM-12AM,,,OPERATIONAL,"{""Service options"": {""Curbside pickup"": true, ""No-contact delivery"": true, ""Delivery"": true, ""Takeout"": true, ""Dine-in"": true}, ""Highlights"": {""Great tea selection"": true}, ""Accessibility"": {""Wheelchair accessible parking lot"": true}, ""Crowd"": {""LGBTQ+ friendly"": true, ""Transgender safespace"": true}, ""Parking"": {""Free parking lot"": true, ""Free street parking"": true}, ""Other"": {""LGBTQ+ friendly"": true}}",$,,https://lh5.googleusercontent.com/-9rUSBuz1Bgw/AAAAAAAAAAI/AAAAAAAAAAA/t1jnHrv5C10/s44-p-k-no-ns-nd/photo.jpg,,,True,109149067866518163133,Boba Heaven,https://www.google.com/maps/contrib/109149067866518163133,,"https://www.google.com/viewer/chooseprovider?mid=/g/11rwkxkrjc&g2lbs=AAEPWCuQ1uenp56yfPrABax61qy-H2LtaC_oizX-n-UOg8HMllnc6hRHo5MDrostiu1aT0TXvGvI0aqf5SsOQIppFjpqWjoUfQ%3D%3D&hl=en-US&gl=us&fo_m=MfohQo559jFvMUOzJVpjPL1YMfZ3bInYwBDuMfaXTPp5KXh-&utm_source=tactile&gei=vGwCaL2GGL7IkPIPo9y6gQo&ei=vGwCaL2GGL7IkPIPo9y6gQo&fo_s=OA,SOE&opi=79508299&ebb=1&cs=0&foub=mcpp",,,"https://www.google.com/maps/place/Boba+Heaven/@41.6959667,-87.7404514,14z/data=!4m8!1m2!2m1!1sBoba+Heaven!3m4!1s0x880e3b53672c9205:0x17d636e5cd5910aa!8m2!3d41.6959667!4d-87.7404514","https://www.google.com/maps/place/Boba+Heaven/@41.6959667,-87.7404514,13.99z/data=!4m16!1m7!3m6!1s0x880e3b53672c9205:0x17d636e5cd5910aa!2sBoba+Heaven!8m2!3d41.6959667!4d-87.7404514!16s%2Fg%2F11ckvg1dmb!3m7!1s0x880e3b53672c9205:0x17d636e5cd5910aa!8m2!3d41.6959667!4d-87.7404514!9m1!1b1!16s%2Fg%2F11ckvg1dmb?entry=ttu",ChIJBZIsZ1M7DogRqhBZzeU21hc,0x880e3b53672c9205:0x17d636e5cd5910aa,1717620668508999850,/g/11rwkxkrjc,1717620668508999850,,,,,,,,,,,,,,,,,,,,,,,,,,,,,,,,,,,,,,,,,,,,Boba Heaven |,Divi v.4.27.4,,,False,False
"boba tea, 60685, Chicago, IL, US",Vietfive Coffee - Chicago,Vietfive Coffee Chicago,https://www.vietfive.com/,"Coffee shop, Cafe, Coffee roasters, Coffee store, Coffee wholesaler, Sandwich shop, Vietnamese restaurant",coffee shops,Coffee shop,+1 312-929-4732,"1116 W Madison St, Chicago, IL 60607",West Loop,1116 W Madison St,Chicago,60607,Illinois,Illinois,United States of America,US,41.881789399999995,-87.6550831,892664cad2bffff,America/Chicago,,False,4.7,353,"https://search.google.com/local/reviews?placeid=ChIJ5_Xb4PctDogRKUIyJwN7-c8&q=boba+tea,+60685,+Chicago,+IL,+US&authuser=0&hl=en&gl=US",,,12.0,5.0,16.0,23.0,297.0,528,https://lh3.googleusercontent.com/p/AF1QipMeXUHE8gieMD_OpYBr_SfxgQjPFeYkCaQOyWjC=w800-h500-k-no,https://lh3.googleusercontent.com/p/AF1QipMeXUHE8gieMD_OpYBr_SfxgQjPFeYkCaQOyWjC=w1600-h1000-k-no,,"{""Monday"": ""Closed"", ""Tuesday"": ""7AM-5PM"", ""Wednesday"": ""7AM-5PM"", ""Thursday"": ""7AM-5PM"", ""Friday"": ""7AM-5PM"", ""Saturday"": ""8AM-6PM"", ""Sunday"": ""8AM-6PM""}",Monday:Closed|Tuesday:7AM-5PM|Wednesday:7AM-5PM|Thursday:7AM-5PM|Friday:7AM-5PM|Saturday:8AM-6PM|Sunday:8AM-6PM,"[{""online_service_hours"": {""Monday"": ""Closed"", ""Tuesday"": ""7 AM-6:30 PM"", ""Wednesday"": ""7 AM-6:30 PM"", ""Thursday"": ""7 AM-6:30 PM"", ""Friday"": ""7 AM-6:30 PM"", ""Saturday"": ""8 AM-6:30 PM"", ""Sunday"": ""8 AM-6:30 PM""}}, {""delivery"": {""Monday"": ""7:30 AM-4:30 PM"", ""Tuesday"": ""7:30 AM-4:30 PM"", ""Wednesday"": ""7:30 AM-4:30 PM"", ""Thursday"": ""7:30 AM-4:30 PM"", ""Friday"": ""7:30 AM-4:30 PM"", ""Saturday"": ""8:30 AM-5:30 PM"", ""Sunday"": ""8:30 AM-5:30 PM""}}, {""lunch"": {""Monday"": ""9 AM-2 PM"", ""Tuesday"": ""9 AM-2 PM"", ""Wednesday"": ""9 AM-2 PM"", ""Thursday"": ""9 AM-2 PM"", ""Friday"": ""9 AM-2 PM"", ""Saturday"": ""9 AM-2 PM"", ""Sunday"": ""9 AM-2 PM""}}]",,OPERATIONAL,"{""From the business"": {""Identifies as Asian-owned"": true}, ""Service options"": {""Outdoor seating"": true, ""Curbside pickup"": true, ""No-contact delivery"": true, ""Delivery"": true, ""Onsite services"": true, ""Takeout"": true, ""Dine-in"": true}, ""Highlights"": {""Great coffee"": true, ""Great tea selection"": true, ""Live music"": true, ""Live performances"": true}, ""Popular for"": {""Breakfast"": true, ""Solo dining"": true}, ""Accessibility"": {""Wheelchair accessible entrance"": true, ""Wheelchair accessible restroom"": true, ""Wheelchair accessible seating"": true}, ""Offerings"": {""Coffee"": true, ""Comfort food"": true, ""Organic dishes"": true, ""Prepared foods"": true, ""Quick bite"": true, ""Small plates"": true, ""Vegan options"": true, ""Vegetarian options"": true}, ""Dining options"": {""Breakfast"": true, ""Brunch"": true, ""Lunch"": true, ""Dinner"": true, ""Catering"": true, ""Dessert"": true, ""Seating"": true}, ""Amenities"": {""Gender-neutral restroom"": true, ""Restroom"": true, ""Wi-Fi"": true}, ""Atmosphere"": {""Casual"": true, ""Cozy"": true, ""Trendy"": true}, ""Crowd"": {""Family-friendly"": true, ""LGBTQ+ friendly"": true, ""Tourists"": true, ""Transgender safespace"": true}, ""Planning"": {""Accepts reservations"": false}, ""Recycling"": {""Electronics"": true}, ""Payments"": {""Checks"": true, ""Credit cards"": true}, ""Children"": {""Good for kids"": true, ""High chairs"": true, ""Kids' menu"": true}, ""Parking"": {""Free street parking"": true, ""Paid street parking"": true}, ""Other"": {""LGBTQ+ friendly"": true, ""Identifies as Asian-owned"": true}}",$,,https://lh4.googleusercontent.com/-D97n0z2zTSc/AAAAAAAAAAI/AAAAAAAAAAA/UnKqKMMqWCM/s44-p-k-no-ns-nd/photo.jpg,"Vietnamese snacks, pastries & ice creams are offered in this pared-down coffee shop.",,True,110940990489591961504,Vietfive Coffee - Chicago,https://www.google.com/maps/contrib/110940990489591961504,,"https://www.google.com/viewer/chooseprovider?mid=/g/11p67_970g&g2lbs=AAEPWCscFTXDGiXv_YDo7QU8gQF6lJSl0bX_ns_kRxKEQkglsvyxsCk2uXWrFOLywKjhQUzwG9GvsTeFvQUvgJ-nvh4uiTEnCA%3D%3D&hl=en-US&gl=us&fo_m=MfohQo559jFvMUOzJVpjPL1YMfZ3bInYwBDuMfaXTPp5KXh-&utm_source=tactile&gei=vGwCaL2GGL7IkPIPo9y6gQo&ei=vGwCaL2GGL7IkPIPo9y6gQo&fo_s=OA,SOE&opi=79508299&ebb=1&cs=0&foub=mcpp",,,"https://www.google.com/maps/place/Vietfive+Coffee+-+Chicago/@41.881789399999995,-87.6550831,14z/data=!4m8!1m2!2m1!1sVietfive+Coffee+-+Chicago!3m4!1s0x880e2df7e0dbf5e7:0xcff97b0327324229!8m2!3d41.881789399999995!4d-87.6550831","https://www.google.com/maps/place/Vietfive+Coffee+-+Chicago/@41.881789399999995,-87.6550831,13.99z/data=!4m16!1m7!3m6!1s0x880e2df7e0dbf5e7:0xcff97b0327324229!2sVietfive+Coffee+-+Chicago!8m2!3d41.881789399999995!4d-87.6550831!16s%2Fg%2F11ckvg1dmb!3m7!1s0x880e2df7e0dbf5e7:0xcff97b0327324229!8m2!3d41.881789399999995!4d-87.6550831!9m1!1b1!16s%2Fg%2F11ckvg1dmb?entry=ttu",ChIJ5_Xb4PctDogRKUIyJwN7-c8,0x880e2df7e0dbf5e7:0xcff97b0327324229,14986144488524759593,/g/11p67_970g,-3460599585184792023,,team@vietfive.com,RECEIVING,SMTP validated,,,,,,,,,,,,,,,,,,,,,,13129294732,,,https://www.facebook.com/vietfivecoffee/,,,,,,,,,,,,,,,,,,,,
"boba tea, 60685, Chicago, IL, US",Bambu,Bambu,http://www.drinkbambu.com/,"Bubble tea store, Coffee shop, Juice shop",coffee shops,Bubble tea store,+1 773-293-7234,"5010 N Broadway, Chicago, IL 60640",Uptown,5010 N Broadway,Chicago,60640,Illinois,Illinois,United States of America,US,41.9730722,-87.66000869999999,892664d8953ffff,America/Chicago,,False,4.4,351,"https://search.google.com/local/reviews?placeid=ChIJ5wp-5CrSD4gR5p47zu8BI40&q=boba+tea,+60685,+Chicago,+IL,+US&authuser=0&hl=en&gl=US",,,19.0,10.0,15.0,62.0,245.0,401,https://lh3.googleusercontent.com/gps-cs-s/AB5caB8Hf7nRQP8HISZqS5LuxCAWN_1_b5319n0Euw1R3QppL3uwrjunISVQWLqu1ZFhJmpbE5wGO9NR_rjmoW5IazKLEYCB8FqiJ0r6Cbr6iuJnr9jda-WBTy0vWO3AmLQpKzWB1-Od=w800-h500-k-no,https://lh3.googleusercontent.com/gps-cs-s/AB5caB8Hf7nRQP8HISZqS5LuxCAWN_1_b5319n0Euw1R3QppL3uwrjunISVQWLqu1ZFhJmpbE5wGO9NR_rjmoW5IazKLEYCB8FqiJ0r6Cbr6iuJnr9jda-WBTy0vWO3AmLQpKzWB1-Od=w1600-h1000-k-no,,"{""Monday"": ""10AM-7PM"", ""Tuesday"": ""10AM-7PM"", ""Wednesday"": ""10AM-7PM"", ""Thursday"": ""9AM-4PM"", ""Friday"": ""10AM-7PM"", ""Saturday"": ""10AM-8PM"", ""Sunday"": ""10AM-8PM""}",Monday:10AM-7PM|Tuesday:10AM-7PM|Wednesday:10AM-7PM|Thursday:9AM-4PM|Friday:10AM-7PM|Saturday:10AM-8PM|Sunday:10AM-8PM,,,OPERATIONAL,"{""Service options"": {""Delivery"": true, ""Takeout"": true, ""Dine-in"": true}, ""Highlights"": {""Great coffee"": true, ""Great dessert"": true, ""Great tea selection"": true}, ""Accessibility"": {""Wheelchair accessible entrance"": true}, ""Offerings"": {""Coffee"": true}, ""Dining options"": {""Dessert"": true}, ""Amenities"": {""Restroom"": true}, ""Atmosphere"": {""Casual"": true, ""Cozy"": true, ""Trendy"": true}, ""Crowd"": {""College students"": true}, ""Planning"": {""Accepts reservations"": false}, ""Payments"": {""Credit cards"": true, ""Debit cards"": true, ""NFC mobile payments"": true}, ""Children"": {""Good for kids"": true, ""Kids' menu"": true}}",$,,https://lh4.googleusercontent.com/-nkxHr7AtZL0/AAAAAAAAAAI/AAAAAAAAAAA/rGZQMQMxxpA/s44-p-k-no-ns-nd/photo.jpg,"Cafe chain serving coffee drinks, milk tea & Asian desserts, including Vietnamese che.",,True,116773988491099373989,Bambu,https://www.google.com/maps/contrib/116773988491099373989,,"https://www.google.com/viewer/chooseprovider?mid=/g/11c5335wz9&g2lbs=AAEPWCte9d86hot4Y_XjDx1cpL-7VjTZFUCXMS_DjXK650x6qHy44WL7iJzpegk7-F_R0808ijj_9QdHCrsQJUu45ZQKrP572w%3D%3D&hl=en-US&gl=us&fo_m=MfohQo559jFvMUOzJVpjPL1YMfZ3bInYwBDuMfaXTPp5KXh-&utm_source=tactile&gei=vGwCaL2GGL7IkPIPo9y6gQo&ei=vGwCaL2GGL7IkPIPo9y6gQo&fo_s=OA,SOE&opi=79508299&ebb=1&cs=0&foub=mcpp",,,"https://www.google.com/maps/place/Bambu/@41.9730722,-87.66000869999999,14z/data=!4m8!1m2!2m1!1sBambu!3m4!1s0x880fd22ae47e0ae7:0x8d2301efce3b9ee6!8m2!3d41.9730722!4d-87.66000869999999","https://www.google.com/maps/place/Bambu/@41.9730722,-87.66000869999999,13.99z/data=!4m16!1m7!3m6!1s0x880fd22ae47e0ae7:0x8d2301efce3b9ee6!2sBambu!8m2!3d41.9730722!4d-87.66000869999999!16s%2Fg%2F11ckvg1dmb!3m7!1s0x880fd22ae47e0ae7:0x8d2301efce3b9ee6!8m2!3d41.9730722!4d-87.66000869999999!9m1!1b1!16s%2Fg%2F11ckvg1dmb?entry=ttu",ChIJ5wp-5CrSD4gR5p47zu8BI40,0x880fd22ae47e0ae7:0x8d2301efce3b9ee6,10169974513001537254,/g/11c5335wz9,-8276769560708014362,,scott@drinkbambu.com,UNKNOWN,Cannot validate,Scott Bachman,Scott,Bachman,President,0,tony@drinkbambu.com,INVALID,Cannot validate,Tony Ngyuen,Tony,Ngyuen,Founder,,rockford@drinkbambu.com,INVALID,Cannot validate,Tien Nguyen,Tien,Nguyen,Owner,18157936190,13158022866,14082839666,17279548031,https://www.facebook.com/104343772403218,,https://www.linkedin.com/company/bambulowell,,,,,,,,,,,,,Bambu Tracy | Drinkbambu,Wix.com Website Builder,"Bambu is the only franchise that delivers authentic Vietnamese dessert drinks. We also serve incredible Asian-inspired smoothies, coffees, teas, and yogurts made to order from fresh ingredients ""just the way you love it"".",,False,False
"boba tea, 60685, Chicago, IL, US",Stringria Coffee and Tea Bar,Stringria Coffee And Tea Bar,https://www.toasttab.com/em-stringria-1001-west-chicago-avenue-ymzsa,"Bubble tea store, Coffee store",Coffee store,Bubble tea store,+1 312-929-2204,"Inside Food Court, 1001 W Chicago Ave, Chicago, IL 60642",River West,"Inside Food Court, 1001 W Chicago Ave",Chicago,60642,IL,Illinois,United States of America,US,41.8959808,-87.6531024,892664cad8bffff,America/Chicago,,False,4.7,20,"https://search.google.com/local/reviews?placeid=ChIJmb7cts3TD4gRU2dFj-avO2U&q=boba+tea,+60685,+Chicago,+IL,+US&authuser=0&hl=en&gl=US",,,1.0,0.0,0.0,2.0,17.0,71,https://lh3.googleusercontent.com/p/AF1QipNA3_jMwdGJQcyohhKX_BTZw4aDYmTJ16DXbaEV=w800-h500-k-no,https://lh3.googleusercontent.com/p/AF1QipNA3_jMwdGJQcyohhKX_BTZw4aDYmTJ16DXbaEV=w1600-h1000-k-no,,"{""Monday"": ""9:30AM-8:30PM"", ""Tuesday"": ""9:30AM-8:30PM"", ""Wednesday"": ""9:30AM-8:30PM"", ""Thursday"": ""9:30AM-8:30PM"", ""Friday"": ""9:30AM-8:30PM"", ""Saturday"": ""8:30AM-8:30PM"", ""Sunday"": ""8:30AM-8:30PM""}",Monday:9:30AM-8:30PM|Tuesday:9:30AM-8:30PM|Wednesday:9:30AM-8:30PM|Thursday:9:30AM-8:30PM|Friday:9:30AM-8:30PM|Saturday:8:30AM-8:30PM|Sunday:8:30AM-8:30PM,,,OPERATIONAL,"{""Service options"": {""Delivery"": true, ""Takeout"": true}, ""Planning"": {""Quick visit"": true}, ""Payments"": {""Credit cards"": true, ""Debit cards"": true, ""NFC mobile payments"": true}}",,,https://lh5.googleusercontent.com/-1Dm44DZqC88/AAAAAAAAAAI/AAAAAAAAAAA/KJQRLHlxrhU/s44-p-k-no-ns-nd/photo.jpg,,,True,106001325127074531319,Stringria Coffee and Tea Bar,https://www.google.com/maps/contrib/106001325127074531319,,,,,"https://www.google.com/maps/place/Stringria+Coffee+and+Tea+Bar/@41.8959808,-87.6531024,14z/data=!4m8!1m2!2m1!1sStringria+Coffee+and+Tea+Bar!3m4!1s0x880fd3cdb6dcbe99:0x653bafe68f456753!8m2!3d41.8959808!4d-87.6531024","https://www.google.com/maps/place/Stringria+Coffee+and+Tea+Bar/@41.8959808,-87.6531024,13.99z/data=!4m16!1m7!3m6!1s0x880fd3cdb6dcbe99:0x653bafe68f456753!2sStringria+Coffee+and+Tea+Bar!8m2!3d41.8959808!4d-87.6531024!16s%2Fg%2F11ckvg1dmb!3m7!1s0x880fd3cdb6dcbe99:0x653bafe68f456753!8m2!3d41.8959808!4d-87.6531024!9m1!1b1!16s%2Fg%2F11ckvg1dmb?entry=ttu",ChIJmb7cts3TD4gRU2dFj-avO2U,0x880fd3cdb6dcbe99:0x653bafe68f456753,7294617426237679443,/g/11txzvpg5b,7294617426237679443,,casey@toasttab.com,RECEIVING,Catch All,Casey Woo,Casey,Woo,Principal Senior Account Executive,19204746601,achambers@toasttab.com,RECEIVING,SMTP validated,Alexis Chambers,Alexis,Chambers,Senior Sales Manager,16176820225,jmcwilliams@toasttab.com,INVALID,Invalid SMTP,Jarvis Mcwilliams,Jarvis,Mcwilliams,Senior Implementation Engineer,,6623286889,5123685700,6192914695,https://www.facebook.com/BurritoBros.2016/,https://www.instagram.com/nonglacafe,http://www.linkedin.com/company/5102948,,,,,,,,https://platform.twitter.com/widgets,,,,,Mountain Pizza & Taproom - Gift Cards Unavailable,,,,False,False
"boba tea, 60685, Chicago, IL, US",Jackalope Coffee & Tea House,Jackalope Coffee And Tea House,http://www.jackalopecoffee.com/,"Coffee shop, Cafe, Tea house",coffee shops,Coffee shop,+1 312-888-3468,"755 W 32nd St, Chicago, IL 60616",South Side,755 W 32nd St,Chicago,60616,Illinois,Illinois,United States of America,US,41.8360968,-87.6458337,892664cf0bbffff,America/Chicago,,False,4.7,936,"https://search.google.com/local/reviews?placeid=ChIJOVdXgEcsDogR-M5ZgDeSswk&q=boba+tea,+60685,+Chicago,+IL,+US&authuser=0&hl=en&gl=US",,,16.0,10.0,28.0,110.0,772.0,671,https://lh3.googleusercontent.com/gps-cs-s/AB5caB8iIKrRh0l7xv5Wc7ESuezHxuN67HhaDhtDKwXxitvlmBdUVKy1cVazmRurNmoPNJ0NZWTc4T1_7hDrPq866hxlbCFqp7DYczSTdszNqYm27lv9I6JreGYqLAkevPPaaC3J2Z1I=w800-h500-k-no,https://lh3.googleusercontent.com/gps-cs-s/AB5caB8iIKrRh0l7xv5Wc7ESuezHxuN67HhaDhtDKwXxitvlmBdUVKy1cVazmRurNmoPNJ0NZWTc4T1_7hDrPq866hxlbCFqp7DYczSTdszNqYm27lv9I6JreGYqLAkevPPaaC3J2Z1I=w1600-h1000-k-no,,"{""Monday"": ""7AM-7PM"", ""Tuesday"": ""7AM-7PM"", ""Wednesday"": ""7AM-7PM"", ""Thursday"": ""7AM-7PM"", ""Friday"": ""7AM-7PM"", ""Saturday"": ""7AM-7PM"", ""Sunday"": ""7AM-7PM""}",Monday:7AM-7PM|Tuesday:7AM-7PM|Wednesday:7AM-7PM|Thursday:7AM-7PM|Friday:7AM-7PM|Saturday:7AM-7PM|Sunday:7AM-7PM,,,OPERATIONAL,"{""Service options"": {""Outdoor seating"": true, ""Curbside pickup"": true, ""No-contact delivery"": true, ""Delivery"": true, ""Onsite services"": true, ""Takeout"": true, ""Dine-in"": true}, ""Highlights"": {""Great coffee"": true, ""Great dessert"": true, ""Great tea selection"": true}, ""Popular for"": {""Breakfast"": true, ""Lunch"": true, ""Solo dining"": true, ""Good for working on laptop"": true}, ""Accessibility"": {""Wheelchair accessible entrance"": true, ""Wheelchair accessible seating"": true, ""Wheelchair accessible parking lot"": false}, ""Offerings"": {""Coffee"": true, ""Healthy options"": true, ""Quick bite"": true, ""Vegan options"": true, ""Vegetarian options"": true}, ""Dining options"": {""Breakfast"": true, ""Brunch"": true, ""Lunch"": true, ""Dessert"": true, ""Seating"": true}, ""Amenities"": {""Restroom"": true, ""Wi-Fi"": true}, ""Atmosphere"": {""Casual"": true, ""Cozy"": true, ""Quiet"": true, ""Trendy"": true}, ""Crowd"": {""College students"": true, ""Groups"": true, ""Tourists"": true}, ""Planning"": {""Accepts reservations"": false}, ""Payments"": {""Credit cards"": true, ""NFC mobile payments"": true}, ""Children"": {""Good for kids"": true}, ""Parking"": {""Free street parking"": true, ""Paid street parking"": true, ""Parking"": true}, ""Pets"": {""Dogs allowed"": true}}",$,,https://lh6.googleusercontent.com/-b99n68-ekFk/AAAAAAAAAAI/AAAAAAAAAAA/7iY3EGrPqqA/s44-p-k-no-ns-nd/photo.jpg,"Casual, colorful spot serving coffee drinks, loose-leaf tea, pastries, wraps & panini.",,True,108353311945282105831,Jackalope Coffee & Tea House,https://www.google.com/maps/contrib/108353311945282105831,,"https://www.google.com/viewer/chooseprovider?mid=/g/12615wzw8&g2lbs=AAEPWCsV5UIqbk_WcHDsexBjwVmHM3IQobrwmpi0b0GMA8SOTAzBWtb-T1mlTWh7jo67lO4ko-CB2LO8v590ZBOmUXU25XeAmw%3D%3D&hl=en-US&gl=us&fo_m=MfohQo559jFvMUOzJVpjPL1YMfZ3bInYwBDuMfaXTPp5KXh-&utm_source=tactile&gei=vGwCaL2GGL7IkPIPo9y6gQo&ei=vGwCaL2GGL7IkPIPo9y6gQo&fo_s=OA,SOE&opi=79508299&ebb=1&cs=0&foub=mcpp",,,"https://www.google.com/maps/place/Jackalope+Coffee+%26+Tea+House/@41.8360968,-87.6458337,14z/data=!4m8!1m2!2m1!1sJackalope+Coffee+%26+Tea+House!3m4!1s0x880e2c4780575739:0x9b392378059cef8!8m2!3d41.8360968!4d-87.6458337","https://www.google.com/maps/place/Jackalope+Coffee+%26+Tea+House/@41.8360968,-87.6458337,13.99z/data=!4m16!1m7!3m6!1s0x880e2c4780575739:0x9b392378059cef8!2sJackalope+Coffee+%26+Tea+House!8m2!3d41.8360968!4d-87.6458337!16s%2Fg%2F11ckvg1dmb!3m7!1s0x880e2c4780575739:0x9b392378059cef8!8m2!3d41.8360968!4d-87.6458337!9m1!1b1!16s%2Fg%2F11ckvg1dmb?entry=ttu",ChIJOVdXgEcsDogR-M5ZgDeSswk,0x880e2c4780575739:0x9b392378059cef8,699063134246784760,/g/12615wzw8,699063134246784760,,january@jackalopecoffee.com,RECEIVING,SMTP validated,January Overton,January,Overton,Owner,13128883468,,,,,,,,,,,,,,,,,,,,,,,,,,,,,,,,,,,HOME | jackalopecoffee,Wix.com Website Builder,,,False,False
"boba tea, 60685, Chicago, IL, US",Mojo Coffee,Mojo Coffee,http://us.mojo.coffee/,Coffee shop,coffee shops,Coffee shop,+1 312-661-7000,"330 N. Wabash Lobby, Chicago, IL 60611",Near North Side,330 N. Wabash Lobby,Chicago,60611,IL,Illinois,United States of America,US,41.888594999999995,-87.62749389999999,892664c1e77ffff,America/Chicago,,False,4.5,41,"https://search.google.com/local/reviews?placeid=ChIJAe9zzYAtDogRkl7Pg8O0PjQ&q=boba+tea,+60685,+Chicago,+IL,+US&authuser=0&hl=en&gl=US",,,4.0,0.0,1.0,4.0,32.0,46,https://lh3.googleusercontent.com/p/AF1QipO-2BgZlElbMPCMOo9ieLrbfswMCVPCxkZ9wNe5=w800-h500-k-no,https://lh3.googleusercontent.com/p/AF1QipO-2BgZlElbMPCMOo9ieLrbfswMCVPCxkZ9wNe5=w1600-h1000-k-no,,"{""Monday"": ""7:30AM-2PM"", ""Tuesday"": ""7:30AM-3PM"", ""Wednesday"": ""7:30AM-3PM"", ""Thursday"": ""7:30AM-3PM"", ""Friday"": ""7:30AM-2PM"", ""Saturday"": ""Closed"", ""Sunday"": ""Closed""}",Monday:7:30AM-2PM|Tuesday:7:30AM-3PM|Wednesday:7:30AM-3PM|Thursday:7:30AM-3PM|Friday:7:30AM-2PM|Saturday:Closed|Sunday:Closed,,,OPERATIONAL,"{""Service options"": {""Outdoor seating"": true, ""Takeout"": true, ""Dine-in"": true, ""Delivery"": false}, ""Highlights"": {""Great coffee"": true, ""Great tea selection"": true}, ""Popular for"": {""Breakfast"": true, ""Solo dining"": true, ""Good for working on laptop"": true}, ""Accessibility"": {""Wheelchair accessible entrance"": true, ""Wheelchair accessible restroom"": true, ""Wheelchair accessible seating"": true}, ""Offerings"": {""Coffee"": true, ""Quick bite"": true}, ""Dining options"": {""Breakfast"": true, ""Brunch"": true, ""Lunch"": true, ""Catering"": true, ""Dessert"": true, ""Seating"": true}, ""Amenities"": {""Restroom"": true}, ""Atmosphere"": {""Casual"": true, ""Cozy"": true, ""Trendy"": true}, ""Crowd"": {""Tourists"": true}, ""Payments"": {""Credit cards"": true, ""Debit cards"": true, ""NFC mobile payments"": true}}",$,,https://lh4.googleusercontent.com/-wL-0oy24AWE/AAAAAAAAAAI/AAAAAAAAAAA/Te3TeeuAAV0/s44-p-k-no-ns-nd/photo.jpg,,,True,108443487186108731675,Mojo Coffee,https://www.google.com/maps/contrib/108443487186108731675,,,,,"https://www.google.com/maps/place/Mojo+Coffee/@41.888594999999995,-87.62749389999999,14z/data=!4m8!1m2!2m1!1sMojo+Coffee!3m4!1s0x880e2d80cd73ef01:0x343eb4c383cf5e92!8m2!3d41.888594999999995!4d-87.62749389999999","https://www.google.com/maps/place/Mojo+Coffee/@41.888594999999995,-87.62749389999999,13.99z/data=!4m16!1m7!3m6!1s0x880e2d80cd73ef01:0x343eb4c383cf5e92!2sMojo+Coffee!8m2!3d41.888594999999995!4d-87.62749389999999!16s%2Fg%2F11ckvg1dmb!3m7!1s0x880e2d80cd73ef01:0x343eb4c383cf5e92!8m2!3d41.888594999999995!4d-87.62749389999999!9m1!1b1!16s%2Fg%2F11ckvg1dmb?entry=ttu",ChIJAe9zzYAtDogRkl7Pg8O0PjQ,0x880e2d80cd73ef01:0x343eb4c383cf5e92,3764645090351341202,/g/11fml2x_bp,3764645090351341202,,fb@mojo.coffee,INVALID,Invalid format,,,,,,,,,,,,,,,,,,,,,,13126313881,,,https://www.facebook.com/MojoCoffeeUSA,https://www.instagram.com/mojochicago,,,,,,,,,,,,,,Mojo Coffee Roasters – Mojo Coffee USA,,Mojo Coffee serves freshly roasted coffee and delicious food. Mojo cafes are centrally located in Wellington and Auckland CBD. Escape and reward yourself.,,False,False
"boba tea, 60685, Chicago, IL, US",Straw & bubbles Tea Bar,Straw And Bubbles Tea Bar,https://order.online/business/awesome-inc-straw--bubbles-tea-bar-11308443,"Bubble tea store, Coffee shop",Bubble tea store,Bubble tea store,+1 224-522-2176,"1818 Glenview Rd, Glenview, IL 60025",None,1818 Glenview Rd,Glenview,60025,Illinois,Illinois,United States of America,US,42.0730101,-87.8031323,892759ac967ffff,America/Chicago,,False,4.7,154,"https://search.google.com/local/reviews?placeid=ChIJ9YUyOZLHD4gRxi2vjeuQamM&q=boba+tea,+60685,+Chicago,+IL,+US&authuser=0&hl=en&gl=US",,,4.0,5.0,3.0,6.0,136.0,314,https://lh3.googleusercontent.com/p/AF1QipMprwKHVF4u9EI8niAtFOS3QxXNoIUiZW1Qxb3E=w800-h500-k-no,https://lh3.googleusercontent.com/p/AF1QipMprwKHVF4u9EI8niAtFOS3QxXNoIUiZW1Qxb3E=w1600-h1000-k-no,,"{""Monday"": ""11AM-8PM"", ""Tuesday"": ""11AM-8PM"", ""Wednesday"": ""11AM-8PM"", ""Thursday"": ""11AM-8PM"", ""Friday"": ""11AM-9PM"", ""Saturday"": ""11AM-9PM"", ""Sunday"": ""12-8PM""}",Monday:11AM-8PM|Tuesday:11AM-8PM|Wednesday:11AM-8PM|Thursday:11AM-8PM|Friday:11AM-9PM|Saturday:11AM-9PM|Sunday:12-8PM,,,OPERATIONAL,"{""Service options"": {""Delivery"": true, ""Onsite services"": true, ""Takeout"": true, ""Dine-in"": true}, ""Highlights"": {""Great tea selection"": true}, ""Accessibility"": {""Wheelchair accessible entrance"": true, ""Wheelchair accessible parking lot"": true, ""Wheelchair accessible restroom"": true}, ""Parking"": {""Free parking lot"": true, ""Free street parking"": true}}",$,,https://lh5.googleusercontent.com/-lmNHdgJ00v0/AAAAAAAAAAI/AAAAAAAAAAA/mxqC-wPesmE/s44-p-k-no-ns-nd/photo.jpg,,,True,108989404640036331843,Straw & bubbles Tea Bar,https://www.google.com/maps/contrib/108989404640036331843,,"https://www.google.com/viewer/chooseprovider?mid=/g/11t9v23pxr&g2lbs=AAEPWCvbpFeY0WjpxTHzfUcWDxi9VIqX8e4TIysLCcyiIPSTetLozl90TkKyzHJfAq6p_1LoEE21PSkNflOdOQnYmjYZUZlq-w%3D%3D&hl=en-US&gl=us&fo_m=MfohQo559jFvMUOzJVpjPL1YMfZ3bInYwBDuMfaXTPp5KXh-&utm_source=tactile&gei=vWwCaLfYIM3ykPIP6v_KmQQ&ei=vWwCaLfYIM3ykPIP6v_KmQQ&fo_s=OA,SOE&opi=79508299&ebb=1&cs=0&foub=mcpp",,,"https://www.google.com/maps/place/Straw+%26+bubbles+Tea+Bar/@42.0730101,-87.8031323,14z/data=!4m8!1m2!2m1!1sStraw+%26+bubbles+Tea+Bar!3m4!1s0x880fc792393285f5:0x636a90eb8daf2dc6!8m2!3d42.0730101!4d-87.8031323","https://www.google.com/maps/place/Straw+%26+bubbles+Tea+Bar/@42.0730101,-87.8031323,13.99z/data=!4m16!1m7!3m6!1s0x880fc792393285f5:0x636a90eb8daf2dc6!2sStraw+%26+bubbles+Tea+Bar!8m2!3d42.0730101!4d-87.8031323!16s%2Fg%2F11ckvg1dmb!3m7!1s0x880fc792393285f5:0x636a90eb8daf2dc6!8m2!3d42.0730101!4d-87.8031323!9m1!1b1!16s%2Fg%2F11ckvg1dmb?entry=ttu",ChIJ9YUyOZLHD4gRxi2vjeuQamM,0x880fc792393285f5:0x636a90eb8daf2dc6,7163697498654977478,/g/11t9v23pxr,7163697498654977478,,yats.centralohio@gmail.com,RECEIVING,Verified,,,,,,cesar@hichicagonw.com,RECEIVING,SMTP validated,,,,,,info@foodgarrage.com,UNKNOWN,Cannot validate,,,,,,+1 614-486-9287,+1 847-488-9900,+1 770-274-3867,https://www.facebook.com/people/El-Cerro-Tacos/100063624968346/,http://instagram.com/foodgarrage,,,,,,,,,http://twitter.com/foodgarrage,,,,,Husker Deli & Grill Near Me - Pickup and Delivery,,Order takeout or delivery from Husker Deli & Grill near me,,False,False
"boba tea, 60685, Chicago, IL, US",Aloha Hawaiian BBQ,Aloha Hawaiian Bbq,https://alohabbqchicago.com/,"Bubble tea store, Asian restaurant, Hawaiian restaurant, Chinese restaurant",Hawaiian restaurant,Bubble tea store,+1 773-801-1302,"2825 W Cermak Rd, Chicago, IL 60623",South Lawndale,2825 W Cermak Rd,Chicago,60623,Illinois,Illinois,United States of America,US,41.851686,-87.6965465,892664c8d83ffff,America/Chicago,,False,4.9,100,"https://search.google.com/local/reviews?placeid=ChIJ2QoKh-0tDogRY8Nhsu32i5s&q=boba+tea,+60685,+Chicago,+IL,+US&authuser=0&hl=en&gl=US",,,0.0,1.0,1.0,4.0,94.0,260,https://lh3.googleusercontent.com/gps-proxy/ALd4DhHlSvBPFLKcVsldQ3QyPWSxUtz0jqcbXOPEqxriaH-3AhM38ThGgDsASi2bU2YeLPQnQLNWhH2kSAbbp-a-3WdfLAbhAkbgh29M1kTSBzMdR48RvxG2f5tn8gdXOflibnybsDJIYmqjSq0p5Ma_-kEyOlA1QS_ITIMKV0G_4OQM8Xk-GNYC9uQ6GQ=w800-h500-k-no,https://lh3.googleusercontent.com/gps-proxy/ALd4DhHlSvBPFLKcVsldQ3QyPWSxUtz0jqcbXOPEqxriaH-3AhM38ThGgDsASi2bU2YeLPQnQLNWhH2kSAbbp-a-3WdfLAbhAkbgh29M1kTSBzMdR48RvxG2f5tn8gdXOflibnybsDJIYmqjSq0p5Ma_-kEyOlA1QS_ITIMKV0G_4OQM8Xk-GNYC9uQ6GQ=w1600-h1000-k-no,,"{""Monday"": ""Closed"", ""Tuesday"": ""11AM-9:30PM"", ""Wednesday"": ""11AM-9:30PM"", ""Thursday"": ""11AM-9:30PM"", ""Friday"": ""11AM-10PM"", ""Saturday"": ""11AM-10PM"", ""Sunday"": ""12-9:30PM""}",Monday:Closed|Tuesday:11AM-9:30PM|Wednesday:11AM-9:30PM|Thursday:11AM-9:30PM|Friday:11AM-10PM|Saturday:11AM-10PM|Sunday:12-9:30PM,,,OPERATIONAL,"{""From the business"": {""Identifies as Asian-owned"": true, ""Identifies as women-owned"": true}, ""Service options"": {""Curbside pickup"": true, ""Delivery"": true, ""Takeout"": true, ""Dine-in"": true}, ""Highlights"": {""Fast service"": true}, ""Popular for"": {""Lunch"": true, ""Dinner"": true, ""Solo dining"": true}, ""Offerings"": {""Comfort food"": true, ""Food"": true, ""Quick bite"": true}, ""Dining options"": {""Lunch"": true, ""Dinner"": true, ""Catering"": true, ""Counter service"": true, ""Seating"": true}, ""Amenities"": {""Restroom"": true, ""Wi-Fi"": true}, ""Atmosphere"": {""Casual"": true}, ""Crowd"": {""Family-friendly"": true, ""LGBTQ+ friendly"": true, ""Transgender safespace"": true}, ""Payments"": {""Credit cards"": true, ""Debit cards"": true, ""NFC mobile payments"": true}, ""Children"": {""Good for kids"": true}, ""Parking"": {""Free street parking"": true, ""Paid street parking"": true, ""Parking"": true}, ""Other"": {""LGBTQ+ friendly"": true, ""Identifies as women-owned"": true, ""Identifies as Asian-owned"": true}}",$$,,https://lh5.googleusercontent.com/-B8kT3ppXHEY/AAAAAAAAAAI/AAAAAAAAAAA/W70WwOqIDU8/s44-p-k-no-ns-nd/photo.jpg,,,True,117375211677877418533,Aloha Hawaiian BBQ,https://www.google.com/maps/contrib/117375211677877418533,,,,,"https://www.google.com/maps/place/Aloha+Hawaiian+BBQ/@41.851686,-87.6965465,14z/data=!4m8!1m2!2m1!1sAloha+Hawaiian+BBQ!3m4!1s0x880e2ded870a0ad9:0x9b8bf6edb261c363!8m2!3d41.851686!4d-87.6965465","https://www.google.com/maps/place/Aloha+Hawaiian+BBQ/@41.851686,-87.6965465,13.99z/data=!4m16!1m7!3m6!1s0x880e2ded870a0ad9:0x9b8bf6edb261c363!2sAloha+Hawaiian+BBQ!8m2!3d41.851686!4d-87.6965465!16s%2Fg%2F11ckvg1dmb!3m7!1s0x880e2ded870a0ad9:0x9b8bf6edb261c363!8m2!3d41.851686!4d-87.6965465!9m1!1b1!16s%2Fg%2F11ckvg1dmb?entry=ttu",ChIJ2QoKh-0tDogRY8Nhsu32i5s,0x880e2ded870a0ad9:0x9b8bf6edb261c363,11208323598402044771,/g/11y78brklh,-7238420475307506845,,,,,,,,,,,,,,,,,,,,,,,,,,,,,,,,,,,,,,,,,,,,,,,,,
"boba tea, 60685, Chicago, IL, US",BellyBowl Kitchen & Lounge,Bellybowl Kitchen And Lounge,https://www.bellybowlkitchen.com/,"Bubble tea store, Asian restaurant, Chinese restaurant, Fast food restaurant, Korean restaurant",restaurants,Bubble tea store,+1 312-567-0080,"3034 S Halsted St, Chicago, IL 60608",South Side,3034 S Halsted St,Chicago,60608,Illinois,Illinois,United States of America,US,41.8386889,-87.6465873,892664cf08fffff,America/Chicago,,False,4.5,101,"https://search.google.com/local/reviews?placeid=ChIJS525w9MtDogRny2ZR-tgEMI&q=boba+tea,+60685,+Chicago,+IL,+US&authuser=0&hl=en&gl=US",,,6.0,3.0,8.0,3.0,81.0,366,https://lh3.googleusercontent.com/p/AF1QipOI9vGtiAh5xxBKwlPK4f6ZtH1og0wSfL_wWg2H=w800-h500-k-no,https://lh3.googleusercontent.com/p/AF1QipOI9vGtiAh5xxBKwlPK4f6ZtH1og0wSfL_wWg2H=w1600-h1000-k-no,,"{""Monday"": ""11AM-10PM"", ""Tuesday"": ""11AM-10PM"", ""Wednesday"": ""11AM-10PM"", ""Thursday"": ""11AM-10PM"", ""Friday"": ""11AM-10PM"", ""Saturday"": ""11AM-10PM"", ""Sunday"": ""11AM-10PM""}",Monday:11AM-10PM|Tuesday:11AM-10PM|Wednesday:11AM-10PM|Thursday:11AM-10PM|Friday:11AM-10PM|Saturday:11AM-10PM|Sunday:11AM-10PM,,,OPERATIONAL,"{""From the business"": {""Identifies as Asian-owned"": true, ""Identifies as women-owned"": true}, ""Service options"": {""No-contact delivery"": true, ""Delivery"": true, ""Takeout"": true, ""Dine-in"": true}, ""Popular for"": {""Lunch"": true, ""Dinner"": true, ""Solo dining"": true}, ""Offerings"": {""Comfort food"": true, ""Healthy options"": true, ""Quick bite"": true}, ""Dining options"": {""Lunch"": true, ""Dinner"": true, ""Counter service"": true, ""Seating"": true}, ""Atmosphere"": {""Casual"": true}, ""Payments"": {""Credit cards"": true, ""Debit cards"": true}, ""Children"": {""Good for kids"": true, ""High chairs"": true}, ""Parking"": {""Free parking lot"": true, ""Parking"": true}, ""Other"": {""Identifies as women-owned"": true, ""Identifies as Asian-owned"": true}}",$,,https://lh6.googleusercontent.com/-qmyV2oSQ_kU/AAAAAAAAAAI/AAAAAAAAAAA/JYpRIXtjT98/s44-p-k-no-ns-nd/photo.jpg,,,True,114114596477028091181,BellyBowl Kitchen & Lounge,https://www.google.com/maps/contrib/114114596477028091181,,"https://www.google.com/viewer/chooseprovider?mid=/g/11y2fl829k&g2lbs=AAEPWCvqHbu4WGfx4GRQ6vtuJL7g4Ie5159fq-N88AXQ1G5ClHWdE0eXlO44n8WVgH3MelF3vfVWX44myAGoMjo1OGG1IfqDtw%3D%3D&hl=en-US&gl=us&fo_m=MfohQo559jFvMUOzJVpjPL1YMfZ3bInYwBDuMfaXTPp5KXh-&utm_source=tactile&gei=vWwCaLfYIM3ykPIP6v_KmQQ&ei=vWwCaLfYIM3ykPIP6v_KmQQ&fo_s=OA,SOE&opi=79508299&ebb=1&cs=0&foub=mcpp",,,"https://www.google.com/maps/place/BellyBowl+Kitchen+%26+Lounge/@41.8386889,-87.6465873,14z/data=!4m8!1m2!2m1!1sBellyBowl+Kitchen+%26+Lounge!3m4!1s0x880e2dd3c3b99d4b:0xc21060eb47992d9f!8m2!3d41.8386889!4d-87.6465873","https://www.google.com/maps/place/BellyBowl+Kitchen+%26+Lounge/@41.8386889,-87.6465873,13.99z/data=!4m16!1m7!3m6!1s0x880e2dd3c3b99d4b:0xc21060eb47992d9f!2sBellyBowl+Kitchen+%26+Lounge!8m2!3d41.8386889!4d-87.6465873!16s%2Fg%2F11ckvg1dmb!3m7!1s0x880e2dd3c3b99d4b:0xc21060eb47992d9f!8m2!3d41.8386889!4d-87.6465873!9m1!1b1!16s%2Fg%2F11ckvg1dmb?entry=ttu",ChIJS525w9MtDogRny2ZR-tgEMI,0x880e2dd3c3b99d4b:0xc21060eb47992d9f,13983783406620192159,/g/11y2fl829k,-4462960667089359457,,info@bellybowlkitchen.com,RECEIVING,Role,,,,,,,,,,,,,,,,,,,,,,,,,,,,,,,,,,,,,,,,BellyBowl | Asian Kitchen & Lounge | Chicago,Wix.com Website Builder,"Bellybowl Asian Kitchen&Lounge serves Korean, Chinese, and Japanese-inspired dishes, including rice bowls, sushi, ramen bowls, boba milk tea, and smoothies!",,False,False
"bubble tea store, 60645, Chicago, IL, US",TEACAGO,Teacago,https://teacago.com/,Bubble tea store,Bubble tea store,Bubble tea store,+1 773-654-3310,"2547 W Lawrence Ave # A, Chicago, IL 60625",Lincoln Square,2547 W Lawrence Ave # A,Chicago,60625,Illinois,Illinois,United States of America,US,41.9682807,-87.69343099999999,892664d8b5bffff,America/Chicago,,False,4.8,112,"https://search.google.com/local/reviews?placeid=ChIJKUua9R_TD4gRG1TNzg7RMgU&q=bubble+tea+store,+60645,+Chicago,+IL,+US&authuser=0&hl=en&gl=US",,,5.0,0.0,1.0,0.0,106.0,112,https://lh3.googleusercontent.com/gps-cs-s/AB5caB_nYR7H7xsHsxdmXbqTxCbRuoaHqtgOtdA1BFeOwkTFprkBtp8iusw-FLfreLhNFmrLN31Np3EY0UYPp6-RGS9jsosavF5jq2uv5n3Fd9sE5wfGiJK_XljJIJkmZrqF1PdgVWyJ=w800-h500-k-no,https://lh3.googleusercontent.com/gps-cs-s/AB5caB_nYR7H7xsHsxdmXbqTxCbRuoaHqtgOtdA1BFeOwkTFprkBtp8iusw-FLfreLhNFmrLN31Np3EY0UYPp6-RGS9jsosavF5jq2uv5n3Fd9sE5wfGiJK_XljJIJkmZrqF1PdgVWyJ=w1600-h1000-k-no,,"{""Monday"": ""11AM-8PM"", ""Tuesday"": ""11AM-8PM"", ""Wednesday"": ""11AM-8PM"", ""Thursday"": ""11AM-8PM"", ""Friday"": ""11AM-8PM"", ""Saturday"": ""11AM-8PM"", ""Sunday"": ""11AM-8PM""}",Monday:11AM-8PM|Tuesday:11AM-8PM|Wednesday:11AM-8PM|Thursday:11AM-8PM|Friday:11AM-8PM|Saturday:11AM-8PM|Sunday:11AM-8PM,,,OPERATIONAL,"{""Service options"": {""Delivery"": true, ""Takeout"": true, ""Dine-in"": true}, ""Highlights"": {""Great tea selection"": true}}",$,,https://lh4.googleusercontent.com/-ZHHHo3iPFNw/AAAAAAAAAAI/AAAAAAAAAAA/wC6yRPrgqAY/s44-p-k-no-ns-nd/photo.jpg,,,True,115815468569084207495,TEACAGO,https://www.google.com/maps/contrib/115815468569084207495,,"https://www.google.com/viewer/chooseprovider?mid=/g/11ldvxh0sj&g2lbs=AAEPWCuK2NGdLjk7odg6f5tyNIyuInBVurHwKoNq_RNLGWcnayq6HLd4a1yZr1o4HBzj0PpWze77T9HmHb7QVfoEyyUaru3Hrg%3D%3D&hl=en-US&gl=us&fo_m=MfohQo559jFvMUOzJVpjPL1YMfZ3bInYwBDuMfaXTPp5KXh-&utm_source=tactile&gei=v2wCaJLEBMiK9u8P9aKl2As&ei=v2wCaJLEBMiK9u8P9aKl2As&fo_s=OA,SOE&opi=79508299&ebb=1&cs=0&foub=mcpp",,,"https://www.google.com/maps/place/TEACAGO/@41.9682807,-87.69343099999999,14z/data=!4m8!1m2!2m1!1sTEACAGO!3m4!1s0x880fd31ff59a4b29:0x532d10ececd541b!8m2!3d41.9682807!4d-87.69343099999999","https://www.google.com/maps/place/TEACAGO/@41.9682807,-87.69343099999999,13.99z/data=!4m16!1m7!3m6!1s0x880fd31ff59a4b29:0x532d10ececd541b!2sTEACAGO!8m2!3d41.9682807!4d-87.69343099999999!16s%2Fg%2F11ckvg1dmb!3m7!1s0x880fd31ff59a4b29:0x532d10ececd541b!8m2!3d41.9682807!4d-87.69343099999999!9m1!1b1!16s%2Fg%2F11ckvg1dmb?entry=ttu",ChIJKUua9R_TD4gRG1TNzg7RMgU,0x880fd31ff59a4b29:0x532d10ececd541b,374591580554482715,/g/11ldvxh0sj,374591580554482715,,teacago@gmail.com,RECEIVING,Verified,,,,,,,,,,,,,,,,,,,,,,7736543310,17736543310,,https://www.facebook.com/100895709760967,https://www.instagram.com/teacago,,,,,,,,,https://www.twitter.com/TeacagoBoba,,,https://github.com/clauseggers/,,Teacago,Starfield Technologies; Go Daddy Website Builder 8.0.0000,,,False,False
"bubble tea store, 60645, Chicago, IL, US",Lakeshore Delights,Lakeshore Delights,https://www.facebook.com/share/18unaZkRdw/?mibextid=wwXIfr,Bubble tea store,Bubble tea store,Bubble tea store,+1 773-290-4964,"2146 W Devon Ave, Chicago, IL 60659",West Ridge,2146 W Devon Ave,Chicago,60659,Illinois,Illinois,United States of America,US,41.9979193,-87.6844777,892664d8eabffff,America/Chicago,,False,5.0,14,"https://search.google.com/local/reviews?placeid=ChIJfz6SfOXRD4gRlgjJ2prps4g&q=bubble+tea+store,+60645,+Chicago,+IL,+US&authuser=0&hl=en&gl=US",,,0.0,0.0,0.0,0.0,14.0,3,https://lh3.googleusercontent.com/gps-cs-s/AB5caB-Udnms9ZNSWwgfiBP1N2YnswCBz7-1BpHRYrRhofcSvF6lJ_mXX7drzCAcJOHeFdfUwZff2FcAJL69DMvM67jJi-yoCdYPK8rUHNLlpRX9xC2KUfWX98McVkhecSkYv764aqFB=w800-h500-k-no,https://lh3.googleusercontent.com/gps-cs-s/AB5caB-Udnms9ZNSWwgfiBP1N2YnswCBz7-1BpHRYrRhofcSvF6lJ_mXX7drzCAcJOHeFdfUwZff2FcAJL69DMvM67jJi-yoCdYPK8rUHNLlpRX9xC2KUfWX98McVkhecSkYv764aqFB=w1600-h1000-k-no,,"{""Monday"": ""12-10PM"", ""Tuesday"": ""12-10PM"", ""Wednesday"": ""12-10PM"", ""Thursday"": ""12-10PM"", ""Friday"": ""12-10PM"", ""Saturday"": ""12-10PM"", ""Sunday"": ""12-10PM""}",Monday:12-10PM|Tuesday:12-10PM|Wednesday:12-10PM|Thursday:12-10PM|Friday:12-10PM|Saturday:12-10PM|Sunday:12-10PM,,,OPERATIONAL,{},,,,,,False,None,Lakeshore Delights,,,,,,"https://www.google.com/maps/place/Lakeshore+Delights/@41.9979193,-87.6844777,14z/data=!4m8!1m2!2m1!1sLakeshore+Delights!3m4!1s0x880fd1e57c923e7f:0x88b3e99adac90896!8m2!3d41.9979193!4d-87.6844777","https://www.google.com/maps/place/Lakeshore+Delights/@41.9979193,-87.6844777,13.99z/data=!4m16!1m7!3m6!1s0x880fd1e57c923e7f:0x88b3e99adac90896!2sLakeshore+Delights!8m2!3d41.9979193!4d-87.6844777!16s%2Fg%2F11ckvg1dmb!3m7!1s0x880fd1e57c923e7f:0x88b3e99adac90896!8m2!3d41.9979193!4d-87.6844777!9m1!1b1!16s%2Fg%2F11ckvg1dmb?entry=ttu",ChIJfz6SfOXRD4gRlgjJ2prps4g,0x880fd1e57c923e7f:0x88b3e99adac90896,9850473661294250134,/g/11x6m835x_,-8596270412415301482,,,,,,,,,,,,,,,,,,,,,,,,,,,,,,www.instagram.com,,,,,,,,,,,,,,,,,,,
"bubble tea store, 60645, Chicago, IL, US",CHI TEA,Chi Tea,https://officialchitea.com/,"Bubble tea store, Chicken restaurant",restaurants,Bubble tea store,,"6474 N Sheridan Rd, Chicago, IL 60626",Rogers Park,6474 N Sheridan Rd,Chicago,60626,Illinois,Illinois,United States of America,US,42.0002703,-87.6609885,892664d8c3bffff,America/Chicago,,False,4.5,155,"https://search.google.com/local/reviews?placeid=ChIJk-U3egDRD4gRywB5lh7Ss-Y&q=bubble+tea+store,+60645,+Chicago,+IL,+US&authuser=0&hl=en&gl=US",,,12.0,3.0,8.0,6.0,126.0,38,https://lh3.googleusercontent.com/gps-cs-s/AB5caB8KUvfhtXkHg9A1lknw6ugSg7YNfPkjzSlAEllzrCweDc9wjDpaTJyUY0ru6T4EMo32Fp2LjJ8HOL01Ot7j83FPhXNF9WybVcauG_18pSHBctvtf0DfrdTleALmTUSHKIdsviyE45mMid0a=w800-h500-k-no,https://lh3.googleusercontent.com/gps-cs-s/AB5caB8KUvfhtXkHg9A1lknw6ugSg7YNfPkjzSlAEllzrCweDc9wjDpaTJyUY0ru6T4EMo32Fp2LjJ8HOL01Ot7j83FPhXNF9WybVcauG_18pSHBctvtf0DfrdTleALmTUSHKIdsviyE45mMid0a=w1600-h1000-k-no,,"{""Monday"": ""11AM-10PM"", ""Tuesday"": ""11AM-10PM"", ""Wednesday"": ""11AM-10PM"", ""Thursday"": ""11AM-10PM"", ""Friday"": ""12-11PM"", ""Saturday"": ""12-11PM"", ""Sunday"": ""11AM-10PM""}",Monday:11AM-10PM|Tuesday:11AM-10PM|Wednesday:11AM-10PM|Thursday:11AM-10PM|Friday:12-11PM|Saturday:12-11PM|Sunday:11AM-10PM,,,OPERATIONAL,"{""Service options"": {""Delivery"": true, ""Takeout"": true, ""Dine-in"": true}, ""Highlights"": {""Great tea selection"": true}, ""Offerings"": {""Quick bite"": true}, ""Dining options"": {""Lunch"": true, ""Dinner"": true, ""Catering"": true, ""Dessert"": true, ""Seating"": true}, ""Atmosphere"": {""Casual"": true, ""Trendy"": true}, ""Payments"": {""Credit cards"": true}, ""Children"": {""Good for kids"": true, ""High chairs"": true}, ""Parking"": {""Parking"": true}}",,,https://lh3.googleusercontent.com/-v_0wpt3INEA/AAAAAAAAAAI/AAAAAAAAAAA/IQB-kFoxyqc/s44-p-k-no-ns-nd/photo.jpg,,,True,108506932856900833069,CHI TEA,https://www.google.com/maps/contrib/108506932856900833069,,"https://www.google.com/viewer/chooseprovider?mid=/g/11lynkcbm5&g2lbs=AAEPWCvQitspqWVbMWXRGvy_32VeaWpZgtHGvFjSbR7FKHIhPD0n-GwiL4dSL7EZqM48CGub6dhyPmtOEPsInscQkZwHO_ioOw%3D%3D&hl=en-US&gl=us&fo_m=MfohQo559jFvMUOzJVpjPL1YMfZ3bInYwBDuMfaXTPp5KXh-&utm_source=tactile&gei=wGwCaI7AE9rIkPIP3qLfYQ&ei=wGwCaI7AE9rIkPIP3qLfYQ&fo_s=OA,SOE&opi=79508299&ebb=1&cs=0&foub=mcpp",,,"https://www.google.com/maps/place/CHI+TEA/@42.0002703,-87.6609885,14z/data=!4m8!1m2!2m1!1sCHI+TEA!3m4!1s0x880fd1007a37e593:0xe6b3d21e967900cb!8m2!3d42.0002703!4d-87.6609885","https://www.google.com/maps/place/CHI+TEA/@42.0002703,-87.6609885,13.99z/data=!4m16!1m7!3m6!1s0x880fd1007a37e593:0xe6b3d21e967900cb!2sCHI+TEA!8m2!3d42.0002703!4d-87.6609885!16s%2Fg%2F11ckvg1dmb!3m7!1s0x880fd1007a37e593:0xe6b3d21e967900cb!8m2!3d42.0002703!4d-87.6609885!9m1!1b1!16s%2Fg%2F11ckvg1dmb?entry=ttu",ChIJk-U3egDRD4gRywB5lh7Ss-Y,0x880fd1007a37e593:0xe6b3d21e967900cb,16623861678369997003,/g/11lynkcbm5,-1822882395339554613,,,,,,,,,,,,,,,,,,,,,,,,,,,,,https://www.facebook.com/ChiTeaLombard/,https://www.instagram.com/officialchitea,,,,,,,,,,,,,,Chi Tea – That's the tea,WordPress 5.8.3,,,,
"bubble tea store, 60645, Chicago, IL, US",Joong Boo Warehouse Market,Joong Boo Warehouse Market,http://joongboomarket.com/,"Korean grocery store, Grocery store",Korean grocery store,Korean grocery store,+1 773-478-2550,"5800 N Pulaski Rd, Chicago, IL 60646",North Park,5800 N Pulaski Rd,Chicago,60646,Illinois,Illinois,United States of America,US,41.986728199999995,-87.7318087,892664d9d6fffff,America/Chicago,,False,4.7,379,"https://search.google.com/local/reviews?placeid=ChIJ_5SpdkzPD4gRP4FzgLiR9Lc&q=bubble+tea+store,+60645,+Chicago,+IL,+US&authuser=0&hl=en&gl=US",,,8.0,3.0,9.0,67.0,292.0,368,https://lh3.googleusercontent.com/gps-cs-s/AB5caB8iw3dQMglrbTcBq4ji_aF7j-OGdrJc3R0aMQQH4rBdUqlBFZenm0JoOs7m09dQCHKMyVO87c0pcg4e-li4jVOLbvos816nCR9_ekNiXJxwdYW1E2jp9tmn96UOBWmw5UZYo0Lk=w800-h500-k-no,https://lh3.googleusercontent.com/gps-cs-s/AB5caB8iw3dQMglrbTcBq4ji_aF7j-OGdrJc3R0aMQQH4rBdUqlBFZenm0JoOs7m09dQCHKMyVO87c0pcg4e-li4jVOLbvos816nCR9_ekNiXJxwdYW1E2jp9tmn96UOBWmw5UZYo0Lk=w1600-h1000-k-no,,"{""Monday"": ""9AM-8PM"", ""Tuesday"": ""9AM-8PM"", ""Wednesday"": ""9AM-8PM"", ""Thursday"": ""9AM-8PM"", ""Friday"": ""9AM-8PM"", ""Saturday"": ""9AM-8PM"", ""Sunday"": ""9AM-8PM""}",Monday:9AM-8PM|Tuesday:9AM-8PM|Wednesday:9AM-8PM|Thursday:9AM-8PM|Friday:9AM-8PM|Saturday:9AM-8PM|Sunday:9AM-8PM,,,OPERATIONAL,"{""Service options"": {""Delivery"": false, ""Same-day delivery"": false}, ""Highlights"": {""Great produce"": true}, ""Accessibility"": {""Wheelchair accessible entrance"": true, ""Wheelchair accessible parking lot"": true}, ""Offerings"": {""Food"": true, ""Prepared foods"": true}, ""Planning"": {""Quick visit"": true}, ""Payments"": {""Credit cards"": true}, ""Parking"": {""On-site parking"": true}}",,,https://lh3.googleusercontent.com/-J2AFk2mFsPQ/AAAAAAAAAAI/AAAAAAAAAAA/PZEuWazJW0A/s44-p-k-no-ns-nd/photo.jpg,,,True,108216011745168131299,Joong Boo Warehouse Market,https://www.google.com/maps/contrib/108216011745168131299,,,,,"https://www.google.com/maps/place/Joong+Boo+Warehouse+Market/@41.986728199999995,-87.7318087,14z/data=!4m8!1m2!2m1!1sJoong+Boo+Warehouse+Market!3m4!1s0x880fcf4c76a994ff:0xb7f491b88073813f!8m2!3d41.986728199999995!4d-87.7318087","https://www.google.com/maps/place/Joong+Boo+Warehouse+Market/@41.986728199999995,-87.7318087,13.99z/data=!4m16!1m7!3m6!1s0x880fcf4c76a994ff:0xb7f491b88073813f!2sJoong+Boo+Warehouse+Market!8m2!3d41.986728199999995!4d-87.7318087!16s%2Fg%2F11ckvg1dmb!3m7!1s0x880fcf4c76a994ff:0xb7f491b88073813f!8m2!3d41.986728199999995!4d-87.7318087!9m1!1b1!16s%2Fg%2F11ckvg1dmb?entry=ttu",ChIJ_5SpdkzPD4gRP4FzgLiR9Lc,0x880fcf4c76a994ff:0xb7f491b88073813f,13255379824873275711,/g/11jbcbqj6d,-5191364248836275905,,info@chicagofood.com,RECEIVING,SMTP validated,,,,,,,,,,,,,,,,,,,,,,+1 773-478-5566,17734785566,,https://www.facebook.com/joongboomarket,https://www.instagram.com/joongboomarket,,,,,,,,,,,,,,Joong Boo Market Chicago - Asian Grocery Store,wordpress,"Founded in 1992, Joong Boo Market is an Asian grocery store offering authentic Korean and Pan-Asian products including produce, grocery, meats and seafood.",,False,False
"bubble tea store, 60645, Chicago, IL, US",Happy Lemon,Happy Lemon,https://happylemonusa.com/,Bubble tea store,Bubble tea store,Bubble tea store,+1 847-868-8662,"1607 Chicago Ave, Evanston, IL 60201",None,1607 Chicago Ave,Evanston,60201,Illinois,Illinois,United States of America,US,42.04642,-87.67927449999999,892664d85c7ffff,America/Chicago,,False,4.0,122,"https://search.google.com/local/reviews?placeid=ChIJU6T96TTRD4gR3vfSXuPqzRA&q=bubble+tea+store,+60645,+Chicago,+IL,+US&authuser=0&hl=en&gl=US",,,13.0,12.0,8.0,17.0,72.0,138,https://lh3.googleusercontent.com/gps-cs-s/AB5caB-3UB9xGZv18SFzdC_4HGKbX3rnayIBfodz8bV7bky9bvEAKaBYWeEYVFrQvjQkNmz7leLqSLXTR3K6ve8FF50DlrOZbwuRbJdoS7fD2u0XzO0yUBZQboifv84Bwnmt_j0jkNxgPA=w800-h500-k-no,https://lh3.googleusercontent.com/gps-cs-s/AB5caB-3UB9xGZv18SFzdC_4HGKbX3rnayIBfodz8bV7bky9bvEAKaBYWeEYVFrQvjQkNmz7leLqSLXTR3K6ve8FF50DlrOZbwuRbJdoS7fD2u0XzO0yUBZQboifv84Bwnmt_j0jkNxgPA=w1600-h1000-k-no,,"{""Monday"": ""12-7PM"", ""Tuesday"": ""12-7PM"", ""Wednesday"": ""12-7PM"", ""Thursday"": ""12-7PM"", ""Friday"": ""12-7PM"", ""Saturday"": ""12-9PM"", ""Sunday"": ""12-7PM""}",Monday:12-7PM|Tuesday:12-7PM|Wednesday:12-7PM|Thursday:12-7PM|Friday:12-7PM|Saturday:12-9PM|Sunday:12-7PM,,,OPERATIONAL,"{""Service options"": {""Delivery"": true, ""Takeout"": true, ""Dine-in"": true}, ""Highlights"": {""Great tea selection"": true}, ""Accessibility"": {""Wheelchair accessible entrance"": true}}",$,,,,,False,None,Happy Lemon,,,"https://www.google.com/viewer/chooseprovider?mid=/g/11nx25zg7s&g2lbs=AAEPWCtm5R_8O9dMFQdVlfEdVaIrxr7oe-xvPdrdKch_1DHMeKk99Ar9O3-GYiS_1CraGTESNcir8jk5tjvNk458cGzrV-gyTA%3D%3D&hl=en-US&gl=us&fo_m=MfohQo559jFvMUOzJVpjPL1YMfZ3bInYwBDuMfaXTPp5KXh-&utm_source=tactile&gei=wGwCaI7AE9rIkPIP3qLfYQ&ei=wGwCaI7AE9rIkPIP3qLfYQ&fo_s=OA,SOE&opi=79508299&ebb=1&cs=0&foub=mcpp",,,"https://www.google.com/maps/place/Happy+Lemon/@42.04642,-87.67927449999999,14z/data=!4m8!1m2!2m1!1sHappy+Lemon!3m4!1s0x880fd134e9fda453:0x10cdeae35ed2f7de!8m2!3d42.04642!4d-87.67927449999999","https://www.google.com/maps/place/Happy+Lemon/@42.04642,-87.67927449999999,13.99z/data=!4m16!1m7!3m6!1s0x880fd134e9fda453:0x10cdeae35ed2f7de!2sHappy+Lemon!8m2!3d42.04642!4d-87.67927449999999!16s%2Fg%2F11ckvg1dmb!3m7!1s0x880fd134e9fda453:0x10cdeae35ed2f7de!8m2!3d42.04642!4d-87.67927449999999!9m1!1b1!16s%2Fg%2F11ckvg1dmb?entry=ttu",ChIJU6T96TTRD4gR3vfSXuPqzRA,0x880fd134e9fda453:0x10cdeae35ed2f7de,1210882137101891550,/g/11nx25zg7s,1210882137101891550,,info@happylemonusa.com,INVALID,Invalid DNS,,,,,,portland@happylemonusa.com,UNKNOWN,Cannot validate,,,,,,fashionisland@happylemonusa.com,UNKNOWN,Cannot validate,,,,,,12814070946,,,https://www.facebook.com/happylemonglobal,https://www.instagram.com/happylemon.usa,,,,,,,,,,,,,,Happy Lemon USA - HAPPY LEMON USA,All in One SEO (AIOSEO) 4.4.8,"HAPPY LEMON's SUCCESS STORY ENJOY THE WORLD's YUMMIEST DRINK Happy Lemon is a world-leading beverage chain founded in 2006 by the Yummy-Town Group, a publicly listed tea culture company originating in Taiwan. They are the elite pioneers who originally brought and expanded the tea culture to Mainland China and Hong Kong. In 2014, Happy Lemon",,False,False
"bubble tea store, 60645, Chicago, IL, US","TBaar - Bubble Tea, Fresh Juice, Sandwich & More!",Tbaar Bubble Tea Fresh Juice Sandwich And More!,https://order.online/store/321721,"Bubble tea store, Coffee shop, Juice shop, Delivery Restaurant, Sandwich shop",Bubble tea store,Bubble tea store,+1 877-648-2227,"1223 W Devon Ave, Chicago, IL 60660",Edgewater,1223 W Devon Ave,Chicago,60660,Illinois,Illinois,United States of America,US,41.9980969,-87.66156989999999,892664d8c3bffff,America/Chicago,,False,4.5,242,"https://search.google.com/local/reviews?placeid=ChIJOSrFrr7RD4gR65bydipAWnQ&q=bubble+tea+store,+60645,+Chicago,+IL,+US&authuser=0&hl=en&gl=US",,,15.0,5.0,13.0,27.0,182.0,368,https://lh3.googleusercontent.com/p/AF1QipO07WtCKo1HMIyl39kn5zjpIp6VA7fjmsiXSOwc=w800-h500-k-no,https://lh3.googleusercontent.com/p/AF1QipO07WtCKo1HMIyl39kn5zjpIp6VA7fjmsiXSOwc=w1600-h1000-k-no,,"{""Monday"": ""11:30AM-9PM"", ""Tuesday"": ""11:30AM-9PM"", ""Wednesday"": ""11:30AM-9PM"", ""Thursday"": ""11:30AM-9PM"", ""Friday"": ""11:30AM-9PM"", ""Saturday"": ""11:30AM-9PM"", ""Sunday"": ""11:30AM-9PM""}",Monday:11:30AM-9PM|Tuesday:11:30AM-9PM|Wednesday:11:30AM-9PM|Thursday:11:30AM-9PM|Friday:11:30AM-9PM|Saturday:11:30AM-9PM|Sunday:11:30AM-9PM,"[{""delivery"": {""Monday"": ""11:30 AM-8:45 PM"", ""Tuesday"": ""11:30 AM-8:45 PM"", ""Wednesday"": ""11:30 AM-8:45 PM"", ""Thursday"": ""11:30 AM-8:45 PM"", ""Friday"": ""11:30 AM-8:45 PM"", ""Saturday"": ""11:30 AM-8:45 PM"", ""Sunday"": ""11:30 AM-8:45 PM""}}, {""takeout"": {""Monday"": ""11:30 AM-8:45 PM"", ""Tuesday"": ""11:30 AM-8:45 PM"", ""Wednesday"": ""11:30 AM-8:45 PM"", ""Thursday"": ""11:30 AM-8:45 PM"", ""Friday"": ""11:30 AM-8:45 PM"", ""Saturday"": ""11:30 AM-8:45 PM"", ""Sunday"": ""11:30 AM-8:45 PM""}}]",,OPERATIONAL,"{""From the business"": {""Identifies as Asian-owned"": true, ""Identifies as women-owned"": true}, ""Service options"": {""No-contact delivery"": true, ""Delivery"": true, ""Takeout"": true, ""Dine-in"": true, ""Onsite services"": false}, ""Highlights"": {""Great tea selection"": true}, ""Accessibility"": {""Wheelchair accessible entrance"": true, ""Wheelchair accessible restroom"": true, ""Assistive hearing loop"": false, ""Wheelchair accessible parking lot"": false, ""Wheelchair accessible seating"": false}, ""Amenities"": {""Gender-neutral restroom"": true}, ""Crowd"": {""LGBTQ+ friendly"": true}, ""Parking"": {""Paid street parking"": true}, ""Other"": {""LGBTQ+ friendly"": true, ""Identifies as women-owned"": true, ""Identifies as Asian-owned"": true}}",$,,https://lh3.googleusercontent.com/-alyUK0HnuF8/AAAAAAAAAAI/AAAAAAAAAAA/qEMsl0KQFv4/s44-p-k-no-ns-nd/photo.jpg,,,True,116273099476459857994,"TBaar - Bubble Tea, Fresh Juice, Sandwich & More!",https://www.google.com/maps/contrib/116273099476459857994,,"https://www.google.com/viewer/chooseprovider?mid=/g/11f61v4q7l&g2lbs=AAEPWCvmnMDJekhtylAqeyJYIZysRpUo1n5XPOUmXtH20HNMY5JP0uITleHYCS8OhwfiS5wqg0G8gqaIC2GScwBfcSYttpEAjQ%3D%3D&hl=en-US&gl=us&fo_m=MfohQo559jFvMUOzJVpjPL1YMfZ3bInYwBDuMfaXTPp5KXh-&utm_source=tactile&gei=wGwCaI7AE9rIkPIP3qLfYQ&ei=wGwCaI7AE9rIkPIP3qLfYQ&fo_s=OA,SOE&opi=79508299&ebb=1&cs=0&foub=mcpp",,,"https://www.google.com/maps/place/TBaar+-+Bubble+Tea%2C+Fresh+Juice%2C+Sandwich+%26+More%21/@41.9980969,-87.66156989999999,14z/data=!4m8!1m2!2m1!1sTBaar+-+Bubble+Tea%2C+Fresh+Juice%2C+Sandwich+%26+More%21!3m4!1s0x880fd1beaec52a39:0x745a402a76f296eb!8m2!3d41.9980969!4d-87.66156989999999","https://www.google.com/maps/place/TBaar+-+Bubble+Tea%2C+Fresh+Juice%2C+Sandwich+%26+More%21/@41.9980969,-87.66156989999999,13.99z/data=!4m16!1m7!3m6!1s0x880fd1beaec52a39:0x745a402a76f296eb!2sTBaar+-+Bubble+Tea%2C+Fresh+Juice%2C+Sandwich+%26+More%21!8m2!3d41.9980969!4d-87.66156989999999!16s%2Fg%2F11ckvg1dmb!3m7!1s0x880fd1beaec52a39:0x745a402a76f296eb!8m2!3d41.9980969!4d-87.66156989999999!9m1!1b1!16s%2Fg%2F11ckvg1dmb?entry=ttu",ChIJOSrFrr7RD4gR65bydipAWnQ,0x880fd1beaec52a39:0x745a402a76f296eb,8384084207432013547,/g/11f61v4q7l,8384084207432013547,,yats.centralohio@gmail.com,RECEIVING,Verified,,,,,,cesar@hichicagonw.com,RECEIVING,SMTP validated,,,,,,info@foodgarrage.com,UNKNOWN,Cannot validate,,,,,,+1 614-486-9287,+1 847-488-9900,+1 770-274-3867,https://www.facebook.com/people/El-Cerro-Tacos/100063624968346/,http://instagram.com/foodgarrage,,,,,,,,,http://twitter.com/foodgarrage,,,,,Husker Deli & Grill Near Me - Pickup and Delivery,,Order takeout or delivery from Husker Deli & Grill near me,,False,False
"bubble tea store, 60645, Chicago, IL, US",Adagio Teas,Adagio Teas,http://www.adagio.com/stores/il_skokie.html,"Tea store, Tea house",Tea store,Tea store,+1 847-675-7210,"4905 Old Orchard Rd, Skokie, IL 60077",None,4905 Old Orchard Rd,Skokie,60077,Illinois,Illinois,United States of America,US,42.0610661,-87.7488288,892664db32bffff,America/Chicago,,False,4.6,248,"https://search.google.com/local/reviews?placeid=ChIJoVX7RY_FD4gRKfWgpnlnpxk&q=bubble+tea+store,+60645,+Chicago,+IL,+US&authuser=0&hl=en&gl=US",,,11.0,4.0,6.0,20.0,207.0,75,https://lh3.googleusercontent.com/p/AF1QipMMgM29f5GgKdjBePN2xPUMN-YgZ1mEdhMPtwWW=w800-h500-k-no,https://lh3.googleusercontent.com/p/AF1QipMMgM29f5GgKdjBePN2xPUMN-YgZ1mEdhMPtwWW=w1600-h1000-k-no,,"{""Monday"": ""11AM-7PM"", ""Tuesday"": ""11AM-7PM"", ""Wednesday"": ""11AM-7PM"", ""Thursday"": ""11AM-7PM"", ""Friday"": ""11AM-7PM"", ""Saturday"": ""11AM-7PM"", ""Sunday"": ""Closed""}",Monday:11AM-7PM|Tuesday:11AM-7PM|Wednesday:11AM-7PM|Thursday:11AM-7PM|Friday:11AM-7PM|Saturday:11AM-7PM|Sunday:Closed,,,OPERATIONAL,"{""Service options"": {""Delivery"": true, ""In-store pickup"": true, ""Onsite services"": true, ""Takeout"": true, ""Same-day delivery"": false}, ""Accessibility"": {""Wheelchair accessible parking lot"": true}, ""Planning"": {""Quick visit"": true}, ""Payments"": {""Credit cards"": true, ""Debit cards"": true, ""NFC mobile payments"": true}}",,,https://lh6.googleusercontent.com/-tk8H_y_haJM/AAAAAAAAAAI/AAAAAAAAAAA/rNe06myj5nY/s44-p-k-no-ns-nd/photo.jpg,"Serene, airy shop offering a wide range of loose-leaf teas plus pots, cups & brewing accessories.",,True,118350318653676559695,Adagio Teas,https://www.google.com/maps/contrib/118350318653676559695,,,,,"https://www.google.com/maps/place/Adagio+Teas/@42.0610661,-87.7488288,14z/data=!4m8!1m2!2m1!1sAdagio+Teas!3m4!1s0x880fc58f45fb55a1:0x19a76779a6a0f529!8m2!3d42.0610661!4d-87.7488288","https://www.google.com/maps/place/Adagio+Teas/@42.0610661,-87.7488288,13.99z/data=!4m16!1m7!3m6!1s0x880fc58f45fb55a1:0x19a76779a6a0f529!2sAdagio+Teas!8m2!3d42.0610661!4d-87.7488288!16s%2Fg%2F11ckvg1dmb!3m7!1s0x880fc58f45fb55a1:0x19a76779a6a0f529!8m2!3d42.0610661!4d-87.7488288!9m1!1b1!16s%2Fg%2F11ckvg1dmb?entry=ttu",ChIJoVX7RY_FD4gRKfWgpnlnpxk,0x880fc58f45fb55a1:0x19a76779a6a0f529,1848559944243148073,/g/1td33n3v,1848559944243148073,,kyle@adagio.com,RECEIVING,SMTP validated,Kyle Burns,Kyle,Burns,Sales Manager,,michael@adagio.com,RECEIVING,SMTP validated,Michael Cramer,Michael,Cramer,Chief Executive Officer,18476757210,ilya@adagio.com,RECEIVING,SMTP validated,Ilya Kreymerman,Ilya,Kreymerman,Quality And Chief Technology Officer,19732537400,,,,https://www.facebook.com/AdagioTeas,https://www.instagram.com/adagioteas,http://www.linkedin.com/company/946859,,,,,,,,https://twitter.com/AdagioTeas,,,,,Loose Tea | Buy Online | Free shipping over $49,,Shop online for gourmet loose teas sourced directly from the artisan farmers who tender them. All types of loose leaf teas available. Free shipping !,"loose tea, buy tea online, online tea store, loose leaf tea, online tea shop, gourmet tea, tea leaves, black tea, green tea, oolong tea, white tea, herbal tea, rooibos, red tea, blue tea, tea accessories, teabags.",False,False
"bubble tea store, 60645, Chicago, IL, US",UMe Tea,Ume Tea,http://umeteaca.com/,Bubble tea store,Bubble tea store,Bubble tea store,+1 224-714-2952,"618 1/2 Church St, Evanston, IL 60201",None,618 1/2 Church St,Evanston,60201,Illinois,Illinois,United States of America,US,42.0479115,-87.6800877,892664d85c3ffff,America/Chicago,,False,4.0,66,"https://search.google.com/local/reviews?placeid=ChIJ7-h_aADRD4gRpbMQHllmA2o&q=bubble+tea+store,+60645,+Chicago,+IL,+US&authuser=0&hl=en&gl=US",,,10.0,4.0,4.0,5.0,43.0,182,https://lh3.googleusercontent.com/gps-cs-s/AB5caB-ZqG-utX1PWgc6JVm1ilDOmQD6-LUCrBledFiKUaiBLw-Ek7B65RNkiqIYvaMt4kFPc3ygJ2QbXVo87E7gQCcGHcxsPgmfsi7k-qExSX3DPN9AuXv8yJZSX_s39UEBSjwMwMcl=w800-h500-k-no,https://lh3.googleusercontent.com/gps-cs-s/AB5caB-ZqG-utX1PWgc6JVm1ilDOmQD6-LUCrBledFiKUaiBLw-Ek7B65RNkiqIYvaMt4kFPc3ygJ2QbXVo87E7gQCcGHcxsPgmfsi7k-qExSX3DPN9AuXv8yJZSX_s39UEBSjwMwMcl=w1600-h1000-k-no,,"{""Monday"": ""12-9PM"", ""Tuesday"": ""12-9PM"", ""Wednesday"": ""12-9PM"", ""Thursday"": ""12-9PM"", ""Friday"": ""12-9PM"", ""Saturday"": ""12-9:30PM"", ""Sunday"": ""12-9:30PM""}",Monday:12-9PM|Tuesday:12-9PM|Wednesday:12-9PM|Thursday:12-9PM|Friday:12-9PM|Saturday:12-9:30PM|Sunday:12-9:30PM,,,OPERATIONAL,"{""Service options"": {""Curbside pickup"": true, ""No-contact delivery"": true, ""Onsite services"": true, ""Takeout"": true, ""Dine-in"": true}, ""Highlights"": {""Great tea selection"": true}}",$,,https://lh3.googleusercontent.com/-uv18w0k56KY/AAAAAAAAAAI/AAAAAAAAAAA/AK7r1j_-5Js/s44-p-k-no-ns-nd/photo.jpg,,,True,116080077769938222721,UMe Tea,https://www.google.com/maps/contrib/116080077769938222721,,"https://www.google.com/viewer/chooseprovider?mid=/g/11vpssqf8q&g2lbs=AAEPWCu0OfSz1oS3_loJ5LTHD7NOPjuzAtglMHXqKbGDWGhbT_Cwh8e_Akp0eFxYlMl0ElBuOUo1qV03xDwaCb6nPXph6nSqNw%3D%3D&hl=en-US&gl=us&fo_m=MfohQo559jFvMUOzJVpjPL1YMfZ3bInYwBDuMfaXTPp5KXh-&utm_source=tactile&gei=wGwCaNebOo6hur8PktbsgAY&ei=wGwCaNebOo6hur8PktbsgAY&fo_s=OA,SOE&opi=79508299&ebb=1&cs=0&foub=mcpp",,,"https://www.google.com/maps/place/UMe+Tea/@42.0479115,-87.6800877,14z/data=!4m8!1m2!2m1!1sUMe+Tea!3m4!1s0x880fd100687fe8ef:0x6a0366591e10b3a5!8m2!3d42.0479115!4d-87.6800877","https://www.google.com/maps/place/UMe+Tea/@42.0479115,-87.6800877,13.99z/data=!4m16!1m7!3m6!1s0x880fd100687fe8ef:0x6a0366591e10b3a5!2sUMe+Tea!8m2!3d42.0479115!4d-87.6800877!16s%2Fg%2F11ckvg1dmb!3m7!1s0x880fd100687fe8ef:0x6a0366591e10b3a5!8m2!3d42.0479115!4d-87.6800877!9m1!1b1!16s%2Fg%2F11ckvg1dmb?entry=ttu",ChIJ7-h_aADRD4gRpbMQHllmA2o,0x880fd100687fe8ef:0x6a0366591e10b3a5,7639061925893026725,/g/11vpssqf8q,7639061925893026725,,shop@umeteaca.com,RECEIVING,SMTP validated,,,,,,cli@umeteaca.com,RECEIVING,SMTP validated,,,,,,,,,,,,,,,,,,https://instagram.com/umetea,,,,,,,,,,,,,,Home,WordPress 4.4.7,"Welcome to Our Restaurant, We serve Milk Tea-A, Fruit Tea-F, Coconut Milk Shop-G, Mochi Milk Tea, Milk Shop-K, Fresh Tea -T, Snacks -S, Bento Box-B, Sandwich and so on, Online Order, Near me",,False,False
"bubble tea store, 60645, Chicago, IL, US",TEAlicious BUBBLE,Tealicious Bubble,https://www.tealiciousbubble.com/,"Bubble tea store, Dessert shop, Taiwanese restaurant",Bubble tea store,Bubble tea store,+1 224-999-7065,"1565 Sherman Ave, Evanston, IL 60201",None,1565 Sherman Ave,Evanston,60201,Illinois,Illinois,United States of America,US,42.045975999999996,-87.6814797,892664d85cfffff,America/Chicago,,False,4.6,244,"https://search.google.com/local/reviews?placeid=ChIJp5l-KJHRD4gRqdBgmiRSu_o&q=bubble+tea+store,+60645,+Chicago,+IL,+US&authuser=0&hl=en&gl=US",,,7.0,1.0,9.0,37.0,190.0,255,https://lh3.googleusercontent.com/p/AF1QipO_NXLVfd_6rYsVW0XzZAw1ICdeMsb6y-yXk65d=w800-h500-k-no,https://lh3.googleusercontent.com/p/AF1QipO_NXLVfd_6rYsVW0XzZAw1ICdeMsb6y-yXk65d=w1600-h1000-k-no,,"{""Monday"": ""12-9PM"", ""Tuesday"": ""12-9PM"", ""Wednesday"": ""12-9PM"", ""Thursday"": ""12-9PM"", ""Friday"": ""12-9PM"", ""Saturday"": ""12-9PM"", ""Sunday"": ""12-5PM""}",Monday:12-9PM|Tuesday:12-9PM|Wednesday:12-9PM|Thursday:12-9PM|Friday:12-9PM|Saturday:12-9PM|Sunday:12-5PM,,,OPERATIONAL,"{""Service options"": {""Curbside pickup"": true, ""Delivery"": true, ""Takeout"": true, ""Dine-in"": true}, ""Highlights"": {""Great tea selection"": true}, ""Accessibility"": {""Wheelchair accessible entrance"": true, ""Wheelchair accessible restroom"": true}}",$,,https://lh6.googleusercontent.com/-71jLTuAif8o/AAAAAAAAAAI/AAAAAAAAAAA/hzoNYHQgo4k/s44-p-k-no-ns-nd/photo.jpg,,,True,106634508524355432026,TEAlicious BUBBLE,https://www.google.com/maps/contrib/106634508524355432026,,"https://www.google.com/viewer/chooseprovider?mid=/g/11h7pj4syh&g2lbs=AAEPWCvdQEkGzCBoRPaIivf2KUf2piZJZUqdPhzcCs6e51NUnatiZYDtRbIJs8mnGnhUlzLhBvGjkBRvBA85-NZ8vQxxPwBOpQ%3D%3D&hl=en-US&gl=us&fo_m=MfohQo559jFvMUOzJVpjPL1YMfZ3bInYwBDuMfaXTPp5KXh-&utm_source=tactile&gei=wGwCaNebOo6hur8PktbsgAY&ei=wGwCaNebOo6hur8PktbsgAY&fo_s=OA,SOE&opi=79508299&ebb=1&cs=0&foub=mcpp",,,"https://www.google.com/maps/place/TEAlicious+BUBBLE/@42.045975999999996,-87.6814797,14z/data=!4m8!1m2!2m1!1sTEAlicious+BUBBLE!3m4!1s0x880fd191287e99a7:0xfabb52249a60d0a9!8m2!3d42.045975999999996!4d-87.6814797","https://www.google.com/maps/place/TEAlicious+BUBBLE/@42.045975999999996,-87.6814797,13.99z/data=!4m16!1m7!3m6!1s0x880fd191287e99a7:0xfabb52249a60d0a9!2sTEAlicious+BUBBLE!8m2!3d42.045975999999996!4d-87.6814797!16s%2Fg%2F11ckvg1dmb!3m7!1s0x880fd191287e99a7:0xfabb52249a60d0a9!8m2!3d42.045975999999996!4d-87.6814797!9m1!1b1!16s%2Fg%2F11ckvg1dmb?entry=ttu",ChIJp5l-KJHRD4gRqdBgmiRSu_o,0x880fd191287e99a7:0xfabb52249a60d0a9,18067124647289213097,/g/11h7pj4syh,-379619426420338519,,tealiciousbubble@gmail.com,RECEIVING,SMTP validated,,,,,,,,,,,,,,,,,,,,,,12249997065,,,https://www.facebook.com/tealiciousbubble/,https://www.instagram.com/tealiciousbubble,,,,,,,,,,,,,,Tealicious Bubble,,,,False,False
"bubble tea store, 60645, Chicago, IL, US",TeaRex Bubble Tea Cafe,Tearex Bubble Tea Cafe,http://www.instagram.com/bubbletearexcafe,Bubble tea store,Bubble tea store,Bubble tea store,+1 847-423-2972,"5237 Golf Rd, Skokie, IL 60077",None,5237 Golf Rd,Skokie,60077,Illinois,Illinois,United States of America,US,42.055094499999996,-87.7580461,892664d95c7ffff,America/Chicago,,False,4.5,600,"https://search.google.com/local/reviews?placeid=ChIJkVksvl_PD4gR7oms8X0MKZw&q=bubble+tea+store,+60645,+Chicago,+IL,+US&authuser=0&hl=en&gl=US",,,26.0,17.0,31.0,70.0,456.0,523,https://lh3.googleusercontent.com/gps-cs-s/AB5caB9vNuoHuIXrHf6c1fdkbKOvMYIxB3CablZt7afY0iCqmgV2NRSEM7uHRnE_z0NxnQBG_HGhvvciFfZ_R67GTNnJnv1L84fEc4yNbELtEp-cB1fqC68Xw8ZxIH9Y81Mb9c3ICqc6=w800-h500-k-no,https://lh3.googleusercontent.com/gps-cs-s/AB5caB9vNuoHuIXrHf6c1fdkbKOvMYIxB3CablZt7afY0iCqmgV2NRSEM7uHRnE_z0NxnQBG_HGhvvciFfZ_R67GTNnJnv1L84fEc4yNbELtEp-cB1fqC68Xw8ZxIH9Y81Mb9c3ICqc6=w1600-h1000-k-no,,"{""Monday"": ""12-9PM"", ""Tuesday"": ""Closed"", ""Wednesday"": ""12-9PM"", ""Thursday"": ""12-9PM"", ""Friday"": ""12-9PM"", ""Saturday"": ""12-9PM"", ""Sunday"": ""12-9PM""}",Monday:12-9PM|Tuesday:Closed|Wednesday:12-9PM|Thursday:12-9PM|Friday:12-9PM|Saturday:12-9PM|Sunday:12-9PM,,,OPERATIONAL,"{""Service options"": {""Delivery"": true, ""Takeout"": true, ""Dine-in"": true}, ""Highlights"": {""Great tea selection"": true}, ""Accessibility"": {""Wheelchair accessible entrance"": true, ""Wheelchair accessible parking lot"": true, ""Wheelchair accessible restroom"": true, ""Wheelchair accessible seating"": true}, ""Crowd"": {""LGBTQ+ friendly"": true}, ""Other"": {""LGBTQ+ friendly"": true}}",$,,https://lh3.googleusercontent.com/-Xx55H2B79kA/AAAAAAAAAAI/AAAAAAAAAAA/L4aSBdHpuHU/s44-p-k-no-ns-nd/photo.jpg,"Bright counter-serve shop selling Taiwanese-style tapioca drinks, milk tea, smoothies & waffles.",,True,104199345176222580312,TeaRex Bubble Tea Cafe,https://www.google.com/maps/contrib/104199345176222580312,,"https://www.google.com/viewer/chooseprovider?mid=/g/11f33_g92w&g2lbs=AAEPWCsC5hCBFLlOy3XHocHhdeES2DZmuTkhKZ9KNsTN_Oyo71BzItn8OulW0aJugiCwcIKLn0mK1ESruKVlQgtvu6LgfffVfA%3D%3D&hl=en-US&gl=us&fo_m=MfohQo559jFvMUOzJVpjPL1YMfZ3bInYwBDuMfaXTPp5KXh-&utm_source=tactile&gei=wGwCaNebOo6hur8PktbsgAY&ei=wGwCaNebOo6hur8PktbsgAY&fo_s=OA,SOE&opi=79508299&ebb=1&cs=0&foub=mcpp",,,"https://www.google.com/maps/place/TeaRex+Bubble+Tea+Cafe/@42.055094499999996,-87.7580461,14z/data=!4m8!1m2!2m1!1sTeaRex+Bubble+Tea+Cafe!3m4!1s0x880fcf5fbe2c5991:0x9c290c7df1ac89ee!8m2!3d42.055094499999996!4d-87.7580461","https://www.google.com/maps/place/TeaRex+Bubble+Tea+Cafe/@42.055094499999996,-87.7580461,13.99z/data=!4m16!1m7!3m6!1s0x880fcf5fbe2c5991:0x9c290c7df1ac89ee!2sTeaRex+Bubble+Tea+Cafe!8m2!3d42.055094499999996!4d-87.7580461!16s%2Fg%2F11ckvg1dmb!3m7!1s0x880fcf5fbe2c5991:0x9c290c7df1ac89ee!8m2!3d42.055094499999996!4d-87.7580461!9m1!1b1!16s%2Fg%2F11ckvg1dmb?entry=ttu",ChIJkVksvl_PD4gR7oms8X0MKZw,0x880fcf5fbe2c5991:0x9c290c7df1ac89ee,11252538879026956782,/g/11f33_g92w,-7194205194682594834,,,,,,,,,,,,,,,,,,,,,,,,,,,,,,,,,,,,,,,,,,,,,,,,,
"bubble tea store, 60645, Chicago, IL, US",Kung Fu Tea,Kung Fu Tea,https://kungfutea.com/,"Bubble tea store, Beverage distributor, Cafe, Chicken wings restaurant, Fast food restaurant",Bubble tea store,Bubble tea store,+1 224-307-2314,"726 Clark St, Evanston, IL 60201",None,726 Clark St,Evanston,60201,Illinois,Illinois,United States of America,US,42.0498222,-87.6813287,892664d85c3ffff,America/Chicago,,False,4.2,351,"https://search.google.com/local/reviews?placeid=ChIJMfD_iQvQD4gRz0q97jCBnpA&q=bubble+tea+store,+60645,+Chicago,+IL,+US&authuser=0&hl=en&gl=US",,,32.0,11.0,22.0,79.0,207.0,388,https://lh3.googleusercontent.com/gps-cs-s/AB5caB-gmMJNypJMAF53CT6w2LCzbmSI89uMo30ps8NX1e5p-jsTtC1_yceewioNS8i2Pi1fT84obtV4dsB446_ic8LCTkptvC5hvY-f0wtWJXyMDK4AVFIEdU7Iq_iX9J67TAIVXYqF=w800-h500-k-no,https://lh3.googleusercontent.com/gps-cs-s/AB5caB-gmMJNypJMAF53CT6w2LCzbmSI89uMo30ps8NX1e5p-jsTtC1_yceewioNS8i2Pi1fT84obtV4dsB446_ic8LCTkptvC5hvY-f0wtWJXyMDK4AVFIEdU7Iq_iX9J67TAIVXYqF=w1600-h1000-k-no,,"{""Monday"": ""12-10PM"", ""Tuesday"": ""12-10PM"", ""Wednesday"": ""12-10PM"", ""Thursday"": ""12-10PM"", ""Friday"": ""12-10PM"", ""Saturday"": ""12-10PM"", ""Sunday"": ""12-10PM""}",Monday:12-10PM|Tuesday:12-10PM|Wednesday:12-10PM|Thursday:12-10PM|Friday:12-10PM|Saturday:12-10PM|Sunday:12-10PM,,,OPERATIONAL,"{""Service options"": {""Delivery"": true, ""Takeout"": true, ""Dine-in"": true}, ""Highlights"": {""Great tea selection"": true}, ""Accessibility"": {""Wheelchair accessible entrance"": true}}",$,,https://lh6.googleusercontent.com/-1PG_qf60x4c/AAAAAAAAAAI/AAAAAAAAAAA/VX-x2anzJ5w/s44-p-k-no-ns-nd/photo.jpg,"Bubble tea specialist with a selection of other hot & cold drinks, including coffee & slushes.",,True,111192012385104110331,Kung Fu Tea,https://www.google.com/maps/contrib/111192012385104110331,,"https://www.google.com/viewer/chooseprovider?mid=/g/11b6x87zxs&g2lbs=AAEPWCtnceIMws9gM0dxPRoU77s6m4icbLfvVOIi1A5DlTEoitrB074jwpmHLSw5BsF7ZsW7-d8Wgr0x0o0QM4b_fGbciokdFQ%3D%3D&hl=en-US&gl=us&fo_m=MfohQo559jFvMUOzJVpjPL1YMfZ3bInYwBDuMfaXTPp5KXh-&utm_source=tactile&gei=wGwCaNebOo6hur8PktbsgAY&ei=wGwCaNebOo6hur8PktbsgAY&fo_s=OA,SOE&opi=79508299&ebb=1&cs=0&foub=mcpp",,,"https://www.google.com/maps/place/Kung+Fu+Tea/@42.0498222,-87.6813287,14z/data=!4m8!1m2!2m1!1sKung+Fu+Tea!3m4!1s0x880fd00b89fff031:0x909e8130eebd4acf!8m2!3d42.0498222!4d-87.6813287","https://www.google.com/maps/place/Kung+Fu+Tea/@42.0498222,-87.6813287,13.99z/data=!4m16!1m7!3m6!1s0x880fd00b89fff031:0x909e8130eebd4acf!2sKung+Fu+Tea!8m2!3d42.0498222!4d-87.6813287!16s%2Fg%2F11ckvg1dmb!3m7!1s0x880fd00b89fff031:0x909e8130eebd4acf!8m2!3d42.0498222!4d-87.6813287!9m1!1b1!16s%2Fg%2F11ckvg1dmb?entry=ttu",ChIJMfD_iQvQD4gRz0q97jCBnpA,0x880fd00b89fff031:0x909e8130eebd4acf,10420908634945702607,/g/11b6x87zxs,-8025835438763849009,,support@armsglobalinc.com,RECEIVING,Role,,,,,,marketing@kfteausa.com,RECEIVING,SMTP validated,,,,,,delivery_help@grubhub.com,RECEIVING,SMTP validated,,,,,,+1 724-544-6367,+1 855-538-9888,15402175182,https://www.facebook.com/kungfuteausa/,https://www.instagram.com/kungfuteausa,https://www.linkedin.com/company/kung-fu-tea,https://www.tiktok.com/@kungfutea,,,,,,,https://twitter.com/kfteausa,,,,,Menu — Kung Fu Tea | Fresh - Innovative - Fearless leading tea brand,WordPress 6.3,"Menu At Kung Fu Tea, every beverage is made-to-order with real Kung Fu. Our tea is freshly brewed every 3 hours using premium tea leaves. You can choose from classic teas, milk teas, fruit teas, slushies and more. Each drink is customized by you! You get to pick your toppings,…",,False,True
