query,name,name_for_emails,site,subtypes,category,type,phone,full_address,borough,street,city,postal_code,state,us_state,country,country_code,latitude,longitude,h3,time_zone,plus_code,area_service,rating,reviews,reviews_link,reviews_tags,reviews_per_score,reviews_per_score_1,reviews_per_score_2,reviews_per_score_3,reviews_per_score_4,reviews_per_score_5,photos_count,photo,street_view,located_in,working_hours,working_hours_old_format,other_hours,popular_times,business_status,about,range,posts,logo,description,typical_time_spent,verified,owner_id,owner_title,owner_link,reservation_links,booking_appointment_link,menu_link,order_links,location_link,location_reviews_link,place_id,google_id,cid,kgmid,reviews_id,located_google_id,email_1,email_1.emails_validator.status,email_1.emails_validator.status_details,email_1_full_name,email_1_first_name,email_1_last_name,email_1_title,email_1_phone,email_2,email_2.emails_validator.status,email_2.emails_validator.status_details,email_2_full_name,email_2_first_name,email_2_last_name,email_2_title,email_2_phone,email_3,email_3.emails_validator.status,email_3.emails_validator.status_details,email_3_full_name,email_3_first_name,email_3_last_name,email_3_title,email_3_phone,phone_1,phone_2,phone_3,facebook,instagram,linkedin,tiktok,medium,reddit,skype,snapchat,telegram,whatsapp,twitter,vimeo,youtube,github,crunchbase,website_title,website_generator,website_description,website_keywords,website_has_fb_pixel,website_has_google_tag
"boba tea, 75220, Dallas, TX, US",Gong Cha Dallas,Gong Cha Dallas,https://www.gongchausa.com/bubble-tea,"Bubble tea store, Coffee store",Bubble tea store,Bubble tea store,+1 214-774-9997,"11613 N Central Expy #106a, Dallas, TX 75243",North Dallas,11613 N Central Expy #106a,Dallas,75243,Texas,Texas,United States of America,US,32.907896,-96.76982,8926c866c1bffff,America/Chicago,,False,4.7,216,"https://search.google.com/local/reviews?placeid=ChIJzcwK-1IhTIYRiJvK4a4ggYs&q=boba+tea,+75220,+Dallas,+TX,+US&authuser=0&hl=en&gl=US",,,3.0,8.0,8.0,14.0,183.0,220,https://lh3.googleusercontent.com/p/AF1QipMVyHAz1jQ96_M2bTG7vKvTHe3WBIPHZCCwpsVr=w800-h500-k-no,https://lh3.googleusercontent.com/p/AF1QipMVyHAz1jQ96_M2bTG7vKvTHe3WBIPHZCCwpsVr=w1600-h1000-k-no,,"{""Monday"": ""11AM-10PM"", ""Tuesday"": ""11AM-10PM"", ""Wednesday"": ""11AM-10PM"", ""Thursday"": ""11AM-10PM"", ""Friday"": ""11AM-10PM"", ""Saturday"": ""11AM-10PM"", ""Sunday"": ""11AM-10PM""}",Monday:11AM-10PM|Tuesday:11AM-10PM|Wednesday:11AM-10PM|Thursday:11AM-10PM|Friday:11AM-10PM|Saturday:11AM-10PM|Sunday:11AM-10PM,"[{""takeout"": {""Monday"": ""11 AM-10 PM"", ""Tuesday"": ""11 AM-10 PM"", ""Wednesday"": ""11 AM-10 PM"", ""Thursday"": ""11 AM-10 PM"", ""Friday"": ""11 AM-10 PM"", ""Saturday"": ""11 AM-10 PM"", ""Sunday"": ""11 AM-10 PM""}}]",,OPERATIONAL,"{""From the business"": {""Identifies as Asian-owned"": true, ""Identifies as women-owned"": true}, ""Service options"": {""Curbside pickup"": true, ""Delivery"": true, ""Takeout"": true, ""Dine-in"": true}, ""Highlights"": {""Great tea selection"": true}, ""Accessibility"": {""Wheelchair accessible entrance"": true, ""Wheelchair accessible parking lot"": true, ""Wheelchair accessible restroom"": true, ""Wheelchair accessible seating"": true}, ""Amenities"": {""Gender-neutral restroom"": true}, ""Crowd"": {""LGBTQ+ friendly"": true, ""Transgender safespace"": true}, ""Parking"": {""Free street parking"": true}, ""Other"": {""LGBTQ+ friendly"": true, ""Identifies as women-owned"": true, ""Identifies as Asian-owned"": true}}",$,,https://lh6.googleusercontent.com/-okqYyFx6b5U/AAAAAAAAAAI/AAAAAAAAAAA/vMimrbHSFhU/s44-p-k-no-ns-nd/photo.jpg,,,True,112269437114489503861,Gong Cha Dallas,https://www.google.com/maps/contrib/112269437114489503861,,"https://www.google.com/viewer/chooseprovider?mid=/g/11lfkm3dtt&g2lbs=AAEPWCs1GP4KdWHITqLLtn1t5Qsbj1ZNmBzK11dWHsfAyMnHhiSZ0naynPDDab7mxV_3K2Tu8P0RRI_JXsSXwCIZ33Hv06_Ryw%3D%3D&hl=en-US&gl=us&fo_m=MfohQo559jFvMUOzJVpjPL1YMfZ3bInYwBDuMfaXTPp5KXh-&utm_source=tactile&gei=68MDaM3cEo6M9u8P8b-AsQE&ei=68MDaM3cEo6M9u8P8b-AsQE&fo_s=OA,SOE&opi=79508299&ebb=1&cs=0&foub=mcpp",,,"https://www.google.com/maps/place/Gong+Cha+Dallas/@32.907896,-96.76982,14z/data=!4m8!1m2!2m1!1sGong+Cha+Dallas!3m4!1s0x864c2152fb0acccd:0x8b8120aee1ca9b88!8m2!3d32.907896!4d-96.76982","https://www.google.com/maps/place/Gong+Cha+Dallas/@32.907896,-96.76982,13.99z/data=!4m16!1m7!3m6!1s0x864c2152fb0acccd:0x8b8120aee1ca9b88!2sGong+Cha+Dallas!8m2!3d32.907896!4d-96.76982!16s%2Fg%2F11ckvg1dmb!3m7!1s0x864c2152fb0acccd:0x8b8120aee1ca9b88!8m2!3d32.907896!4d-96.76982!9m1!1b1!16s%2Fg%2F11ckvg1dmb?entry=ttu",ChIJzcwK-1IhTIYRiJvK4a4ggYs,0x864c2152fb0acccd:0x8b8120aee1ca9b88,10052351778752207752,/g/11lfkm3dtt,-8394392294957343864,,inquiries@gongchausa.com,RECEIVING,SMTP validated,Anchal Lamba,Anchal,Lamba,Managing Member,12123982716,anchal@gongchausa.com,RECEIVING,SMTP validated,Anchal Lamba,Anchal,Lamba,President,15163839000,rborgia@gongchausa.com,INVALID,Invalid SMTP,Robert Borgia,Robert,Borgia,Could Not Locate,15167496919,5168135642,15624748745,14697099380,https://www.facebook.com/gongchatea/,http://instagram.com/gongchatea,https://www.linkedin.com/company/gong-cha,https://www.tiktok.com/@gongcha.bubbletea,,,,,,,https://twitter.com/gongchatea,,,,,New Jersey – Jersey City - Gong cha,All in One SEO (AIOSEO) 4.7.7.2,Premium Quality Bubble Tea,,False,False
"boba tea, 75220, Dallas, TX, US",TeaLatte Bar,Tealatte Bar,http://www.tealattebarrichardson.com/,"Bubble tea store, Cafe, Coffee shop",Bubble tea store,Bubble tea store,+1 469-870-3133,"7517 Campbell Rd #608, Dallas, TX 75248",Far North Dallas,7517 Campbell Rd #608,Dallas,75248,Texas,Texas,United States of America,US,32.9791133,-96.7712675,8926c87482fffff,America/Chicago,,False,4.6,153,"https://search.google.com/local/reviews?placeid=ChIJV6RutaUhTIYRC0mR2xyjGp8&q=boba+tea,+75220,+Dallas,+TX,+US&authuser=0&hl=en&gl=US",,,10.0,1.0,2.0,10.0,130.0,190,https://lh3.googleusercontent.com/p/AF1QipPoee_PAE48GmHHRS8iGZXA78jzSCUJq8iNZOpb=w800-h500-k-no,https://lh3.googleusercontent.com/p/AF1QipPoee_PAE48GmHHRS8iGZXA78jzSCUJq8iNZOpb=w1600-h1000-k-no,,"{""Monday"": ""11AM-9PM"", ""Tuesday"": ""11AM-9PM"", ""Wednesday"": ""11AM-9PM"", ""Thursday"": ""11AM-9PM"", ""Friday"": ""11AM-9PM"", ""Saturday"": ""11AM-9PM"", ""Sunday"": ""11AM-9PM""}",Monday:11AM-9PM|Tuesday:11AM-9PM|Wednesday:11AM-9PM|Thursday:11AM-9PM|Friday:11AM-9PM|Saturday:11AM-9PM|Sunday:11AM-9PM,,,OPERATIONAL,"{""Service options"": {""Delivery"": true, ""Onsite services"": true, ""Takeout"": true, ""Dine-in"": true}, ""Highlights"": {""Great tea selection"": true}, ""Accessibility"": {""Wheelchair accessible entrance"": true, ""Wheelchair accessible parking lot"": true, ""Wheelchair accessible restroom"": true}, ""Crowd"": {""LGBTQ+ friendly"": true, ""Transgender safespace"": true}, ""Parking"": {""Free parking lot"": true, ""Free street parking"": true}, ""Other"": {""LGBTQ+ friendly"": true}}",$,,https://lh5.googleusercontent.com/-eZM93OKyC3s/AAAAAAAAAAI/AAAAAAAAAAA/YDvuDA9siD8/s44-p-k-no-ns-nd/photo.jpg,,,True,109201440954396572982,TeaLatte Bar,https://www.google.com/maps/contrib/109201440954396572982,,"https://www.google.com/viewer/chooseprovider?mid=/g/11tfsxyfzd&g2lbs=AAEPWCvQ2Y9PHObEHjR9dx9Z7IGpgfwl-oXPeseCHzoxLizSbPeERBRqFY82mlOds0eyXrRrF2nTZuvhN2Zu4SGVg0_FgiFbwg%3D%3D&hl=en-US&gl=us&fo_m=MfohQo559jFvMUOzJVpjPL1YMfZ3bInYwBDuMfaXTPp5KXh-&utm_source=tactile&gei=68MDaM3cEo6M9u8P8b-AsQE&ei=68MDaM3cEo6M9u8P8b-AsQE&fo_s=OA,SOE&opi=79508299&ebb=1&cs=0&foub=mcpp",,,"https://www.google.com/maps/place/TeaLatte+Bar/@32.9791133,-96.7712675,14z/data=!4m8!1m2!2m1!1sTeaLatte+Bar!3m4!1s0x864c21a5b56ea457:0x9f1aa31cdb91490b!8m2!3d32.9791133!4d-96.7712675","https://www.google.com/maps/place/TeaLatte+Bar/@32.9791133,-96.7712675,13.99z/data=!4m16!1m7!3m6!1s0x864c21a5b56ea457:0x9f1aa31cdb91490b!2sTeaLatte+Bar!8m2!3d32.9791133!4d-96.7712675!16s%2Fg%2F11ckvg1dmb!3m7!1s0x864c21a5b56ea457:0x9f1aa31cdb91490b!8m2!3d32.9791133!4d-96.7712675!9m1!1b1!16s%2Fg%2F11ckvg1dmb?entry=ttu",ChIJV6RutaUhTIYRC0mR2xyjGp8,0x864c21a5b56ea457:0x9f1aa31cdb91490b,11464655145763162379,/g/11tfsxyfzd,-6982088927946389237,,tealattebarrichardson@gmail.com,RECEIVING,SMTP validated,,,,,,,,,,,,,,,,,,,,,,,,,,,,,,,,,,,,,,,,Home | TeaLatteBar Richards,Wix.com Website Builder,"We are TeaLatte Bar, a brew-to-order boba tea / bubble tea shop serving the North Dallas / Richardson area. Conveniently located at the corner of Coit & Campbell Road by UT Dallas and JJ Pearce High School.  Try our fresh brew only organic coffee and refreshing fresh fruit slushies.  We encourage the customization of your beverage to fit your preference.",,False,False
"boba tea, 75220, Dallas, TX, US",China Bull Express,China Bull Express,https://www.chinabullexpress.com/,"Bubble tea store, Asian fusion restaurant, Asian restaurant, Chinese restaurant, Takeout Restaurant, Restaurant, Wok restaurant",restaurants,Bubble tea store,+1 214-758-0628,"8227 Park Ln, Dallas, TX 75231",Vickery Meadow,8227 Park Ln,Dallas,75231,Texas,Texas,United States of America,US,32.8717586,-96.76363579999999,8926c86695bffff,America/Chicago,,False,4.4,128,"https://search.google.com/local/reviews?placeid=ChIJIwmaTxmfToYR3LYceOPjbzM&q=boba+tea,+75220,+Dallas,+TX,+US&authuser=0&hl=en&gl=US",,,11.0,5.0,5.0,7.0,100.0,157,https://lh3.googleusercontent.com/gps-cs-s/AB5caB8bl4Yc-1xW-jJgEKbeqdZjHUQGUbTSS303Isgm2XmD33lN-wlhbMZzek6PI9A_ZPKQr-V5wycIAf9UwaI4moNUKBm_HcywjZuWMUrg7MfxfBRW2ONhdUfYyn-NHdu7lVhQN4BX=w800-h500-k-no,https://lh3.googleusercontent.com/gps-cs-s/AB5caB8bl4Yc-1xW-jJgEKbeqdZjHUQGUbTSS303Isgm2XmD33lN-wlhbMZzek6PI9A_ZPKQr-V5wycIAf9UwaI4moNUKBm_HcywjZuWMUrg7MfxfBRW2ONhdUfYyn-NHdu7lVhQN4BX=w1600-h1000-k-no,,"{""Monday"": ""11AM-9:30PM"", ""Tuesday"": ""11AM-9:30PM"", ""Wednesday"": ""11AM-9:30PM"", ""Thursday"": ""11AM-9:30PM"", ""Friday"": ""11AM-9:30PM"", ""Saturday"": ""11AM-9:30PM"", ""Sunday"": ""11AM-9PM""}",Monday:11AM-9:30PM|Tuesday:11AM-9:30PM|Wednesday:11AM-9:30PM|Thursday:11AM-9:30PM|Friday:11AM-9:30PM|Saturday:11AM-9:30PM|Sunday:11AM-9PM,,,OPERATIONAL,"{""From the business"": {""Identifies as Asian-owned"": true}, ""Service options"": {""Curbside pickup"": true, ""Delivery"": true, ""Drive-through"": true, ""Takeout"": true, ""Dine-in"": true}, ""Popular for"": {""Lunch"": true, ""Dinner"": true, ""Solo dining"": true}, ""Accessibility"": {""Wheelchair accessible entrance"": true, ""Wheelchair accessible parking lot"": true}, ""Offerings"": {""Comfort food"": true, ""Quick bite"": true, ""Small plates"": true}, ""Dining options"": {""Lunch"": true, ""Dinner"": true}, ""Amenities"": {""Restroom"": true}, ""Atmosphere"": {""Casual"": true}, ""Payments"": {""Credit cards"": true}, ""Children"": {""Good for kids"": true}, ""Parking"": {""Free parking lot"": true, ""Parking"": true}, ""Other"": {""Identifies as Asian-owned"": true}}",$,,https://lh4.googleusercontent.com/-C-yv1w-Phkc/AAAAAAAAAAI/AAAAAAAAAAA/u4NNi2V9j2g/s44-p-k-no-ns-nd/photo.jpg,,,True,116047907692071018604,China Bull Express,https://www.google.com/maps/contrib/116047907692071018604,,"https://www.google.com/viewer/chooseprovider?mid=/g/11wfc9stz_&g2lbs=AAEPWCvlMPWCVVsz7FvALq1f23OxKqfLGwKYrbaON4wBFW75iqIgugnls0ixGYzuscnhEpOIjvUi4ku0LmVPnGQxQpOgpW0wCg%3D%3D&hl=en-US&gl=us&fo_m=MfohQo559jFvMUOzJVpjPL1YMfZ3bInYwBDuMfaXTPp5KXh-&utm_source=tactile&gei=68MDaM3cEo6M9u8P8b-AsQE&ei=68MDaM3cEo6M9u8P8b-AsQE&fo_s=OA,SOE&opi=79508299&ebb=1&cs=0&foub=mcpp",,,"https://www.google.com/maps/place/China+Bull+Express/@32.8717586,-96.76363579999999,14z/data=!4m8!1m2!2m1!1sChina+Bull+Express!3m4!1s0x864e9f194f9a0923:0x336fe3e3781cb6dc!8m2!3d32.8717586!4d-96.76363579999999","https://www.google.com/maps/place/China+Bull+Express/@32.8717586,-96.76363579999999,13.99z/data=!4m16!1m7!3m6!1s0x864e9f194f9a0923:0x336fe3e3781cb6dc!2sChina+Bull+Express!8m2!3d32.8717586!4d-96.76363579999999!16s%2Fg%2F11ckvg1dmb!3m7!1s0x864e9f194f9a0923:0x336fe3e3781cb6dc!8m2!3d32.8717586!4d-96.76363579999999!9m1!1b1!16s%2Fg%2F11ckvg1dmb?entry=ttu",ChIJIwmaTxmfToYR3LYceOPjbzM,0x864e9f194f9a0923:0x336fe3e3781cb6dc,3706431584461436636,/g/11wfc9stz_,3706431584461436636,,info@beyondmenu.com,RECEIVING,Catch All,,,,,,,,,,,,,,,,,,,,,,2147580628,12147580628,6307763590,,,,,,,,,,,,,,,,Order Authentic Chinese Online | China Bull Express - Pickup or Delivery Available,,"Experience the best authentic and delicious Chinese at China Bull Express. View our hours, explore our menu, and order online for convenient pickup or delivery near you!",,False,False
"boba tea, 75220, Dallas, TX, US",Feng Cha - Belt Line Dallas,Feng Cha Belt Line Dallas,http://www.fengchausa.com/,Bubble tea store,Bubble tea store,Bubble tea store,+1 972-850-9082,"5225 Belt Line Rd #254, Dallas, TX 75254",Far North Dallas,5225 Belt Line Rd #254,Dallas,75254,Texas,Texas,United States of America,US,32.9549655,-96.81768579999999,8926c86644fffff,America/Chicago,,False,4.3,321,"https://search.google.com/local/reviews?placeid=ChIJOR0bnE8hTIYR52jpqW73-uc&q=boba+tea,+75220,+Dallas,+TX,+US&authuser=0&hl=en&gl=US",,,43.0,7.0,14.0,18.0,239.0,369,https://lh3.googleusercontent.com/gps-cs-s/AB5caB_SN4sBWkUTOmXRcbseKh7klTdxE6UblSqjnU38W2-Fj4IWh7Pyn3jp6OD1l3HUoCEfFgsTKy69meLECQFr5tVKZMDrLxENwVDs_6OJnAKS83NcnUp0XA9tTYiwiWZjtGjcvyE=w800-h500-k-no,https://lh3.googleusercontent.com/gps-cs-s/AB5caB_SN4sBWkUTOmXRcbseKh7klTdxE6UblSqjnU38W2-Fj4IWh7Pyn3jp6OD1l3HUoCEfFgsTKy69meLECQFr5tVKZMDrLxENwVDs_6OJnAKS83NcnUp0XA9tTYiwiWZjtGjcvyE=w1600-h1000-k-no,,"{""Monday"": ""11AM-10PM"", ""Tuesday"": ""11AM-10PM"", ""Wednesday"": ""11AM-10PM"", ""Thursday"": ""11AM-10PM"", ""Friday"": ""11AM-10PM"", ""Saturday"": ""11AM-10PM"", ""Sunday"": ""12-10PM""}",Monday:11AM-10PM|Tuesday:11AM-10PM|Wednesday:11AM-10PM|Thursday:11AM-10PM|Friday:11AM-10PM|Saturday:11AM-10PM|Sunday:12-10PM,,,OPERATIONAL,"{""Service options"": {""Delivery"": true, ""Takeout"": true, ""Dine-in"": true}, ""Highlights"": {""Great tea selection"": true}, ""Accessibility"": {""Wheelchair accessible entrance"": true, ""Wheelchair accessible parking lot"": true, ""Wheelchair accessible restroom"": true, ""Wheelchair accessible seating"": true}}",$,,https://lh6.googleusercontent.com/-MDM1imWpvM8/AAAAAAAAAAI/AAAAAAAAAAA/lXNB_px2eyI/s44-p-k-no-ns-nd/photo.jpg,,,True,112043336235346275363,Feng Cha - Belt Line Dallas,https://www.google.com/maps/contrib/112043336235346275363,,"https://www.google.com/viewer/chooseprovider?mid=/g/11r4kdq75y&g2lbs=AAEPWCucG-6L5UyXDe5YiJPNq_lOrj7-byLVgkc69AZZOr4aECU9OEQjO4MB3VMQUI-qh-eE0gBOaiZ_3S7PAkXhjzmPK-hn3A%3D%3D&hl=en-US&gl=us&fo_m=MfohQo559jFvMUOzJVpjPL1YMfZ3bInYwBDuMfaXTPp5KXh-&utm_source=tactile&gei=68MDaM3cEo6M9u8P8b-AsQE&ei=68MDaM3cEo6M9u8P8b-AsQE&fo_s=OA,SOE&opi=79508299&ebb=1&cs=0&foub=mcpp",,,"https://www.google.com/maps/place/Feng+Cha+-+Belt+Line+Dallas/@32.9549655,-96.81768579999999,14z/data=!4m8!1m2!2m1!1sFeng+Cha+-+Belt+Line+Dallas!3m4!1s0x864c214f9c1b1d39:0xe7faf76ea9e968e7!8m2!3d32.9549655!4d-96.81768579999999","https://www.google.com/maps/place/Feng+Cha+-+Belt+Line+Dallas/@32.9549655,-96.81768579999999,13.99z/data=!4m16!1m7!3m6!1s0x864c214f9c1b1d39:0xe7faf76ea9e968e7!2sFeng+Cha+-+Belt+Line+Dallas!8m2!3d32.9549655!4d-96.81768579999999!16s%2Fg%2F11ckvg1dmb!3m7!1s0x864c214f9c1b1d39:0xe7faf76ea9e968e7!8m2!3d32.9549655!4d-96.81768579999999!9m1!1b1!16s%2Fg%2F11ckvg1dmb?entry=ttu",ChIJOR0bnE8hTIYR52jpqW73-uc,0x864c214f9c1b1d39:0xe7faf76ea9e968e7,16715945021608126695,/g/11r4kdq75y,-1730799052101424921,,rxx@fengchausa.com,INVALID,Cannot validate,,,,,,pxx@fengchausa.com,INVALID,Cannot validate,,,,,,exx@fengchausa.com,INVALID,Cannot validate,,,,,,14252824087,18178831888,14056765033,https://www.facebook.com/114541508221696,,,,,,,,,,,,,,,ORDER | FENG CHA,Wix.com Website Builder,"Our passion for making tea extends far beyond our drinks. We are happy to see people of different backgrounds coming to Feng Cha to chat, hang out, study and work. We are thankful for each everyone's support and will continue working hard to provide a unique and cozy teahouse experience.",,False,False
"boba tea, 75220, Dallas, TX, US",Craft Boba Tea,Craft Boba Tea,http://craftbobatea.com/,Bubble tea store,Bubble tea store,Bubble tea store,+1 972-809-9557,"320 Singleton Blvd #180, Dallas, TX 75212",West Dallas,320 Singleton Blvd #180,Dallas,75212,Texas,Texas,United States of America,US,32.7783711,-96.82904459999999,8926cb9a0bbffff,America/Chicago,,False,4.0,138,"https://search.google.com/local/reviews?placeid=ChIJVZZTytOZToYRrslkEDuBJ7A&q=boba+tea,+75220,+Dallas,+TX,+US&authuser=0&hl=en&gl=US",,,21.0,7.0,7.0,16.0,87.0,125,https://lh3.googleusercontent.com/gps-cs-s/AB5caB98ju15GMe6ir4DJ2gKGiSDO_s6QG-raF9vVRvfGVaxhNRmuxrBuyKBU946RnDkxyoXz-p2Ca_wB9rYBDIuy93DMC9WDmLgYEF010Yalt3yqyrUzCJnv1OY6wD2fPGx6XaD_ZeeOQ=w800-h500-k-no,https://lh3.googleusercontent.com/gps-cs-s/AB5caB98ju15GMe6ir4DJ2gKGiSDO_s6QG-raF9vVRvfGVaxhNRmuxrBuyKBU946RnDkxyoXz-p2Ca_wB9rYBDIuy93DMC9WDmLgYEF010Yalt3yqyrUzCJnv1OY6wD2fPGx6XaD_ZeeOQ=w1600-h1000-k-no,,"{""Monday"": ""11AM-9PM"", ""Tuesday"": ""11AM-9PM"", ""Wednesday"": ""11AM-9PM"", ""Thursday"": ""11AM-9PM"", ""Friday"": ""11AM-9PM"", ""Saturday"": ""11AM-9PM"", ""Sunday"": ""11AM-9PM""}",Monday:11AM-9PM|Tuesday:11AM-9PM|Wednesday:11AM-9PM|Thursday:11AM-9PM|Friday:11AM-9PM|Saturday:11AM-9PM|Sunday:11AM-9PM,,,OPERATIONAL,"{""From the business"": {""Identifies as Asian-owned"": true, ""Identifies as women-owned"": true}, ""Service options"": {""Takeout"": true, ""Dine-in"": true}, ""Highlights"": {""Great tea selection"": true}, ""Accessibility"": {""Wheelchair accessible entrance"": true, ""Wheelchair accessible parking lot"": true, ""Wheelchair accessible restroom"": true, ""Wheelchair accessible seating"": true, ""Assistive hearing loop"": false}, ""Amenities"": {""Gender-neutral restroom"": true}, ""Crowd"": {""LGBTQ+ friendly"": true, ""Transgender safespace"": true}, ""Parking"": {""Free parking lot"": true}, ""Other"": {""LGBTQ+ friendly"": true, ""Identifies as women-owned"": true, ""Identifies as Asian-owned"": true}}",,,https://lh4.googleusercontent.com/-85vk7nikJGQ/AAAAAAAAAAI/AAAAAAAAAAA/pKUCLmyLVJM/s44-p-k-no-ns-nd/photo.jpg,,,True,101392748168503591123,Craft Boba Tea,https://www.google.com/maps/contrib/101392748168503591123,,,,,"https://www.google.com/maps/place/Craft+Boba+Tea/@32.7783711,-96.82904459999999,14z/data=!4m8!1m2!2m1!1sCraft+Boba+Tea!3m4!1s0x864e99d3ca539655:0xb027813b1064c9ae!8m2!3d32.7783711!4d-96.82904459999999","https://www.google.com/maps/place/Craft+Boba+Tea/@32.7783711,-96.82904459999999,13.99z/data=!4m16!1m7!3m6!1s0x864e99d3ca539655:0xb027813b1064c9ae!2sCraft+Boba+Tea!8m2!3d32.7783711!4d-96.82904459999999!16s%2Fg%2F11ckvg1dmb!3m7!1s0x864e99d3ca539655:0xb027813b1064c9ae!8m2!3d32.7783711!4d-96.82904459999999!9m1!1b1!16s%2Fg%2F11ckvg1dmb?entry=ttu",ChIJVZZTytOZToYRrslkEDuBJ7A,0x864e99d3ca539655:0xb027813b1064c9ae,12693256165445126574,/g/11ry563_yy,-5753487908264425042,,,,,,,,,,,,,,,,,,,,,,,,,,14697995315,,,https://www.facebook.com/111649957839422,,,,,,,,,,,,,,,,Square Online,,,False,False
"boba tea, 75220, Dallas, TX, US",Sharetea,Sharetea,https://www.1992sharetea.com/,"Bubble tea store, Tea house",Bubble tea store,Bubble tea store,+1 214-792-9124,"13350 Dallas Pkwy #410, Dallas, TX 75240",Dallas International District,13350 Dallas Pkwy #410,Dallas,75240,Texas,Texas,United States of America,US,32.927737799999996,-96.8183945,8926c86606bffff,America/Chicago,,False,4.7,613,"https://search.google.com/local/reviews?placeid=ChIJbfCG5PkhTIYRwJr8-1Fjj9g&q=boba+tea,+75220,+Dallas,+TX,+US&authuser=0&hl=en&gl=US",,,28.0,11.0,9.0,32.0,533.0,224,https://lh3.googleusercontent.com/gps-cs-s/AB5caB8TXyi_j1-IbGVOYtcvUH5EOM4_BqCx_uFSAV89tflYlMV4SceyitMhoZFZrC1foKQEamex42kH8WEUZGwvUfDH54V8vJxYzKcR0TawxMs2Js_QJhmR0gaIcJO4rPKxRzP1plvM=w800-h500-k-no,https://lh3.googleusercontent.com/gps-cs-s/AB5caB8TXyi_j1-IbGVOYtcvUH5EOM4_BqCx_uFSAV89tflYlMV4SceyitMhoZFZrC1foKQEamex42kH8WEUZGwvUfDH54V8vJxYzKcR0TawxMs2Js_QJhmR0gaIcJO4rPKxRzP1plvM=w1600-h1000-k-no,,"{""Monday"": ""10AM-8PM"", ""Tuesday"": ""10AM-8PM"", ""Wednesday"": ""10AM-8PM"", ""Thursday"": ""10AM-8PM"", ""Friday"": ""10AM-8PM"", ""Saturday"": ""10AM-8PM"", ""Sunday"": ""12-6PM""}",Monday:10AM-8PM|Tuesday:10AM-8PM|Wednesday:10AM-8PM|Thursday:10AM-8PM|Friday:10AM-8PM|Saturday:10AM-8PM|Sunday:12-6PM,,,OPERATIONAL,"{""Service options"": {""Delivery"": true, ""Onsite services"": true, ""Takeout"": true, ""Dine-in"": true}, ""Highlights"": {""Great tea selection"": true}, ""Accessibility"": {""Wheelchair accessible entrance"": true, ""Wheelchair accessible parking lot"": true, ""Wheelchair accessible seating"": true}}",$,,https://lh5.googleusercontent.com/-skxR6mMgcNA/AAAAAAAAAAI/AAAAAAAAAAA/_TI2MFKU6VY/s44-p-k-no-ns-nd/photo.jpg,"Taiwan-based shop for a variety of tea drinks, including milk, boba & frozen, plus a few desserts.",,True,110238453483352543688,Sharetea,https://www.google.com/maps/contrib/110238453483352543688,,"https://www.google.com/viewer/chooseprovider?mid=/g/11fmbg69rt&g2lbs=AAEPWCv6hdYoChVxM-WlgPShbTcVP5tm2rzeHBcoo8A7EfWuWZMyXz5BPhqxNkYfk73WM42RLBw1V5iGCQvtPuBllHwsColkTg%3D%3D&hl=en-US&gl=us&fo_m=MfohQo559jFvMUOzJVpjPL1YMfZ3bInYwBDuMfaXTPp5KXh-&utm_source=tactile&gei=68MDaM3cEo6M9u8P8b-AsQE&ei=68MDaM3cEo6M9u8P8b-AsQE&fo_s=OA,SOE&opi=79508299&ebb=1&cs=0&foub=mcpp",,,"https://www.google.com/maps/place/Sharetea/@32.927737799999996,-96.8183945,14z/data=!4m8!1m2!2m1!1sSharetea!3m4!1s0x864c21f9e486f06d:0xd88f6351fbfc9ac0!8m2!3d32.927737799999996!4d-96.8183945","https://www.google.com/maps/place/Sharetea/@32.927737799999996,-96.8183945,13.99z/data=!4m16!1m7!3m6!1s0x864c21f9e486f06d:0xd88f6351fbfc9ac0!2sSharetea!8m2!3d32.927737799999996!4d-96.8183945!16s%2Fg%2F11ckvg1dmb!3m7!1s0x864c21f9e486f06d:0xd88f6351fbfc9ac0!8m2!3d32.927737799999996!4d-96.8183945!9m1!1b1!16s%2Fg%2F11ckvg1dmb?entry=ttu",ChIJbfCG5PkhTIYRwJr8-1Fjj9g,0x864c21f9e486f06d:0xd88f6351fbfc9ac0,15604800437633194688,/g/11fmbg69rt,-2841943636076356928,,roxannechen@1992sharetea.com,RECEIVING,SMTP validated,Roxanne Chen,Roxanne,Chen,Senior Oversea Specialist,,service@1992sharetea.com,RECEIVING,SMTP validated,[Not Provided],[Not,Provided],,3016550837,emilyliao@1992sharetea.com,RECEIVING,SMTP validated,Emily Liao,Emily,Liao,,,886989265999,12813938369,61399899486,https://www.facebook.com/ShareteaMemorial/?locale=en_GB,,http://www.linkedin.com/company/6427918,,,,,,,,,,,,,Sharetea Stores Locations in USA — Sharetea - Best Bubble Tea Brand,,"Brand Sharetea has many locations around the world. If you are thinking 
about a bubble tea franchise in the US, then be sure to check out our 
location and offer.",,False,False
"boba tea, 75220, Dallas, TX, US",Krak Boba,Krak Boba,https://www.krakboba.com/,Bubble tea store,Bubble tea store,Bubble tea store,+1 214-964-0055,"3767 Belt Line Rd, Addison, TX 75001",None,3767 Belt Line Rd,Addison,75001,Texas,Texas,United States of America,US,32.9537064,-96.853129,8926c867593ffff,America/Chicago,,False,4.9,103,"https://search.google.com/local/reviews?placeid=ChIJWyVXEREnTIYR-e194ycqOV4&q=boba+tea,+75220,+Dallas,+TX,+US&authuser=0&hl=en&gl=US",,,2.0,1.0,1.0,0.0,99.0,104,https://lh3.googleusercontent.com/gps-cs-s/AB5caB_793NwR5rgtvX6XGsqCTIoBasLGofLWglFHwH2ZynyBOnIeRdi4yEUK8UmQCheifFQgMvJH2ei7hjkBNaRQ5PEIwjTNoNnZgQc96b-X1V69b6PX2oToYSBox1B8KD-Cdao=w800-h500-k-no,https://lh3.googleusercontent.com/gps-cs-s/AB5caB_793NwR5rgtvX6XGsqCTIoBasLGofLWglFHwH2ZynyBOnIeRdi4yEUK8UmQCheifFQgMvJH2ei7hjkBNaRQ5PEIwjTNoNnZgQc96b-X1V69b6PX2oToYSBox1B8KD-Cdao=w1600-h1000-k-no,,"{""Monday"": ""11AM-9PM"", ""Tuesday"": ""11AM-9PM"", ""Wednesday"": ""11AM-9PM"", ""Thursday"": ""11AM-9PM"", ""Friday"": ""11AM-10PM"", ""Saturday"": ""11AM-10PM"", ""Sunday"": ""11AM-9PM""}",Monday:11AM-9PM|Tuesday:11AM-9PM|Wednesday:11AM-9PM|Thursday:11AM-9PM|Friday:11AM-10PM|Saturday:11AM-10PM|Sunday:11AM-9PM,,,OPERATIONAL,"{""Service options"": {""Delivery"": true, ""Onsite services"": true, ""Takeout"": true, ""Dine-in"": true}, ""Highlights"": {""Great tea selection"": true}, ""Accessibility"": {""Wheelchair accessible entrance"": true, ""Wheelchair accessible parking lot"": true}}",$,,https://lh6.googleusercontent.com/-KqBQ1zXptBM/AAAAAAAAAAI/AAAAAAAAAAA/uFxM2H7PrpE/s44-p-k-no-ns-nd/photo.jpg,,,True,108473597856950916763,Krak Boba,https://www.google.com/maps/contrib/108473597856950916763,,"https://www.google.com/viewer/chooseprovider?mid=/g/11ldhc0mz3&g2lbs=AAEPWCtPcsBcAz8Sq0UqtrdtD3rlbJhnUtpBBQJyuhUWqE0SfGT6ZbLu8dxg5ksrrttD4Mdeji2QlUI1gkTaQF7Whkq4qYCwJw%3D%3D&hl=en-US&gl=us&fo_m=MfohQo559jFvMUOzJVpjPL1YMfZ3bInYwBDuMfaXTPp5KXh-&utm_source=tactile&gei=68MDaM3cEo6M9u8P8b-AsQE&ei=68MDaM3cEo6M9u8P8b-AsQE&fo_s=OA,SOE&opi=79508299&ebb=1&cs=0&foub=mcpp",,,"https://www.google.com/maps/place/Krak+Boba/@32.9537064,-96.853129,14z/data=!4m8!1m2!2m1!1sKrak+Boba!3m4!1s0x864c27111157255b:0x5e392a27e37dedf9!8m2!3d32.9537064!4d-96.853129","https://www.google.com/maps/place/Krak+Boba/@32.9537064,-96.853129,13.99z/data=!4m16!1m7!3m6!1s0x864c27111157255b:0x5e392a27e37dedf9!2sKrak+Boba!8m2!3d32.9537064!4d-96.853129!16s%2Fg%2F11ckvg1dmb!3m7!1s0x864c27111157255b:0x5e392a27e37dedf9!8m2!3d32.9537064!4d-96.853129!9m1!1b1!16s%2Fg%2F11ckvg1dmb?entry=ttu",ChIJWyVXEREnTIYR-e194ycqOV4,0x864c27111157255b:0x5e392a27e37dedf9,6789504264046505465,/g/11ldhc0mz3,6789504264046505465,,customerprivacy@krakboba.com,INVALID,Cannot validate,,,,,,webmaster@krakboba.com,RECEIVING,Role,,,,,,joelee@gmail.com,RECEIVING,Confirmed,,,,,,3219721654,9093953654,7147604198,https://www.facebook.com/krakboba/,https://www.instagram.com/krakboba,,https://www.tiktok.com/@krakboba,,,,,,,https://help.twitter.com/en/,,https://www.youtube.com/channel/UCYKP8CSEFhFhvYwSZy10rBg,,,Orlando,,"Serving Fresh Smoothies, Bubble Tea Specialities, and Coffee.",,False,True
"boba tea, 75220, Dallas, TX, US",Craft Boba Tea,Craft Boba Tea,http://craftbobatea.com/,Bubble tea store,Bubble tea store,Bubble tea store,+1 469-799-5315,"408 N Bishop Ave # 104, Dallas, TX 75208",Oak Cliff,408 N Bishop Ave # 104,Dallas,75208,Texas,Texas,United States of America,US,32.7482307,-96.8281793,8926cb9aedbffff,America/Chicago,,False,4.0,278,"https://search.google.com/local/reviews?placeid=ChIJUxMbCxyZToYRtPppiEZJems&q=boba+tea,+75220,+Dallas,+TX,+US&authuser=0&hl=en&gl=US",,,38.0,15.0,20.0,36.0,169.0,179,https://lh3.googleusercontent.com/p/AF1QipM5bMPjtNobOYPahDn7ZlRr66ewVzqogs3T0b6w=w800-h500-k-no,https://lh3.googleusercontent.com/p/AF1QipM5bMPjtNobOYPahDn7ZlRr66ewVzqogs3T0b6w=w1600-h1000-k-no,,"{""Monday"": ""11AM-9PM"", ""Tuesday"": ""11AM-9PM"", ""Wednesday"": ""11AM-9PM"", ""Thursday"": ""11AM-9PM"", ""Friday"": ""11AM-9PM"", ""Saturday"": ""11AM-9PM"", ""Sunday"": ""11AM-9PM""}",Monday:11AM-9PM|Tuesday:11AM-9PM|Wednesday:11AM-9PM|Thursday:11AM-9PM|Friday:11AM-9PM|Saturday:11AM-9PM|Sunday:11AM-9PM,,,OPERATIONAL,"{""From the business"": {""Identifies as Asian-owned"": true, ""Identifies as women-owned"": true}, ""Service options"": {""Onsite services"": true, ""Takeout"": true, ""Dine-in"": true, ""Delivery"": false}, ""Highlights"": {""Great tea selection"": true}, ""Accessibility"": {""Wheelchair accessible entrance"": true, ""Wheelchair accessible parking lot"": true, ""Wheelchair accessible seating"": true, ""Assistive hearing loop"": false, ""Wheelchair accessible restroom"": false}, ""Crowd"": {""LGBTQ+ friendly"": true, ""Transgender safespace"": true}, ""Parking"": {""Free parking lot"": true, ""Free street parking"": true}, ""Other"": {""LGBTQ+ friendly"": true, ""Identifies as women-owned"": true, ""Identifies as Asian-owned"": true}}",,,https://lh4.googleusercontent.com/-q2XCHbfQi3w/AAAAAAAAAAI/AAAAAAAAAAA/LXFkx7ccym0/s44-p-k-no-ns-nd/photo.jpg,,,True,106662650903053520339,Craft Boba Tea,https://www.google.com/maps/contrib/106662650903053520339,,,,,"https://www.google.com/maps/place/Craft+Boba+Tea/@32.7482307,-96.8281793,14z/data=!4m8!1m2!2m1!1sCraft+Boba+Tea!3m4!1s0x864e991c0b1b1353:0x6b7a49468869fab4!8m2!3d32.7482307!4d-96.8281793","https://www.google.com/maps/place/Craft+Boba+Tea/@32.7482307,-96.8281793,13.99z/data=!4m16!1m7!3m6!1s0x864e991c0b1b1353:0x6b7a49468869fab4!2sCraft+Boba+Tea!8m2!3d32.7482307!4d-96.8281793!16s%2Fg%2F11ckvg1dmb!3m7!1s0x864e991c0b1b1353:0x6b7a49468869fab4!8m2!3d32.7482307!4d-96.8281793!9m1!1b1!16s%2Fg%2F11ckvg1dmb?entry=ttu",ChIJUxMbCxyZToYRtPppiEZJems,0x864e991c0b1b1353:0x6b7a49468869fab4,7744583076502174388,/g/11jrlwcvxl,7744583076502174388,,,,,,,,,,,,,,,,,,,,,,,,,,14697995315,,,https://www.facebook.com/111649957839422,,,,,,,,,,,,,,,,Square Online,,,False,False
"boba tea, 75220, Dallas, TX, US",Craft Boba Tea,Craft Boba Tea,http://craftbobatea.com/,Bubble tea store,Bubble tea store,Bubble tea store,+1 214-789-4449,"6105 Greenville Ave, Dallas, TX 75206",None,6105 Greenville Ave,Dallas,75206,Texas,Texas,United States of America,US,32.8597195,-96.76852509999999,8926c866babffff,America/Chicago,,False,4.4,397,"https://search.google.com/local/reviews?placeid=ChIJM8rSOu2fToYRd6K8kJ3I99o&q=boba+tea,+75220,+Dallas,+TX,+US&authuser=0&hl=en&gl=US",,,33.0,11.0,20.0,40.0,293.0,163,https://lh3.googleusercontent.com/p/AF1QipMFxoP_83KRdJOwHI5OW5bTzA3gM_os0PgTQI84=w800-h500-k-no,https://lh3.googleusercontent.com/p/AF1QipMFxoP_83KRdJOwHI5OW5bTzA3gM_os0PgTQI84=w1600-h1000-k-no,,"{""Monday"": ""10:30AM-9PM"", ""Tuesday"": ""10:30AM-9PM"", ""Wednesday"": ""10:30AM-9PM"", ""Thursday"": ""10:30AM-9PM"", ""Friday"": ""10:30AM-9PM"", ""Saturday"": ""10:30AM-9PM"", ""Sunday"": ""10:30AM-9PM""}",Monday:10:30AM-9PM|Tuesday:10:30AM-9PM|Wednesday:10:30AM-9PM|Thursday:10:30AM-9PM|Friday:10:30AM-9PM|Saturday:10:30AM-9PM|Sunday:10:30AM-9PM,,,OPERATIONAL,"{""From the business"": {""Identifies as Asian-owned"": true, ""Identifies as women-owned"": true}, ""Service options"": {""Delivery"": true, ""Onsite services"": true, ""Takeout"": true, ""Dine-in"": true}, ""Highlights"": {""Great tea selection"": true}, ""Accessibility"": {""Wheelchair accessible entrance"": true, ""Wheelchair accessible parking lot"": true, ""Wheelchair accessible seating"": true, ""Assistive hearing loop"": false, ""Wheelchair accessible restroom"": false}, ""Crowd"": {""LGBTQ+ friendly"": true, ""Transgender safespace"": true}, ""Parking"": {""Free parking lot"": true, ""Free street parking"": true}, ""Other"": {""LGBTQ+ friendly"": true, ""Identifies as women-owned"": true, ""Identifies as Asian-owned"": true}}",$,,https://lh5.googleusercontent.com/-Mu6Q2ZltkRw/AAAAAAAAAAI/AAAAAAAAAAA/zm6DQOBpAwM/s44-p-k-no-ns-nd/photo.jpg,"Set within a bright Thai eatery, this cozy, colorful counter offers a range of creative tea drinks.",,True,117067267434914047982,Craft Boba Tea,https://www.google.com/maps/contrib/117067267434914047982,,,,,"https://www.google.com/maps/place/Craft+Boba+Tea/@32.8597195,-96.76852509999999,14z/data=!4m8!1m2!2m1!1sCraft+Boba+Tea!3m4!1s0x864e9fed3ad2ca33:0xdaf7c89d90bca277!8m2!3d32.8597195!4d-96.76852509999999","https://www.google.com/maps/place/Craft+Boba+Tea/@32.8597195,-96.76852509999999,13.99z/data=!4m16!1m7!3m6!1s0x864e9fed3ad2ca33:0xdaf7c89d90bca277!2sCraft+Boba+Tea!8m2!3d32.8597195!4d-96.76852509999999!16s%2Fg%2F11ckvg1dmb!3m7!1s0x864e9fed3ad2ca33:0xdaf7c89d90bca277!8m2!3d32.8597195!4d-96.76852509999999!9m1!1b1!16s%2Fg%2F11ckvg1dmb?entry=ttu",ChIJM8rSOu2fToYRd6K8kJ3I99o,0x864e9fed3ad2ca33:0xdaf7c89d90bca277,15778300398579524215,/g/11gk8qxqvm,-2668443675130027401,,,,,,,,,,,,,,,,,,,,,,,,,,14697995315,,,https://www.facebook.com/111649957839422,,,,,,,,,,,,,,,,Square Online,,,False,False
"boba tea, 75220, Dallas, TX, US",FENG CHA (Greenville Ave Dallas),Feng Cha Greenville Ave Dallas,http://www.fengchausa.com/,Bubble tea store,Bubble tea store,Bubble tea store,+1 469-824-9991,"1917 Greenville Ave #130, Dallas, TX 75206",Lower Greenville,1917 Greenville Ave #130,Dallas,75206,Texas,Texas,United States of America,US,32.8140439,-96.77037229999999,8926c8649a3ffff,America/Chicago,,False,4.4,183,"https://search.google.com/local/reviews?placeid=ChIJC9FB9oyfToYRm6EmGBFDG-o&q=boba+tea,+75220,+Dallas,+TX,+US&authuser=0&hl=en&gl=US",,,15.0,2.0,8.0,20.0,138.0,232,https://lh3.googleusercontent.com/gps-cs-s/AB5caB8opvsWhFFz8OdtzXa9cTxHVgDemmibNcREWVhDTERz3axdy2apbl2wh6oHClIE3AWt8IfaAWXqefL2IiybTKucTlzx_aMDm94RdkJ850mFBFRLtrOz7u0dRgVCXNa5se3W7D_j=w800-h500-k-no,https://lh3.googleusercontent.com/gps-cs-s/AB5caB8opvsWhFFz8OdtzXa9cTxHVgDemmibNcREWVhDTERz3axdy2apbl2wh6oHClIE3AWt8IfaAWXqefL2IiybTKucTlzx_aMDm94RdkJ850mFBFRLtrOz7u0dRgVCXNa5se3W7D_j=w1600-h1000-k-no,,"{""Monday"": ""11AM-7PM"", ""Tuesday"": ""11AM-7PM"", ""Wednesday"": ""11AM-7PM"", ""Thursday"": ""11AM-7PM"", ""Friday"": ""11AM-7PM"", ""Saturday"": ""11AM-7PM"", ""Sunday"": ""11AM-7PM""}",Monday:11AM-7PM|Tuesday:11AM-7PM|Wednesday:11AM-7PM|Thursday:11AM-7PM|Friday:11AM-7PM|Saturday:11AM-7PM|Sunday:11AM-7PM,,,OPERATIONAL,"{""Service options"": {""Delivery"": true, ""Onsite services"": true, ""Takeout"": true, ""Dine-in"": true}, ""Highlights"": {""Great tea selection"": true}, ""Accessibility"": {""Wheelchair accessible entrance"": true, ""Wheelchair accessible parking lot"": true, ""Wheelchair accessible restroom"": true, ""Wheelchair accessible seating"": true}}",$,,https://lh5.googleusercontent.com/-ZAqrMhACz1Q/AAAAAAAAAAI/AAAAAAAAAAA/gDYkDqpmhQ8/s44-p-k-no-ns-nd/photo.jpg,,,True,102622623125863435186,FENG CHA - Greenville Ave Dallas,https://www.google.com/maps/contrib/102622623125863435186,,"https://www.google.com/viewer/chooseprovider?mid=/g/11rrq8vckd&g2lbs=AAEPWCvtPdaNZVzSqsx0yOpOaMiwV5bGYaotY0Z-JbK-TrkMrynEBukLUjsID_BJ-QfM_OOwb69oZ1YOn6YijbPQ_rpS42vGPg%3D%3D&hl=en-US&gl=us&fo_m=MfohQo559jFvMUOzJVpjPL1YMfZ3bInYwBDuMfaXTPp5KXh-&utm_source=tactile&gei=68MDaM3cEo6M9u8P8b-AsQE&ei=68MDaM3cEo6M9u8P8b-AsQE&fo_s=OA,SOE&opi=79508299&ebb=1&cs=0&foub=mcpp",,,"https://www.google.com/maps/place/FENG+CHA+-+Greenville+Ave+Dallas/@32.8140439,-96.77037229999999,14z/data=!4m8!1m2!2m1!1sFENG+CHA+-+Greenville+Ave+Dallas!3m4!1s0x864e9f8cf641d10b:0xea1b43111826a19b!8m2!3d32.8140439!4d-96.77037229999999","https://www.google.com/maps/place/FENG+CHA+-+Greenville+Ave+Dallas/@32.8140439,-96.77037229999999,13.99z/data=!4m16!1m7!3m6!1s0x864e9f8cf641d10b:0xea1b43111826a19b!2sFENG+CHA+-+Greenville+Ave+Dallas!8m2!3d32.8140439!4d-96.77037229999999!16s%2Fg%2F11ckvg1dmb!3m7!1s0x864e9f8cf641d10b:0xea1b43111826a19b!8m2!3d32.8140439!4d-96.77037229999999!9m1!1b1!16s%2Fg%2F11ckvg1dmb?entry=ttu",ChIJC9FB9oyfToYRm6EmGBFDG-o,0x864e9f8cf641d10b:0xea1b43111826a19b,16869150569945014683,/g/11rrq8vckd,-1577593503764536933,,rxx@fengchausa.com,INVALID,Cannot validate,,,,,,pxx@fengchausa.com,INVALID,Cannot validate,,,,,,exx@fengchausa.com,INVALID,Cannot validate,,,,,,14252824087,18178831888,14056765033,https://www.facebook.com/114541508221696,,,,,,,,,,,,,,,ORDER | FENG CHA,Wix.com Website Builder,"Our passion for making tea extends far beyond our drinks. We are happy to see people of different backgrounds coming to Feng Cha to chat, hang out, study and work. We are thankful for each everyone's support and will continue working hard to provide a unique and cozy teahouse experience.",,False,False
"boba tea, 75220, Dallas, TX, US",Totally Tea & Coffee,Totally Tea And Coffee,https://www.toasttab.com/totally-tea-dallas,"Bubble tea store, Coffee shop",coffee shops,Bubble tea store,,"10455 N Central Expy Ste 106, Dallas, TX 75230",North Dallas,10455 N Central Expy Ste 106,Dallas,75230,Texas,Texas,United States of America,US,32.887847,-96.771656,8926c8668c7ffff,America/Chicago,,False,4.5,191,"https://search.google.com/local/reviews?placeid=ChIJu9khvLufToYRJT__uc0c8Jo&q=boba+tea,+75220,+Dallas,+TX,+US&authuser=0&hl=en&gl=US",,,14.0,8.0,1.0,5.0,163.0,59,https://lh3.googleusercontent.com/p/AF1QipMbfWhcHMUv9UgPVdYOhCES8x9lLkY5DlF6R5gI=w800-h500-k-no,https://lh3.googleusercontent.com/p/AF1QipMbfWhcHMUv9UgPVdYOhCES8x9lLkY5DlF6R5gI=w1600-h1000-k-no,,"{""Monday"": ""8AM-8PM"", ""Tuesday"": ""8AM-8PM"", ""Wednesday"": ""8AM-8PM"", ""Thursday"": ""8AM-8PM"", ""Friday"": ""8AM-8PM"", ""Saturday"": ""11AM-9PM"", ""Sunday"": ""11AM-9PM""}",Monday:8AM-8PM|Tuesday:8AM-8PM|Wednesday:8AM-8PM|Thursday:8AM-8PM|Friday:8AM-8PM|Saturday:11AM-9PM|Sunday:11AM-9PM,,,OPERATIONAL,"{""Service options"": {""Outdoor seating"": true, ""Delivery"": true, ""Takeout"": true, ""Dine-in"": true}, ""Highlights"": {""Great coffee"": true, ""Great tea selection"": true}, ""Popular for"": {""Solo dining"": true}, ""Accessibility"": {""Wheelchair accessible entrance"": true, ""Wheelchair accessible parking lot"": true, ""Wheelchair accessible seating"": true}, ""Offerings"": {""Coffee"": true, ""Quick bite"": true}, ""Dining options"": {""Breakfast"": true, ""Brunch"": true, ""Lunch"": true, ""Dinner"": true, ""Dessert"": true, ""Seating"": true}, ""Amenities"": {""Restroom"": true, ""Wi-Fi"": true}, ""Atmosphere"": {""Casual"": true, ""Cozy"": true, ""Trendy"": true}, ""Crowd"": {""College students"": true, ""Family-friendly"": true, ""Groups"": true}, ""Payments"": {""Credit cards"": true, ""Debit cards"": true, ""NFC mobile payments"": true}, ""Children"": {""Good for kids"": true}, ""Parking"": {""Free parking lot"": true, ""Parking"": true}}",$,,https://lh4.googleusercontent.com/-zO9SN-rF0uw/AAAAAAAAAAI/AAAAAAAAAAA/X6uY7Y745GQ/s44-p-k-no-ns-nd/photo.jpg,,,True,106635797352192132262,Totally Tea & Coffee,https://www.google.com/maps/contrib/106635797352192132262,,"https://www.google.com/viewer/chooseprovider?mid=/g/11l31wz1s5&g2lbs=AAEPWCtYfWyCcgyMeADHczTdMnSsAvJwNLH6NuY5wPFV0S4ffCfOsgCiTPScqH5ImI-TvoouDXvzvS-NnKl5xEcWhaExPXcsgw%3D%3D&hl=en-US&gl=us&fo_m=MfohQo559jFvMUOzJVpjPL1YMfZ3bInYwBDuMfaXTPp5KXh-&utm_source=tactile&gei=68MDaM3cEo6M9u8P8b-AsQE&ei=68MDaM3cEo6M9u8P8b-AsQE&fo_s=OA,SOE&opi=79508299&ebb=1&cs=0&foub=mcpp",,,"https://www.google.com/maps/place/Totally+Tea+%26+Coffee/@32.887847,-96.771656,14z/data=!4m8!1m2!2m1!1sTotally+Tea+%26+Coffee!3m4!1s0x864e9fbbbc21d9bb:0x9af01ccdb9ff3f25!8m2!3d32.887847!4d-96.771656","https://www.google.com/maps/place/Totally+Tea+%26+Coffee/@32.887847,-96.771656,13.99z/data=!4m16!1m7!3m6!1s0x864e9fbbbc21d9bb:0x9af01ccdb9ff3f25!2sTotally+Tea+%26+Coffee!8m2!3d32.887847!4d-96.771656!16s%2Fg%2F11ckvg1dmb!3m7!1s0x864e9fbbbc21d9bb:0x9af01ccdb9ff3f25!8m2!3d32.887847!4d-96.771656!9m1!1b1!16s%2Fg%2F11ckvg1dmb?entry=ttu",ChIJu9khvLufToYRJT__uc0c8Jo,0x864e9fbbbc21d9bb:0x9af01ccdb9ff3f25,11164455146165845797,/g/11l31wz1s5,-7282288927543705819,,casey@toasttab.com,RECEIVING,Catch All,Casey Woo,Casey,Woo,Principal Senior Account Executive,19204746601,achambers@toasttab.com,RECEIVING,SMTP validated,Alexis Chambers,Alexis,Chambers,Senior Sales Manager,16176820225,jmcwilliams@toasttab.com,INVALID,Invalid SMTP,Jarvis Mcwilliams,Jarvis,Mcwilliams,Senior Implementation Engineer,,6623286889,5123685700,6192914695,https://www.facebook.com/BurritoBros.2016/,https://www.instagram.com/nonglacafe,http://www.linkedin.com/company/5102948,,,,,,,,https://platform.twitter.com/widgets,,,,,Mountain Pizza & Taproom - Gift Cards Unavailable,,,,False,False
"boba tea, 75220, Dallas, TX, US",Feng Cha Irving,Feng Cha Irving,https://www.toasttab.com/feng-cha-irving,Bubble tea store,Bubble tea store,Bubble tea store,+1 972-600-8207,"2612 N Belt Line Rd, Irving, TX 75062",None,2612 N Belt Line Rd,Irving,75062,Texas,Texas,United States of America,US,32.841676299999996,-96.9917376,8926c86c583ffff,America/Chicago,,False,4.9,398,"https://search.google.com/local/reviews?placeid=ChIJvb04xIKDToYRMbr1HVk9pWg&q=boba+tea,+75220,+Dallas,+TX,+US&authuser=0&hl=en&gl=US",,,7.0,4.0,2.0,11.0,374.0,341,https://lh3.googleusercontent.com/gps-cs-s/AB5caB8_82KqYTZ9QTRebBXlSOQrPLolk-gCwg39RjnU7gfscAt8dPnVh7YHD_DKsnKavprNmRBx-J9PRg92vLEPub5PiCdqd6qjWeNsp6a4WejlrSIZqgEI8U6jQxECNPrM321QRHHy=w800-h500-k-no,https://lh3.googleusercontent.com/gps-cs-s/AB5caB8_82KqYTZ9QTRebBXlSOQrPLolk-gCwg39RjnU7gfscAt8dPnVh7YHD_DKsnKavprNmRBx-J9PRg92vLEPub5PiCdqd6qjWeNsp6a4WejlrSIZqgEI8U6jQxECNPrM321QRHHy=w1600-h1000-k-no,,"{""Monday"": ""11AM-9PM"", ""Tuesday"": ""11AM-9PM"", ""Wednesday"": ""11AM-9PM"", ""Thursday"": ""11AM-9PM"", ""Friday"": ""11AM-9PM"", ""Saturday"": ""11AM-10PM"", ""Sunday"": ""11AM-9PM""}",Monday:11AM-9PM|Tuesday:11AM-9PM|Wednesday:11AM-9PM|Thursday:11AM-9PM|Friday:11AM-9PM|Saturday:11AM-10PM|Sunday:11AM-9PM,,,OPERATIONAL,"{""Service options"": {""Curbside pickup"": true, ""Delivery"": true, ""Onsite services"": true, ""Takeout"": true, ""Dine-in"": true}, ""Highlights"": {""Great tea selection"": true}, ""Accessibility"": {""Wheelchair accessible entrance"": true, ""Wheelchair accessible parking lot"": true, ""Wheelchair accessible restroom"": true, ""Wheelchair accessible seating"": true}}",$,,https://lh3.googleusercontent.com/-mraXOjZDvAc/AAAAAAAAAAI/AAAAAAAAAAA/X3fMriZa38s/s44-p-k-no-ns-nd/photo.jpg,,,True,108843214127978226129,Feng Cha Irving,https://www.google.com/maps/contrib/108843214127978226129,,"https://www.google.com/viewer/chooseprovider?mid=/g/11l30lrnq4&g2lbs=AAEPWCtyuVs9wst975MCzM-Yl8meue_fM0YFI0IehjqKCehFKSsPnoBQOTN2dRsXYczo-fBg8L0SIuLKOVqV5lcnSylQdA0A7g%3D%3D&hl=en-US&gl=us&fo_m=MfohQo559jFvMUOzJVpjPL1YMfZ3bInYwBDuMfaXTPp5KXh-&utm_source=tactile&gei=68MDaM3cEo6M9u8P8b-AsQE&ei=68MDaM3cEo6M9u8P8b-AsQE&fo_s=OA,SOE&opi=79508299&ebb=1&cs=0&foub=mcpp",,,"https://www.google.com/maps/place/Feng+Cha+Irving/@32.841676299999996,-96.9917376,14z/data=!4m8!1m2!2m1!1sFeng+Cha+Irving!3m4!1s0x864e8382c438bdbd:0x68a53d591df5ba31!8m2!3d32.841676299999996!4d-96.9917376","https://www.google.com/maps/place/Feng+Cha+Irving/@32.841676299999996,-96.9917376,13.99z/data=!4m16!1m7!3m6!1s0x864e8382c438bdbd:0x68a53d591df5ba31!2sFeng+Cha+Irving!8m2!3d32.841676299999996!4d-96.9917376!16s%2Fg%2F11ckvg1dmb!3m7!1s0x864e8382c438bdbd:0x68a53d591df5ba31!8m2!3d32.841676299999996!4d-96.9917376!9m1!1b1!16s%2Fg%2F11ckvg1dmb?entry=ttu",ChIJvb04xIKDToYRMbr1HVk9pWg,0x864e8382c438bdbd:0x68a53d591df5ba31,7540500604065790513,/g/11l30lrnq4,7540500604065790513,,casey@toasttab.com,RECEIVING,Catch All,Casey Woo,Casey,Woo,Principal Senior Account Executive,19204746601,achambers@toasttab.com,RECEIVING,SMTP validated,Alexis Chambers,Alexis,Chambers,Senior Sales Manager,16176820225,jmcwilliams@toasttab.com,INVALID,Invalid SMTP,Jarvis Mcwilliams,Jarvis,Mcwilliams,Senior Implementation Engineer,,6623286889,5123685700,6192914695,https://www.facebook.com/BurritoBros.2016/,https://www.instagram.com/nonglacafe,http://www.linkedin.com/company/5102948,,,,,,,,https://platform.twitter.com/widgets,,,,,Mountain Pizza & Taproom - Gift Cards Unavailable,,,,False,False
"boba tea, 75220, Dallas, TX, US",Fat Straws Boba & Mochi Donuts (Forest),Fat Straws Boba And Mochi Donuts Forest,https://fatstraws.com/,"Bubble tea store, Bakery, Cafe, Caterer, Coffee shop, Dessert shop, Donut shop, Juice shop, Snack bar, Tea house",Bubble tea store,Bubble tea store,+1 469-547-2195,"11810 Preston Rd #150, Dallas, TX 75230",North Dallas,11810 Preston Rd #150,Dallas,75230,Texas,Texas,United States of America,US,32.9099821,-96.80349269999999,8926c8663afffff,America/Chicago,,False,4.5,532,"https://search.google.com/local/reviews?placeid=ChIJdVQq5ZEgTIYR02pW2bi-Avw&q=boba+tea,+75220,+Dallas,+TX,+US&authuser=0&hl=en&gl=US",,,20.0,17.0,35.0,69.0,391.0,391,https://lh3.googleusercontent.com/gps-cs-s/AB5caB_epuk6uqfmKl1o_md_sqjCedXhDMd4DW3LcDklsK9MxhOBdPHkAfntgKHHPB4GwwdBxOnfkWcZLwV3LWxB5Zzujawaq1M18k6_B_oF33Y83t9d---3iywzUAHNm9JY4olN4fs=w800-h500-k-no,https://lh3.googleusercontent.com/gps-cs-s/AB5caB_epuk6uqfmKl1o_md_sqjCedXhDMd4DW3LcDklsK9MxhOBdPHkAfntgKHHPB4GwwdBxOnfkWcZLwV3LWxB5Zzujawaq1M18k6_B_oF33Y83t9d---3iywzUAHNm9JY4olN4fs=w1600-h1000-k-no,,"{""Monday"": ""10AM-9PM"", ""Tuesday"": ""10AM-9PM"", ""Wednesday"": ""10AM-9PM"", ""Thursday"": ""10AM-9PM"", ""Friday"": ""10AM-9PM"", ""Saturday"": ""10AM-9PM"", ""Sunday"": ""Closed""}",Monday:10AM-9PM|Tuesday:10AM-9PM|Wednesday:10AM-9PM|Thursday:10AM-9PM|Friday:10AM-9PM|Saturday:10AM-9PM|Sunday:Closed,,,OPERATIONAL,"{""From the business"": {""Identifies as Asian-owned"": true, ""Identifies as women-owned"": true}, ""Service options"": {""Curbside pickup"": true, ""No-contact delivery"": true, ""Delivery"": true, ""Onsite services"": true, ""Takeout"": true, ""Dine-in"": true}, ""Highlights"": {""Great tea selection"": true}, ""Accessibility"": {""Wheelchair accessible entrance"": true, ""Wheelchair accessible parking lot"": true, ""Wheelchair accessible seating"": true}, ""Parking"": {""Free parking lot"": true, ""Free street parking"": true}, ""Other"": {""Identifies as women-owned"": true, ""Identifies as Asian-owned"": true}}",$,,https://lh3.googleusercontent.com/-S8coZtWiB0w/AAAAAAAAAAI/AAAAAAAAAAA/WXC7mric480/s44-p-k-no-ns-nd/photo.jpg,"Modern, vibrantly colored storefront serving bubble teas along with smoothies, shakes & slushes.",,True,115236100967550806217,Fat Straws Boba & Mochi Donuts,https://www.google.com/maps/contrib/115236100967550806217,,"https://www.google.com/viewer/chooseprovider?mid=/g/11c5_ry1ks&g2lbs=AAEPWCtJk-gsXnDEPTuwZ62IMLuvxijacxSLeSg6U_ZlVJFnztU2fGfGsPDEvs_fv08skP9HKlJn0JPrWgXVDQFjR080hoFNJA%3D%3D&hl=en-US&gl=us&fo_m=MfohQo559jFvMUOzJVpjPL1YMfZ3bInYwBDuMfaXTPp5KXh-&utm_source=tactile&gei=68MDaM3cEo6M9u8P8b-AsQE&ei=68MDaM3cEo6M9u8P8b-AsQE&fo_s=OA,SOE&opi=79508299&ebb=1&cs=0&foub=mcpp",,,"https://www.google.com/maps/place/Fat+Straws+Boba+%26+Mochi+Donuts+%28Forest%29/@32.9099821,-96.80349269999999,14z/data=!4m8!1m2!2m1!1sFat+Straws+Boba+%26+Mochi+Donuts+%28Forest%29!3m4!1s0x864c2091e52a5475:0xfc02beb8d9566ad3!8m2!3d32.9099821!4d-96.80349269999999","https://www.google.com/maps/place/Fat+Straws+Boba+%26+Mochi+Donuts+%28Forest%29/@32.9099821,-96.80349269999999,13.99z/data=!4m16!1m7!3m6!1s0x864c2091e52a5475:0xfc02beb8d9566ad3!2sFat+Straws+Boba+%26+Mochi+Donuts+%28Forest%29!8m2!3d32.9099821!4d-96.80349269999999!16s%2Fg%2F11ckvg1dmb!3m7!1s0x864c2091e52a5475:0xfc02beb8d9566ad3!8m2!3d32.9099821!4d-96.80349269999999!9m1!1b1!16s%2Fg%2F11ckvg1dmb?entry=ttu",ChIJdVQq5ZEgTIYR02pW2bi-Avw,0x864c2091e52a5475:0xfc02beb8d9566ad3,18159286348640840403,/g/11c5_ry1ks,-287457725068711213,,axxxxe@fatstraws.com,INVALID,Cannot validate,,,,,,,,,,,,,,,,,,,,,,,,,https://www.facebook.com/fatstraws,https://www.instagram.com/fatstraws,,https://www.tiktok.com/@fatstraws,,,,,,,https://twitter.com/fatstraws,,,,,Delicious Bubble Tea and Mochi Donuts in Dallas: Fat Straws,Site Kit by Google 1.108.0,"Fat Straws Bubble Tea and Mochi Donuts. Each day we serve up boba drinks and fresh mochi donuts. Dallas, Arlington, Richardson, & Plano.",,False,True
"boba tea, 75220, Dallas, TX, US",Kung Fu Tea (Knox St. Dallas),Kung Fu Tea Knox St Dallas,https://www.kungfutea.com/,Bubble tea store,Bubble tea store,Bubble tea store,+1 972-598-1732,"3001 Knox St #107A, Dallas, TX 75205",Oak Lawn,3001 Knox St #107A,Dallas,75205,Texas,Texas,United States of America,US,32.821394399999996,-96.7870557,8926c8649c3ffff,America/Chicago,,False,4.3,329,"https://search.google.com/local/reviews?placeid=ChIJ2R4MBq6fToYRSB2acYLlU2g&q=boba+tea,+75220,+Dallas,+TX,+US&authuser=0&hl=en&gl=US",,,22.0,10.0,22.0,54.0,221.0,371,https://lh3.googleusercontent.com/gps-cs-s/AB5caB9bPs1iUsWbmVooVl7vTS3MVEsObV4lan9u5Nzg0YmcyiCVzbddMWRpJRo8OeWJO16XVS_D-OT9EfxWnCklAnL9Ogh6uaTno3T1rLdwv1kCPxG-UZThpd9t8twTP_VONzLOGsw7fQ=w800-h500-k-no,https://lh3.googleusercontent.com/gps-cs-s/AB5caB9bPs1iUsWbmVooVl7vTS3MVEsObV4lan9u5Nzg0YmcyiCVzbddMWRpJRo8OeWJO16XVS_D-OT9EfxWnCklAnL9Ogh6uaTno3T1rLdwv1kCPxG-UZThpd9t8twTP_VONzLOGsw7fQ=w1600-h1000-k-no,,"{""Monday"": ""11:30AM-8PM"", ""Tuesday"": ""11:30AM-8PM"", ""Wednesday"": ""11:30AM-8PM"", ""Thursday"": ""11:30AM-8PM"", ""Friday"": ""11:30AM-9PM"", ""Saturday"": ""11:30AM-9PM"", ""Sunday"": ""11:30AM-8PM""}",Monday:11:30AM-8PM|Tuesday:11:30AM-8PM|Wednesday:11:30AM-8PM|Thursday:11:30AM-8PM|Friday:11:30AM-9PM|Saturday:11:30AM-9PM|Sunday:11:30AM-8PM,,,OPERATIONAL,"{""Service options"": {""Delivery"": true, ""Takeout"": true, ""Dine-in"": true}, ""Highlights"": {""Great tea selection"": true}, ""Accessibility"": {""Wheelchair accessible entrance"": true, ""Wheelchair accessible parking lot"": true, ""Wheelchair accessible restroom"": true, ""Wheelchair accessible seating"": true}, ""Parking"": {""Free parking lot"": true, ""Free street parking"": true}}",$,,https://lh4.googleusercontent.com/-Xi1cno5NRVc/AAAAAAAAAAI/AAAAAAAAAAA/cPMZLy9sgts/s44-p-k-no-ns-nd/photo.jpg,"Bubble tea specialist with a selection of other hot & cold drinks, including coffee & slushes.",,True,106276531989040612562,Kung Fu Tea - Knox St. Dallas,https://www.google.com/maps/contrib/106276531989040612562,,"https://www.google.com/viewer/chooseprovider?mid=/g/11gn1bhqb_&g2lbs=AAEPWCszYcRAEvBI8Hri224JpzgGdldgcoWq2DztP39I16TmgQAk6Ie8i1AOfLxggOp65BuWeZ36b40F_n4t_BWIUXdE3jPQ1g%3D%3D&hl=en-US&gl=us&fo_m=MfohQo559jFvMUOzJVpjPL1YMfZ3bInYwBDuMfaXTPp5KXh-&utm_source=tactile&gei=68MDaM3cEo6M9u8P8b-AsQE&ei=68MDaM3cEo6M9u8P8b-AsQE&fo_s=OA,SOE&opi=79508299&ebb=1&cs=0&foub=mcpp",,,"https://www.google.com/maps/place/Kung+Fu+Tea+-+Knox+St.+Dallas/@32.821394399999996,-96.7870557,14z/data=!4m8!1m2!2m1!1sKung+Fu+Tea+-+Knox+St.+Dallas!3m4!1s0x864e9fae060c1ed9:0x6853e582719a1d48!8m2!3d32.821394399999996!4d-96.7870557","https://www.google.com/maps/place/Kung+Fu+Tea+-+Knox+St.+Dallas/@32.821394399999996,-96.7870557,13.99z/data=!4m16!1m7!3m6!1s0x864e9fae060c1ed9:0x6853e582719a1d48!2sKung+Fu+Tea+-+Knox+St.+Dallas!8m2!3d32.821394399999996!4d-96.7870557!16s%2Fg%2F11ckvg1dmb!3m7!1s0x864e9fae060c1ed9:0x6853e582719a1d48!8m2!3d32.821394399999996!4d-96.7870557!9m1!1b1!16s%2Fg%2F11ckvg1dmb?entry=ttu",ChIJ2R4MBq6fToYRSB2acYLlU2g,0x864e9fae060c1ed9:0x6853e582719a1d48,7517604551425924424,/g/11gn1bhqb_,7517604551425924424,,support@armsglobalinc.com,RECEIVING,Role,,,,,,marketing@kfteausa.com,RECEIVING,SMTP validated,,,,,,delivery_help@grubhub.com,RECEIVING,SMTP validated,,,,,,+1 724-544-6367,+1 855-538-9888,15402175182,https://www.facebook.com/kungfuteausa/,https://www.instagram.com/kungfuteausa,https://www.linkedin.com/company/kung-fu-tea,https://www.tiktok.com/@kungfutea,,,,,,,https://twitter.com/kfteausa,,,,,Menu — Kung Fu Tea | Fresh - Innovative - Fearless leading tea brand,WordPress 6.3,"Menu At Kung Fu Tea, every beverage is made-to-order with real Kung Fu. Our tea is freshly brewed every 3 hours using premium tea leaves. You can choose from classic teas, milk teas, fruit teas, slushies and more. Each drink is customized by you! You get to pick your toppings,…",,False,True
"boba tea, 75220, Dallas, TX, US",Chicha San Chen,Chicha San Chen,http://chichasanchentx.com/,"Bubble tea store, Restaurant",restaurants,Bubble tea store,+1 469-892-2082,"2225 Old Denton Rd STE 135, Carrollton, TX 75006",Central Carrollton,2225 Old Denton Rd STE 135,Carrollton,75006,Texas,Texas,United States of America,US,32.9768745,-96.91104109999999,8926c862953ffff,America/Chicago,,False,4.1,198,"https://search.google.com/local/reviews?placeid=ChIJlRZrUiEnTIYRIKMAmA1UI8Y&q=boba+tea,+75220,+Dallas,+TX,+US&authuser=0&hl=en&gl=US",,,20.0,15.0,18.0,19.0,126.0,484,https://lh3.googleusercontent.com/gps-proxy/ALd4DhEQFSfJaE6dRlQXsOFIvLgH8-YODMR4BGThpVjSs30h3jz-6G_esguDt6tlcvdvPreLvMYhr5O8oeRBtSz1Y257TQ-6rdGV-n-rHotMRWRn9YeXZAk4rpw_tuelyP4njRE44fcdJ9HNHyUD_975TtSXc3uIqmhfZymNvyROfsrBO-GPOlYNir8GxA=w800-h500-k-no,https://lh3.googleusercontent.com/gps-proxy/ALd4DhEQFSfJaE6dRlQXsOFIvLgH8-YODMR4BGThpVjSs30h3jz-6G_esguDt6tlcvdvPreLvMYhr5O8oeRBtSz1Y257TQ-6rdGV-n-rHotMRWRn9YeXZAk4rpw_tuelyP4njRE44fcdJ9HNHyUD_975TtSXc3uIqmhfZymNvyROfsrBO-GPOlYNir8GxA=w1600-h1000-k-no,,"{""Monday"": ""11:30AM-9PM"", ""Tuesday"": ""11:30AM-9PM"", ""Wednesday"": ""11:30AM-9PM"", ""Thursday"": ""11:30AM-9PM"", ""Friday"": ""11:30AM-10PM"", ""Saturday"": ""11:30AM-10PM"", ""Sunday"": ""11:30AM-9PM""}",Monday:11:30AM-9PM|Tuesday:11:30AM-9PM|Wednesday:11:30AM-9PM|Thursday:11:30AM-9PM|Friday:11:30AM-10PM|Saturday:11:30AM-10PM|Sunday:11:30AM-9PM,,,OPERATIONAL,"{""Service options"": {""Onsite services"": true, ""Takeout"": true, ""Dine-in"": true}, ""Highlights"": {""Great tea selection"": true}, ""Accessibility"": {""Wheelchair accessible entrance"": true, ""Wheelchair accessible parking lot"": true}, ""Parking"": {""Free parking lot"": true}}",,,https://lh5.googleusercontent.com/-r-p3bNoFwj8/AAAAAAAAAAI/AAAAAAAAAAA/8Om-67Rhhvc/s44-p-k-no-ns-nd/photo.jpg,,,True,109733675771351881744,Chicha San Chen,https://www.google.com/maps/contrib/109733675771351881744,,,,,"https://www.google.com/maps/place/Chicha+San+Chen/@32.9768745,-96.91104109999999,14z/data=!4m8!1m2!2m1!1sChicha+San+Chen!3m4!1s0x864c2721526b1695:0xc623540d9800a320!8m2!3d32.9768745!4d-96.91104109999999","https://www.google.com/maps/place/Chicha+San+Chen/@32.9768745,-96.91104109999999,13.99z/data=!4m16!1m7!3m6!1s0x864c2721526b1695:0xc623540d9800a320!2sChicha+San+Chen!8m2!3d32.9768745!4d-96.91104109999999!16s%2Fg%2F11ckvg1dmb!3m7!1s0x864c2721526b1695:0xc623540d9800a320!8m2!3d32.9768745!4d-96.91104109999999!9m1!1b1!16s%2Fg%2F11ckvg1dmb?entry=ttu",ChIJlRZrUiEnTIYRIKMAmA1UI8Y,0x864c2721526b1695:0xc623540d9800a320,14277347661056090912,/g/11lymz62vz,-4169396412653460704,,chichasanchen.carrolltontx@gmail.com,RECEIVING,Verified,,,,,,bobaatx88@gmail.com,RECEIVING,Verified,,,,,,,,,,,,,,,,,,,,,,,,,,,,,,,,"Chicha San Chen | Order Now | Premium Taiwanese Tea & Bubble Tea | Carrollton, TX",Wix.com Website Builder,"Discover the finest tea at Chicha San Chen in Carrollton, TX. Experience traditional Taiwanese tea brewing with our exclusive LION teapresso machine for the freshest and most authentic flavors. Taste the difference today!",,False,False
"boba tea, 75220, Dallas, TX, US",Totally Tea & Boba,Totally Tea And Boba,http://www.thatbobatho.com/,"Bubble tea store, Tea house",Bubble tea store,Bubble tea store,,"5483 N MacArthur Blvd, Irving, TX 75038",Las Colinas,5483 N MacArthur Blvd,Irving,75038,Texas,Texas,United States of America,US,32.884366,-96.9647267,8926c86e50fffff,America/Chicago,,False,3.9,357,"https://search.google.com/local/reviews?placeid=ChIJbXlf55-DToYRFav4gp6WSW8&q=boba+tea,+75220,+Dallas,+TX,+US&authuser=0&hl=en&gl=US",,,65.0,22.0,15.0,19.0,236.0,65,https://lh3.googleusercontent.com/gps-cs-s/AB5caB-KswyeX3kqlp4HY2r3P78ibZ-RCw4ZOuPj9WCRnofq_zUsVDi9b-XCnoqQu14yHVZ_yyiVR9WHR2mPPlqQA-BfwgfeFYvC30ZElX1ibUNQ6P8E1zIMmK3DwkAqIs-2QuYTX1ic=w800-h500-k-no,https://lh3.googleusercontent.com/gps-cs-s/AB5caB-KswyeX3kqlp4HY2r3P78ibZ-RCw4ZOuPj9WCRnofq_zUsVDi9b-XCnoqQu14yHVZ_yyiVR9WHR2mPPlqQA-BfwgfeFYvC30ZElX1ibUNQ6P8E1zIMmK3DwkAqIs-2QuYTX1ic=w1600-h1000-k-no,,"{""Monday"": ""11AM-8PM"", ""Tuesday"": ""11AM-8PM"", ""Wednesday"": ""11AM-8PM"", ""Thursday"": ""11AM-8PM"", ""Friday"": ""11AM-9PM"", ""Saturday"": ""11AM-9PM"", ""Sunday"": ""11AM-8PM""}",Monday:11AM-8PM|Tuesday:11AM-8PM|Wednesday:11AM-8PM|Thursday:11AM-8PM|Friday:11AM-9PM|Saturday:11AM-9PM|Sunday:11AM-8PM,,,OPERATIONAL,"{""Service options"": {""Curbside pickup"": true, ""No-contact delivery"": true, ""Delivery"": true, ""Takeout"": true, ""Dine-in"": true}, ""Highlights"": {""Great tea selection"": true}, ""Accessibility"": {""Wheelchair accessible entrance"": true, ""Wheelchair accessible parking lot"": true}}",$,,https://lh5.googleusercontent.com/-wzNdVYy0DOY/AAAAAAAAAAI/AAAAAAAAAAA/ZgX6_vvOjpo/s44-p-k-no-ns-nd/photo.jpg,,,True,102664372458571036038,Totally Tea & Boba,https://www.google.com/maps/contrib/102664372458571036038,,"https://www.google.com/viewer/chooseprovider?mid=/g/11rg5w_93_&g2lbs=AAEPWCtl-SFEaIvuxkm4wCbumMW-dT6evMntXLkQ0WkoqE1DIgTc33i-bk60cx8GDEHL85S1wWYmHWQmNm7hATXtjeSyo1iMoQ%3D%3D&hl=en-US&gl=us&fo_m=MfohQo559jFvMUOzJVpjPL1YMfZ3bInYwBDuMfaXTPp5KXh-&utm_source=tactile&gei=68MDaM3cEo6M9u8P8b-AsQE&ei=68MDaM3cEo6M9u8P8b-AsQE&fo_s=OA,SOE&opi=79508299&ebb=1&cs=0&foub=mcpp",,,"https://www.google.com/maps/place/Totally+Tea+%26+Boba/@32.884366,-96.9647267,14z/data=!4m8!1m2!2m1!1sTotally+Tea+%26+Boba!3m4!1s0x864e839fe75f796d:0x6f49969e82f8ab15!8m2!3d32.884366!4d-96.9647267","https://www.google.com/maps/place/Totally+Tea+%26+Boba/@32.884366,-96.9647267,13.99z/data=!4m16!1m7!3m6!1s0x864e839fe75f796d:0x6f49969e82f8ab15!2sTotally+Tea+%26+Boba!8m2!3d32.884366!4d-96.9647267!16s%2Fg%2F11ckvg1dmb!3m7!1s0x864e839fe75f796d:0x6f49969e82f8ab15!8m2!3d32.884366!4d-96.9647267!9m1!1b1!16s%2Fg%2F11ckvg1dmb?entry=ttu",ChIJbXlf55-DToYRFav4gp6WSW8,0x864e839fe75f796d:0x6f49969e82f8ab15,8019106219056212757,/g/11rg5w_93_,8019106219056212757,,info@thatbobatho.com,RECEIVING,SMTP validated,,,,,,,,,,,,,,,,,,,,,,,,,,,,,,,,,,,,,,,,Totally Tea,WordPress 6.0.2,,,False,False
"boba tea, 75220, Dallas, TX, US",The Boba Plug,The Boba Plug,http://thebobaplug.com/,"Catering food and drink supplier, Service establishment",Catering food and drink supplier,Catering food and drink supplier,+1 469-209-9430,,,,,,,,,,32.7430719,-96.963595,8926cb9968bffff,America/Chicago,,True,5.0,47,"https://search.google.com/local/reviews?placeid=ChIJIZV8kRCUJgMRtZEf5l1KTyU&q=boba+tea,+75220,+Dallas,+TX,+US&authuser=0&hl=en&gl=US",,,0.0,0.0,0.0,0.0,47.0,28,https://lh3.googleusercontent.com/gps-cs-s/AB5caB9fjyXIkjvRjd3KRdPd-lD3yItEugghJ04d5u9aAxRbbzFzusW67Kf9RKHIxxIiU7b5u8BivCpXQyFHSJRydI8xkAdq5PMMiKUXnr52eb63DcK8acN_yugoAoftL2gYoB0uQDUU=w800-h500-k-no,https://lh3.googleusercontent.com/gps-cs-s/AB5caB9fjyXIkjvRjd3KRdPd-lD3yItEugghJ04d5u9aAxRbbzFzusW67Kf9RKHIxxIiU7b5u8BivCpXQyFHSJRydI8xkAdq5PMMiKUXnr52eb63DcK8acN_yugoAoftL2gYoB0uQDUU=w1600-h1000-k-no,,"{""Monday"": ""Closed"", ""Tuesday"": ""Closed"", ""Wednesday"": ""Closed"", ""Thursday"": ""Closed"", ""Friday"": ""Closed"", ""Saturday"": ""10AM-4:30PM"", ""Sunday"": ""10AM-4:35PM""}",Monday:Closed|Tuesday:Closed|Wednesday:Closed|Thursday:Closed|Friday:Closed|Saturday:10AM-4:30PM|Sunday:10AM-4:35PM,,,OPERATIONAL,"{""From the business"": {""Identifies as Asian-owned"": true, ""Identifies as women-owned"": true}, ""Service options"": {""Delivery"": true}, ""Crowd"": {""LGBTQ+ friendly"": true}, ""Other"": {""LGBTQ+ friendly"": true, ""Identifies as women-owned"": true, ""Identifies as Asian-owned"": true}}",,,https://lh6.googleusercontent.com/-S___WiQAeqk/AAAAAAAAAAI/AAAAAAAAAAA/onOITXgx9oo/s44-p-k-no-ns-nd/photo.jpg,,,True,109990868498277111044,The Boba Plug,https://www.google.com/maps/contrib/109990868498277111044,,,,,"https://www.google.com/maps/place/The+Boba+Plug/@32.7430719,-96.963595,14z/data=!4m8!1m2!2m1!1sThe+Boba+Plug!3m4!1s0x3269410917c9521:0x254f4a5de61f91b5!8m2!3d32.7430719!4d-96.963595","https://www.google.com/maps/place/The+Boba+Plug/@32.7430719,-96.963595,13.99z/data=!4m16!1m7!3m6!1s0x3269410917c9521:0x254f4a5de61f91b5!2sThe+Boba+Plug!8m2!3d32.7430719!4d-96.963595!16s%2Fg%2F11ckvg1dmb!3m7!1s0x3269410917c9521:0x254f4a5de61f91b5!8m2!3d32.7430719!4d-96.963595!9m1!1b1!16s%2Fg%2F11ckvg1dmb?entry=ttu",ChIJIZV8kRCUJgMRtZEf5l1KTyU,0x3269410917c9521:0x254f4a5de61f91b5,2688449269716718005,/g/11q99nz0_4,2688449269716718005,,thebobaplug@gmail.com,RECEIVING,SMTP validated,,,,,,,,,,,,,,,,,,,,,,,,,https://www.facebook.com/thebobaplugtx/,https://www.instagram.com/thebobaplugtx,,,,,,,,,,,,,,The Boba Plug,,"Bubble tea pop-up offering hot & cold drinks, made with fresh and organic ingredients.",,True,True
"boba tea, 75220, Dallas, TX, US",Bobaddiction Food Truck & Catering,Bobaddiction Food Truck And Catering,http://www.bobaddiction.com/,"Caterer, Service establishment, Mobile caterer",Caterer,Caterer,+1 512-763-2622,,,,,,,,,,32.7412686,-96.8130595,8926cb9aebbffff,America/Chicago,,True,4.3,233,"https://search.google.com/local/reviews?placeid=ChIJoR_t7MKYToYRhncHdrJ6TyY&q=boba+tea,+75220,+Dallas,+TX,+US&authuser=0&hl=en&gl=US",,,19.0,7.0,12.0,35.0,160.0,96,https://lh3.googleusercontent.com/p/AF1QipP8NOAc1tL79ORl8Q9VzVArPn0wxb1BUrjQDHlw=w800-h500-k-no,https://lh3.googleusercontent.com/p/AF1QipP8NOAc1tL79ORl8Q9VzVArPn0wxb1BUrjQDHlw=w1600-h1000-k-no,,,,,,OPERATIONAL,"{""From the business"": {""Identifies as Asian-owned"": true}, ""Service options"": {""No-contact delivery"": true, ""Delivery"": true}, ""Other"": {""Identifies as Asian-owned"": true}}",$,,https://lh6.googleusercontent.com/-0RTCxdTf6Kc/AAAAAAAAAAI/AAAAAAAAAAA/kcAXEozZEqQ/s44-p-k-no-ns-nd/photo.jpg,"Deep Ellum spot for Taiwanese boba tea, shaved snow treats, macarons & packaged Asian snacks.",,True,110267679417496900986,Bobaddiction Food Truck & Catering,https://www.google.com/maps/contrib/110267679417496900986,,,,,"https://www.google.com/maps/place/Bobaddiction+Food+Truck+%26+Catering/@32.7412686,-96.8130595,14z/data=!4m8!1m2!2m1!1sBobaddiction+Food+Truck+%26+Catering!3m4!1s0x864e98c2eced1fa1:0x264f7ab276077786!8m2!3d32.7412686!4d-96.8130595","https://www.google.com/maps/place/Bobaddiction+Food+Truck+%26+Catering/@32.7412686,-96.8130595,13.99z/data=!4m16!1m7!3m6!1s0x864e98c2eced1fa1:0x264f7ab276077786!2sBobaddiction+Food+Truck+%26+Catering!8m2!3d32.7412686!4d-96.8130595!16s%2Fg%2F11ckvg1dmb!3m7!1s0x864e98c2eced1fa1:0x264f7ab276077786!8m2!3d32.7412686!4d-96.8130595!9m1!1b1!16s%2Fg%2F11ckvg1dmb?entry=ttu",ChIJoR_t7MKYToYRhncHdrJ6TyY,0x864e98c2eced1fa1:0x264f7ab276077786,2760560003504371590,/g/11c1q2qzjn,2760560003504371590,,info@bobaddiction.com,RECEIVING,SMTP validated,John Ting,John,Ting,Co-Founder And Partner,15127632622,vo.quang.v@gmail.com,RECEIVING,SMTP validated,Quang Vo,Quang,Vo,Co-Founder,,,,,,,,,,,,,,,http://linkedin.com/company/bobaddiction,,,,,,,,,,,,,Bobaddiction Food Truck & Catering | Bobaddiction,Square Online,Tea shops and food trucks (catering and special events) in Dallas Fort Worth area,,True,True
"boba tea, 75220, Dallas, TX, US",Vogue Bubble Tea & Coffee Bar-Irving,Vogue Bubble Tea And Coffee Bar Irving,https://voguebubbleteaandcoffeebar.us/irving%2C-tx,"Bubble tea store, Coffee shop",coffee shops,Bubble tea store,+1 469-243-9009,"1221 W Airport Fwy # 111, Irving, TX 75062",Hillcrest Oaks,1221 W Airport Fwy # 111,Irving,75062,Texas,Texas,United States of America,US,32.8377739,-96.9618289,8926c86eeafffff,America/Chicago,,False,4.9,135,"https://search.google.com/local/reviews?placeid=ChIJT_fKaKiDToYRhf61ztFOvA4&q=boba+tea,+75220,+Dallas,+TX,+US&authuser=0&hl=en&gl=US",,,2.0,0.0,0.0,6.0,127.0,107,https://lh3.googleusercontent.com/p/AF1QipPByAMyedZkh-PVnVXFz5Asi7ZWl_6_PUNlMqM=w800-h500-k-no,https://lh3.googleusercontent.com/p/AF1QipPByAMyedZkh-PVnVXFz5Asi7ZWl_6_PUNlMqM=w1600-h1000-k-no,,"{""Monday"": ""9AM-8PM"", ""Tuesday"": ""9AM-8PM"", ""Wednesday"": ""9AM-8PM"", ""Thursday"": ""9AM-8PM"", ""Friday"": ""9AM-9PM"", ""Saturday"": ""9AM-9PM"", ""Sunday"": ""9AM-8PM""}",Monday:9AM-8PM|Tuesday:9AM-8PM|Wednesday:9AM-8PM|Thursday:9AM-8PM|Friday:9AM-9PM|Saturday:9AM-9PM|Sunday:9AM-8PM,,,OPERATIONAL,"{""Service options"": {""Curbside pickup"": true, ""No-contact delivery"": true, ""Delivery"": true, ""Takeout"": true, ""Dine-in"": true}, ""Highlights"": {""Great coffee"": true, ""Great tea selection"": true}, ""Accessibility"": {""Wheelchair accessible entrance"": true, ""Wheelchair accessible parking lot"": true}, ""Offerings"": {""Coffee"": true}, ""Dining options"": {""Dessert"": true, ""Seating"": true}, ""Amenities"": {""Restroom"": true, ""Wi-Fi"": true}, ""Atmosphere"": {""Casual"": true, ""Cozy"": true, ""Trendy"": true}, ""Crowd"": {""College students"": true, ""Family-friendly"": true, ""Tourists"": true}, ""Payments"": {""Credit cards"": true}, ""Children"": {""Good for kids"": true, ""High chairs"": true, ""Kids' menu"": true}, ""Parking"": {""Free parking lot"": true, ""Free street parking"": true, ""On-site parking"": true, ""Parking"": true}}",,,https://lh3.googleusercontent.com/-U94DH-M8JiI/AAAAAAAAAAI/AAAAAAAAAAA/4Y8yb6kHxsk/s44-p-k-no-ns-nd/photo.jpg,,,True,115923534645501485980,Vogue Bubble Tea & Coffee Bar-Irving,https://www.google.com/maps/contrib/115923534645501485980,,"https://www.google.com/viewer/chooseprovider?mid=/g/11yb86_67p&g2lbs=AAEPWCvWbwppUNk3vUYy-EXD0yH9S27QrSdgdWue_YIc0eANmxyXoG-b-c7Qxyr-qge3RgMXo2_5WlA5jEPiVFNMzp90IOa2Qw%3D%3D&hl=en-US&gl=us&fo_m=MfohQo559jFvMUOzJVpjPL1YMfZ3bInYwBDuMfaXTPp5KXh-&utm_source=tactile&gei=7MMDaLTEOv7h0PEP-oHwuQM&ei=7MMDaLTEOv7h0PEP-oHwuQM&fo_s=OA,SOE&opi=79508299&ebb=1&cs=0&foub=mcpp",,,"https://www.google.com/maps/place/Vogue+Bubble+Tea+%26+Coffee+Bar-Irving/@32.8377739,-96.9618289,14z/data=!4m8!1m2!2m1!1sVogue+Bubble+Tea+%26+Coffee+Bar-Irving!3m4!1s0x864e83a868caf74f:0xebc4ed1ceb5fe85!8m2!3d32.8377739!4d-96.9618289","https://www.google.com/maps/place/Vogue+Bubble+Tea+%26+Coffee+Bar-Irving/@32.8377739,-96.9618289,13.99z/data=!4m16!1m7!3m6!1s0x864e83a868caf74f:0xebc4ed1ceb5fe85!2sVogue+Bubble+Tea+%26+Coffee+Bar-Irving!8m2!3d32.8377739!4d-96.9618289!16s%2Fg%2F11ckvg1dmb!3m7!1s0x864e83a868caf74f:0xebc4ed1ceb5fe85!8m2!3d32.8377739!4d-96.9618289!9m1!1b1!16s%2Fg%2F11ckvg1dmb?entry=ttu",ChIJT_fKaKiDToYRhf61ztFOvA4,0x864e83a868caf74f:0xebc4ed1ceb5fe85,1061810275175759493,/g/11yb86_67p,1061810275175759493,,franchise@voguecoffeebar.com,INVALID,Invalid DNS,,,,,,,,,,,,,,,,,,,,,,,,,,,,,,,,,,,,,,https://github.com/clauseggers/,,Vogue Bubble Tea & Coffee Bar,Starfield Technologies; Go Daddy Website Builder 8.0.0000,,,,
"boba tea, 75220, Dallas, TX, US",Yely,Yely,https://www.yely.one/,"Bubble tea store, Coffee shop, Dessert shop",Bubble tea store,Bubble tea store,+1 469-261-9006,"6760 Abrams Rd Suite 115, Dallas, TX 75231",None,6760 Abrams Rd Suite 115,Dallas,75231,Texas,Texas,United States of America,US,32.8670263,-96.7410493,8926c8669abffff,America/Chicago,,False,4.1,164,"https://search.google.com/local/reviews?placeid=ChIJAWe3re-hToYRA-DA9cdLWO8&q=boba+tea,+75220,+Dallas,+TX,+US&authuser=0&hl=en&gl=US",,,25.0,3.0,12.0,11.0,113.0,262,https://lh3.googleusercontent.com/p/AF1QipO3Qkn6WClCduhOF9Ghl88jrRs3bQtKC_emv4MJ=w800-h500-k-no,https://lh3.googleusercontent.com/p/AF1QipO3Qkn6WClCduhOF9Ghl88jrRs3bQtKC_emv4MJ=w1600-h1000-k-no,,"{""Monday"": ""12-9PM"", ""Tuesday"": ""12-9PM"", ""Wednesday"": ""12-9PM"", ""Thursday"": ""12-9PM"", ""Friday"": ""11AM-10PM"", ""Saturday"": ""2:30-10PM"", ""Sunday"": ""11AM-10PM""}",Monday:12-9PM|Tuesday:12-9PM|Wednesday:12-9PM|Thursday:12-9PM|Friday:11AM-10PM|Saturday:2:30-10PM|Sunday:11AM-10PM,,,OPERATIONAL,"{""From the business"": {""Identifies as Asian-owned"": true, ""Identifies as women-owned"": true}, ""Service options"": {""Delivery"": true, ""Takeout"": true, ""Dine-in"": true}, ""Highlights"": {""Great tea selection"": true}, ""Accessibility"": {""Wheelchair accessible entrance"": true, ""Wheelchair accessible parking lot"": true, ""Wheelchair accessible restroom"": true}, ""Amenities"": {""Gender-neutral restroom"": true}, ""Parking"": {""Free parking lot"": true}, ""Other"": {""Identifies as women-owned"": true, ""Identifies as Asian-owned"": true}}",$,,https://lh3.googleusercontent.com/-QGkVXiTlE00/AAAAAAAAAAI/AAAAAAAAAAA/D04SjMXdEyw/s44-p-k-no-ns-nd/photo.jpg,,,True,110544381828030302521,Yely,https://www.google.com/maps/contrib/110544381828030302521,,"https://www.google.com/viewer/chooseprovider?mid=/g/11schxl0dn&g2lbs=AAEPWCuNGiKyqyj1K4E03pxuStoyiZP3e1ZnTAMQ-Ys0VVPMvxL2MQAMGP3WK6Mn9ObUdUoQ2XFfohGt-ScqFEihTascK7PJEw%3D%3D&hl=en-US&gl=us&fo_m=MfohQo559jFvMUOzJVpjPL1YMfZ3bInYwBDuMfaXTPp5KXh-&utm_source=tactile&gei=7MMDaLTEOv7h0PEP-oHwuQM&ei=7MMDaLTEOv7h0PEP-oHwuQM&fo_s=OA,SOE&opi=79508299&ebb=1&cs=0&foub=mcpp",,,"https://www.google.com/maps/place/Yely/@32.8670263,-96.7410493,14z/data=!4m8!1m2!2m1!1sYely!3m4!1s0x864ea1efadb76701:0xef584bc7f5c0e003!8m2!3d32.8670263!4d-96.7410493","https://www.google.com/maps/place/Yely/@32.8670263,-96.7410493,13.99z/data=!4m16!1m7!3m6!1s0x864ea1efadb76701:0xef584bc7f5c0e003!2sYely!8m2!3d32.8670263!4d-96.7410493!16s%2Fg%2F11ckvg1dmb!3m7!1s0x864ea1efadb76701:0xef584bc7f5c0e003!8m2!3d32.8670263!4d-96.7410493!9m1!1b1!16s%2Fg%2F11ckvg1dmb?entry=ttu",ChIJAWe3re-hToYRA-DA9cdLWO8,0x864ea1efadb76701:0xef584bc7f5c0e003,17246618095208947715,/g/11schxl0dn,-1200125978500603901,,admin@yely.one,RECEIVING,SMTP validated,,,,,,hi@mystore.com,INVALID,Undeliverable,,,,,,,,,,,,,,,,,,,,,,,,,,,,,,,,Home | Yely,Square Online,"Yely is a cafe that specializes in tea, coffee, and desserts. 
6760 Abrams Road, Suite 115 Dallas, Texas 75231.",,False,True
"boba tea, 75220, Dallas, TX, US",Bubble Shubble Boba Tea,Bubble Shubble Boba Tea,https://www.facebook.com/profile.php?id=100093332829631,"Bubble tea store, Cafe, Coffee shop, Restaurant",Bubble tea store,Bubble tea store,+1 972-457-0600,"1111 Coker St, Irving, TX 75062",Arts District,1111 Coker St,Irving,75062,Texas,Texas,United States of America,US,32.8537908,-96.9597027,8926c86e127ffff,America/Chicago,,False,4.3,89,"https://search.google.com/local/reviews?placeid=ChIJo4hpjAaDToYRzP5yK2aeMzc&q=boba+tea,+75220,+Dallas,+TX,+US&authuser=0&hl=en&gl=US",,,14.0,1.0,1.0,5.0,68.0,161,https://lh3.googleusercontent.com/p/AF1QipMzXT0BqaS1EBjBs9fk5LQTrVWb5sh7eMOmXAPb=w800-h500-k-no,https://lh3.googleusercontent.com/p/AF1QipMzXT0BqaS1EBjBs9fk5LQTrVWb5sh7eMOmXAPb=w1600-h1000-k-no,,"{""Monday"": ""10AM-10PM"", ""Tuesday"": ""10AM-10PM"", ""Wednesday"": ""10AM-10PM"", ""Thursday"": ""10AM-10PM"", ""Friday"": ""10AM-11PM"", ""Saturday"": ""10AM-11PM"", ""Sunday"": ""10AM-10PM""}",Monday:10AM-10PM|Tuesday:10AM-10PM|Wednesday:10AM-10PM|Thursday:10AM-10PM|Friday:10AM-11PM|Saturday:10AM-11PM|Sunday:10AM-10PM,,,OPERATIONAL,"{""From the business"": {""Identifies as Asian-owned"": true}, ""Service options"": {""Curbside pickup"": true, ""No-contact delivery"": true, ""Delivery"": true, ""Takeout"": true, ""Dine-in"": true}, ""Highlights"": {""Great tea selection"": true}, ""Accessibility"": {""Wheelchair accessible entrance"": true, ""Wheelchair accessible parking lot"": true, ""Wheelchair accessible restroom"": true, ""Wheelchair accessible seating"": true}, ""Amenities"": {""Gender-neutral restroom"": true}, ""Crowd"": {""LGBTQ+ friendly"": true, ""Transgender safespace"": true}, ""Parking"": {""Free parking lot"": true, ""Free street parking"": true}, ""Other"": {""LGBTQ+ friendly"": true, ""Identifies as Asian-owned"": true}}",,,https://lh6.googleusercontent.com/-oqeKFf8mfkc/AAAAAAAAAAI/AAAAAAAAAAA/DRTqGj_i7x0/s44-p-k-no-ns-nd/photo.jpg,,,True,118165609480234858957,Bubble Shubble Boba Tea,https://www.google.com/maps/contrib/118165609480234858957,,"https://www.google.com/viewer/chooseprovider?mid=/g/11kqs4vgqt&g2lbs=AAEPWCvzZyV8hV_TpTKEGGIaBm0nPPnRgq_E_2_OPn6ZGkU85Q4ubn5CoE7FcvzdMrZIQSZUBPGm2sOtd-FkTUpcHkEDnUpdSg%3D%3D&hl=en-US&gl=us&fo_m=MfohQo559jFvMUOzJVpjPL1YMfZ3bInYwBDuMfaXTPp5KXh-&utm_source=tactile&gei=7MMDaLTEOv7h0PEP-oHwuQM&ei=7MMDaLTEOv7h0PEP-oHwuQM&fo_s=OA,SOE&opi=79508299&ebb=1&cs=0&foub=mcpp",,,"https://www.google.com/maps/place/Bubble+Shubble+Boba+Tea/@32.8537908,-96.9597027,14z/data=!4m8!1m2!2m1!1sBubble+Shubble+Boba+Tea!3m4!1s0x864e83068c6988a3:0x37339e662b72fecc!8m2!3d32.8537908!4d-96.9597027","https://www.google.com/maps/place/Bubble+Shubble+Boba+Tea/@32.8537908,-96.9597027,13.99z/data=!4m16!1m7!3m6!1s0x864e83068c6988a3:0x37339e662b72fecc!2sBubble+Shubble+Boba+Tea!8m2!3d32.8537908!4d-96.9597027!16s%2Fg%2F11ckvg1dmb!3m7!1s0x864e83068c6988a3:0x37339e662b72fecc!8m2!3d32.8537908!4d-96.9597027!9m1!1b1!16s%2Fg%2F11ckvg1dmb?entry=ttu",ChIJo4hpjAaDToYRzP5yK2aeMzc,0x864e83068c6988a3:0x37339e662b72fecc,3977697057551089356,/g/11kqs4vgqt,3977697057551089356,,,,,,,,,,,,,,,,,,,,,,,,,,,,,,www.instagram.com,,,,,,,,,,,,,,,,,,,
"boba tea, 75220, Dallas, TX, US",Happy Lemon,Happy Lemon,https://happylemonusa.com/,Bubble tea store,Bubble tea store,Bubble tea store,+1 214-731-6310,"2225 Old Denton Rd Suite 315, Carrollton, TX 75006",Central Carrollton,2225 Old Denton Rd Suite 315,Carrollton,75006,Texas,Texas,United States of America,US,32.976308599999996,-96.9111051,8926c862953ffff,America/Chicago,,False,4.5,35,"https://search.google.com/local/reviews?placeid=ChIJ67KFHDonTIYROMcbPV-hN-8&q=boba+tea,+75220,+Dallas,+TX,+US&authuser=0&hl=en&gl=US",,,2.0,2.0,1.0,2.0,28.0,73,https://lh3.googleusercontent.com/p/AF1QipMTH7QgaCCRkkogUsT1sykzKFNBxeSg7t44YLw=w800-h500-k-no,https://lh3.googleusercontent.com/p/AF1QipMTH7QgaCCRkkogUsT1sykzKFNBxeSg7t44YLw=w1600-h1000-k-no,,"{""Monday"": ""12-8PM"", ""Tuesday"": ""Closed"", ""Wednesday"": ""12-8PM"", ""Thursday"": ""12-8PM"", ""Friday"": ""12-9PM"", ""Saturday"": ""12-9PM"", ""Sunday"": ""12-9PM""}",Monday:12-8PM|Tuesday:Closed|Wednesday:12-8PM|Thursday:12-8PM|Friday:12-9PM|Saturday:12-9PM|Sunday:12-9PM,,,OPERATIONAL,"{""Service options"": {""Takeout"": true, ""Dine-in"": true}, ""Highlights"": {""Great tea selection"": true}, ""Accessibility"": {""Wheelchair accessible entrance"": true, ""Wheelchair accessible parking lot"": true}, ""Parking"": {""Free parking lot"": true, ""On-site parking"": true}}",$,,https://lh3.googleusercontent.com/-Ia12kCA-qDg/AAAAAAAAAAI/AAAAAAAAAAA/NqSOv8eqx5U/s44-p-k-no-ns-nd/photo.jpg,,,True,111971510979074624220,Happy Lemon,https://www.google.com/maps/contrib/111971510979074624220,,"https://www.google.com/viewer/chooseprovider?mid=/g/11wv24n__f&g2lbs=AAEPWCv4DXwbjYmeSyUjDR5X0PBjdogNd8dqylNZVNAGo13vRfrHzkRyXkmO06QMT5jd9Cyv0420pdlNjHEHwS93q1hoii1Pzg%3D%3D&hl=en-US&gl=us&fo_m=MfohQo559jFvMUOzJVpjPL1YMfZ3bInYwBDuMfaXTPp5KXh-&utm_source=tactile&gei=7MMDaLTEOv7h0PEP-oHwuQM&ei=7MMDaLTEOv7h0PEP-oHwuQM&fo_s=OA,SOE&opi=79508299&ebb=1&cs=0&foub=mcpp",,,"https://www.google.com/maps/place/Happy+Lemon/@32.976308599999996,-96.9111051,14z/data=!4m8!1m2!2m1!1sHappy+Lemon!3m4!1s0x864c273a1c85b2eb:0xef37a15f3d1bc738!8m2!3d32.976308599999996!4d-96.9111051","https://www.google.com/maps/place/Happy+Lemon/@32.976308599999996,-96.9111051,13.99z/data=!4m16!1m7!3m6!1s0x864c273a1c85b2eb:0xef37a15f3d1bc738!2sHappy+Lemon!8m2!3d32.976308599999996!4d-96.9111051!16s%2Fg%2F11ckvg1dmb!3m7!1s0x864c273a1c85b2eb:0xef37a15f3d1bc738!8m2!3d32.976308599999996!4d-96.9111051!9m1!1b1!16s%2Fg%2F11ckvg1dmb?entry=ttu",ChIJ67KFHDonTIYROMcbPV-hN-8,0x864c273a1c85b2eb:0xef37a15f3d1bc738,17237423529203058488,/g/11wv24n__f,-1209320544506493128,,info@happylemonusa.com,INVALID,Invalid DNS,,,,,,portland@happylemonusa.com,UNKNOWN,Cannot validate,,,,,,fashionisland@happylemonusa.com,UNKNOWN,Cannot validate,,,,,,12814070946,,,https://www.facebook.com/happylemonglobal,https://www.instagram.com/happylemon.usa,,,,,,,,,,,,,,Happy Lemon USA - HAPPY LEMON USA,All in One SEO (AIOSEO) 4.4.8,"HAPPY LEMON's SUCCESS STORY ENJOY THE WORLD's YUMMIEST DRINK Happy Lemon is a world-leading beverage chain founded in 2006 by the Yummy-Town Group, a publicly listed tea culture company originating in Taiwan. They are the elite pioneers who originally brought and expanded the tea culture to Mainland China and Hong Kong. In 2014, Happy Lemon",,False,False
"boba tea, 75220, Dallas, TX, US",Potpourri Boulangerie,Potpourri Boulangerie,https://www.potpourrioakcliff.com/,"Tea house, Coffee shop, Patisserie",Tea house,Tea house,+1 214-941-9941,"317 N Zang Blvd, Dallas, TX 75208",Oak Cliff,317 N Zang Blvd,Dallas,75208,Texas,Texas,United States of America,US,32.7477437,-96.8249596,8926cb9aed3ffff,America/Chicago,,False,4.8,237,"https://search.google.com/local/reviews?placeid=ChIJVxkHT4WZToYRjM5RMy99HC0&q=boba+tea,+75220,+Dallas,+TX,+US&authuser=0&hl=en&gl=US",,,5.0,2.0,7.0,15.0,208.0,518,https://lh3.googleusercontent.com/p/AF1QipOrfMpIrPOltD-hdGO-XkZdpuPAxZeewlASZysU=w800-h500-k-no,https://lh3.googleusercontent.com/p/AF1QipOrfMpIrPOltD-hdGO-XkZdpuPAxZeewlASZysU=w1600-h1000-k-no,,"{""Monday"": ""Closed"", ""Tuesday"": ""Closed"", ""Wednesday"": ""Closed"", ""Thursday"": ""Closed"", ""Friday"": ""10AM-4PM"", ""Saturday"": ""10AM-4PM"", ""Sunday"": ""10AM-4PM""}",Monday:Closed|Tuesday:Closed|Wednesday:Closed|Thursday:Closed|Friday:10AM-4PM|Saturday:10AM-4PM|Sunday:10AM-4PM,,,OPERATIONAL,"{""From the business"": {""Identifies as Latino-owned"": true, ""Identifies as women-owned"": true}, ""Service options"": {""Onsite services"": true, ""Takeout"": true, ""Dine-in"": true, ""Delivery"": false}, ""Highlights"": {""Great tea selection"": true}, ""Accessibility"": {""Wheelchair accessible entrance"": true, ""Wheelchair accessible parking lot"": true, ""Wheelchair accessible restroom"": true, ""Wheelchair accessible seating"": true}, ""Crowd"": {""LGBTQ+ friendly"": true}, ""Parking"": {""Free parking lot"": true, ""Free street parking"": true, ""On-site parking"": true}, ""Other"": {""LGBTQ+ friendly"": true, ""Identifies as women-owned"": true, ""Identifies as Latino-owned"": true}}",$$,,https://lh3.googleusercontent.com/-SPee2uoNFlA/AAAAAAAAAAI/AAAAAAAAAAA/oj-3juHFcDw/s44-p-k-no-ns-nd/photo.jpg,"Charming teahouse serving light lunches, cakes & pastries in elegant surrounds with a fireplace.",,True,103111943593764578092,Potpourri Boulangerie,https://www.google.com/maps/contrib/103111943593764578092,https://www.potpourrioakcliff.com/reservation,https://www.potpourrioakcliff.com/reservation,,https://www.potpourrioakcliff.com/reservation,"https://www.google.com/maps/place/Potpourri+Boulangerie/@32.7477437,-96.8249596,14z/data=!4m8!1m2!2m1!1sPotpourri+Boulangerie!3m4!1s0x864e99854f071957:0x2d1c7d2f3351ce8c!8m2!3d32.7477437!4d-96.8249596","https://www.google.com/maps/place/Potpourri+Boulangerie/@32.7477437,-96.8249596,13.99z/data=!4m16!1m7!3m6!1s0x864e99854f071957:0x2d1c7d2f3351ce8c!2sPotpourri+Boulangerie!8m2!3d32.7477437!4d-96.8249596!16s%2Fg%2F11ckvg1dmb!3m7!1s0x864e99854f071957:0x2d1c7d2f3351ce8c!8m2!3d32.7477437!4d-96.8249596!9m1!1b1!16s%2Fg%2F11ckvg1dmb?entry=ttu",ChIJVxkHT4WZToYRjM5RMy99HC0,0x864e99854f071957:0x2d1c7d2f3351ce8c,3250610672732589708,/g/1t_wprzs,3250610672732589708,,info@potpourrioakcliff.com,RECEIVING,SMTP validated,,,,,,,,,,,,,,,,,,,,,,,,,,,,,,,,,,,,,,,,"Tea House | Bakery | Cafe | Potpourri Boulangerie | Dallas, TX",Wix.com Website Builder,"Join us at Potpourri Boulangerie in Oak Cliff. We serve freshly baked bread every morning for our bakery, locally roasted coffee and loose leaf teas. Come join us for afternoon tea, brunch or lunch.","afternoon tea, cafe, bakery",,
"boba tea, 75220, Dallas, TX, US",9 Rabbits Bakery,9 Rabbits Bakery,http://www.9rabbitsbakery.com/,"Bubble tea store, Bakery, Caterer",Bakery,Bubble tea store,+1 972-243-4478,"2546 Royal Ln, Dallas, TX 75229",Northwest Dallas,2546 Royal Ln,Dallas,75229,Texas,Texas,United States of America,US,32.8957066,-96.8937888,8926c8655c7ffff,America/Chicago,,False,4.5,1318,"https://search.google.com/local/reviews?placeid=ChIJ2ewCpI4nTIYR1dZ8M7wdnKo&q=boba+tea,+75220,+Dallas,+TX,+US&authuser=0&hl=en&gl=US",,,54.0,25.0,68.0,206.0,965.0,1150,https://lh3.googleusercontent.com/p/AF1QipMt2aye6iISWrQeeNcR3OQTuZVcta8njXeRH7J-=w800-h500-k-no,https://lh3.googleusercontent.com/p/AF1QipMt2aye6iISWrQeeNcR3OQTuZVcta8njXeRH7J-=w1600-h1000-k-no,,"{""Monday"": ""7AM-9PM"", ""Tuesday"": ""7AM-9PM"", ""Wednesday"": ""7AM-9PM"", ""Thursday"": ""7AM-9PM"", ""Friday"": ""7AM-10PM"", ""Saturday"": ""8AM-10PM"", ""Sunday"": ""8:30AM-9PM""}",Monday:7AM-9PM|Tuesday:7AM-9PM|Wednesday:7AM-9PM|Thursday:7AM-9PM|Friday:7AM-10PM|Saturday:8AM-10PM|Sunday:8:30AM-9PM,"[{""breakfast"": {""Monday"": ""7 AM-3 PM"", ""Tuesday"": ""7 AM-3 PM"", ""Wednesday"": ""7 AM-3 PM"", ""Thursday"": ""7 AM-3 PM"", ""Friday"": ""7 AM-3 PM"", ""Saturday"": ""8 AM-3 PM"", ""Sunday"": ""Closed""}}, {""lunch"": {""Monday"": ""9 AM-3 PM"", ""Tuesday"": ""9 AM-3 PM"", ""Wednesday"": ""9 AM-3 PM"", ""Thursday"": ""9 AM-3 PM"", ""Friday"": ""9 AM-3 PM"", ""Saturday"": ""9 AM-3 PM"", ""Sunday"": ""11:30 AM-3 PM""}}]",,OPERATIONAL,"{""Service options"": {""Curbside pickup"": true, ""Delivery"": true, ""In-store pickup"": true, ""Onsite services"": true, ""Takeout"": true, ""Dine-in"": true}, ""Accessibility"": {""Wheelchair accessible parking lot"": true}, ""Offerings"": {""Coffee"": true}, ""Dining options"": {""Breakfast"": true}, ""Amenities"": {""Restroom"": true}, ""Planning"": {""Quick visit"": true}, ""Payments"": {""Credit cards"": true, ""Debit cards"": true, ""NFC mobile payments"": true}, ""Parking"": {""Free parking lot"": true}}",$,,https://lh5.googleusercontent.com/-wKvoS56EYiA/AAAAAAAAAAI/AAAAAAAAAAA/LX7sPUADIGM/s44-p-k-no-ns-nd/photo.jpg,"Contemporary bakeshop featuring Asian-style baked goods, boba & milk teas, smoothies & sandwiches.",,True,118415510423862556731,9 Rabbits Bakery,https://www.google.com/maps/contrib/118415510423862556731,,"https://www.google.com/viewer/chooseprovider?mid=/g/11b76bn14p&g2lbs=AAEPWCvzA3ZYdBflYXatdEqnvTgKoPHqglVIG1UNUssRqSb6Od6h-SMGX802AkAxemoDor33DyzNhvgsRXQW40bHJjPgZir9hw%3D%3D&hl=en-US&gl=us&fo_m=MfohQo559jFvMUOzJVpjPL1YMfZ3bInYwBDuMfaXTPp5KXh-&utm_source=tactile&gei=7MMDaLTEOv7h0PEP-oHwuQM&ei=7MMDaLTEOv7h0PEP-oHwuQM&fo_s=OA,SOE&opi=79508299&ebb=1&cs=0&foub=mcpp",,,"https://www.google.com/maps/place/9+Rabbits+Bakery/@32.8957066,-96.8937888,14z/data=!4m8!1m2!2m1!1s9+Rabbits+Bakery!3m4!1s0x864c278ea402ecd9:0xaa9c1dbc337cd6d5!8m2!3d32.8957066!4d-96.8937888","https://www.google.com/maps/place/9+Rabbits+Bakery/@32.8957066,-96.8937888,13.99z/data=!4m16!1m7!3m6!1s0x864c278ea402ecd9:0xaa9c1dbc337cd6d5!2s9+Rabbits+Bakery!8m2!3d32.8957066!4d-96.8937888!16s%2Fg%2F11ckvg1dmb!3m7!1s0x864c278ea402ecd9:0xaa9c1dbc337cd6d5!8m2!3d32.8957066!4d-96.8937888!9m1!1b1!16s%2Fg%2F11ckvg1dmb?entry=ttu",ChIJ2ewCpI4nTIYR1dZ8M7wdnKo,0x864c278ea402ecd9:0xaa9c1dbc337cd6d5,12293733776969488085,/g/11b76bn14p,-6153010296740063531,,9rabbitsbakery@gmail.com,RECEIVING,SMTP validated,,,,,,,,,,,,,,,,,,,,,,19722434478,,,https://www.facebook.com/9rabbitsxbobahouse/,https://www.instagram.com/9rabbits,,,,,,,,,,,,,,9RABBITS Bakery x BOBA HOUSE,,Dallas based bakery and tea house,,,
"boba tea, 75220, Dallas, TX, US",Moom Muum,Moom Muum,https://www.moommuum.com/,"Bubble tea store, Thai restaurant",restaurants,Bubble tea store,+1 972-685-3980,"9100 N Central Expy #149, Dallas, TX 75231",Vickery Meadow,9100 N Central Expy #149,Dallas,75231,Texas,Texas,United States of America,US,32.8724348,-96.7688579,8926c866b93ffff,America/Chicago,,False,4.4,441,"https://search.google.com/local/reviews?placeid=ChIJsyh9PJWfToYRQ_lF2MfeVss&q=boba+tea,+75220,+Dallas,+TX,+US&authuser=0&hl=en&gl=US",,,28.0,12.0,21.0,61.0,319.0,555,https://lh3.googleusercontent.com/p/AF1QipMpSfA_hL2k93V71XTk5idNG3bZ2G40XD-EqXun=w800-h500-k-no,https://lh3.googleusercontent.com/p/AF1QipMpSfA_hL2k93V71XTk5idNG3bZ2G40XD-EqXun=w1600-h1000-k-no,,"{""Monday"": ""11AM-8:30PM"", ""Tuesday"": ""11AM-8:30PM"", ""Wednesday"": ""11AM-8:30PM"", ""Thursday"": ""11AM-8:30PM"", ""Friday"": ""11AM-8:30PM"", ""Saturday"": ""11AM-8:30PM"", ""Sunday"": ""11AM-8:30PM""}",Monday:11AM-8:30PM|Tuesday:11AM-8:30PM|Wednesday:11AM-8:30PM|Thursday:11AM-8:30PM|Friday:11AM-8:30PM|Saturday:11AM-8:30PM|Sunday:11AM-8:30PM,,,OPERATIONAL,"{""From the business"": {""Identifies as Asian-owned"": true}, ""Service options"": {""Delivery"": true, ""Takeout"": true, ""Dine-in"": true}, ""Highlights"": {""Great dessert"": true, ""Great tea selection"": true}, ""Popular for"": {""Lunch"": true, ""Dinner"": true, ""Solo dining"": true}, ""Accessibility"": {""Wheelchair accessible entrance"": true, ""Wheelchair accessible parking lot"": true, ""Wheelchair accessible restroom"": true, ""Wheelchair accessible seating"": true}, ""Offerings"": {""Coffee"": true, ""Comfort food"": true, ""Quick bite"": true, ""Small plates"": true}, ""Dining options"": {""Brunch"": true, ""Lunch"": true, ""Dinner"": true, ""Dessert"": true}, ""Amenities"": {""Restroom"": true}, ""Atmosphere"": {""Casual"": true, ""Cozy"": true, ""Trendy"": true}, ""Crowd"": {""College students"": true, ""Groups"": true, ""Tourists"": true}, ""Payments"": {""Credit cards"": true, ""NFC mobile payments"": true}, ""Children"": {""Good for kids"": true}, ""Parking"": {""Free parking lot"": true, ""Free street parking"": true, ""Parking"": true}, ""Other"": {""Identifies as Asian-owned"": true}}",$,,https://lh4.googleusercontent.com/-a2mauPy5D2U/AAAAAAAAAAI/AAAAAAAAAAA/gByhiLtyLpA/s44-p-k-no-ns-nd/photo.jpg,"Mall-based cafe offering Thai favorites, poke, sushi & rolled ice cream creations with bubble teas.",,True,100215360692076876827,Moom Muum,https://www.google.com/maps/contrib/100215360692076876827,,"https://www.google.com/viewer/chooseprovider?mid=/g/11f2wf3hbk&g2lbs=AAEPWCvMhYwQasU42zvbYV7bLVq1j4fuIF-kTTP4amJoQUNmiZ5r-JeFCEctzWmWs6m-8tbuZ5Xf14W0l1DBUOpKtBiKgbUAhA%3D%3D&hl=en-US&gl=us&fo_m=MfohQo559jFvMUOzJVpjPL1YMfZ3bInYwBDuMfaXTPp5KXh-&utm_source=tactile&gei=7MMDaLTEOv7h0PEP-oHwuQM&ei=7MMDaLTEOv7h0PEP-oHwuQM&fo_s=OA,SOE&opi=79508299&ebb=1&cs=0&foub=mcpp",,,"https://www.google.com/maps/place/Moom+Muum/@32.8724348,-96.7688579,14z/data=!4m8!1m2!2m1!1sMoom+Muum!3m4!1s0x864e9f953c7d28b3:0xcb56dec7d845f943!8m2!3d32.8724348!4d-96.7688579","https://www.google.com/maps/place/Moom+Muum/@32.8724348,-96.7688579,13.99z/data=!4m16!1m7!3m6!1s0x864e9f953c7d28b3:0xcb56dec7d845f943!2sMoom+Muum!8m2!3d32.8724348!4d-96.7688579!16s%2Fg%2F11ckvg1dmb!3m7!1s0x864e9f953c7d28b3:0xcb56dec7d845f943!8m2!3d32.8724348!4d-96.7688579!9m1!1b1!16s%2Fg%2F11ckvg1dmb?entry=ttu",ChIJsyh9PJWfToYRQ_lF2MfeVss,0x864e9f953c7d28b3:0xcb56dec7d845f943,14652143387604810051,/g/11f2wf3hbk,-3794600686104741565,,,,,,,,,,,,,,,,,,,,,,,,,,,,,,,,,,,,,,,,,,,,"MoomMuum | Experience the Taste of Thailand | 9100 N Central Expy ste 149, Dallas, TX 75231, USA",Wix.com Website Builder,"Welcome to Moom Muum, where the soul of Thailand comes alive through our culinary creations. Nestled in the heart of Dallas, we are more than just a Thai restaurant; we are an embodiment of Thai culture and a celebration of its vibrant flavors.",,False,False
"boba tea, 75220, Dallas, TX, US",JuJu's Coffee,Jujus Coffee,http://jujuscoffee.com/,"Coffee shop, Coffee roasters, Coffee store, Coffee wholesaler",coffee shops,Coffee shop,+1 806-676-5385,"6038 La Vista Dr, Dallas, TX 75206",Lower Greenville,6038 La Vista Dr,Dallas,75206,Texas,Texas,United States of America,US,32.812593299999996,-96.76218709999999,8926cb9326fffff,America/Chicago,,False,5.0,142,"https://search.google.com/local/reviews?placeid=ChIJgx8kXZ-fToYR22t4xhMnLyk&q=boba+tea,+75220,+Dallas,+TX,+US&authuser=0&hl=en&gl=US",,,0.0,1.0,1.0,1.0,139.0,94,https://lh3.googleusercontent.com/p/AF1QipO5Ol3KDYA87G_OQtJQSNVJNOyVL8uZfPpyuQIz=w800-h500-k-no,https://lh3.googleusercontent.com/p/AF1QipO5Ol3KDYA87G_OQtJQSNVJNOyVL8uZfPpyuQIz=w1600-h1000-k-no,,"{""Monday"": ""6AM-5PM"", ""Tuesday"": ""6AM-5PM"", ""Wednesday"": ""6AM-5PM"", ""Thursday"": ""6AM-5PM"", ""Friday"": ""6AM-5PM"", ""Saturday"": ""6AM-5PM"", ""Sunday"": ""Closed""}",Monday:6AM-5PM|Tuesday:6AM-5PM|Wednesday:6AM-5PM|Thursday:6AM-5PM|Friday:6AM-5PM|Saturday:6AM-5PM|Sunday:Closed,,,OPERATIONAL,"{""From the business"": {""Small business"": true}, ""Service options"": {""Takeout"": true, ""Dine-in"": true, ""Delivery"": false}, ""Highlights"": {""Great coffee"": true, ""Great tea selection"": true}, ""Popular for"": {""Solo dining"": true}, ""Accessibility"": {""Wheelchair accessible entrance"": true, ""Wheelchair accessible parking lot"": true}, ""Offerings"": {""Coffee"": true}, ""Dining options"": {""Dessert"": true}, ""Atmosphere"": {""Casual"": true, ""Cozy"": true, ""Trendy"": true}, ""Planning"": {""Accepts reservations"": false}, ""Payments"": {""Credit cards"": true, ""Debit cards"": true, ""NFC mobile payments"": true}, ""Parking"": {""Free street parking"": true}}",,,https://lh5.googleusercontent.com/-nV5BnmyH0jQ/AAAAAAAAAAI/AAAAAAAAAAA/S_eXbkXKoj8/s44-p-k-no-ns-nd/photo.jpg,,,True,105800897233160664490,JuJu's Coffee,https://www.google.com/maps/contrib/105800897233160664490,,,,,"https://www.google.com/maps/place/JuJu%27s+Coffee/@32.812593299999996,-96.76218709999999,14z/data=!4m8!1m2!2m1!1sJuJu%27s+Coffee!3m4!1s0x864e9f9f5d241f83:0x292f2713c6786bdb!8m2!3d32.812593299999996!4d-96.76218709999999","https://www.google.com/maps/place/JuJu%27s+Coffee/@32.812593299999996,-96.76218709999999,13.99z/data=!4m16!1m7!3m6!1s0x864e9f9f5d241f83:0x292f2713c6786bdb!2sJuJu%27s+Coffee!8m2!3d32.812593299999996!4d-96.76218709999999!16s%2Fg%2F11ckvg1dmb!3m7!1s0x864e9f9f5d241f83:0x292f2713c6786bdb!8m2!3d32.812593299999996!4d-96.76218709999999!9m1!1b1!16s%2Fg%2F11ckvg1dmb?entry=ttu",ChIJgx8kXZ-fToYR22t4xhMnLyk,0x864e9f9f5d241f83:0x292f2713c6786bdb,2967633645348088795,/g/11txzm5k71,2967633645348088795,,contact@jujuscoffee.com,RECEIVING,SMTP validated,,,,,,,,,,,,,,,,,,,,,,,,,,,,,,,,,,,,,,,,Home | JUJU'S COFFEE,Square Online,"Dallas Coffee Shop 
Dallas - Fort Worth Coffee Catering
DFW Coffee Trailer / Coffee Truck",,False,True
"boba tea, 75220, Dallas, TX, US",Fat Straws Boba & Mochi Donuts (Alpha & Noel),Fat Straws Boba And Mochi Donuts Alpha And Noel,https://fatstraws.com/,"Bubble tea store, Bakery, Cafe, Caterer, Coffee shop, Dessert shop, Donut shop, Juice shop, Snack bar, Tea house",Bubble tea store,Bubble tea store,+1 972-702-8181,"5301 Alpha Rd #38, Dallas, TX 75240",Dallas International District,5301 Alpha Rd #38,Dallas,75240,Texas,Texas,United States of America,US,32.933448399999996,-96.81694189999999,8926c866047ffff,America/Chicago,,False,4.4,439,"https://search.google.com/local/reviews?placeid=ChIJyXPn7N4gTIYRdyhSQJcFA9w&q=boba+tea,+75220,+Dallas,+TX,+US&authuser=0&hl=en&gl=US",,,22.0,10.0,27.0,75.0,305.0,263,https://lh3.googleusercontent.com/p/AF1QipPeAHBY_k-tyfwyebSQJCq1x_2OrxRwVCNd3qXX=w800-h500-k-no,https://lh3.googleusercontent.com/p/AF1QipPeAHBY_k-tyfwyebSQJCq1x_2OrxRwVCNd3qXX=w1600-h1000-k-no,,"{""Monday"": ""11AM-8PM"", ""Tuesday"": ""11AM-8PM"", ""Wednesday"": ""11AM-8PM"", ""Thursday"": ""11AM-8PM"", ""Friday"": ""11AM-9PM"", ""Saturday"": ""11AM-9PM"", ""Sunday"": ""Closed""}",Monday:11AM-8PM|Tuesday:11AM-8PM|Wednesday:11AM-8PM|Thursday:11AM-8PM|Friday:11AM-9PM|Saturday:11AM-9PM|Sunday:Closed,,,OPERATIONAL,"{""From the business"": {""Identifies as Asian-owned"": true, ""Identifies as women-owned"": true}, ""Service options"": {""Curbside pickup"": true, ""No-contact delivery"": true, ""Delivery"": true, ""Onsite services"": true, ""Takeout"": true, ""Dine-in"": true}, ""Highlights"": {""Great tea selection"": true}, ""Accessibility"": {""Wheelchair accessible entrance"": true, ""Wheelchair accessible parking lot"": true, ""Wheelchair accessible restroom"": true, ""Wheelchair accessible seating"": true}, ""Parking"": {""Free parking lot"": true, ""Free street parking"": true}, ""Other"": {""Identifies as women-owned"": true, ""Identifies as Asian-owned"": true}}",$,,https://lh6.googleusercontent.com/-vx7WyU-BMac/AAAAAAAAAAI/AAAAAAAAAAA/ZHyy8WU5xws/s44-p-k-no-ns-nd/photo.jpg,"Bubble teas in many flavors, smoothies & coffee drinks are served in an upbeat counter-serve cafe.",,True,103040344480726117555,Fat Straws Boba & Mochi Donuts,https://www.google.com/maps/contrib/103040344480726117555,,"https://www.google.com/viewer/chooseprovider?mid=/g/1v3_327n&g2lbs=AAEPWCsYwIePT9FOATporRCfK35AcvJNIk14XCe565YhIj95w20-jb92oycMNGBwwk8OpA4zEB9CD-RIQtZ4ikrcXmeQXO8GLQ%3D%3D&hl=en-US&gl=us&fo_m=MfohQo559jFvMUOzJVpjPL1YMfZ3bInYwBDuMfaXTPp5KXh-&utm_source=tactile&gei=7MMDaLTEOv7h0PEP-oHwuQM&ei=7MMDaLTEOv7h0PEP-oHwuQM&fo_s=OA,SOE&opi=79508299&ebb=1&cs=0&foub=mcpp",,,"https://www.google.com/maps/place/Fat+Straws+Boba+%26+Mochi+Donuts+%28Alpha+%26+Noel%29/@32.933448399999996,-96.81694189999999,14z/data=!4m8!1m2!2m1!1sFat+Straws+Boba+%26+Mochi+Donuts+%28Alpha+%26+Noel%29!3m4!1s0x864c20deece773c9:0xdc03059740522877!8m2!3d32.933448399999996!4d-96.81694189999999","https://www.google.com/maps/place/Fat+Straws+Boba+%26+Mochi+Donuts+%28Alpha+%26+Noel%29/@32.933448399999996,-96.81694189999999,13.99z/data=!4m16!1m7!3m6!1s0x864c20deece773c9:0xdc03059740522877!2sFat+Straws+Boba+%26+Mochi+Donuts+%28Alpha+%26+Noel%29!8m2!3d32.933448399999996!4d-96.81694189999999!16s%2Fg%2F11ckvg1dmb!3m7!1s0x864c20deece773c9:0xdc03059740522877!8m2!3d32.933448399999996!4d-96.81694189999999!9m1!1b1!16s%2Fg%2F11ckvg1dmb?entry=ttu",ChIJyXPn7N4gTIYRdyhSQJcFA9w,0x864c20deece773c9:0xdc03059740522877,15853521260451604599,/g/1v3_327n,-2593222813257947017,,axxxxe@fatstraws.com,INVALID,Cannot validate,,,,,,,,,,,,,,,,,,,,,,,,,https://www.facebook.com/fatstraws,https://www.instagram.com/fatstraws,,https://www.tiktok.com/@fatstraws,,,,,,,https://twitter.com/fatstraws,,,,,Delicious Bubble Tea and Mochi Donuts in Dallas: Fat Straws,Site Kit by Google 1.108.0,"Fat Straws Bubble Tea and Mochi Donuts. Each day we serve up boba drinks and fresh mochi donuts. Dallas, Arlington, Richardson, & Plano.",,False,True
"boba tea, 75220, Dallas, TX, US",Teavalley,Teavalley,http://www.teavalleyptx.com/,Bubble tea store,Bubble tea store,Bubble tea store,+1 214-440-2001,"3320 K Ave suite M118, Plano, TX 75074",None,3320 K Ave suite M118,Plano,75074,Texas,Texas,United States of America,US,33.0388952,-96.6967239,8926c839a03ffff,America/Chicago,,False,4.3,81,"https://search.google.com/local/reviews?placeid=ChIJjxMiDRsZTIYRsJ2N38gVfeI&q=boba+tea,+75220,+Dallas,+TX,+US&authuser=0&hl=en&gl=US",,,7.0,4.0,4.0,8.0,58.0,134,https://lh3.googleusercontent.com/p/AF1QipP2XZi7m65Eh6ZsL6A337n9IcSZSOr3tWDcYRmv=w800-h500-k-no,https://lh3.googleusercontent.com/p/AF1QipP2XZi7m65Eh6ZsL6A337n9IcSZSOr3tWDcYRmv=w1600-h1000-k-no,,"{""Monday"": ""11AM-9PM"", ""Tuesday"": ""11AM-9PM"", ""Wednesday"": ""11AM-9PM"", ""Thursday"": ""11AM-9PM"", ""Friday"": ""11AM-9PM"", ""Saturday"": ""11AM-9PM"", ""Sunday"": ""11AM-9PM""}",Monday:11AM-9PM|Tuesday:11AM-9PM|Wednesday:11AM-9PM|Thursday:11AM-9PM|Friday:11AM-9PM|Saturday:11AM-9PM|Sunday:11AM-9PM,,,OPERATIONAL,"{""From the business"": {""Identifies as Asian-owned"": true}, ""Service options"": {""Delivery"": true, ""Onsite services"": true, ""Takeout"": true, ""Dine-in"": true}, ""Highlights"": {""Great tea selection"": true}, ""Accessibility"": {""Wheelchair accessible entrance"": true, ""Wheelchair accessible parking lot"": true, ""Wheelchair accessible restroom"": true}, ""Crowd"": {""LGBTQ+ friendly"": true, ""Transgender safespace"": true}, ""Parking"": {""Free parking lot"": true}, ""Other"": {""LGBTQ+ friendly"": true, ""Identifies as Asian-owned"": true}}",$,,https://lh5.googleusercontent.com/-ZjRf9BWV-VY/AAAAAAAAAAI/AAAAAAAAAAA/-Bp8pSZpZtE/s44-p-k-no-ns-nd/photo.jpg,,,True,116889641730793963689,Teavalley,https://www.google.com/maps/contrib/116889641730793963689,,"https://www.google.com/viewer/chooseprovider?mid=/g/11scg2gvdg&g2lbs=AAEPWCvIJ6opZ35Dt7s_Jrq_CnI3VaXYGEED2boLIIFfxTNk0wbA2gnQR3UJ4SSGUK0DFjPXtrcB7G1jM3_cf3NLDocxY7AWOQ%3D%3D&hl=en-US&gl=us&fo_m=MfohQo559jFvMUOzJVpjPL1YMfZ3bInYwBDuMfaXTPp5KXh-&utm_source=tactile&gei=7MMDaLTEOv7h0PEP-oHwuQM&ei=7MMDaLTEOv7h0PEP-oHwuQM&fo_s=OA,SOE&opi=79508299&ebb=1&cs=0&foub=mcpp",,,"https://www.google.com/maps/place/Teavalley/@33.0388952,-96.6967239,14z/data=!4m8!1m2!2m1!1sTeavalley!3m4!1s0x864c191b0d22138f:0xe27d15c8df8d9db0!8m2!3d33.0388952!4d-96.6967239","https://www.google.com/maps/place/Teavalley/@33.0388952,-96.6967239,13.99z/data=!4m16!1m7!3m6!1s0x864c191b0d22138f:0xe27d15c8df8d9db0!2sTeavalley!8m2!3d33.0388952!4d-96.6967239!16s%2Fg%2F11ckvg1dmb!3m7!1s0x864c191b0d22138f:0xe27d15c8df8d9db0!8m2!3d33.0388952!4d-96.6967239!9m1!1b1!16s%2Fg%2F11ckvg1dmb?entry=ttu",ChIJjxMiDRsZTIYRsJ2N38gVfeI,0x864c191b0d22138f:0xe27d15c8df8d9db0,16320224577148788144,/g/11scg2gvdg,-2126519496560763472,,,,,,,,,,,,,,,,,,,,,,,,,,2144402001,,,,https://www.instagram.com/teavalley.us,,,,,,,,,,,,,,"TeaValley - Bubble Tea, Milk Tea in Plano, TX 75074",WordPress 6.8,,,False,False
"boba tea, 75220, Dallas, TX, US",Hyphen Space,Hyphen Space,https://hyphenspace.co/,"Cafe, Coworking space, Photography studio",cafes,Cafe,+1 469-209-9430,"4100 Commerce St #6, Dallas, TX 75226",South Dallas,4100 Commerce St #6,Dallas,75226,Texas,Texas,United States of America,US,32.783859299999996,-96.7676644,8926cb910c7ffff,America/Chicago,,False,4.9,36,"https://search.google.com/local/reviews?placeid=ChIJSbI3DzewimQR40EejpQdHew&q=boba+tea,+75220,+Dallas,+TX,+US&authuser=0&hl=en&gl=US",,,0.0,1.0,0.0,0.0,35.0,68,https://lh3.googleusercontent.com/p/AF1QipMNq266PYtp9KEw5jKATf_7yLKxT6aBvuUv4eBM=w800-h500-k-no,https://lh3.googleusercontent.com/p/AF1QipMNq266PYtp9KEw5jKATf_7yLKxT6aBvuUv4eBM=w1600-h1000-k-no,,"{""Monday"": ""Closed"", ""Tuesday"": ""9AM-7PM"", ""Wednesday"": ""9AM-7PM"", ""Thursday"": ""9AM-7PM"", ""Friday"": ""9AM-7PM"", ""Saturday"": ""9AM-7PM"", ""Sunday"": ""9AM-6PM""}",Monday:Closed|Tuesday:9AM-7PM|Wednesday:9AM-7PM|Thursday:9AM-7PM|Friday:9AM-7PM|Saturday:9AM-7PM|Sunday:9AM-6PM,,,OPERATIONAL,"{""From the business"": {""Identifies as Asian-owned"": true}, ""Service options"": {""Onsite services"": true, ""Takeout"": true, ""Dine-in"": true, ""Delivery"": false}, ""Highlights"": {""Great coffee"": true, ""Great tea selection"": true}, ""Accessibility"": {""Wheelchair accessible seating"": true}, ""Offerings"": {""Coffee"": true, ""Small plates"": true}, ""Dining options"": {""Seating"": true}, ""Amenities"": {""Gender-neutral restroom"": true, ""Restroom"": true}, ""Atmosphere"": {""Casual"": true, ""Cozy"": true, ""Trendy"": true}, ""Crowd"": {""Groups"": true, ""LGBTQ+ friendly"": true}, ""Planning"": {""Accepts reservations"": true}, ""Payments"": {""Credit cards"": true, ""Debit cards"": true, ""NFC mobile payments"": true}, ""Parking"": {""Free street parking"": true}, ""Other"": {""LGBTQ+ friendly"": true, ""Identifies as Asian-owned"": true}}",,,https://lh5.googleusercontent.com/-JQ57G92F2uY/AAAAAAAAAAI/AAAAAAAAAAA/W7S-jRfuHs8/s44-p-k-no-ns-nd/photo.jpg,,,True,100887013691507553885,Hyphen Space,https://www.google.com/maps/contrib/100887013691507553885,,https://www.hyphenspace.co/reservations,,"https://www.hyphenspace.co/reservations, https://www.peerspace.com/pages/listings/6785f14ced97ebb583d45ec6?rwg_token=AAiGsoah7xZ114mZGTqXpgws6QPu4FGBN2hNPUHTSC5Sn66qGUxRTrV6o9yrKsWW6FVe36sLfr37bWazVDfd8ViPVtevVO0kWXM1WZiGp0PYPG0DTRyXCk0%3D","https://www.google.com/maps/place/Hyphen+Space/@32.783859299999996,-96.7676644,14z/data=!4m8!1m2!2m1!1sHyphen+Space!3m4!1s0x648ab0370f37b249:0xec1d1d948e1e41e3!8m2!3d32.783859299999996!4d-96.7676644","https://www.google.com/maps/place/Hyphen+Space/@32.783859299999996,-96.7676644,13.99z/data=!4m16!1m7!3m6!1s0x648ab0370f37b249:0xec1d1d948e1e41e3!2sHyphen+Space!8m2!3d32.783859299999996!4d-96.7676644!16s%2Fg%2F11ckvg1dmb!3m7!1s0x648ab0370f37b249:0xec1d1d948e1e41e3!8m2!3d32.783859299999996!4d-96.7676644!9m1!1b1!16s%2Fg%2F11ckvg1dmb?entry=ttu",ChIJSbI3DzewimQR40EejpQdHew,0x648ab0370f37b249:0xec1d1d948e1e41e3,17013787491152314851,/g/11wmx755kx,-1432956582557236765,,info@hyphenspace.co,RECEIVING,Role,,,,,,,,,,,,,,,,,,,,,,,,,,https://instagram.com/hyphenspace_,,,,,,,,,,,,,,Hyphen Space - Creative Space - Cafe - Studio in Dallas Texas,,"Hyphen is a unique space where culture, creativity, and community thrive 
together. Our intention with hyphen space, cafe, and studio is to combine 
these 3 worlds of creative passion under 1 roof. We invite you, the missing 
element, to come visit us.",,False,False
"boba tea, 75220, Dallas, TX, US",Fruitealicious Boba Tea,Fruitealicious Boba Tea,http://www.fruitealicious.com/,"Bubble tea store, Tea house, Juice shop",Tea house,Bubble tea store,+1 972-245-3000,"2150 N Josey Ln Apt 100, Carrollton, TX 75006",Southwest Carrollton,2150 N Josey Ln Apt 100,Carrollton,75006,Texas,Texas,United States of America,US,32.97434,-96.8889968,8926c8629a3ffff,America/Chicago,,False,4.8,859,"https://search.google.com/local/reviews?placeid=ChIJzUplAXomTIYREwMyG28BwN8&q=boba+tea,+75220,+Dallas,+TX,+US&authuser=0&hl=en&gl=US",,,14.0,12.0,20.0,59.0,754.0,247,https://lh3.googleusercontent.com/p/AF1QipOrybkl-uoo3O8dNYJj0MWXe9_lKkApLdQQA9w_=w800-h500-k-no,https://lh3.googleusercontent.com/p/AF1QipOrybkl-uoo3O8dNYJj0MWXe9_lKkApLdQQA9w_=w1600-h1000-k-no,,"{""Monday"": ""11AM-9PM"", ""Tuesday"": ""11AM-9PM"", ""Wednesday"": ""11AM-9PM"", ""Thursday"": ""11AM-9PM"", ""Friday"": ""11AM-10PM"", ""Saturday"": ""11AM-10PM"", ""Sunday"": ""11AM-8PM""}",Monday:11AM-9PM|Tuesday:11AM-9PM|Wednesday:11AM-9PM|Thursday:11AM-9PM|Friday:11AM-10PM|Saturday:11AM-10PM|Sunday:11AM-8PM,,,OPERATIONAL,"{""Service options"": {""No-contact delivery"": true, ""Delivery"": true, ""Onsite services"": true, ""Takeout"": true, ""Dine-in"": true}, ""Highlights"": {""Great tea selection"": true}, ""Accessibility"": {""Wheelchair accessible entrance"": true, ""Wheelchair accessible parking lot"": true, ""Wheelchair accessible restroom"": true}}",$,,https://lh4.googleusercontent.com/-Hx0_PegExRY/AAAAAAAAAAI/AAAAAAAAAAA/iOxbpCvN78c/s44-p-k-no-ns-nd/photo.jpg,"Cafe with creative beverages such as bubble tea, fruit slushies, frozen hot chocolate & coffee.",,True,100096426608182294750,Fruitealicious Boba Tea,https://www.google.com/maps/contrib/100096426608182294750,,"https://www.google.com/viewer/chooseprovider?mid=/g/1tlgybpj&g2lbs=AAEPWCsIE7cHPHpQWRCm_qP7G9BZNkYquBexli8OXm9sBR4-qEhbCESAVq8YwDhVAfwmHSKH80pqBgXbuUAT6E39TXjBA41sHg%3D%3D&hl=en-US&gl=us&fo_m=MfohQo559jFvMUOzJVpjPL1YMfZ3bInYwBDuMfaXTPp5KXh-&utm_source=tactile&gei=7MMDaLTEOv7h0PEP-oHwuQM&ei=7MMDaLTEOv7h0PEP-oHwuQM&fo_s=OA,SOE&opi=79508299&ebb=1&cs=0&foub=mcpp",,,"https://www.google.com/maps/place/Fruitealicious+Boba+Tea/@32.97434,-96.8889968,14z/data=!4m8!1m2!2m1!1sFruitealicious+Boba+Tea!3m4!1s0x864c267a01654acd:0xdfc0016f1b320313!8m2!3d32.97434!4d-96.8889968","https://www.google.com/maps/place/Fruitealicious+Boba+Tea/@32.97434,-96.8889968,13.99z/data=!4m16!1m7!3m6!1s0x864c267a01654acd:0xdfc0016f1b320313!2sFruitealicious+Boba+Tea!8m2!3d32.97434!4d-96.8889968!16s%2Fg%2F11ckvg1dmb!3m7!1s0x864c267a01654acd:0xdfc0016f1b320313!8m2!3d32.97434!4d-96.8889968!9m1!1b1!16s%2Fg%2F11ckvg1dmb?entry=ttu",ChIJzUplAXomTIYREwMyG28BwN8,0x864c267a01654acd:0xdfc0016f1b320313,16122888242695635731,/g/1tlgybpj,-2323855831013915885,,info@fruitealicious.com,RECEIVING,SMTP validated,John Pei,John,Pei,Owner/President,12146181387,jonpei@gmail.com,RECEIVING,SMTP validated,Jon Pei,Jon,Pei,Owner And President,15169847946,meetcha.tea@gmail.com,RECEIVING,SMTP validated,Linda ?,Linda,?,,14698108760,19722453000,,,https://www.facebook.com/Fruitealicious,https://www.instagram.com/fruitealicious,,,,,,,,,https://twitter.com/Fruitealicious,,,,,Fruitealicious,,,,True,True
"boba tea, 75220, Dallas, TX, US",Boba Tea & Treats,Boba Tea And Treats,http://www.bobateatreats.com/,"Bubble tea store, Cafe, Dessert shop",Bubble tea store,Bubble tea store,+1 972-239-5544,"4135 Belt Line Rd, Addison, TX 75001",None,4135 Belt Line Rd,Addison,75001,Texas,Texas,United States of America,US,32.9548007,-96.8413502,8926c866653ffff,America/Chicago,,False,4.1,381,"https://search.google.com/local/reviews?placeid=ChIJjaelQ8kmTIYRwvtUMVfz3Ew&q=boba+tea,+75220,+Dallas,+TX,+US&authuser=0&hl=en&gl=US",,,40.0,17.0,29.0,61.0,234.0,288,https://lh3.googleusercontent.com/p/AF1QipNDt4VqENJI9wNo5zsFwkQCFhYD10n1WnXNdLRZ=w800-h500-k-no,https://lh3.googleusercontent.com/p/AF1QipNDt4VqENJI9wNo5zsFwkQCFhYD10n1WnXNdLRZ=w1600-h1000-k-no,,"{""Monday"": ""11AM-9PM"", ""Tuesday"": ""11AM-9PM"", ""Wednesday"": ""11AM-9PM"", ""Thursday"": ""11AM-9PM"", ""Friday"": ""11AM-10PM"", ""Saturday"": ""11AM-10PM"", ""Sunday"": ""12-9PM""}",Monday:11AM-9PM|Tuesday:11AM-9PM|Wednesday:11AM-9PM|Thursday:11AM-9PM|Friday:11AM-10PM|Saturday:11AM-10PM|Sunday:12-9PM,,,OPERATIONAL,"{""Service options"": {""Onsite services"": true, ""Takeout"": true, ""Dine-in"": true}, ""Highlights"": {""Great tea selection"": true}, ""Accessibility"": {""Wheelchair accessible entrance"": true, ""Wheelchair accessible parking lot"": true, ""Wheelchair accessible restroom"": true}, ""Parking"": {""Free parking lot"": true, ""Free street parking"": true}}",$,,,"Cheery, colorful pit stop turning out bubble, milk & fruit teas, smoothies & coffee.",,False,None,Boba Tea & Treats,,,"https://www.google.com/viewer/chooseprovider?mid=/g/11bvv5b8ns&g2lbs=AAEPWCvPT5IaRDoP4ShvNGaiR3SAWiqSCB3pQuNYyX0VaUaTzbhmgs7R0hgs8mQeANi6xYlGSdL3JSlx5QrdVLcxOdvWluQzzA%3D%3D&hl=en-US&gl=us&fo_m=MfohQo559jFvMUOzJVpjPL1YMfZ3bInYwBDuMfaXTPp5KXh-&utm_source=tactile&gei=7MMDaLTEOv7h0PEP-oHwuQM&ei=7MMDaLTEOv7h0PEP-oHwuQM&fo_s=OA,SOE&opi=79508299&ebb=1&cs=0&foub=mcpp",,,"https://www.google.com/maps/place/Boba+Tea+%26+Treats/@32.9548007,-96.8413502,14z/data=!4m8!1m2!2m1!1sBoba+Tea+%26+Treats!3m4!1s0x864c26c943a5a78d:0x4cdcf3573154fbc2!8m2!3d32.9548007!4d-96.8413502","https://www.google.com/maps/place/Boba+Tea+%26+Treats/@32.9548007,-96.8413502,13.99z/data=!4m16!1m7!3m6!1s0x864c26c943a5a78d:0x4cdcf3573154fbc2!2sBoba+Tea+%26+Treats!8m2!3d32.9548007!4d-96.8413502!16s%2Fg%2F11ckvg1dmb!3m7!1s0x864c26c943a5a78d:0x4cdcf3573154fbc2!8m2!3d32.9548007!4d-96.8413502!9m1!1b1!16s%2Fg%2F11ckvg1dmb?entry=ttu",ChIJjaelQ8kmTIYRwvtUMVfz3Ew,0x864c26c943a5a78d:0x4cdcf3573154fbc2,5538569197574224834,/g/11bvv5b8ns,5538569197574224834,,,,,,,,,,,,,,,,,,,,,,,,,,9722395544,,,https://www.facebook.com/BobateatreatsAddison,https://www.instagram.com/boba.teatreats,,,,,,,,,,,,,,Bubble tea | Boba drinks | Smoothies in Dallas – Boba Tea & Treats,WordPress 5.5.3,,,,
"boba tea, 76120, Fort Worth, TX, US",FENG CHA (South Fort Worth),Feng Cha South Fort Worth,http://www.fengchausa.com/,"Bubble tea store, Dessert shop, Tea house",Bubble tea store,Bubble tea store,+1 682-841-1188,"6235 Oakmont Blvd, Fort Worth, TX 76132",None,6235 Oakmont Blvd,Fort Worth,76132,Texas,Texas,United States of America,US,32.6620231,-97.40391269999999,8926cbd9887ffff,America/Chicago,,False,4.8,356,"https://search.google.com/local/reviews?placeid=ChIJT0Z-xJBtToYRNakvi1EMBDQ&q=boba+tea,+76120,+Fort+Worth,+TX,+US&authuser=0&hl=en&gl=US",,,4.0,3.0,5.0,19.0,325.0,360,https://lh3.googleusercontent.com/gps-cs-s/AB5caB_yjZtJswm6yYjnZJuIR-61IjHTL5ickXUxgZYgymz7EzseMdJto-fL7oSnscS8AYgYICuFBZ_lNzu6a9R7uzfrkLJwgRwH90WrN8zqUAg96xmDEEHNTBNp2aC7ido6SUY27aW_=w800-h500-k-no,https://lh3.googleusercontent.com/gps-cs-s/AB5caB_yjZtJswm6yYjnZJuIR-61IjHTL5ickXUxgZYgymz7EzseMdJto-fL7oSnscS8AYgYICuFBZ_lNzu6a9R7uzfrkLJwgRwH90WrN8zqUAg96xmDEEHNTBNp2aC7ido6SUY27aW_=w1600-h1000-k-no,,"{""Monday"": ""Closed"", ""Tuesday"": ""12-8PM"", ""Wednesday"": ""12-8PM"", ""Thursday"": ""12-8PM"", ""Friday"": ""12-8PM"", ""Saturday"": ""12-8PM"", ""Sunday"": ""12-8PM""}",Monday:Closed|Tuesday:12-8PM|Wednesday:12-8PM|Thursday:12-8PM|Friday:12-8PM|Saturday:12-8PM|Sunday:12-8PM,,,OPERATIONAL,"{""From the business"": {""Identifies as women-owned"": true}, ""Service options"": {""Delivery"": true, ""Takeout"": true, ""Dine-in"": true}, ""Highlights"": {""Great tea selection"": true}, ""Accessibility"": {""Wheelchair accessible entrance"": true, ""Wheelchair accessible parking lot"": true, ""Wheelchair accessible restroom"": true}, ""Other"": {""Identifies as women-owned"": true}}",$,,https://lh5.googleusercontent.com/-OFSmYnfrABs/AAAAAAAAAAI/AAAAAAAAAAA/zkRCWofdMbo/s44-p-k-no-ns-nd/photo.jpg,,,True,107957632139038260986,FENG CHA - South Fort Worth,https://www.google.com/maps/contrib/107957632139038260986,https://orders.hazlnut.com/menu/b/Feng%20Cha%20Teahouse/n/506/p/128/g/1545,"https://www.google.com/viewer/chooseprovider?mid=/g/11h63jm1ym&g2lbs=AAEPWCtkxyvjkyZaO-y7Cyy8N0ytrekWQBZTsvI32EzBFzD7C6mwkBp-3O6zBJUNozMK0KtB0t72_TXssQNAzDF0Dtuo8qX6Nw%3D%3D&hl=en-US&gl=us&fo_m=MfohQo559jFvMUOzJVpjPL1YMfZ3bInYwBDuMfaXTPp5KXh-&utm_source=tactile&gei=8cMDaOOnCOCk2roP0tzDmQo&ei=8cMDaOOnCOCk2roP0tzDmQo&fo_s=OA,SOE&opi=79508299&ebb=1&cs=0&foub=mcpp",,https://orders.hazlnut.com/menu/b/Feng%20Cha%20Teahouse/n/506/p/128/g/1545,"https://www.google.com/maps/place/FENG+CHA+-+South+Fort+Worth/@32.6620231,-97.40391269999999,14z/data=!4m8!1m2!2m1!1sFENG+CHA+-+South+Fort+Worth!3m4!1s0x864e6d90c47e464f:0x34040c518b2fa935!8m2!3d32.6620231!4d-97.40391269999999","https://www.google.com/maps/place/FENG+CHA+-+South+Fort+Worth/@32.6620231,-97.40391269999999,13.99z/data=!4m16!1m7!3m6!1s0x864e6d90c47e464f:0x34040c518b2fa935!2sFENG+CHA+-+South+Fort+Worth!8m2!3d32.6620231!4d-97.40391269999999!16s%2Fg%2F11ckvg1dmb!3m7!1s0x864e6d90c47e464f:0x34040c518b2fa935!8m2!3d32.6620231!4d-97.40391269999999!9m1!1b1!16s%2Fg%2F11ckvg1dmb?entry=ttu",ChIJT0Z-xJBtToYRNakvi1EMBDQ,0x864e6d90c47e464f:0x34040c518b2fa935,3748134334246136117,/g/11h63jm1ym,3748134334246136117,,rxx@fengchausa.com,INVALID,Cannot validate,,,,,,pxx@fengchausa.com,INVALID,Cannot validate,,,,,,exx@fengchausa.com,INVALID,Cannot validate,,,,,,14252824087,18178831888,14056765033,https://www.facebook.com/114541508221696,,,,,,,,,,,,,,,ORDER | FENG CHA,Wix.com Website Builder,"Our passion for making tea extends far beyond our drinks. We are happy to see people of different backgrounds coming to Feng Cha to chat, hang out, study and work. We are thankful for each everyone's support and will continue working hard to provide a unique and cozy teahouse experience.",,False,False
"boba tea, 76120, Fort Worth, TX, US",1102 Bubble Tea & Coffee (Fort Worth),1102 Bubble Tea And Coffee Fort Worth,http://www.1102usa.com/,"Bubble tea store, Coffee shop, Dessert shop",Bubble tea store,Bubble tea store,+1 817-732-1102,"3204 Winthrop Ave, Fort Worth, TX 76116",Ridglea North,3204 Winthrop Ave,Fort Worth,76116,Texas,Texas,United States of America,US,32.7295364,-97.41538039999999,8926cbdb327ffff,America/Chicago,,False,3.6,263,"https://search.google.com/local/reviews?placeid=ChIJbaMvsE1zToYRYEDq089B-0g&q=boba+tea,+76120,+Fort+Worth,+TX,+US&authuser=0&hl=en&gl=US",,,52.0,26.0,23.0,24.0,138.0,204,https://lh3.googleusercontent.com/p/AF1QipOs6NMtgErlbvAtRpWsEZ7nwErfGlUkJ7GzXwk_=w800-h500-k-no,https://lh3.googleusercontent.com/p/AF1QipOs6NMtgErlbvAtRpWsEZ7nwErfGlUkJ7GzXwk_=w1600-h1000-k-no,,"{""Monday"": ""11AM-9PM"", ""Tuesday"": ""11AM-9PM"", ""Wednesday"": ""11AM-9PM"", ""Thursday"": ""11AM-9PM"", ""Friday"": ""11AM-9PM"", ""Saturday"": ""11AM-9PM"", ""Sunday"": ""12-9PM""}",Monday:11AM-9PM|Tuesday:11AM-9PM|Wednesday:11AM-9PM|Thursday:11AM-9PM|Friday:11AM-9PM|Saturday:11AM-9PM|Sunday:12-9PM,,,OPERATIONAL,"{""Service options"": {""Delivery"": true, ""Onsite services"": true, ""Takeout"": true, ""Dine-in"": true}, ""Highlights"": {""Great tea selection"": true}, ""Accessibility"": {""Wheelchair accessible entrance"": true, ""Wheelchair accessible parking lot"": true, ""Wheelchair accessible restroom"": true}, ""Amenities"": {""Gender-neutral restroom"": true}, ""Crowd"": {""LGBTQ+ friendly"": true}, ""Parking"": {""Free parking lot"": true, ""Free street parking"": true}, ""Other"": {""LGBTQ+ friendly"": true}}",$,,https://lh5.googleusercontent.com/-bJPWUhwtOmU/AAAAAAAAAAI/AAAAAAAAAAA/mRAHk1l9kL0/s44-p-k-no-ns-nd/photo.jpg,,,True,106807494649056463560,1102 Bubble Tea & Coffee Fort Worth,https://www.google.com/maps/contrib/106807494649056463560,,"https://www.google.com/viewer/chooseprovider?mid=/g/11h23_9ld4&g2lbs=AAEPWCsh1xHzhnElO6bYvZSlzmWULcdQXkymFNeLcXcx_1Bd5x_-70Hd0F-V4GTEYoodxbmgOO2w2sFqXTxjiJ-yMo4Sg9DUjg%3D%3D&hl=en-US&gl=us&fo_m=MfohQo559jFvMUOzJVpjPL1YMfZ3bInYwBDuMfaXTPp5KXh-&utm_source=tactile&gei=8cMDaOOnCOCk2roP0tzDmQo&ei=8cMDaOOnCOCk2roP0tzDmQo&fo_s=OA,SOE&opi=79508299&ebb=1&cs=0&foub=mcpp",,,"https://www.google.com/maps/place/1102+Bubble+Tea+%26+Coffee+Fort+Worth/@32.7295364,-97.41538039999999,14z/data=!4m8!1m2!2m1!1s1102+Bubble+Tea+%26+Coffee+Fort+Worth!3m4!1s0x864e734db02fa36d:0x48fb41cfd3ea4060!8m2!3d32.7295364!4d-97.41538039999999","https://www.google.com/maps/place/1102+Bubble+Tea+%26+Coffee+Fort+Worth/@32.7295364,-97.41538039999999,13.99z/data=!4m16!1m7!3m6!1s0x864e734db02fa36d:0x48fb41cfd3ea4060!2s1102+Bubble+Tea+%26+Coffee+Fort+Worth!8m2!3d32.7295364!4d-97.41538039999999!16s%2Fg%2F11ckvg1dmb!3m7!1s0x864e734db02fa36d:0x48fb41cfd3ea4060!8m2!3d32.7295364!4d-97.41538039999999!9m1!1b1!16s%2Fg%2F11ckvg1dmb?entry=ttu",ChIJbaMvsE1zToYRYEDq089B-0g,0x864e734db02fa36d:0x48fb41cfd3ea4060,5258869350754566240,/g/11h23_9ld4,5258869350754566240,,1102teaandbites@gmail.com,RECEIVING,SMTP validated,,,,,,,,,,,,,,,,,,,,,,16822524062,,,https://www.facebook.com/1102bubbleteaandbites/,,,,,,,,,,,,,,,"1102 Bubble Tea & Coffee │ Arlington, Texas",WordPress 5.1.1,"1102 Bubble Tea & Coffee is your neighborhood tea shop in the cities of Arlington, Waco, and Fort Worth, Texas, serving beverages bursting with flavors.","1102 Bubble Tea & Coffee,1102 Bubble Tea & Coffee in Arlington,1102 Bubble Tea & Coffee in Texas,Tea,Milk Tea,Matcha,Green Tea,Bubble Tea,Smoothies,Tea Arlington,Milk Tea Arlington,Matcha Arlington,Green Tea Arlington,Bubble Tea Arlington,Smoothies Arlington,Tea Texas,Milk Tea Texas,Matcha Texas,Green Tea Texas,Bubble Tea Texas,Smoothies Texas,Tea in Waco,Milk Tea in Waco,Matcha in Waco,Green Tea in Waco,Bubble Tea in Waco,Smoothies in Waco,Tea in Fort Worth,Milk Tea in Fort Worth,Matcha in Fort Worth,Green Tea in Fort Worth,Bubble Tea in Fort Worth,Smoothies in Fort Worth,Tea in TX,Milk Tea in TX,Matcha in TX,Green Tea in TX,Bubble Tea in TX,Smoothies in TX",,
"boba tea, 76120, Fort Worth, TX, US",Noodles Boba Tea House,Noodles @ Boba Tea House,http://noodlesbth.com/,"Tea house, Asian fusion restaurant, Vietnamese restaurant",restaurants,Tea house,+1 817-234-9996,"7355 N Beach St, Fort Worth, TX 76137",Summerfields,7355 N Beach St,Fort Worth,76137,Texas,Texas,United States of America,US,32.8718327,-97.29133569999999,8926caa6843ffff,America/Chicago,,False,4.3,1820,"https://search.google.com/local/reviews?placeid=ChIJS9F793PYTYYRzN1yDVGd8b0&q=boba+tea,+76120,+Fort+Worth,+TX,+US&authuser=0&hl=en&gl=US",,,137.0,67.0,133.0,332.0,1151.0,655,https://lh3.googleusercontent.com/gps-cs-s/AB5caB9SsTQszbj33eA1-AIPb3DYn3Ka6P_bofPfeu_tncYSWcYDRo0Jg4Ba9IDB9wfURrx4k7WSvyU4Z3S8N7FivXDMC9ApzBvE4QgwRkadBY2JPsVFKsWNuy6rwwp9vJVssOJhFrCQGg=w800-h500-k-no,https://lh3.googleusercontent.com/gps-cs-s/AB5caB9SsTQszbj33eA1-AIPb3DYn3Ka6P_bofPfeu_tncYSWcYDRo0Jg4Ba9IDB9wfURrx4k7WSvyU4Z3S8N7FivXDMC9ApzBvE4QgwRkadBY2JPsVFKsWNuy6rwwp9vJVssOJhFrCQGg=w1600-h1000-k-no,,"{""Monday"": ""10:30AM-9PM"", ""Tuesday"": ""10:30AM-9PM"", ""Wednesday"": ""10:30AM-9PM"", ""Thursday"": ""10:30AM-9PM"", ""Friday"": ""10:30AM-10PM"", ""Saturday"": ""10:30AM-10PM"", ""Sunday"": ""11:30AM-9PM""}",Monday:10:30AM-9PM|Tuesday:10:30AM-9PM|Wednesday:10:30AM-9PM|Thursday:10:30AM-9PM|Friday:10:30AM-10PM|Saturday:10:30AM-10PM|Sunday:11:30AM-9PM,,,OPERATIONAL,"{""Service options"": {""Curbside pickup"": true, ""Delivery"": true, ""Onsite services"": true, ""Takeout"": true, ""Dine-in"": true}, ""Highlights"": {""Great coffee"": true, ""Great tea selection"": true}, ""Popular for"": {""Lunch"": true, ""Dinner"": true, ""Solo dining"": true}, ""Accessibility"": {""Wheelchair accessible entrance"": true, ""Wheelchair accessible parking lot"": true, ""Wheelchair accessible restroom"": true, ""Wheelchair accessible seating"": true}, ""Offerings"": {""Coffee"": true, ""Comfort food"": true, ""Healthy options"": true, ""Quick bite"": true, ""Small plates"": true, ""Vegan options"": true, ""Vegetarian options"": true}, ""Dining options"": {""Lunch"": true, ""Dinner"": true, ""Dessert"": true, ""Seating"": true}, ""Amenities"": {""Restroom"": true}, ""Atmosphere"": {""Casual"": true, ""Cozy"": true, ""Trendy"": true}, ""Crowd"": {""College students"": true, ""Groups"": true, ""Tourists"": true}, ""Planning"": {""Accepts reservations"": false}, ""Payments"": {""Credit cards"": true, ""Debit cards"": true, ""NFC mobile payments"": true}, ""Children"": {""Good for kids"": true, ""High chairs"": true, ""Kids' menu"": true}, ""Parking"": {""Free parking lot"": true, ""Free street parking"": true, ""Parking"": true}}",$$,,https://lh6.googleusercontent.com/-5PAs2_k8mjo/AAAAAAAAAAI/AAAAAAAAAAA/TPMv0lI1WPk/s44-p-k-no-ns-nd/photo.jpg,"Pho, bun & boba meet sushi & some Korean dishes at this Vietnamese cafe with a playful tree mural.",,True,116560723028715926258,Noodles @ Boba Tea House,https://www.google.com/maps/contrib/116560723028715926258,,"https://www.google.com/viewer/chooseprovider?mid=/g/1tjv3xyv&g2lbs=AAEPWCtbUfEf0tRitq_gkySKgpbloowBp6BU8TuiKLN09zpMV4hY41shKnFzo683UA80NK101ZxN0q_5Ea9xRFva9d0FQmhMAg%3D%3D&hl=en-US&gl=us&fo_m=MfohQo559jFvMUOzJVpjPL1YMfZ3bInYwBDuMfaXTPp5KXh-&utm_source=tactile&gei=8cMDaOOnCOCk2roP0tzDmQo&ei=8cMDaOOnCOCk2roP0tzDmQo&fo_s=OA,SOE&opi=79508299&ebb=1&cs=0&foub=mcpp",,,"https://www.google.com/maps/place/Noodles+%40+Boba+Tea+House/@32.8718327,-97.29133569999999,14z/data=!4m8!1m2!2m1!1sNoodles+%40+Boba+Tea+House!3m4!1s0x864dd873f77bd14b:0xbdf19d510d72ddcc!8m2!3d32.8718327!4d-97.29133569999999","https://www.google.com/maps/place/Noodles+%40+Boba+Tea+House/@32.8718327,-97.29133569999999,13.99z/data=!4m16!1m7!3m6!1s0x864dd873f77bd14b:0xbdf19d510d72ddcc!2sNoodles+%40+Boba+Tea+House!8m2!3d32.8718327!4d-97.29133569999999!16s%2Fg%2F11ckvg1dmb!3m7!1s0x864dd873f77bd14b:0xbdf19d510d72ddcc!8m2!3d32.8718327!4d-97.29133569999999!9m1!1b1!16s%2Fg%2F11ckvg1dmb?entry=ttu",ChIJS9F793PYTYYRzN1yDVGd8b0,0x864dd873f77bd14b:0xbdf19d510d72ddcc,13686893713999191500,/g/1tjv3xyv,-4759850359710360116,,k.bu@noodlesbth.com,INVALID,Invalid SMTP,Kim Bu,Kim,Bu,,,micah@micahrich.com,RECEIVING,Catch All,,,,,,noodlesbth101@gmail.com,RECEIVING,SMTP validated,,,,,,8172349996,,,https://www.facebook.com/noodlesatboba,https://www.instagram.com/noodles.bth,,,,,,,,,,,,,,Authentic Noodle House | Savor Vietnamese Cuisines,Starfield Technologies; Go Daddy Website Builder 8.0.0000,"Experience the best noodle house in town, serving authentic Vietnamese cuisines and delicious boba tea. Also check out our sushi and spring rolls bar. Join us for a flavorful journey today!",,False,False
"boba tea, 76120, Fort Worth, TX, US",Rams Boba,Rams Boba,https://ramsbobatea.com/,"Bubble tea store, Cafe",Bubble tea store,Bubble tea store,+1 682-308-5119,"5612 McCart Ave, Fort Worth, TX 76133",South Hills South,5612 McCart Ave,Fort Worth,76133,Texas,Texas,United States of America,US,32.6622102,-97.35640339999999,8926cbd8e2fffff,America/Chicago,,False,4.8,69,"https://search.google.com/local/reviews?placeid=ChIJfyWoXlptToYRvvOgC_XiBIo&q=boba+tea,+76120,+Fort+Worth,+TX,+US&authuser=0&hl=en&gl=US",,,2.0,1.0,0.0,3.0,63.0,92,https://lh3.googleusercontent.com/p/AF1QipP_zpNEr6XFUnMkdF2PP2Qu2ghxbhXt-FgLCBbf=w800-h500-k-no,https://lh3.googleusercontent.com/p/AF1QipP_zpNEr6XFUnMkdF2PP2Qu2ghxbhXt-FgLCBbf=w1600-h1000-k-no,,"{""Monday"": ""12-8PM"", ""Tuesday"": ""Closed"", ""Wednesday"": ""12-8PM"", ""Thursday"": ""12-8PM"", ""Friday"": ""12-8PM"", ""Saturday"": ""12-8PM"", ""Sunday"": ""12-6PM""}",Monday:12-8PM|Tuesday:Closed|Wednesday:12-8PM|Thursday:12-8PM|Friday:12-8PM|Saturday:12-8PM|Sunday:12-6PM,,,OPERATIONAL,"{""From the business"": {""Identifies as Latino-owned"": true}, ""Service options"": {""Onsite services"": true, ""Dine-in"": true, ""Delivery"": false}, ""Highlights"": {""Great tea selection"": true}, ""Accessibility"": {""Assistive hearing loop"": false, ""Wheelchair accessible entrance"": false, ""Wheelchair accessible parking lot"": false, ""Wheelchair accessible restroom"": false, ""Wheelchair accessible seating"": false}, ""Parking"": {""Free parking lot"": true, ""Free street parking"": true}, ""Other"": {""Identifies as Latino-owned"": true}}",,,https://lh5.googleusercontent.com/-Hve_iJT3X10/AAAAAAAAAAI/AAAAAAAAAAA/mhbpHySXgqU/s44-p-k-no-ns-nd/photo.jpg,,,True,107036243833962266384,Rams Boba,https://www.google.com/maps/contrib/107036243833962266384,,"https://www.google.com/viewer/chooseprovider?mid=/g/11v5t9nf3f&g2lbs=AAEPWCs932zNwM1aKdpl2sBF2uqVlSAJWUBPg21EMeOUUKWrOCjnaItvfXGtgmBPJMGMIsbtuqSe5kxxtQqdpbxl3xdxqbhl9Q%3D%3D&hl=en-US&gl=us&fo_m=MfohQo559jFvMUOzJVpjPL1YMfZ3bInYwBDuMfaXTPp5KXh-&utm_source=tactile&gei=8cMDaOOnCOCk2roP0tzDmQo&ei=8cMDaOOnCOCk2roP0tzDmQo&fo_s=OA,SOE&opi=79508299&ebb=1&cs=0&foub=mcpp",,,"https://www.google.com/maps/place/Rams+Boba/@32.6622102,-97.35640339999999,14z/data=!4m8!1m2!2m1!1sRams+Boba!3m4!1s0x864e6d5a5ea8257f:0x8a04e2f50ba0f3be!8m2!3d32.6622102!4d-97.35640339999999","https://www.google.com/maps/place/Rams+Boba/@32.6622102,-97.35640339999999,13.99z/data=!4m16!1m7!3m6!1s0x864e6d5a5ea8257f:0x8a04e2f50ba0f3be!2sRams+Boba!8m2!3d32.6622102!4d-97.35640339999999!16s%2Fg%2F11ckvg1dmb!3m7!1s0x864e6d5a5ea8257f:0x8a04e2f50ba0f3be!8m2!3d32.6622102!4d-97.35640339999999!9m1!1b1!16s%2Fg%2F11ckvg1dmb?entry=ttu",ChIJfyWoXlptToYRvvOgC_XiBIo,0x864e6d5a5ea8257f:0x8a04e2f50ba0f3be,9945323419230860222,/g/11v5t9nf3f,-8501420654478691394,,ramirezsosaenterprisesllc@gmail.com,RECEIVING,SMTP validated,,,,,,,,,,,,,,,,,,,,,,,,,,https://www.instagram.com/ramsboba,,,,,,,,,,,,,,Home - Rams boba tea,WordPress 6.3.3,,,False,True
"boba tea, 76120, Fort Worth, TX, US",Daboba,Daboba,https://www.daboba.us/,"Bubble tea store, Cafe, Food and beverage consultant",Bubble tea store,Bubble tea store,+1 682-362-7036,"9140 N Fwy, Fort Worth, TX 76177",None,9140 N Fwy,Fort Worth,76177,Texas,Texas,United States of America,US,32.904905299999996,-97.3140663,8926caa63b3ffff,America/Chicago,,False,4.4,135,"https://search.google.com/local/reviews?placeid=ChIJZb2ZF4HZTYYR-7oiDaYjleM&q=boba+tea,+76120,+Fort+Worth,+TX,+US&authuser=0&hl=en&gl=US",,,10.0,7.0,5.0,7.0,106.0,127,https://lh3.googleusercontent.com/gps-cs-s/AB5caB9Q331kHyUKey3IsjE7JmCoRn35M4bFCAGMD3lET99pCQ00T6WS-PTGtf29ke-wCG42hLOeG5B3IWGvbGnsm3ax3cvl7n8xle-XTSkjhA868gnqUV-wEWahFXcxuN-I98fEWEQ2=w800-h500-k-no,https://lh3.googleusercontent.com/gps-cs-s/AB5caB9Q331kHyUKey3IsjE7JmCoRn35M4bFCAGMD3lET99pCQ00T6WS-PTGtf29ke-wCG42hLOeG5B3IWGvbGnsm3ax3cvl7n8xle-XTSkjhA868gnqUV-wEWahFXcxuN-I98fEWEQ2=w1600-h1000-k-no,,"{""Monday"": ""11AM-9PM"", ""Tuesday"": ""11AM-9PM"", ""Wednesday"": ""11AM-9PM"", ""Thursday"": ""11AM-9PM"", ""Friday"": ""11AM-10PM"", ""Saturday"": ""11AM-10PM"", ""Sunday"": ""11AM-9PM""}",Monday:11AM-9PM|Tuesday:11AM-9PM|Wednesday:11AM-9PM|Thursday:11AM-9PM|Friday:11AM-10PM|Saturday:11AM-10PM|Sunday:11AM-9PM,"[{""happy_hours"": {""Monday"": ""1-3 PM"", ""Tuesday"": ""1-3 PM"", ""Wednesday"": ""1-3 PM"", ""Thursday"": ""1-3 PM"", ""Friday"": ""1-3 PM"", ""Saturday"": ""1-3 PM"", ""Sunday"": ""1-3 PM""}}]",,OPERATIONAL,"{""Service options"": {""Dine-in"": true}, ""Highlights"": {""Great tea selection"": true}, ""Accessibility"": {""Wheelchair accessible entrance"": true, ""Wheelchair accessible parking lot"": true}, ""Parking"": {""Free parking lot"": true, ""Free street parking"": true}}",,,https://lh4.googleusercontent.com/-EBVgExlUKlw/AAAAAAAAAAI/AAAAAAAAAAA/ZhguZROaaQM/s44-p-k-no-ns-nd/photo.jpg,,,True,100819205169001204285,Daboba,https://www.google.com/maps/contrib/100819205169001204285,,,,,"https://www.google.com/maps/place/Daboba/@32.904905299999996,-97.3140663,14z/data=!4m8!1m2!2m1!1sDaboba!3m4!1s0x864dd9811799bd65:0xe39523a60d22bafb!8m2!3d32.904905299999996!4d-97.3140663","https://www.google.com/maps/place/Daboba/@32.904905299999996,-97.3140663,13.99z/data=!4m16!1m7!3m6!1s0x864dd9811799bd65:0xe39523a60d22bafb!2sDaboba!8m2!3d32.904905299999996!4d-97.3140663!16s%2Fg%2F11ckvg1dmb!3m7!1s0x864dd9811799bd65:0xe39523a60d22bafb!8m2!3d32.904905299999996!4d-97.3140663!9m1!1b1!16s%2Fg%2F11ckvg1dmb?entry=ttu",ChIJZb2ZF4HZTYYR-7oiDaYjleM,0x864dd9811799bd65:0xe39523a60d22bafb,16399052814231452411,/g/11sjbxs3gj,-2047691259478099205,,,,,,,,,,,,,,,,,,,,,,,,,,,,,,,,,,,,,,,,,,,,Home | Daboba USA,Wix.com Website Builder,,,False,False
"boba tea, 76120, Fort Worth, TX, US",BOBO Bites,Bobo Bites,https://eatbobobites.com/,"Bubble tea store, Coffee shop, Dessert shop",Bubble tea store,Bubble tea store,+1 682-587-4503,"4201 W Green Oaks Blvd Unit 416, Arlington, TX 76016",West Arlington,4201 W Green Oaks Blvd Unit 416,Arlington,76016,Texas,Texas,United States of America,US,32.6806038,-97.1957067,8926cbc2473ffff,America/Chicago,,False,4.6,146,"https://search.google.com/local/reviews?placeid=ChIJoySj7E1lToYRyVobCbikq-Y&q=boba+tea,+76120,+Fort+Worth,+TX,+US&authuser=0&hl=en&gl=US",,,8.0,4.0,4.0,7.0,123.0,431,https://lh3.googleusercontent.com/gps-cs-s/AB5caB89v7N9IxHl-Q173yd2byjFg5akKcaqgv6mgvgyI9lOuzt4a3Tv1nuwRS5YDWjBbzhDw80Lrv7Yo4FtH4ddZaG00dciyXR0DxsafXvSl5K8JNOOIJ__AB_0mHQs04FrLoWXK9wV=w800-h500-k-no,https://lh3.googleusercontent.com/gps-cs-s/AB5caB89v7N9IxHl-Q173yd2byjFg5akKcaqgv6mgvgyI9lOuzt4a3Tv1nuwRS5YDWjBbzhDw80Lrv7Yo4FtH4ddZaG00dciyXR0DxsafXvSl5K8JNOOIJ__AB_0mHQs04FrLoWXK9wV=w1600-h1000-k-no,,"{""Monday"": ""10AM-9PM"", ""Tuesday"": ""10AM-9PM"", ""Wednesday"": ""10AM-9PM"", ""Thursday"": ""10AM-9PM"", ""Friday"": ""10AM-9PM"", ""Saturday"": ""10AM-9PM"", ""Sunday"": ""10AM-8PM""}",Monday:10AM-9PM|Tuesday:10AM-9PM|Wednesday:10AM-9PM|Thursday:10AM-9PM|Friday:10AM-9PM|Saturday:10AM-9PM|Sunday:10AM-8PM,,,OPERATIONAL,"{""Service options"": {""Takeout"": true, ""Dine-in"": true, ""Delivery"": false}, ""Highlights"": {""Great tea selection"": true}, ""Accessibility"": {""Wheelchair accessible entrance"": true, ""Wheelchair accessible parking lot"": true, ""Wheelchair accessible seating"": true}, ""Crowd"": {""LGBTQ+ friendly"": true, ""Transgender safespace"": true}, ""Parking"": {""Free parking lot"": true, ""Free street parking"": true}, ""Other"": {""LGBTQ+ friendly"": true}}",$,,https://lh3.googleusercontent.com/--fk8Eex8zps/AAAAAAAAAAI/AAAAAAAAAAA/pIXU6ctn_YU/s44-p-k-no-ns-nd/photo.jpg,,,True,108208910137920489940,BOBO Bites,https://www.google.com/maps/contrib/108208910137920489940,,,,,"https://www.google.com/maps/place/BOBO+Bites/@32.6806038,-97.1957067,14z/data=!4m8!1m2!2m1!1sBOBO+Bites!3m4!1s0x864e654deca324a3:0xe6aba4b8091b5ac9!8m2!3d32.6806038!4d-97.1957067","https://www.google.com/maps/place/BOBO+Bites/@32.6806038,-97.1957067,13.99z/data=!4m16!1m7!3m6!1s0x864e654deca324a3:0xe6aba4b8091b5ac9!2sBOBO+Bites!8m2!3d32.6806038!4d-97.1957067!16s%2Fg%2F11ckvg1dmb!3m7!1s0x864e654deca324a3:0xe6aba4b8091b5ac9!8m2!3d32.6806038!4d-97.1957067!9m1!1b1!16s%2Fg%2F11ckvg1dmb?entry=ttu",ChIJoySj7E1lToYRyVobCbikq-Y,0x864e654deca324a3:0xe6aba4b8091b5ac9,16621559960074672841,/g/11v9v_c9x6,-1825184113634878775,,eatbobobites@gmail.com,RECEIVING,SMTP validated,,,,,,,,,,,,,,,,,,,,,,,,,https://www.facebook.com/WordPresscom,https://instagram.com/eatbobobites,,,,,,,,,,,,,,"BOBO Bites – Coffee, Milk Tea, Fruit Tea, Smoothie, Mochi",WordPress.com,"ABOUT US Welcome Biters! People always say that everything happens for a reason. That there is a silver lining in every thunderstorm. Four years ago, four women from four different backgrounds found each other under the difficult circumstances of the pandemic. A time where the world stopped, but out dreams continued. We shared a desire…",,False,False
"boba tea, 76120, Fort Worth, TX, US",Kung Fu Tea,Kung Fu Tea,https://kungfutea.com/,"Bubble tea store, Beverage distributor, Cafe, Chicken wings restaurant, Fast food restaurant",Bubble tea store,Bubble tea store,+1 682-250-3113,"4946 Overton Ridge Blvd, Fort Worth, TX 76132",None,4946 Overton Ridge Blvd,Fort Worth,76132,Texas,Texas,United States of America,US,32.677172899999995,-97.40179359999999,8926cbd9cabffff,America/Chicago,,False,4.4,637,"https://search.google.com/local/reviews?placeid=ChIJHSKfSXxtToYR-NZhxx8vi60&q=boba+tea,+76120,+Fort+Worth,+TX,+US&authuser=0&hl=en&gl=US",,,44.0,14.0,33.0,95.0,451.0,463,https://lh3.googleusercontent.com/gps-cs-s/AB5caB89ktujwx7NKLswTNNt7IO8T-FSfcA4b8UcAn-yp8K9ZtDVhfDRk3RddSO9LCtVTL-WO1Ula8Kl5q12J1gwNctqweoRQTlJBZ7Jt9IyT8BOOtnIPGAdn8osm4AOoNajnOAP9MU=w800-h500-k-no,https://lh3.googleusercontent.com/gps-cs-s/AB5caB89ktujwx7NKLswTNNt7IO8T-FSfcA4b8UcAn-yp8K9ZtDVhfDRk3RddSO9LCtVTL-WO1Ula8Kl5q12J1gwNctqweoRQTlJBZ7Jt9IyT8BOOtnIPGAdn8osm4AOoNajnOAP9MU=w1600-h1000-k-no,,"{""Monday"": ""11:30AM-9PM"", ""Tuesday"": ""11:30AM-9PM"", ""Wednesday"": ""11:30AM-9PM"", ""Thursday"": ""11:30AM-9PM"", ""Friday"": ""11:30AM-9PM"", ""Saturday"": ""11:30AM-9PM"", ""Sunday"": ""11:30AM-9PM""}",Monday:11:30AM-9PM|Tuesday:11:30AM-9PM|Wednesday:11:30AM-9PM|Thursday:11:30AM-9PM|Friday:11:30AM-9PM|Saturday:11:30AM-9PM|Sunday:11:30AM-9PM,,,OPERATIONAL,"{""Service options"": {""Onsite services"": true, ""Takeout"": true, ""Dine-in"": true, ""Delivery"": false}, ""Highlights"": {""Great tea selection"": true}, ""Accessibility"": {""Wheelchair accessible entrance"": true, ""Wheelchair accessible parking lot"": true, ""Wheelchair accessible restroom"": true}, ""Parking"": {""Free parking lot"": true, ""Free street parking"": true}}",$,,https://lh4.googleusercontent.com/-TNye2LQbiIE/AAAAAAAAAAI/AAAAAAAAAAA/CxjmRbDxyY4/s44-p-k-no-ns-nd/photo.jpg,"Bubble tea specialist with a selection of other hot & cold drinks, including coffee & slushes.",,True,107551691765627537928,Kung Fu Tea,https://www.google.com/maps/contrib/107551691765627537928,,"https://www.google.com/viewer/chooseprovider?mid=/g/11fy4kb6c4&g2lbs=AAEPWCsTFoPuumWtz0k8cWfcAEVsEfLx5VGuNZqrvy4kZAc-0MzRUjQM_JZrOaO09mrqVU5PYaXxrHQ6DhjzBgFSBiyPSHABAQ%3D%3D&hl=en-US&gl=us&fo_m=MfohQo559jFvMUOzJVpjPL1YMfZ3bInYwBDuMfaXTPp5KXh-&utm_source=tactile&gei=8cMDaOOnCOCk2roP0tzDmQo&ei=8cMDaOOnCOCk2roP0tzDmQo&fo_s=OA,SOE&opi=79508299&ebb=1&cs=0&foub=mcpp",,,"https://www.google.com/maps/place/Kung+Fu+Tea/@32.677172899999995,-97.40179359999999,14z/data=!4m8!1m2!2m1!1sKung+Fu+Tea!3m4!1s0x864e6d7c499f221d:0xad8b2f1fc761d6f8!8m2!3d32.677172899999995!4d-97.40179359999999","https://www.google.com/maps/place/Kung+Fu+Tea/@32.677172899999995,-97.40179359999999,13.99z/data=!4m16!1m7!3m6!1s0x864e6d7c499f221d:0xad8b2f1fc761d6f8!2sKung+Fu+Tea!8m2!3d32.677172899999995!4d-97.40179359999999!16s%2Fg%2F11ckvg1dmb!3m7!1s0x864e6d7c499f221d:0xad8b2f1fc761d6f8!8m2!3d32.677172899999995!4d-97.40179359999999!9m1!1b1!16s%2Fg%2F11ckvg1dmb?entry=ttu",ChIJHSKfSXxtToYR-NZhxx8vi60,0x864e6d7c499f221d:0xad8b2f1fc761d6f8,12505140603859883768,/g/11fy4kb6c4,-5941603469849667848,,support@armsglobalinc.com,RECEIVING,Role,,,,,,marketing@kfteausa.com,RECEIVING,SMTP validated,,,,,,delivery_help@grubhub.com,RECEIVING,SMTP validated,,,,,,+1 724-544-6367,+1 855-538-9888,15402175182,https://www.facebook.com/kungfuteausa/,https://www.instagram.com/kungfuteausa,https://www.linkedin.com/company/kung-fu-tea,https://www.tiktok.com/@kungfutea,,,,,,,https://twitter.com/kfteausa,,,,,Menu — Kung Fu Tea | Fresh - Innovative - Fearless leading tea brand,WordPress 6.3,"Menu At Kung Fu Tea, every beverage is made-to-order with real Kung Fu. Our tea is freshly brewed every 3 hours using premium tea leaves. You can choose from classic teas, milk teas, fruit teas, slushies and more. Each drink is customized by you! You get to pick your toppings,…",,False,True
"boba tea, 76120, Fort Worth, TX, US",Fat Straws Boba & Mochi Donuts (Arlington),Fat Straws Boba And Mochi Donuts Arlington,https://fatstraws.com/,"Bubble tea store, Bakery, Cafe, Caterer, Coffee shop, Dessert shop, Donut shop, Juice shop, Snack bar, Tea house",Bubble tea store,Bubble tea store,+1 817-260-0870,"4001 Matlock Rd ste 141, Arlington, TX 76015",East Arlington,4001 Matlock Rd ste 141,Arlington,76015,Texas,Texas,United States of America,US,32.680244099999996,-97.1141936,8926cbd543bffff,America/Chicago,,False,4.6,211,"https://search.google.com/local/reviews?placeid=ChIJcTqU-E5jToYRs3Yvgi2lgTg&q=boba+tea,+76120,+Fort+Worth,+TX,+US&authuser=0&hl=en&gl=US",,,9.0,3.0,10.0,20.0,169.0,155,https://lh3.googleusercontent.com/p/AF1QipMKru0ERWNr9--acmcseULQpB30r6XYwCMHnFI6=w800-h500-k-no,https://lh3.googleusercontent.com/p/AF1QipMKru0ERWNr9--acmcseULQpB30r6XYwCMHnFI6=w1600-h1000-k-no,,"{""Monday"": ""8AM-8PM"", ""Tuesday"": ""8AM-8PM"", ""Wednesday"": ""8AM-8PM"", ""Thursday"": ""8AM-8PM"", ""Friday"": ""8AM-8PM"", ""Saturday"": ""8AM-8PM"", ""Sunday"": ""Closed""}",Monday:8AM-8PM|Tuesday:8AM-8PM|Wednesday:8AM-8PM|Thursday:8AM-8PM|Friday:8AM-8PM|Saturday:8AM-8PM|Sunday:Closed,"[{""drive_through"": {""Monday"": ""8 AM-8 PM"", ""Tuesday"": ""8 AM-8 PM"", ""Wednesday"": ""8 AM-8 PM"", ""Thursday"": ""8 AM-8 PM"", ""Friday"": ""8 AM-8 PM"", ""Saturday"": ""8 AM-8 PM"", ""Sunday"": ""11 AM-6 PM""}}]",,OPERATIONAL,"{""From the business"": {""Identifies as Asian-owned"": true, ""Identifies as women-owned"": true}, ""Service options"": {""No-contact delivery"": true, ""Delivery"": true, ""Onsite services"": true, ""Takeout"": true, ""Dine-in"": true}, ""Highlights"": {""Great tea selection"": true}, ""Accessibility"": {""Wheelchair accessible entrance"": true, ""Wheelchair accessible parking lot"": true, ""Wheelchair accessible restroom"": true, ""Wheelchair accessible seating"": true}, ""Parking"": {""Free parking lot"": true, ""Free street parking"": true}, ""Other"": {""Identifies as women-owned"": true, ""Identifies as Asian-owned"": true}}",$,,https://lh4.googleusercontent.com/-bP1tEbUk8es/AAAAAAAAAAI/AAAAAAAAAAA/YeojBQ9_zcY/s44-p-k-no-ns-nd/photo.jpg,,,True,111676971513558040507,Fat Straws Boba & Mochi Donuts,https://www.google.com/maps/contrib/111676971513558040507,,"https://www.google.com/viewer/chooseprovider?mid=/g/11t27rj1xv&g2lbs=AAEPWCslt8WzqSKzVjOrao1UOvA7VTNjNQRmE86FNl_eNuSWDO_MnGVKTeTToFUXQBHPAIUJq9Lxr-heRMSyyPM0FdPdBv8SvA%3D%3D&hl=en-US&gl=us&fo_m=MfohQo559jFvMUOzJVpjPL1YMfZ3bInYwBDuMfaXTPp5KXh-&utm_source=tactile&gei=8cMDaOOnCOCk2roP0tzDmQo&ei=8cMDaOOnCOCk2roP0tzDmQo&fo_s=OA,SOE&opi=79508299&ebb=1&cs=0&foub=mcpp",,,"https://www.google.com/maps/place/Fat+Straws+Boba+%26+Mochi+Donuts+%28Arlington%29/@32.680244099999996,-97.1141936,14z/data=!4m8!1m2!2m1!1sFat+Straws+Boba+%26+Mochi+Donuts+%28Arlington%29!3m4!1s0x864e634ef8943a71:0x3881a52d822f76b3!8m2!3d32.680244099999996!4d-97.1141936","https://www.google.com/maps/place/Fat+Straws+Boba+%26+Mochi+Donuts+%28Arlington%29/@32.680244099999996,-97.1141936,13.99z/data=!4m16!1m7!3m6!1s0x864e634ef8943a71:0x3881a52d822f76b3!2sFat+Straws+Boba+%26+Mochi+Donuts+%28Arlington%29!8m2!3d32.680244099999996!4d-97.1141936!16s%2Fg%2F11ckvg1dmb!3m7!1s0x864e634ef8943a71:0x3881a52d822f76b3!8m2!3d32.680244099999996!4d-97.1141936!9m1!1b1!16s%2Fg%2F11ckvg1dmb?entry=ttu",ChIJcTqU-E5jToYRs3Yvgi2lgTg,0x864e634ef8943a71:0x3881a52d822f76b3,4071717152995899059,/g/11t27rj1xv,4071717152995899059,,axxxxe@fatstraws.com,INVALID,Cannot validate,,,,,,,,,,,,,,,,,,,,,,,,,https://www.facebook.com/fatstraws,https://www.instagram.com/fatstraws,,https://www.tiktok.com/@fatstraws,,,,,,,https://twitter.com/fatstraws,,,,,Delicious Bubble Tea and Mochi Donuts in Dallas: Fat Straws,Site Kit by Google 1.108.0,"Fat Straws Bubble Tea and Mochi Donuts. Each day we serve up boba drinks and fresh mochi donuts. Dallas, Arlington, Richardson, & Plano.",,False,True
"boba tea, 76120, Fort Worth, TX, US",P'tit Tea Maison,Ptit Tea Maison,https://www.ptitteamaison.com/,"Bubble tea store, Dessert shop",Bubble tea store,Bubble tea store,+1 817-349-8036,"2600 W 7th St #144, Fort Worth, TX 76107",Montgomery Plaza,2600 W 7th St #144,Fort Worth,76107,Texas,Texas,United States of America,US,32.7526193,-97.35306949999999,8926cbda06fffff,America/Chicago,,False,4.2,101,"https://search.google.com/local/reviews?placeid=ChIJh3erENdzToYREfD06T7NwBg&q=boba+tea,+76120,+Fort+Worth,+TX,+US&authuser=0&hl=en&gl=US",,,9.0,7.0,8.0,7.0,70.0,221,https://lh3.googleusercontent.com/p/AF1QipNuOUdAMImhn4XA_KGmgpRXVVmIfgzd2jvC5Uid=w800-h500-k-no,https://lh3.googleusercontent.com/p/AF1QipNuOUdAMImhn4XA_KGmgpRXVVmIfgzd2jvC5Uid=w1600-h1000-k-no,,"{""Monday"": ""12-10PM"", ""Tuesday"": ""12-10PM"", ""Wednesday"": ""12-10PM"", ""Thursday"": ""12-10PM"", ""Friday"": ""12-10PM"", ""Saturday"": ""12-10PM"", ""Sunday"": ""12-10PM""}",Monday:12-10PM|Tuesday:12-10PM|Wednesday:12-10PM|Thursday:12-10PM|Friday:12-10PM|Saturday:12-10PM|Sunday:12-10PM,,,OPERATIONAL,"{""Service options"": {""Takeout"": true, ""Dine-in"": true, ""Delivery"": false}, ""Highlights"": {""Great tea selection"": true}, ""Accessibility"": {""Wheelchair accessible entrance"": true, ""Wheelchair accessible parking lot"": true, ""Wheelchair accessible restroom"": true}, ""Amenities"": {""Gender-neutral restroom"": true}, ""Crowd"": {""LGBTQ+ friendly"": true}, ""Other"": {""LGBTQ+ friendly"": true}}",,,https://lh6.googleusercontent.com/-D8NxSt4CyZ4/AAAAAAAAAAI/AAAAAAAAAAA/6kZ3uVpb9PQ/s44-p-k-no-ns-nd/photo.jpg,,,True,100956563831768888259,P'tit Tea Maison,https://www.google.com/maps/contrib/100956563831768888259,,,,,"https://www.google.com/maps/place/P%27tit+Tea+Maison/@32.7526193,-97.35306949999999,14z/data=!4m8!1m2!2m1!1sP%27tit+Tea+Maison!3m4!1s0x864e73d710ab7787:0x18c0cd3ee9f4f011!8m2!3d32.7526193!4d-97.35306949999999","https://www.google.com/maps/place/P%27tit+Tea+Maison/@32.7526193,-97.35306949999999,13.99z/data=!4m16!1m7!3m6!1s0x864e73d710ab7787:0x18c0cd3ee9f4f011!2sP%27tit+Tea+Maison!8m2!3d32.7526193!4d-97.35306949999999!16s%2Fg%2F11ckvg1dmb!3m7!1s0x864e73d710ab7787:0x18c0cd3ee9f4f011!8m2!3d32.7526193!4d-97.35306949999999!9m1!1b1!16s%2Fg%2F11ckvg1dmb?entry=ttu",ChIJh3erENdzToYREfD06T7NwBg,0x864e73d710ab7787:0x18c0cd3ee9f4f011,1783651122535526417,/g/11v9mwhptc,1783651122535526417,,contact@ptitteamaison.com,RECEIVING,SMTP validated,,,,,,,,,,,,,,,,,,,,,,,,,https://www.facebook.com/ptitteamaison,https://www.instagram.com/ptitteamaison,,,,,,,,,,,,,,homepage,,Petite Tea Maison,,False,False
"boba tea, 76120, Fort Worth, TX, US",Sharetea Fort Worth,Sharetea Fort Worth,https://www.clover.com/online-ordering/sharetea-fort-worth,"Bubble tea store, Dessert shop, Tea house",Bubble tea store,Bubble tea store,+1 817-266-2307,"8949 Tehama Ridge Pkwy, Fort Worth, TX 76177",None,8949 Tehama Ridge Pkwy,Fort Worth,76177,Texas,Texas,United States of America,US,32.9029121,-97.32355849999999,8926caa6303ffff,America/Chicago,,False,4.2,349,"https://search.google.com/local/reviews?placeid=ChIJ39QmeOTYTYYRMBBUuQM4jGI&q=boba+tea,+76120,+Fort+Worth,+TX,+US&authuser=0&hl=en&gl=US",,,34.0,12.0,21.0,48.0,234.0,142,https://lh3.googleusercontent.com/p/AF1QipOuiOgCaoDekfWkpZEfuzMvH8xmcRxuzFKTEaAH=w800-h500-k-no,https://lh3.googleusercontent.com/p/AF1QipOuiOgCaoDekfWkpZEfuzMvH8xmcRxuzFKTEaAH=w1600-h1000-k-no,,"{""Monday"": ""11AM-9PM"", ""Tuesday"": ""11AM-9PM"", ""Wednesday"": ""11AM-9PM"", ""Thursday"": ""11AM-9PM"", ""Friday"": ""11AM-10PM"", ""Saturday"": ""11AM-10PM"", ""Sunday"": ""11AM-9PM""}",Monday:11AM-9PM|Tuesday:11AM-9PM|Wednesday:11AM-9PM|Thursday:11AM-9PM|Friday:11AM-10PM|Saturday:11AM-10PM|Sunday:11AM-9PM,,,OPERATIONAL,"{""Service options"": {""Delivery"": true, ""Onsite services"": true, ""Takeout"": true, ""Dine-in"": true}, ""Highlights"": {""Great tea selection"": true}, ""Accessibility"": {""Wheelchair accessible entrance"": true, ""Wheelchair accessible parking lot"": true, ""Wheelchair accessible restroom"": true, ""Wheelchair accessible seating"": true}, ""Amenities"": {""Gender-neutral restroom"": true}}",$,,https://lh5.googleusercontent.com/-qX8FHYLy9fk/AAAAAAAAAAI/AAAAAAAAAAA/PApHqNkYL5o/s44-p-k-no-ns-nd/photo.jpg,,,True,101895153633502321043,Sharetea Fort Worth,https://www.google.com/maps/contrib/101895153633502321043,,"https://www.google.com/viewer/chooseprovider?mid=/g/11hbbjwxvc&g2lbs=AAEPWCtbBHS5eNHamjrKMpMtTllHWPHOGsRyLEtgj2TvWGZ6XriJPsdC6dYaJ3qyyfzHK8JVZ26ZSSAywEClXrapE4WCglqYIQ%3D%3D&hl=en-US&gl=us&fo_m=MfohQo559jFvMUOzJVpjPL1YMfZ3bInYwBDuMfaXTPp5KXh-&utm_source=tactile&gei=8cMDaOOnCOCk2roP0tzDmQo&ei=8cMDaOOnCOCk2roP0tzDmQo&fo_s=OA,SOE&opi=79508299&ebb=1&cs=0&foub=mcpp",,,"https://www.google.com/maps/place/Sharetea+Fort+Worth/@32.9029121,-97.32355849999999,14z/data=!4m8!1m2!2m1!1sSharetea+Fort+Worth!3m4!1s0x864dd8e47826d4df:0x628c3803b9541030!8m2!3d32.9029121!4d-97.32355849999999","https://www.google.com/maps/place/Sharetea+Fort+Worth/@32.9029121,-97.32355849999999,13.99z/data=!4m16!1m7!3m6!1s0x864dd8e47826d4df:0x628c3803b9541030!2sSharetea+Fort+Worth!8m2!3d32.9029121!4d-97.32355849999999!16s%2Fg%2F11ckvg1dmb!3m7!1s0x864dd8e47826d4df:0x628c3803b9541030!8m2!3d32.9029121!4d-97.32355849999999!9m1!1b1!16s%2Fg%2F11ckvg1dmb?entry=ttu",ChIJ39QmeOTYTYYRMBBUuQM4jGI,0x864dd8e47826d4df:0x628c3803b9541030,7101112301101781040,/g/11hbbjwxvc,7101112301101781040,,ansu@clover.com,RECEIVING,Catch All,Ansu Vyas,Ansu,Vyas,Vice President Business Operations,,gbedwell@clover.com,INVALID,Invalid SMTP,Glenn Bedwell,Glenn,Bedwell,Software Engineer,,mhampton@clover.com,INVALID,Invalid SMTP,Michael R Hampton,Michael,R Hampton,Software Engineer,,+1 515-255-3700,+1 360-217-7075,+1 573-335-0366,https://www.facebook.com/recklessrolls/,http://instagram.com/donatopsizzact,https://www.linkedin.com/company/clovernetwork,,,,,,,,http://twitter.com/cloverpos,,,,,Online Ordering | Clover,,,,False,False
"boba tea, 76120, Fort Worth, TX, US",1102 Bubble Tea & Bites,1102 Bubble Tea And Bites,http://www.1102usa.com/,"Bubble tea store, Cafe, Coffee shop",cafes,Bubble tea store,+1 817-832-7791,"3610 S Cooper St #110B, Arlington, TX 76015",West Arlington,3610 S Cooper St #110B,Arlington,76015,Texas,Texas,United States of America,US,32.687136699999996,-97.1319018,8926cbd545bffff,America/Chicago,,False,3.9,496,"https://search.google.com/local/reviews?placeid=ChIJkRznGNdiToYRll-k--pg3v4&q=boba+tea,+76120,+Fort+Worth,+TX,+US&authuser=0&hl=en&gl=US",,,85.0,25.0,36.0,71.0,279.0,357,https://lh3.googleusercontent.com/gps-cs-s/AB5caB_Qnlj7MAZmmNwGCZV7gEfUQ89MS_qSnvbQMEN_md8SrYWalv95rHNaWdPSj0k94twbJE1E8nb65iFNP45hb92dY4_jJ7pVsTFyd8_Ikr41MS2SZeGi7S0dgI9qEOGRfi9rvQIFVw=w800-h500-k-no,https://lh3.googleusercontent.com/gps-cs-s/AB5caB_Qnlj7MAZmmNwGCZV7gEfUQ89MS_qSnvbQMEN_md8SrYWalv95rHNaWdPSj0k94twbJE1E8nb65iFNP45hb92dY4_jJ7pVsTFyd8_Ikr41MS2SZeGi7S0dgI9qEOGRfi9rvQIFVw=w1600-h1000-k-no,,"{""Monday"": ""11AM-10PM"", ""Tuesday"": ""11AM-10PM"", ""Wednesday"": ""11AM-10PM"", ""Thursday"": ""11AM-10PM"", ""Friday"": ""11AM-11PM"", ""Saturday"": ""11AM-11PM"", ""Sunday"": ""12-10PM""}",Monday:11AM-10PM|Tuesday:11AM-10PM|Wednesday:11AM-10PM|Thursday:11AM-10PM|Friday:11AM-11PM|Saturday:11AM-11PM|Sunday:12-10PM,,,OPERATIONAL,"{""Service options"": {""Delivery"": true, ""Takeout"": true, ""Dine-in"": true}, ""Highlights"": {""Great dessert"": true, ""Great tea selection"": true}, ""Popular for"": {""Solo dining"": true, ""Good for working on laptop"": true}, ""Accessibility"": {""Wheelchair accessible entrance"": true, ""Wheelchair accessible parking lot"": true, ""Wheelchair accessible restroom"": true, ""Wheelchair accessible seating"": true}, ""Offerings"": {""Coffee"": true, ""Comfort food"": true, ""Quick bite"": true, ""Small plates"": true}, ""Dining options"": {""Lunch"": true, ""Dessert"": true, ""Seating"": true}, ""Amenities"": {""Restroom"": true, ""Wi-Fi"": true}, ""Atmosphere"": {""Casual"": true, ""Cozy"": true, ""Quiet"": true, ""Trendy"": true}, ""Crowd"": {""College students"": true, ""Family-friendly"": true, ""Groups"": true, ""LGBTQ+ friendly"": true, ""Transgender safespace"": true}, ""Planning"": {""Accepts reservations"": false}, ""Payments"": {""Credit cards"": true, ""Debit cards"": true, ""NFC mobile payments"": true}, ""Children"": {""Good for kids"": true}, ""Parking"": {""Free parking lot"": true, ""Free street parking"": true}, ""Other"": {""LGBTQ+ friendly"": true}}",$,,https://lh5.googleusercontent.com/-s7hsp2tm8rU/AAAAAAAAAAI/AAAAAAAAAAA/1jWXQdCh8fw/s44-p-k-no-ns-nd/photo.jpg,"Rustic café with floral details & a menu of boba milk teas, smoothies, Italian sodas, & snacks.",,True,112821131364810449823,1102 Bubble Tea & Bites,https://www.google.com/maps/contrib/112821131364810449823,,"https://www.google.com/viewer/chooseprovider?mid=/g/11c707g70n&g2lbs=AAEPWCucdMKHrDRerg6vYGkI8GDpddcQ3RsYUHKnX23JpiBshEM9-n_iGk-J0V-DD-tgEW_Qq3hwZzNJ_xrrXPEfHo__FgEQnw%3D%3D&hl=en-US&gl=us&fo_m=MfohQo559jFvMUOzJVpjPL1YMfZ3bInYwBDuMfaXTPp5KXh-&utm_source=tactile&gei=8cMDaOOnCOCk2roP0tzDmQo&ei=8cMDaOOnCOCk2roP0tzDmQo&fo_s=OA,SOE&opi=79508299&ebb=1&cs=0&foub=mcpp",,,"https://www.google.com/maps/place/1102+Bubble+Tea+%26+Bites/@32.687136699999996,-97.1319018,14z/data=!4m8!1m2!2m1!1s1102+Bubble+Tea+%26+Bites!3m4!1s0x864e62d718e71c91:0xfede60eafba45f96!8m2!3d32.687136699999996!4d-97.1319018","https://www.google.com/maps/place/1102+Bubble+Tea+%26+Bites/@32.687136699999996,-97.1319018,13.99z/data=!4m16!1m7!3m6!1s0x864e62d718e71c91:0xfede60eafba45f96!2s1102+Bubble+Tea+%26+Bites!8m2!3d32.687136699999996!4d-97.1319018!16s%2Fg%2F11ckvg1dmb!3m7!1s0x864e62d718e71c91:0xfede60eafba45f96!8m2!3d32.687136699999996!4d-97.1319018!9m1!1b1!16s%2Fg%2F11ckvg1dmb?entry=ttu",ChIJkRznGNdiToYRll-k--pg3v4,0x864e62d718e71c91:0xfede60eafba45f96,18365222892823928726,/g/11c707g70n,-81521180885622890,,1102teaandbites@gmail.com,RECEIVING,SMTP validated,,,,,,,,,,,,,,,,,,,,,,16822524062,,,https://www.facebook.com/1102bubbleteaandbites/,,,,,,,,,,,,,,,"1102 Bubble Tea & Coffee │ Arlington, Texas",WordPress 5.1.1,"1102 Bubble Tea & Coffee is your neighborhood tea shop in the cities of Arlington, Waco, and Fort Worth, Texas, serving beverages bursting with flavors.","1102 Bubble Tea & Coffee,1102 Bubble Tea & Coffee in Arlington,1102 Bubble Tea & Coffee in Texas,Tea,Milk Tea,Matcha,Green Tea,Bubble Tea,Smoothies,Tea Arlington,Milk Tea Arlington,Matcha Arlington,Green Tea Arlington,Bubble Tea Arlington,Smoothies Arlington,Tea Texas,Milk Tea Texas,Matcha Texas,Green Tea Texas,Bubble Tea Texas,Smoothies Texas,Tea in Waco,Milk Tea in Waco,Matcha in Waco,Green Tea in Waco,Bubble Tea in Waco,Smoothies in Waco,Tea in Fort Worth,Milk Tea in Fort Worth,Matcha in Fort Worth,Green Tea in Fort Worth,Bubble Tea in Fort Worth,Smoothies in Fort Worth,Tea in TX,Milk Tea in TX,Matcha in TX,Green Tea in TX,Bubble Tea in TX,Smoothies in TX",,
"boba tea, 75202, Dallas, TX, US",FULLL,Fulll,https://facebook.com/FULLL.TX/,Bubble tea store,Bubble tea store,Bubble tea store,+1 469-543-5333,"600 N Pearl St g202, Dallas, TX 75201",City Center District,600 N Pearl St g202,Dallas,75201,Texas,Texas,United States of America,US,32.786564399999996,-96.79509019999999,8926cb9167bffff,America/Chicago,,False,4.7,36,"https://search.google.com/local/reviews?placeid=ChIJLQ3uHNKZToYRYSsZmNCoZWI&q=boba+tea,+75202,+Dallas,+TX,+US&authuser=0&hl=en&gl=US",,,1.0,0.0,1.0,5.0,29.0,46,https://lh3.googleusercontent.com/p/AF1QipOUxEyaZuH1XiNmbb-shSBMLiqN3mR4WQJA44hC=w800-h500-k-no,https://lh3.googleusercontent.com/p/AF1QipOUxEyaZuH1XiNmbb-shSBMLiqN3mR4WQJA44hC=w1600-h1000-k-no,,,,,,CLOSED_PERMANENTLY,"{""Service options"": {""Delivery"": true, ""Takeout"": true}}",,,https://lh6.googleusercontent.com/-x-sUBg2bwpc/AAAAAAAAAAI/AAAAAAAAAAA/CMHz29tOo_g/s44-p-k-no-ns-nd/photo.jpg,,,True,116728745507315069212,FULLL,https://www.google.com/maps/contrib/116728745507315069212,,,,,"https://www.google.com/maps/place/FULLL/@32.786564399999996,-96.79509019999999,14z/data=!4m8!1m2!2m1!1sFULLL!3m4!1s0x864e99d21cee0d2d:0x6265a8d098192b61!8m2!3d32.786564399999996!4d-96.79509019999999","https://www.google.com/maps/place/FULLL/@32.786564399999996,-96.79509019999999,13.99z/data=!4m16!1m7!3m6!1s0x864e99d21cee0d2d:0x6265a8d098192b61!2sFULLL!8m2!3d32.786564399999996!4d-96.79509019999999!16s%2Fg%2F11ckvg1dmb!3m7!1s0x864e99d21cee0d2d:0x6265a8d098192b61!8m2!3d32.786564399999996!4d-96.79509019999999!9m1!1b1!16s%2Fg%2F11ckvg1dmb?entry=ttu",ChIJLQ3uHNKZToYRYSsZmNCoZWI,0x864e99d21cee0d2d:0x6265a8d098192b61,7090258802223164257,/g/11g2vsgz6k,7090258802223164257,,fulllfengbei@gmail.com,RECEIVING,Verified,,,,,,,,,,,,,,,,,,,,,,4694268845,,,https://www.facebook.com/FULLL.TX,,,,,,,,,,,,,,,,,,,,
"boba tea, 75320, Dallas, TX, US",Squishies Boba,Squishies Boba,https://www.facebook.com/SquishiesBubbleTea/,Bubble tea store,Bubble tea store,Bubble tea store,+1 972-807-2562,"9850 Walnut Hill Ln #203, Dallas, TX 75238",Lake Highlands,9850 Walnut Hill Ln #203,Dallas,75238,Texas,Texas,United States of America,US,32.8786057,-96.715634,8926c829abbffff,America/Chicago,,False,4.7,239,"https://search.google.com/local/reviews?placeid=ChIJkYvLYoqhToYRLcBoeUnOCvA&q=boba+tea,+75320,+Dallas,+TX,+US&authuser=0&hl=en&gl=US",,,10.0,4.0,3.0,15.0,207.0,233,https://lh3.googleusercontent.com/p/AF1QipNUPfAcS2Hy8yD2WvYkI76wuboA-qOeCPgvoAFT=w800-h500-k-no,https://lh3.googleusercontent.com/p/AF1QipNUPfAcS2Hy8yD2WvYkI76wuboA-qOeCPgvoAFT=w1600-h1000-k-no,,"{""Monday"": ""11AM-9PM"", ""Tuesday"": ""11AM-9PM"", ""Wednesday"": ""11AM-9PM"", ""Thursday"": ""11AM-9PM"", ""Friday"": ""11AM-10PM"", ""Saturday"": ""10AM-10PM"", ""Sunday"": ""Closed""}",Monday:11AM-9PM|Tuesday:11AM-9PM|Wednesday:11AM-9PM|Thursday:11AM-9PM|Friday:11AM-10PM|Saturday:10AM-10PM|Sunday:Closed,,,OPERATIONAL,"{""Service options"": {""No-contact delivery"": true, ""Delivery"": true, ""Onsite services"": true, ""Takeout"": true, ""Dine-in"": true}, ""Highlights"": {""Great tea selection"": true}, ""Accessibility"": {""Wheelchair accessible entrance"": true, ""Wheelchair accessible parking lot"": true}}",$,,https://lh3.googleusercontent.com/-5PUXfqAmuzk/AAAAAAAAAAI/AAAAAAAAAAA/iDbmCW4iTrw/s44-p-k-no-ns-nd/photo.jpg,,,True,105838034917163127575,Squishies Boba,https://www.google.com/maps/contrib/105838034917163127575,,"https://www.google.com/viewer/chooseprovider?mid=/g/11s0rvxhtz&g2lbs=AAEPWCteP2ENHf9eeELNib8dDYfqCBRuD6MfTwQorkNiRUdYKXNboipBvOKLBSVCBfEPE5ayWT40Cpgy8s2yph_Bl3bXADXT5w%3D%3D&hl=en-US&gl=us&fo_m=MfohQo559jFvMUOzJVpjPL1YMfZ3bInYwBDuMfaXTPp5KXh-&utm_source=tactile&gei=9MMDaODEBuGN9u8Posaf6Qo&ei=9MMDaODEBuGN9u8Posaf6Qo&fo_s=OA,SOE&opi=79508299&ebb=1&cs=0&foub=mcpp",,,"https://www.google.com/maps/place/Squishies+Boba/@32.8786057,-96.715634,14z/data=!4m8!1m2!2m1!1sSquishies+Boba!3m4!1s0x864ea18a62cb8b91:0xf00ace497968c02d!8m2!3d32.8786057!4d-96.715634","https://www.google.com/maps/place/Squishies+Boba/@32.8786057,-96.715634,13.99z/data=!4m16!1m7!3m6!1s0x864ea18a62cb8b91:0xf00ace497968c02d!2sSquishies+Boba!8m2!3d32.8786057!4d-96.715634!16s%2Fg%2F11ckvg1dmb!3m7!1s0x864ea18a62cb8b91:0xf00ace497968c02d!8m2!3d32.8786057!4d-96.715634!9m1!1b1!16s%2Fg%2F11ckvg1dmb?entry=ttu",ChIJkYvLYoqhToYRLcBoeUnOCvA,0x864ea18a62cb8b91:0xf00ace497968c02d,17296864133834653741,/g/11s0rvxhtz,-1149879939874897875,,Franknuccio@icloud.com,RECEIVING,Confirmed,,,,,,,,,,,,,,,,,,,,,,19728072562,,,https://www.facebook.com/SquishiesBubbleTea,,,,,,,,,,,,,,,,,,,,
"boba tea, 75320, Dallas, TX, US",Boba Boba,Boba Boba,http://bobaboba6900.wixsite.com/website,Bubble tea store,Bubble tea store,Bubble tea store,+1 214-501-3374,"6900 Alma Dr Suite#220, Plano, TX 75023",None,6900 Alma Dr Suite#220,Plano,75023,Texas,Texas,United States of America,US,33.0680567,-96.7090765,8926c839323ffff,America/Chicago,,False,4.8,291,"https://search.google.com/local/reviews?placeid=ChIJMXUvcWsZTIYR7qsnt_2vips&q=boba+tea,+75320,+Dallas,+TX,+US&authuser=0&hl=en&gl=US",,,7.0,2.0,6.0,17.0,259.0,274,https://lh3.googleusercontent.com/p/AF1QipMGhra_NZmVHqSkTnTm6Jr0XIAR9qDJs2YEhyGN=w800-h500-k-no,https://lh3.googleusercontent.com/p/AF1QipMGhra_NZmVHqSkTnTm6Jr0XIAR9qDJs2YEhyGN=w1600-h1000-k-no,,"{""Monday"": ""11:30AM-11PM"", ""Tuesday"": ""Closed"", ""Wednesday"": ""11:30AM-11PM"", ""Thursday"": ""11:30AM-11PM"", ""Friday"": ""11:30AM-11PM"", ""Saturday"": ""11:30AM-11PM"", ""Sunday"": ""11:30AM-11PM""}",Monday:11:30AM-11PM|Tuesday:Closed|Wednesday:11:30AM-11PM|Thursday:11:30AM-11PM|Friday:11:30AM-11PM|Saturday:11:30AM-11PM|Sunday:11:30AM-11PM,"[{""delivery"": {""Monday"": ""12-10:30 PM"", ""Tuesday"": ""Closed"", ""Wednesday"": ""12-10:30 PM"", ""Thursday"": ""12-10:30 PM"", ""Friday"": ""12-10:30 PM"", ""Saturday"": ""12-10:30 PM"", ""Sunday"": ""12-10:30 PM""}}]",,OPERATIONAL,"{""Service options"": {""Delivery"": true, ""Onsite services"": true, ""Takeout"": true, ""Dine-in"": true}, ""Accessibility"": {""Wheelchair accessible entrance"": true, ""Wheelchair accessible parking lot"": true, ""Wheelchair accessible restroom"": true}}",$,,https://lh5.googleusercontent.com/-2LqAVKy_rK8/AAAAAAAAAAI/AAAAAAAAAAA/uqGGIwdfst0/s44-p-k-no-ns-nd/photo.jpg,,,True,104613672919418634498,Boba Boba,https://www.google.com/maps/contrib/104613672919418634498,,"https://www.google.com/viewer/chooseprovider?mid=/g/11q8m0sbf2&g2lbs=AAEPWCvss8QRuhDOaRndDnfuzcPljQSEgu1vSBeZS4VUjlE0snDezXWlk41VpIRRyqrv8pxADUiwy2_l10d6ZtciRa0EZguXoQ%3D%3D&hl=en-US&gl=us&fo_m=MfohQo559jFvMUOzJVpjPL1YMfZ3bInYwBDuMfaXTPp5KXh-&utm_source=tactile&gei=9MMDaODEBuGN9u8Posaf6Qo&ei=9MMDaODEBuGN9u8Posaf6Qo&fo_s=OA,SOE&opi=79508299&ebb=1&cs=0&foub=mcpp",,,"https://www.google.com/maps/place/Boba+Boba/@33.0680567,-96.7090765,14z/data=!4m8!1m2!2m1!1sBoba+Boba!3m4!1s0x864c196b712f7531:0x9b8aaffdb727abee!8m2!3d33.0680567!4d-96.7090765","https://www.google.com/maps/place/Boba+Boba/@33.0680567,-96.7090765,13.99z/data=!4m16!1m7!3m6!1s0x864c196b712f7531:0x9b8aaffdb727abee!2sBoba+Boba!8m2!3d33.0680567!4d-96.7090765!16s%2Fg%2F11ckvg1dmb!3m7!1s0x864c196b712f7531:0x9b8aaffdb727abee!8m2!3d33.0680567!4d-96.7090765!9m1!1b1!16s%2Fg%2F11ckvg1dmb?entry=ttu",ChIJMXUvcWsZTIYR7qsnt_2vips,0x864c196b712f7531:0x9b8aaffdb727abee,11207964126899317742,/g/11q8m0sbf2,-7238779946810233874,,,,,,,,,,,,,,,,,,,,,,,,,,,,,,,,,,,,,,,,,,,,,,,,,
"boba tea, 75320, Dallas, TX, US",FleurTea,Fleurtea,https://www.instagram.com/sipfleurtea,Bubble tea store,Bubble tea store,Bubble tea store,+1 469-759-6259,"100 S Main St #101c, Duncanville, TX 75116",None,100 S Main St #101c,Duncanville,75116,Texas,Texas,United States of America,US,32.6513361,-96.90812799999999,8926cb99b8bffff,America/Chicago,,False,5.0,41,"https://search.google.com/local/reviews?placeid=ChIJ40CNvG-RToYRlbreuot-OZU&q=boba+tea,+75320,+Dallas,+TX,+US&authuser=0&hl=en&gl=US",,,0.0,0.0,0.0,0.0,41.0,30,https://lh3.googleusercontent.com/p/AF1QipPtQMr80vHXiqk9EwWNoZo0wv3JWMHJ-iZ4gE6G=w800-h500-k-no,https://lh3.googleusercontent.com/p/AF1QipPtQMr80vHXiqk9EwWNoZo0wv3JWMHJ-iZ4gE6G=w1600-h1000-k-no,,"{""Monday"": ""11:30AM-7PM"", ""Tuesday"": ""11:30AM-7PM"", ""Wednesday"": ""11:30AM-7PM"", ""Thursday"": ""11:30AM-7PM"", ""Friday"": ""11:30AM-6PM"", ""Saturday"": ""Closed"", ""Sunday"": ""12-6PM""}",Monday:11:30AM-7PM|Tuesday:11:30AM-7PM|Wednesday:11:30AM-7PM|Thursday:11:30AM-7PM|Friday:11:30AM-6PM|Saturday:Closed|Sunday:12-6PM,,,OPERATIONAL,"{""Service options"": {""Takeout"": true, ""Dine-in"": true}, ""Highlights"": {""Great tea selection"": true}, ""Accessibility"": {""Wheelchair accessible entrance"": true, ""Wheelchair accessible parking lot"": true, ""Wheelchair accessible restroom"": true, ""Wheelchair accessible seating"": true}, ""Parking"": {""Free parking lot"": true, ""On-site parking"": true}}",,,https://lh3.googleusercontent.com/-ioJCYubkXXI/AAAAAAAAAAI/AAAAAAAAAAA/oyyZ-UwBQTs/s44-p-k-no-ns-nd/photo.jpg,,,True,101548416855769155914,FleurTea,https://www.google.com/maps/contrib/101548416855769155914,,,,,"https://www.google.com/maps/place/FleurTea/@32.6513361,-96.90812799999999,14z/data=!4m8!1m2!2m1!1sFleurTea!3m4!1s0x864e916fbc8d40e3:0x95397e8bbadeba95!8m2!3d32.6513361!4d-96.90812799999999","https://www.google.com/maps/place/FleurTea/@32.6513361,-96.90812799999999,13.99z/data=!4m16!1m7!3m6!1s0x864e916fbc8d40e3:0x95397e8bbadeba95!2sFleurTea!8m2!3d32.6513361!4d-96.90812799999999!16s%2Fg%2F11ckvg1dmb!3m7!1s0x864e916fbc8d40e3:0x95397e8bbadeba95!8m2!3d32.6513361!4d-96.90812799999999!9m1!1b1!16s%2Fg%2F11ckvg1dmb?entry=ttu",ChIJ40CNvG-RToYRlbreuot-OZU,0x864e916fbc8d40e3:0x95397e8bbadeba95,10752764723924482709,/g/11w7p46sfh,-7693979349785068907,,,,,,,,,,,,,,,,,,,,,,,,,,,,,,,,,,,,,,,,,,,,,,,,,
"boba tea, 75313, Dallas, TX, US",Mochio Mochi Donut & Boba Tea,Mochio Mochi Donut And Boba Tea,https://mochiodonut.com/,"Bubble tea store, Bakery, Donut shop, Coffee shop, Dessert shop",Donut shop,Bubble tea store,+1 214-613-6216,"5420 Ross Ave #160, Dallas, TX 75206",Lower Greenville,5420 Ross Ave #160,Dallas,75206,Texas,Texas,United States of America,US,32.810504,-96.770591,8926cb914dbffff,America/Chicago,,False,4.8,201,"https://search.google.com/local/reviews?placeid=ChIJmwV68qifToYR4YoPkt6FIXg&q=boba+tea,+75313,+Dallas,+TX,+US&authuser=0&hl=en&gl=US",,,3.0,2.0,2.0,10.0,184.0,89,https://lh3.googleusercontent.com/p/AF1QipORqMIBu54nhVC4z_lNcdmv3aUWJLmodSUZmTz7=w800-h500-k-no,https://lh3.googleusercontent.com/p/AF1QipORqMIBu54nhVC4z_lNcdmv3aUWJLmodSUZmTz7=w1600-h1000-k-no,,"{""Monday"": ""8AM-7PM"", ""Tuesday"": ""8AM-7PM"", ""Wednesday"": ""8AM-7PM"", ""Thursday"": ""8AM-7PM"", ""Friday"": ""8AM-7PM"", ""Saturday"": ""8AM-10PM"", ""Sunday"": ""10AM-7PM""}",Monday:8AM-7PM|Tuesday:8AM-7PM|Wednesday:8AM-7PM|Thursday:8AM-7PM|Friday:8AM-7PM|Saturday:8AM-10PM|Sunday:10AM-7PM,,,OPERATIONAL,"{""From the business"": {""Identifies as Asian-owned"": true, ""Identifies as women-owned"": true, ""Small business"": true}, ""Service options"": {""Delivery"": true, ""In-store pickup"": true, ""In-store shopping"": true, ""Onsite services"": true, ""Takeout"": true, ""Same-day delivery"": true}, ""Highlights"": {""Great coffee"": true}, ""Popular for"": {""Solo dining"": true}, ""Accessibility"": {""Wheelchair accessible entrance"": true, ""Wheelchair accessible parking lot"": true, ""Wheelchair accessible restroom"": true}, ""Offerings"": {""Coffee"": true}, ""Dining options"": {""Breakfast"": true, ""Dessert"": true}, ""Amenities"": {""Restroom"": true}, ""Atmosphere"": {""Casual"": true}, ""Planning"": {""Quick visit"": true}, ""Payments"": {""Credit cards"": true, ""Debit cards"": true}, ""Parking"": {""Free parking lot"": true}, ""Other"": {""Identifies as women-owned"": true, ""Identifies as Asian-owned"": true}}",$$,,https://lh3.googleusercontent.com/-0OxwWf3yB8A/AAAAAAAAAAI/AAAAAAAAAAA/u9x4GqXiPSU/s44-p-k-no-ns-nd/photo.jpg,,,True,109461013321219606447,Mochio Mochi Donut & Boba Tea,https://www.google.com/maps/contrib/109461013321219606447,,"https://www.google.com/viewer/chooseprovider?mid=/g/11vyj1lprt&g2lbs=AAEPWCv_x_GnEZVY0ZB6WCxb6kQaoWOfEL7wPpCj5cx1qDWyHeQ7IbikQrJf6tbmqhP04cJO19VbpyuXIZLM7SfI2ojoWuKJag%3D%3D&hl=en-US&gl=us&fo_m=MfohQo559jFvMUOzJVpjPL1YMfZ3bInYwBDuMfaXTPp5KXh-&utm_source=tactile&gei=9sMDaLyLGJb_7_UP_9SbiQo&ei=9sMDaLyLGJb_7_UP_9SbiQo&fo_s=OA,SOE&opi=79508299&ebb=1&cs=0&foub=mcpp",,,"https://www.google.com/maps/place/Mochio+Mochi+Donut+%26+Boba+Tea/@32.810504,-96.770591,14z/data=!4m8!1m2!2m1!1sMochio+Mochi+Donut+%26+Boba+Tea!3m4!1s0x864e9fa8f27a059b:0x782185de920f8ae1!8m2!3d32.810504!4d-96.770591","https://www.google.com/maps/place/Mochio+Mochi+Donut+%26+Boba+Tea/@32.810504,-96.770591,13.99z/data=!4m16!1m7!3m6!1s0x864e9fa8f27a059b:0x782185de920f8ae1!2sMochio+Mochi+Donut+%26+Boba+Tea!8m2!3d32.810504!4d-96.770591!16s%2Fg%2F11ckvg1dmb!3m7!1s0x864e9fa8f27a059b:0x782185de920f8ae1!8m2!3d32.810504!4d-96.770591!9m1!1b1!16s%2Fg%2F11ckvg1dmb?entry=ttu",ChIJmwV68qifToYR4YoPkt6FIXg,0x864e9fa8f27a059b:0x782185de920f8ae1,8656347149762530017,/g/11vyj1lprt,8656347149762530017,,info@mochiodonut.com,INVALID,Invalid DNS,,,,,,,,,,,,,,,,,,,,,,2142109972,,,,https://www.instagram.com/mochio.donut,,,,,,,,,https://twitter.com/intent/,,https://www.youtube.com/channel/UCANbMfumzhZgR-zThhxvxiQ,,,Mochio - Your NEW donut craving is here!– Mochio Donut,,"Mochio is a local donut delivery service based out of a cloud kitchen in DFW, TX",,False,False
"boba tea, 75313, Dallas, TX, US",Boba Latte,Boba Latte,http://www.bobalatte.com/,"Bubble tea store, Coffee shop, Snack bar",Bubble tea store,Bubble tea store,+1 972-480-8889,"115 S Greenville Ave # 113, Richardson, TX 75081",None,115 S Greenville Ave # 113,Richardson,75081,Texas,Texas,United States of America,US,32.9475131,-96.7296959,8926c829097ffff,America/Chicago,,False,4.4,837,"https://search.google.com/local/reviews?placeid=ChIJ-xJekHQfTIYRmlrvnc8P2Xs&q=boba+tea,+75313,+Dallas,+TX,+US&authuser=0&hl=en&gl=US",,,39.0,22.0,53.0,150.0,573.0,377,https://lh3.googleusercontent.com/p/AF1QipNeKGU-Bj3P4fOFR3L2Wmehk7TfwwGmq_UIqCxN=w800-h500-k-no,https://lh3.googleusercontent.com/p/AF1QipNeKGU-Bj3P4fOFR3L2Wmehk7TfwwGmq_UIqCxN=w1600-h1000-k-no,,"{""Monday"": ""10AM-10PM"", ""Tuesday"": ""10AM-10PM"", ""Wednesday"": ""10AM-10PM"", ""Thursday"": ""10AM-10PM"", ""Friday"": ""10AM-11PM"", ""Saturday"": ""10AM-11PM"", ""Sunday"": ""10AM-10PM""}",Monday:10AM-10PM|Tuesday:10AM-10PM|Wednesday:10AM-10PM|Thursday:10AM-10PM|Friday:10AM-11PM|Saturday:10AM-11PM|Sunday:10AM-10PM,,,OPERATIONAL,"{""Service options"": {""Delivery"": true, ""Onsite services"": true, ""Takeout"": true, ""Dine-in"": true}, ""Highlights"": {""Great tea selection"": true}, ""Accessibility"": {""Wheelchair accessible entrance"": true, ""Wheelchair accessible parking lot"": true, ""Wheelchair accessible restroom"": true}, ""Parking"": {""Free parking lot"": true, ""Free street parking"": true}}",$,,https://lh4.googleusercontent.com/-9gkYM_-hRFQ/AAAAAAAAAAI/AAAAAAAAAAA/AcsOxSOyo4M/s44-p-k-no-ns-nd/photo.jpg,"Simple spot for beverages including bubble tea, coffee drinks & a variety of smoothies & slushies.",,True,111804329089632632840,Boba Latte,https://www.google.com/maps/contrib/111804329089632632840,,"https://www.google.com/viewer/chooseprovider?mid=/g/1thqh4mc&g2lbs=AAEPWCvSfKqUB1EnBbQAAdeLmhkTScfgXiZnDq_KlfrYu3HtSFXRkKFLuYieiDtTSWCcAJhnxG4_5G60Ooh8DU8hruKt3iOvyg%3D%3D&hl=en-US&gl=us&fo_m=MfohQo559jFvMUOzJVpjPL1YMfZ3bInYwBDuMfaXTPp5KXh-&utm_source=tactile&gei=9sMDaLyLGJb_7_UP_9SbiQo&ei=9sMDaLyLGJb_7_UP_9SbiQo&fo_s=OA,SOE&opi=79508299&ebb=1&cs=0&foub=mcpp",,,"https://www.google.com/maps/place/Boba+Latte/@32.9475131,-96.7296959,14z/data=!4m8!1m2!2m1!1sBoba+Latte!3m4!1s0x864c1f74905e12fb:0x7bd90fcf9def5a9a!8m2!3d32.9475131!4d-96.7296959","https://www.google.com/maps/place/Boba+Latte/@32.9475131,-96.7296959,13.99z/data=!4m16!1m7!3m6!1s0x864c1f74905e12fb:0x7bd90fcf9def5a9a!2sBoba+Latte!8m2!3d32.9475131!4d-96.7296959!16s%2Fg%2F11ckvg1dmb!3m7!1s0x864c1f74905e12fb:0x7bd90fcf9def5a9a!8m2!3d32.9475131!4d-96.7296959!9m1!1b1!16s%2Fg%2F11ckvg1dmb?entry=ttu",ChIJ-xJekHQfTIYRmlrvnc8P2Xs,0x864c1f74905e12fb:0x7bd90fcf9def5a9a,8924181520993704602,/g/1thqh4mc,8924181520993704602,,info@bobalatte.com,RECEIVING,SMTP validated,Julie Dai,Julie,Dai,Owner,19724808889,julie@bobalatte.com,RECEIVING,SMTP validated,Julie Dai,Julie,Dai,Owner,19724808889,josh@bobalatte.com,RECEIVING,SMTP validated,Joshua Ng,Joshua,Ng,,,4694232046,9724808889,,https://www.facebook.com/bobalatte/,http://www.instagram.com/boba_latte,https://www.linkedin.com/company/boba-latte,,,,,,,,,,,,,Boba Latte,,"Boba Latte is your home for fresh brewed teas, smoothies, coffee and more. 
We also offer and extensive array of tapioca pearls, jellies and pudding.",,False,False
"boba tea, 75313, Dallas, TX, US",Fat Straws Boba & Mochi Donuts (Richardson),Fat Straws Boba And Mochi Donuts Richardson,https://fatstraws.com/,"Bubble tea store, Bakery, Cafe, Caterer, Coffee shop, Dessert shop, Donut shop, Juice shop, Tea house, Tea store",Bubble tea store,Bubble tea store,+1 469-726-2034,"1251 W Campbell Rd #230, Richardson, TX 75080",None,1251 W Campbell Rd #230,Richardson,75080,Texas,Texas,United States of America,US,32.9777365,-96.76241549999999,8926c874957ffff,America/Chicago,,False,4.6,439,"https://search.google.com/local/reviews?placeid=ChIJ6-7-A2IhTIYRB-tXkvV16bE&q=boba+tea,+75313,+Dallas,+TX,+US&authuser=0&hl=en&gl=US",,,9.0,10.0,27.0,70.0,323.0,252,https://lh3.googleusercontent.com/p/AF1QipMpOhqfukQX337uqYRXzCLvkOlIq0sQY1hSnL1x=w800-h500-k-no,https://lh3.googleusercontent.com/p/AF1QipMpOhqfukQX337uqYRXzCLvkOlIq0sQY1hSnL1x=w1600-h1000-k-no,,"{""Monday"": ""10AM-9PM"", ""Tuesday"": ""10AM-9PM"", ""Wednesday"": ""10AM-9PM"", ""Thursday"": ""10AM-9PM"", ""Friday"": ""10AM-9PM"", ""Saturday"": ""10AM-9PM"", ""Sunday"": ""Closed""}",Monday:10AM-9PM|Tuesday:10AM-9PM|Wednesday:10AM-9PM|Thursday:10AM-9PM|Friday:10AM-9PM|Saturday:10AM-9PM|Sunday:Closed,,,OPERATIONAL,"{""From the business"": {""Identifies as Asian-owned"": true, ""Identifies as women-owned"": true}, ""Service options"": {""Curbside pickup"": true, ""No-contact delivery"": true, ""Delivery"": true, ""Onsite services"": true, ""Takeout"": true, ""Dine-in"": true}, ""Highlights"": {""Great tea selection"": true}, ""Accessibility"": {""Wheelchair accessible entrance"": true, ""Wheelchair accessible parking lot"": true, ""Wheelchair accessible restroom"": true, ""Wheelchair accessible seating"": false}, ""Parking"": {""Free parking lot"": true, ""Free street parking"": true}, ""Other"": {""Identifies as women-owned"": true, ""Identifies as Asian-owned"": true}}",$,,https://lh4.googleusercontent.com/-LqTeUj8rh5w/AAAAAAAAAAI/AAAAAAAAAAA/RsVkjOaojH0/s44-p-k-no-ns-nd/photo.jpg,The largest of a local chain of bubble tea shops features the brand's only bakery for matcha donuts.,,True,111894699506362722489,Fat Straws Boba & Mochi Donuts,https://www.google.com/maps/contrib/111894699506362722489,,"https://www.google.com/viewer/chooseprovider?mid=/g/11h79mxwlf&g2lbs=AAEPWCtryNjepJCyzHnxzcBNG5kQmEQU3V71iUSGd_x_n4_fl-dLk3PnaTmbtK4chRh70PU9edMhCQXh3I2WIv892dXN2UVNsg%3D%3D&hl=en-US&gl=us&fo_m=MfohQo559jFvMUOzJVpjPL1YMfZ3bInYwBDuMfaXTPp5KXh-&utm_source=tactile&gei=9sMDaLyLGJb_7_UP_9SbiQo&ei=9sMDaLyLGJb_7_UP_9SbiQo&fo_s=OA,SOE&opi=79508299&ebb=1&cs=0&foub=mcpp",,,"https://www.google.com/maps/place/Fat+Straws+Boba+%26+Mochi+Donuts+%28Richardson%29/@32.9777365,-96.76241549999999,14z/data=!4m8!1m2!2m1!1sFat+Straws+Boba+%26+Mochi+Donuts+%28Richardson%29!3m4!1s0x864c216203feeeeb:0xb1e975f59257eb07!8m2!3d32.9777365!4d-96.76241549999999","https://www.google.com/maps/place/Fat+Straws+Boba+%26+Mochi+Donuts+%28Richardson%29/@32.9777365,-96.76241549999999,13.99z/data=!4m16!1m7!3m6!1s0x864c216203feeeeb:0xb1e975f59257eb07!2sFat+Straws+Boba+%26+Mochi+Donuts+%28Richardson%29!8m2!3d32.9777365!4d-96.76241549999999!16s%2Fg%2F11ckvg1dmb!3m7!1s0x864c216203feeeeb:0xb1e975f59257eb07!8m2!3d32.9777365!4d-96.76241549999999!9m1!1b1!16s%2Fg%2F11ckvg1dmb?entry=ttu",ChIJ6-7-A2IhTIYRB-tXkvV16bE,0x864c216203feeeeb:0xb1e975f59257eb07,12819907511869500167,/g/11h79mxwlf,-5626836561840051449,,axxxxe@fatstraws.com,INVALID,Cannot validate,,,,,,,,,,,,,,,,,,,,,,,,,https://www.facebook.com/fatstraws,https://www.instagram.com/fatstraws,,https://www.tiktok.com/@fatstraws,,,,,,,https://twitter.com/fatstraws,,,,,Delicious Bubble Tea and Mochi Donuts in Dallas: Fat Straws,Site Kit by Google 1.108.0,"Fat Straws Bubble Tea and Mochi Donuts. Each day we serve up boba drinks and fresh mochi donuts. Dallas, Arlington, Richardson, & Plano.",,False,True
"boba tea, 75223, Dallas, TX, US",Boba Heaven (Mesquite),Boba Heaven Mesquite,https://www.facebook.com/profile.php?id=61561334063379,"Bubble tea store, Coffee shop, Ice cream shop",Bubble tea store,Bubble tea store,+1 214-258-5400,"1220 N Town E Blvd Ste. 110, Mesquite, TX 75150",Mall East,1220 N Town E Blvd Ste. 110,Mesquite,75150,Texas,Texas,United States of America,US,32.8104003,-96.61387099999999,8926cb92c8bffff,America/Chicago,,False,4.8,143,"https://search.google.com/local/reviews?placeid=ChIJJb8_Xo-lToYRuyJsJTW5cEA&q=boba+tea,+75223,+Dallas,+TX,+US&authuser=0&hl=en&gl=US",,,1.0,5.0,6.0,2.0,129.0,170,https://lh3.googleusercontent.com/p/AF1QipPMBPwk4yieWkuRlNS34Itr7-04S62Nlf_B9lev=w800-h500-k-no,https://lh3.googleusercontent.com/p/AF1QipPMBPwk4yieWkuRlNS34Itr7-04S62Nlf_B9lev=w1600-h1000-k-no,,"{""Monday"": ""11:30AM-9PM"", ""Tuesday"": ""11:30AM-9PM"", ""Wednesday"": ""11:30AM-9PM"", ""Thursday"": ""11:30AM-9PM"", ""Friday"": ""11AM-9PM"", ""Saturday"": ""11AM-9PM"", ""Sunday"": ""11AM-9PM""}",Monday:11:30AM-9PM|Tuesday:11:30AM-9PM|Wednesday:11:30AM-9PM|Thursday:11:30AM-9PM|Friday:11AM-9PM|Saturday:11AM-9PM|Sunday:11AM-9PM,,,OPERATIONAL,"{""Service options"": {""Delivery"": true, ""Takeout"": true, ""Dine-in"": true}, ""Highlights"": {""Great tea selection"": true}, ""Accessibility"": {""Wheelchair accessible entrance"": true, ""Wheelchair accessible parking lot"": true}, ""Crowd"": {""LGBTQ+ friendly"": true, ""Transgender safespace"": true}, ""Parking"": {""Free parking lot"": true, ""Free street parking"": true}, ""Other"": {""LGBTQ+ friendly"": true}}",$,,https://lh3.googleusercontent.com/-pzgv6wdXEhQ/AAAAAAAAAAI/AAAAAAAAAAA/issFuElzVO8/s44-p-k-no-ns-nd/photo.jpg,,,True,113530542729071889845,Boba Heaven,https://www.google.com/maps/contrib/113530542729071889845,,"https://www.google.com/viewer/chooseprovider?mid=/g/11w3qb2jyx&g2lbs=AAEPWCu0FEULWyaS_7PHf6Ao9KVf-ncuhGdLpxo6lkkOPAnm0BBjYVlOLL7szpMTUZSAFPleOcyh8MqsKac-WIaSFtw5BNYp0A%3D%3D&hl=en-US&gl=us&fo_m=MfohQo559jFvMUOzJVpjPL1YMfZ3bInYwBDuMfaXTPp5KXh-&utm_source=tactile&gei=-8MDaNKaFfHnkPIPkcKsgQs&ei=-8MDaNKaFfHnkPIPkcKsgQs&fo_s=OA,SOE&opi=79508299&ebb=1&cs=0&foub=mcpp",,,"https://www.google.com/maps/place/Boba+Heaven+%28Mesquite%29/@32.8104003,-96.61387099999999,14z/data=!4m8!1m2!2m1!1sBoba+Heaven+%28Mesquite%29!3m4!1s0x864ea58f5e3fbf25:0x4070b935256c22bb!8m2!3d32.8104003!4d-96.61387099999999","https://www.google.com/maps/place/Boba+Heaven+%28Mesquite%29/@32.8104003,-96.61387099999999,13.99z/data=!4m16!1m7!3m6!1s0x864ea58f5e3fbf25:0x4070b935256c22bb!2sBoba+Heaven+%28Mesquite%29!8m2!3d32.8104003!4d-96.61387099999999!16s%2Fg%2F11ckvg1dmb!3m7!1s0x864ea58f5e3fbf25:0x4070b935256c22bb!8m2!3d32.8104003!4d-96.61387099999999!9m1!1b1!16s%2Fg%2F11ckvg1dmb?entry=ttu",ChIJJb8_Xo-lToYRuyJsJTW5cEA,0x864ea58f5e3fbf25:0x4070b935256c22bb,4643414853731230395,/g/11w3qb2jyx,4643414853731230395,,,,,,,,,,,,,,,,,,,,,,,,,,,,,,www.instagram.com,,,,,,,,,,,,,,,,,,,
"boba tea, 75223, Dallas, TX, US",Happy Lemon,Happy Lemon,https://happylemonusa.com/,Bubble tea store,Bubble tea store,Bubble tea store,+1 817-779-2220,"169 N Plano Rd, Richardson, TX 75081",None,169 N Plano Rd,Richardson,75081,Texas,Texas,United States of America,US,32.9471221,-96.70066899999999,8926c8295a3ffff,America/Chicago,,False,4.4,200,"https://search.google.com/local/reviews?placeid=ChIJGwAiXe0fTIYRNkjhKyiKrkA&q=boba+tea,+75223,+Dallas,+TX,+US&authuser=0&hl=en&gl=US",,,12.0,4.0,18.0,31.0,135.0,341,https://lh3.googleusercontent.com/p/AF1QipNbt5Ecm2Fvvi3jkCgAIHAi33SJZQomzIVtdevx=w800-h500-k-no,https://lh3.googleusercontent.com/p/AF1QipNbt5Ecm2Fvvi3jkCgAIHAi33SJZQomzIVtdevx=w1600-h1000-k-no,,"{""Monday"": ""11AM-10PM"", ""Tuesday"": ""11AM-10PM"", ""Wednesday"": ""11AM-10PM"", ""Thursday"": ""11AM-10PM"", ""Friday"": ""11AM-11PM"", ""Saturday"": ""11AM-11PM"", ""Sunday"": ""11AM-10PM""}",Monday:11AM-10PM|Tuesday:11AM-10PM|Wednesday:11AM-10PM|Thursday:11AM-10PM|Friday:11AM-11PM|Saturday:11AM-11PM|Sunday:11AM-10PM,,,OPERATIONAL,"{""Service options"": {""Delivery"": true, ""Takeout"": true, ""Dine-in"": true}, ""Highlights"": {""Great tea selection"": true}, ""Accessibility"": {""Wheelchair accessible entrance"": true, ""Wheelchair accessible parking lot"": true, ""Wheelchair accessible restroom"": true}}",$,,https://lh6.googleusercontent.com/-YS7wpqY7TQ4/AAAAAAAAAAI/AAAAAAAAAAA/7MUzPu9UtZU/s44-p-k-no-ns-nd/photo.jpg,,,True,102701658236933939055,Happy Lemon,https://www.google.com/maps/contrib/102701658236933939055,,"https://www.google.com/viewer/chooseprovider?mid=/g/11qpj1nxl_&g2lbs=AAEPWCvBQI4eLO0j7t7v8gES6T83t_LTVhfeoZWn-oX4XqNFXEBcJTOE4HCkVHWurExbzldPiQjP4tuZ7cvrWi4rOfgWa0wk-Q%3D%3D&hl=en-US&gl=us&fo_m=MfohQo559jFvMUOzJVpjPL1YMfZ3bInYwBDuMfaXTPp5KXh-&utm_source=tactile&gei=_cMDaJaGHeK70PEPodeY2A4&ei=_cMDaJaGHeK70PEPodeY2A4&fo_s=OA,SOE&opi=79508299&orderType=1&ebb=1&cs=0&foub=mcpp",,,"https://www.google.com/maps/place/Happy+Lemon/@32.9471221,-96.70066899999999,14z/data=!4m8!1m2!2m1!1sHappy+Lemon!3m4!1s0x864c1fed5d22001b:0x40ae8a282be14836!8m2!3d32.9471221!4d-96.70066899999999","https://www.google.com/maps/place/Happy+Lemon/@32.9471221,-96.70066899999999,13.99z/data=!4m16!1m7!3m6!1s0x864c1fed5d22001b:0x40ae8a282be14836!2sHappy+Lemon!8m2!3d32.9471221!4d-96.70066899999999!16s%2Fg%2F11ckvg1dmb!3m7!1s0x864c1fed5d22001b:0x40ae8a282be14836!8m2!3d32.9471221!4d-96.70066899999999!9m1!1b1!16s%2Fg%2F11ckvg1dmb?entry=ttu",ChIJGwAiXe0fTIYRNkjhKyiKrkA,0x864c1fed5d22001b:0x40ae8a282be14836,4660814569514551350,/g/11qpj1nxl_,4660814569514551350,,info@happylemonusa.com,INVALID,Invalid DNS,,,,,,portland@happylemonusa.com,UNKNOWN,Cannot validate,,,,,,fashionisland@happylemonusa.com,UNKNOWN,Cannot validate,,,,,,12814070946,,,https://www.facebook.com/happylemonglobal,https://www.instagram.com/happylemon.usa,,,,,,,,,,,,,,Happy Lemon USA - HAPPY LEMON USA,All in One SEO (AIOSEO) 4.4.8,"HAPPY LEMON's SUCCESS STORY ENJOY THE WORLD's YUMMIEST DRINK Happy Lemon is a world-leading beverage chain founded in 2006 by the Yummy-Town Group, a publicly listed tea culture company originating in Taiwan. They are the elite pioneers who originally brought and expanded the tea culture to Mainland China and Hong Kong. In 2014, Happy Lemon",,False,False
"boba tea, 75223, Dallas, TX, US",TEAZENTEA,Teazentea,http://www.teazentea.com/,"Bubble tea store, Coffee shop, Juice shop",Bubble tea store,Bubble tea store,+1 469-264-0658,"5255 N President George Bush Hwy Ste 420, Garland, TX 75040",None,5255 N President George Bush Hwy Ste 420,Garland,75040,Texas,Texas,United States of America,US,32.9637793,-96.64105529999999,8926c82a37bffff,America/Chicago,,False,4.5,85,"https://search.google.com/local/reviews?placeid=ChIJc6X_fp8dTIYRosWheAwSu_g&q=boba+tea,+75223,+Dallas,+TX,+US&authuser=0&hl=en&gl=US",,,6.0,1.0,4.0,4.0,70.0,238,https://lh3.googleusercontent.com/p/AF1QipNOSEv7QNkLStqUTYobVRXMlGmUI2unBNXrElRe=w800-h500-k-no,https://lh3.googleusercontent.com/p/AF1QipNOSEv7QNkLStqUTYobVRXMlGmUI2unBNXrElRe=w1600-h1000-k-no,,"{""Monday"": ""11AM-10PM"", ""Tuesday"": ""11AM-10PM"", ""Wednesday"": ""11AM-10PM"", ""Thursday"": ""11AM-10PM"", ""Friday"": ""11AM-10PM"", ""Saturday"": ""11AM-10PM"", ""Sunday"": ""11AM-10PM""}",Monday:11AM-10PM|Tuesday:11AM-10PM|Wednesday:11AM-10PM|Thursday:11AM-10PM|Friday:11AM-10PM|Saturday:11AM-10PM|Sunday:11AM-10PM,,,OPERATIONAL,"{""From the business"": {""Identifies as women-owned"": true}, ""Service options"": {""Curbside pickup"": true, ""No-contact delivery"": true, ""Delivery"": true, ""Takeout"": true, ""Dine-in"": true}, ""Highlights"": {""Great tea selection"": true}, ""Accessibility"": {""Wheelchair accessible entrance"": true, ""Wheelchair accessible parking lot"": true, ""Wheelchair accessible restroom"": true, ""Wheelchair accessible seating"": true}, ""Parking"": {""Free parking lot"": true, ""Free street parking"": true}, ""Other"": {""Identifies as women-owned"": true}}",$,,https://lh4.googleusercontent.com/-zU1D6lwi0IE/AAAAAAAAAAI/AAAAAAAAAAA/puHA2H9VuK4/s44-p-k-no-ns-nd/photo.jpg,,,True,113028596189567670507,TEAZENTEA,https://www.google.com/maps/contrib/113028596189567670507,,"https://www.google.com/viewer/chooseprovider?mid=/g/11ty4s_8fr&g2lbs=AAEPWCuOgDVLWxwyOQibCYlPz4u0k6cd85oP4lnXaKFWVqBz220wETH7R4qtafirB7oKadmBdArhKDgTpyxQS54yLBz2ikxQJw%3D%3D&hl=en-US&gl=us&fo_m=MfohQo559jFvMUOzJVpjPL1YMfZ3bInYwBDuMfaXTPp5KXh-&utm_source=tactile&gei=_cMDaJaGHeK70PEPodeY2A4&ei=_cMDaJaGHeK70PEPodeY2A4&fo_s=OA,SOE&opi=79508299&ebb=1&cs=0&foub=mcpp",,,"https://www.google.com/maps/place/TEAZENTEA/@32.9637793,-96.64105529999999,14z/data=!4m8!1m2!2m1!1sTEAZENTEA!3m4!1s0x864c1d9f7effa573:0xf8bb120c78a1c5a2!8m2!3d32.9637793!4d-96.64105529999999","https://www.google.com/maps/place/TEAZENTEA/@32.9637793,-96.64105529999999,13.99z/data=!4m16!1m7!3m6!1s0x864c1d9f7effa573:0xf8bb120c78a1c5a2!2sTEAZENTEA!8m2!3d32.9637793!4d-96.64105529999999!16s%2Fg%2F11ckvg1dmb!3m7!1s0x864c1d9f7effa573:0xf8bb120c78a1c5a2!8m2!3d32.9637793!4d-96.64105529999999!9m1!1b1!16s%2Fg%2F11ckvg1dmb?entry=ttu",ChIJc6X_fp8dTIYRosWheAwSu_g,0x864c1d9f7effa573:0xf8bb120c78a1c5a2,17922938986823796130,/g/11ty4s_8fr,-523805086885755486,,npleasanton@teazentea.com,INVALID,Invalid SMTP,,,,,,nsparta505@teazentea.com,INVALID,Invalid SMTP,,,,,,ndublin@teazentea.com,INVALID,Invalid SMTP,,,,,,,,,,,,,,,,,,,,,,,,Home | TEAZENTEA,Square Online,"Welcome to TeaZenTea. We offer a wide variety of premium boba tea, fruit tea, milk tea and such. Come visit us !",,False,False
"boba tea, 75223, Dallas, TX, US",DaBoba Richardson,Daboba Richardson,https://www.dabobarichardson.com/,Bubble tea store,Bubble tea store,Bubble tea store,+1 945-899-4202,"1300 E Belt Line Rd Suite 400B, Richardson, TX 75081",None,1300 E Belt Line Rd Suite 400B,Richardson,75081,Texas,Texas,United States of America,US,32.9450127,-96.70172389999999,8926c8295a3ffff,America/Chicago,,False,3.8,26,"https://search.google.com/local/reviews?placeid=ChIJ62BGYcEfTIYRXQXBl5pbAWA&q=boba+tea,+75223,+Dallas,+TX,+US&authuser=0&hl=en&gl=US",,,5.0,1.0,3.0,1.0,16.0,82,https://lh3.googleusercontent.com/p/AF1QipPKDG3IAn9cKWH2JBTTU8UD6yTusAsVj9zz5AlC=w800-h500-k-no,https://lh3.googleusercontent.com/p/AF1QipPKDG3IAn9cKWH2JBTTU8UD6yTusAsVj9zz5AlC=w1600-h1000-k-no,,"{""Monday"": ""11AM-10PM"", ""Tuesday"": ""11AM-10PM"", ""Wednesday"": ""11AM-10PM"", ""Thursday"": ""11AM-10PM"", ""Friday"": ""11AM-10PM"", ""Saturday"": ""11AM-10PM"", ""Sunday"": ""11AM-10PM""}",Monday:11AM-10PM|Tuesday:11AM-10PM|Wednesday:11AM-10PM|Thursday:11AM-10PM|Friday:11AM-10PM|Saturday:11AM-10PM|Sunday:11AM-10PM,,,OPERATIONAL,"{""Service options"": {""Takeout"": true, ""Dine-in"": true}, ""Highlights"": {""Great tea selection"": true}, ""Accessibility"": {""Wheelchair accessible entrance"": true, ""Wheelchair accessible parking lot"": true, ""Wheelchair accessible restroom"": true}}",$,,https://lh6.googleusercontent.com/-t_8iTGvrMXI/AAAAAAAAAAI/AAAAAAAAAAA/iv6-qmyfHmo/s44-p-k-no-ns-nd/photo.jpg,,,True,114606215683003980015,DaBoba Richardson,https://www.google.com/maps/contrib/114606215683003980015,,"https://www.google.com/viewer/chooseprovider?mid=/g/11twd9mq57&g2lbs=AAEPWCsVGwSTmsTiU4N4MDa07xPrVQiXkCOta20zMO7CgvJ7lM_UzRFkN105pdHmFf1-w2B6F84ncOaAyDvSFX5-aJIH4gm_eQ%3D%3D&hl=en-US&gl=us&fo_m=MfohQo559jFvMUOzJVpjPL1YMfZ3bInYwBDuMfaXTPp5KXh-&utm_source=tactile&gei=_cMDaJaGHeK70PEPodeY2A4&ei=_cMDaJaGHeK70PEPodeY2A4&fo_s=OA,SOE&opi=79508299&orderType=2&ebb=1&cs=0&foub=mcpp",,,"https://www.google.com/maps/place/DaBoba+Richardson/@32.9450127,-96.70172389999999,14z/data=!4m8!1m2!2m1!1sDaBoba+Richardson!3m4!1s0x864c1fc1614660eb:0x60015b9a97c1055d!8m2!3d32.9450127!4d-96.70172389999999","https://www.google.com/maps/place/DaBoba+Richardson/@32.9450127,-96.70172389999999,13.99z/data=!4m16!1m7!3m6!1s0x864c1fc1614660eb:0x60015b9a97c1055d!2sDaBoba+Richardson!8m2!3d32.9450127!4d-96.70172389999999!16s%2Fg%2F11ckvg1dmb!3m7!1s0x864c1fc1614660eb:0x60015b9a97c1055d!8m2!3d32.9450127!4d-96.70172389999999!9m1!1b1!16s%2Fg%2F11ckvg1dmb?entry=ttu",ChIJ62BGYcEfTIYRXQXBl5pbAWA,0x864c1fc1614660eb:0x60015b9a97c1055d,6917911222146893149,/g/11twd9mq57,6917911222146893149,,,,,,,,,,,,,,,,,,,,,,,,,,9458994202,,,https://www.facebook.com/people/,,,,,,,,,,,,,,,Home - Daboba Bear,,Online ordering menu for Daboba Bear.,,False,True
"boba tea, 75223, Dallas, TX, US",Boba Heaven (Garland),Boba Heaven Garland,https://m.facebook.com/bobaheaven/,"Bubble tea store, Coffee shop, Tea house",Bubble tea store,Bubble tea store,+1 972-530-7850,"3112 N Jupiter Rd suite 311, Garland, TX 75044",None,3112 N Jupiter Rd suite 311,Garland,75044,Texas,Texas,United States of America,US,32.9457604,-96.6805461,8926c828623ffff,America/Chicago,,False,4.5,491,"https://search.google.com/local/reviews?placeid=ChIJfZOmbYoeTIYR5r2SjWGS3Dk&q=boba+tea,+75223,+Dallas,+TX,+US&authuser=0&hl=en&gl=US",,,31.0,12.0,13.0,41.0,394.0,288,https://lh3.googleusercontent.com/p/AF1QipNyt-flQlWBdVH4xBPk-AAk93iYJZB9jYDFq0ho=w800-h500-k-no,https://lh3.googleusercontent.com/p/AF1QipNyt-flQlWBdVH4xBPk-AAk93iYJZB9jYDFq0ho=w1600-h1000-k-no,,"{""Monday"": ""11AM-10PM"", ""Tuesday"": ""11AM-10PM"", ""Wednesday"": ""11AM-10PM"", ""Thursday"": ""11AM-10PM"", ""Friday"": ""11AM-10PM"", ""Saturday"": ""11AM-10PM"", ""Sunday"": ""11AM-10PM""}",Monday:11AM-10PM|Tuesday:11AM-10PM|Wednesday:11AM-10PM|Thursday:11AM-10PM|Friday:11AM-10PM|Saturday:11AM-10PM|Sunday:11AM-10PM,,,OPERATIONAL,"{""Service options"": {""Delivery"": true, ""Takeout"": true, ""Dine-in"": true}, ""Highlights"": {""Great tea selection"": true}, ""Accessibility"": {""Wheelchair accessible entrance"": true, ""Wheelchair accessible parking lot"": true, ""Assistive hearing loop"": false, ""Wheelchair accessible seating"": false}, ""Parking"": {""Free parking lot"": true, ""Free street parking"": true}}",$,,https://lh5.googleusercontent.com/-S3fdT8Et4Jo/AAAAAAAAAAI/AAAAAAAAAAA/CRWIKHe_CwY/s44-p-k-no-ns-nd/photo.jpg,"Bubble, milk & other styles of tea are served at the counter in a chill space with seating & Wi-Fi.",,True,113805023682632354612,Boba Heaven,https://www.google.com/maps/contrib/113805023682632354612,,"https://www.google.com/viewer/chooseprovider?mid=/g/1q6kk9jfp&g2lbs=AAEPWCu-6795aG2kcXdv7x6lXNbV_iglFZK5cblgduwR2TErcSqWf4SKcuiDM2AY4fLEzUAbUwcV1EVouseTQNU-Uw_tryLO7w%3D%3D&hl=en-US&gl=us&fo_m=MfohQo559jFvMUOzJVpjPL1YMfZ3bInYwBDuMfaXTPp5KXh-&utm_source=tactile&gei=_cMDaJaGHeK70PEPodeY2A4&ei=_cMDaJaGHeK70PEPodeY2A4&fo_s=OA,SOE&opi=79508299&ebb=1&cs=0&foub=mcpp",,,"https://www.google.com/maps/place/Boba+Heaven+%28Garland%29/@32.9457604,-96.6805461,14z/data=!4m8!1m2!2m1!1sBoba+Heaven+%28Garland%29!3m4!1s0x864c1e8a6da6937d:0x39dc92618d92bde6!8m2!3d32.9457604!4d-96.6805461","https://www.google.com/maps/place/Boba+Heaven+%28Garland%29/@32.9457604,-96.6805461,13.99z/data=!4m16!1m7!3m6!1s0x864c1e8a6da6937d:0x39dc92618d92bde6!2sBoba+Heaven+%28Garland%29!8m2!3d32.9457604!4d-96.6805461!16s%2Fg%2F11ckvg1dmb!3m7!1s0x864c1e8a6da6937d:0x39dc92618d92bde6!8m2!3d32.9457604!4d-96.6805461!9m1!1b1!16s%2Fg%2F11ckvg1dmb?entry=ttu",ChIJfZOmbYoeTIYR5r2SjWGS3Dk,0x864c1e8a6da6937d:0x39dc92618d92bde6,4169368302722924006,/g/1q6kk9jfp,4169368302722924006,,bobaheaven311@gmail.com,RECEIVING,Verified,,,,,,,,,,,,,,,,,,,,,,9725307850,,,https://www.facebook.com/bobaheaven,,,,,,,,,,,,,,,,,,,,
"boba tea, 75223, Dallas, TX, US",Junbi Matcha,Junbi Matcha,http://junbishop.com/,"Tea house, Cafe, Coffee shop, Dessert shop",Tea house,Tea house,+1 469-779-7423,"326 W Campbell Rd, Richardson, TX 75080",None,326 W Campbell Rd,Richardson,75080,Texas,Texas,United States of America,US,32.976213,-96.72263799999999,8926c82b223ffff,America/Chicago,,False,4.4,262,"https://search.google.com/local/reviews?placeid=ChIJj1bwPGcfTIYR3PfZ-cAD46k&q=boba+tea,+75223,+Dallas,+TX,+US&authuser=0&hl=en&gl=US",,,16.0,9.0,22.0,25.0,190.0,532,https://lh3.googleusercontent.com/p/AF1QipNOULJSghs6O3xE16W-48exTjLWxsIYRkLuVMG7=w800-h500-k-no,https://lh3.googleusercontent.com/p/AF1QipNOULJSghs6O3xE16W-48exTjLWxsIYRkLuVMG7=w1600-h1000-k-no,,"{""Monday"": ""11AM-9PM"", ""Tuesday"": ""11AM-9PM"", ""Wednesday"": ""11AM-9PM"", ""Thursday"": ""11AM-9PM"", ""Friday"": ""11AM-9PM"", ""Saturday"": ""11AM-9PM"", ""Sunday"": ""11AM-9PM""}",Monday:11AM-9PM|Tuesday:11AM-9PM|Wednesday:11AM-9PM|Thursday:11AM-9PM|Friday:11AM-9PM|Saturday:11AM-9PM|Sunday:11AM-9PM,,,OPERATIONAL,"{""Service options"": {""Delivery"": true, ""Takeout"": true, ""Dine-in"": true}, ""Highlights"": {""Great tea selection"": true}, ""Accessibility"": {""Wheelchair accessible entrance"": true, ""Wheelchair accessible parking lot"": true, ""Wheelchair accessible restroom"": true, ""Wheelchair accessible seating"": true}, ""Parking"": {""Free parking lot"": true, ""Free street parking"": true}}",$,,https://lh3.googleusercontent.com/-BtzKiZ2SPs0/AAAAAAAAAAI/AAAAAAAAAAA/31d0jpVjcQI/s44-p-k-no-ns-nd/photo.jpg,,,True,102147621568556213890,Junbi Matcha,https://www.google.com/maps/contrib/102147621568556213890,,"https://www.google.com/viewer/chooseprovider?mid=/g/11n0b5yg1g&g2lbs=AAEPWCu4UyISQz4YfTEtTVFkvYzxk5Qb79-GnaKJiEXwq5X8uqkgluByyMhEMvvoa5C3gguniy2wYCCwM__xbtozRSe-FnebiA%3D%3D&hl=en-US&gl=us&fo_m=MfohQo559jFvMUOzJVpjPL1YMfZ3bInYwBDuMfaXTPp5KXh-&utm_source=tactile&gei=_cMDaJaGHeK70PEPodeY2A4&ei=_cMDaJaGHeK70PEPodeY2A4&fo_s=OA,SOE&opi=79508299&ebb=1&cs=0&foub=mcpp",,,"https://www.google.com/maps/place/Junbi+Matcha/@32.976213,-96.72263799999999,14z/data=!4m8!1m2!2m1!1sJunbi+Matcha!3m4!1s0x864c1f673cf0568f:0xa9e303c0f9d9f7dc!8m2!3d32.976213!4d-96.72263799999999","https://www.google.com/maps/place/Junbi+Matcha/@32.976213,-96.72263799999999,13.99z/data=!4m16!1m7!3m6!1s0x864c1f673cf0568f:0xa9e303c0f9d9f7dc!2sJunbi+Matcha!8m2!3d32.976213!4d-96.72263799999999!16s%2Fg%2F11ckvg1dmb!3m7!1s0x864c1f673cf0568f:0xa9e303c0f9d9f7dc!8m2!3d32.976213!4d-96.72263799999999!9m1!1b1!16s%2Fg%2F11ckvg1dmb?entry=ttu",ChIJj1bwPGcfTIYR3PfZ-cAD46k,0x864c1f673cf0568f:0xa9e303c0f9d9f7dc,12241632339483555804,/g/11n0b5yg1g,-6205111734225995812,,orders@junbishop.com,RECEIVING,SMTP validated,,,,,,westwood@junbishop.com,RECEIVING,SMTP validated,,,,,,rowlandheights@junbishop.com,RECEIVING,SMTP validated,,,,,,13234883205,,,https://www.facebook.com/106791877530231,,,,,,,,,,,,,,,Junbi,,"Junbi is a movement that draws on the strength of the earth, delivering energy and goodness through matcha, to help you prepare daringly to push your limits and walk your own path",,False,False
"boba tea, 75223, Dallas, TX, US",Bubble Leaf Boba Lounge,Bubble Leaf Boba Lounge,http://www.bubbleleaf.net/,Bubble tea store,Bubble tea store,Bubble tea store,+1 469-399-0843,"427 N Town E Blvd Suite 109, Mesquite, TX 75150",Northeast Commercial,427 N Town E Blvd Suite 109,Mesquite,75150,Texas,Texas,United States of America,US,32.8148574,-96.602066,8926c82d227ffff,America/Chicago,,False,4.3,351,"https://search.google.com/local/reviews?placeid=ChIJm6zg2EylToYRLiBj5NS5iPY&q=boba+tea,+75223,+Dallas,+TX,+US&authuser=0&hl=en&gl=US",,,41.0,10.0,19.0,28.0,253.0,194,https://lh3.googleusercontent.com/p/AF1QipP_N6HCrVTR5ZidV5bkAU1773R8-Wr_ZGAReB6l=w800-h500-k-no,https://lh3.googleusercontent.com/p/AF1QipP_N6HCrVTR5ZidV5bkAU1773R8-Wr_ZGAReB6l=w1600-h1000-k-no,,"{""Monday"": ""12-9PM"", ""Tuesday"": ""12-9PM"", ""Wednesday"": ""12-9PM"", ""Thursday"": ""12-9PM"", ""Friday"": ""12-9PM"", ""Saturday"": ""12-9PM"", ""Sunday"": ""12-9PM""}",Monday:12-9PM|Tuesday:12-9PM|Wednesday:12-9PM|Thursday:12-9PM|Friday:12-9PM|Saturday:12-9PM|Sunday:12-9PM,,,OPERATIONAL,"{""Service options"": {""No-contact delivery"": true, ""Delivery"": true, ""Takeout"": true, ""Dine-in"": true}, ""Highlights"": {""Great tea selection"": true}, ""Accessibility"": {""Wheelchair accessible entrance"": true, ""Wheelchair accessible parking lot"": true, ""Wheelchair accessible restroom"": true}}",$,,https://lh5.googleusercontent.com/-oluS89GRFUY/AAAAAAAAAAI/AAAAAAAAAAA/w7UDkatjvMw/s44-p-k-no-ns-nd/photo.jpg,,,True,114306141221331101971,Bubble Leaf Boba Lounge,https://www.google.com/maps/contrib/114306141221331101971,,"https://www.google.com/viewer/chooseprovider?mid=/g/11pt_y7j73&g2lbs=AAEPWCuOQC4EKm2Wuq7xYuiHyzj53aYsvB0Ezxn2gpwaUN_T80PsWHGdWZTcxBbU6K4TNce7owsdj8ha5nmoyH6eMNqreLAIfw%3D%3D&hl=en-US&gl=us&fo_m=MfohQo559jFvMUOzJVpjPL1YMfZ3bInYwBDuMfaXTPp5KXh-&utm_source=tactile&gei=_cMDaJaGHeK70PEPodeY2A4&ei=_cMDaJaGHeK70PEPodeY2A4&fo_s=OA,SOE&opi=79508299&ebb=1&cs=0&foub=mcpp",,,"https://www.google.com/maps/place/Bubble+Leaf+Boba+Lounge/@32.8148574,-96.602066,14z/data=!4m8!1m2!2m1!1sBubble+Leaf+Boba+Lounge!3m4!1s0x864ea54cd8e0ac9b:0xf688b9d4e463202e!8m2!3d32.8148574!4d-96.602066","https://www.google.com/maps/place/Bubble+Leaf+Boba+Lounge/@32.8148574,-96.602066,13.99z/data=!4m16!1m7!3m6!1s0x864ea54cd8e0ac9b:0xf688b9d4e463202e!2sBubble+Leaf+Boba+Lounge!8m2!3d32.8148574!4d-96.602066!16s%2Fg%2F11ckvg1dmb!3m7!1s0x864ea54cd8e0ac9b:0xf688b9d4e463202e!8m2!3d32.8148574!4d-96.602066!9m1!1b1!16s%2Fg%2F11ckvg1dmb?entry=ttu",ChIJm6zg2EylToYRLiBj5NS5iPY,0x864ea54cd8e0ac9b:0xf688b9d4e463202e,17764653054178828334,/g/11pt_y7j73,-682091019530723282,,,,,,,,,,,,,,,,,,,,,,,,,,,,,,,,,,,,,,,,,,,,Bubble leaf,WordPress 5.8.3,,,,
"boba tea, 75223, Dallas, TX, US",Bubbleology,Bubbleology,https://bubbleologyusa.com/,Bubble tea store,Bubble tea store,Bubble tea store,+1 972-807-8700,"118 E Belt Line Rd, Richardson, TX 75081",None,118 E Belt Line Rd,Richardson,75081,Texas,Texas,United States of America,US,32.948599,-96.7311063,8926c829093ffff,America/Chicago,,False,4.0,84,"https://search.google.com/local/reviews?placeid=ChIJJykua6gfTIYRjKrQk7m7C3o&q=boba+tea,+75223,+Dallas,+TX,+US&authuser=0&hl=en&gl=US",,,12.0,3.0,7.0,9.0,53.0,74,https://lh3.googleusercontent.com/p/AF1QipPdjX6_YeKnT9rEtQ33fe0EyTLi8YwZnNNHyok2=w800-h500-k-no,https://lh3.googleusercontent.com/p/AF1QipPdjX6_YeKnT9rEtQ33fe0EyTLi8YwZnNNHyok2=w1600-h1000-k-no,,"{""Monday"": ""10AM-2AM"", ""Tuesday"": ""10AM-2AM"", ""Wednesday"": ""10AM-2AM"", ""Thursday"": ""10AM-2AM"", ""Friday"": ""10AM-2AM"", ""Saturday"": ""10AM-2AM"", ""Sunday"": ""10AM-2AM""}",Monday:10AM-2AM|Tuesday:10AM-2AM|Wednesday:10AM-2AM|Thursday:10AM-2AM|Friday:10AM-2AM|Saturday:10AM-2AM|Sunday:10AM-2AM,,,OPERATIONAL,"{""Service options"": {""Takeout"": true, ""Dine-in"": true}, ""Highlights"": {""Great tea selection"": true}, ""Accessibility"": {""Wheelchair accessible entrance"": true, ""Wheelchair accessible parking lot"": true}}",,,https://lh4.googleusercontent.com/-onhnfAGDfbc/AAAAAAAAAAI/AAAAAAAAAAA/7sf5wib__5I/s44-p-k-no-ns-nd/photo.jpg,,,True,105839033837384215752,Bubbleology,https://www.google.com/maps/contrib/105839033837384215752,,,,,"https://www.google.com/maps/place/Bubbleology/@32.948599,-96.7311063,14z/data=!4m8!1m2!2m1!1sBubbleology!3m4!1s0x864c1fa86b2e2927:0x7a0bbbb993d0aa8c!8m2!3d32.948599!4d-96.7311063","https://www.google.com/maps/place/Bubbleology/@32.948599,-96.7311063,13.99z/data=!4m16!1m7!3m6!1s0x864c1fa86b2e2927:0x7a0bbbb993d0aa8c!2sBubbleology!8m2!3d32.948599!4d-96.7311063!16s%2Fg%2F11ckvg1dmb!3m7!1s0x864c1fa86b2e2927:0x7a0bbbb993d0aa8c!8m2!3d32.948599!4d-96.7311063!9m1!1b1!16s%2Fg%2F11ckvg1dmb?entry=ttu",ChIJJykua6gfTIYRjKrQk7m7C3o,0x864c1fa86b2e2927:0x7a0bbbb993d0aa8c,8794329103094295180,/g/11trdwxm0k,8794329103094295180,,customerservice@bubbleology.co.uk,RECEIVING,SMTP validated,,,,,,assad@bubbleology.co.uk,RECEIVING,SMTP validated,,,,,,ccustomerservice@bubbleology.co.uk,INVALID,SMTP validated,,,,,,,,,https://www.facebook.com/BubbleologyUSA,https://www.instagram.com/BubbleologyUSA,,,,,,,,,https://twitter.com/Bubbleology_USA,,,,,Bubbleology | Bubble Tea in the USA,Redux 4.3.13,Bubble Tea is the name given to the wide variety of refreshing flavored fruit teas and milk teas served ice cold or piping hot with chewy tapioca balls that you suck up through a big fat straw! Yum!,,,
"boba tea, 75223, Dallas, TX, US",Ding Tea South Garland,Ding Tea South Garland,https://www.dingtea.com/menu/USA_TX/,Bubble tea store,Bubble tea store,Bubble tea store,+1 214-484-7593,"911 W Centerville Rd, Garland, TX 75041",None,911 W Centerville Rd,Garland,75041,Texas,Texas,United States of America,US,32.8602975,-96.6444813,8926cb924b3ffff,America/Chicago,,False,4.4,78,"https://search.google.com/local/reviews?placeid=ChIJ2bYh_B6nToYRA4ju_WQOAbQ&q=boba+tea,+75223,+Dallas,+TX,+US&authuser=0&hl=en&gl=US",,,8.0,2.0,3.0,1.0,64.0,60,https://lh3.googleusercontent.com/p/AF1QipOg1_ODkBjyB0W9BWEETO9ZdRL5twEYv2S6PcTt=w800-h500-k-no,https://lh3.googleusercontent.com/p/AF1QipOg1_ODkBjyB0W9BWEETO9ZdRL5twEYv2S6PcTt=w1600-h1000-k-no,,"{""Monday"": ""11AM-10PM"", ""Tuesday"": ""11AM-10PM"", ""Wednesday"": ""11AM-10PM"", ""Thursday"": ""11AM-10PM"", ""Friday"": ""11AM-11PM"", ""Saturday"": ""11AM-11PM"", ""Sunday"": ""11AM-10PM""}",Monday:11AM-10PM|Tuesday:11AM-10PM|Wednesday:11AM-10PM|Thursday:11AM-10PM|Friday:11AM-11PM|Saturday:11AM-11PM|Sunday:11AM-10PM,,,OPERATIONAL,"{""Service options"": {""Onsite services"": true, ""Takeout"": true, ""Dine-in"": true}, ""Highlights"": {""Great tea selection"": true}, ""Accessibility"": {""Wheelchair accessible entrance"": true, ""Wheelchair accessible parking lot"": true}}",$,,https://lh6.googleusercontent.com/-N122rl6TVto/AAAAAAAAAAI/AAAAAAAAAAA/BD-dG7gSldM/s44-p-k-no-ns-nd/photo.jpg,,,True,102026508305769545782,Ding Tea South Garland,https://www.google.com/maps/contrib/102026508305769545782,,,,,"https://www.google.com/maps/place/Ding+Tea+South+Garland/@32.8602975,-96.6444813,14z/data=!4m8!1m2!2m1!1sDing+Tea+South+Garland!3m4!1s0x864ea71efc21b6d9:0xb4010e64fdee8803!8m2!3d32.8602975!4d-96.6444813","https://www.google.com/maps/place/Ding+Tea+South+Garland/@32.8602975,-96.6444813,13.99z/data=!4m16!1m7!3m6!1s0x864ea71efc21b6d9:0xb4010e64fdee8803!2sDing+Tea+South+Garland!8m2!3d32.8602975!4d-96.6444813!16s%2Fg%2F11ckvg1dmb!3m7!1s0x864ea71efc21b6d9:0xb4010e64fdee8803!8m2!3d32.8602975!4d-96.6444813!9m1!1b1!16s%2Fg%2F11ckvg1dmb?entry=ttu",ChIJ2bYh_B6nToYRA4ju_WQOAbQ,0x864ea71efc21b6d9:0xb4010e64fdee8803,12970664228723525635,/g/11vf09mwbg,-5476079844986025981,,dingteamk@dingtea.com,RECEIVING,SMTP validated,,,,,,dingteaofficial@hq.dingtea.com,RECEIVING,SMTP validated,,,,,,dingteanationalcity@gmail.com,RECEIVING,SMTP validated,,,,,,0422530011,16197736089,19092753740,https://www.facebook.com/DingTeaKaty/,https://www.instagram.com/dingteaofficial,,,,,,,,,,,,,,Delicate Tea Culture by Ding Tea,,"Our principle is to promote our brand and Taiwanese tea culture all over the world. We focus on “blending fresh tea “, “strict tea selection”, “exclusive and unique taste”. We adhere to the professional quality, and integrate into the perfect presentation of the life experience, exquisite taste and perfect charm to sweep the world. Shake For Life!","Tea, Drink, Taiwanese tea culture, Ding Tea",False,True
"boba tea, 75223, Dallas, TX, US",YiFang Taiwan Fruit Tea-Richardson,Yifang Taiwan Fruit Tea Richardson,https://www.yifangteaglobal.com/,Bubble tea store,Bubble tea store,Bubble tea store,+1 214-758-0391,"1386 E Belt Line Rd, Richardson, TX 75081",None,1386 E Belt Line Rd,Richardson,75081,Texas,Texas,United States of America,US,32.9435305,-96.70067829999999,8926c8295afffff,America/Chicago,,False,4.9,52,"https://search.google.com/local/reviews?placeid=ChIJGyxed4cfTIYRWNpblTGRr9g&q=boba+tea,+75223,+Dallas,+TX,+US&authuser=0&hl=en&gl=US",,,1.0,0.0,0.0,0.0,51.0,108,https://lh3.googleusercontent.com/gps-proxy/ALd4DhGZcWmXNgchogxZk0CysbIyjilX8PoKtEOiJN1xD70zvj_FndmMwFX_C6KGXgIrMtgU6w5Dkd-1-m23P9PJjqS5OvP6nLbKt6BOV5IEWdyj9fJvCTTmi2PyxMnVJsurtY3vQy4RCi08JJIeZmn3JqSAnhmQTRQg79N-xvJgNZzUsiyYKt6ZQnDQhA=w800-h500-k-no,https://lh3.googleusercontent.com/gps-proxy/ALd4DhGZcWmXNgchogxZk0CysbIyjilX8PoKtEOiJN1xD70zvj_FndmMwFX_C6KGXgIrMtgU6w5Dkd-1-m23P9PJjqS5OvP6nLbKt6BOV5IEWdyj9fJvCTTmi2PyxMnVJsurtY3vQy4RCi08JJIeZmn3JqSAnhmQTRQg79N-xvJgNZzUsiyYKt6ZQnDQhA=w1600-h1000-k-no,,"{""Monday"": ""11AM-9PM"", ""Tuesday"": ""11AM-9PM"", ""Wednesday"": ""11AM-9PM"", ""Thursday"": ""11AM-9PM"", ""Friday"": ""11AM-10PM"", ""Saturday"": ""11AM-10PM"", ""Sunday"": ""11AM-9PM""}",Monday:11AM-9PM|Tuesday:11AM-9PM|Wednesday:11AM-9PM|Thursday:11AM-9PM|Friday:11AM-10PM|Saturday:11AM-10PM|Sunday:11AM-9PM,,,OPERATIONAL,"{""From the business"": {""Identifies as Asian-owned"": true, ""Identifies as veteran-owned"": true}, ""Service options"": {""Takeout"": true, ""Dine-in"": true}, ""Highlights"": {""Great tea selection"": true}, ""Accessibility"": {""Wheelchair accessible entrance"": true, ""Wheelchair accessible parking lot"": true, ""Wheelchair accessible restroom"": true, ""Wheelchair accessible seating"": true}, ""Crowd"": {""LGBTQ+ friendly"": true, ""Transgender safespace"": true}, ""Other"": {""LGBTQ+ friendly"": true, ""Identifies as veteran-owned"": true, ""Identifies as Asian-owned"": true}}",$,,https://lh4.googleusercontent.com/-2ayzUt5B0tQ/AAAAAAAAAAI/AAAAAAAAAAA/kn5xmR8DGhM/s44-p-k-no-ns-nd/photo.jpg,,,True,108521609276653511655,YiFang Taiwan Fruit Tea-Richardson,https://www.google.com/maps/contrib/108521609276653511655,,"https://www.google.com/viewer/chooseprovider?mid=/g/11lp8_78r0&g2lbs=AAEPWCsTTE163mQM654pRGFAUul0103At5oS2W7lW1Eh7BJ6SOTohjNdpxRLf6xdv7qvfBBctW-qxmCBRpXvRBT-DYHZkpTBsw%3D%3D&hl=en-US&gl=us&fo_m=MfohQo559jFvMUOzJVpjPL1YMfZ3bInYwBDuMfaXTPp5KXh-&utm_source=tactile&gei=_cMDaJaGHeK70PEPodeY2A4&ei=_cMDaJaGHeK70PEPodeY2A4&fo_s=OA,SOE&opi=79508299&ebb=1&cs=0&foub=mcpp",,,"https://www.google.com/maps/place/YiFang+Taiwan+Fruit+Tea-Richardson/@32.9435305,-96.70067829999999,14z/data=!4m8!1m2!2m1!1sYiFang+Taiwan+Fruit+Tea-Richardson!3m4!1s0x864c1f87775e2c1b:0xd8af9131955bda58!8m2!3d32.9435305!4d-96.70067829999999","https://www.google.com/maps/place/YiFang+Taiwan+Fruit+Tea-Richardson/@32.9435305,-96.70067829999999,13.99z/data=!4m16!1m7!3m6!1s0x864c1f87775e2c1b:0xd8af9131955bda58!2sYiFang+Taiwan+Fruit+Tea-Richardson!8m2!3d32.9435305!4d-96.70067829999999!16s%2Fg%2F11ckvg1dmb!3m7!1s0x864c1f87775e2c1b:0xd8af9131955bda58!8m2!3d32.9435305!4d-96.70067829999999!9m1!1b1!16s%2Fg%2F11ckvg1dmb?entry=ttu",ChIJGyxed4cfTIYRWNpblTGRr9g,0x864c1f87775e2c1b:0xd8af9131955bda58,15613858075262048856,/g/11lp8_78r0,-2832885998447502760,,,,,,,,,,,,,,,,,,,,,,,,,,0423936418,,,https://www.facebook.com/yifangtea,https://www.instagram.com/yifang.global,,,,,,,,,,,,,,YIFANG FRUIT TEA,,"YIFANG used to depict memories with deliciousness once. Nowadays, we enrich your life with taste and spread this unforgettable beauty to the world.","fruit tea,Yifang,franchise>
<meta property=",False,True
"boba tea, 75223, Dallas, TX, US",Magic Cup,Magic Cup,https://www.magiccupcafe.com/,"Bubble tea store, Coffee shop, Juice shop, Tea house",Bubble tea store,Bubble tea store,+1 214-812-9693,"901 N Jupiter Rd #150, Richardson, TX 75081",None,901 N Jupiter Rd #150,Richardson,75081,Texas,Texas,United States of America,US,32.958639,-96.683123,8926c82868fffff,America/Chicago,,False,4.5,1234,"https://search.google.com/local/reviews?placeid=ChIJwd2E8pIeTIYRuxaH_3rZjjU&q=boba+tea,+75223,+Dallas,+TX,+US&authuser=0&hl=en&gl=US",,,42.0,23.0,58.0,203.0,908.0,424,https://lh3.googleusercontent.com/p/AF1QipMwlaeJM2F8lyE0zBcWi9-hyaHwBX2fkgaMuPI0=w800-h500-k-no,https://lh3.googleusercontent.com/p/AF1QipMwlaeJM2F8lyE0zBcWi9-hyaHwBX2fkgaMuPI0=w1600-h1000-k-no,,"{""Monday"": ""10AM-10PM"", ""Tuesday"": ""10AM-10PM"", ""Wednesday"": ""10AM-10PM"", ""Thursday"": ""10AM-10PM"", ""Friday"": ""10AM-10PM"", ""Saturday"": ""10AM-10PM"", ""Sunday"": ""10AM-10PM""}",Monday:10AM-10PM|Tuesday:10AM-10PM|Wednesday:10AM-10PM|Thursday:10AM-10PM|Friday:10AM-10PM|Saturday:10AM-10PM|Sunday:10AM-10PM,,,OPERATIONAL,"{""From the business"": {""Identifies as Asian-owned"": true, ""Identifies as women-owned"": true}, ""Service options"": {""Curbside pickup"": true, ""No-contact delivery"": true, ""Delivery"": true, ""Onsite services"": true, ""Takeout"": true, ""Dine-in"": true}, ""Highlights"": {""Great tea selection"": true}, ""Accessibility"": {""Wheelchair accessible entrance"": true, ""Wheelchair accessible parking lot"": true, ""Wheelchair accessible restroom"": true, ""Wheelchair accessible seating"": true}, ""Parking"": {""Free parking lot"": true, ""Free street parking"": true}, ""Other"": {""Identifies as women-owned"": true, ""Identifies as Asian-owned"": true}}",$,,,,,False,None,Magic Cup,,,"https://www.google.com/viewer/chooseprovider?mid=/g/11b60dh9p9&g2lbs=AAEPWCsUpv9Cjc88vAg1UN7t0BNXLs4KyMiwKXqsllQkxZQrFr8_MxDTtrOVG9YZ-VeO0Gcbi0MnnnHggZACQvGluxa-LnRFSQ%3D%3D&hl=en-US&gl=us&fo_m=MfohQo559jFvMUOzJVpjPL1YMfZ3bInYwBDuMfaXTPp5KXh-&utm_source=tactile&gei=_cMDaJaGHeK70PEPodeY2A4&ei=_cMDaJaGHeK70PEPodeY2A4&fo_s=OA,SOE&opi=79508299&ebb=1&cs=0&foub=mcpp",,,"https://www.google.com/maps/place/Magic+Cup/@32.958639,-96.683123,14z/data=!4m8!1m2!2m1!1sMagic+Cup!3m4!1s0x864c1e92f284ddc1:0x358ed97aff8716bb!8m2!3d32.958639!4d-96.683123","https://www.google.com/maps/place/Magic+Cup/@32.958639,-96.683123,13.99z/data=!4m16!1m7!3m6!1s0x864c1e92f284ddc1:0x358ed97aff8716bb!2sMagic+Cup!8m2!3d32.958639!4d-96.683123!16s%2Fg%2F11ckvg1dmb!3m7!1s0x864c1e92f284ddc1:0x358ed97aff8716bb!8m2!3d32.958639!4d-96.683123!9m1!1b1!16s%2Fg%2F11ckvg1dmb?entry=ttu",ChIJwd2E8pIeTIYRuxaH_3rZjjU,0x864c1e92f284ddc1:0x358ed97aff8716bb,3859261052999374523,/g/11b60dh9p9,3859261052999374523,,richardson@magiccupcafe.com,RECEIVING,SMTP validated,,,,,,houston@magiccupcafe.com,RECEIVING,SMTP validated,,,,,,mckinney@magiccupcafe.com,RECEIVING,SMTP validated,,,,,,8329062200,2148129693,4697140448,https://www.facebook.com/magiccupcafe/,https://www.instagram.com/p,,,,,,,,,,,,,,Magic Cup Cafe | Boba Tea | Coffee Shop | Mangonadas,,"Magic Cup unites people who love coffee, tea, slushes, and good food. Our 
extensive menu has drinks for a wide range of tastes and dietary 
preferences, with room for customization. Our welcoming atmosphere is ideal 
for people on-the-go, quiet studying, or relaxing.",,,
"boba tea, 75223, Dallas, TX, US",Smiley Cup,Smiley Cup,http://smileycupboba.com/,"Bubble tea store, Coffee shop, Donut shop",Bubble tea store,Bubble tea store,+1 214-801-6606,"4140 E Renner Rd #200, Richardson, TX 75082",None,4140 E Renner Rd #200,Richardson,75082,Texas,Texas,United States of America,US,33.0000551,-96.6449624,8926c82a623ffff,America/Chicago,,False,4.7,271,"https://search.google.com/local/reviews?placeid=ChIJkRvJB_MbTIYRoVQ7PghcEw8&q=boba+tea,+75223,+Dallas,+TX,+US&authuser=0&hl=en&gl=US",,,10.0,4.0,13.0,14.0,230.0,151,https://lh3.googleusercontent.com/p/AF1QipO_41Nhkg7Rt1jrzSN16uYDZ2_Fo1SYhK0eYTnD=w800-h500-k-no,https://lh3.googleusercontent.com/p/AF1QipO_41Nhkg7Rt1jrzSN16uYDZ2_Fo1SYhK0eYTnD=w1600-h1000-k-no,,"{""Monday"": ""8AM-8PM"", ""Tuesday"": ""8AM-8PM"", ""Wednesday"": ""8AM-8PM"", ""Thursday"": ""8AM-8PM"", ""Friday"": ""8AM-8PM"", ""Saturday"": ""8AM-8PM"", ""Sunday"": ""8AM-8PM""}",Monday:8AM-8PM|Tuesday:8AM-8PM|Wednesday:8AM-8PM|Thursday:8AM-8PM|Friday:8AM-8PM|Saturday:8AM-8PM|Sunday:8AM-8PM,,,OPERATIONAL,"{""From the business"": {""Identifies as Asian-owned"": true, ""Identifies as Latino-owned"": true, ""Identifies as women-owned"": true}, ""Service options"": {""No-contact delivery"": true, ""Delivery"": true, ""Onsite services"": true, ""Takeout"": true, ""Dine-in"": true}, ""Highlights"": {""Great tea selection"": true}, ""Accessibility"": {""Wheelchair accessible entrance"": true, ""Wheelchair accessible parking lot"": true, ""Wheelchair accessible restroom"": true, ""Wheelchair accessible seating"": true}, ""Parking"": {""Free parking lot"": true, ""Free street parking"": true}, ""Other"": {""Identifies as women-owned"": true, ""Identifies as Latino-owned"": true, ""Identifies as Asian-owned"": true}}",$,,https://lh4.googleusercontent.com/-vtDN5jXVRcs/AAAAAAAAAAI/AAAAAAAAAAA/8ei6_hQOqb0/s44-p-k-no-ns-nd/photo.jpg,,,True,102484438057102415260,Smiley Cup,https://www.google.com/maps/contrib/102484438057102415260,,"https://www.google.com/viewer/chooseprovider?mid=/g/11ggnbnf33&g2lbs=AAEPWCsNmN66UwHs688TDQIHwMOKOlnCMx1sHP6smPNeESpc2oSZmeajBiTXHBHHS7zTa46mBncRi3RbSEOJPOAbmt-vryK8jQ%3D%3D&hl=en-US&gl=us&fo_m=MfohQo559jFvMUOzJVpjPL1YMfZ3bInYwBDuMfaXTPp5KXh-&utm_source=tactile&gei=_cMDaJaGHeK70PEPodeY2A4&ei=_cMDaJaGHeK70PEPodeY2A4&fo_s=OA,SOE&opi=79508299&ebb=1&cs=0&foub=mcpp",,,"https://www.google.com/maps/place/Smiley+Cup/@33.0000551,-96.6449624,14z/data=!4m8!1m2!2m1!1sSmiley+Cup!3m4!1s0x864c1bf307c91b91:0xf135c083e3b54a1!8m2!3d33.0000551!4d-96.6449624","https://www.google.com/maps/place/Smiley+Cup/@33.0000551,-96.6449624,13.99z/data=!4m16!1m7!3m6!1s0x864c1bf307c91b91:0xf135c083e3b54a1!2sSmiley+Cup!8m2!3d33.0000551!4d-96.6449624!16s%2Fg%2F11ckvg1dmb!3m7!1s0x864c1bf307c91b91:0xf135c083e3b54a1!8m2!3d33.0000551!4d-96.6449624!9m1!1b1!16s%2Fg%2F11ckvg1dmb?entry=ttu",ChIJkRvJB_MbTIYRoVQ7PghcEw8,0x864c1bf307c91b91:0xf135c083e3b54a1,1086313125599990945,/g/11ggnbnf33,1086313125599990945,,smileycupboba@gmail.com,RECEIVING,Verified,,,,,,nsmileycupboba@gmail.com,INVALID,Undeliverable,,,,,,,,,,,,,,,,,,,,,,,,,,,,,,,,"Home | Smiley Cup
Contact Us:  (214) 801-6606
smileycupboba@gmail.com",Square Online,"Smiley Cup offers milk teas, fruit teas, smoothies and slushies.  Enhance with boba, popping boba, jelly, protein or aloe vera.",,False,False
"boba tea, 75223, Dallas, TX, US",Pearl Cafe,Pearl Cafe,https://instagram.com/pearlcafe23?igshid=OGQ5ZDc2ODk2ZA==,Cafe,cafes,Cafe,+1 214-272-3070,"Inside Whip In, 1140 I-30, Mesquite, TX 75150",None,"Inside Whip In, 1140 I-30",Mesquite,75150,Texas,Texas,United States of America,US,32.831565499999996,-96.61267289999999,8926c82d2c7ffff,America/Chicago,,False,4.7,504,"https://search.google.com/local/reviews?placeid=ChIJfeiK11enToYRNKLJphnsqnc&q=boba+tea,+75223,+Dallas,+TX,+US&authuser=0&hl=en&gl=US",,,25.0,10.0,2.0,19.0,448.0,443,https://lh3.googleusercontent.com/p/AF1QipNfrDkGmBHvFtw43hg2kPP18h-Us2LAloq-ufH6=w800-h500-k-no,https://lh3.googleusercontent.com/p/AF1QipNfrDkGmBHvFtw43hg2kPP18h-Us2LAloq-ufH6=w1600-h1000-k-no,,"{""Monday"": ""Closed"", ""Tuesday"": ""1PM-12AM"", ""Wednesday"": ""1PM-12AM"", ""Thursday"": ""1PM-12AM"", ""Friday"": ""1PM-12AM"", ""Saturday"": ""1PM-12AM"", ""Sunday"": ""1PM-12AM""}",Monday:Closed|Tuesday:1PM-12AM|Wednesday:1PM-12AM|Thursday:1PM-12AM|Friday:1PM-12AM|Saturday:1PM-12AM|Sunday:1PM-12AM,,,OPERATIONAL,"{""Service options"": {""No-contact delivery"": true, ""Delivery"": true, ""Takeout"": true, ""Dine-in"": true}, ""Highlights"": {""Fast service"": true, ""Great coffee"": true, ""Great dessert"": true, ""Great tea selection"": true}, ""Popular for"": {""Solo dining"": true}, ""Accessibility"": {""Wheelchair accessible entrance"": true, ""Wheelchair accessible parking lot"": true, ""Wheelchair accessible seating"": true}, ""Offerings"": {""Alcohol"": true, ""Coffee"": true, ""Quick bite"": true}, ""Dining options"": {""Dessert"": true, ""Seating"": true}, ""Amenities"": {""Restroom"": true, ""Wi-Fi"": true}, ""Atmosphere"": {""Casual"": true, ""Cozy"": true, ""Trendy"": true}, ""Payments"": {""Credit cards"": true, ""Debit cards"": true, ""NFC mobile payments"": true}, ""Children"": {""Good for kids"": true}, ""Parking"": {""Free parking lot"": true, ""Free street parking"": true, ""Parking"": true}}",$,,https://lh6.googleusercontent.com/-0b7bR6HsOBQ/AAAAAAAAAAI/AAAAAAAAAAA/ep7-UdkKGFA/s44-p-k-no-ns-nd/photo.jpg,,,True,104194189162665035615,Pearl Cafe,https://www.google.com/maps/contrib/104194189162665035615,,"https://www.google.com/viewer/chooseprovider?mid=/g/11svzjd6sc&g2lbs=AAEPWCv10CtgBQmElFLr6hriQraCJ2CrVOQZqrxnWhESJMKU12IiChiTBXikkPyBKzqcyYeGDkr10Cye8tfINwbt5GMq0x7KxA%3D%3D&hl=en-US&gl=us&fo_m=MfohQo559jFvMUOzJVpjPL1YMfZ3bInYwBDuMfaXTPp5KXh-&utm_source=tactile&gei=_cMDaJaGHeK70PEPodeY2A4&ei=_cMDaJaGHeK70PEPodeY2A4&fo_s=OA,SOE&opi=79508299&ebb=1&cs=0&foub=mcpp",,,"https://www.google.com/maps/place/Pearl+Cafe/@32.831565499999996,-96.61267289999999,14z/data=!4m8!1m2!2m1!1sPearl+Cafe!3m4!1s0x864ea757d78ae87d:0x77aaec19a6c9a234!8m2!3d32.831565499999996!4d-96.61267289999999","https://www.google.com/maps/place/Pearl+Cafe/@32.831565499999996,-96.61267289999999,13.99z/data=!4m16!1m7!3m6!1s0x864ea757d78ae87d:0x77aaec19a6c9a234!2sPearl+Cafe!8m2!3d32.831565499999996!4d-96.61267289999999!16s%2Fg%2F11ckvg1dmb!3m7!1s0x864ea757d78ae87d:0x77aaec19a6c9a234!8m2!3d32.831565499999996!4d-96.61267289999999!9m1!1b1!16s%2Fg%2F11ckvg1dmb?entry=ttu",ChIJfeiK11enToYRNKLJphnsqnc,0x864ea757d78ae87d:0x77aaec19a6c9a234,8622964031470805556,/g/11svzjd6sc,8622964031470805556,,,,,,,,,,,,,,,,,,,,,,,,,,,,,,,,,,,,,,,,,,,,,,,,,
"boba tea, 75223, Dallas, TX, US",The Alley,The Alley,https://the-alley.us/,"Bubble tea store, Asian restaurant, Tea house, Dessert restaurant",Tea house,Bubble tea store,+1 469-209-0812,"5010 N Jupiter Rd, Garland, TX 75044",Camelot,5010 N Jupiter Rd,Garland,75044,Texas,Texas,United States of America,US,32.9619001,-96.68148029999999,8926c828683ffff,America/Chicago,,False,4.2,83,"https://search.google.com/local/reviews?placeid=ChIJB9xpSU8fTIYRop6ypIfGssY&q=boba+tea,+75223,+Dallas,+TX,+US&authuser=0&hl=en&gl=US",,,10.0,4.0,4.0,4.0,61.0,152,https://lh3.googleusercontent.com/p/AF1QipMPKHIs7zZFlB4xG0x_nWSZezOPDIytqSlVUJKk=w800-h500-k-no,https://lh3.googleusercontent.com/p/AF1QipMPKHIs7zZFlB4xG0x_nWSZezOPDIytqSlVUJKk=w1600-h1000-k-no,,"{""Monday"": ""11AM-10PM"", ""Tuesday"": ""11AM-10PM"", ""Wednesday"": ""11AM-10PM"", ""Thursday"": ""11AM-10PM"", ""Friday"": ""11AM-11PM"", ""Saturday"": ""11AM-11PM"", ""Sunday"": ""11AM-10PM""}",Monday:11AM-10PM|Tuesday:11AM-10PM|Wednesday:11AM-10PM|Thursday:11AM-10PM|Friday:11AM-11PM|Saturday:11AM-11PM|Sunday:11AM-10PM,,,OPERATIONAL,"{""Service options"": {""Curbside pickup"": true, ""No-contact delivery"": true, ""Delivery"": true, ""Takeout"": true, ""Dine-in"": true}, ""Highlights"": {""Great tea selection"": true}, ""Accessibility"": {""Wheelchair accessible entrance"": true, ""Wheelchair accessible parking lot"": true}, ""Parking"": {""Free parking lot"": true, ""Free street parking"": true}}",$$,,https://lh4.googleusercontent.com/-8Yo5WkPNoXw/AAAAAAAAAAI/AAAAAAAAAAA/SM15Z2vDQSE/s44-p-k-no-ns-nd/photo.jpg,,,True,117451599766297172754,The Alley,https://www.google.com/maps/contrib/117451599766297172754,,"https://www.google.com/viewer/chooseprovider?mid=/g/11ty31jtx9&g2lbs=AAEPWCse_xV8NDdaAiwBTHb-hCoLtP4z61KF5SzNld1HVuUIfartCuEtBmOvDD9Rvd61fTSjQKHlVnup0lMmxdXk6xZy9A6MWA%3D%3D&hl=en-US&gl=us&fo_m=MfohQo559jFvMUOzJVpjPL1YMfZ3bInYwBDuMfaXTPp5KXh-&utm_source=tactile&gei=_cMDaJaGHeK70PEPodeY2A4&ei=_cMDaJaGHeK70PEPodeY2A4&fo_s=OA,SOE&opi=79508299&ebb=1&cs=0&foub=mcpp",,,"https://www.google.com/maps/place/The+Alley/@32.9619001,-96.68148029999999,14z/data=!4m8!1m2!2m1!1sThe+Alley!3m4!1s0x864c1f4f4969dc07:0xc6b2c687a4b29ea2!8m2!3d32.9619001!4d-96.68148029999999","https://www.google.com/maps/place/The+Alley/@32.9619001,-96.68148029999999,13.99z/data=!4m16!1m7!3m6!1s0x864c1f4f4969dc07:0xc6b2c687a4b29ea2!2sThe+Alley!8m2!3d32.9619001!4d-96.68148029999999!16s%2Fg%2F11ckvg1dmb!3m7!1s0x864c1f4f4969dc07:0xc6b2c687a4b29ea2!8m2!3d32.9619001!4d-96.68148029999999!9m1!1b1!16s%2Fg%2F11ckvg1dmb?entry=ttu",ChIJB9xpSU8fTIYRop6ypIfGssY,0x864c1f4f4969dc07:0xc6b2c687a4b29ea2,14317724451250282146,/g/11ty31jtx9,-4129019622459269470,,thealleysandiego@yahoo.com,RECEIVING,SMTP validated,,,,,,,,,,,,,,,,,,,,,,16267644841,18007097191,16193102692,https://www.facebook.com/thealleyusa/,https://www.instagram.com/thealley.usa,https://www.linkedin.com/company/thealleyusa,,,,,,,,,,,,,THE ALLEY | It's Time For Tea!,,It's time for tea!,"斜角巷,鹿角巷,茶飲,手搖茶,喝杯好茶,Diagon Alley,The Alley,USA,United States,America",True,True
"boba tea, 75223, Dallas, TX, US",I Heart Boba,I Heart Boba,http://www.iheartboba.com/,"Bubble tea store, Tea house, Coffee shop, Juice shop",Tea house,Bubble tea store,+1 972-682-4888,"3042 Town East Mall, Mesquite, TX 75150",Town East Mall,3042 Town East Mall,Mesquite,75150,Texas,Texas,United States of America,US,32.807655499999996,-96.62396629999999,8926cb92ccbffff,America/Chicago,,False,3.5,196,"https://search.google.com/local/reviews?placeid=ChIJMdWSfCykToYRqjSp3tpAW-c&q=boba+tea,+75223,+Dallas,+TX,+US&authuser=0&hl=en&gl=US",,,50.0,16.0,13.0,20.0,97.0,34,https://lh3.googleusercontent.com/p/AF1QipPEwBFpWCGccLKWwBb59zKmhy6QTpG_flA4Ftr6=w800-h500-k-no,https://lh3.googleusercontent.com/p/AF1QipPEwBFpWCGccLKWwBb59zKmhy6QTpG_flA4Ftr6=w1600-h1000-k-no,,"{""Monday"": ""11AM-8PM"", ""Tuesday"": ""11AM-8PM"", ""Wednesday"": ""11AM-8PM"", ""Thursday"": ""11AM-8PM"", ""Friday"": ""11AM-9PM"", ""Saturday"": ""11AM-9PM"", ""Sunday"": ""12-6PM""}",Monday:11AM-8PM|Tuesday:11AM-8PM|Wednesday:11AM-8PM|Thursday:11AM-8PM|Friday:11AM-9PM|Saturday:11AM-9PM|Sunday:12-6PM,,,OPERATIONAL,"{""Service options"": {""Delivery"": true, ""Takeout"": true, ""Dine-in"": true}, ""Highlights"": {""Great tea selection"": true}, ""Accessibility"": {""Wheelchair accessible entrance"": true, ""Wheelchair accessible parking lot"": true, ""Wheelchair accessible restroom"": true}, ""Parking"": {""Free parking lot"": true, ""Free street parking"": true}}",,,https://lh5.googleusercontent.com/-pXeoXfs4faU/AAAAAAAAAAI/AAAAAAAAAAA/iyRv7SHcNMY/s44-p-k-no-ns-nd/photo.jpg,,,True,101255214216670066377,I Heart Boba,https://www.google.com/maps/contrib/101255214216670066377,,"https://www.google.com/viewer/chooseprovider?mid=/g/1hg4zxdqr&g2lbs=AAEPWCs2jlWyOi9qHMOvymo_Ka8ECbhmoFSf1ENO9mLOukcOAH08lFIfUG0XVRYAnvjAizPRcVmO0o88BhOZxKmMqIxenRJHmQ%3D%3D&hl=en-US&gl=us&fo_m=MfohQo559jFvMUOzJVpjPL1YMfZ3bInYwBDuMfaXTPp5KXh-&utm_source=tactile&gei=_cMDaJaGHeK70PEPodeY2A4&ei=_cMDaJaGHeK70PEPodeY2A4&fo_s=OA,SOE&opi=79508299&ebb=1&cs=0&foub=mcpp",,,"https://www.google.com/maps/place/I+Heart+Boba/@32.807655499999996,-96.62396629999999,14z/data=!4m8!1m2!2m1!1sI+Heart+Boba!3m4!1s0x864ea42c7c92d531:0xe75b40dadea934aa!8m2!3d32.807655499999996!4d-96.62396629999999","https://www.google.com/maps/place/I+Heart+Boba/@32.807655499999996,-96.62396629999999,13.99z/data=!4m16!1m7!3m6!1s0x864ea42c7c92d531:0xe75b40dadea934aa!2sI+Heart+Boba!8m2!3d32.807655499999996!4d-96.62396629999999!16s%2Fg%2F11ckvg1dmb!3m7!1s0x864ea42c7c92d531:0xe75b40dadea934aa!8m2!3d32.807655499999996!4d-96.62396629999999!9m1!1b1!16s%2Fg%2F11ckvg1dmb?entry=ttu",ChIJMdWSfCykToYRqjSp3tpAW-c,0x864ea42c7c92d531:0xe75b40dadea934aa,16670989754424702122,/g/1hg4zxdqr,-1775754319284849494,,info@iheartboba.com,RECEIVING,SMTP validated,Ryan Nguyen,Ryan,Nguyen,Owners,19725302888,weloveboba@gmail.com,RECEIVING,SMTP validated,Jay Kim,Jay,Kim,Owner,12136320126,,,,,,,,,12818614233,12819996123,12813456663,https://www.facebook.com/iheartbobatx,,,,,,,,,,,,,,,I Heart Boba.,,,,False,False
"bubble tea store, 76124, Fort Worth, TX, US",Sip And Chill,Sip And Chill,http://sipandchill.net/,"Bubble tea store, Bakery, Dessert shop, Ice cream shop, Juice shop",Bubble tea store,Bubble tea store,+1 682-224-2177,"2700 Western Center Blvd #124, Fort Worth, TX 76131",Northbrook,2700 Western Center Blvd #124,Fort Worth,76131,Texas,Texas,United States of America,US,32.8605522,-97.3212913,8926caa41b3ffff,America/Chicago,,False,4.9,271,"https://search.google.com/local/reviews?placeid=ChIJMaLUdxl3ToYRyCAOxVU_ruc&q=bubble+tea+store,+76124,+Fort+Worth,+TX,+US&authuser=0&hl=en&gl=US",,,3.0,1.0,3.0,2.0,262.0,211,https://lh3.googleusercontent.com/p/AF1QipPNAfCPesE7NexbAjObUoZ39FbmWLvf4FhmpsgT=w800-h500-k-no,https://lh3.googleusercontent.com/p/AF1QipPNAfCPesE7NexbAjObUoZ39FbmWLvf4FhmpsgT=w1600-h1000-k-no,,"{""Monday"": ""10AM-10PM"", ""Tuesday"": ""10AM-10PM"", ""Wednesday"": ""10AM-10PM"", ""Thursday"": ""10AM-10PM"", ""Friday"": ""10AM-10:30PM"", ""Saturday"": ""10AM-10:30PM"", ""Sunday"": ""10AM-10:30PM""}",Monday:10AM-10PM|Tuesday:10AM-10PM|Wednesday:10AM-10PM|Thursday:10AM-10PM|Friday:10AM-10:30PM|Saturday:10AM-10:30PM|Sunday:10AM-10:30PM,,,OPERATIONAL,"{""Service options"": {""Curbside pickup"": true, ""Onsite services"": true, ""Takeout"": true, ""Dine-in"": true, ""Delivery"": false}, ""Highlights"": {""Great tea selection"": true}, ""Accessibility"": {""Wheelchair accessible entrance"": true, ""Wheelchair accessible parking lot"": true}, ""Amenities"": {""Gender-neutral restroom"": true}, ""Crowd"": {""LGBTQ+ friendly"": true, ""Transgender safespace"": true}, ""Parking"": {""Free parking lot"": true}, ""Other"": {""LGBTQ+ friendly"": true}}",$,,https://lh5.googleusercontent.com/-iibkBIVRtKc/AAAAAAAAAAI/AAAAAAAAAAA/jNQU3MevY38/s44-p-k-no-ns-nd/photo.jpg,,,True,116724122971211372382,Sip And Chill,https://www.google.com/maps/contrib/116724122971211372382,,"https://www.google.com/viewer/chooseprovider?mid=/g/11lf071wqh&g2lbs=AAEPWCsddPeT_ZLX532sGCSZWtSpvmf3OttqGYw_NbdG75JFbWt8mWBH2lKu8Ek5snbuMmnnXgys6OCqOHv3kRDr3m4KpYMCXA%3D%3D&hl=en-US&gl=us&fo_m=MfohQo559jFvMUOzJVpjPL1YMfZ3bInYwBDuMfaXTPp5KXh-&utm_source=tactile&gei=AMQDaILnF_yC9u8Pl9qhkAI&ei=AMQDaILnF_yC9u8Pl9qhkAI&fo_s=OA,SOE&opi=79508299&ebb=1&cs=0&foub=mcpp",,,"https://www.google.com/maps/place/Sip+And+Chill/@32.8605522,-97.3212913,14z/data=!4m8!1m2!2m1!1sSip+And+Chill!3m4!1s0x864e771977d4a231:0xe7ae3f55c50e20c8!8m2!3d32.8605522!4d-97.3212913","https://www.google.com/maps/place/Sip+And+Chill/@32.8605522,-97.3212913,13.99z/data=!4m16!1m7!3m6!1s0x864e771977d4a231:0xe7ae3f55c50e20c8!2sSip+And+Chill!8m2!3d32.8605522!4d-97.3212913!16s%2Fg%2F11ckvg1dmb!3m7!1s0x864e771977d4a231:0xe7ae3f55c50e20c8!8m2!3d32.8605522!4d-97.3212913!9m1!1b1!16s%2Fg%2F11ckvg1dmb?entry=ttu",ChIJMaLUdxl3ToYRyCAOxVU_ruc,0x864e771977d4a231:0xe7ae3f55c50e20c8,16694350506319814856,/g/11lf071wqh,-1752393567389736760,,sipandchillboba@gmail.com,RECEIVING,Verified,,,,,,anton.503.overload@gmail.com,RECEIVING,Verified,,,,,,,,,,,,,,18001234567,,,,https://www.instagram.com/sipandchillboba,,,,,,,,,,,,,,Sip & Chill: Exquisite Boba Delights in DFW,,"Welcome to the boba paradise where every sip tells a story of flavor and fun. At Sip & Chill, we don't just serve drinks; we create experiences. Each bubble is a burst of joy waiting to delight your senses and tickle your taste buds.",,False,True
"bubble tea store, 76124, Fort Worth, TX, US",Fruitealicious Bubble Tea & Smoothies,Fruitealicious Bubble Tea And Smoothies,https://www.fruitealicious.com/fruitealicious-tcu,"Bubble tea store, Asian restaurant, Cafe, Coffee shop, Juice shop",Bubble tea store,Bubble tea store,+1 817-926-0110,"3043 Greene Ave, Fort Worth, TX 76109",None,3043 Greene Ave,Fort Worth,76109,Texas,Texas,United States of America,US,32.7066667,-97.3580556,8926cbd856fffff,America/Chicago,,False,4.6,631,"https://search.google.com/local/reviews?placeid=ChIJ87G2PyJyToYRp0mLWH0ohlE&q=bubble+tea+store,+76124,+Fort+Worth,+TX,+US&authuser=0&hl=en&gl=US",,,25.0,10.0,26.0,68.0,502.0,160,https://lh3.googleusercontent.com/p/AF1QipMPuW6I5V08X_5CMQ-xfnRX-v65UWfe3EwSDZDZ=w800-h500-k-no,https://lh3.googleusercontent.com/p/AF1QipMPuW6I5V08X_5CMQ-xfnRX-v65UWfe3EwSDZDZ=w1600-h1000-k-no,,"{""Monday"": ""11AM-9PM"", ""Tuesday"": ""11AM-9PM"", ""Wednesday"": ""11AM-9PM"", ""Thursday"": ""11AM-9PM"", ""Friday"": ""11AM-10PM"", ""Saturday"": ""11AM-10PM"", ""Sunday"": ""11AM-8PM""}",Monday:11AM-9PM|Tuesday:11AM-9PM|Wednesday:11AM-9PM|Thursday:11AM-9PM|Friday:11AM-10PM|Saturday:11AM-10PM|Sunday:11AM-8PM,,,OPERATIONAL,"{""Service options"": {""Delivery"": true, ""Takeout"": true, ""Dine-in"": true}, ""Highlights"": {""Great tea selection"": true}, ""Accessibility"": {""Wheelchair accessible entrance"": true, ""Wheelchair accessible parking lot"": true, ""Wheelchair accessible restroom"": true}, ""Parking"": {""Free parking lot"": true, ""Free street parking"": true}}",$,,https://lh5.googleusercontent.com/-xXqOmgn8ed0/AAAAAAAAAAI/AAAAAAAAAAA/iwxxNndhGic/s44-p-k-no-ns-nd/photo.jpg,,,True,112911889799988451838,Fruitealicious Bubble Tea & Smoothies,https://www.google.com/maps/contrib/112911889799988451838,,"https://www.google.com/viewer/chooseprovider?mid=/g/1pp2vj7bx&g2lbs=AAEPWCuCp23stNEWNpyZtqngtVVN9aoEb4Yt44uhubmLYXLbk_sLqE0mhF95933OeL32lfr8pS-lAaHJ0JM0rH_vYircZNi94g%3D%3D&hl=en-US&gl=us&fo_m=MfohQo559jFvMUOzJVpjPL1YMfZ3bInYwBDuMfaXTPp5KXh-&utm_source=tactile&gei=AMQDaILnF_yC9u8Pl9qhkAI&ei=AMQDaILnF_yC9u8Pl9qhkAI&fo_s=OA,SOE&opi=79508299&ebb=1&cs=0&foub=mcpp",,,"https://www.google.com/maps/place/Fruitealicious+Bubble+Tea+%26+Smoothies/@32.7066667,-97.3580556,14z/data=!4m8!1m2!2m1!1sFruitealicious+Bubble+Tea+%26+Smoothies!3m4!1s0x864e72223fb6b1f3:0x5186287d588b49a7!8m2!3d32.7066667!4d-97.3580556","https://www.google.com/maps/place/Fruitealicious+Bubble+Tea+%26+Smoothies/@32.7066667,-97.3580556,13.99z/data=!4m16!1m7!3m6!1s0x864e72223fb6b1f3:0x5186287d588b49a7!2sFruitealicious+Bubble+Tea+%26+Smoothies!8m2!3d32.7066667!4d-97.3580556!16s%2Fg%2F11ckvg1dmb!3m7!1s0x864e72223fb6b1f3:0x5186287d588b49a7!8m2!3d32.7066667!4d-97.3580556!9m1!1b1!16s%2Fg%2F11ckvg1dmb?entry=ttu",ChIJ87G2PyJyToYRp0mLWH0ohlE,0x864e72223fb6b1f3:0x5186287d588b49a7,5874427282772937127,/g/1pp2vj7bx,5874427282772937127,,info@fruitealicious.com,RECEIVING,SMTP validated,John Pei,John,Pei,Owner/President,12146181387,jonpei@gmail.com,RECEIVING,SMTP validated,Jon Pei,Jon,Pei,Owner And President,15169847946,meetcha.tea@gmail.com,RECEIVING,SMTP validated,Linda ?,Linda,?,,14698108760,19722453000,,,https://www.facebook.com/Fruitealicious,https://www.instagram.com/fruitealicious,,,,,,,,,https://twitter.com/Fruitealicious,,,,,Fruitealicious,,,,True,True
"bubble tea store, 76124, Fort Worth, TX, US",Gong Cha Fort Worth,Gong Cha Fort Worth,https://gongchausa.com/texas-dallas-3/,"Bubble tea store, Coffee shop, Dessert restaurant, Dessert shop, Restaurant, Soft drinks shop",Bubble tea store,Bubble tea store,+1 817-849-2107,"6650 N Beach St Ste 100, Fort Worth, TX 76137",Summerfields,6650 N Beach St Ste 100,Fort Worth,76137,Texas,Texas,United States of America,US,32.862718,-97.289508,8926caa686bffff,America/Chicago,,False,4.7,430,"https://search.google.com/local/reviews?placeid=ChIJ3yZhD-B3ToYRnNiBw0TbclM&q=bubble+tea+store,+76124,+Fort+Worth,+TX,+US&authuser=0&hl=en&gl=US",,,18.0,4.0,8.0,33.0,367.0,270,https://lh3.googleusercontent.com/p/AF1QipPolS_jT3TjtcIpr2XiJiGC8Us-rH0Sou_2EtYG=w800-h500-k-no,https://lh3.googleusercontent.com/p/AF1QipPolS_jT3TjtcIpr2XiJiGC8Us-rH0Sou_2EtYG=w1600-h1000-k-no,,"{""Monday"": ""11AM-9PM"", ""Tuesday"": ""11AM-9PM"", ""Wednesday"": ""11AM-9PM"", ""Thursday"": ""11AM-9PM"", ""Friday"": ""11AM-10PM"", ""Saturday"": ""11AM-10PM"", ""Sunday"": ""11AM-9PM""}",Monday:11AM-9PM|Tuesday:11AM-9PM|Wednesday:11AM-9PM|Thursday:11AM-9PM|Friday:11AM-10PM|Saturday:11AM-10PM|Sunday:11AM-9PM,,,OPERATIONAL,"{""Service options"": {""Delivery"": true, ""Onsite services"": true, ""Takeout"": true, ""Dine-in"": true}, ""Highlights"": {""Great tea selection"": true}, ""Accessibility"": {""Wheelchair accessible entrance"": true, ""Wheelchair accessible parking lot"": true, ""Wheelchair accessible restroom"": true, ""Wheelchair accessible seating"": true}, ""Parking"": {""Free parking lot"": true, ""Free street parking"": true}}",$,,https://lh6.googleusercontent.com/-wTE7ejXGyqg/AAAAAAAAAAI/AAAAAAAAAAA/LCBct6IeQSc/s44-p-k-no-ns-nd/photo.jpg,,,True,108083900288714532024,Gong Cha Fort Worth,https://www.google.com/maps/contrib/108083900288714532024,,"https://www.google.com/viewer/chooseprovider?mid=/g/11hd_c925x&g2lbs=AAEPWCtETrsfo1yjUyGUBoaAtPbcOTKOcHFkLgLafSgOViJhbNdjqxclTjRN0XB7PnodTIvS5Ow2sddaTjoBuVCfj0Yd2Bsf3A%3D%3D&hl=en-US&gl=us&fo_m=MfohQo559jFvMUOzJVpjPL1YMfZ3bInYwBDuMfaXTPp5KXh-&utm_source=tactile&gei=AMQDaILnF_yC9u8Pl9qhkAI&ei=AMQDaILnF_yC9u8Pl9qhkAI&fo_s=OA,SOE&opi=79508299&ebb=1&cs=0&foub=mcpp",,,"https://www.google.com/maps/place/Gong+Cha+Fort+Worth/@32.862718,-97.289508,14z/data=!4m8!1m2!2m1!1sGong+Cha+Fort+Worth!3m4!1s0x864e77e00f6126df:0x5372db44c381d89c!8m2!3d32.862718!4d-97.289508","https://www.google.com/maps/place/Gong+Cha+Fort+Worth/@32.862718,-97.289508,13.99z/data=!4m16!1m7!3m6!1s0x864e77e00f6126df:0x5372db44c381d89c!2sGong+Cha+Fort+Worth!8m2!3d32.862718!4d-97.289508!16s%2Fg%2F11ckvg1dmb!3m7!1s0x864e77e00f6126df:0x5372db44c381d89c!8m2!3d32.862718!4d-97.289508!9m1!1b1!16s%2Fg%2F11ckvg1dmb?entry=ttu",ChIJ3yZhD-B3ToYRnNiBw0TbclM,0x864e77e00f6126df:0x5372db44c381d89c,6013109540877359260,/g/11hd_c925x,6013109540877359260,,inquiries@gongchausa.com,RECEIVING,SMTP validated,Anchal Lamba,Anchal,Lamba,Managing Member,12123982716,anchal@gongchausa.com,RECEIVING,SMTP validated,Anchal Lamba,Anchal,Lamba,President,15163839000,rborgia@gongchausa.com,INVALID,Invalid SMTP,Robert Borgia,Robert,Borgia,Could Not Locate,15167496919,5168135642,15624748745,14697099380,https://www.facebook.com/gongchatea/,http://instagram.com/gongchatea,https://www.linkedin.com/company/gong-cha,https://www.tiktok.com/@gongcha.bubbletea,,,,,,,https://twitter.com/gongchatea,,,,,New Jersey – Jersey City - Gong cha,All in One SEO (AIOSEO) 4.7.7.2,Premium Quality Bubble Tea,,False,False
"bubble tea store, 76124, Fort Worth, TX, US",Unitea Bubble Tea,Unitea Bubble Tea,http://www.facebook.com/uniteabubbletea,Bubble tea store,Bubble tea store,Bubble tea store,,"614 W Park Row Dr, Arlington, TX 76010",East Arlington,614 W Park Row Dr,Arlington,76010,Texas,Texas,United States of America,US,32.7197402,-97.1137863,8926cbd766fffff,America/Chicago,,False,4.6,348,"https://search.google.com/local/reviews?placeid=ChIJ_6WJqGp9ToYRVAlW8ewVJlM&q=bubble+tea+store,+76124,+Fort+Worth,+TX,+US&authuser=0&hl=en&gl=US",,,16.0,5.0,9.0,26.0,292.0,212,https://lh3.googleusercontent.com/p/AF1QipPbdH-I8ObVgCZRQaly2af2qacz024D0B5UQC9T=w800-h500-k-no,https://lh3.googleusercontent.com/p/AF1QipPbdH-I8ObVgCZRQaly2af2qacz024D0B5UQC9T=w1600-h1000-k-no,,"{""Monday"": ""10AM-10PM"", ""Tuesday"": ""10AM-10PM"", ""Wednesday"": ""10AM-10PM"", ""Thursday"": ""10AM-10PM"", ""Friday"": ""10AM-10PM"", ""Saturday"": ""10AM-10PM"", ""Sunday"": ""10AM-8PM""}",Monday:10AM-10PM|Tuesday:10AM-10PM|Wednesday:10AM-10PM|Thursday:10AM-10PM|Friday:10AM-10PM|Saturday:10AM-10PM|Sunday:10AM-8PM,"[{""happy_hours"": {""Monday"": ""6-9 PM"", ""Tuesday"": ""6-9 PM"", ""Wednesday"": ""6-9 PM"", ""Thursday"": ""6-9 PM"", ""Friday"": ""6-9 PM"", ""Saturday"": ""6-9 PM"", ""Sunday"": ""6-9 PM""}}]",,OPERATIONAL,"{""Service options"": {""Takeout"": true, ""Dine-in"": true, ""Delivery"": false}, ""Highlights"": {""Great tea selection"": true}, ""Accessibility"": {""Wheelchair accessible entrance"": true, ""Wheelchair accessible parking lot"": true, ""Wheelchair accessible restroom"": true}}",$,,,,,False,None,Unitea Bubble Tea,,,,,,"https://www.google.com/maps/place/Unitea+Bubble+Tea/@32.7197402,-97.1137863,14z/data=!4m8!1m2!2m1!1sUnitea+Bubble+Tea!3m4!1s0x864e7d6aa889a5ff:0x532615ecf1560954!8m2!3d32.7197402!4d-97.1137863","https://www.google.com/maps/place/Unitea+Bubble+Tea/@32.7197402,-97.1137863,13.99z/data=!4m16!1m7!3m6!1s0x864e7d6aa889a5ff:0x532615ecf1560954!2sUnitea+Bubble+Tea!8m2!3d32.7197402!4d-97.1137863!16s%2Fg%2F11ckvg1dmb!3m7!1s0x864e7d6aa889a5ff:0x532615ecf1560954!8m2!3d32.7197402!4d-97.1137863!9m1!1b1!16s%2Fg%2F11ckvg1dmb?entry=ttu",ChIJ_6WJqGp9ToYRVAlW8ewVJlM,0x864e7d6aa889a5ff:0x532615ecf1560954,5991500461668436308,/g/11fzf64m0v,5991500461668436308,,,,,,,,,,,,,,,,,,,,,,,,,,,,,,,,,,,,,,,,,,,,,,,,,
"bubble tea store, 76124, Fort Worth, TX, US",Rocketbelly,Rocketbelly,http://rocketbelly.net/,"Bubble tea store, Bakery, Chicken restaurant, Cookie shop, Gift shop, Restaurant",Bubble tea store,Bubble tea store,+1 817-617-2001,"100 W Pioneer Pkwy Ste. 156, Arlington, TX 76010",East Arlington,100 W Pioneer Pkwy Ste. 156,Arlington,76010,Texas,Texas,United States of America,US,32.706986,-97.10903309999999,8926cbd7207ffff,America/Chicago,,False,4.9,399,"https://search.google.com/local/reviews?placeid=ChIJ2cV8ogeDToYRL3drsb-OJHc&q=bubble+tea+store,+76124,+Fort+Worth,+TX,+US&authuser=0&hl=en&gl=US",,,4.0,2.0,7.0,21.0,365.0,441,https://lh3.googleusercontent.com/p/AF1QipOcEufuEtAyXYNIpjtHGqyNsGW8lvBFUObYlPQs=w800-h500-k-no,https://lh3.googleusercontent.com/p/AF1QipOcEufuEtAyXYNIpjtHGqyNsGW8lvBFUObYlPQs=w1600-h1000-k-no,,"{""Monday"": ""2PM-12AM"", ""Tuesday"": ""2PM-12AM"", ""Wednesday"": ""Closed"", ""Thursday"": ""2PM-12AM"", ""Friday"": ""11AM-12AM"", ""Saturday"": ""11AM-12AM"", ""Sunday"": ""11AM-11PM""}",Monday:2PM-12AM|Tuesday:2PM-12AM|Wednesday:Closed|Thursday:2PM-12AM|Friday:11AM-12AM|Saturday:11AM-12AM|Sunday:11AM-11PM,,,OPERATIONAL,"{""From the business"": {""Identifies as Asian-owned"": true, ""Identifies as women-owned"": true}, ""Service options"": {""Curbside pickup"": true, ""Delivery"": true, ""Onsite services"": true, ""Takeout"": true, ""Dine-in"": true}, ""Highlights"": {""Great tea selection"": true}, ""Accessibility"": {""Wheelchair accessible entrance"": true, ""Wheelchair accessible parking lot"": true, ""Wheelchair accessible restroom"": true, ""Wheelchair accessible seating"": true}, ""Amenities"": {""Gender-neutral restroom"": true}, ""Crowd"": {""LGBTQ+ friendly"": true, ""Transgender safespace"": true}, ""Parking"": {""Free parking lot"": true, ""Free street parking"": true}, ""Other"": {""LGBTQ+ friendly"": true, ""Identifies as women-owned"": true, ""Identifies as Asian-owned"": true}}",$,,https://lh6.googleusercontent.com/-0bZzRS_80gg/AAAAAAAAAAI/AAAAAAAAAAA/lzKWfy2FYAo/s44-p-k-no-ns-nd/photo.jpg,,,True,117418903199346448133,rocketbelly,https://www.google.com/maps/contrib/117418903199346448133,,,,,"https://www.google.com/maps/place/rocketbelly/@32.706986,-97.10903309999999,14z/data=!4m8!1m2!2m1!1srocketbelly!3m4!1s0x864e8307a27cc5d9:0x77248ebfb16b772f!8m2!3d32.706986!4d-97.10903309999999","https://www.google.com/maps/place/rocketbelly/@32.706986,-97.10903309999999,13.99z/data=!4m16!1m7!3m6!1s0x864e8307a27cc5d9:0x77248ebfb16b772f!2srocketbelly!8m2!3d32.706986!4d-97.10903309999999!16s%2Fg%2F11ckvg1dmb!3m7!1s0x864e8307a27cc5d9:0x77248ebfb16b772f!8m2!3d32.706986!4d-97.10903309999999!9m1!1b1!16s%2Fg%2F11ckvg1dmb?entry=ttu",ChIJ2cV8ogeDToYRL3drsb-OJHc,0x864e8307a27cc5d9:0x77248ebfb16b772f,8585143743641515823,/g/11r3dlq45s,8585143743641515823,,hi@rocketbelly.net,RECEIVING,SMTP validated,,,,,,,,,,,,,,,,,,,,,,,,,,,,,,,,,,,,,,,,Rocketbelly - Rocket Chicken & Self Serve Bubble Tea,Webflow,"Rocketbelly is a space themed restaurant located in Arlington, TX features it's delicious signature Rocket Chicken and Rocket sauce, Texas' first and only self-serve boba tea bar, and a plethora of cookies and desserts. Rocketbelly has games and fun activities as well as spaces where you can work remotely.",,False,True
"bubble tea store, 76124, Fort Worth, TX, US",Royal Tea,Royal Tea,http://www.royaltea-usa.com/,"Bubble tea store, Cafe, Coffee shop, Dessert restaurant, Dessert shop, Restaurant, Tea house",Bubble tea store,Bubble tea store,+1 682-270-0089,"4654 S Cooper St #340, Arlington, TX 76017",Southwest Arlington,4654 S Cooper St #340,Arlington,76017,Texas,Texas,United States of America,US,32.671021599999996,-97.1352208,8926cbd5637ffff,America/Chicago,,False,4.4,523,"https://search.google.com/local/reviews?placeid=ChIJzc7CMeBiToYRHFaYof9DvuU&q=bubble+tea+store,+76124,+Fort+Worth,+TX,+US&authuser=0&hl=en&gl=US",,,27.0,14.0,24.0,93.0,365.0,351,https://lh3.googleusercontent.com/p/AF1QipM_7xwNZSB6lD3_ykefC-Xl1AWSuN-OpfbaxTP3=w800-h500-k-no,https://lh3.googleusercontent.com/p/AF1QipM_7xwNZSB6lD3_ykefC-Xl1AWSuN-OpfbaxTP3=w1600-h1000-k-no,,"{""Monday"": ""11AM-11PM"", ""Tuesday"": ""10AM-11PM"", ""Wednesday"": ""11AM-11PM"", ""Thursday"": ""11AM-11PM"", ""Friday"": ""11AM-11:45PM"", ""Saturday"": ""11AM-11:45PM"", ""Sunday"": ""12-11:30PM""}",Monday:11AM-11PM|Tuesday:10AM-11PM|Wednesday:11AM-11PM|Thursday:11AM-11PM|Friday:11AM-11:45PM|Saturday:11AM-11:45PM|Sunday:12-11:30PM,,,OPERATIONAL,"{""Service options"": {""Delivery"": true, ""Onsite services"": true, ""Takeout"": true, ""Dine-in"": true}, ""Highlights"": {""Great tea selection"": true}, ""Accessibility"": {""Wheelchair accessible entrance"": true, ""Wheelchair accessible parking lot"": true, ""Wheelchair accessible restroom"": true}, ""Crowd"": {""LGBTQ+ friendly"": true}, ""Parking"": {""Free parking lot"": true, ""Free street parking"": true}, ""Other"": {""LGBTQ+ friendly"": true}}",$,,https://lh6.googleusercontent.com/--ZIZ5lXzGdo/AAAAAAAAAAI/AAAAAAAAAAA/X_OhHhuSnH0/s44-p-k-no-ns-nd/photo.jpg,"Bright, colorful stop serving bubble tea drinks, smoothies & desserts with creative toppings.",,True,115315492156145713849,Royal Tea,https://www.google.com/maps/contrib/115315492156145713849,,"https://www.google.com/viewer/chooseprovider?mid=/g/11g8v1vs0b&g2lbs=AAEPWCvBkETu_8iu1vIf1Z4Rk1kaNRx50fT9FijBXNDGKn7xxI-3Lk3nslIdGd7VxHPPPHHtk9Y1ztb8IYGLnggWSgFohnus0g%3D%3D&hl=en-US&gl=us&fo_m=MfohQo559jFvMUOzJVpjPL1YMfZ3bInYwBDuMfaXTPp5KXh-&utm_source=tactile&gei=AMQDaILnF_yC9u8Pl9qhkAI&ei=AMQDaILnF_yC9u8Pl9qhkAI&fo_s=OA,SOE&opi=79508299&ebb=1&cs=0&foub=mcpp",,,"https://www.google.com/maps/place/Royal+Tea/@32.671021599999996,-97.1352208,14z/data=!4m8!1m2!2m1!1sRoyal+Tea!3m4!1s0x864e62e031c2cecd:0xe5be43ffa198561c!8m2!3d32.671021599999996!4d-97.1352208","https://www.google.com/maps/place/Royal+Tea/@32.671021599999996,-97.1352208,13.99z/data=!4m16!1m7!3m6!1s0x864e62e031c2cecd:0xe5be43ffa198561c!2sRoyal+Tea!8m2!3d32.671021599999996!4d-97.1352208!16s%2Fg%2F11ckvg1dmb!3m7!1s0x864e62e031c2cecd:0xe5be43ffa198561c!8m2!3d32.671021599999996!4d-97.1352208!9m1!1b1!16s%2Fg%2F11ckvg1dmb?entry=ttu",ChIJzc7CMeBiToYRHFaYof9DvuU,0x864e62e031c2cecd:0xe5be43ffa198561c,16554744045467358748,/g/11g8v1vs0b,-1892000028242192868,,royaltea.arlington@gmail.com,RECEIVING,SMTP validated,,,,,,hr@ninjalegendllc.com,RECEIVING,SMTP validated,,,,,,,,,,,,,,16822700089,,,https://www.facebook.com/311897869189345,https://www.instagram.com/p,,,,,,,,,,,,,,ROYAL TEA - Royal Tea,,"​​Established in 2017, Royal Tea is Arlington's new fun-filled boba tea cafe! From our special boba tea drinks with fascinating toppings to our artfully crafted desserts, 
​you’re bound to find something delicious that is just as unique as you.","Arlington,boba,tea,boba tea,bubble tea,dessert,desserts,fruit tea,milk tea,snow ice,patbingsu,eggettes,eggette,cafe,drinks,smoothie,smoothies,royal tea,arlington tx,grand prairie,fort worth,dallas,dfw,smoothies,icecream,fries,chicken,shrimp",,
"bubble tea store, 76124, Fort Worth, TX, US",Totally Tea,Totally Tea,http://www.thatbobatho.com/,Bubble tea store,Bubble tea store,Bubble tea store,+1 817-703-1660,"1101 Melbourne Rd, Hurst, TX 76053",None,1101 Melbourne Rd,Hurst,76053,Texas,Texas,United States of America,US,32.8300589,-97.2002438,8926cbd35b7ffff,America/Chicago,,False,4.2,163,"https://search.google.com/local/reviews?placeid=ChIJVehAdOF5ToYRNfT6TS4KbX4&q=bubble+tea+store,+76124,+Fort+Worth,+TX,+US&authuser=0&hl=en&gl=US",,,26.0,4.0,3.0,4.0,126.0,18,https://lh3.googleusercontent.com/p/AF1QipO5zEpJPRe4JyX0HB16o0KG_bfLdR5AUcL3a2ju=w800-h500-k-no,https://lh3.googleusercontent.com/p/AF1QipO5zEpJPRe4JyX0HB16o0KG_bfLdR5AUcL3a2ju=w1600-h1000-k-no,,"{""Monday"": ""11AM-7PM"", ""Tuesday"": ""11AM-7PM"", ""Wednesday"": ""11AM-7PM"", ""Thursday"": ""11AM-7PM"", ""Friday"": ""10AM-8PM"", ""Saturday"": ""10AM-8PM"", ""Sunday"": ""12-6PM""}",Monday:11AM-7PM|Tuesday:11AM-7PM|Wednesday:11AM-7PM|Thursday:11AM-7PM|Friday:10AM-8PM|Saturday:10AM-8PM|Sunday:12-6PM,,,OPERATIONAL,"{""Service options"": {""Curbside pickup"": true, ""Takeout"": true, ""Dine-in"": true, ""Delivery"": false}, ""Highlights"": {""Great tea selection"": true}, ""Accessibility"": {""Wheelchair accessible entrance"": true, ""Wheelchair accessible parking lot"": true}}",,,https://lh5.googleusercontent.com/-5PpL2mlioA8/AAAAAAAAAAI/AAAAAAAAAAA/-sH74EjjCQU/s44-p-k-no-ns-nd/photo.jpg,,,True,115012708599593187634,Totally Tea,https://www.google.com/maps/contrib/115012708599593187634,,,,,"https://www.google.com/maps/place/Totally+Tea/@32.8300589,-97.2002438,14z/data=!4m8!1m2!2m1!1sTotally+Tea!3m4!1s0x864e79e17440e855:0x7e6d0a2e4dfaf435!8m2!3d32.8300589!4d-97.2002438","https://www.google.com/maps/place/Totally+Tea/@32.8300589,-97.2002438,13.99z/data=!4m16!1m7!3m6!1s0x864e79e17440e855:0x7e6d0a2e4dfaf435!2sTotally+Tea!8m2!3d32.8300589!4d-97.2002438!16s%2Fg%2F11ckvg1dmb!3m7!1s0x864e79e17440e855:0x7e6d0a2e4dfaf435!8m2!3d32.8300589!4d-97.2002438!9m1!1b1!16s%2Fg%2F11ckvg1dmb?entry=ttu",ChIJVehAdOF5ToYRNfT6TS4KbX4,0x864e79e17440e855:0x7e6d0a2e4dfaf435,9109948815233446965,/g/11r3ldz1zq,9109948815233446965,,info@thatbobatho.com,RECEIVING,SMTP validated,,,,,,,,,,,,,,,,,,,,,,,,,,,,,,,,,,,,,,,,Totally Tea,WordPress 6.0.2,,,False,False
"bubble tea store, 76124, Fort Worth, TX, US",Bubble & Bean Cafe,Bubble And Bean Cafe,https://bubbleandbeancafe.toast.site/,"Bubble tea store, Cafe, Coffee shop, Event venue, Ice cream shop, Karaoke, Stage, Wi-Fi spot",Bubble tea store,Bubble tea store,+1 682-738-3030,"2901 Martin Dr # A, Bedford, TX 76021",None,2901 Martin Dr # A,Bedford,76021,Texas,Texas,United States of America,US,32.8525062,-97.1174072,8926c868963ffff,America/Chicago,,False,4.8,12,"https://search.google.com/local/reviews?placeid=ChIJ9W6TuObdTYYR1IuGBy5Sp8E&q=bubble+tea+store,+76124,+Fort+Worth,+TX,+US&authuser=0&hl=en&gl=US",,,0.0,0.0,1.0,0.0,11.0,49,https://lh3.googleusercontent.com/p/AF1QipN_L9dZDtEpvZGhA8q06i-dL0_PCLti2C1ZGExr=w800-h500-k-no,https://lh3.googleusercontent.com/p/AF1QipN_L9dZDtEpvZGhA8q06i-dL0_PCLti2C1ZGExr=w1600-h1000-k-no,,"{""Monday"": ""7AM-7PM"", ""Tuesday"": ""7AM-7PM"", ""Wednesday"": ""7AM-7PM"", ""Thursday"": ""7AM-7PM"", ""Friday"": ""7AM-7PM"", ""Saturday"": ""11AM-7PM"", ""Sunday"": ""Closed""}",Monday:7AM-7PM|Tuesday:7AM-7PM|Wednesday:7AM-7PM|Thursday:7AM-7PM|Friday:7AM-7PM|Saturday:11AM-7PM|Sunday:Closed,,,OPERATIONAL,"{""Service options"": {""Delivery"": true, ""Takeout"": true, ""Dine-in"": true}, ""Highlights"": {""Great tea selection"": true}, ""Accessibility"": {""Wheelchair accessible entrance"": true, ""Wheelchair accessible parking lot"": true, ""Wheelchair accessible restroom"": true, ""Wheelchair accessible seating"": true}, ""Parking"": {""Free parking lot"": true, ""Free street parking"": true, ""On-site parking"": true}}",$,,https://lh4.googleusercontent.com/-bY8JphBKXJA/AAAAAAAAAAI/AAAAAAAAAAA/DUxuJxloMpQ/s44-p-k-no-ns-nd/photo.jpg,,,True,108328041059582635485,Bubble & Bean Cafe,https://www.google.com/maps/contrib/108328041059582635485,,"https://www.google.com/viewer/chooseprovider?mid=/g/11wbwj0xll&g2lbs=AAEPWCsiMnW-6OMWmwM6OcY0QAnz1XjMtpDOUYMTwxddPoQRoHf8bRjoKkah524FFRGQ8yYHlI8j8ATTrGDe-61BpH_34KT5Iw%3D%3D&hl=en-US&gl=us&fo_m=MfohQo559jFvMUOzJVpjPL1YMfZ3bInYwBDuMfaXTPp5KXh-&utm_source=tactile&gei=AMQDaILnF_yC9u8Pl9qhkAI&ei=AMQDaILnF_yC9u8Pl9qhkAI&fo_s=OA,SOE&opi=79508299&ebb=1&cs=0&foub=mcpp",,,"https://www.google.com/maps/place/Bubble+%26+Bean+Cafe/@32.8525062,-97.1174072,14z/data=!4m8!1m2!2m1!1sBubble+%26+Bean+Cafe!3m4!1s0x864ddde6b8936ef5:0xc1a7522e07868bd4!8m2!3d32.8525062!4d-97.1174072","https://www.google.com/maps/place/Bubble+%26+Bean+Cafe/@32.8525062,-97.1174072,13.99z/data=!4m16!1m7!3m6!1s0x864ddde6b8936ef5:0xc1a7522e07868bd4!2sBubble+%26+Bean+Cafe!8m2!3d32.8525062!4d-97.1174072!16s%2Fg%2F11ckvg1dmb!3m7!1s0x864ddde6b8936ef5:0xc1a7522e07868bd4!8m2!3d32.8525062!4d-97.1174072!9m1!1b1!16s%2Fg%2F11ckvg1dmb?entry=ttu",ChIJ9W6TuObdTYYR1IuGBy5Sp8E,0x864ddde6b8936ef5:0xc1a7522e07868bd4,13954212328079002580,/g/11wbwj0xll,-4492531745630549036,,bubbleandbeancafe@gmail.com,RECEIVING,Verified,,,,,,bubbleandbeanmobilecafe@gmail.com,RECEIVING,Verified,,,,,,,,,,,,,,,,,https://www.facebook.com/people/,https://www.instagram.com/bubbleandbeancafe,,https://www.tiktok.com/@bubbleandbeancafe,,,,,,,,,,,,Bubble & Bean Cafe,,"Bubble Tea & Coffee shop located in Bedford, Texas",,False,False
"bubble tea store, 76124, Fort Worth, TX, US",FENG CHA (Hurst),Feng Cha Hurst,http://www.fengchausa.com/,"Bubble tea store, Coffee shop, Dessert shop, Tea house",Bubble tea store,Bubble tea store,+1 817-393-7757,"1826 Precinct Line Rd, Hurst, TX 76054",None,1826 Precinct Line Rd,Hurst,76054,Texas,Texas,United States of America,US,32.8487663,-97.1847719,8926cbd2693ffff,America/Chicago,,False,4.7,206,"https://search.google.com/local/reviews?placeid=ChIJh-x2aOd5ToYRzYp-3W8D5Ck&q=bubble+tea+store,+76124,+Fort+Worth,+TX,+US&authuser=0&hl=en&gl=US",,,7.0,1.0,8.0,23.0,167.0,295,https://lh3.googleusercontent.com/p/AF1QipMteNnFOI0Z1OYyWTmCKp5sVSiPvBnipVHa2aA6=w800-h500-k-no,https://lh3.googleusercontent.com/p/AF1QipMteNnFOI0Z1OYyWTmCKp5sVSiPvBnipVHa2aA6=w1600-h1000-k-no,,"{""Monday"": ""12-8PM"", ""Tuesday"": ""12-8PM"", ""Wednesday"": ""12-8PM"", ""Thursday"": ""12-8PM"", ""Friday"": ""12-9PM"", ""Saturday"": ""12-9PM"", ""Sunday"": ""12-8PM""}",Monday:12-8PM|Tuesday:12-8PM|Wednesday:12-8PM|Thursday:12-8PM|Friday:12-9PM|Saturday:12-9PM|Sunday:12-8PM,,,OPERATIONAL,"{""From the business"": {""Identifies as Asian-owned"": true, ""Identifies as Black-owned"": true, ""Identifies as women-owned"": true}, ""Service options"": {""Delivery"": true, ""Onsite services"": true, ""Takeout"": true, ""Dine-in"": true}, ""Highlights"": {""Great tea selection"": true}, ""Accessibility"": {""Wheelchair accessible entrance"": true, ""Wheelchair accessible parking lot"": true, ""Wheelchair accessible restroom"": true, ""Wheelchair accessible seating"": true}, ""Parking"": {""Free parking lot"": true, ""Free street parking"": true}, ""Other"": {""Identifies as Black-owned"": true, ""Identifies as women-owned"": true, ""Identifies as Asian-owned"": true}}",$,,https://lh6.googleusercontent.com/-dl5Gx5ec1rk/AAAAAAAAAAI/AAAAAAAAAAA/Sk8XGCGcnMw/s44-p-k-no-ns-nd/photo.jpg,,,True,114278574109045240128,FENG CHA - Hurst,https://www.google.com/maps/contrib/114278574109045240128,,"https://www.google.com/viewer/chooseprovider?mid=/g/11t9qvks0h&g2lbs=AAEPWCu7_RLr2qF9Iz8zwN4Jc0CiDXoX_EKatvXsBKJVFI_mP68rtPVCTvKaf3G1DGxfLq2x1zS1MiIWTJvi3xw03usvMeseOA%3D%3D&hl=en-US&gl=us&fo_m=MfohQo559jFvMUOzJVpjPL1YMfZ3bInYwBDuMfaXTPp5KXh-&utm_source=tactile&gei=AsQDaKz8Fu-o0PEP2Z_uwQM&ei=AsQDaKz8Fu-o0PEP2Z_uwQM&fo_s=OA,SOE&opi=79508299&ebb=1&cs=0&foub=mcpp",,,"https://www.google.com/maps/place/FENG+CHA+-+Hurst/@32.8487663,-97.1847719,14z/data=!4m8!1m2!2m1!1sFENG+CHA+-+Hurst!3m4!1s0x864e79e76876ec87:0x29e4036fdd7e8acd!8m2!3d32.8487663!4d-97.1847719","https://www.google.com/maps/place/FENG+CHA+-+Hurst/@32.8487663,-97.1847719,13.99z/data=!4m16!1m7!3m6!1s0x864e79e76876ec87:0x29e4036fdd7e8acd!2sFENG+CHA+-+Hurst!8m2!3d32.8487663!4d-97.1847719!16s%2Fg%2F11ckvg1dmb!3m7!1s0x864e79e76876ec87:0x29e4036fdd7e8acd!8m2!3d32.8487663!4d-97.1847719!9m1!1b1!16s%2Fg%2F11ckvg1dmb?entry=ttu",ChIJh-x2aOd5ToYRzYp-3W8D5Ck,0x864e79e76876ec87:0x29e4036fdd7e8acd,3018541429237385933,/g/11t9qvks0h,3018541429237385933,,rxx@fengchausa.com,INVALID,Cannot validate,,,,,,pxx@fengchausa.com,INVALID,Cannot validate,,,,,,exx@fengchausa.com,INVALID,Cannot validate,,,,,,14252824087,18178831888,14056765033,https://www.facebook.com/114541508221696,,,,,,,,,,,,,,,ORDER | FENG CHA,Wix.com Website Builder,"Our passion for making tea extends far beyond our drinks. We are happy to see people of different backgrounds coming to Feng Cha to chat, hang out, study and work. We are thankful for each everyone's support and will continue working hard to provide a unique and cozy teahouse experience.",,False,False
"bubble tea store, 76124, Fort Worth, TX, US",Nepa Tea,Nepa Tea,http://nepatea.com/,Bubble tea store,Bubble tea store,Bubble tea store,+1 817-300-4027,"9127 Blvd 26 #130, North Richland Hills, TX 76180",None,9127 Blvd 26 #130,North Richland Hills,76180,Texas,Texas,United States of America,US,32.8537009,-97.1904945,8926c869973ffff,America/Chicago,,False,4.8,102,"https://search.google.com/local/reviews?placeid=ChIJeUkvmQp5ToYRdBbZFYcF4dQ&q=bubble+tea+store,+76124,+Fort+Worth,+TX,+US&authuser=0&hl=en&gl=US",,,1.0,2.0,2.0,3.0,94.0,80,https://lh3.googleusercontent.com/p/AF1QipPgaEXjQff_5TnTi7F1HYLuTYHe79GSt6czNzjG=w800-h500-k-no,https://lh3.googleusercontent.com/p/AF1QipPgaEXjQff_5TnTi7F1HYLuTYHe79GSt6czNzjG=w1600-h1000-k-no,,"{""Monday"": ""9AM-8PM"", ""Tuesday"": ""9AM-8PM"", ""Wednesday"": ""9AM-8PM"", ""Thursday"": ""9AM-8PM"", ""Friday"": ""9AM-8PM"", ""Saturday"": ""9AM-8PM"", ""Sunday"": ""9AM-8PM""}",Monday:9AM-8PM|Tuesday:9AM-8PM|Wednesday:9AM-8PM|Thursday:9AM-8PM|Friday:9AM-8PM|Saturday:9AM-8PM|Sunday:9AM-8PM,"[{""delivery"": {""Monday"": ""9 AM-8 PM"", ""Tuesday"": ""9 AM-8 PM"", ""Wednesday"": ""9 AM-8 PM"", ""Thursday"": ""9 AM-8 PM"", ""Friday"": ""9 AM-8 PM"", ""Saturday"": ""9 AM-8 PM"", ""Sunday"": ""9 AM-8 PM""}}, {""takeout"": {""Monday"": ""9 AM-8 PM"", ""Tuesday"": ""9 AM-8 PM"", ""Wednesday"": ""9 AM-8 PM"", ""Thursday"": ""9 AM-8 PM"", ""Friday"": ""9 AM-8 PM"", ""Saturday"": ""9 AM-8 PM"", ""Sunday"": ""9 AM-8 PM""}}, {""pickup"": {""Monday"": ""9 AM-8 PM"", ""Tuesday"": ""9 AM-8 PM"", ""Wednesday"": ""9 AM-8 PM"", ""Thursday"": ""9 AM-8 PM"", ""Friday"": ""9 AM-8 PM"", ""Saturday"": ""9 AM-8 PM"", ""Sunday"": ""9 AM-8 PM""}}, {""online_service_hours"": {""Monday"": ""9 AM-8 PM"", ""Tuesday"": ""9 AM-8 PM"", ""Wednesday"": ""9 AM-8 PM"", ""Thursday"": ""9 AM-8 PM"", ""Friday"": ""9 AM-8 PM"", ""Saturday"": ""9 AM-8 PM"", ""Sunday"": ""9 AM-8 PM""}}]",,OPERATIONAL,"{""Service options"": {""Delivery"": true, ""Takeout"": true, ""Dine-in"": true}, ""Highlights"": {""Great tea selection"": true}, ""Accessibility"": {""Wheelchair accessible entrance"": true, ""Wheelchair accessible parking lot"": true, ""Wheelchair accessible restroom"": true, ""Wheelchair accessible seating"": true}, ""Amenities"": {""Gender-neutral restroom"": true}, ""Crowd"": {""LGBTQ+ friendly"": true, ""Transgender safespace"": true}, ""Parking"": {""Free parking lot"": true, ""Free street parking"": true}, ""Other"": {""LGBTQ+ friendly"": true}}",$,,https://lh5.googleusercontent.com/-btks1ueM42Y/AAAAAAAAAAI/AAAAAAAAAAA/-yk5rzMcQhs/s44-p-k-no-ns-nd/photo.jpg,,,True,103826054233335511929,Nepa Tea,https://www.google.com/maps/contrib/103826054233335511929,,"https://www.google.com/viewer/chooseprovider?mid=/g/11vypz40fw&g2lbs=AAEPWCtjQjq_q7oQ_z0_GQPFM3YaHZIItaD0IFFfbyfVNWYdxdrIj5akfyvwKEN6FVUwTfYFttBNqm_hkfUyku01t_KBR31lrQ%3D%3D&hl=en-US&gl=us&fo_m=MfohQo559jFvMUOzJVpjPL1YMfZ3bInYwBDuMfaXTPp5KXh-&utm_source=tactile&gei=AsQDaKz8Fu-o0PEP2Z_uwQM&ei=AsQDaKz8Fu-o0PEP2Z_uwQM&fo_s=OA,SOE&opi=79508299&ebb=1&cs=0&foub=mcpp",,,"https://www.google.com/maps/place/Nepa+Tea/@32.8537009,-97.1904945,14z/data=!4m8!1m2!2m1!1sNepa+Tea!3m4!1s0x864e790a992f4979:0xd4e1058715d91674!8m2!3d32.8537009!4d-97.1904945","https://www.google.com/maps/place/Nepa+Tea/@32.8537009,-97.1904945,13.99z/data=!4m16!1m7!3m6!1s0x864e790a992f4979:0xd4e1058715d91674!2sNepa+Tea!8m2!3d32.8537009!4d-97.1904945!16s%2Fg%2F11ckvg1dmb!3m7!1s0x864e790a992f4979:0xd4e1058715d91674!8m2!3d32.8537009!4d-97.1904945!9m1!1b1!16s%2Fg%2F11ckvg1dmb?entry=ttu",ChIJeUkvmQp5ToYRdBbZFYcF4dQ,0x864e790a992f4979:0xd4e1058715d91674,15339547883545892468,/g/11vypz40fw,-3107196190163659148,,,,,,,,,,,,,,,,,,,,,,,,,,,,,,https://www.instagram.com/nepatea_,,,,,,,,,,,,,,"Fresh and Delicious Bubble Tea, Coffee, and Smoothies | NEPA TEA",Hostinger Website Builder,"Discover a bubble tea shop that offers fresh and quality tea, coffee, smoothie, and fruity tea. Indulge in our delicious drinks and experience a burst of flavors. Visit us today for a refreshing tr...","bubble tea shop, fresh tea, coffee",False,False
"bubble tea store, 76124, Fort Worth, TX, US",Dingtea Arlington,Dingtea Arlington,http://www.dingteatexas.com/,"Bubble tea store, Delivery Restaurant",Bubble tea store,Bubble tea store,+1 817-609-9999,"2425 SE Green Oaks Blvd Ste 115, Arlington, TX 76018",Southeast Arlington,2425 SE Green Oaks Blvd Ste 115,Arlington,76018,Texas,Texas,United States of America,US,32.6614883,-97.065348,8926cbd4287ffff,America/Chicago,,False,4.4,279,"https://search.google.com/local/reviews?placeid=ChIJAw4bAJmJToYRJcJE6_ltXV8&q=bubble+tea+store,+76124,+Fort+Worth,+TX,+US&authuser=0&hl=en&gl=US",,,13.0,11.0,17.0,44.0,194.0,149,https://lh3.googleusercontent.com/p/AF1QipOFKIlBXkF1CZwfVlBu0ASl5s4F-XE2i9K3g6lg=w800-h500-k-no,https://lh3.googleusercontent.com/p/AF1QipOFKIlBXkF1CZwfVlBu0ASl5s4F-XE2i9K3g6lg=w1600-h1000-k-no,,"{""Monday"": ""11AM-10PM"", ""Tuesday"": ""11AM-10PM"", ""Wednesday"": ""11AM-10PM"", ""Thursday"": ""11AM-10PM"", ""Friday"": ""11AM-10PM"", ""Saturday"": ""11AM-10PM"", ""Sunday"": ""11AM-10PM""}",Monday:11AM-10PM|Tuesday:11AM-10PM|Wednesday:11AM-10PM|Thursday:11AM-10PM|Friday:11AM-10PM|Saturday:11AM-10PM|Sunday:11AM-10PM,,,OPERATIONAL,"{""Service options"": {""Delivery"": true, ""Takeout"": true, ""Dine-in"": true}, ""Highlights"": {""Great tea selection"": true}, ""Accessibility"": {""Wheelchair accessible entrance"": true, ""Wheelchair accessible parking lot"": true, ""Wheelchair accessible restroom"": true, ""Wheelchair accessible seating"": true}}",$,,https://lh3.googleusercontent.com/-CRZVyq-WHL0/AAAAAAAAAAI/AAAAAAAAAAA/8lixDaqQ3SI/s44-p-k-no-ns-nd/photo.jpg,,,True,103875581482300181935,Dingtea Arlington,https://www.google.com/maps/contrib/103875581482300181935,,"https://www.google.com/viewer/chooseprovider?mid=/g/11fhqqxy1k&g2lbs=AAEPWCvFp_yl7PTv7I0vJ5oWoGjzs4C5I9vklm17xUPPrwyHLjk-kx22bE0a3rjGjZq5zhihu_WX_JIw2IAatMNmZE3LB3UQgg%3D%3D&hl=en-US&gl=us&fo_m=MfohQo559jFvMUOzJVpjPL1YMfZ3bInYwBDuMfaXTPp5KXh-&utm_source=tactile&gei=AsQDaKz8Fu-o0PEP2Z_uwQM&ei=AsQDaKz8Fu-o0PEP2Z_uwQM&fo_s=OA,SOE&opi=79508299&ebb=1&cs=0&foub=mcpp",,,"https://www.google.com/maps/place/Dingtea+Arlington/@32.6614883,-97.065348,14z/data=!4m8!1m2!2m1!1sDingtea+Arlington!3m4!1s0x864e8999001b0e03:0x5f5d6df9eb44c225!8m2!3d32.6614883!4d-97.065348","https://www.google.com/maps/place/Dingtea+Arlington/@32.6614883,-97.065348,13.99z/data=!4m16!1m7!3m6!1s0x864e8999001b0e03:0x5f5d6df9eb44c225!2sDingtea+Arlington!8m2!3d32.6614883!4d-97.065348!16s%2Fg%2F11ckvg1dmb!3m7!1s0x864e8999001b0e03:0x5f5d6df9eb44c225!8m2!3d32.6614883!4d-97.065348!9m1!1b1!16s%2Fg%2F11ckvg1dmb?entry=ttu",ChIJAw4bAJmJToYRJcJE6_ltXV8,0x864e8999001b0e03:0x5f5d6df9eb44c225,6871769526598681125,/g/11fhqqxy1k,6871769526598681125,,franchise@dingteatexas.com,RECEIVING,Verified,,,,,,dingteatexas@gmail.com,RECEIVING,SMTP validated,,,,,,contact@sansoxygen.com,RECEIVING,Role,,,,,,,,,https://www.facebook.com/dingteaarlington/,https://www.instagram.com/dingteatexas,,,,,,,,,,,,https://github.com/andrew-paglinawan/,,Best Boba Tea in Texas | Ding Tea Texas,Starfield Technologies; Go Daddy Website Builder 8.0.0000,Experience the best boba tea in Texas at Ding Tea Texas. We offer a wide variety of flavors and toppings to choose from. Visit us today!,,False,False
"bubble tea store, 76124, Fort Worth, TX, US",Fruit of Life Coffee LLC,Fruit Of Life Coffee,https://www.fruitoflife.coffee/,Coffee shop,coffee shops,Coffee shop,,"2726 Lipscomb St Suite 101, Fort Worth, TX 76110",South Hemphill Heights,2726 Lipscomb St Suite 101,Fort Worth,76110,Texas,Texas,United States of America,US,32.7118229,-97.334412,8926cbdaad7ffff,America/Chicago,,False,4.9,20,"https://search.google.com/local/reviews?placeid=ChIJ_SZ1AFBxToYRvXM3ekwLI78&q=bubble+tea+store,+76124,+Fort+Worth,+TX,+US&authuser=0&hl=en&gl=US",,,0.0,1.0,0.0,0.0,19.0,19,https://lh3.googleusercontent.com/p/AF1QipM4J42XYtqWF3cr8EE1maFiiEglU77ZHphb7PFS=w800-h500-k-no,https://lh3.googleusercontent.com/p/AF1QipM4J42XYtqWF3cr8EE1maFiiEglU77ZHphb7PFS=w1600-h1000-k-no,,"{""Monday"": ""7:30AM-6PM"", ""Tuesday"": ""7:30AM-6PM"", ""Wednesday"": ""7:30AM-6PM"", ""Thursday"": ""7:30AM-6PM"", ""Friday"": ""7:30AM-6PM"", ""Saturday"": ""9AM-2PM"", ""Sunday"": ""9AM-2PM""}",Monday:7:30AM-6PM|Tuesday:7:30AM-6PM|Wednesday:7:30AM-6PM|Thursday:7:30AM-6PM|Friday:7:30AM-6PM|Saturday:9AM-2PM|Sunday:9AM-2PM,,,OPERATIONAL,"{""Service options"": {""Takeout"": true, ""Dine-in"": true, ""Delivery"": false}, ""Highlights"": {""Great coffee"": true, ""Great tea selection"": true}, ""Accessibility"": {""Wheelchair accessible parking lot"": true}, ""Offerings"": {""Coffee"": true}, ""Dining options"": {""Dessert"": true, ""Seating"": true}, ""Atmosphere"": {""Casual"": true, ""Cozy"": true, ""Trendy"": true}, ""Payments"": {""Credit cards"": true}, ""Children"": {""Good for kids"": true}, ""Parking"": {""Free parking lot"": true, ""Free street parking"": true}, ""Pets"": {""Dogs allowed"": true, ""Dogs allowed inside"": true, ""Dogs allowed outside"": true}}",,,https://lh4.googleusercontent.com/-MH_zF_-QNtQ/AAAAAAAAAAI/AAAAAAAAAAA/1Ppq0ozvKVk/s44-p-k-no-ns-nd/photo.jpg,,,True,102440756642622846218,Fruit of Life Coffee LLC,https://www.google.com/maps/contrib/102440756642622846218,,,,,"https://www.google.com/maps/place/Fruit+of+Life+Coffee+LLC/@32.7118229,-97.334412,14z/data=!4m8!1m2!2m1!1sFruit+of+Life+Coffee+LLC!3m4!1s0x864e7150007526fd:0xbf230b4c7a3773bd!8m2!3d32.7118229!4d-97.334412","https://www.google.com/maps/place/Fruit+of+Life+Coffee+LLC/@32.7118229,-97.334412,13.99z/data=!4m16!1m7!3m6!1s0x864e7150007526fd:0xbf230b4c7a3773bd!2sFruit+of+Life+Coffee+LLC!8m2!3d32.7118229!4d-97.334412!16s%2Fg%2F11ckvg1dmb!3m7!1s0x864e7150007526fd:0xbf230b4c7a3773bd!8m2!3d32.7118229!4d-97.334412!9m1!1b1!16s%2Fg%2F11ckvg1dmb?entry=ttu",ChIJ_SZ1AFBxToYRvXM3ekwLI78,0x864e7150007526fd:0xbf230b4c7a3773bd,13772864508524983229,/g/11vy13_9g_,-4673879565184568387,,,,,,,,,,,,,,,,,,,,,,,,,,,,,,,,,,,,,,,,,,,,Fruit of Life Coffee - 100% Colombian,,"Fruit of Life Coffee is located in Fort Worth, Texas and brings you single origin, specialty coffee directly from Trujillo, Valle del Cauca, Colombia.",,False,False
"bubble tea store, 76124, Fort Worth, TX, US",OneZo Texas- Arlington,Onezo Texas Arlington,https://www.onezotexas.com/,Bubble tea store,Bubble tea store,Bubble tea store,+1 682-347-0234,"3415 S Cooper St #104, Arlington, TX 76015",East Arlington,3415 S Cooper St #104,Arlington,76015,Texas,Texas,United States of America,US,32.6907255,-97.1275307,8926cbd54cbffff,America/Chicago,,False,4.6,79,"https://search.google.com/local/reviews?placeid=ChIJH0IHkZtjToYR7X_zBFzlP20&q=bubble+tea+store,+76124,+Fort+Worth,+TX,+US&authuser=0&hl=en&gl=US",,,2.0,4.0,4.0,3.0,66.0,100,https://lh3.googleusercontent.com/p/AF1QipPcTZBasC2sADYnSIL97HwPFDZTWVnSghXGD6Sk=w800-h500-k-no,https://lh3.googleusercontent.com/p/AF1QipPcTZBasC2sADYnSIL97HwPFDZTWVnSghXGD6Sk=w1600-h1000-k-no,,"{""Monday"": ""12-8PM"", ""Tuesday"": ""12-8PM"", ""Wednesday"": ""12-8PM"", ""Thursday"": ""12-8PM"", ""Friday"": ""12-8PM"", ""Saturday"": ""12-9PM"", ""Sunday"": ""12-8PM""}",Monday:12-8PM|Tuesday:12-8PM|Wednesday:12-8PM|Thursday:12-8PM|Friday:12-8PM|Saturday:12-9PM|Sunday:12-8PM,,,OPERATIONAL,"{""From the business"": {""Identifies as Asian-owned"": true}, ""Service options"": {""Delivery"": true, ""Onsite services"": true, ""Takeout"": true, ""Dine-in"": true}, ""Highlights"": {""Great tea selection"": true}, ""Accessibility"": {""Wheelchair accessible entrance"": true, ""Wheelchair accessible parking lot"": true, ""Assistive hearing loop"": false, ""Wheelchair accessible restroom"": false, ""Wheelchair accessible seating"": false}, ""Crowd"": {""LGBTQ+ friendly"": true, ""Transgender safespace"": true}, ""Other"": {""LGBTQ+ friendly"": true, ""Identifies as Asian-owned"": true}}",$,,https://lh4.googleusercontent.com/-VPrcMNTVqhE/AAAAAAAAAAI/AAAAAAAAAAA/hjveO9-ZPJk/s44-p-k-no-ns-nd/photo.jpg,,,True,101459388044209946307,OneZo Texas- Arlington,https://www.google.com/maps/contrib/101459388044209946307,,"https://www.google.com/viewer/chooseprovider?mid=/g/11khv8v3bp&g2lbs=AAEPWCskQ52H0PNmnZSfPuCmGaDo1QGC6Xex2La_LSL4QRj5xAqxfxp4CXGMKwsTcnIo39-a_sIfPxbHgbCxsIg-j4_7ocynPw%3D%3D&hl=en-US&gl=us&fo_m=MfohQo559jFvMUOzJVpjPL1YMfZ3bInYwBDuMfaXTPp5KXh-&utm_source=tactile&gei=AsQDaKz8Fu-o0PEP2Z_uwQM&ei=AsQDaKz8Fu-o0PEP2Z_uwQM&fo_s=OA,SOE&opi=79508299&ebb=1&cs=0&foub=mcpp",,,"https://www.google.com/maps/place/OneZo+Texas-+Arlington/@32.6907255,-97.1275307,14z/data=!4m8!1m2!2m1!1sOneZo+Texas-+Arlington!3m4!1s0x864e639b9107421f:0x6d3fe55c04f37fed!8m2!3d32.6907255!4d-97.1275307","https://www.google.com/maps/place/OneZo+Texas-+Arlington/@32.6907255,-97.1275307,13.99z/data=!4m16!1m7!3m6!1s0x864e639b9107421f:0x6d3fe55c04f37fed!2sOneZo+Texas-+Arlington!8m2!3d32.6907255!4d-97.1275307!16s%2Fg%2F11ckvg1dmb!3m7!1s0x864e639b9107421f:0x6d3fe55c04f37fed!8m2!3d32.6907255!4d-97.1275307!9m1!1b1!16s%2Fg%2F11ckvg1dmb?entry=ttu",ChIJH0IHkZtjToYR7X_zBFzlP20,0x864e639b9107421f:0x6d3fe55c04f37fed,7872262857049735149,/g/11khv8v3bp,7872262857049735149,,info@onezotexas.com,RECEIVING,SMTP validated,,,,,,,,,,,,,,,,,,,,,,14699008049,,,https://www.facebook.com/onezo.texas,https://www.instagram.com/onezo.texas,,,,,,,,,,,,,,OneZo Texas,,"OneZo is a national bubble tea brand from Taiwan, first established in 
2015. We are the first to make our boba fresh in-store. Our whole focus is 
centered on the “Art of Boba,” and we represent that in offering the 
highest quality teas, freshest boba, and a unique experience each and every 
day. We can’t wait to serve you and share our passion with our fellow 
Texans and boba lovers.",,False,False
"bubble tea store, 76124, Fort Worth, TX, US",Magic Cup,Magic Cup,http://www.magiccupcafe.com/,"Bubble tea store, Coffee shop, Juice shop, Tea house",Bubble tea store,Bubble tea store,+1 817-962-0001,"3970 N Collins St Ste 160, Arlington, TX 76005",North Arlington,3970 N Collins St Ste 160,Arlington,76005,Texas,Texas,United States of America,US,32.7964376,-97.09826559999999,8926c86d30fffff,America/Chicago,,False,4.4,177,"https://search.google.com/local/reviews?placeid=ChIJPXaxIbx_ToYRSHXQH8dRhOA&q=bubble+tea+store,+76124,+Fort+Worth,+TX,+US&authuser=0&hl=en&gl=US",,,14.0,4.0,6.0,19.0,134.0,115,https://lh3.googleusercontent.com/p/AF1QipOr1moCwkgxh84n1L27pQ8521E58jzWcIG-eFf_=w800-h500-k-no,https://lh3.googleusercontent.com/p/AF1QipOr1moCwkgxh84n1L27pQ8521E58jzWcIG-eFf_=w1600-h1000-k-no,,"{""Monday"": ""7AM-10PM"", ""Tuesday"": ""7AM-10PM"", ""Wednesday"": ""7AM-10PM"", ""Thursday"": ""7AM-10PM"", ""Friday"": ""7AM-10PM"", ""Saturday"": ""7AM-10PM"", ""Sunday"": ""7AM-10PM""}",Monday:7AM-10PM|Tuesday:7AM-10PM|Wednesday:7AM-10PM|Thursday:7AM-10PM|Friday:7AM-10PM|Saturday:7AM-10PM|Sunday:7AM-10PM,,,OPERATIONAL,"{""From the business"": {""Identifies as Asian-owned"": true}, ""Service options"": {""Curbside pickup"": true, ""No-contact delivery"": true, ""Delivery"": true, ""Onsite services"": true, ""Takeout"": true, ""Dine-in"": true}, ""Highlights"": {""Great tea selection"": true}, ""Accessibility"": {""Wheelchair accessible entrance"": true, ""Wheelchair accessible parking lot"": true, ""Wheelchair accessible restroom"": true, ""Wheelchair accessible seating"": true}, ""Parking"": {""Free parking lot"": true, ""Free street parking"": true}, ""Other"": {""Identifies as Asian-owned"": true}}",$,,,,,False,None,Magic Cup,,,"https://www.google.com/viewer/chooseprovider?mid=/g/11sjwm2vk5&g2lbs=AAEPWCtjLf9J0z--7EAJMVxR4WAHZqtHouE3Lyefc8C2bADNAvjNJ-rkZmdTKE05EA2Yx-P_xHXE0mim7HcMymTU1KwiP_hsqA%3D%3D&hl=en-US&gl=us&fo_m=MfohQo559jFvMUOzJVpjPL1YMfZ3bInYwBDuMfaXTPp5KXh-&utm_source=tactile&gei=AsQDaKz8Fu-o0PEP2Z_uwQM&ei=AsQDaKz8Fu-o0PEP2Z_uwQM&fo_s=OA,SOE&opi=79508299&ebb=1&cs=0&foub=mcpp",,,"https://www.google.com/maps/place/Magic+Cup/@32.7964376,-97.09826559999999,14z/data=!4m8!1m2!2m1!1sMagic+Cup!3m4!1s0x864e7fbc21b1763d:0xe08451c71fd07548!8m2!3d32.7964376!4d-97.09826559999999","https://www.google.com/maps/place/Magic+Cup/@32.7964376,-97.09826559999999,13.99z/data=!4m16!1m7!3m6!1s0x864e7fbc21b1763d:0xe08451c71fd07548!2sMagic+Cup!8m2!3d32.7964376!4d-97.09826559999999!16s%2Fg%2F11ckvg1dmb!3m7!1s0x864e7fbc21b1763d:0xe08451c71fd07548!8m2!3d32.7964376!4d-97.09826559999999!9m1!1b1!16s%2Fg%2F11ckvg1dmb?entry=ttu",ChIJPXaxIbx_ToYRSHXQH8dRhOA,0x864e7fbc21b1763d:0xe08451c71fd07548,16178145677095761224,/g/11sjwm2vk5,-2268598396613790392,,richardson@magiccupcafe.com,RECEIVING,SMTP validated,,,,,,houston@magiccupcafe.com,RECEIVING,SMTP validated,,,,,,mckinney@magiccupcafe.com,RECEIVING,SMTP validated,,,,,,8329062200,2148129693,4697140448,https://www.facebook.com/magiccupcafe/,https://www.instagram.com/p,,,,,,,,,,,,,,Magic Cup Cafe | Boba Tea | Coffee Shop | Mangonadas,,"Magic Cup unites people who love coffee, tea, slushes, and good food. Our 
extensive menu has drinks for a wide range of tastes and dietary 
preferences, with room for customization. Our welcoming atmosphere is ideal 
for people on-the-go, quiet studying, or relaxing.",,,
"bubble tea store, 76124, Fort Worth, TX, US",Papawady Asian Market,Papawady Asian Market,https://www.facebook.com/PapawadyTexas/,Grocery store,Grocery store,Grocery store,+1 817-924-0860,"1161 E Seminary Dr #2831, Fort Worth, TX 76115",Carter Park,1161 E Seminary Dr #2831,Fort Worth,76115,Texas,Texas,United States of America,US,32.6846532,-97.3128476,8926cbdab73ffff,America/Chicago,,False,4.6,63,"https://search.google.com/local/reviews?placeid=ChIJK-aIFipuToYRNqb2cb9araI&q=bubble+tea+store,+76124,+Fort+Worth,+TX,+US&authuser=0&hl=en&gl=US",,,2.0,1.0,4.0,9.0,47.0,136,https://lh3.googleusercontent.com/p/AF1QipOCrbl5olvgou3SmmHs0zWk7hTrMKlEqGPf9woH=w800-h500-k-no,https://lh3.googleusercontent.com/p/AF1QipOCrbl5olvgou3SmmHs0zWk7hTrMKlEqGPf9woH=w1600-h1000-k-no,,"{""Monday"": ""9AM-8PM"", ""Tuesday"": ""9AM-8PM"", ""Wednesday"": ""9AM-8PM"", ""Thursday"": ""9AM-8PM"", ""Friday"": ""9AM-8PM"", ""Saturday"": ""9AM-8PM"", ""Sunday"": ""9AM-8PM""}",Monday:9AM-8PM|Tuesday:9AM-8PM|Wednesday:9AM-8PM|Thursday:9AM-8PM|Friday:9AM-8PM|Saturday:9AM-8PM|Sunday:9AM-8PM,,,OPERATIONAL,"{""From the business"": {""Small business"": true}, ""Service options"": {""Delivery"": true}, ""Highlights"": {""Great produce"": true}, ""Accessibility"": {""Wheelchair accessible entrance"": true, ""Wheelchair accessible parking lot"": true}, ""Offerings"": {""Food"": true, ""Prepared foods"": true}, ""Planning"": {""Quick visit"": true}, ""Payments"": {""Credit cards"": true, ""Debit cards"": true, ""NFC mobile payments"": true, ""SNAP/EBT"": true}}",,,https://lh3.googleusercontent.com/-NfPFfdbhWVs/AAAAAAAAAAI/AAAAAAAAAAA/XZi8jtfvpuM/s44-p-k-no-ns-nd/photo.jpg,,,True,107026507834980331533,Papawady Asian Market,https://www.google.com/maps/contrib/107026507834980331533,,,,,"https://www.google.com/maps/place/Papawady+Asian+Market/@32.6846532,-97.3128476,14z/data=!4m8!1m2!2m1!1sPapawady+Asian+Market!3m4!1s0x864e6e2a1688e62b:0xa2ad5abf71f6a636!8m2!3d32.6846532!4d-97.3128476","https://www.google.com/maps/place/Papawady+Asian+Market/@32.6846532,-97.3128476,13.99z/data=!4m16!1m7!3m6!1s0x864e6e2a1688e62b:0xa2ad5abf71f6a636!2sPapawady+Asian+Market!8m2!3d32.6846532!4d-97.3128476!16s%2Fg%2F11ckvg1dmb!3m7!1s0x864e6e2a1688e62b:0xa2ad5abf71f6a636!8m2!3d32.6846532!4d-97.3128476!9m1!1b1!16s%2Fg%2F11ckvg1dmb?entry=ttu",ChIJK-aIFipuToYRNqb2cb9araI,0x864e6e2a1688e62b:0xa2ad5abf71f6a636,11722125183412512310,/g/1tdcxhgc,-6724618890297039306,,papawadytexas@gmail.com,RECEIVING,SMTP validated,,,,,,,,,,,,,,,,,,,,,,18178492210,,,https://www.facebook.com/papawadytexas,,,,,,,,,,,,,,,,,,,,
"bubble tea store, 76124, Fort Worth, TX, US",The Alley Arlington,The Alley Arlington,https://www.the-alley.us/,"Bubble tea store, Bakery, Coffee shop, Tea house",Bubble tea store,Bubble tea store,+1 817-962-0311,"2141 N Collins St #509, Arlington, TX 76011",North Arlington,2141 N Collins St #509,Arlington,76011,Texas,Texas,United States of America,US,32.768973599999995,-97.09604449999999,8926cbd2d23ffff,America/Chicago,,False,4.3,70,"https://search.google.com/local/reviews?placeid=ChIJ0VJCMxV9ToYR1rgVm7ujYgQ&q=bubble+tea+store,+76124,+Fort+Worth,+TX,+US&authuser=0&hl=en&gl=US",,,11.0,2.0,0.0,2.0,55.0,65,https://lh3.googleusercontent.com/p/AF1QipMHxjBdb502bknqjxk-wpbD34mOfuNcRMN8tTbb=w800-h500-k-no,https://lh3.googleusercontent.com/p/AF1QipMHxjBdb502bknqjxk-wpbD34mOfuNcRMN8tTbb=w1600-h1000-k-no,,"{""Monday"": ""11:30AM-9PM"", ""Tuesday"": ""11:30AM-9PM"", ""Wednesday"": ""11:30AM-9PM"", ""Thursday"": ""11:30AM-9PM"", ""Friday"": ""11:30AM-10PM"", ""Saturday"": ""11:30AM-10PM"", ""Sunday"": ""11:30AM-9PM""}",Monday:11:30AM-9PM|Tuesday:11:30AM-9PM|Wednesday:11:30AM-9PM|Thursday:11:30AM-9PM|Friday:11:30AM-10PM|Saturday:11:30AM-10PM|Sunday:11:30AM-9PM,,,OPERATIONAL,"{""From the business"": {""Identifies as Asian-owned"": true}, ""Service options"": {""Takeout"": true, ""Dine-in"": true}, ""Highlights"": {""Great tea selection"": true}, ""Accessibility"": {""Wheelchair accessible entrance"": true, ""Wheelchair accessible parking lot"": true, ""Wheelchair accessible restroom"": true, ""Wheelchair accessible seating"": true}, ""Amenities"": {""Gender-neutral restroom"": true}, ""Parking"": {""Free parking lot"": true, ""Free street parking"": true}, ""Other"": {""Identifies as Asian-owned"": true}}",$$,,https://lh5.googleusercontent.com/-RntZl4_o8us/AAAAAAAAAAI/AAAAAAAAAAA/p0EfHobYrQs/s44-p-k-no-ns-nd/photo.jpg,,,True,111964028339451268870,The Alley Arlington,https://www.google.com/maps/contrib/111964028339451268870,,"https://www.google.com/viewer/chooseprovider?mid=/g/11lt_w9qwn&g2lbs=AAEPWCvO29-dT2blT2dUJOvXahUL-JODbBxWnhii5UAnKJzoikJU_xdaNt5ImK0HqXRK5tYn2yy66dDBbZJekGQa8xFTvb4mig%3D%3D&hl=en-US&gl=us&fo_m=MfohQo559jFvMUOzJVpjPL1YMfZ3bInYwBDuMfaXTPp5KXh-&utm_source=tactile&gei=AsQDaKz8Fu-o0PEP2Z_uwQM&ei=AsQDaKz8Fu-o0PEP2Z_uwQM&fo_s=OA,SOE&opi=79508299&ebb=1&cs=0&foub=mcpp",,,"https://www.google.com/maps/place/The+Alley+Arlington/@32.768973599999995,-97.09604449999999,14z/data=!4m8!1m2!2m1!1sThe+Alley+Arlington!3m4!1s0x864e7d15334252d1:0x462a3bb9b15b8d6!8m2!3d32.768973599999995!4d-97.09604449999999","https://www.google.com/maps/place/The+Alley+Arlington/@32.768973599999995,-97.09604449999999,13.99z/data=!4m16!1m7!3m6!1s0x864e7d15334252d1:0x462a3bb9b15b8d6!2sThe+Alley+Arlington!8m2!3d32.768973599999995!4d-97.09604449999999!16s%2Fg%2F11ckvg1dmb!3m7!1s0x864e7d15334252d1:0x462a3bb9b15b8d6!8m2!3d32.768973599999995!4d-97.09604449999999!9m1!1b1!16s%2Fg%2F11ckvg1dmb?entry=ttu",ChIJ0VJCMxV9ToYR1rgVm7ujYgQ,0x864e7d15334252d1:0x462a3bb9b15b8d6,315994950025459926,/g/11lt_w9qwn,315994950025459926,,thealleysandiego@yahoo.com,RECEIVING,SMTP validated,,,,,,,,,,,,,,,,,,,,,,16267644841,18007097191,16193102692,https://www.facebook.com/thealleyusa/,https://www.instagram.com/thealley.usa,https://www.linkedin.com/company/thealleyusa,,,,,,,,,,,,,THE ALLEY | It's Time For Tea!,,It's time for tea!,"斜角巷,鹿角巷,茶飲,手搖茶,喝杯好茶,Diagon Alley,The Alley,USA,United States,America",True,True
"bubble tea store, 76124, Fort Worth, TX, US",Kung Fu Tea,Kung Fu Tea,https://www.kungfutea.com/,Bubble tea store,Bubble tea store,Bubble tea store,+1 817-583-6574,"101 E Abram St Suite 170, Arlington, TX 76010",Central Arlington,101 E Abram St Suite 170,Arlington,76010,Texas,Texas,United States of America,US,32.7358015,-97.1062757,8926cbd768fffff,America/Chicago,,False,4.5,203,"https://search.google.com/local/reviews?placeid=ChIJYwoyBON9ToYRLOOAqEJS_jM&q=bubble+tea+store,+76124,+Fort+Worth,+TX,+US&authuser=0&hl=en&gl=US",,,9.0,8.0,12.0,21.0,153.0,839,https://lh3.googleusercontent.com/p/AF1QipNKKLDcFsBWRohO3KW_Z3ItBUshlYc7yCyGgHB_=w800-h500-k-no,https://lh3.googleusercontent.com/p/AF1QipNKKLDcFsBWRohO3KW_Z3ItBUshlYc7yCyGgHB_=w1600-h1000-k-no,,"{""Monday"": ""12-9PM"", ""Tuesday"": ""12-9PM"", ""Wednesday"": ""12-9PM"", ""Thursday"": ""12-9PM"", ""Friday"": ""12-10PM"", ""Saturday"": ""12-10PM"", ""Sunday"": ""12-9PM""}",Monday:12-9PM|Tuesday:12-9PM|Wednesday:12-9PM|Thursday:12-9PM|Friday:12-10PM|Saturday:12-10PM|Sunday:12-9PM,,,OPERATIONAL,"{""From the business"": {""Identifies as women-owned"": true}, ""Service options"": {""Delivery"": true, ""Takeout"": true, ""Dine-in"": true}, ""Highlights"": {""Great tea selection"": true}, ""Accessibility"": {""Wheelchair accessible entrance"": true, ""Wheelchair accessible parking lot"": true, ""Wheelchair accessible restroom"": true}, ""Amenities"": {""Gender-neutral restroom"": true}, ""Other"": {""Identifies as women-owned"": true}}",$,,https://lh3.googleusercontent.com/-_gcZ7g80GMQ/AAAAAAAAAAI/AAAAAAAAAAA/PWTiYR2RKbk/s44-p-k-no-ns-nd/photo.jpg,"Bubble tea specialist with a selection of other hot & cold drinks, including coffee & slushes.",,True,108743564405846778209,Kung Fu Tea,https://www.google.com/maps/contrib/108743564405846778209,,"https://www.google.com/viewer/chooseprovider?mid=/g/11q1vdfs3b&g2lbs=AAEPWCsmQfstYDRgtO3AQfXJ1tR0TBmDqGh21mo-AsUy1FZZrf2AWtHN65spFFyBGYkNfoU2zF0qJmM8ZJ3Mj1YGeXF00-rHqA%3D%3D&hl=en-US&gl=us&fo_m=MfohQo559jFvMUOzJVpjPL1YMfZ3bInYwBDuMfaXTPp5KXh-&utm_source=tactile&gei=AsQDaKz8Fu-o0PEP2Z_uwQM&ei=AsQDaKz8Fu-o0PEP2Z_uwQM&fo_s=OA,SOE&opi=79508299&ebb=1&cs=0&foub=mcpp",,,"https://www.google.com/maps/place/Kung+Fu+Tea/@32.7358015,-97.1062757,14z/data=!4m8!1m2!2m1!1sKung+Fu+Tea!3m4!1s0x864e7de304320a63:0x33fe5242a880e32c!8m2!3d32.7358015!4d-97.1062757","https://www.google.com/maps/place/Kung+Fu+Tea/@32.7358015,-97.1062757,13.99z/data=!4m16!1m7!3m6!1s0x864e7de304320a63:0x33fe5242a880e32c!2sKung+Fu+Tea!8m2!3d32.7358015!4d-97.1062757!16s%2Fg%2F11ckvg1dmb!3m7!1s0x864e7de304320a63:0x33fe5242a880e32c!8m2!3d32.7358015!4d-97.1062757!9m1!1b1!16s%2Fg%2F11ckvg1dmb?entry=ttu",ChIJYwoyBON9ToYRLOOAqEJS_jM,0x864e7de304320a63:0x33fe5242a880e32c,3746522386267169580,/g/11q1vdfs3b,3746522386267169580,,support@armsglobalinc.com,RECEIVING,Role,,,,,,marketing@kfteausa.com,RECEIVING,SMTP validated,,,,,,delivery_help@grubhub.com,RECEIVING,SMTP validated,,,,,,+1 724-544-6367,+1 855-538-9888,15402175182,https://www.facebook.com/kungfuteausa/,https://www.instagram.com/kungfuteausa,https://www.linkedin.com/company/kung-fu-tea,https://www.tiktok.com/@kungfutea,,,,,,,https://twitter.com/kfteausa,,,,,Menu — Kung Fu Tea | Fresh - Innovative - Fearless leading tea brand,WordPress 6.3,"Menu At Kung Fu Tea, every beverage is made-to-order with real Kung Fu. Our tea is freshly brewed every 3 hours using premium tea leaves. You can choose from classic teas, milk teas, fruit teas, slushies and more. Each drink is customized by you! You get to pick your toppings,…",,False,True
"bubble tea store, 76124, Fort Worth, TX, US",Totally Tea,Totally Tea,http://www.thatbobatho.com/,"Bubble tea store, Coffee shop",Bubble tea store,Bubble tea store,,"736 W Pipeline Rd, Hurst, TX 76053",None,736 W Pipeline Rd,Hurst,76053,Texas,Texas,United States of America,US,32.824743399999996,-97.1856866,8926cbd2293ffff,America/Chicago,,False,4.0,166,"https://search.google.com/local/reviews?placeid=ChIJl2imVeN5ToYRUH3h9UVQRMg&q=bubble+tea+store,+76124,+Fort+Worth,+TX,+US&authuser=0&hl=en&gl=US",,,33.0,9.0,4.0,6.0,114.0,54,https://lh3.googleusercontent.com/p/AF1QipPrvyWhiHp-LukV93XVKA329wxGVY4AXeG6oghv=w800-h500-k-no,https://lh3.googleusercontent.com/p/AF1QipPrvyWhiHp-LukV93XVKA329wxGVY4AXeG6oghv=w1600-h1000-k-no,,"{""Monday"": ""11AM-8PM"", ""Tuesday"": ""11AM-8PM"", ""Wednesday"": ""11AM-8PM"", ""Thursday"": ""11AM-8PM"", ""Friday"": ""11AM-8PM"", ""Saturday"": ""11AM-8PM"", ""Sunday"": ""11AM-8PM""}",Monday:11AM-8PM|Tuesday:11AM-8PM|Wednesday:11AM-8PM|Thursday:11AM-8PM|Friday:11AM-8PM|Saturday:11AM-8PM|Sunday:11AM-8PM,,,OPERATIONAL,"{""Service options"": {""Delivery"": true, ""Takeout"": true, ""Dine-in"": true}, ""Highlights"": {""Great tea selection"": true}, ""Accessibility"": {""Wheelchair accessible entrance"": true, ""Wheelchair accessible parking lot"": true}, ""Parking"": {""Free parking lot"": true, ""Free street parking"": true}}",$,,https://lh4.googleusercontent.com/-GkPtYhGMADE/AAAAAAAAAAI/AAAAAAAAAAA/a0r221IuJAg/s44-p-k-no-ns-nd/photo.jpg,,,True,103275876662003397549,Totally Tea,https://www.google.com/maps/contrib/103275876662003397549,,"https://www.google.com/viewer/chooseprovider?mid=/g/11q98b8bxv&g2lbs=AAEPWCv0ngSxFK5uXzBnF7iO88oXRXTcDl_0WlzSB9IrKvkFTCsePSQPfj2IdlbjNU-hoeSs242dVrH26OpWlRjLj9Q-0GN6cA%3D%3D&hl=en-US&gl=us&fo_m=MfohQo559jFvMUOzJVpjPL1YMfZ3bInYwBDuMfaXTPp5KXh-&utm_source=tactile&gei=AsQDaKz8Fu-o0PEP2Z_uwQM&ei=AsQDaKz8Fu-o0PEP2Z_uwQM&fo_s=OA,SOE&opi=79508299&ebb=1&cs=0&foub=mcpp",,,"https://www.google.com/maps/place/Totally+Tea/@32.824743399999996,-97.1856866,14z/data=!4m8!1m2!2m1!1sTotally+Tea!3m4!1s0x864e79e355a66897:0xc8445045f5e17d50!8m2!3d32.824743399999996!4d-97.1856866","https://www.google.com/maps/place/Totally+Tea/@32.824743399999996,-97.1856866,13.99z/data=!4m16!1m7!3m6!1s0x864e79e355a66897:0xc8445045f5e17d50!2sTotally+Tea!8m2!3d32.824743399999996!4d-97.1856866!16s%2Fg%2F11ckvg1dmb!3m7!1s0x864e79e355a66897:0xc8445045f5e17d50!8m2!3d32.824743399999996!4d-97.1856866!9m1!1b1!16s%2Fg%2F11ckvg1dmb?entry=ttu",ChIJl2imVeN5ToYRUH3h9UVQRMg,0x864e79e355a66897:0xc8445045f5e17d50,14430747367410072912,/g/11q98b8bxv,-4015996706299478704,,info@thatbobatho.com,RECEIVING,SMTP validated,,,,,,,,,,,,,,,,,,,,,,,,,,,,,,,,,,,,,,,,Totally Tea,WordPress 6.0.2,,,False,False
"bubble tea store, 76124, Fort Worth, TX, US",HTeaO - Arlington (Collins & Lamar),Hteao Arlington Collins And Lamar,https://hteao.com/locations/arlington-tx-collins/,Tea house,Tea house,Tea house,+1 817-856-0955,"2231 N Collins St, Arlington, TX 76011",North Arlington,2231 N Collins St,Arlington,76011,Texas,Texas,United States of America,US,32.7714926,-97.09670009999999,8926cbd2d23ffff,America/Chicago,,False,4.7,427,"https://search.google.com/local/reviews?placeid=ChIJxXU7DVp9ToYRwAzcqWKJ-ag&q=bubble+tea+store,+76124,+Fort+Worth,+TX,+US&authuser=0&hl=en&gl=US",,,12.0,4.0,9.0,29.0,373.0,262,https://lh3.googleusercontent.com/p/AF1QipPjrMcjOIS82spLOnXEafNdu-DaUCuFQLeMkY0h=w800-h500-k-no,https://lh3.googleusercontent.com/p/AF1QipPjrMcjOIS82spLOnXEafNdu-DaUCuFQLeMkY0h=w1600-h1000-k-no,,"{""Monday"": ""7AM-8:05PM"", ""Tuesday"": ""7AM-8:05PM"", ""Wednesday"": ""7AM-8:05PM"", ""Thursday"": ""7AM-8:05PM"", ""Friday"": ""7AM-8:05PM"", ""Saturday"": ""8AM-8:05PM"", ""Sunday"": ""Closed""}",Monday:7AM-8:05PM|Tuesday:7AM-8:05PM|Wednesday:7AM-8:05PM|Thursday:7AM-8:05PM|Friday:7AM-8:05PM|Saturday:8AM-8:05PM|Sunday:Closed,,,OPERATIONAL,"{""Service options"": {""Delivery"": true, ""Onsite services"": true, ""Takeout"": true, ""Dine-in"": true}, ""Highlights"": {""Great tea selection"": true}, ""Accessibility"": {""Wheelchair accessible entrance"": true, ""Wheelchair accessible parking lot"": true}}",$,,https://lh4.googleusercontent.com/-HhD8SiaRA3k/AAAAAAAAAAI/AAAAAAAAAAA/UUgiKwjpzQM/s44-p-k-no-ns-nd/photo.jpg,,,True,113832409990814694024,HTeaO - Arlington,https://www.google.com/maps/contrib/113832409990814694024,,"https://www.google.com/viewer/chooseprovider?mid=/g/11rggr1ncd&g2lbs=AAEPWCuCoA-SV3JaZt4qjOnI-rU2BUW1rMZpL-Lt9WzTPXVVSxqSOo__5W5sdpBJBS1nx-hK_ZhfKy45F3QY7Skg8AiKBvZfXA%3D%3D&hl=en-US&gl=us&fo_m=MfohQo559jFvMUOzJVpjPL1YMfZ3bInYwBDuMfaXTPp5KXh-&utm_source=tactile&gei=AsQDaKz8Fu-o0PEP2Z_uwQM&ei=AsQDaKz8Fu-o0PEP2Z_uwQM&fo_s=OA,SOE&opi=79508299&ebb=1&cs=0&foub=mcpp",,,"https://www.google.com/maps/place/HTeaO+-+Arlington+%28Collins+%26+Lamar%29/@32.7714926,-97.09670009999999,14z/data=!4m8!1m2!2m1!1sHTeaO+-+Arlington+%28Collins+%26+Lamar%29!3m4!1s0x864e7d5a0d3b75c5:0xa8f98962a9dc0cc0!8m2!3d32.7714926!4d-97.09670009999999","https://www.google.com/maps/place/HTeaO+-+Arlington+%28Collins+%26+Lamar%29/@32.7714926,-97.09670009999999,13.99z/data=!4m16!1m7!3m6!1s0x864e7d5a0d3b75c5:0xa8f98962a9dc0cc0!2sHTeaO+-+Arlington+%28Collins+%26+Lamar%29!8m2!3d32.7714926!4d-97.09670009999999!16s%2Fg%2F11ckvg1dmb!3m7!1s0x864e7d5a0d3b75c5:0xa8f98962a9dc0cc0!8m2!3d32.7714926!4d-97.09670009999999!9m1!1b1!16s%2Fg%2F11ckvg1dmb?entry=ttu",ChIJxXU7DVp9ToYRwAzcqWKJ-ag,0x864e7d5a0d3b75c5:0xa8f98962a9dc0cc0,12175914124422417600,/g/11rggr1ncd,-6270829949287134016,,listings@hteao.com,RECEIVING,SMTP validated,,,,,,store361@hteao.com,RECEIVING,SMTP validated,,,,,,support@hteao.com,RECEIVING,Role,,,,,,18063511832,18178036772,18633336032,https://www.facebook.com/184157021635450,https://www.instagram.com/hteao,https://www.linkedin.com/company/hteao,,,,,,,,,,,,,"Lubbock, TX (50th & Boston) – HTeaO",Site Kit by Google 1.145.0,"* Fresh brewed hourly, 22 flavors of the best 100% broadleaf iced tea * All tea brewed with double pass reverse osmosis water * Double pass reverse osmosis water available by the bottle, gallon & 5 gallon * Bagged ice available crushed and cubed * Your local YETI retailer merchandising the full line of YETI","Franchise, HTeaO, Iced Tea, Texas Tea",False,False
"bubble tea store, 76124, Fort Worth, TX, US",Sharetea Arlington,Sharetea Arlington,https://www.clover.com/online-ordering/sharetea-arlington-tx,"Bubble tea store, Dessert shop, Tea house",Bubble tea store,Bubble tea store,+1 682-323-7140,"3810 S Cooper St Suite 148, Arlington, TX 76015",West Arlington,3810 S Cooper St Suite 148,Arlington,76015,Texas,Texas,United States of America,US,32.682645199999996,-97.1342784,8926cbd5687ffff,America/Chicago,,False,4.3,328,"https://search.google.com/local/reviews?placeid=ChIJN3AMa9hiToYRHRy3BO-vQ-o&q=bubble+tea+store,+76124,+Fort+Worth,+TX,+US&authuser=0&hl=en&gl=US",,,31.0,9.0,19.0,36.0,233.0,116,https://lh3.googleusercontent.com/p/AF1QipPaSOhXHM8RUwg7EAzcWAQkXU9raMGOiCO4lRxB=w800-h500-k-no,https://lh3.googleusercontent.com/p/AF1QipPaSOhXHM8RUwg7EAzcWAQkXU9raMGOiCO4lRxB=w1600-h1000-k-no,,"{""Monday"": ""11AM-9PM"", ""Tuesday"": ""11AM-9PM"", ""Wednesday"": ""11AM-9PM"", ""Thursday"": ""11AM-9PM"", ""Friday"": ""11AM-9PM"", ""Saturday"": ""11AM-9PM"", ""Sunday"": ""11AM-9PM""}",Monday:11AM-9PM|Tuesday:11AM-9PM|Wednesday:11AM-9PM|Thursday:11AM-9PM|Friday:11AM-9PM|Saturday:11AM-9PM|Sunday:11AM-9PM,,,OPERATIONAL,"{""From the business"": {""Identifies as Asian-owned"": true}, ""Service options"": {""Delivery"": true, ""Takeout"": true, ""Dine-in"": true}, ""Highlights"": {""Great tea selection"": true}, ""Accessibility"": {""Wheelchair accessible entrance"": true, ""Wheelchair accessible parking lot"": true, ""Wheelchair accessible restroom"": true}, ""Amenities"": {""Gender-neutral restroom"": true}, ""Crowd"": {""LGBTQ+ friendly"": true, ""Transgender safespace"": true}, ""Other"": {""LGBTQ+ friendly"": true, ""Identifies as Asian-owned"": true}}",$,,https://lh6.googleusercontent.com/-vftDpiI4gLE/AAAAAAAAAAI/AAAAAAAAAAA/Jxe-wf3UvUM/s44-p-k-no-ns-nd/photo.jpg,,,True,107944626087085490786,Sharetea Arlington,https://www.google.com/maps/contrib/107944626087085490786,,"https://www.google.com/viewer/chooseprovider?mid=/g/11d_84sggn&g2lbs=AAEPWCuhcXeI1L3F_xl61Xn_xUDKc2a_XaHV4cwVMQL8WAF-zGBfLidIRAt3r56vy1_nmGnWwnjVE6TYmVItWhSXRdWrDLrv3A%3D%3D&hl=en-US&gl=us&fo_m=MfohQo559jFvMUOzJVpjPL1YMfZ3bInYwBDuMfaXTPp5KXh-&utm_source=tactile&gei=AsQDaKz8Fu-o0PEP2Z_uwQM&ei=AsQDaKz8Fu-o0PEP2Z_uwQM&fo_s=OA,SOE&opi=79508299&ebb=1&cs=0&foub=mcpp",,,"https://www.google.com/maps/place/Sharetea+Arlington/@32.682645199999996,-97.1342784,14z/data=!4m8!1m2!2m1!1sSharetea+Arlington!3m4!1s0x864e62d86b0c7037:0xea43afef04b71c1d!8m2!3d32.682645199999996!4d-97.1342784","https://www.google.com/maps/place/Sharetea+Arlington/@32.682645199999996,-97.1342784,13.99z/data=!4m16!1m7!3m6!1s0x864e62d86b0c7037:0xea43afef04b71c1d!2sSharetea+Arlington!8m2!3d32.682645199999996!4d-97.1342784!16s%2Fg%2F11ckvg1dmb!3m7!1s0x864e62d86b0c7037:0xea43afef04b71c1d!8m2!3d32.682645199999996!4d-97.1342784!9m1!1b1!16s%2Fg%2F11ckvg1dmb?entry=ttu",ChIJN3AMa9hiToYRHRy3BO-vQ-o,0x864e62d86b0c7037:0xea43afef04b71c1d,16880529269425904669,/g/11d_84sggn,-1566214804283646947,,ansu@clover.com,RECEIVING,Catch All,Ansu Vyas,Ansu,Vyas,Vice President Business Operations,,gbedwell@clover.com,INVALID,Invalid SMTP,Glenn Bedwell,Glenn,Bedwell,Software Engineer,,mhampton@clover.com,INVALID,Invalid SMTP,Michael R Hampton,Michael,R Hampton,Software Engineer,,+1 515-255-3700,+1 360-217-7075,+1 573-335-0366,https://www.facebook.com/recklessrolls/,http://instagram.com/donatopsizzact,https://www.linkedin.com/company/clovernetwork,,,,,,,,http://twitter.com/cloverpos,,,,,Online Ordering | Clover,,,,False,False
"bubble tea store, 76124, Fort Worth, TX, US",HTeaO - Bedford (Harwood & Central),Hteao Bedford Harwood And Central,https://hteao.com/locations/bedford-tx/,Tea house,Tea house,Tea house,+1 682-292-7555,"2128 Harwood Rd, Bedford, TX 76021",None,2128 Harwood Rd,Bedford,76021,Texas,Texas,United States of America,US,32.851692199999995,-97.132178,8926c868babffff,America/Chicago,,False,4.7,487,"https://search.google.com/local/reviews?placeid=ChIJv-5_SV1_ToYR1BMZiex9e_I&q=bubble+tea+store,+76124,+Fort+Worth,+TX,+US&authuser=0&hl=en&gl=US",,,9.0,10.0,21.0,29.0,418.0,274,https://lh3.googleusercontent.com/p/AF1QipOB4xOLWeMuTNlxB6yOyuTMF8xaJ8JkLWcrKnq2=w800-h500-k-no,https://lh3.googleusercontent.com/p/AF1QipOB4xOLWeMuTNlxB6yOyuTMF8xaJ8JkLWcrKnq2=w1600-h1000-k-no,,"{""Monday"": ""7AM-8:05PM"", ""Tuesday"": ""7AM-8:05PM"", ""Wednesday"": ""7AM-8:05PM"", ""Thursday"": ""7AM-8:05PM"", ""Friday"": ""7AM-8:05PM"", ""Saturday"": ""8AM-8:05PM"", ""Sunday"": ""Closed""}",Monday:7AM-8:05PM|Tuesday:7AM-8:05PM|Wednesday:7AM-8:05PM|Thursday:7AM-8:05PM|Friday:7AM-8:05PM|Saturday:8AM-8:05PM|Sunday:Closed,,,OPERATIONAL,"{""Service options"": {""Delivery"": true, ""Onsite services"": true, ""Takeout"": true, ""Dine-in"": true}, ""Highlights"": {""Great tea selection"": true}, ""Accessibility"": {""Wheelchair accessible entrance"": true, ""Wheelchair accessible parking lot"": true}}",$,,https://lh4.googleusercontent.com/-BI7jS7nyY7k/AAAAAAAAAAI/AAAAAAAAAAA/c28UdbUd26k/s44-p-k-no-ns-nd/photo.jpg,,,True,111492136045050951843,HTeaO - Bedford,https://www.google.com/maps/contrib/111492136045050951843,,"https://www.google.com/viewer/chooseprovider?mid=/g/11l55xkkwz&g2lbs=AAEPWCuEPRKWoyUIER2B0qrPts5tGcDfy3QRILfYpGB0jWYqfNlx6QrqW5qVeWwMshu48t7wTGW-rzTh6F-lOcEE2KyYz3G7mA%3D%3D&hl=en-US&gl=us&fo_m=MfohQo559jFvMUOzJVpjPL1YMfZ3bInYwBDuMfaXTPp5KXh-&utm_source=tactile&gei=BsQDaOP-B77Y1sQPx8SKSA&ei=BsQDaOP-B77Y1sQPx8SKSA&fo_s=OA,SOE&opi=79508299&ebb=1&cs=0&foub=mcpp",,,"https://www.google.com/maps/place/HTeaO+-+Bedford+%28Harwood+%26+Central%29/@32.851692199999995,-97.132178,14z/data=!4m8!1m2!2m1!1sHTeaO+-+Bedford+%28Harwood+%26+Central%29!3m4!1s0x864e7f5d497feebf:0xf27b7dec891913d4!8m2!3d32.851692199999995!4d-97.132178","https://www.google.com/maps/place/HTeaO+-+Bedford+%28Harwood+%26+Central%29/@32.851692199999995,-97.132178,13.99z/data=!4m16!1m7!3m6!1s0x864e7f5d497feebf:0xf27b7dec891913d4!2sHTeaO+-+Bedford+%28Harwood+%26+Central%29!8m2!3d32.851692199999995!4d-97.132178!16s%2Fg%2F11ckvg1dmb!3m7!1s0x864e7f5d497feebf:0xf27b7dec891913d4!8m2!3d32.851692199999995!4d-97.132178!9m1!1b1!16s%2Fg%2F11ckvg1dmb?entry=ttu",ChIJv-5_SV1_ToYR1BMZiex9e_I,0x864e7f5d497feebf:0xf27b7dec891913d4,17472697634179847124,/g/11l55xkkwz,-974046439529704492,,listings@hteao.com,RECEIVING,SMTP validated,,,,,,store361@hteao.com,RECEIVING,SMTP validated,,,,,,support@hteao.com,RECEIVING,Role,,,,,,18063511832,18178036772,18633336032,https://www.facebook.com/184157021635450,https://www.instagram.com/hteao,https://www.linkedin.com/company/hteao,,,,,,,,,,,,,"Lubbock, TX (50th & Boston) – HTeaO",Site Kit by Google 1.145.0,"* Fresh brewed hourly, 22 flavors of the best 100% broadleaf iced tea * All tea brewed with double pass reverse osmosis water * Double pass reverse osmosis water available by the bottle, gallon & 5 gallon * Bagged ice available crushed and cubed * Your local YETI retailer merchandising the full line of YETI","Franchise, HTeaO, Iced Tea, Texas Tea",False,False
"bubble tea store, 76124, Fort Worth, TX, US",Feng Cha Arlington,Feng Cha Arlington,https://fengchausa.com/,"Bubble tea store, Cake shop, Coffee shop, Tea house",Bubble tea store,Bubble tea store,+1 817-200-6445,"3701 S Cooper St #125, Arlington, TX 76015",East Arlington,3701 S Cooper St #125,Arlington,76015,Texas,Texas,United States of America,US,32.6858832,-97.1303504,8926cbd545bffff,America/Chicago,,False,4.7,247,"https://search.google.com/local/reviews?placeid=ChIJnR3CcVZjToYR9-h-Jh22qfQ&q=bubble+tea+store,+76124,+Fort+Worth,+TX,+US&authuser=0&hl=en&gl=US",,,5.0,5.0,6.0,20.0,211.0,300,https://lh3.googleusercontent.com/p/AF1QipNVebuC75RpNIRci_iGI4P9e7Z_5clqVUryR7nt=w800-h500-k-no,https://lh3.googleusercontent.com/p/AF1QipNVebuC75RpNIRci_iGI4P9e7Z_5clqVUryR7nt=w1600-h1000-k-no,,"{""Monday"": ""11:30AM-8PM"", ""Tuesday"": ""11:30AM-8PM"", ""Wednesday"": ""11:30AM-8PM"", ""Thursday"": ""11:30AM-8PM"", ""Friday"": ""11:30AM-9PM"", ""Saturday"": ""11:30AM-9PM"", ""Sunday"": ""11:30AM-8PM""}",Monday:11:30AM-8PM|Tuesday:11:30AM-8PM|Wednesday:11:30AM-8PM|Thursday:11:30AM-8PM|Friday:11:30AM-9PM|Saturday:11:30AM-9PM|Sunday:11:30AM-8PM,,,OPERATIONAL,"{""Service options"": {""Onsite services"": true, ""Takeout"": true, ""Dine-in"": true}, ""Highlights"": {""Great tea selection"": true}, ""Accessibility"": {""Wheelchair accessible entrance"": true, ""Wheelchair accessible parking lot"": true, ""Wheelchair accessible restroom"": true, ""Wheelchair accessible seating"": true}, ""Parking"": {""Free parking lot"": true}}",$,,https://lh5.googleusercontent.com/-OsyeBc7qXAg/AAAAAAAAAAI/AAAAAAAAAAA/NhBYh6-SfjQ/s44-p-k-no-ns-nd/photo.jpg,,,True,101157723529182540591,Feng Cha Arlington,https://www.google.com/maps/contrib/101157723529182540591,https://orders.hazlnut.com/menu/b/Feng%20Cha%20Teahouse/n/505/p/128/g/1545,"https://www.google.com/viewer/chooseprovider?mid=/g/11gzq332s5&g2lbs=AAEPWCussas2F2nceubgrVrU4zL0EbtQ4KF1Y7knmRzaITe-KxzyVrrUdK6V3BsLpO3IlIs6aOM33UlDlJhfzRsrl-u1Tvhuog%3D%3D&hl=en-US&gl=us&fo_m=MfohQo559jFvMUOzJVpjPL1YMfZ3bInYwBDuMfaXTPp5KXh-&utm_source=tactile&gei=BsQDaOP-B77Y1sQPx8SKSA&ei=BsQDaOP-B77Y1sQPx8SKSA&fo_s=OA,SOE&opi=79508299&orderType=2&ebb=1&cs=0&foub=mcpp",,https://orders.hazlnut.com/menu/b/Feng%20Cha%20Teahouse/n/505/p/128/g/1545,"https://www.google.com/maps/place/Feng+Cha+Arlington/@32.6858832,-97.1303504,14z/data=!4m8!1m2!2m1!1sFeng+Cha+Arlington!3m4!1s0x864e635671c21d9d:0xf4a9b61d267ee8f7!8m2!3d32.6858832!4d-97.1303504","https://www.google.com/maps/place/Feng+Cha+Arlington/@32.6858832,-97.1303504,13.99z/data=!4m16!1m7!3m6!1s0x864e635671c21d9d:0xf4a9b61d267ee8f7!2sFeng+Cha+Arlington!8m2!3d32.6858832!4d-97.1303504!16s%2Fg%2F11ckvg1dmb!3m7!1s0x864e635671c21d9d:0xf4a9b61d267ee8f7!8m2!3d32.6858832!4d-97.1303504!9m1!1b1!16s%2Fg%2F11ckvg1dmb?entry=ttu",ChIJnR3CcVZjToYR9-h-Jh22qfQ,0x864e635671c21d9d:0xf4a9b61d267ee8f7,17629822452634675447,/g/11gzq332s5,-816921621074876169,,rxx@fengchausa.com,INVALID,Cannot validate,,,,,,pxx@fengchausa.com,INVALID,Cannot validate,,,,,,exx@fengchausa.com,INVALID,Cannot validate,,,,,,14252824087,18178831888,14056765033,https://www.facebook.com/114541508221696,,,,,,,,,,,,,,,ORDER | FENG CHA,Wix.com Website Builder,"Our passion for making tea extends far beyond our drinks. We are happy to see people of different backgrounds coming to Feng Cha to chat, hang out, study and work. We are thankful for each everyone's support and will continue working hard to provide a unique and cozy teahouse experience.",,False,False
"bubble tea store, 76124, Fort Worth, TX, US",Devil & Angel Fort Worth,Devil And Angel Fort Worth,https://snack.site/devilandangelfortworth,"Bubble tea store, Dessert shop, Catering food and drink supplier, Donut shop",Dessert shop,Bubble tea store,+1 682-224-2611,"6948 N Blue Mound Rd, Fort Worth, TX 76131",None,6948 N Blue Mound Rd,Fort Worth,76131,Texas,Texas,United States of America,US,32.8683882,-97.3406006,8926caa40a7ffff,America/Chicago,,False,4.1,86,"https://search.google.com/local/reviews?placeid=ChIJGa7Bj6fZTYYRmeQjPQ-EVZc&q=bubble+tea+store,+76124,+Fort+Worth,+TX,+US&authuser=0&hl=en&gl=US",,,9.0,9.0,3.0,7.0,58.0,108,https://lh3.googleusercontent.com/p/AF1QipPU2MtF7XANzBA_cRBIZiOvHQuzK0x723yLoxeh=w800-h500-k-no,https://lh3.googleusercontent.com/p/AF1QipPU2MtF7XANzBA_cRBIZiOvHQuzK0x723yLoxeh=w1600-h1000-k-no,,"{""Monday"": ""11AM-9PM"", ""Tuesday"": ""11AM-9PM"", ""Wednesday"": ""11AM-9PM"", ""Thursday"": ""11AM-9PM"", ""Friday"": ""11AM-10PM"", ""Saturday"": ""11AM-10PM"", ""Sunday"": ""11AM-9PM""}",Monday:11AM-9PM|Tuesday:11AM-9PM|Wednesday:11AM-9PM|Thursday:11AM-9PM|Friday:11AM-10PM|Saturday:11AM-10PM|Sunday:11AM-9PM,"[{""happy_hours"": {""Monday"": ""2-5 PM"", ""Tuesday"": ""2-5 PM"", ""Wednesday"": ""2-5 PM"", ""Thursday"": ""2-5 PM"", ""Friday"": ""2-5 PM"", ""Saturday"": ""Closed"", ""Sunday"": ""Closed""}}]",,OPERATIONAL,"{""From the business"": {""Identifies as Asian-owned"": true, ""Identifies as women-owned"": true, ""Small business"": true}, ""Service options"": {""Delivery"": true, ""In-store pickup"": true, ""Takeout"": true, ""Dine-in"": true}, ""Accessibility"": {""Wheelchair accessible entrance"": true, ""Wheelchair accessible parking lot"": true, ""Wheelchair accessible restroom"": true, ""Wheelchair accessible seating"": true}, ""Amenities"": {""Gender-neutral restroom"": true, ""Restroom"": true, ""Wi-Fi"": true}, ""Crowd"": {""LGBTQ+ friendly"": true, ""Transgender safespace"": true}, ""Planning"": {""Quick visit"": true}, ""Payments"": {""Credit cards"": true, ""Debit cards"": true}, ""Other"": {""LGBTQ+ friendly"": true, ""Identifies as women-owned"": true, ""Identifies as Asian-owned"": true}}",,,https://lh6.googleusercontent.com/-Sd04wdl4QDg/AAAAAAAAAAI/AAAAAAAAAAA/BooyR9-fK0k/s44-p-k-no-ns-nd/photo.jpg,,,True,117892291895865726966,Devil & Angel Fort Worth,https://www.google.com/maps/contrib/117892291895865726966,,"https://www.google.com/viewer/chooseprovider?mid=/g/11vqvw8pny&g2lbs=AAEPWCufODw0VzXT78j_2Sk6vPup6n4vnHL_-GYHOj2wfxMNeyvazj-IkkwpC2Np0K8kjXWQ1zRGDa90ZbhqgI6EsDBfLb_xhg%3D%3D&hl=en-US&gl=us&fo_m=MfohQo559jFvMUOzJVpjPL1YMfZ3bInYwBDuMfaXTPp5KXh-&utm_source=tactile&gei=BsQDaOP-B77Y1sQPx8SKSA&ei=BsQDaOP-B77Y1sQPx8SKSA&fo_s=OA,SOE&opi=79508299&ebb=1&cs=0&foub=mcpp",,,"https://www.google.com/maps/place/Devil+%26+Angel+Fort+Worth/@32.8683882,-97.3406006,14z/data=!4m8!1m2!2m1!1sDevil+%26+Angel+Fort+Worth!3m4!1s0x864dd9a78fc1ae19:0x9755840f3d23e499!8m2!3d32.8683882!4d-97.3406006","https://www.google.com/maps/place/Devil+%26+Angel+Fort+Worth/@32.8683882,-97.3406006,13.99z/data=!4m16!1m7!3m6!1s0x864dd9a78fc1ae19:0x9755840f3d23e499!2sDevil+%26+Angel+Fort+Worth!8m2!3d32.8683882!4d-97.3406006!16s%2Fg%2F11ckvg1dmb!3m7!1s0x864dd9a78fc1ae19:0x9755840f3d23e499!8m2!3d32.8683882!4d-97.3406006!9m1!1b1!16s%2Fg%2F11ckvg1dmb?entry=ttu",ChIJGa7Bj6fZTYYRmeQjPQ-EVZc,0x864dd9a78fc1ae19:0x9755840f3d23e499,10904767273732662425,/g/11vqvw8pny,-7541976799976889191,,joinbobateatime@gmail.com,RECEIVING,SMTP validated,,,,,,bobateatimenj@gmail.com,RECEIVING,SMTP validated,,,,,,info@mokisfoodfactory.com,RECEIVING,Catch All,,,,,,,,,https://www.facebook.com/bobateatimenj,https://www.instagram.com/lajefaempanadas,,https://www.tiktok.com/@lajefaempanadas,,,,,,,,,,,,La Jefa Empanadas,,"(470) 206-0006
1990 Perkerson Road Southwest, Ste 2, Atlanta, GA 30310",,False,False
"bubble tea store, 76124, Fort Worth, TX, US",Boba Clucker,Boba Clucker,https://bobaclucker.com/,"Tea store, Chicken restaurant, Chicken wings restaurant, Coffee shop, Dessert shop, Fried chicken takeaway, Ice cream shop, Fast food restaurant",restaurants,Tea store,+1 817-400-7752,"6500 Precinct Line Rd B, Hurst, TX 76054",None,6500 Precinct Line Rd B,Hurst,76054,Texas,Texas,United States of America,US,32.865257299999996,-97.1856251,8926c86998bffff,America/Chicago,,False,4.8,40,"https://search.google.com/local/reviews?placeid=ChIJXfrx8DJ5ToYRwLSuOHXlOkw&q=bubble+tea+store,+76124,+Fort+Worth,+TX,+US&authuser=0&hl=en&gl=US",,,1.0,0.0,3.0,0.0,36.0,54,https://lh3.googleusercontent.com/p/AF1QipOPsDiuZQ_yUAPJgmc0TcMNCHVUv6QL4h61NGl6=w800-h500-k-no,https://lh3.googleusercontent.com/p/AF1QipOPsDiuZQ_yUAPJgmc0TcMNCHVUv6QL4h61NGl6=w1600-h1000-k-no,,"{""Monday"": ""11:30AM-8PM"", ""Tuesday"": ""11:30AM-8PM"", ""Wednesday"": ""11:30AM-8PM"", ""Thursday"": ""11:30AM-8PM"", ""Friday"": ""11:30AM-9PM"", ""Saturday"": ""11:30AM-9PM"", ""Sunday"": ""11:30AM-8PM""}",Monday:11:30AM-8PM|Tuesday:11:30AM-8PM|Wednesday:11:30AM-8PM|Thursday:11:30AM-8PM|Friday:11:30AM-9PM|Saturday:11:30AM-9PM|Sunday:11:30AM-8PM,,,OPERATIONAL,"{""Service options"": {""Delivery"": true, ""Takeout"": true, ""Dine-in"": true}, ""Popular for"": {""Dinner"": true, ""Solo dining"": true}, ""Accessibility"": {""Wheelchair accessible entrance"": true, ""Wheelchair accessible parking lot"": true}, ""Offerings"": {""Coffee"": true, ""Quick bite"": true}, ""Dining options"": {""Dinner"": true, ""Dessert"": true}, ""Amenities"": {""Restroom"": true}, ""Atmosphere"": {""Casual"": true}, ""Crowd"": {""Groups"": true}, ""Payments"": {""Credit cards"": true}, ""Children"": {""Good for kids"": true}, ""Parking"": {""Free parking lot"": true, ""Free street parking"": true}}",,,https://lh3.googleusercontent.com/-K_5CTbhhhSc/AAAAAAAAAAI/AAAAAAAAAAA/tu0OmpthpWo/s44-p-k-no-ns-nd/photo.jpg,,,True,118036539210362801193,Boba Clucker,https://www.google.com/maps/contrib/118036539210362801193,,"https://www.google.com/viewer/chooseprovider?mid=/g/11w4kwr6lh&g2lbs=AAEPWCtDJIll63C9VcvHxkyKJz6JUqmvj0LUEGJkDgbQcIVv7TBTLvoDvKP3ETBOXqts522Qv_wz1Hh5X8RrcGNyMLb8r8Ythw%3D%3D&hl=en-US&gl=us&fo_m=MfohQo559jFvMUOzJVpjPL1YMfZ3bInYwBDuMfaXTPp5KXh-&utm_source=tactile&gei=BsQDaOP-B77Y1sQPx8SKSA&ei=BsQDaOP-B77Y1sQPx8SKSA&fo_s=OA,SOE&opi=79508299&ebb=1&cs=0&foub=mcpp",,,"https://www.google.com/maps/place/Boba+Clucker/@32.865257299999996,-97.1856251,14z/data=!4m8!1m2!2m1!1sBoba+Clucker!3m4!1s0x864e7932f0f1fa5d:0x4c3ae57538aeb4c0!8m2!3d32.865257299999996!4d-97.1856251","https://www.google.com/maps/place/Boba+Clucker/@32.865257299999996,-97.1856251,13.99z/data=!4m16!1m7!3m6!1s0x864e7932f0f1fa5d:0x4c3ae57538aeb4c0!2sBoba+Clucker!8m2!3d32.865257299999996!4d-97.1856251!16s%2Fg%2F11ckvg1dmb!3m7!1s0x864e7932f0f1fa5d:0x4c3ae57538aeb4c0!8m2!3d32.865257299999996!4d-97.1856251!9m1!1b1!16s%2Fg%2F11ckvg1dmb?entry=ttu",ChIJXfrx8DJ5ToYRwLSuOHXlOkw,0x864e7932f0f1fa5d:0x4c3ae57538aeb4c0,5492954987156649152,/g/11w4kwr6lh,5492954987156649152,,,,,,,,,,,,,,,,,,,,,,,,,,,,,https://www.facebook.com/bobaclucker,https://www.instagram.com/bobaclucker,,,,,,,,,,,,,,Home - Boba Clucker,All in One SEO (AIOSEO) 4.6.4,"Savor, Sip and Indulge tasty delight For Everyone Flavors of chicken wings and tenders, gelato and refreshing boba drinks, crafted to delight your taste budsWe're now open! So stop by for an early taste of the Boba Clucker magic-you won't want to miss it! A Fresh Perspective Experience Rich, Creamy Indulgence Crafted with the finest",,False,False
"bubble tea store, 76124, Fort Worth, TX, US",1102 Bubble Tea & Coffee Bedford,1102 Bubble Tea And Coffee Bedford,https://www.1102legend.com/,"Bubble tea store, Coffee shop",coffee shops,Bubble tea store,+1 682-503-6383,"3344 Harwood Rd, Bedford, TX 76021",None,3344 Harwood Rd,Bedford,76021,Texas,Texas,United States of America,US,32.8506347,-97.11283189999999,8926c868967ffff,America/Chicago,,False,4.3,33,"https://search.google.com/local/reviews?placeid=ChIJvf6AOk1_ToYRd6T7E5dx9Mg&q=bubble+tea+store,+76124,+Fort+Worth,+TX,+US&authuser=0&hl=en&gl=US",,,4.0,2.0,0.0,0.0,27.0,19,https://lh3.googleusercontent.com/p/AF1QipPPHarJU6k_T_PrXRI4KiNPJkJIl2-aSViIyl14=w800-h500-k-no,https://lh3.googleusercontent.com/p/AF1QipPPHarJU6k_T_PrXRI4KiNPJkJIl2-aSViIyl14=w1600-h1000-k-no,,"{""Monday"": ""4-9PM"", ""Tuesday"": ""4-9PM"", ""Wednesday"": ""4-9PM"", ""Thursday"": ""4-9PM"", ""Friday"": ""4-9PM"", ""Saturday"": ""12-9PM"", ""Sunday"": ""12-9PM""}",Monday:4-9PM|Tuesday:4-9PM|Wednesday:4-9PM|Thursday:4-9PM|Friday:4-9PM|Saturday:12-9PM|Sunday:12-9PM,,,OPERATIONAL,"{""Service options"": {""Takeout"": true, ""Dine-in"": true}, ""Highlights"": {""Great coffee"": true, ""Great tea selection"": true}, ""Popular for"": {""Solo dining"": true}, ""Accessibility"": {""Wheelchair accessible entrance"": true, ""Wheelchair accessible parking lot"": true}, ""Offerings"": {""Coffee"": true, ""Quick bite"": true}, ""Dining options"": {""Dessert"": true}, ""Atmosphere"": {""Casual"": true, ""Cozy"": true, ""Trendy"": true}, ""Crowd"": {""College students"": true, ""Groups"": true, ""Tourists"": true}, ""Payments"": {""Credit cards"": true}, ""Children"": {""Good for kids"": true}, ""Parking"": {""Free parking lot"": true, ""Free street parking"": true}}",,,https://lh4.googleusercontent.com/-mrjZxFQgBgw/AAAAAAAAAAI/AAAAAAAAAAA/3UXund2WutE/s44-p-k-no-ns-nd/photo.jpg,,,True,116065596685620664192,1102 Bubble Tea & Coffee Bedford,https://www.google.com/maps/contrib/116065596685620664192,,"https://www.google.com/viewer/chooseprovider?mid=/g/11trwn9rjc&g2lbs=AAEPWCs1XpKhmkItL4rviuZfClI16Gcia35jW1y0r1GWyJ8cD9JMaXCgXA3IVWI3dCtphqormXy_wfIPWMlZc_UdwiHV0z6wCg%3D%3D&hl=en-US&gl=us&fo_m=MfohQo559jFvMUOzJVpjPL1YMfZ3bInYwBDuMfaXTPp5KXh-&utm_source=tactile&gei=BsQDaOP-B77Y1sQPx8SKSA&ei=BsQDaOP-B77Y1sQPx8SKSA&fo_s=OA,SOE&opi=79508299&ebb=1&cs=0&foub=mcpp",,,"https://www.google.com/maps/place/1102+Bubble+Tea+%26+Coffee+Bedford/@32.8506347,-97.11283189999999,14z/data=!4m8!1m2!2m1!1s1102+Bubble+Tea+%26+Coffee+Bedford!3m4!1s0x864e7f4d3a80febd:0xc8f4719713fba477!8m2!3d32.8506347!4d-97.11283189999999","https://www.google.com/maps/place/1102+Bubble+Tea+%26+Coffee+Bedford/@32.8506347,-97.11283189999999,13.99z/data=!4m16!1m7!3m6!1s0x864e7f4d3a80febd:0xc8f4719713fba477!2s1102+Bubble+Tea+%26+Coffee+Bedford!8m2!3d32.8506347!4d-97.11283189999999!16s%2Fg%2F11ckvg1dmb!3m7!1s0x864e7f4d3a80febd:0xc8f4719713fba477!8m2!3d32.8506347!4d-97.11283189999999!9m1!1b1!16s%2Fg%2F11ckvg1dmb?entry=ttu",ChIJvf6AOk1_ToYRd6T7E5dx9Mg,0x864e7f4d3a80febd:0xc8f4719713fba477,14480323595592246391,/g/11trwn9rjc,-3966420478117305225,,1102franchise@gmail.com,RECEIVING,Verified,,,,,,,,,,,,,,,,,,,,,,,,,,https://www.instagram.com/1102bubbleteacoffee,,,,,,,,,,,,,,1102 BubbleTea & Coffee,Laravel 8.x,Description for Home Category Page,Keyword for Home Category Page,False,False
"bubble tea store, 76124, Fort Worth, TX, US",Black Coffee,Black Coffee,http://www.blackcoffeefw.com/,Coffee shop,coffee shops,Coffee shop,+1 817-782-9867,"1417 Vaughn Blvd, Fort Worth, TX 76105",Polytechnic Heights South,1417 Vaughn Blvd,Fort Worth,76105,Texas,Texas,United States of America,US,32.7300774,-97.2793739,8926cbdad9bffff,America/Chicago,,False,4.8,489,"https://search.google.com/local/reviews?placeid=ChIJ7XRedtNxToYR3-Z6NVh7B9Q&q=bubble+tea+store,+76124,+Fort+Worth,+TX,+US&authuser=0&hl=en&gl=US",,,7.0,5.0,13.0,34.0,430.0,432,https://lh3.googleusercontent.com/p/AF1QipPpCSAVFvNmdk7Qe-2y9g5l7_3BmSadej78CKmE=w800-h500-k-no,https://lh3.googleusercontent.com/p/AF1QipPpCSAVFvNmdk7Qe-2y9g5l7_3BmSadej78CKmE=w1600-h1000-k-no,,"{""Monday"": ""7AM-3PM"", ""Tuesday"": ""7AM-3PM"", ""Wednesday"": ""7AM-3PM"", ""Thursday"": ""7AM-3PM"", ""Friday"": ""7AM-3PM"", ""Saturday"": ""7AM-3PM"", ""Sunday"": ""8AM-3PM""}",Monday:7AM-3PM|Tuesday:7AM-3PM|Wednesday:7AM-3PM|Thursday:7AM-3PM|Friday:7AM-3PM|Saturday:7AM-3PM|Sunday:8AM-3PM,,,OPERATIONAL,"{""From the business"": {""Identifies as Black-owned"": true, ""Identifies as women-owned"": true}, ""Service options"": {""Outdoor seating"": true, ""Curbside pickup"": true, ""Delivery"": true, ""Drive-through"": true, ""Onsite services"": true, ""Takeout"": true, ""Dine-in"": true}, ""Highlights"": {""Great coffee"": true, ""Great tea selection"": true}, ""Popular for"": {""Breakfast"": true, ""Solo dining"": true, ""Good for working on laptop"": true}, ""Accessibility"": {""Wheelchair accessible entrance"": true, ""Wheelchair accessible parking lot"": true, ""Wheelchair accessible restroom"": true, ""Wheelchair accessible seating"": true}, ""Offerings"": {""Coffee"": true, ""Quick bite"": true}, ""Dining options"": {""Breakfast"": true, ""Dessert"": true, ""Seating"": true}, ""Amenities"": {""Gender-neutral restroom"": true, ""Restroom"": true, ""Wi-Fi"": true}, ""Atmosphere"": {""Casual"": true, ""Cozy"": true, ""Trendy"": true}, ""Crowd"": {""College students"": true, ""Family-friendly"": true, ""Groups"": true, ""LGBTQ+ friendly"": true, ""Tourists"": true, ""Transgender safespace"": true}, ""Planning"": {""Accepts reservations"": false}, ""Payments"": {""Credit cards"": true, ""Debit cards"": true, ""NFC mobile payments"": true}, ""Children"": {""Good for kids"": true, ""High chairs"": true, ""Kids' menu"": true}, ""Parking"": {""Free parking lot"": true, ""Free street parking"": true, ""Parking"": true}, ""Pets"": {""Dogs allowed outside"": true}, ""Other"": {""Identifies as Black-owned"": true, ""LGBTQ+ friendly"": true, ""Identifies as women-owned"": true}}",$,,https://lh3.googleusercontent.com/-lbAB-7D03kU/AAAAAAAAAAI/AAAAAAAAAAA/kT-zuekw5xw/s44-p-k-no-ns-nd/photo.jpg,,,True,115561402267886721909,Black Coffee,https://www.google.com/maps/contrib/115561402267886721909,,"https://www.google.com/viewer/chooseprovider?mid=/g/11fnrdb0rp&g2lbs=AAEPWCsLnI9xS2aL1WGbckWFbB_xYRoxqQfH3rSZWVlsF6sHJ6GyHHLEx69L7p-FKU4gd3ubmq6lVTB9F8Rf3-qwJIpWEmuHWg%3D%3D&hl=en-US&gl=us&fo_m=MfohQo559jFvMUOzJVpjPL1YMfZ3bInYwBDuMfaXTPp5KXh-&utm_source=tactile&gei=BsQDaOP-B77Y1sQPx8SKSA&ei=BsQDaOP-B77Y1sQPx8SKSA&fo_s=OA,SOE&opi=79508299&ebb=1&cs=0&foub=mcpp",,,"https://www.google.com/maps/place/Black+Coffee/@32.7300774,-97.2793739,14z/data=!4m8!1m2!2m1!1sBlack+Coffee!3m4!1s0x864e71d3765e74ed:0xd4077b58357ae6df!8m2!3d32.7300774!4d-97.2793739","https://www.google.com/maps/place/Black+Coffee/@32.7300774,-97.2793739,13.99z/data=!4m16!1m7!3m6!1s0x864e71d3765e74ed:0xd4077b58357ae6df!2sBlack+Coffee!8m2!3d32.7300774!4d-97.2793739!16s%2Fg%2F11ckvg1dmb!3m7!1s0x864e71d3765e74ed:0xd4077b58357ae6df!8m2!3d32.7300774!4d-97.2793739!9m1!1b1!16s%2Fg%2F11ckvg1dmb?entry=ttu",ChIJ7XRedtNxToYR3-Z6NVh7B9Q,0x864e71d3765e74ed:0xd4077b58357ae6df,15278315879662282463,/g/11fnrdb0rp,-3168428194047269153,,info@blackcoffeefw.com,RECEIVING,SMTP validated,,,,,,,,,,,,,,,,,,,,,,817.782.9867,,,http://www.facebook.com/blackcoffeefw,https://www.instagram.com/blackcoffeefw,,,,,,,,,https://twitter.com/blackcoffeefw,,,,,Black Coffee FW,,"Black Coffee is upping the scene of artisan coffee roasts in East Fort 
Worth. We specialize in interfusing global flavors into our very own craft 
beverages.",,,
"bubble tea store, 76124, Fort Worth, TX, US",Rio Dulce Coffee,Rio Dulce Coffee,http://www.riodulcecoffee.com/,Coffee shop,coffee shops,Coffee shop,+1 682-730-1335,"109 Houston St, Fort Worth, TX 76102",Sundance Square,109 Houston St,Fort Worth,76102,Texas,Texas,United States of America,US,32.7565197,-97.3333737,8926cbda1cbffff,America/Chicago,,False,4.8,650,"https://search.google.com/local/reviews?placeid=ChIJyZK7JEFxToYR0wl_6e8xqAE&q=bubble+tea+store,+76124,+Fort+Worth,+TX,+US&authuser=0&hl=en&gl=US",,,14.0,6.0,15.0,52.0,563.0,530,https://lh3.googleusercontent.com/p/AF1QipPuFrHjMZCFVJBhb5IyDTP9F_Tvyfqi9xmAZRIb=w800-h500-k-no,https://lh3.googleusercontent.com/p/AF1QipPuFrHjMZCFVJBhb5IyDTP9F_Tvyfqi9xmAZRIb=w1600-h1000-k-no,,"{""Monday"": ""6:30AM-4:30PM"", ""Tuesday"": ""6:30AM-4:30PM"", ""Wednesday"": ""6:30AM-4:30PM"", ""Thursday"": ""6:30AM-4:30PM"", ""Friday"": ""6:30AM-4:30PM"", ""Saturday"": ""7:30AM-3:30PM"", ""Sunday"": ""7:30AM-3:30PM""}",Monday:6:30AM-4:30PM|Tuesday:6:30AM-4:30PM|Wednesday:6:30AM-4:30PM|Thursday:6:30AM-4:30PM|Friday:6:30AM-4:30PM|Saturday:7:30AM-3:30PM|Sunday:7:30AM-3:30PM,,,OPERATIONAL,"{""From the business"": {""Small business"": true}, ""Service options"": {""Outdoor seating"": true, ""No-contact delivery"": true, ""Delivery"": true, ""Onsite services"": true, ""Takeout"": true, ""Dine-in"": true}, ""Highlights"": {""Great coffee"": true, ""Great tea selection"": true, ""Live performances"": true}, ""Popular for"": {""Breakfast"": true, ""Solo dining"": true, ""Good for working on laptop"": true}, ""Accessibility"": {""Wheelchair accessible entrance"": true, ""Wheelchair accessible parking lot"": true, ""Wheelchair accessible restroom"": true, ""Wheelchair accessible seating"": true}, ""Offerings"": {""Coffee"": true, ""Quick bite"": true}, ""Dining options"": {""Breakfast"": true, ""Lunch"": true, ""Catering"": true, ""Dessert"": true, ""Seating"": true}, ""Amenities"": {""Restroom"": true}, ""Atmosphere"": {""Casual"": true, ""Cozy"": true, ""Trendy"": true}, ""Crowd"": {""College students"": true, ""Family-friendly"": true, ""Tourists"": true}, ""Planning"": {""Accepts reservations"": false}, ""Payments"": {""Credit cards"": true, ""Debit cards"": true, ""NFC mobile payments"": true}, ""Children"": {""Good for kids"": true}, ""Parking"": {""Free parking lot"": true, ""Free street parking"": true}}",$$,,https://lh4.googleusercontent.com/-6kT6665yj3I/AAAAAAAAAAI/AAAAAAAAAAA/l4OOZzRjtYM/s44-p-k-no-ns-nd/photo.jpg,"Low-key, brick-walled coffee shop offering caffeinated drinks plus baked goods & sandwiches.",,True,116110472226044702833,Rio Dulce Coffee,https://www.google.com/maps/contrib/116110472226044702833,https://www.riodulcecoffee.com/book-event,"https://www.google.com/viewer/chooseprovider?mid=/g/11f03ppnz5&g2lbs=AAEPWCtSGQ93HWQs_EWW_sa9fCkdjz3rZ-DiAa3xE8R_hIEs2bEcEhqt_YZTtQRW2SZCET_binqoOY-i6C4IClyRKB77M2CeGw%3D%3D&hl=en-US&gl=us&fo_m=MfohQo559jFvMUOzJVpjPL1YMfZ3bInYwBDuMfaXTPp5KXh-&utm_source=tactile&gei=BsQDaOP-B77Y1sQPx8SKSA&ei=BsQDaOP-B77Y1sQPx8SKSA&fo_s=OA,SOE&opi=79508299&ebb=1&cs=0&foub=mcpp",,https://www.riodulcecoffee.com/book-event,"https://www.google.com/maps/place/Rio+Dulce+Coffee/@32.7565197,-97.3333737,14z/data=!4m8!1m2!2m1!1sRio+Dulce+Coffee!3m4!1s0x864e714124bb92c9:0x1a831efe97f09d3!8m2!3d32.7565197!4d-97.3333737","https://www.google.com/maps/place/Rio+Dulce+Coffee/@32.7565197,-97.3333737,13.99z/data=!4m16!1m7!3m6!1s0x864e714124bb92c9:0x1a831efe97f09d3!2sRio+Dulce+Coffee!8m2!3d32.7565197!4d-97.3333737!16s%2Fg%2F11ckvg1dmb!3m7!1s0x864e714124bb92c9:0x1a831efe97f09d3!8m2!3d32.7565197!4d-97.3333737!9m1!1b1!16s%2Fg%2F11ckvg1dmb?entry=ttu",ChIJyZK7JEFxToYR0wl_6e8xqAE,0x864e714124bb92c9:0x1a831efe97f09d3,119400296609679827,/g/11f03ppnz5,119400296609679827,,info@riodulcecoffee.com,RECEIVING,SMTP validated,,,,,,,,,,,,,,,,,,,,,,,,,,,,,,,,,,,,,,,,HOME | Rio Dulce Coffee,Wix.com Website Builder,"Fort Worth. Coffee Vibes. 
Order Online. Order Delivery.
Online Store. Book Events.",,False,False
"bubble tea store, 76124, Fort Worth, TX, US",Sally Beauty,Sally Beauty,https://stores.sallybeauty.com/tx/ftworth/beauty-supply-ftworth-tx-1947.html?utm_source=GMBlisting,"Beauty supply store, Barber supply store, Cosmetics store",Beauty supply store,Beauty supply store,+1 817-795-6190,"8430 East Fwy Ste 100, Fort Worth, TX 76120",Eastchase,8430 East Fwy Ste 100,Fort Worth,76120,Texas,Texas,United States of America,US,32.7582257,-97.17081999999999,8926cbd0187ffff,America/Chicago,,False,3.8,50,"https://search.google.com/local/reviews?placeid=ChIJCQYgdG18ToYR0mGyjSd6Z4U&q=bubble+tea+store,+76124,+Fort+Worth,+TX,+US&authuser=0&hl=en&gl=US",,,11.0,1.0,3.0,7.0,28.0,4,https://lh3.googleusercontent.com/p/AF1QipNgImap67rzdKoqPQPov0IFszLrsxFIAzDYAV6u=w800-h500-k-no,https://lh3.googleusercontent.com/p/AF1QipNgImap67rzdKoqPQPov0IFszLrsxFIAzDYAV6u=w1600-h1000-k-no,,"{""Monday"": ""10AM-7PM"", ""Tuesday"": ""10AM-7PM"", ""Wednesday"": ""10AM-7PM"", ""Thursday"": ""10AM-7PM"", ""Friday"": ""10AM-7PM"", ""Saturday"": ""10AM-7PM"", ""Sunday"": ""Closed""}",Monday:10AM-7PM|Tuesday:10AM-7PM|Wednesday:10AM-7PM|Thursday:10AM-7PM|Friday:10AM-7PM|Saturday:10AM-7PM|Sunday:Closed,,,OPERATIONAL,"{""Service options"": {""Delivery"": true, ""In-store pickup"": true, ""In-store shopping"": true, ""Same-day delivery"": false}, ""Accessibility"": {""Wheelchair accessible entrance"": true, ""Wheelchair accessible parking lot"": true}, ""Planning"": {""Quick visit"": true}, ""Payments"": {""Checks"": true, ""Credit cards"": true, ""Debit cards"": true}}",$,,https://lh3.googleusercontent.com/-7WoJmboW0PM/AAAAAAAAAAI/AAAAAAAAAAA/Cz9ArGxbwrQ/s44-p-k-no-ns-nd/photo.jpg,"Cosmetics chain offering brand-name beauty products & supplies, including salon equipment.",,True,111089074351160955303,Sally Beauty,https://www.google.com/maps/contrib/111089074351160955303,,,,,"https://www.google.com/maps/place/Sally+Beauty/@32.7582257,-97.17081999999999,14z/data=!4m8!1m2!2m1!1sSally+Beauty!3m4!1s0x864e7c6d74200609:0x85677a278db261d2!8m2!3d32.7582257!4d-97.17081999999999","https://www.google.com/maps/place/Sally+Beauty/@32.7582257,-97.17081999999999,13.99z/data=!4m16!1m7!3m6!1s0x864e7c6d74200609:0x85677a278db261d2!2sSally+Beauty!8m2!3d32.7582257!4d-97.17081999999999!16s%2Fg%2F11ckvg1dmb!3m7!1s0x864e7c6d74200609:0x85677a278db261d2!8m2!3d32.7582257!4d-97.17081999999999!9m1!1b1!16s%2Fg%2F11ckvg1dmb?entry=ttu",ChIJCQYgdG18ToYR0mGyjSd6Z4U,0x864e7c6d74200609:0x85677a278db261d2,9612786239945204178,/g/1tfbnr4p,-8833957833764347438,,john@stores.sallybeauty.com,INVALID,Invalid DNS,,,,,,,,,,,,,,,,,,,,,,17318857576,12103374996,12534460183,https://www.facebook.com/1625874164355590,,,,,,,,,,,,,,,Sally Beauty | Beauty Supply | Beauty Stores,,"Sally Beauty supplies over 7000 products for hair, nails, & skin to retail consumers & salon professionals - world's largest professional beauty supply retailer","sally beauty supply, beauty supply store, beauty stores",False,False
"bubble tea store, 75214, Dallas, TX, US",FENG CHA (Garland),Feng Cha Garland,https://fengcha.orderexperience.net/676099407576512b1b0db920/menu?source=google,"Bubble tea store, Coffee shop, Juice shop, Tea house",Bubble tea store,Bubble tea store,+1 469-567-0244,"2645 Arapaho Rd Suite 125, Garland, TX 75044",Camelot,2645 Arapaho Rd Suite 125,Garland,75044,Texas,Texas,United States of America,US,32.960654,-96.6661874,8926c828447ffff,America/Chicago,,False,4.5,418,"https://search.google.com/local/reviews?placeid=ChIJJSZVxd4fTIYRHO48krRDlgk&q=bubble+tea+store,+75214,+Dallas,+TX,+US&authuser=0&hl=en&gl=US",,,23.0,9.0,23.0,49.0,314.0,370,https://lh3.googleusercontent.com/p/AF1QipP3XTnnJ3eYDf_0hxDamKq6cEvrnr5Su0i6W2cu=w800-h500-k-no,https://lh3.googleusercontent.com/p/AF1QipP3XTnnJ3eYDf_0hxDamKq6cEvrnr5Su0i6W2cu=w1600-h1000-k-no,,"{""Monday"": ""11AM-10PM"", ""Tuesday"": ""11AM-10PM"", ""Wednesday"": ""11AM-10PM"", ""Thursday"": ""11AM-10PM"", ""Friday"": ""11AM-10:30PM"", ""Saturday"": ""11AM-10:30PM"", ""Sunday"": ""11AM-10PM""}",Monday:11AM-10PM|Tuesday:11AM-10PM|Wednesday:11AM-10PM|Thursday:11AM-10PM|Friday:11AM-10:30PM|Saturday:11AM-10:30PM|Sunday:11AM-10PM,,,OPERATIONAL,"{""Service options"": {""No-contact delivery"": true, ""Delivery"": true, ""Onsite services"": true, ""Takeout"": true, ""Dine-in"": true}, ""Highlights"": {""Great tea selection"": true}, ""Accessibility"": {""Wheelchair accessible entrance"": true, ""Wheelchair accessible parking lot"": true, ""Wheelchair accessible restroom"": true, ""Wheelchair accessible seating"": true}, ""Amenities"": {""Gender-neutral restroom"": true}, ""Parking"": {""Free parking lot"": true, ""Free street parking"": true}}",$,,https://lh4.googleusercontent.com/-CFRzcFF3zMI/AAAAAAAAAAI/AAAAAAAAAAA/i8atmNNIayg/s44-p-k-no-ns-nd/photo.jpg,,,True,107278663948277679418,FENG CHA - GARLAND,https://www.google.com/maps/contrib/107278663948277679418,,"https://www.google.com/viewer/chooseprovider?mid=/g/11h59yzks1&g2lbs=AAEPWCslNSztAoZ2Q1m78SID3DSOHZ9Kp2ZDWYgNs_lcB8IzwrWa-0aIzika2Y6w87VAdyjHKAJAzz-Wnl2_TAdJbg-WB9YR0g%3D%3D&hl=en-US&gl=us&fo_m=MfohQo559jFvMUOzJVpjPL1YMfZ3bInYwBDuMfaXTPp5KXh-&utm_source=tactile&gei=CcQDaL6MHc-B9u8Pj42EsQQ&ei=CcQDaL6MHc-B9u8Pj42EsQQ&fo_s=OA,SOE&opi=79508299&ebb=1&cs=0&foub=mcpp",,,"https://www.google.com/maps/place/FENG+CHA+-+GARLAND/@32.960654,-96.6661874,14z/data=!4m8!1m2!2m1!1sFENG+CHA+-+GARLAND!3m4!1s0x864c1fdec5552625:0x99643b4923cee1c!8m2!3d32.960654!4d-96.6661874","https://www.google.com/maps/place/FENG+CHA+-+GARLAND/@32.960654,-96.6661874,13.99z/data=!4m16!1m7!3m6!1s0x864c1fdec5552625:0x99643b4923cee1c!2sFENG+CHA+-+GARLAND!8m2!3d32.960654!4d-96.6661874!16s%2Fg%2F11ckvg1dmb!3m7!1s0x864c1fdec5552625:0x99643b4923cee1c!8m2!3d32.960654!4d-96.6661874!9m1!1b1!16s%2Fg%2F11ckvg1dmb?entry=ttu",ChIJJSZVxd4fTIYRHO48krRDlgk,0x864c1fdec5552625:0x99643b4923cee1c,690814035674590748,/g/11h59yzks1,690814035674590748,,fengcha.garland@gmail.com,RECEIVING,SMTP validated,,,,,,,,,,,,,,,,,,,,,,14695670244,,,https://www.facebook.com/fengchagarlandtx/about/,,,,,,,,,,,,,,,Paytronix,,,,False,False
"bubble tea store, 75214, Dallas, TX, US",Feng Cha (Richardson),Feng Cha Richardson,http://www.fengchausa.com/,"Bubble tea store, Bakery, Tea house, Cafe, Dessert shop",Tea house,Bubble tea store,+1 972-685-0202,"2701 Custer Pkwy, Richardson, TX 75080",None,2701 Custer Pkwy,Richardson,75080,Texas,Texas,United States of America,US,32.9917904,-96.727858,8926c82b28bffff,America/Chicago,,False,4.6,519,"https://search.google.com/local/reviews?placeid=ChIJvWIeh7UYTIYRxMNSwtP25gs&q=bubble+tea+store,+75214,+Dallas,+TX,+US&authuser=0&hl=en&gl=US",,,21.0,9.0,20.0,74.0,395.0,594,https://lh3.googleusercontent.com/gps-cs-s/AB5caB8rGcksjZ8xvntbOwmenzcUbv36-eYwg7KarZkGkW5xEJTaW38RmU6wZOLIWt_9VguFZogBhdIr_7PKx03IfSD8b_5zn2h0oqL2gjtdWv8MsZJWRToLjnegBgOglkxYfgPA8GeZ=w800-h500-k-no,https://lh3.googleusercontent.com/gps-cs-s/AB5caB8rGcksjZ8xvntbOwmenzcUbv36-eYwg7KarZkGkW5xEJTaW38RmU6wZOLIWt_9VguFZogBhdIr_7PKx03IfSD8b_5zn2h0oqL2gjtdWv8MsZJWRToLjnegBgOglkxYfgPA8GeZ=w1600-h1000-k-no,,"{""Monday"": ""11:30AM-9:30PM"", ""Tuesday"": ""11:30AM-9:30PM"", ""Wednesday"": ""11:30AM-9:30PM"", ""Thursday"": ""11:30AM-9:30PM"", ""Friday"": ""11:30AM-10:30PM"", ""Saturday"": ""11:30AM-10:30PM"", ""Sunday"": ""11:30AM-9:30PM""}",Monday:11:30AM-9:30PM|Tuesday:11:30AM-9:30PM|Wednesday:11:30AM-9:30PM|Thursday:11:30AM-9:30PM|Friday:11:30AM-10:30PM|Saturday:11:30AM-10:30PM|Sunday:11:30AM-9:30PM,,,OPERATIONAL,"{""From the business"": {""Identifies as women-owned"": true}, ""Service options"": {""Delivery"": true, ""Onsite services"": true, ""Takeout"": true, ""Dine-in"": true}, ""Highlights"": {""Great tea selection"": true}, ""Accessibility"": {""Wheelchair accessible entrance"": true, ""Wheelchair accessible parking lot"": true, ""Wheelchair accessible restroom"": true, ""Wheelchair accessible seating"": true}, ""Parking"": {""Free parking lot"": true, ""Free street parking"": true}, ""Other"": {""Identifies as women-owned"": true}}",$,,https://lh5.googleusercontent.com/-COGDG7keJ1k/AAAAAAAAAAI/AAAAAAAAAAA/BOKGrpJOp8E/s44-p-k-no-ns-nd/photo.jpg,,,True,106053209487368339515,Feng Cha - Richardson,https://www.google.com/maps/contrib/106053209487368339515,,"https://www.google.com/viewer/chooseprovider?mid=/g/11gcqx3l6_&g2lbs=AAEPWCvlUYMcIaM0DwqDQt4fys_M7cuZp04Ka6VnZT9mXFR9lWkVhf2G6sf5A3yobXh68tCelMLJ43k9ush6rffe2dzaSPPV4w%3D%3D&hl=en-US&gl=us&fo_m=MfohQo559jFvMUOzJVpjPL1YMfZ3bInYwBDuMfaXTPp5KXh-&utm_source=tactile&gei=C8QDaMzeDuiExc8P3fLTkQI&ei=C8QDaMzeDuiExc8P3fLTkQI&fo_s=OA,SOE&opi=79508299&ebb=1&cs=0&foub=mcpp",,,"https://www.google.com/maps/place/Feng+Cha+-+Richardson/@32.9917904,-96.727858,14z/data=!4m8!1m2!2m1!1sFeng+Cha+-+Richardson!3m4!1s0x864c18b5871e62bd:0xbe6f6d3c252c3c4!8m2!3d32.9917904!4d-96.727858","https://www.google.com/maps/place/Feng+Cha+-+Richardson/@32.9917904,-96.727858,13.99z/data=!4m16!1m7!3m6!1s0x864c18b5871e62bd:0xbe6f6d3c252c3c4!2sFeng+Cha+-+Richardson!8m2!3d32.9917904!4d-96.727858!16s%2Fg%2F11ckvg1dmb!3m7!1s0x864c18b5871e62bd:0xbe6f6d3c252c3c4!8m2!3d32.9917904!4d-96.727858!9m1!1b1!16s%2Fg%2F11ckvg1dmb?entry=ttu",ChIJvWIeh7UYTIYRxMNSwtP25gs,0x864c18b5871e62bd:0xbe6f6d3c252c3c4,857644168419394500,/g/11gcqx3l6_,857644168419394500,,rxx@fengchausa.com,INVALID,Cannot validate,,,,,,pxx@fengchausa.com,INVALID,Cannot validate,,,,,,exx@fengchausa.com,INVALID,Cannot validate,,,,,,14252824087,18178831888,14056765033,https://www.facebook.com/114541508221696,,,,,,,,,,,,,,,ORDER | FENG CHA,Wix.com Website Builder,"Our passion for making tea extends far beyond our drinks. We are happy to see people of different backgrounds coming to Feng Cha to chat, hang out, study and work. We are thankful for each everyone's support and will continue working hard to provide a unique and cozy teahouse experience.",,False,False
"bubble tea store, 75214, Dallas, TX, US",Poke Bop,Poke Bop,http://www.ilovepokebop.com/,"Bubble tea store, Sushi restaurant, Japanese restaurant, Poke bar",Sushi restaurant,Bubble tea store,+1 214-821-7653,"4140 Abrams Rd, Dallas, TX 75214",Lakewood,4140 Abrams Rd,Dallas,75214,Texas,Texas,United States of America,US,32.8360329,-96.7525711,8926cb93667ffff,America/Chicago,,False,4.3,209,"https://search.google.com/local/reviews?placeid=ChIJr-_PzmOfToYRtDV1XJhMs1c&q=bubble+tea+store,+75214,+Dallas,+TX,+US&authuser=0&hl=en&gl=US",,,13.0,10.0,17.0,28.0,141.0,293,https://lh3.googleusercontent.com/gps-cs-s/AB5caB9gPzuZb9jrEs3_Hbt091aOjyc6HIevO8Uce6nG3wcQvcta7gJ9uoX1iAx8wAAMKqR3p1RETIif7i0kBmuFrC4CUVLQcXPqflt7wNBOxC0WXJaoDUSRDO2DE5Kvjl0iALyaxXs=w800-h500-k-no,https://lh3.googleusercontent.com/gps-cs-s/AB5caB9gPzuZb9jrEs3_Hbt091aOjyc6HIevO8Uce6nG3wcQvcta7gJ9uoX1iAx8wAAMKqR3p1RETIif7i0kBmuFrC4CUVLQcXPqflt7wNBOxC0WXJaoDUSRDO2DE5Kvjl0iALyaxXs=w1600-h1000-k-no,,"{""Monday"": ""11AM-9PM"", ""Tuesday"": ""11AM-9PM"", ""Wednesday"": ""11AM-9PM"", ""Thursday"": ""11AM-9PM"", ""Friday"": ""11AM-9PM"", ""Saturday"": ""11AM-9PM"", ""Sunday"": ""11AM-9PM""}",Monday:11AM-9PM|Tuesday:11AM-9PM|Wednesday:11AM-9PM|Thursday:11AM-9PM|Friday:11AM-9PM|Saturday:11AM-9PM|Sunday:11AM-9PM,,,OPERATIONAL,"{""Service options"": {""Outdoor seating"": true, ""No-contact delivery"": true, ""Delivery"": true, ""Takeout"": true, ""Dine-in"": true}, ""Highlights"": {""Fast service"": true}, ""Popular for"": {""Lunch"": true, ""Dinner"": true, ""Solo dining"": true}, ""Accessibility"": {""Wheelchair accessible entrance"": true, ""Wheelchair accessible parking lot"": true, ""Wheelchair accessible restroom"": true, ""Wheelchair accessible seating"": true}, ""Offerings"": {""Alcohol"": true, ""Beer"": true, ""Cocktails"": true, ""Coffee"": true, ""Happy hour drinks"": true, ""Happy hour food"": true, ""Healthy options"": true, ""Organic dishes"": true, ""Quick bite"": true, ""Small plates"": true, ""Vegetarian options"": true, ""Wine"": true}, ""Dining options"": {""Lunch"": true, ""Dinner"": true, ""Catering"": true, ""Dessert"": true, ""Seating"": true}, ""Amenities"": {""Restroom"": true, ""Wi-Fi"": true}, ""Atmosphere"": {""Casual"": true, ""Trendy"": true}, ""Crowd"": {""College students"": true, ""Family-friendly"": true, ""LGBTQ+ friendly"": true}, ""Planning"": {""Accepts reservations"": false}, ""Payments"": {""Checks"": true, ""Credit cards"": true, ""Debit cards"": true, ""NFC mobile payments"": true}, ""Children"": {""Good for kids"": true, ""High chairs"": true, ""Kids' menu"": true}, ""Parking"": {""Free parking lot"": true}, ""Other"": {""LGBTQ+ friendly"": true}}",,,https://lh6.googleusercontent.com/-8BEkiJ3YtjE/AAAAAAAAAAI/AAAAAAAAAAA/FKeAC_U858E/s44-p-k-no-ns-nd/photo.jpg,Hawaiian-style counter-serve spot for customizable fresh fish bowls & other bright poke creations.,,True,111771457508290366156,Poke Bop,https://www.google.com/maps/contrib/111771457508290366156,,"https://www.google.com/viewer/chooseprovider?mid=/g/11hbv01wyw&g2lbs=AAEPWCvtZrhfgFrT3ViI7--_Hj4N3X-wyBtJqneU0EVFx7Z1Ku-PPlV7HJTSBuvuj5zYlQ-2Him3r9UTJapzJ_BpalixgGyrZQ%3D%3D&hl=en-US&gl=us&fo_m=MfohQo559jFvMUOzJVpjPL1YMfZ3bInYwBDuMfaXTPp5KXh-&utm_source=tactile&gei=C8QDaMzeDuiExc8P3fLTkQI&ei=C8QDaMzeDuiExc8P3fLTkQI&fo_s=OA,SOE&opi=79508299&ebb=1&cs=0&foub=mcpp",,,"https://www.google.com/maps/place/Poke+Bop/@32.8360329,-96.7525711,14z/data=!4m8!1m2!2m1!1sPoke+Bop!3m4!1s0x864e9f63cecfefaf:0x57b34c985c7535b4!8m2!3d32.8360329!4d-96.7525711","https://www.google.com/maps/place/Poke+Bop/@32.8360329,-96.7525711,13.99z/data=!4m16!1m7!3m6!1s0x864e9f63cecfefaf:0x57b34c985c7535b4!2sPoke+Bop!8m2!3d32.8360329!4d-96.7525711!16s%2Fg%2F11ckvg1dmb!3m7!1s0x864e9f63cecfefaf:0x57b34c985c7535b4!8m2!3d32.8360329!4d-96.7525711!9m1!1b1!16s%2Fg%2F11ckvg1dmb?entry=ttu",ChIJr-_PzmOfToYRtDV1XJhMs1c,0x864e9f63cecfefaf:0x57b34c985c7535b4,6319478919400863156,/g/11hbv01wyw,6319478919400863156,,happyhelp@ilovepokebop.com,INVALID,Invalid DNS,,,,,,marketing@ilovepokebop.com,INVALID,Invalid DNS,,,,,,,,,,,,,,14696085407,12148217653,17194347908,https://www.facebook.com/pokeboptejon,https://www.instagram.com/poke_bop_,,,,,,,,,,,,,,Deconstructed in a Sushi Bowl | Poke Bop,Divi v.4.4.8,"Poké is a Hawaiian specialty that has cruised to the mainland. For diners unfamiliar with the cuisine, think of it as deconstructed sushi.",,,
"bubble tea store, 75214, Dallas, TX, US",Gong Cha,Gong Cha,https://www.gongchausa.com/bubble-tea,"Bubble tea store, Coffee store, Tea house, Tea store",Bubble tea store,Bubble tea store,+1 972-242-4135,"2701 Old Denton Rd Ste 120, Carrollton, TX 75007",Central Carrollton,2701 Old Denton Rd Ste 120,Carrollton,75007,Texas,Texas,United States of America,US,32.988236199999996,-96.9103902,8926c8628a3ffff,America/Chicago,,False,4.4,420,"https://search.google.com/local/reviews?placeid=ChIJYRolsvolTIYR0rbwNOANu5o&q=bubble+tea+store,+75214,+Dallas,+TX,+US&authuser=0&hl=en&gl=US",,,18.0,10.0,24.0,86.0,282.0,315,https://lh3.googleusercontent.com/gps-cs-s/AB5caB_C73mVfkPYKZao6xaaST7j0DLycXtKwyF3NaPIczH-JxlShX3Lj2c8hZYpImlBh_-mjmU3v_Fq5yXtCque2Bih7VRT1g3jMmkmO2cw1LPABCVWcClbki6a2HUqkSnw-0cTTOc=w800-h500-k-no,https://lh3.googleusercontent.com/gps-cs-s/AB5caB_C73mVfkPYKZao6xaaST7j0DLycXtKwyF3NaPIczH-JxlShX3Lj2c8hZYpImlBh_-mjmU3v_Fq5yXtCque2Bih7VRT1g3jMmkmO2cw1LPABCVWcClbki6a2HUqkSnw-0cTTOc=w1600-h1000-k-no,,"{""Monday"": ""11AM-11PM"", ""Tuesday"": ""11AM-11PM"", ""Wednesday"": ""11AM-11PM"", ""Thursday"": ""11AM-11PM"", ""Friday"": ""11AM-11PM"", ""Saturday"": ""11AM-11PM"", ""Sunday"": ""11AM-11PM""}",Monday:11AM-11PM|Tuesday:11AM-11PM|Wednesday:11AM-11PM|Thursday:11AM-11PM|Friday:11AM-11PM|Saturday:11AM-11PM|Sunday:11AM-11PM,,,OPERATIONAL,"{""Service options"": {""Delivery"": true, ""Takeout"": true, ""Dine-in"": true}, ""Highlights"": {""Great tea selection"": true}, ""Accessibility"": {""Wheelchair accessible entrance"": true, ""Wheelchair accessible parking lot"": true, ""Wheelchair accessible restroom"": true}, ""Amenities"": {""Gender-neutral restroom"": true}}",$,,https://lh6.googleusercontent.com/-CtbeoiJqrcQ/AAAAAAAAAAI/AAAAAAAAAAA/WzWznYLaA8U/s44-p-k-no-ns-nd/photo.jpg,,,True,112936681820947996824,Gong Cha,https://www.google.com/maps/contrib/112936681820947996824,,"https://www.google.com/viewer/chooseprovider?mid=/g/11df0p08gh&g2lbs=AAEPWCslGv3XCwaiTYox8LZEFNu-AiENZ0YicQhlshgmU9dLwFWMT3fmtXiKuabidftjr5NGyEc2vYIa1YAZWUODyU9UQ4TBaw%3D%3D&hl=en-US&gl=us&fo_m=MfohQo559jFvMUOzJVpjPL1YMfZ3bInYwBDuMfaXTPp5KXh-&utm_source=tactile&gei=C8QDaMzeDuiExc8P3fLTkQI&ei=C8QDaMzeDuiExc8P3fLTkQI&fo_s=OA,SOE&opi=79508299&ebb=1&cs=0&foub=mcpp",,,"https://www.google.com/maps/place/Gong+Cha/@32.988236199999996,-96.9103902,14z/data=!4m8!1m2!2m1!1sGong+Cha!3m4!1s0x864c25fab2251a61:0x9abb0de034f0b6d2!8m2!3d32.988236199999996!4d-96.9103902","https://www.google.com/maps/place/Gong+Cha/@32.988236199999996,-96.9103902,13.99z/data=!4m16!1m7!3m6!1s0x864c25fab2251a61:0x9abb0de034f0b6d2!2sGong+Cha!8m2!3d32.988236199999996!4d-96.9103902!16s%2Fg%2F11ckvg1dmb!3m7!1s0x864c25fab2251a61:0x9abb0de034f0b6d2!8m2!3d32.988236199999996!4d-96.9103902!9m1!1b1!16s%2Fg%2F11ckvg1dmb?entry=ttu",ChIJYRolsvolTIYR0rbwNOANu5o,0x864c25fab2251a61:0x9abb0de034f0b6d2,11149520559097820882,/g/11df0p08gh,-7297223514611730734,,inquiries@gongchausa.com,RECEIVING,SMTP validated,Anchal Lamba,Anchal,Lamba,Managing Member,12123982716,anchal@gongchausa.com,RECEIVING,SMTP validated,Anchal Lamba,Anchal,Lamba,President,15163839000,rborgia@gongchausa.com,INVALID,Invalid SMTP,Robert Borgia,Robert,Borgia,Could Not Locate,15167496919,5168135642,15624748745,14697099380,https://www.facebook.com/gongchatea/,http://instagram.com/gongchatea,https://www.linkedin.com/company/gong-cha,https://www.tiktok.com/@gongcha.bubbletea,,,,,,,https://twitter.com/gongchatea,,,,,New Jersey – Jersey City - Gong cha,All in One SEO (AIOSEO) 4.7.7.2,Premium Quality Bubble Tea,,False,False
"bubble tea store, 75214, Dallas, TX, US",MÖGE TEE (Carrollton),Möge Tee Carrollton,http://mogeteeusa.com/,Bubble tea store,Bubble tea store,Bubble tea store,+1 972-245-4440,"1016 W Trinity Mills Rd #100, Carrollton, TX 75006",Central Carrollton,1016 W Trinity Mills Rd #100,Carrollton,75006,Texas,Texas,United States of America,US,32.9839729,-96.9112399,8926c8628afffff,America/Chicago,,False,4.6,359,"https://search.google.com/local/reviews?placeid=ChIJd6t4wgglTIYRd45FCcvwjk4&q=bubble+tea+store,+75214,+Dallas,+TX,+US&authuser=0&hl=en&gl=US",,,15.0,8.0,13.0,45.0,278.0,633,https://lh3.googleusercontent.com/gps-cs-s/AB5caB-w1wPvTTLJyx19_DfaUGIutTYLFSnnkj6hH2Pgfp-zFHbvDlsgFWt2ODDq6rkXBVyXhyNYAIJQz9bdbCzw2LzTxodUGnBkJb81wPV5sB4WwOMj2BawE2qJdva7x535kFStv8A3=w800-h500-k-no,https://lh3.googleusercontent.com/gps-cs-s/AB5caB-w1wPvTTLJyx19_DfaUGIutTYLFSnnkj6hH2Pgfp-zFHbvDlsgFWt2ODDq6rkXBVyXhyNYAIJQz9bdbCzw2LzTxodUGnBkJb81wPV5sB4WwOMj2BawE2qJdva7x535kFStv8A3=w1600-h1000-k-no,,"{""Monday"": ""11AM-9PM"", ""Tuesday"": ""11AM-9PM"", ""Wednesday"": ""11AM-9PM"", ""Thursday"": ""11AM-9PM"", ""Friday"": ""11AM-10PM"", ""Saturday"": ""11AM-10PM"", ""Sunday"": ""11AM-9PM""}",Monday:11AM-9PM|Tuesday:11AM-9PM|Wednesday:11AM-9PM|Thursday:11AM-9PM|Friday:11AM-10PM|Saturday:11AM-10PM|Sunday:11AM-9PM,,,OPERATIONAL,"{""Service options"": {""No-contact delivery"": true, ""Delivery"": true, ""Takeout"": true, ""Dine-in"": true}, ""Highlights"": {""Great tea selection"": true}, ""Accessibility"": {""Wheelchair accessible entrance"": true, ""Wheelchair accessible parking lot"": true, ""Wheelchair accessible restroom"": true}}",$,,https://lh3.googleusercontent.com/-neuMgB90nEI/AAAAAAAAAAI/AAAAAAAAAAA/KUPWR0sg09Q/s44-p-k-no-ns-nd/photo.jpg,,,True,117126087536045267433,MÖGE TEE Carrollton,https://www.google.com/maps/contrib/117126087536045267433,,"https://www.google.com/viewer/chooseprovider?mid=/g/11q1ghcfgt&g2lbs=AAEPWCuM334wqsmrlKoiy3UPZh7-N9usTaL1FcUQvxNsu21CrkeauLaEXKvAfhuvDuuccyc03ygUfwHNpKlLlHglWZE1wp-U3A%3D%3D&hl=en-US&gl=us&fo_m=MfohQo559jFvMUOzJVpjPL1YMfZ3bInYwBDuMfaXTPp5KXh-&utm_source=tactile&gei=C8QDaMzeDuiExc8P3fLTkQI&ei=C8QDaMzeDuiExc8P3fLTkQI&fo_s=OA,SOE&opi=79508299&ebb=1&cs=0&foub=mcpp",,,"https://www.google.com/maps/place/M%C3%96GE+TEE+Carrollton/@32.9839729,-96.9112399,14z/data=!4m8!1m2!2m1!1sM%C3%96GE+TEE+Carrollton!3m4!1s0x864c2508c278ab77:0x4e8ef0cb09458e77!8m2!3d32.9839729!4d-96.9112399","https://www.google.com/maps/place/M%C3%96GE+TEE+Carrollton/@32.9839729,-96.9112399,13.99z/data=!4m16!1m7!3m6!1s0x864c2508c278ab77:0x4e8ef0cb09458e77!2sM%C3%96GE+TEE+Carrollton!8m2!3d32.9839729!4d-96.9112399!16s%2Fg%2F11ckvg1dmb!3m7!1s0x864c2508c278ab77:0x4e8ef0cb09458e77!8m2!3d32.9839729!4d-96.9112399!9m1!1b1!16s%2Fg%2F11ckvg1dmb?entry=ttu",ChIJd6t4wgglTIYRd45FCcvwjk4,0x864c2508c278ab77:0x4e8ef0cb09458e77,5660726536475872887,/g/11q1ghcfgt,5660726536475872887,,info@mogeteeusa.com,RECEIVING,SMTP validated,,,,,,,,,,,,,,,,,,,,,,16463848108,+1 718-321-1188,9293502833,https://www.facebook.com/mogeteedc/,https://www.instagram.com/mogeteeusa,,,,,,,,,,,,,,StoreLocations,Wix.com Website Builder,Moge TEE is dedicated to create an unique and innovative beverage with well-balanced and rich flavor to present customers the most natural and fresh taste.,"Bubble tea, fruit tea, tea, dirty milk tea, super parfait, 愿茶美國官网,愿茶, 奶茶加盟",False,False
"bubble tea store, 75214, Dallas, TX, US",Gong Cha (Richardson),Gong Cha Richardson,https://gongchausa.com/texas-dallas-2/,Bubble tea store,Bubble tea store,Bubble tea store,+1 469-709-9380,"1425 E Belt Line Rd #102, Richardson, TX 75081",None,1425 E Belt Line Rd #102,Richardson,75081,Texas,Texas,United States of America,US,32.9469844,-96.6993308,8926c8295b7ffff,America/Chicago,,False,4.0,428,"https://search.google.com/local/reviews?placeid=ChIJ57qE5PgeTIYRPAOMPEgkjUE&q=bubble+tea+store,+75214,+Dallas,+TX,+US&authuser=0&hl=en&gl=US",,,60.0,21.0,29.0,83.0,235.0,336,https://lh3.googleusercontent.com/gps-cs-s/AB5caB-icvyXZfx3o5q6h4S8kNSaeTDixe15a036PJtGnF0DPsWtXFnsLTtWERAsYJ0Ld1nnq7PUkXJ5J4GwXLK4kHWTmZJZyHi3AX814GQCq5e7H0bDww2mUgEplCdcXLqiPBRl6H_r5Q=w800-h500-k-no,https://lh3.googleusercontent.com/gps-cs-s/AB5caB-icvyXZfx3o5q6h4S8kNSaeTDixe15a036PJtGnF0DPsWtXFnsLTtWERAsYJ0Ld1nnq7PUkXJ5J4GwXLK4kHWTmZJZyHi3AX814GQCq5e7H0bDww2mUgEplCdcXLqiPBRl6H_r5Q=w1600-h1000-k-no,,"{""Monday"": ""11AM-11PM"", ""Tuesday"": ""11AM-11PM"", ""Wednesday"": ""11AM-11PM"", ""Thursday"": ""11AM-11PM"", ""Friday"": ""11AM-11PM"", ""Saturday"": ""11AM-11PM"", ""Sunday"": ""10AM-11PM""}",Monday:11AM-11PM|Tuesday:11AM-11PM|Wednesday:11AM-11PM|Thursday:11AM-11PM|Friday:11AM-11PM|Saturday:11AM-11PM|Sunday:10AM-11PM,,,OPERATIONAL,"{""Service options"": {""Delivery"": true, ""Takeout"": true, ""Dine-in"": true}, ""Highlights"": {""Great tea selection"": true}, ""Accessibility"": {""Wheelchair accessible entrance"": true, ""Wheelchair accessible parking lot"": true, ""Wheelchair accessible restroom"": true}}",$,,https://lh4.googleusercontent.com/-Px9qvD6VFZE/AAAAAAAAAAI/AAAAAAAAAAA/q_vwYZYTIiw/s44-p-k-no-ns-nd/photo.jpg,,,True,101148913904408658792,Gong Cha Richardson,https://www.google.com/maps/contrib/101148913904408658792,,"https://www.google.com/viewer/chooseprovider?mid=/g/11g6jc4w0s&g2lbs=AAEPWCvqKBF5X3EGkb9FVDpQ3xOQ_ikvsCNJW1j9kvQvI-ZSNyDBhtOCX0AQBHWjSwPxR58iJ63SEWwv2n3q0nYJPmNpF-pI3g%3D%3D&hl=en-US&gl=us&fo_m=MfohQo559jFvMUOzJVpjPL1YMfZ3bInYwBDuMfaXTPp5KXh-&utm_source=tactile&gei=C8QDaMzeDuiExc8P3fLTkQI&ei=C8QDaMzeDuiExc8P3fLTkQI&fo_s=OA,SOE&opi=79508299&ebb=1&cs=0&foub=mcpp",,,"https://www.google.com/maps/place/Gong+Cha+Richardson/@32.9469844,-96.6993308,14z/data=!4m8!1m2!2m1!1sGong+Cha+Richardson!3m4!1s0x864c1ef8e484bae7:0x418d24483c8c033c!8m2!3d32.9469844!4d-96.6993308","https://www.google.com/maps/place/Gong+Cha+Richardson/@32.9469844,-96.6993308,13.99z/data=!4m16!1m7!3m6!1s0x864c1ef8e484bae7:0x418d24483c8c033c!2sGong+Cha+Richardson!8m2!3d32.9469844!4d-96.6993308!16s%2Fg%2F11ckvg1dmb!3m7!1s0x864c1ef8e484bae7:0x418d24483c8c033c!8m2!3d32.9469844!4d-96.6993308!9m1!1b1!16s%2Fg%2F11ckvg1dmb?entry=ttu",ChIJ57qE5PgeTIYRPAOMPEgkjUE,0x864c1ef8e484bae7:0x418d24483c8c033c,4723471476853572412,/g/11g6jc4w0s,4723471476853572412,,inquiries@gongchausa.com,RECEIVING,SMTP validated,Anchal Lamba,Anchal,Lamba,Managing Member,12123982716,anchal@gongchausa.com,RECEIVING,SMTP validated,Anchal Lamba,Anchal,Lamba,President,15163839000,rborgia@gongchausa.com,INVALID,Invalid SMTP,Robert Borgia,Robert,Borgia,Could Not Locate,15167496919,5168135642,15624748745,14697099380,https://www.facebook.com/gongchatea/,http://instagram.com/gongchatea,https://www.linkedin.com/company/gong-cha,https://www.tiktok.com/@gongcha.bubbletea,,,,,,,https://twitter.com/gongchatea,,,,,New Jersey – Jersey City - Gong cha,All in One SEO (AIOSEO) 4.7.7.2,Premium Quality Bubble Tea,,False,False
"bubble tea store, 75214, Dallas, TX, US",King Kong Boba Tea & Smoothie,King Kong Boba Tea And Smoothie,https://garland.kingkongmilkteatogo.com/,"Bubble tea store, Asian fusion restaurant, Chicken wings restaurant, Coffee shop, Dessert shop, Pizza restaurant",Bubble tea store,Bubble tea store,+1 469-367-0171,"6313 N President George Bush Hwy Ste 100, Garland, TX 75044",None,6313 N President George Bush Hwy Ste 100,Garland,75044,Texas,Texas,United States of America,US,32.9725761,-96.6548895,8926c828493ffff,America/Chicago,,False,4.3,298,"https://search.google.com/local/reviews?placeid=ChIJWUhEwpwdTIYRrO5x7eElC14&q=bubble+tea+store,+75214,+Dallas,+TX,+US&authuser=0&hl=en&gl=US",,,30.0,11.0,16.0,22.0,219.0,479,https://lh3.googleusercontent.com/gps-cs-s/AB5caB81F0UrI7KXGMpWsbwW_ywy1CgKPHRaqxBc1r6YtKniDAJuZXsePO2pkyfG1FPN98h6hZv__3q9-mZiJPtdfqx_QBj9qAzivpn-UyxLJ7t5PCV_fszGJ2GdwDgn64-I4ebF8kRQ=w800-h500-k-no,https://lh3.googleusercontent.com/gps-cs-s/AB5caB81F0UrI7KXGMpWsbwW_ywy1CgKPHRaqxBc1r6YtKniDAJuZXsePO2pkyfG1FPN98h6hZv__3q9-mZiJPtdfqx_QBj9qAzivpn-UyxLJ7t5PCV_fszGJ2GdwDgn64-I4ebF8kRQ=w1600-h1000-k-no,,"{""Monday"": ""11AM-10PM"", ""Tuesday"": ""11AM-10PM"", ""Wednesday"": ""11AM-10PM"", ""Thursday"": ""11AM-10PM"", ""Friday"": ""11AM-11PM"", ""Saturday"": ""11AM-11PM"", ""Sunday"": ""11AM-10PM""}",Monday:11AM-10PM|Tuesday:11AM-10PM|Wednesday:11AM-10PM|Thursday:11AM-10PM|Friday:11AM-11PM|Saturday:11AM-11PM|Sunday:11AM-10PM,,,OPERATIONAL,"{""From the business"": {""Identifies as Asian-owned"": true}, ""Service options"": {""Curbside pickup"": true, ""No-contact delivery"": true, ""Delivery"": true, ""Onsite services"": true, ""Takeout"": true, ""Dine-in"": true}, ""Highlights"": {""Great tea selection"": true}, ""Accessibility"": {""Wheelchair accessible entrance"": true, ""Wheelchair accessible parking lot"": true, ""Wheelchair accessible restroom"": true, ""Wheelchair accessible seating"": true}, ""Amenities"": {""Gender-neutral restroom"": true}, ""Crowd"": {""LGBTQ+ friendly"": true, ""Transgender safespace"": true}, ""Parking"": {""Free parking lot"": true, ""Free street parking"": true}, ""Other"": {""LGBTQ+ friendly"": true, ""Identifies as Asian-owned"": true}}",$,,https://lh6.googleusercontent.com/-h7meTl6uhb4/AAAAAAAAAAI/AAAAAAAAAAA/rtzdFYfLEmo/s44-p-k-no-ns-nd/photo.jpg,,,True,114291963007736341511,King Kong Boba Tea & Smoothie,https://www.google.com/maps/contrib/114291963007736341511,,"https://www.google.com/viewer/chooseprovider?mid=/g/11jt3j7tbq&g2lbs=AAEPWCu5WZex2HU2kxaS41AaERFb4rO-THWx1RXQnk4Ku2ZJoT9YtNKpOOWlIB2vwj-gkQni7hvf2Tj6AJHqlPCVpA80tWOLdQ%3D%3D&hl=en-US&gl=us&fo_m=MfohQo559jFvMUOzJVpjPL1YMfZ3bInYwBDuMfaXTPp5KXh-&utm_source=tactile&gei=DcQDaKvLDMuTxc8PvaTziQU&ei=DcQDaKvLDMuTxc8PvaTziQU&fo_s=OA,SOE&opi=79508299&ebb=1&cs=0&foub=mcpp",,,"https://www.google.com/maps/place/King+Kong+Boba+Tea+%26+Smoothie/@32.9725761,-96.6548895,14z/data=!4m8!1m2!2m1!1sKing+Kong+Boba+Tea+%26+Smoothie!3m4!1s0x864c1d9cc2444859:0x5e0b25e1ed71eeac!8m2!3d32.9725761!4d-96.6548895","https://www.google.com/maps/place/King+Kong+Boba+Tea+%26+Smoothie/@32.9725761,-96.6548895,13.99z/data=!4m16!1m7!3m6!1s0x864c1d9cc2444859:0x5e0b25e1ed71eeac!2sKing+Kong+Boba+Tea+%26+Smoothie!8m2!3d32.9725761!4d-96.6548895!16s%2Fg%2F11ckvg1dmb!3m7!1s0x864c1d9cc2444859:0x5e0b25e1ed71eeac!8m2!3d32.9725761!4d-96.6548895!9m1!1b1!16s%2Fg%2F11ckvg1dmb?entry=ttu",ChIJWUhEwpwdTIYRrO5x7eElC14,0x864c1d9cc2444859:0x5e0b25e1ed71eeac,6776551716590579372,/g/11jt3j7tbq,6776551716590579372,,,,,,,,,,,,,,,,,,,,,,,,,,4693670171,,,,,,,,,,,,,,,,,,"King Kong Boba Tea & Smoothie - Garland , TX 75044 (Menu & Order Online)",,Online ordering menu for King Kong Boba Tea & Smoothie. Fusion Kitchen serving a wide variety of drinks and small plates,"Online Ordering,Menu,Carryout,Pickup,Togo,Delivery",False,True
"bubble tea store, 75214, Dallas, TX, US",Boba Tea,Boba Tea,https://www.sbtlaothai.com/menu,"Bubble tea store, Tea house",Bubble tea store,Bubble tea store,,"2020 W Buckingham Rd, Garland, TX 75042",None,2020 W Buckingham Rd,Garland,75042,Texas,Texas,United States of America,US,32.9298608,-96.6581142,8926c82802fffff,America/Chicago,,False,3.4,14,"https://search.google.com/local/reviews?placeid=ChIJe6gy_NsdTIYRg-0SSEFqs7A&q=bubble+tea+store,+75214,+Dallas,+TX,+US&authuser=0&hl=en&gl=US",,,5.0,0.0,0.0,3.0,6.0,4,https://lh3.googleusercontent.com/gps-cs-s/AB5caB_2oj0h1LW222WYJcv8_x38CqZHZ2I3_Bmd3Uz2df8oM3MZK81S2fek-L4e7ExH8D107Rg8b6iq-Px8dxjlYVzzFEbvBFTAmB4MYkwhJBjvKXg52oPz2CLDws-Wl1qGSzq_mAKX=w800-h500-k-no,https://lh3.googleusercontent.com/gps-cs-s/AB5caB_2oj0h1LW222WYJcv8_x38CqZHZ2I3_Bmd3Uz2df8oM3MZK81S2fek-L4e7ExH8D107Rg8b6iq-Px8dxjlYVzzFEbvBFTAmB4MYkwhJBjvKXg52oPz2CLDws-Wl1qGSzq_mAKX=w1600-h1000-k-no,,"{""Monday"": ""11AM-6PM"", ""Tuesday"": ""11AM-6PM"", ""Wednesday"": ""11AM-6PM"", ""Thursday"": ""11AM-6PM"", ""Friday"": ""11AM-6PM"", ""Saturday"": ""11AM-6PM"", ""Sunday"": ""11AM-6PM""}",Monday:11AM-6PM|Tuesday:11AM-6PM|Wednesday:11AM-6PM|Thursday:11AM-6PM|Friday:11AM-6PM|Saturday:11AM-6PM|Sunday:11AM-6PM,,,OPERATIONAL,"{""Service options"": {""Takeout"": true, ""Dine-in"": true, ""Delivery"": false}, ""Highlights"": {""Great tea selection"": true}, ""Accessibility"": {""Wheelchair accessible entrance"": true, ""Wheelchair accessible parking lot"": true, ""Wheelchair accessible restroom"": true}}",,,,,,False,None,Boba Tea,,,,,,"https://www.google.com/maps/place/Boba+Tea/@32.9298608,-96.6581142,14z/data=!4m8!1m2!2m1!1sBoba+Tea!3m4!1s0x864c1ddbfc32a87b:0xb0b36a414812ed83!8m2!3d32.9298608!4d-96.6581142","https://www.google.com/maps/place/Boba+Tea/@32.9298608,-96.6581142,13.99z/data=!4m16!1m7!3m6!1s0x864c1ddbfc32a87b:0xb0b36a414812ed83!2sBoba+Tea!8m2!3d32.9298608!4d-96.6581142!16s%2Fg%2F11ckvg1dmb!3m7!1s0x864c1ddbfc32a87b:0xb0b36a414812ed83!8m2!3d32.9298608!4d-96.6581142!9m1!1b1!16s%2Fg%2F11ckvg1dmb?entry=ttu",ChIJe6gy_NsdTIYRg-0SSEFqs7A,0x864c1ddbfc32a87b:0xb0b36a414812ed83,12732637400121142659,/g/11hctktn3d,-5714106673588408957,,,,,,,,,,,,,,,,,,,,,,,,,,+1 972-388-4606,19723884606,,https://facebook.com/1466758293570134,,,,,,,,,,,,,,,"SBT Lao Thai Food | Best Lao Thai Food Garland, TX",,"Family owned, and family run Laos and Thai restaurant serving up local food for over 10 years. One of the best Laos and Thai restaurants in Garland, TX.",,,
"bubble tea store, 75214, Dallas, TX, US",Boba Republic Plano,Boba Republic Plano,http://bobaculture.com/,"Bubble tea store, Cafe, Coffee shop, Cookie shop, Tea house",Bubble tea store,Bubble tea store,+1 469-214-8820,"100 Legacy Dr #102, Plano, TX 75023",None,100 Legacy Dr #102,Plano,75023,Texas,Texas,United States of America,US,33.0665652,-96.6924531,8926c839e8bffff,America/Chicago,,False,4.6,418,"https://search.google.com/local/reviews?placeid=ChIJ18Ki2tEZTIYR45w1d_0w31k&q=bubble+tea+store,+75214,+Dallas,+TX,+US&authuser=0&hl=en&gl=US",,,23.0,9.0,12.0,28.0,346.0,361,https://lh3.googleusercontent.com/gps-cs-s/AB5caB_kkRRsYAog020qJa7NPevDpGurQRXPQ9axopZIKe58wlSdprySpv1SvzexTGbXnXT9SyWvgMS3raQKLZEhLEjhw5iY97CDCpKykPzgJtpyzrvfgTm_uDpNniJI1beDwTxCM2Q=w800-h500-k-no,https://lh3.googleusercontent.com/gps-cs-s/AB5caB_kkRRsYAog020qJa7NPevDpGurQRXPQ9axopZIKe58wlSdprySpv1SvzexTGbXnXT9SyWvgMS3raQKLZEhLEjhw5iY97CDCpKykPzgJtpyzrvfgTm_uDpNniJI1beDwTxCM2Q=w1600-h1000-k-no,,"{""Monday"": ""11AM-10PM"", ""Tuesday"": ""11AM-10PM"", ""Wednesday"": ""11AM-10PM"", ""Thursday"": ""11AM-10PM"", ""Friday"": ""11AM-10PM"", ""Saturday"": ""11AM-10PM"", ""Sunday"": ""11AM-9PM""}",Monday:11AM-10PM|Tuesday:11AM-10PM|Wednesday:11AM-10PM|Thursday:11AM-10PM|Friday:11AM-10PM|Saturday:11AM-10PM|Sunday:11AM-9PM,,,OPERATIONAL,"{""Service options"": {""Delivery"": true, ""Onsite services"": true, ""Takeout"": true, ""Dine-in"": true}, ""Highlights"": {""Great tea selection"": true}, ""Accessibility"": {""Wheelchair accessible entrance"": true, ""Wheelchair accessible parking lot"": true, ""Wheelchair accessible restroom"": true, ""Wheelchair accessible seating"": true}, ""Parking"": {""Free parking lot"": true, ""Free street parking"": true}}",$,,https://lh3.googleusercontent.com/-TJkfQfv_rvE/AAAAAAAAAAI/AAAAAAAAAAA/aZpH0v4hIl0/s44-p-k-no-ns-nd/photo.jpg,,,True,100813821270511492497,Boba Republic Plano,https://www.google.com/maps/contrib/100813821270511492497,,"https://www.google.com/viewer/chooseprovider?mid=/g/11qp380_dm&g2lbs=AAEPWCt6YxtjwaICW2XjXkuotqbn3IERxhlH2a1y4ts5bFVr5YXHJhYSs7zxj_t2-SWIOmxLndBJ27t6WFBHIuqBBTAI-koVJA%3D%3D&hl=en-US&gl=us&fo_m=MfohQo559jFvMUOzJVpjPL1YMfZ3bInYwBDuMfaXTPp5KXh-&utm_source=tactile&gei=DcQDaKvLDMuTxc8PvaTziQU&ei=DcQDaKvLDMuTxc8PvaTziQU&fo_s=OA,SOE&opi=79508299&ebb=1&cs=0&foub=mcpp",,,"https://www.google.com/maps/place/Boba+Republic+Plano/@33.0665652,-96.6924531,14z/data=!4m8!1m2!2m1!1sBoba+Republic+Plano!3m4!1s0x864c19d1daa2c2d7:0x59df30fd77359ce3!8m2!3d33.0665652!4d-96.6924531","https://www.google.com/maps/place/Boba+Republic+Plano/@33.0665652,-96.6924531,13.99z/data=!4m16!1m7!3m6!1s0x864c19d1daa2c2d7:0x59df30fd77359ce3!2sBoba+Republic+Plano!8m2!3d33.0665652!4d-96.6924531!16s%2Fg%2F11ckvg1dmb!3m7!1s0x864c19d1daa2c2d7:0x59df30fd77359ce3!8m2!3d33.0665652!4d-96.6924531!9m1!1b1!16s%2Fg%2F11ckvg1dmb?entry=ttu",ChIJ18Ki2tEZTIYR45w1d_0w31k,0x864c19d1daa2c2d7:0x59df30fd77359ce3,6475948654366924003,/g/11qp380_dm,6475948654366924003,,cs@bobaculture.com,RECEIVING,SMTP validated,,,,,,,,,,,,,,,,,,,,,,,,,,,http://linkedin.com/company/boba-republic,,,,,,,,,,,,,BobaRepublic,,,,True,True
"bubble tea store, 75214, Dallas, TX, US",Chunky Boss x Tiger Sugar,Chunky Boss X Tiger Sugar,https://tigersugar.co/,"Bubble tea store, Dessert shop, Fried chicken takeaway",Bubble tea store,Bubble tea store,+1 469-267-3869,"2625 Old Denton Rd #555, Carrollton, TX 75007",Central Carrollton,2625 Old Denton Rd #555,Carrollton,75007,Texas,Texas,United States of America,US,32.9866599,-96.9106068,8926c8628a3ffff,America/Chicago,,False,4.4,559,"https://search.google.com/local/reviews?placeid=ChIJ-RBvmAElTIYRFh0YD6IB75o&q=bubble+tea+store,+75214,+Dallas,+TX,+US&authuser=0&hl=en&gl=US",,,31.0,13.0,34.0,85.0,396.0,669,https://lh3.googleusercontent.com/gps-cs-s/AB5caB-hCziesHgMTrIBPn8GrN3QQzHD2ZOgsmYppztZ3aKEPCvj41teVqqpa0J7scW1L8hIFTp_TOJOD1Fv_UFfVzP2D-9kYSkdMz6bZ2a5i4SB8FNlL-kfAU2pm9_e7nPgTK65mHJr=w800-h500-k-no,https://lh3.googleusercontent.com/gps-cs-s/AB5caB-hCziesHgMTrIBPn8GrN3QQzHD2ZOgsmYppztZ3aKEPCvj41teVqqpa0J7scW1L8hIFTp_TOJOD1Fv_UFfVzP2D-9kYSkdMz6bZ2a5i4SB8FNlL-kfAU2pm9_e7nPgTK65mHJr=w1600-h1000-k-no,,"{""Monday"": ""11:30AM-9:30PM"", ""Tuesday"": ""11:30AM-9:30PM"", ""Wednesday"": ""11:30AM-9:30PM"", ""Thursday"": ""11:30AM-9:30PM"", ""Friday"": ""11:30AM-10PM"", ""Saturday"": ""11:30AM-10PM"", ""Sunday"": ""11:30AM-9:30PM""}",Monday:11:30AM-9:30PM|Tuesday:11:30AM-9:30PM|Wednesday:11:30AM-9:30PM|Thursday:11:30AM-9:30PM|Friday:11:30AM-10PM|Saturday:11:30AM-10PM|Sunday:11:30AM-9:30PM,,,OPERATIONAL,"{""Service options"": {""Delivery"": true, ""Onsite services"": true, ""Takeout"": true, ""Dine-in"": true}, ""Highlights"": {""Great tea selection"": true}, ""Accessibility"": {""Wheelchair accessible entrance"": true, ""Wheelchair accessible parking lot"": true, ""Wheelchair accessible restroom"": true}, ""Parking"": {""Free parking lot"": true, ""Free street parking"": true}}",$$,,https://lh4.googleusercontent.com/-V_VyrDQoLXQ/AAAAAAAAAAI/AAAAAAAAAAA/fyGmzi9rEBk/s44-p-k-no-ns-nd/photo.jpg,Debut Texas outpost of Taiwanese chain famous for caramelized brown sugar bubble tea & other drinks.,,True,100623372652867866752,Chunky Boss x Tiger Sugar,https://www.google.com/maps/contrib/100623372652867866752,,"https://www.google.com/viewer/chooseprovider?mid=/g/11j2ypmvxm&g2lbs=AAEPWCs5a_8Kfo27fFsk7Bak2E-yd8hL0d1eHbl7ss8EgFaYIxcxtT8fP585FNaKjbnlxr5dGB2Spzjc5ydUlwhaLN7YFBbQlw%3D%3D&hl=en-US&gl=us&fo_m=MfohQo559jFvMUOzJVpjPL1YMfZ3bInYwBDuMfaXTPp5KXh-&utm_source=tactile&gei=DcQDaKvLDMuTxc8PvaTziQU&ei=DcQDaKvLDMuTxc8PvaTziQU&fo_s=OA,SOE&opi=79508299&ebb=1&cs=0&foub=mcpp",,,"https://www.google.com/maps/place/Chunky+Boss+x+Tiger+Sugar/@32.9866599,-96.9106068,14z/data=!4m8!1m2!2m1!1sChunky+Boss+x+Tiger+Sugar!3m4!1s0x864c2501986f10f9:0x9aef01a20f181d16!8m2!3d32.9866599!4d-96.9106068","https://www.google.com/maps/place/Chunky+Boss+x+Tiger+Sugar/@32.9866599,-96.9106068,13.99z/data=!4m16!1m7!3m6!1s0x864c2501986f10f9:0x9aef01a20f181d16!2sChunky+Boss+x+Tiger+Sugar!8m2!3d32.9866599!4d-96.9106068!16s%2Fg%2F11ckvg1dmb!3m7!1s0x864c2501986f10f9:0x9aef01a20f181d16!8m2!3d32.9866599!4d-96.9106068!9m1!1b1!16s%2Fg%2F11ckvg1dmb?entry=ttu",ChIJ-RBvmAElTIYRFh0YD6IB75o,0x864c2501986f10f9:0x9aef01a20f181d16,11164143796824317206,/g/11j2ypmvxm,-7282600276885234410,,info@tigersugar.co,RECEIVING,SMTP validated,,,,,,,,,,,,,,,,,,,,,,16509356666,13478783883,17205832192,https://www.facebook.com/tigersugarusa,https://instagram.com/tigersugar.usa,,,,,,,,,,,,,,TIGER SUGAR | Black Sugar Bubble Tea,,TIGER SUGAR has grown into an undisputed cult brand of Boba worldwide. Our drinks not only taste good but tell our unique story with “tiger stripes” that are infused onto all our drinks with unique hand-poured syrups.,,False,False
"bubble tea store, 75214, Dallas, TX, US",Fat Straws Boba & Mochi Donuts (Plano),Fat Straws Boba And Mochi Donuts Plano,https://fatstraws.com/,"Bubble tea store, Bakery, Cafe, Caterer, Coffee shop, Dessert shop, Donut shop, Juice shop, Snack bar, Tea house",Bubble tea store,Bubble tea store,+1 972-403-7403,"6509 W Park Blvd #425, Plano, TX 75093",None,6509 W Park Blvd #425,Plano,75093,Texas,Texas,United States of America,US,33.027069,-96.8417197,8926c874277ffff,America/Chicago,,False,4.6,812,"https://search.google.com/local/reviews?placeid=ChIJOeinTYckTIYRW11Igf-VnRY&q=bubble+tea+store,+75214,+Dallas,+TX,+US&authuser=0&hl=en&gl=US",,,31.0,14.0,45.0,106.0,616.0,404,https://lh3.googleusercontent.com/gps-cs-s/AB5caB8_qOFtVkbgBj4Te6dZXub3WrdZZogtwkhs-7GbaR1FqASKwzVevdxn2wxLsKexlxcUGFDi5KTcs0kW4v_yYa9CRe0jgKs4vMxKbVL4rP_JY2CYp_0KNm_aF0HSnPbUWjzhr1o=w800-h500-k-no,https://lh3.googleusercontent.com/gps-cs-s/AB5caB8_qOFtVkbgBj4Te6dZXub3WrdZZogtwkhs-7GbaR1FqASKwzVevdxn2wxLsKexlxcUGFDi5KTcs0kW4v_yYa9CRe0jgKs4vMxKbVL4rP_JY2CYp_0KNm_aF0HSnPbUWjzhr1o=w1600-h1000-k-no,,"{""Monday"": ""10AM-9PM"", ""Tuesday"": ""10AM-9PM"", ""Wednesday"": ""10AM-9PM"", ""Thursday"": ""10AM-9PM"", ""Friday"": ""10AM-9PM"", ""Saturday"": ""10AM-9PM"", ""Sunday"": ""Closed""}",Monday:10AM-9PM|Tuesday:10AM-9PM|Wednesday:10AM-9PM|Thursday:10AM-9PM|Friday:10AM-9PM|Saturday:10AM-9PM|Sunday:Closed,,,OPERATIONAL,"{""From the business"": {""Identifies as Asian-owned"": true, ""Identifies as women-owned"": true}, ""Service options"": {""Curbside pickup"": true, ""No-contact delivery"": true, ""Delivery"": true, ""Onsite services"": true, ""Takeout"": true, ""Dine-in"": true}, ""Highlights"": {""Great tea selection"": true}, ""Accessibility"": {""Wheelchair accessible entrance"": true, ""Wheelchair accessible parking lot"": true, ""Wheelchair accessible restroom"": true, ""Wheelchair accessible seating"": true}, ""Parking"": {""Free parking lot"": true, ""Free street parking"": true}, ""Other"": {""Identifies as women-owned"": true, ""Identifies as Asian-owned"": true}}",$,,https://lh3.googleusercontent.com/-YlL1jJlsxLU/AAAAAAAAAAI/AAAAAAAAAAA/cEWwEEuELcY/s44-p-k-no-ns-nd/photo.jpg,Fat straws help suck up tapioca balls in innovative flavored teas and smoothies at this casual cafe.,,True,114293109182007837437,Fat Straws Boba & Mochi Donuts,https://www.google.com/maps/contrib/114293109182007837437,,"https://www.google.com/viewer/chooseprovider?mid=/g/1tc_w_n4&g2lbs=AAEPWCvZ3hN_K7pTv1J8D7ZFDl3ywIYReOQ3rM4lLBXXG6cBMBudSXXwKPkDEVYbVsnBLrmD5UHMfoFnAt9JN6TgimlIi20zOQ%3D%3D&hl=en-US&gl=us&fo_m=MfohQo559jFvMUOzJVpjPL1YMfZ3bInYwBDuMfaXTPp5KXh-&utm_source=tactile&gei=DcQDaKvLDMuTxc8PvaTziQU&ei=DcQDaKvLDMuTxc8PvaTziQU&fo_s=OA,SOE&opi=79508299&ebb=1&cs=0&foub=mcpp",,,"https://www.google.com/maps/place/Fat+Straws+Boba+%26+Mochi+Donuts+%28Plano%29/@33.027069,-96.8417197,14z/data=!4m8!1m2!2m1!1sFat+Straws+Boba+%26+Mochi+Donuts+%28Plano%29!3m4!1s0x864c24874da7e839:0x169d95ff81485d5b!8m2!3d33.027069!4d-96.8417197","https://www.google.com/maps/place/Fat+Straws+Boba+%26+Mochi+Donuts+%28Plano%29/@33.027069,-96.8417197,13.99z/data=!4m16!1m7!3m6!1s0x864c24874da7e839:0x169d95ff81485d5b!2sFat+Straws+Boba+%26+Mochi+Donuts+%28Plano%29!8m2!3d33.027069!4d-96.8417197!16s%2Fg%2F11ckvg1dmb!3m7!1s0x864c24874da7e839:0x169d95ff81485d5b!8m2!3d33.027069!4d-96.8417197!9m1!1b1!16s%2Fg%2F11ckvg1dmb?entry=ttu",ChIJOeinTYckTIYRW11Igf-VnRY,0x864c24874da7e839:0x169d95ff81485d5b,1629623564796190043,/g/1tc_w_n4,1629623564796190043,,axxxxe@fatstraws.com,INVALID,Cannot validate,,,,,,,,,,,,,,,,,,,,,,,,,https://www.facebook.com/fatstraws,https://www.instagram.com/fatstraws,,https://www.tiktok.com/@fatstraws,,,,,,,https://twitter.com/fatstraws,,,,,Delicious Bubble Tea and Mochi Donuts in Dallas: Fat Straws,Site Kit by Google 1.108.0,"Fat Straws Bubble Tea and Mochi Donuts. Each day we serve up boba drinks and fresh mochi donuts. Dallas, Arlington, Richardson, & Plano.",,False,True
"bubble tea store, 75214, Dallas, TX, US",R&B Tea and Ssong's Hotdog (Addison),R And B Tea And Ssongs Hotdog Addison,https://www.ssongshotdogandrbtea.com/,"Bubble tea store, Tea house, Fast food restaurant, Hot dog restaurant, Korean restaurant, Lunch restaurant, Tea store",Tea house,Bubble tea store,+1 469-778-0008,"5100 Belt Line Rd Suite 748, Dallas, TX 75254",None,5100 Belt Line Rd Suite 748,Dallas,75254,Texas,Texas,United States of America,US,32.9519774,-96.8193799,8926c8666a3ffff,America/Chicago,,False,4.4,181,"https://search.google.com/local/reviews?placeid=ChIJGVcj-JUhTIYR1o9wdQzZObc&q=bubble+tea+store,+75214,+Dallas,+TX,+US&authuser=0&hl=en&gl=US",,,11.0,7.0,11.0,22.0,130.0,385,https://lh3.googleusercontent.com/gps-cs-s/AB5caB9Ou5kYLMx2QO833-UAf3TEGVyiQWU2pxeUUXiIouax9YGGO4W9QsReppdefKjSsTbxeuoMkJWgxygqCjI_fXYm_ueFdo_zVJ-gD5gnoHr4X9oa890wjuIBfDoFxGZf5lSi3u8=w800-h500-k-no,https://lh3.googleusercontent.com/gps-cs-s/AB5caB9Ou5kYLMx2QO833-UAf3TEGVyiQWU2pxeUUXiIouax9YGGO4W9QsReppdefKjSsTbxeuoMkJWgxygqCjI_fXYm_ueFdo_zVJ-gD5gnoHr4X9oa890wjuIBfDoFxGZf5lSi3u8=w1600-h1000-k-no,,"{""Monday"": ""11AM-10PM"", ""Tuesday"": ""11AM-10PM"", ""Wednesday"": ""11AM-10PM"", ""Thursday"": ""11AM-10PM"", ""Friday"": ""11AM-10:30PM"", ""Saturday"": ""11AM-10:30PM"", ""Sunday"": ""11AM-10PM""}",Monday:11AM-10PM|Tuesday:11AM-10PM|Wednesday:11AM-10PM|Thursday:11AM-10PM|Friday:11AM-10:30PM|Saturday:11AM-10:30PM|Sunday:11AM-10PM,,,OPERATIONAL,"{""Service options"": {""Curbside pickup"": true, ""No-contact delivery"": true, ""Delivery"": true, ""Onsite services"": true, ""Takeout"": true, ""Dine-in"": true}, ""Highlights"": {""Great tea selection"": true}, ""Accessibility"": {""Wheelchair accessible entrance"": true, ""Wheelchair accessible parking lot"": true, ""Wheelchair accessible restroom"": true, ""Wheelchair accessible seating"": true}, ""Crowd"": {""LGBTQ+ friendly"": true, ""Transgender safespace"": true}, ""Parking"": {""Free parking lot"": true, ""Free street parking"": true}, ""Other"": {""LGBTQ+ friendly"": true}}",$$,,,,,False,None,R&B Tea and Ssong's Hotdog Addison,,,"https://www.google.com/viewer/chooseprovider?mid=/g/11s3978tj0&g2lbs=AAEPWCs1I0DJbCwRSh1VK6yLVGJsbxKIdLgHKs_7vgzfbAmGU-HG2Vj_fMW6BsZpU0ND0EHPrik6473KoAyTh7ZBN9ZgTZO8ig%3D%3D&hl=en-US&gl=us&fo_m=MfohQo559jFvMUOzJVpjPL1YMfZ3bInYwBDuMfaXTPp5KXh-&utm_source=tactile&gei=DcQDaKvLDMuTxc8PvaTziQU&ei=DcQDaKvLDMuTxc8PvaTziQU&fo_s=OA,SOE&opi=79508299&ebb=1&cs=0&foub=mcpp",,,"https://www.google.com/maps/place/R%26B+Tea+and+Ssong%27s+Hotdog+Addison/@32.9519774,-96.8193799,14z/data=!4m8!1m2!2m1!1sR%26B+Tea+and+Ssong%27s+Hotdog+Addison!3m4!1s0x864c2195f8235719:0xb739d90c75708fd6!8m2!3d32.9519774!4d-96.8193799","https://www.google.com/maps/place/R%26B+Tea+and+Ssong%27s+Hotdog+Addison/@32.9519774,-96.8193799,13.99z/data=!4m16!1m7!3m6!1s0x864c2195f8235719:0xb739d90c75708fd6!2sR%26B+Tea+and+Ssong%27s+Hotdog+Addison!8m2!3d32.9519774!4d-96.8193799!16s%2Fg%2F11ckvg1dmb!3m7!1s0x864c2195f8235719:0xb739d90c75708fd6!8m2!3d32.9519774!4d-96.8193799!9m1!1b1!16s%2Fg%2F11ckvg1dmb?entry=ttu",ChIJGVcj-JUhTIYR1o9wdQzZObc,0x864c2195f8235719:0xb739d90c75708fd6,13202822430146465750,/g/11s3978tj0,-5243921643563085866,,,,,,,,,,,,,,,,,,,,,,,,,,4697780008,,,,,,,,,,,,,,,,,,Home - Ssong’s Hotdog and R&B Tea,,"Online ordering menu for Ssong’s Hotdog and R&B Tea. Here at Ssong's Hotdog and R&B Tea, we serve food items such as Mozz Sausage Hotdog, Watermelon Stormy, Potato Mozz Sausage Hotdog, Honey Green/black Milk Tea, and Strawberry Matcha Latte. We are located Belt Line Rd! We're not far from Whole Foods Market. Order online for carryout!",,False,True
"bubble tea store, 75214, Dallas, TX, US",FENG CHA (The Colony),Feng Cha The Colony,https://fengcha.orderexperience.net/6760993b7576512b1b0db90d/menu?source=google,"Bubble tea store, Coffee shop, Dessert shop, Juice shop, Tea house",Bubble tea store,Bubble tea store,+1 469-444-1243,"4740 State Hwy 121 Suite 500, Lewisville, TX 75056",None,4740 State Hwy 121 Suite 500,Lewisville,75056,Texas,Texas,United States of America,US,33.0632083,-96.88642019999999,8926c87540bffff,America/Chicago,,False,4.7,126,"https://search.google.com/local/reviews?placeid=ChIJ6wB51hAlTIYRkd35IdROB4E&q=bubble+tea+store,+75214,+Dallas,+TX,+US&authuser=0&hl=en&gl=US",,,5.0,2.0,4.0,8.0,107.0,256,https://lh3.googleusercontent.com/p/AF1QipOxRTA570slM0hv0APBXyrRxt_6X6yQ65Ml6gfH=w800-h500-k-no,https://lh3.googleusercontent.com/p/AF1QipOxRTA570slM0hv0APBXyrRxt_6X6yQ65Ml6gfH=w1600-h1000-k-no,,"{""Monday"": ""11AM-9PM"", ""Tuesday"": ""11AM-9PM"", ""Wednesday"": ""11AM-9PM"", ""Thursday"": ""11AM-9PM"", ""Friday"": ""11AM-10PM"", ""Saturday"": ""11AM-10PM"", ""Sunday"": ""11AM-9PM""}",Monday:11AM-9PM|Tuesday:11AM-9PM|Wednesday:11AM-9PM|Thursday:11AM-9PM|Friday:11AM-10PM|Saturday:11AM-10PM|Sunday:11AM-9PM,"[{""delivery"": {""Monday"": ""11 AM-9 PM"", ""Tuesday"": ""11 AM-9 PM"", ""Wednesday"": ""11 AM-9 PM"", ""Thursday"": ""11 AM-9 PM"", ""Friday"": ""11 AM-9 PM"", ""Saturday"": ""11 AM-9 PM"", ""Sunday"": ""11 AM-9 PM""}}]",,OPERATIONAL,"{""Service options"": {""No-contact delivery"": true, ""Delivery"": true, ""Onsite services"": true, ""Takeout"": true, ""Dine-in"": true}, ""Highlights"": {""Great tea selection"": true}, ""Accessibility"": {""Wheelchair accessible entrance"": true, ""Wheelchair accessible parking lot"": true, ""Wheelchair accessible restroom"": true}, ""Amenities"": {""Gender-neutral restroom"": true}, ""Parking"": {""Free parking lot"": true, ""Free street parking"": true}}",$,,https://lh5.googleusercontent.com/-uIySRcAtT24/AAAAAAAAAAI/AAAAAAAAAAA/TjXPoOPOFiM/s44-p-k-no-ns-nd/photo.jpg,,,True,107998041261659585124,FENG CHA THE COLONY,https://www.google.com/maps/contrib/107998041261659585124,,"https://www.google.com/viewer/chooseprovider?mid=/g/11shyb07nd&g2lbs=AAEPWCts2ruIaOpH1akdZQh19p3pL0G_2VRWe_0x2xC-_T8i_2RDFIbLn7h-EBf82oZqCv_U59tHkPX2EAATDOmU2AzhoFxaGg%3D%3D&hl=en-US&gl=us&fo_m=MfohQo559jFvMUOzJVpjPL1YMfZ3bInYwBDuMfaXTPp5KXh-&utm_source=tactile&gei=DcQDaKvLDMuTxc8PvaTziQU&ei=DcQDaKvLDMuTxc8PvaTziQU&fo_s=OA,SOE&opi=79508299&ebb=1&cs=0&foub=mcpp",,,"https://www.google.com/maps/place/FENG+CHA+THE+COLONY/@33.0632083,-96.88642019999999,14z/data=!4m8!1m2!2m1!1sFENG+CHA+THE+COLONY!3m4!1s0x864c2510d67900eb:0x81074ed421f9dd91!8m2!3d33.0632083!4d-96.88642019999999","https://www.google.com/maps/place/FENG+CHA+THE+COLONY/@33.0632083,-96.88642019999999,13.99z/data=!4m16!1m7!3m6!1s0x864c2510d67900eb:0x81074ed421f9dd91!2sFENG+CHA+THE+COLONY!8m2!3d33.0632083!4d-96.88642019999999!16s%2Fg%2F11ckvg1dmb!3m7!1s0x864c2510d67900eb:0x81074ed421f9dd91!8m2!3d33.0632083!4d-96.88642019999999!9m1!1b1!16s%2Fg%2F11ckvg1dmb?entry=ttu",ChIJ6wB51hAlTIYRkd35IdROB4E,0x864c2510d67900eb:0x81074ed421f9dd91,9297486628739734929,/g/11shyb07nd,-9149257444969816687,,,,,,,,,,,,,,,,,,,,,,,,,,,,,,,,,,,,,,,,,,,,Paytronix,,,,False,False
"bubble tea store, 75214, Dallas, TX, US",DING TEA (Garland),Ding Tea Garland,http://www.dingteatexas.com/,"Bubble tea store, Tea house",Bubble tea store,Bubble tea store,+1 972-901-9999,"3317 Belt Line Rd, Garland, TX 75044",None,3317 Belt Line Rd,Garland,75044,Texas,Texas,United States of America,US,32.9456523,-96.6786395,8926c828623ffff,America/Chicago,,False,4.3,251,"https://search.google.com/local/reviews?placeid=ChIJo_u5S2ofTIYRz68ThLNdXO0&q=bubble+tea+store,+75214,+Dallas,+TX,+US&authuser=0&hl=en&gl=US",,,18.0,13.0,10.0,35.0,175.0,174,https://lh3.googleusercontent.com/gps-cs-s/AB5caB8fXWY8RBf4Cw8jK6D4bLA4o3mdDSK2ZLNZi6hXjWrND5iq_sHHky_4nZnMDoxgO73PGIygKxUtbIUrrsvZazBi0J60zgIBjBF3nECcUJh-VHwT1rfx6i1GSMZBiuv8YiaoD2bK=w800-h500-k-no,https://lh3.googleusercontent.com/gps-cs-s/AB5caB8fXWY8RBf4Cw8jK6D4bLA4o3mdDSK2ZLNZi6hXjWrND5iq_sHHky_4nZnMDoxgO73PGIygKxUtbIUrrsvZazBi0J60zgIBjBF3nECcUJh-VHwT1rfx6i1GSMZBiuv8YiaoD2bK=w1600-h1000-k-no,,"{""Monday"": ""11AM-10PM"", ""Tuesday"": ""11AM-10PM"", ""Wednesday"": ""11AM-10PM"", ""Thursday"": ""11AM-10PM"", ""Friday"": ""11AM-10PM"", ""Saturday"": ""11AM-11PM"", ""Sunday"": ""11AM-10PM""}",Monday:11AM-10PM|Tuesday:11AM-10PM|Wednesday:11AM-10PM|Thursday:11AM-10PM|Friday:11AM-10PM|Saturday:11AM-11PM|Sunday:11AM-10PM,,,OPERATIONAL,"{""From the business"": {""Identifies as Asian-owned"": true}, ""Service options"": {""Delivery"": true, ""Takeout"": true, ""Dine-in"": true}, ""Highlights"": {""Great tea selection"": true}, ""Accessibility"": {""Wheelchair accessible entrance"": true, ""Wheelchair accessible parking lot"": true, ""Wheelchair accessible restroom"": true}, ""Other"": {""Identifies as Asian-owned"": true}}",$,,https://lh4.googleusercontent.com/-f2KM3QBiVuo/AAAAAAAAAAI/AAAAAAAAAAA/nkb8p8MBGt8/s44-p-k-no-ns-nd/photo.jpg,,,True,106064908582043388667,DING TEA GARLAND,https://www.google.com/maps/contrib/106064908582043388667,,"https://www.google.com/viewer/chooseprovider?mid=/g/11h5nx8964&g2lbs=AAEPWCuQAzq8cc8jGun2TioLzt9eAQwcvDMpDp_-Ahwa-PL9Kz4BDxntsG-IPm3BUDMGXgXKnSzm51xzNVaYI3T1j4e7bRZEtA%3D%3D&hl=en-US&gl=us&fo_m=MfohQo559jFvMUOzJVpjPL1YMfZ3bInYwBDuMfaXTPp5KXh-&utm_source=tactile&gei=DcQDaKvLDMuTxc8PvaTziQU&ei=DcQDaKvLDMuTxc8PvaTziQU&fo_s=OA,SOE&opi=79508299&ebb=1&cs=0&foub=mcpp",,,"https://www.google.com/maps/place/DING+TEA+GARLAND/@32.9456523,-96.6786395,14z/data=!4m8!1m2!2m1!1sDING+TEA+GARLAND!3m4!1s0x864c1f6a4bb9fba3:0xed5c5db38413afcf!8m2!3d32.9456523!4d-96.6786395","https://www.google.com/maps/place/DING+TEA+GARLAND/@32.9456523,-96.6786395,13.99z/data=!4m16!1m7!3m6!1s0x864c1f6a4bb9fba3:0xed5c5db38413afcf!2sDING+TEA+GARLAND!8m2!3d32.9456523!4d-96.6786395!16s%2Fg%2F11ckvg1dmb!3m7!1s0x864c1f6a4bb9fba3:0xed5c5db38413afcf!8m2!3d32.9456523!4d-96.6786395!9m1!1b1!16s%2Fg%2F11ckvg1dmb?entry=ttu",ChIJo_u5S2ofTIYRz68ThLNdXO0,0x864c1f6a4bb9fba3:0xed5c5db38413afcf,17103648510442713039,/g/11h5nx8964,-1343095563266838577,,franchise@dingteatexas.com,RECEIVING,Verified,,,,,,dingteatexas@gmail.com,RECEIVING,SMTP validated,,,,,,contact@sansoxygen.com,RECEIVING,Role,,,,,,,,,https://www.facebook.com/dingteaarlington/,https://www.instagram.com/dingteatexas,,,,,,,,,,,,https://github.com/andrew-paglinawan/,,Best Boba Tea in Texas | Ding Tea Texas,Starfield Technologies; Go Daddy Website Builder 8.0.0000,Experience the best boba tea in Texas at Ding Tea Texas. We offer a wide variety of flavors and toppings to choose from. Visit us today!,,False,False
"bubble tea store, 76155, Fort Worth, TX, US",Bubble Well,Bubble Well,https://www.bubblewell.co/,Bubble tea store,Bubble tea store,Bubble tea store,+1 682-368-4682,"5910 Azle Ave #200, Fort Worth, TX 76106",None,5910 Azle Ave #200,Fort Worth,76106,Texas,Texas,United States of America,US,32.8133656,-97.4099373,8926caa5a8bffff,America/Chicago,,False,4.9,185,"https://search.google.com/local/reviews?placeid=ChIJ--Ud0Tl1ToYRSkfBkIKL_8w&q=bubble+tea+store,+76155,+Fort+Worth,+TX,+US&authuser=0&hl=en&gl=US",,,3.0,1.0,1.0,7.0,173.0,120,https://lh3.googleusercontent.com/gps-cs-s/AB5caB8rcMSkR0q7Zxh4bvy1VODkC66z8k4o1gHAAB7XJ8lW1tR8A4GUKsidXEHiNSr5gOU9EBX_Zz_dAyxML4SOUwwC_O-5Hq7IEw0eRh_WKtGjOI6sxC2ub6YUYTGmsrXNw3C8MzHo=w800-h500-k-no,https://lh3.googleusercontent.com/gps-cs-s/AB5caB8rcMSkR0q7Zxh4bvy1VODkC66z8k4o1gHAAB7XJ8lW1tR8A4GUKsidXEHiNSr5gOU9EBX_Zz_dAyxML4SOUwwC_O-5Hq7IEw0eRh_WKtGjOI6sxC2ub6YUYTGmsrXNw3C8MzHo=w1600-h1000-k-no,,"{""Monday"": ""11AM-8:30PM"", ""Tuesday"": ""11AM-8:30PM"", ""Wednesday"": ""11AM-8:30PM"", ""Thursday"": ""11AM-8:30PM"", ""Friday"": ""11AM-8:30PM"", ""Saturday"": ""11AM-8:30PM"", ""Sunday"": ""11AM-8:30PM""}",Monday:11AM-8:30PM|Tuesday:11AM-8:30PM|Wednesday:11AM-8:30PM|Thursday:11AM-8:30PM|Friday:11AM-8:30PM|Saturday:11AM-8:30PM|Sunday:11AM-8:30PM,,,OPERATIONAL,"{""Service options"": {""Delivery"": true, ""Takeout"": true, ""Dine-in"": true}, ""Highlights"": {""Great tea selection"": true}, ""Accessibility"": {""Wheelchair accessible entrance"": true, ""Wheelchair accessible parking lot"": true, ""Wheelchair accessible restroom"": true}}",$,,https://lh4.googleusercontent.com/-v720gQy1E7o/AAAAAAAAAAI/AAAAAAAAAAA/y_aQFnJYUKY/s44-p-k-no-ns-nd/photo.jpg,,,True,112471523056040430745,Bubble Well,https://www.google.com/maps/contrib/112471523056040430745,,"https://www.google.com/viewer/chooseprovider?mid=/g/11svnm1t3s&g2lbs=AAEPWCviRa43ROAIcWFbMQl5aH_zMOwwwvzeUj7nTvDLc4vCUEzxSnVJOD8j2XL4URhJ3kkwyv_SWDuUBAmC67fI1oxcJdAewQ%3D%3D&hl=en-US&gl=us&fo_m=MfohQo559jFvMUOzJVpjPL1YMfZ3bInYwBDuMfaXTPp5KXh-&utm_source=tactile&gei=EMQDaKbtGJWo1sQPq7Oa6QQ&ei=EMQDaKbtGJWo1sQPq7Oa6QQ&fo_s=OA,SOE&opi=79508299&ebb=1&cs=0&foub=mcpp",,,"https://www.google.com/maps/place/Bubble+Well/@32.8133656,-97.4099373,14z/data=!4m8!1m2!2m1!1sBubble+Well!3m4!1s0x864e7539d11de5fb:0xccff8b8290c1474a!8m2!3d32.8133656!4d-97.4099373","https://www.google.com/maps/place/Bubble+Well/@32.8133656,-97.4099373,13.99z/data=!4m16!1m7!3m6!1s0x864e7539d11de5fb:0xccff8b8290c1474a!2sBubble+Well!8m2!3d32.8133656!4d-97.4099373!16s%2Fg%2F11ckvg1dmb!3m7!1s0x864e7539d11de5fb:0xccff8b8290c1474a!8m2!3d32.8133656!4d-97.4099373!9m1!1b1!16s%2Fg%2F11ckvg1dmb?entry=ttu",ChIJ--Ud0Tl1ToYRSkfBkIKL_8w,0x864e7539d11de5fb:0xccff8b8290c1474a,14771678695689111370,/g/11svnm1t3s,-3675065378020440246,,bubblewell2018@gmail.com,RECEIVING,SMTP validated,,,,,,,,,,,,,,,,,,,,,,,,,,,,,,,,,,,,,,,,Boba Coffee Smoothies| Bubble Well | Denton,Wix.com Website Builder,"BubbleWell the Best Boba , Coffee , Smoothies in Denton",,,
"bubble tea store, 76155, Fort Worth, TX, US",Feng Cha Grand Prairie,Feng Cha Grand Prairie,http://www.fengchausa.com/,"Bubble tea store, Cafe, Coffee shop, Dessert shop, Tea house",Bubble tea store,Bubble tea store,+1 972-639-3163,"1020 Mayfield Rd Suite 610, Grand Prairie, TX 75052",None,1020 Mayfield Rd Suite 610,Grand Prairie,75052,Texas,Texas,United States of America,US,32.6923911,-97.02174509999999,8926cbd630fffff,America/Chicago,,False,4.9,229,"https://search.google.com/local/reviews?placeid=ChIJFxQY24mJToYRWpC5UslHW9k&q=bubble+tea+store,+76155,+Fort+Worth,+TX,+US&authuser=0&hl=en&gl=US",,,4.0,0.0,1.0,4.0,220.0,211,https://lh3.googleusercontent.com/p/AF1QipPyr35RU0BiR7xi9aWqmZqdnXfuUPQgX6DaKBof=w800-h500-k-no,https://lh3.googleusercontent.com/p/AF1QipPyr35RU0BiR7xi9aWqmZqdnXfuUPQgX6DaKBof=w1600-h1000-k-no,,"{""Monday"": ""11AM-9PM"", ""Tuesday"": ""11AM-9PM"", ""Wednesday"": ""11AM-9PM"", ""Thursday"": ""11AM-9PM"", ""Friday"": ""11AM-9:30PM"", ""Saturday"": ""11AM-9:30PM"", ""Sunday"": ""11AM-9PM""}",Monday:11AM-9PM|Tuesday:11AM-9PM|Wednesday:11AM-9PM|Thursday:11AM-9PM|Friday:11AM-9:30PM|Saturday:11AM-9:30PM|Sunday:11AM-9PM,,,OPERATIONAL,"{""From the business"": {""Identifies as Asian-owned"": true, ""Identifies as women-owned"": true}, ""Service options"": {""Curbside pickup"": true, ""No-contact delivery"": true, ""Delivery"": true, ""Onsite services"": true, ""Takeout"": true, ""Dine-in"": true}, ""Highlights"": {""Great tea selection"": true}, ""Accessibility"": {""Wheelchair accessible entrance"": true, ""Wheelchair accessible parking lot"": true, ""Wheelchair accessible restroom"": true, ""Wheelchair accessible seating"": true, ""Assistive hearing loop"": false}, ""Amenities"": {""Gender-neutral restroom"": true}, ""Crowd"": {""LGBTQ+ friendly"": true, ""Transgender safespace"": true}, ""Parking"": {""Free parking lot"": true, ""Free street parking"": true}, ""Other"": {""LGBTQ+ friendly"": true, ""Identifies as women-owned"": true, ""Identifies as Asian-owned"": true}}",$,,https://lh3.googleusercontent.com/-aFqKdMxe07E/AAAAAAAAAAI/AAAAAAAAAAA/eusn_6SsrV4/s44-p-k-no-ns-nd/photo.jpg,,,True,100467023663501060859,Feng Cha Grand Prairie,https://www.google.com/maps/contrib/100467023663501060859,,"https://www.google.com/viewer/chooseprovider?mid=/g/11y76dcyzg&g2lbs=AAEPWCseHGStddnLA06HuEwrMnITvJVfFPRwuthFgSeC1KLE9d1k4xa6lRZ0sM5gkeg2jC_5tg0F4seRsrWLq6hne0UsiJtl6A%3D%3D&hl=en-US&gl=us&fo_m=MfohQo559jFvMUOzJVpjPL1YMfZ3bInYwBDuMfaXTPp5KXh-&utm_source=tactile&gei=EMQDaKbtGJWo1sQPq7Oa6QQ&ei=EMQDaKbtGJWo1sQPq7Oa6QQ&fo_s=OA,SOE&opi=79508299&ebb=1&cs=0&foub=mcpp",,,"https://www.google.com/maps/place/Feng+Cha+Grand+Prairie/@32.6923911,-97.02174509999999,14z/data=!4m8!1m2!2m1!1sFeng+Cha+Grand+Prairie!3m4!1s0x864e8989db181417:0xd95b47c952b9905a!8m2!3d32.6923911!4d-97.02174509999999","https://www.google.com/maps/place/Feng+Cha+Grand+Prairie/@32.6923911,-97.02174509999999,13.99z/data=!4m16!1m7!3m6!1s0x864e8989db181417:0xd95b47c952b9905a!2sFeng+Cha+Grand+Prairie!8m2!3d32.6923911!4d-97.02174509999999!16s%2Fg%2F11ckvg1dmb!3m7!1s0x864e8989db181417:0xd95b47c952b9905a!8m2!3d32.6923911!4d-97.02174509999999!9m1!1b1!16s%2Fg%2F11ckvg1dmb?entry=ttu",ChIJFxQY24mJToYRWpC5UslHW9k,0x864e8989db181417:0xd95b47c952b9905a,15662191059112923226,/g/11y76dcyzg,-2784553014596628390,,rxx@fengchausa.com,INVALID,Cannot validate,,,,,,pxx@fengchausa.com,INVALID,Cannot validate,,,,,,exx@fengchausa.com,INVALID,Cannot validate,,,,,,14252824087,18178831888,14056765033,https://www.facebook.com/114541508221696,,,,,,,,,,,,,,,ORDER | FENG CHA,Wix.com Website Builder,"Our passion for making tea extends far beyond our drinks. We are happy to see people of different backgrounds coming to Feng Cha to chat, hang out, study and work. We are thankful for each everyone's support and will continue working hard to provide a unique and cozy teahouse experience.",,False,False
"bubble tea store, 76155, Fort Worth, TX, US",Sharetea HEB,Sharetea Heb,https://www.clover.com/online-ordering/sharetea-heb-euless,"Bubble tea store, Dessert shop",Bubble tea store,Bubble tea store,+1 817-554-2112,"1200 Chisholm Trail #600, Euless, TX 76039",None,1200 Chisholm Trail #600,Euless,76039,Texas,Texas,United States of America,US,32.8750144,-97.101798,8926c868d27ffff,America/Chicago,,False,4.2,86,"https://search.google.com/local/reviews?placeid=ChIJve8ah3N_ToYRhfNC_VTcauc&q=bubble+tea+store,+76155,+Fort+Worth,+TX,+US&authuser=0&hl=en&gl=US",,,13.0,3.0,3.0,6.0,61.0,116,https://lh3.googleusercontent.com/gps-cs-s/AB5caB9hDMJ7zsYWjfS_y5nPtJhdzI-HyIX_WPlsT7Rb11ShUtlkfpN6htShDShjsMZt_WoUPJ4frkD8hEfKjGcG_OOw8VpET1_TThLn2OtazsZcVZrKS89EEemflmeMRlKHrFk2FN6_=w800-h500-k-no,https://lh3.googleusercontent.com/gps-cs-s/AB5caB9hDMJ7zsYWjfS_y5nPtJhdzI-HyIX_WPlsT7Rb11ShUtlkfpN6htShDShjsMZt_WoUPJ4frkD8hEfKjGcG_OOw8VpET1_TThLn2OtazsZcVZrKS89EEemflmeMRlKHrFk2FN6_=w1600-h1000-k-no,,"{""Monday"": ""11AM-9PM"", ""Tuesday"": ""11AM-9PM"", ""Wednesday"": ""11AM-9PM"", ""Thursday"": ""11AM-9PM"", ""Friday"": ""11AM-9PM"", ""Saturday"": ""11AM-9PM"", ""Sunday"": ""11AM-9PM""}",Monday:11AM-9PM|Tuesday:11AM-9PM|Wednesday:11AM-9PM|Thursday:11AM-9PM|Friday:11AM-9PM|Saturday:11AM-9PM|Sunday:11AM-9PM,,,OPERATIONAL,"{""Service options"": {""Delivery"": true, ""Takeout"": true, ""Dine-in"": true}, ""Highlights"": {""Great tea selection"": true}, ""Accessibility"": {""Wheelchair accessible entrance"": true, ""Wheelchair accessible parking lot"": true, ""Wheelchair accessible restroom"": true}}",$,,https://lh6.googleusercontent.com/-TTijN7Wrcm4/AAAAAAAAAAI/AAAAAAAAAAA/nbS8X4zwAZ4/s44-p-k-no-ns-nd/photo.jpg,,,True,116872027203542670308,Sharetea HEB,https://www.google.com/maps/contrib/116872027203542670308,,"https://www.google.com/viewer/chooseprovider?mid=/g/11t4y68dht&g2lbs=AAEPWCumWLuswVGtqumMbp49JM7ehvtiaYH4_4xryeHKDL8SlbiIIAwj-nJ54GRzhllSD99Jw4WVo7yDFuOXMDTmjM7_9I265Q%3D%3D&hl=en-US&gl=us&fo_m=MfohQo559jFvMUOzJVpjPL1YMfZ3bInYwBDuMfaXTPp5KXh-&utm_source=tactile&gei=EMQDaKbtGJWo1sQPq7Oa6QQ&ei=EMQDaKbtGJWo1sQPq7Oa6QQ&fo_s=OA,SOE&opi=79508299&ebb=1&cs=0&foub=mcpp",,,"https://www.google.com/maps/place/Sharetea+HEB/@32.8750144,-97.101798,14z/data=!4m8!1m2!2m1!1sSharetea+HEB!3m4!1s0x864e7f73871aefbd:0xe76adc54fd42f385!8m2!3d32.8750144!4d-97.101798","https://www.google.com/maps/place/Sharetea+HEB/@32.8750144,-97.101798,13.99z/data=!4m16!1m7!3m6!1s0x864e7f73871aefbd:0xe76adc54fd42f385!2sSharetea+HEB!8m2!3d32.8750144!4d-97.101798!16s%2Fg%2F11ckvg1dmb!3m7!1s0x864e7f73871aefbd:0xe76adc54fd42f385!8m2!3d32.8750144!4d-97.101798!9m1!1b1!16s%2Fg%2F11ckvg1dmb?entry=ttu",ChIJve8ah3N_ToYRhfNC_VTcauc,0x864e7f73871aefbd:0xe76adc54fd42f385,16675382827877069701,/g/11t4y68dht,-1771361245832481915,,ansu@clover.com,RECEIVING,Catch All,Ansu Vyas,Ansu,Vyas,Vice President Business Operations,,gbedwell@clover.com,INVALID,Invalid SMTP,Glenn Bedwell,Glenn,Bedwell,Software Engineer,,mhampton@clover.com,INVALID,Invalid SMTP,Michael R Hampton,Michael,R Hampton,Software Engineer,,+1 515-255-3700,+1 360-217-7075,+1 573-335-0366,https://www.facebook.com/recklessrolls/,http://instagram.com/donatopsizzact,https://www.linkedin.com/company/clovernetwork,,,,,,,,http://twitter.com/cloverpos,,,,,Online Ordering | Clover,,,,False,False
"bubble tea store, 76155, Fort Worth, TX, US",Happy Lemon,Happy Lemon,http://www.happylemonusa.com/,Bubble tea store,Bubble tea store,Bubble tea store,+1 682-323-4158,"1818 E Pioneer Pkwy suite 166, Arlington, TX 76010",East Arlington,1818 E Pioneer Pkwy suite 166,Arlington,76010,Texas,Texas,United States of America,US,32.7077872,-97.08107369999999,8926cbd7027ffff,America/Chicago,,False,4.8,53,"https://search.google.com/local/reviews?placeid=ChIJSUED_X2HToYRSZJ182a5lFI&q=bubble+tea+store,+76155,+Fort+Worth,+TX,+US&authuser=0&hl=en&gl=US",,,2.0,0.0,0.0,1.0,50.0,88,https://lh3.googleusercontent.com/gps-cs-s/AB5caB-g4v0fy2SifWDY8OSTgHT-bSYXxJzrSjpGTHbErukYUNP0uNyFMt8mQx4z2aY8mRQfGDO_4Lsr1KPNTop9Fi_u5IvEle4waGsbTPwNRHKQWOr8ZEcWJKseRap6rrgnTNmIfxFB=w800-h500-k-no,https://lh3.googleusercontent.com/gps-cs-s/AB5caB-g4v0fy2SifWDY8OSTgHT-bSYXxJzrSjpGTHbErukYUNP0uNyFMt8mQx4z2aY8mRQfGDO_4Lsr1KPNTop9Fi_u5IvEle4waGsbTPwNRHKQWOr8ZEcWJKseRap6rrgnTNmIfxFB=w1600-h1000-k-no,,"{""Monday"": ""11AM-9PM"", ""Tuesday"": ""11AM-9PM"", ""Wednesday"": ""11AM-9PM"", ""Thursday"": ""11AM-9PM"", ""Friday"": ""11AM-9PM"", ""Saturday"": ""11AM-9PM"", ""Sunday"": ""11AM-9PM""}",Monday:11AM-9PM|Tuesday:11AM-9PM|Wednesday:11AM-9PM|Thursday:11AM-9PM|Friday:11AM-9PM|Saturday:11AM-9PM|Sunday:11AM-9PM,,,OPERATIONAL,"{""Service options"": {""Delivery"": true, ""Takeout"": true, ""Dine-in"": true}, ""Highlights"": {""Great tea selection"": true}, ""Accessibility"": {""Wheelchair accessible entrance"": true, ""Wheelchair accessible parking lot"": true, ""Wheelchair accessible restroom"": true}}",$,,https://lh3.googleusercontent.com/-cU31RKPNJmo/AAAAAAAAAAI/AAAAAAAAAAA/cQ1DCVh_YIQ/s44-p-k-no-ns-nd/photo.jpg,,,True,103382733783768689005,Happy Lemon,https://www.google.com/maps/contrib/103382733783768689005,,"https://www.google.com/viewer/chooseprovider?mid=/g/11kppq5s8g&g2lbs=AAEPWCtWY1UX-0UedS34hHgbBcKOIt79-szqqQpcVcPz9xL4iVFNMGtgPcYpSauKMLMGG3-d0PakdLud0QOuww34UweRo4xb6w%3D%3D&hl=en-US&gl=us&fo_m=MfohQo559jFvMUOzJVpjPL1YMfZ3bInYwBDuMfaXTPp5KXh-&utm_source=tactile&gei=EMQDaKbtGJWo1sQPq7Oa6QQ&ei=EMQDaKbtGJWo1sQPq7Oa6QQ&fo_s=OA,SOE&opi=79508299&ebb=1&cs=0&foub=mcpp",,,"https://www.google.com/maps/place/Happy+Lemon/@32.7077872,-97.08107369999999,14z/data=!4m8!1m2!2m1!1sHappy+Lemon!3m4!1s0x864e877dfd034149:0x5294b966f3759249!8m2!3d32.7077872!4d-97.08107369999999","https://www.google.com/maps/place/Happy+Lemon/@32.7077872,-97.08107369999999,13.99z/data=!4m16!1m7!3m6!1s0x864e877dfd034149:0x5294b966f3759249!2sHappy+Lemon!8m2!3d32.7077872!4d-97.08107369999999!16s%2Fg%2F11ckvg1dmb!3m7!1s0x864e877dfd034149:0x5294b966f3759249!8m2!3d32.7077872!4d-97.08107369999999!9m1!1b1!16s%2Fg%2F11ckvg1dmb?entry=ttu",ChIJSUED_X2HToYRSZJ182a5lFI,0x864e877dfd034149:0x5294b966f3759249,5950584859485639241,/g/11kppq5s8g,5950584859485639241,,info@happylemonusa.com,INVALID,Invalid DNS,,,,,,portland@happylemonusa.com,UNKNOWN,Cannot validate,,,,,,fashionisland@happylemonusa.com,UNKNOWN,Cannot validate,,,,,,12814070946,,,https://www.facebook.com/happylemonglobal,https://www.instagram.com/happylemon.usa,,,,,,,,,,,,,,Happy Lemon USA - HAPPY LEMON USA,All in One SEO (AIOSEO) 4.4.8,"HAPPY LEMON's SUCCESS STORY ENJOY THE WORLD's YUMMIEST DRINK Happy Lemon is a world-leading beverage chain founded in 2006 by the Yummy-Town Group, a publicly listed tea culture company originating in Taiwan. They are the elite pioneers who originally brought and expanded the tea culture to Mainland China and Hong Kong. In 2014, Happy Lemon",,False,False
"bubble tea store, 76155, Fort Worth, TX, US",HTeaO - Grapevine (NW Hwy & Dove),Hteao Grapevine Nw Hwy And Dove,https://hteao.com/locations/grapevine-tx/,Tea house,Tea house,Tea house,+1 817-865-1598,"1113 W Northwest Hwy, Grapevine, TX 76051",None,1113 W Northwest Hwy,Grapevine,76051,Texas,Texas,United States of America,US,32.940770799999996,-97.0869628,8926c86ad53ffff,America/Chicago,,False,4.7,272,"https://search.google.com/local/reviews?placeid=ChIJg5TKzdorTIYRryQxcPTRILI&q=bubble+tea+store,+76155,+Fort+Worth,+TX,+US&authuser=0&hl=en&gl=US",,,13.0,2.0,3.0,16.0,238.0,259,https://lh3.googleusercontent.com/gps-cs-s/AB5caB9FB14xu0YUIjIE-W-8XX6hapW6x0DWki92Z9jQ5EhNjQRU52BQXXrGiU5Y-U5lUDY9xxV4FOFZ6qaHzilaSXugmmiIdOZTJ140BM4X7jTl6Ko3PTP6zIvFu9jrUt1XyHXmdBoS=w800-h500-k-no,https://lh3.googleusercontent.com/gps-cs-s/AB5caB9FB14xu0YUIjIE-W-8XX6hapW6x0DWki92Z9jQ5EhNjQRU52BQXXrGiU5Y-U5lUDY9xxV4FOFZ6qaHzilaSXugmmiIdOZTJ140BM4X7jTl6Ko3PTP6zIvFu9jrUt1XyHXmdBoS=w1600-h1000-k-no,,"{""Monday"": ""7AM-8:05PM"", ""Tuesday"": ""7AM-8:05PM"", ""Wednesday"": ""7AM-8:05PM"", ""Thursday"": ""7AM-8:05PM"", ""Friday"": ""7AM-8:05PM"", ""Saturday"": ""8AM-8:05PM"", ""Sunday"": ""Closed""}",Monday:7AM-8:05PM|Tuesday:7AM-8:05PM|Wednesday:7AM-8:05PM|Thursday:7AM-8:05PM|Friday:7AM-8:05PM|Saturday:8AM-8:05PM|Sunday:Closed,,,OPERATIONAL,"{""Service options"": {""Delivery"": true, ""Onsite services"": true, ""Takeout"": true, ""Dine-in"": true}, ""Highlights"": {""Great tea selection"": true}, ""Accessibility"": {""Wheelchair accessible entrance"": true, ""Wheelchair accessible parking lot"": true}}",$,,https://lh6.googleusercontent.com/-FZb0Yql6fr8/AAAAAAAAAAI/AAAAAAAAAAA/_yoJ6MxTA84/s44-p-k-no-ns-nd/photo.jpg,,,True,100658823489218160541,HTeaO - Grapevine,https://www.google.com/maps/contrib/100658823489218160541,,"https://www.google.com/viewer/chooseprovider?mid=/g/11ptlhjqwq&g2lbs=AAEPWCuYRqFzuPTP2Yej21bzrSqz9iH2OYkL1XL_uj4nkiYnIAKxyXcf6yAfLiEC1PhQbIAAt_oQH4nzClNnyznewM5j4tpsFA%3D%3D&hl=en-US&gl=us&fo_m=MfohQo559jFvMUOzJVpjPL1YMfZ3bInYwBDuMfaXTPp5KXh-&utm_source=tactile&gei=EMQDaKbtGJWo1sQPq7Oa6QQ&ei=EMQDaKbtGJWo1sQPq7Oa6QQ&fo_s=OA,SOE&opi=79508299&ebb=1&cs=0&foub=mcpp",,,"https://www.google.com/maps/place/HTeaO+-+Grapevine+%28NW+Hwy+%26+Dove%29/@32.940770799999996,-97.0869628,14z/data=!4m8!1m2!2m1!1sHTeaO+-+Grapevine+%28NW+Hwy+%26+Dove%29!3m4!1s0x864c2bdacdca9483:0xb220d1f4703124af!8m2!3d32.940770799999996!4d-97.0869628","https://www.google.com/maps/place/HTeaO+-+Grapevine+%28NW+Hwy+%26+Dove%29/@32.940770799999996,-97.0869628,13.99z/data=!4m16!1m7!3m6!1s0x864c2bdacdca9483:0xb220d1f4703124af!2sHTeaO+-+Grapevine+%28NW+Hwy+%26+Dove%29!8m2!3d32.940770799999996!4d-97.0869628!16s%2Fg%2F11ckvg1dmb!3m7!1s0x864c2bdacdca9483:0xb220d1f4703124af!8m2!3d32.940770799999996!4d-97.0869628!9m1!1b1!16s%2Fg%2F11ckvg1dmb?entry=ttu",ChIJg5TKzdorTIYRryQxcPTRILI,0x864c2bdacdca9483:0xb220d1f4703124af,12835489785790407855,/g/11ptlhjqwq,-5611254287919143761,,listings@hteao.com,RECEIVING,SMTP validated,,,,,,store361@hteao.com,RECEIVING,SMTP validated,,,,,,support@hteao.com,RECEIVING,Role,,,,,,18063511832,18178036772,18633336032,https://www.facebook.com/184157021635450,https://www.instagram.com/hteao,https://www.linkedin.com/company/hteao,,,,,,,,,,,,,"Lubbock, TX (50th & Boston) – HTeaO",Site Kit by Google 1.145.0,"* Fresh brewed hourly, 22 flavors of the best 100% broadleaf iced tea * All tea brewed with double pass reverse osmosis water * Double pass reverse osmosis water available by the bottle, gallon & 5 gallon * Bagged ice available crushed and cubed * Your local YETI retailer merchandising the full line of YETI","Franchise, HTeaO, Iced Tea, Texas Tea",False,False
"bubble tea store, 76155, Fort Worth, TX, US",MIA LEM Grand Prairie,Mia Lem Grand Prairie,https://mialem.com/,"Bubble tea store, Vietnamese restaurant, Coffee shop, Fast food restaurant, Juice shop, Tea store",restaurants,Bubble tea store,+1 682-701-6141,"3810 S State Hwy 161 Suite 100, Grand Prairie, TX 75052",None,3810 S State Hwy 161 Suite 100,Grand Prairie,75052,Texas,Texas,United States of America,US,32.6804831,-97.02311309999999,8926cbd458bffff,America/Chicago,,False,4.7,189,"https://search.google.com/local/reviews?placeid=ChIJQ_tWvRKJToYR4jFByZduDw4&q=bubble+tea+store,+76155,+Fort+Worth,+TX,+US&authuser=0&hl=en&gl=US",,,8.0,3.0,4.0,4.0,170.0,159,https://lh3.googleusercontent.com/p/AF1QipMTgjAQEVogCXzNiqXlJ8osIOZFu1tNavHk23MH=w800-h500-k-no,https://lh3.googleusercontent.com/p/AF1QipMTgjAQEVogCXzNiqXlJ8osIOZFu1tNavHk23MH=w1600-h1000-k-no,,"{""Monday"": ""Closed"", ""Tuesday"": ""10AM-8:30PM"", ""Wednesday"": ""10AM-8:30PM"", ""Thursday"": ""10AM-8:30PM"", ""Friday"": ""10AM-8:30PM"", ""Saturday"": ""10AM-8:30PM"", ""Sunday"": ""11AM-7PM""}",Monday:Closed|Tuesday:10AM-8:30PM|Wednesday:10AM-8:30PM|Thursday:10AM-8:30PM|Friday:10AM-8:30PM|Saturday:10AM-8:30PM|Sunday:11AM-7PM,,,OPERATIONAL,"{""From the business"": {""Identifies as Asian-owned"": true, ""Identifies as women-owned"": true}, ""Service options"": {""Outdoor seating"": true, ""Curbside pickup"": true, ""Delivery"": true, ""Onsite services"": true, ""Takeout"": true, ""Dine-in"": true}, ""Highlights"": {""Great coffee"": true, ""Great tea selection"": true, ""Live music"": true, ""Sports"": true}, ""Popular for"": {""Lunch"": true, ""Dinner"": true, ""Solo dining"": true}, ""Accessibility"": {""Wheelchair accessible entrance"": true, ""Wheelchair accessible parking lot"": true, ""Wheelchair accessible restroom"": true, ""Wheelchair accessible seating"": true}, ""Offerings"": {""Coffee"": true, ""Comfort food"": true, ""Happy hour drinks"": true, ""Healthy options"": true, ""Quick bite"": true, ""Small plates"": true, ""Vegan options"": true, ""Vegetarian options"": true}, ""Dining options"": {""Breakfast"": true, ""Brunch"": true, ""Lunch"": true, ""Dinner"": true, ""Catering"": true, ""Counter service"": true, ""Dessert"": true, ""Seating"": true}, ""Amenities"": {""Gender-neutral restroom"": true, ""Restroom"": true, ""Wi-Fi"": true}, ""Atmosphere"": {""Casual"": true, ""Cozy"": true, ""Trendy"": true}, ""Crowd"": {""Family-friendly"": true, ""Groups"": true, ""LGBTQ+ friendly"": true, ""Transgender safespace"": true}, ""Planning"": {""Accepts reservations"": true}, ""Payments"": {""Credit cards"": true, ""Debit cards"": true, ""NFC mobile payments"": true}, ""Children"": {""Good for kids"": true}, ""Parking"": {""Free parking lot"": true, ""Free street parking"": true, ""Parking"": true}, ""Pets"": {""Dogs allowed"": true}, ""Other"": {""LGBTQ+ friendly"": true, ""Identifies as women-owned"": true, ""Identifies as Asian-owned"": true}}",$,,https://lh4.googleusercontent.com/-WuyjZu9N49w/AAAAAAAAAAI/AAAAAAAAAAA/m5pcjiaxjaE/s44-p-k-no-ns-nd/photo.jpg,,,True,117359109593438026929,MIA LEM Grand Prairie,https://www.google.com/maps/contrib/117359109593438026929,,"https://www.google.com/viewer/chooseprovider?mid=/g/11jsrcptrc&g2lbs=AAEPWCsj1ekfQqdgc5LIsCvHdsCUfEqGPNtOMtWXqzoVWRzIv5C8adqf8AqjXRC0fsXX_G5LQSMLU1DJ4AVLTO8eYKZmJF6UZw%3D%3D&hl=en-US&gl=us&fo_m=MfohQo559jFvMUOzJVpjPL1YMfZ3bInYwBDuMfaXTPp5KXh-&utm_source=tactile&gei=EsQDaMTrFpeRxc8PqOfIyAk&ei=EsQDaMTrFpeRxc8PqOfIyAk&fo_s=OA,SOE&opi=79508299&ebb=1&cs=0&foub=mcpp",,,"https://www.google.com/maps/place/MIA+LEM+Grand+Prairie/@32.6804831,-97.02311309999999,14z/data=!4m8!1m2!2m1!1sMIA+LEM+Grand+Prairie!3m4!1s0x864e8912bd56fb43:0xe0f6e97c94131e2!8m2!3d32.6804831!4d-97.02311309999999","https://www.google.com/maps/place/MIA+LEM+Grand+Prairie/@32.6804831,-97.02311309999999,13.99z/data=!4m16!1m7!3m6!1s0x864e8912bd56fb43:0xe0f6e97c94131e2!2sMIA+LEM+Grand+Prairie!8m2!3d32.6804831!4d-97.02311309999999!16s%2Fg%2F11ckvg1dmb!3m7!1s0x864e8912bd56fb43:0xe0f6e97c94131e2!8m2!3d32.6804831!4d-97.02311309999999!9m1!1b1!16s%2Fg%2F11ckvg1dmb?entry=ttu",ChIJQ_tWvRKJToYR4jFByZduDw4,0x864e8912bd56fb43:0xe0f6e97c94131e2,1013150039377261026,/g/11jsrcptrc,1013150039377261026,,mialemgp@gmail.com,RECEIVING,SMTP validated,,,,,,,,,,,,,,,,,,,,,,6827016141,16827016141,,https://www.facebook.com/102073632711336,https://www.instagram.com/mialemgp,,,,,,,,,,,,,,Mía Lem,WordPress 6.1.1,,,False,False
"bubble tea store, 76155, Fort Worth, TX, US",TeaLatte Bar,Tealatte Bar,https://www.tealattebar.com/,Bubble tea store,Bubble tea store,Bubble tea store,+1 817-225-2595,"3030 E Broad St suite 102, Mansfield, TX 76063",None,3030 E Broad St suite 102,Mansfield,76063,Texas,Texas,United States of America,US,32.5720525,-97.0887927,8926cbc758bffff,America/Chicago,,False,4.8,81,"https://search.google.com/local/reviews?placeid=ChIJq3cDyYGLToYRVhvdWgocso8&q=bubble+tea+store,+76155,+Fort+Worth,+TX,+US&authuser=0&hl=en&gl=US",,,2.0,1.0,3.0,3.0,72.0,39,https://lh3.googleusercontent.com/p/AF1QipPKzc11oD1XzZU3jyLfJklvDfDTZAR7M6TXPgZ9=w800-h500-k-no,https://lh3.googleusercontent.com/p/AF1QipPKzc11oD1XzZU3jyLfJklvDfDTZAR7M6TXPgZ9=w1600-h1000-k-no,,"{""Monday"": ""11AM-9PM"", ""Tuesday"": ""11AM-9PM"", ""Wednesday"": ""11AM-9PM"", ""Thursday"": ""11AM-9PM"", ""Friday"": ""11AM-10PM"", ""Saturday"": ""11AM-10PM"", ""Sunday"": ""11AM-9PM""}",Monday:11AM-9PM|Tuesday:11AM-9PM|Wednesday:11AM-9PM|Thursday:11AM-9PM|Friday:11AM-10PM|Saturday:11AM-10PM|Sunday:11AM-9PM,,,OPERATIONAL,"{""Service options"": {""Delivery"": true, ""Takeout"": true, ""Dine-in"": true}, ""Highlights"": {""Great tea selection"": true}, ""Accessibility"": {""Wheelchair accessible entrance"": true, ""Wheelchair accessible parking lot"": true, ""Wheelchair accessible restroom"": true, ""Wheelchair accessible seating"": true}}",,,https://lh6.googleusercontent.com/-u71HKEKsBVc/AAAAAAAAAAI/AAAAAAAAAAA/XtN3YDhbul0/s44-p-k-no-ns-nd/photo.jpg,,,True,114582748936268444471,TeaLatte Bar,https://www.google.com/maps/contrib/114582748936268444471,,"https://www.google.com/viewer/chooseprovider?mid=/g/11ss7539zq&g2lbs=AAEPWCuyq0p-Y_B2BU6bYnqGxdGLQL5KQU876J2sdPOSnUazNJ4ik3zc0W16FEvz1IBPYPe-3UhMj81OUzNkC9h-7oUCpUTWMg%3D%3D&hl=en-US&gl=us&fo_m=MfohQo559jFvMUOzJVpjPL1YMfZ3bInYwBDuMfaXTPp5KXh-&utm_source=tactile&gei=EsQDaMTrFpeRxc8PqOfIyAk&ei=EsQDaMTrFpeRxc8PqOfIyAk&fo_s=OA,SOE&opi=79508299&ebb=1&cs=0&foub=mcpp",,,"https://www.google.com/maps/place/TeaLatte+Bar/@32.5720525,-97.0887927,14z/data=!4m8!1m2!2m1!1sTeaLatte+Bar!3m4!1s0x864e8b81c90377ab:0x8fb21c0a5add1b56!8m2!3d32.5720525!4d-97.0887927","https://www.google.com/maps/place/TeaLatte+Bar/@32.5720525,-97.0887927,13.99z/data=!4m16!1m7!3m6!1s0x864e8b81c90377ab:0x8fb21c0a5add1b56!2sTeaLatte+Bar!8m2!3d32.5720525!4d-97.0887927!16s%2Fg%2F11ckvg1dmb!3m7!1s0x864e8b81c90377ab:0x8fb21c0a5add1b56!8m2!3d32.5720525!4d-97.0887927!9m1!1b1!16s%2Fg%2F11ckvg1dmb?entry=ttu",ChIJq3cDyYGLToYRVhvdWgocso8,0x864e8b81c90377ab:0x8fb21c0a5add1b56,10354369324077882198,/g/11ss7539zq,-8092374749631669418,,john@tealattebar.com,INVALID,Invalid DNS,,,,,,,,,,,,,,,,,,,,,,18172252595,,,https://www.facebook.com/115451131499956,,,,,,,,,,,,,,,HOME | tealattebar,Wix.com Website Builder,,,False,False
"bubble tea store, 76155, Fort Worth, TX, US",Gong Cha Grand Prairie,Gong Cha Grand Prairie,http://www.gongchausa.com/,"Bubble tea store, Coffee shop, Tea house",Bubble tea store,Bubble tea store,+1 682-252-4636,"2625 W Pioneer Pkwy #202, Grand Prairie, TX 75051",None,2625 W Pioneer Pkwy #202,Grand Prairie,75051,Texas,Texas,United States of America,US,32.7101563,-97.0462077,8926cbd6257ffff,America/Chicago,,False,4.2,358,"https://search.google.com/local/reviews?placeid=ChIJwwLJsC2GToYRSQwo1JgmJdk&q=bubble+tea+store,+76155,+Fort+Worth,+TX,+US&authuser=0&hl=en&gl=US",,,32.0,14.0,21.0,64.0,227.0,183,https://lh3.googleusercontent.com/p/AF1QipMG10P6xXKTWGawT0HJF01FCjw6nj7Z8QO87_Kz=w800-h500-k-no,https://lh3.googleusercontent.com/p/AF1QipMG10P6xXKTWGawT0HJF01FCjw6nj7Z8QO87_Kz=w1600-h1000-k-no,,"{""Monday"": ""11AM-11PM"", ""Tuesday"": ""11AM-11PM"", ""Wednesday"": ""11AM-11PM"", ""Thursday"": ""11AM-11PM"", ""Friday"": ""11AM-11PM"", ""Saturday"": ""11AM-11PM"", ""Sunday"": ""11AM-11PM""}",Monday:11AM-11PM|Tuesday:11AM-11PM|Wednesday:11AM-11PM|Thursday:11AM-11PM|Friday:11AM-11PM|Saturday:11AM-11PM|Sunday:11AM-11PM,,,OPERATIONAL,"{""Service options"": {""Delivery"": true, ""Takeout"": true, ""Dine-in"": true}, ""Highlights"": {""Great tea selection"": true}, ""Accessibility"": {""Wheelchair accessible entrance"": true, ""Wheelchair accessible parking lot"": true, ""Wheelchair accessible restroom"": true, ""Wheelchair accessible seating"": true}, ""Parking"": {""Free parking lot"": true, ""Free street parking"": true}}",$,,https://lh5.googleusercontent.com/-mEgKs6xm0h0/AAAAAAAAAAI/AAAAAAAAAAA/4uxReGdQ2ck/s44-p-k-no-ns-nd/photo.jpg,,,True,105599605541988893829,Gong Cha Grand Prairie,https://www.google.com/maps/contrib/105599605541988893829,,"https://www.google.com/viewer/chooseprovider?mid=/g/11f31ss0d9&g2lbs=AAEPWCvW7-wearsbTFunWQlBIRxaHfupwf1bYfVkQz1DdYUmzrCy6CvbDJTHoe_yqEKvLbekN7cya9QrS0iLanlmVyEfwadJUQ%3D%3D&hl=en-US&gl=us&fo_m=MfohQo559jFvMUOzJVpjPL1YMfZ3bInYwBDuMfaXTPp5KXh-&utm_source=tactile&gei=EsQDaMTrFpeRxc8PqOfIyAk&ei=EsQDaMTrFpeRxc8PqOfIyAk&fo_s=OA,SOE&opi=79508299&ebb=1&cs=0&foub=mcpp",,,"https://www.google.com/maps/place/Gong+Cha+Grand+Prairie/@32.7101563,-97.0462077,14z/data=!4m8!1m2!2m1!1sGong+Cha+Grand+Prairie!3m4!1s0x864e862db0c902c3:0xd9252698d4280c49!8m2!3d32.7101563!4d-97.0462077","https://www.google.com/maps/place/Gong+Cha+Grand+Prairie/@32.7101563,-97.0462077,13.99z/data=!4m16!1m7!3m6!1s0x864e862db0c902c3:0xd9252698d4280c49!2sGong+Cha+Grand+Prairie!8m2!3d32.7101563!4d-97.0462077!16s%2Fg%2F11ckvg1dmb!3m7!1s0x864e862db0c902c3:0xd9252698d4280c49!8m2!3d32.7101563!4d-97.0462077!9m1!1b1!16s%2Fg%2F11ckvg1dmb?entry=ttu",ChIJwwLJsC2GToYRSQwo1JgmJdk,0x864e862db0c902c3:0xd9252698d4280c49,15646954918204935241,/g/11f31ss0d9,-2799789155504616375,,inquiries@gongchausa.com,RECEIVING,SMTP validated,Anchal Lamba,Anchal,Lamba,Managing Member,12123982716,anchal@gongchausa.com,RECEIVING,SMTP validated,Anchal Lamba,Anchal,Lamba,President,15163839000,rborgia@gongchausa.com,INVALID,Invalid SMTP,Robert Borgia,Robert,Borgia,Could Not Locate,15167496919,5168135642,15624748745,14697099380,https://www.facebook.com/gongchatea/,http://instagram.com/gongchatea,https://www.linkedin.com/company/gong-cha,https://www.tiktok.com/@gongcha.bubbletea,,,,,,,https://twitter.com/gongchatea,,,,,New Jersey – Jersey City - Gong cha,All in One SEO (AIOSEO) 4.7.7.2,Premium Quality Bubble Tea,,False,False
"bubble tea store, 76155, Fort Worth, TX, US","Teagether - Boba, Smoothies & Snacks",Teagether Boba Smoothies And Snacks,http://www.teagether.co/,Bubble tea store,Bubble tea store,Bubble tea store,+1 214-412-2020,"2580 W Camp Wisdom Rd STE 400, Grand Prairie, TX 75052",None,2580 W Camp Wisdom Rd STE 400,Grand Prairie,75052,Texas,Texas,United States of America,US,32.648385,-97.0458285,8926cbd4383ffff,America/Chicago,,False,4.0,93,"https://search.google.com/local/reviews?placeid=ChIJ7aPTdBeJToYRsfey7TD741g&q=bubble+tea+store,+76155,+Fort+Worth,+TX,+US&authuser=0&hl=en&gl=US",,,20.0,1.0,4.0,6.0,62.0,98,https://lh3.googleusercontent.com/p/AF1QipOgcqqM7zpQbLfa7Lo6y-Cm7v1tpZiB42PSVjL7=w800-h500-k-no,https://lh3.googleusercontent.com/p/AF1QipOgcqqM7zpQbLfa7Lo6y-Cm7v1tpZiB42PSVjL7=w1600-h1000-k-no,,"{""Monday"": ""11AM-9PM"", ""Tuesday"": ""11AM-9PM"", ""Wednesday"": ""11AM-9PM"", ""Thursday"": ""11AM-10PM"", ""Friday"": ""11AM-10PM"", ""Saturday"": ""11AM-10PM"", ""Sunday"": ""11AM-9PM""}",Monday:11AM-9PM|Tuesday:11AM-9PM|Wednesday:11AM-9PM|Thursday:11AM-10PM|Friday:11AM-10PM|Saturday:11AM-10PM|Sunday:11AM-9PM,,,OPERATIONAL,"{""Service options"": {""Curbside pickup"": true, ""No-contact delivery"": true, ""Delivery"": true, ""Takeout"": true, ""Dine-in"": true}, ""Highlights"": {""Great tea selection"": true}, ""Accessibility"": {""Wheelchair accessible entrance"": true, ""Wheelchair accessible parking lot"": true, ""Wheelchair accessible restroom"": true}, ""Crowd"": {""LGBTQ+ friendly"": true, ""Transgender safespace"": true}, ""Other"": {""LGBTQ+ friendly"": true}}",$,,https://lh5.googleusercontent.com/-54CDd2j5kGg/AAAAAAAAAAI/AAAAAAAAAAA/t1HlBqxQPYg/s44-p-k-no-ns-nd/photo.jpg,,,True,104029308801041749794,"Teagether - Boba, Smoothies & Snacks",https://www.google.com/maps/contrib/104029308801041749794,,"https://www.google.com/viewer/chooseprovider?mid=/g/11v036871g&g2lbs=AAEPWCtdjj1mZN-XSvpNXujtyEmYTYMbmu6Xib4a4vnFi7DERA882aIpT0hBbP-PgLWUf9TyQP6p399y6Z_geh1eo9redL-WBA%3D%3D&hl=en-US&gl=us&fo_m=MfohQo559jFvMUOzJVpjPL1YMfZ3bInYwBDuMfaXTPp5KXh-&utm_source=tactile&gei=EsQDaMTrFpeRxc8PqOfIyAk&ei=EsQDaMTrFpeRxc8PqOfIyAk&fo_s=OA,SOE&opi=79508299&ebb=1&cs=0&foub=mcpp",,,"https://www.google.com/maps/place/Teagether+-+Boba%2C+Smoothies+%26+Snacks/@32.648385,-97.0458285,14z/data=!4m8!1m2!2m1!1sTeagether+-+Boba%2C+Smoothies+%26+Snacks!3m4!1s0x864e891774d3a3ed:0x58e3fb30edb2f7b1!8m2!3d32.648385!4d-97.0458285","https://www.google.com/maps/place/Teagether+-+Boba%2C+Smoothies+%26+Snacks/@32.648385,-97.0458285,13.99z/data=!4m16!1m7!3m6!1s0x864e891774d3a3ed:0x58e3fb30edb2f7b1!2sTeagether+-+Boba%2C+Smoothies+%26+Snacks!8m2!3d32.648385!4d-97.0458285!16s%2Fg%2F11ckvg1dmb!3m7!1s0x864e891774d3a3ed:0x58e3fb30edb2f7b1!8m2!3d32.648385!4d-97.0458285!9m1!1b1!16s%2Fg%2F11ckvg1dmb?entry=ttu",ChIJ7aPTdBeJToYRsfey7TD741g,0x864e891774d3a3ed:0x58e3fb30edb2f7b1,6405239282615908273,/g/11v036871g,6405239282615908273,,teagether.co@gmail.com,RECEIVING,Verified,,,,,,,,,,,,,,,,,,,,,,1233025550107,,,,,,,,,,,,,,,,,,Home - Teagether,WordPress 6.6.2,,,False,True
"bubble tea store, 76155, Fort Worth, TX, US",Bubble Tea Bliss,Bubble Tea Bliss,http://www.simon.com/mall/grapevine-mills/stores/bubble-tea-bliss,"Bubble tea store, Tea house",Bubble tea store,Bubble tea store,,"3000 Grapevine Mills Pkwy, Grapevine, TX 76051",None,3000 Grapevine Mills Pkwy,Grapevine,76051,Texas,Texas,United States of America,US,32.9679736,-97.0417512,8926c861107ffff,America/Chicago,,False,4.0,255,"https://search.google.com/local/reviews?placeid=ChIJ45lgdogrTIYRNQu5PpzJ2-Y&q=bubble+tea+store,+76155,+Fort+Worth,+TX,+US&authuser=0&hl=en&gl=US",,,30.0,15.0,24.0,41.0,145.0,113,https://lh3.googleusercontent.com/p/AF1QipOvoJEOgAiqM7DR3zC-jFQpgCQq-HdNHW5z4kxs=w800-h500-k-no,https://lh3.googleusercontent.com/p/AF1QipOvoJEOgAiqM7DR3zC-jFQpgCQq-HdNHW5z4kxs=w1600-h1000-k-no,,"{""Monday"": ""10AM-8PM"", ""Tuesday"": ""10AM-9PM"", ""Wednesday"": ""10AM-9PM"", ""Thursday"": ""10AM-9PM"", ""Friday"": ""10AM-9PM"", ""Saturday"": ""10AM-9PM"", ""Sunday"": ""11AM-7PM""}",Monday:10AM-8PM|Tuesday:10AM-9PM|Wednesday:10AM-9PM|Thursday:10AM-9PM|Friday:10AM-9PM|Saturday:10AM-9PM|Sunday:11AM-7PM,,,OPERATIONAL,"{""Service options"": {""Onsite services"": true, ""Takeout"": true, ""Dine-in"": true}, ""Highlights"": {""Great tea selection"": true}, ""Accessibility"": {""Wheelchair accessible entrance"": true, ""Wheelchair accessible parking lot"": true}}",,,,,,False,None,Bubble Tea Bliss,,,,,,"https://www.google.com/maps/place/Bubble+Tea+Bliss/@32.9679736,-97.0417512,14z/data=!4m8!1m2!2m1!1sBubble+Tea+Bliss!3m4!1s0x864c2b88766099e3:0xe6dbc99c3eb90b35!8m2!3d32.9679736!4d-97.0417512","https://www.google.com/maps/place/Bubble+Tea+Bliss/@32.9679736,-97.0417512,13.99z/data=!4m16!1m7!3m6!1s0x864c2b88766099e3:0xe6dbc99c3eb90b35!2sBubble+Tea+Bliss!8m2!3d32.9679736!4d-97.0417512!16s%2Fg%2F11ckvg1dmb!3m7!1s0x864c2b88766099e3:0xe6dbc99c3eb90b35!8m2!3d32.9679736!4d-97.0417512!9m1!1b1!16s%2Fg%2F11ckvg1dmb?entry=ttu",ChIJ45lgdogrTIYRNQu5PpzJ2-Y,0x864c2b88766099e3:0xe6dbc99c3eb90b35,16635111321527454517,/g/11dx9wy39s,-1811632752182097099,,lahale@simon.com,RECEIVING,Catch All,Laura Hale,Laura,Hale,System Coordinator,,bham@simon.com,RECEIVING,SMTP validated,Bill Ham,Bill,Ham,Sales Manager,,gfulgin@simon.com,RECEIVING,SMTP validated,Greg Fulginiti,Greg,Fulginiti,Director Of Development,,19157797070,13056656226,18886052801,https://www.facebook.com/KingofPrussiaMall/,https://instagram.com/townctratboca,https://www.linkedin.com/company/la-plaza-mall,https://www.tiktok.com/@towncenteratboca,,,,,,,http://www.twitter.com/simonmalls,,https://www.youtube.com/user/SimonPropertyGroup,,,"Welcome To Mall of Georgia® - A Shopping Center In Buford, GA - A Simon Property",,"At Mall of Georgia®, we know what our shoppers want. Featuring Belk, Dillard's, JCPenney, Macy*s and Von Maur, plus more than 200 local, national and international stores offering everything from women’s and children’s apparel to jewelry and home electronics. Mall of Georgia’s retail roster includes shops such as Apple, Altar'd State, Coach, H&M, Michael Kors, Pandora, Pottery Barn, Swarovski and Vans, lululemon –all in a welcoming, climate-controlled indoor shopping and outdoor entertainment complex like no other. We offer a variety of exciting dining options from sit-down restaurants such as The Cheesecake Factory, P.F. Chang’s China Bistro, Okiboru, Buffalo Wild Wings, and Seasons 52, to grab-and-go choices including Chick-fil-A, Charley's Philly Steaks, Taco Bell, Maki of Japan, Fat Tuesday, Oh-K-Dog, Popeyes, and Ding Tea. Coming soon will be Vendetti's Pizza, Pasta & Grill in the Village Amphitheatre.The Village Amphitheatre and green is host to year-round live entertainment and family-oriented events including Movies Under the Stars, Mall of Georgia Concert Series and a variety of Holiday and kids events.Mall of Georgia serves the nearby communities of Buford, Sugar Hill, Suwanee, Gainesville, Lawrenceville, Lake Lanier and is conveniently located off I-85 and Exit 115 (GA 20). When we named it Mall of Georgia, we weren't just whistlin'","Simon Malls,Mall of Georgia®,Mall of Georgia® Buford,Apple Coach The Cheesecake Factory Altar'd State Michael Kors Seasons 52 Pottery Barn Sephora H&M Buford",False,False
"bubble tea store, 76155, Fort Worth, TX, US",Kokee Tea,Kokee Tea,https://www.kokeetea.com/,Bubble tea store,Bubble tea store,Bubble tea store,+1 682-405-2575,"2950 I-20 Frontage Rd #350, Grand Prairie, TX 75052",None,2950 I-20 Frontage Rd #350,Grand Prairie,75052,Texas,Texas,United States of America,US,32.6795578,-97.05404539999999,8926cbd446bffff,America/Chicago,,False,3.6,25,"https://search.google.com/local/reviews?placeid=ChIJj-pB31SJToYRmOhcGNV_Emc&q=bubble+tea+store,+76155,+Fort+Worth,+TX,+US&authuser=0&hl=en&gl=US",,,4.0,2.0,4.0,4.0,11.0,123,https://lh3.googleusercontent.com/p/AF1QipOSet2GniPisHpidXEm9J5DZJ-CBz_mOyDZSolH=w800-h500-k-no,https://lh3.googleusercontent.com/p/AF1QipOSet2GniPisHpidXEm9J5DZJ-CBz_mOyDZSolH=w1600-h1000-k-no,,"{""Monday"": ""11AM-8PM"", ""Tuesday"": ""11AM-8PM"", ""Wednesday"": ""11AM-8PM"", ""Thursday"": ""11AM-8PM"", ""Friday"": ""10AM-9PM"", ""Saturday"": ""10AM-9PM"", ""Sunday"": ""11AM-6PM""}",Monday:11AM-8PM|Tuesday:11AM-8PM|Wednesday:11AM-8PM|Thursday:11AM-8PM|Friday:10AM-9PM|Saturday:10AM-9PM|Sunday:11AM-6PM,,,OPERATIONAL,"{""Service options"": {""Delivery"": true, ""Takeout"": true, ""Dine-in"": true}, ""Highlights"": {""Great tea selection"": true}, ""Accessibility"": {""Wheelchair accessible entrance"": true, ""Wheelchair accessible parking lot"": true, ""Wheelchair accessible restroom"": false, ""Wheelchair accessible seating"": false}}",$,,https://lh4.googleusercontent.com/-8_A4AtsHPzM/AAAAAAAAAAI/AAAAAAAAAAA/IOtHiwWXBvo/s44-p-k-no-ns-nd/photo.jpg,,,True,117811713513082029045,Kokee Tea,https://www.google.com/maps/contrib/117811713513082029045,,"https://www.google.com/viewer/chooseprovider?mid=/g/11t9ty5bnb&g2lbs=AAEPWCueeUy-UZgOnQJMn3hsrdDv5sCuCplJmP4-4GcMDpDZ1PafveRTAxaWNg9UT2fCOsoyMvt9-okE4JwnOvsfbvDtBwMhpw%3D%3D&hl=en-US&gl=us&fo_m=MfohQo559jFvMUOzJVpjPL1YMfZ3bInYwBDuMfaXTPp5KXh-&utm_source=tactile&gei=EsQDaMTrFpeRxc8PqOfIyAk&ei=EsQDaMTrFpeRxc8PqOfIyAk&fo_s=OA,SOE&opi=79508299&ebb=1&cs=0&foub=mcpp",,,"https://www.google.com/maps/place/Kokee+Tea/@32.6795578,-97.05404539999999,14z/data=!4m8!1m2!2m1!1sKokee+Tea!3m4!1s0x864e8954df41ea8f:0x67127fd5185ce898!8m2!3d32.6795578!4d-97.05404539999999","https://www.google.com/maps/place/Kokee+Tea/@32.6795578,-97.05404539999999,13.99z/data=!4m16!1m7!3m6!1s0x864e8954df41ea8f:0x67127fd5185ce898!2sKokee+Tea!8m2!3d32.6795578!4d-97.05404539999999!16s%2Fg%2F11ckvg1dmb!3m7!1s0x864e8954df41ea8f:0x67127fd5185ce898!8m2!3d32.6795578!4d-97.05404539999999!9m1!1b1!16s%2Fg%2F11ckvg1dmb?entry=ttu",ChIJj-pB31SJToYRmOhcGNV_Emc,0x864e8954df41ea8f:0x67127fd5185ce898,7427139288700872856,/g/11t9ty5bnb,7427139288700872856,,hello@kokeetea.com,INVALID,SMTP validated,,,,,,,,,,,,,,,,,,,,,,14432571200,16823602148,,https://www.facebook.com/620026461667536,,,,,,,,,,,,,,,"Kokee Tea - Finest, freshest flavored Bubble Tea",Wix.com Website Builder,"Kokee Tea - Boba, Tea, Finest, freshest flavored Bubble Tea, Hug in a Cup. Natural Ingredients. Precise Recipes. Hand-Crafted Drinks. All Natural Golden Cane Sugar / No Fructose",,False,False
"bubble tea store, 76155, Fort Worth, TX, US",NICE Boba Studio,Nice Boba Studio,https://www.nicebobastudio.com/,"Bubble tea store, Restaurant, Coffee shop",restaurants,Bubble tea store,+1 469-200-6888,"1616 W Hebron Pkwy Apt 112, Carrollton, TX 75010",Indian Creek,1616 W Hebron Pkwy Apt 112,Carrollton,75010,Texas,Texas,United States of America,US,33.0239195,-96.9363109,8926c862107ffff,America/Chicago,,False,5.0,42,"https://search.google.com/local/reviews?placeid=ChIJX-GLT4AvTIYRT6bsb6e8yGM&q=bubble+tea+store,+76155,+Fort+Worth,+TX,+US&authuser=0&hl=en&gl=US",,,0.0,0.0,1.0,0.0,41.0,273,https://lh3.googleusercontent.com/p/AF1QipOBImMasjajA1L-Z_5LR7FHjJSgegS1khEUBZCB=w800-h500-k-no,https://lh3.googleusercontent.com/p/AF1QipOBImMasjajA1L-Z_5LR7FHjJSgegS1khEUBZCB=w1600-h1000-k-no,,"{""Monday"": ""12-9PM"", ""Tuesday"": ""12-9PM"", ""Wednesday"": ""12-9PM"", ""Thursday"": ""12-9PM"", ""Friday"": ""12-9PM"", ""Saturday"": ""11AM-9PM"", ""Sunday"": ""11AM-9PM""}",Monday:12-9PM|Tuesday:12-9PM|Wednesday:12-9PM|Thursday:12-9PM|Friday:12-9PM|Saturday:11AM-9PM|Sunday:11AM-9PM,"[{""delivery"": {""Monday"": ""12-9 PM"", ""Tuesday"": ""12-9 PM"", ""Wednesday"": ""12-9 PM"", ""Thursday"": ""12-9 PM"", ""Friday"": ""12-9 PM"", ""Saturday"": ""11 AM-9 PM"", ""Sunday"": ""11 AM-9 PM""}}]",,OPERATIONAL,"{""Service options"": {""No-contact delivery"": true, ""Delivery"": true, ""Takeout"": true, ""Dine-in"": true}, ""Highlights"": {""Great tea selection"": true}, ""Popular for"": {""Solo dining"": true}, ""Accessibility"": {""Wheelchair accessible entrance"": true, ""Wheelchair accessible parking lot"": true}, ""Offerings"": {""Coffee"": true, ""Quick bite"": true}, ""Dining options"": {""Dessert"": true, ""Seating"": true}, ""Atmosphere"": {""Casual"": true, ""Cozy"": true, ""Trendy"": true}, ""Crowd"": {""College students"": true, ""Groups"": true}, ""Payments"": {""Credit cards"": true, ""Debit cards"": true, ""NFC mobile payments"": true}, ""Children"": {""Good for kids"": true, ""High chairs"": true}, ""Parking"": {""Free parking lot"": true, ""Free street parking"": true}}",$,,https://lh4.googleusercontent.com/-vTgl4SyqoSE/AAAAAAAAAAI/AAAAAAAAAAA/_0DKpkoen6s/s44-p-k-no-ns-nd/photo.jpg,,,True,102491308626817012050,NICE Boba Studio,https://www.google.com/maps/contrib/102491308626817012050,,,,,"https://www.google.com/maps/place/NICE+Boba+Studio/@33.0239195,-96.9363109,14z/data=!4m8!1m2!2m1!1sNICE+Boba+Studio!3m4!1s0x864c2f804f8be15f:0x63c8bca76feca64f!8m2!3d33.0239195!4d-96.9363109","https://www.google.com/maps/place/NICE+Boba+Studio/@33.0239195,-96.9363109,13.99z/data=!4m16!1m7!3m6!1s0x864c2f804f8be15f:0x63c8bca76feca64f!2sNICE+Boba+Studio!8m2!3d33.0239195!4d-96.9363109!16s%2Fg%2F11ckvg1dmb!3m7!1s0x864c2f804f8be15f:0x63c8bca76feca64f!8m2!3d33.0239195!4d-96.9363109!9m1!1b1!16s%2Fg%2F11ckvg1dmb?entry=ttu",ChIJX-GLT4AvTIYRT6bsb6e8yGM,0x864c2f804f8be15f:0x63c8bca76feca64f,7190204232420337231,/g/11w8r2zmbw,7190204232420337231,,nicebobastudio@gmail.com,RECEIVING,Verified,,,,,,o@gmail.com,BLACKLISTED,Invalid SMTP,,,,,,75010.469-289-0140nicebobastudio@gmail.com,INVALID,Undeliverable,,,,,,4692890140,,,https://www.facebook.com/people/,https://www.instagram.com/nicebobastudio,,,,,,,,,,,,,,Home - Nicebobastudio,WordPress 6.6.2,,,False,False
"bubble tea store, 76155, Fort Worth, TX, US",Kung Fu Tea,Kung Fu Tea,https://kungfutea.com/,"Bubble tea store, Cafe, Fast food restaurant",Bubble tea store,Bubble tea store,+1 972-522-7792,"5220 S State Hwy 360 #120, Grand Prairie, TX 75052",None,5220 S State Hwy 360 #120,Grand Prairie,75052,Texas,Texas,United States of America,US,32.646518,-97.06060769999999,8926cbd43cbffff,America/Chicago,,False,4.4,272,"https://search.google.com/local/reviews?placeid=ChIJVVVV5a-JToYRv69wd2AF6Og&q=bubble+tea+store,+76155,+Fort+Worth,+TX,+US&authuser=0&hl=en&gl=US",,,16.0,7.0,14.0,51.0,184.0,301,https://lh3.googleusercontent.com/p/AF1QipONjhjNUVrfetmIa4UhpWGSHBvExNn1KWtftn1i=w800-h500-k-no,https://lh3.googleusercontent.com/p/AF1QipONjhjNUVrfetmIa4UhpWGSHBvExNn1KWtftn1i=w1600-h1000-k-no,,"{""Monday"": ""12-8PM"", ""Tuesday"": ""12-8PM"", ""Wednesday"": ""12-8PM"", ""Thursday"": ""12-8PM"", ""Friday"": ""12-8PM"", ""Saturday"": ""12-8PM"", ""Sunday"": ""12-8PM""}",Monday:12-8PM|Tuesday:12-8PM|Wednesday:12-8PM|Thursday:12-8PM|Friday:12-8PM|Saturday:12-8PM|Sunday:12-8PM,,,OPERATIONAL,"{""From the business"": {""Identifies as women-owned"": true}, ""Service options"": {""No-contact delivery"": true, ""Delivery"": true, ""Takeout"": true, ""Dine-in"": true}, ""Highlights"": {""Great tea selection"": true}, ""Accessibility"": {""Wheelchair accessible entrance"": true, ""Wheelchair accessible parking lot"": true, ""Wheelchair accessible restroom"": true}, ""Parking"": {""Free parking lot"": true, ""Free street parking"": true}, ""Other"": {""Identifies as women-owned"": true}}",$,,https://lh5.googleusercontent.com/-d88ygxPOeIg/AAAAAAAAAAI/AAAAAAAAAAA/nsYMd6fOSLo/s44-p-k-no-ns-nd/photo.jpg,"Bubble tea specialist with a selection of other hot & cold drinks, including coffee & slushes.",,True,111634348967238013794,Kung Fu Tea,https://www.google.com/maps/contrib/111634348967238013794,,"https://www.google.com/viewer/chooseprovider?mid=/g/11c45nnm83&g2lbs=AAEPWCtaJaVBodLsN-VMkARRF1w8akHgQY2AfTuO3enzWQaxnbPWymHE_3wXl6peDuevyhPvy3nHTmDk1NuYhsM2U1DJlRB9_g%3D%3D&hl=en-US&gl=us&fo_m=MfohQo559jFvMUOzJVpjPL1YMfZ3bInYwBDuMfaXTPp5KXh-&utm_source=tactile&gei=E8QDaJnjEdqNxc8PtMHIoA0&ei=E8QDaJnjEdqNxc8PtMHIoA0&fo_s=OA,SOE&opi=79508299&ebb=1&cs=0&foub=mcpp",,,"https://www.google.com/maps/place/Kung+Fu+Tea/@32.646518,-97.06060769999999,14z/data=!4m8!1m2!2m1!1sKung+Fu+Tea!3m4!1s0x864e89afe5555555:0xe8e805607770afbf!8m2!3d32.646518!4d-97.06060769999999","https://www.google.com/maps/place/Kung+Fu+Tea/@32.646518,-97.06060769999999,13.99z/data=!4m16!1m7!3m6!1s0x864e89afe5555555:0xe8e805607770afbf!2sKung+Fu+Tea!8m2!3d32.646518!4d-97.06060769999999!16s%2Fg%2F11ckvg1dmb!3m7!1s0x864e89afe5555555:0xe8e805607770afbf!8m2!3d32.646518!4d-97.06060769999999!9m1!1b1!16s%2Fg%2F11ckvg1dmb?entry=ttu",ChIJVVVV5a-JToYRv69wd2AF6Og,0x864e89afe5555555:0xe8e805607770afbf,16782669923275026367,/g/11c45nnm83,-1664074150434525249,,support@armsglobalinc.com,RECEIVING,Role,,,,,,marketing@kfteausa.com,RECEIVING,SMTP validated,,,,,,delivery_help@grubhub.com,RECEIVING,SMTP validated,,,,,,+1 724-544-6367,+1 855-538-9888,15402175182,https://www.facebook.com/kungfuteausa/,https://www.instagram.com/kungfuteausa,https://www.linkedin.com/company/kung-fu-tea,https://www.tiktok.com/@kungfutea,,,,,,,https://twitter.com/kfteausa,,,,,Menu — Kung Fu Tea | Fresh - Innovative - Fearless leading tea brand,WordPress 6.3,"Menu At Kung Fu Tea, every beverage is made-to-order with real Kung Fu. Our tea is freshly brewed every 3 hours using premium tea leaves. You can choose from classic teas, milk teas, fruit teas, slushies and more. Each drink is customized by you! You get to pick your toppings,…",,False,True
"bubble tea store, 76155, Fort Worth, TX, US",TEACo.,Teaco,https://dineoncampus.com/utarlington/hours-of-operation,Bubble tea store,Bubble tea store,Bubble tea store,,"300 W 1st St, Arlington, TX 76010",Central Arlington,300 W 1st St,Arlington,76010,Texas,Texas,United States of America,US,32.7316497,-97.11153619999999,8926cbd7603ffff,America/Chicago,,False,4.2,9,"https://search.google.com/local/reviews?placeid=ChIJqY6tSmV9ToYROZ4Rv8Vva5c&q=bubble+tea+store,+76155,+Fort+Worth,+TX,+US&authuser=0&hl=en&gl=US",,,1.0,0.0,1.0,1.0,6.0,79,https://lh3.googleusercontent.com/p/AF1QipM5K3bexUOlzyjk1KKsMaqrVOFLK5OLXCE703hp=w800-h500-k-no,https://lh3.googleusercontent.com/p/AF1QipM5K3bexUOlzyjk1KKsMaqrVOFLK5OLXCE703hp=w1600-h1000-k-no,,"{""Monday"": ""9AM-4PM"", ""Tuesday"": ""9AM-4PM"", ""Wednesday"": ""9AM-4PM"", ""Thursday"": ""9AM-4PM"", ""Friday"": ""9AM-3PM"", ""Saturday"": ""Closed"", ""Sunday"": ""Closed""}",Monday:9AM-4PM|Tuesday:9AM-4PM|Wednesday:9AM-4PM|Thursday:9AM-4PM|Friday:9AM-3PM|Saturday:Closed|Sunday:Closed,,,OPERATIONAL,"{""Service options"": {""Takeout"": true, ""Dine-in"": true, ""Delivery"": false}, ""Highlights"": {""Great tea selection"": true}, ""Accessibility"": {""Wheelchair accessible entrance"": true, ""Wheelchair accessible parking lot"": true, ""Wheelchair accessible restroom"": true}}",,,,,,False,None,TEACo.,,,,,,"https://www.google.com/maps/place/TEACo./@32.7316497,-97.11153619999999,14z/data=!4m8!1m2!2m1!1sTEACo.!3m4!1s0x864e7d654aad8ea9:0x976b6fc5bf119e39!8m2!3d32.7316497!4d-97.11153619999999","https://www.google.com/maps/place/TEACo./@32.7316497,-97.11153619999999,13.99z/data=!4m16!1m7!3m6!1s0x864e7d654aad8ea9:0x976b6fc5bf119e39!2sTEACo.!8m2!3d32.7316497!4d-97.11153619999999!16s%2Fg%2F11ckvg1dmb!3m7!1s0x864e7d654aad8ea9:0x976b6fc5bf119e39!8m2!3d32.7316497!4d-97.11153619999999!9m1!1b1!16s%2Fg%2F11ckvg1dmb?entry=ttu",ChIJqY6tSmV9ToYROZ4Rv8Vva5c,0x864e7d654aad8ea9:0x976b6fc5bf119e39,10910937417340001849,/g/11t7yknlk5,-7535806656369549767,,a.guzman@dineoncampus.com,INVALID,Invalid SMTP,Angela Guzman,Angela,Guzman,Human Resources Executive,,help@dineoncampus.com,RECEIVING,SMTP validated,,,,,,j.tychinski@dineoncampus.com,INVALID,Invalid SMTP,John Tychinski,John,Tychinski,,,15122459930,13374755496,15858993830,https://www.facebook.com/txstcommons/,,,,,,,,,,,,,,,Dine On Campus,,,,False,False
"bubble tea store, 76155, Fort Worth, TX, US",Ding Tea Mansfield,Ding Tea Mansfield,https://dingteatexas.com/,Bubble tea store,Bubble tea store,Bubble tea store,+1 817-592-3379,"3300 E Broad St ste 160, Mansfield, TX 76063",None,3300 E Broad St ste 160,Mansfield,76063,Texas,Texas,United States of America,US,32.5741507,-97.084167,8926cbc7593ffff,America/Chicago,,False,4.6,41,"https://search.google.com/local/reviews?placeid=ChIJvYuAVwOLToYRdAcVsMDEqGo&q=bubble+tea+store,+76155,+Fort+Worth,+TX,+US&authuser=0&hl=en&gl=US",,,4.0,0.0,0.0,1.0,36.0,33,https://lh3.googleusercontent.com/p/AF1QipOpy1piLoAWz2pQ8C1YFX-9Fw-LihBW2-S7Am7n=w800-h500-k-no,https://lh3.googleusercontent.com/p/AF1QipOpy1piLoAWz2pQ8C1YFX-9Fw-LihBW2-S7Am7n=w1600-h1000-k-no,,"{""Monday"": ""11AM-9PM"", ""Tuesday"": ""11AM-9PM"", ""Wednesday"": ""11AM-9PM"", ""Thursday"": ""11AM-9PM"", ""Friday"": ""11AM-10PM"", ""Saturday"": ""11AM-10PM"", ""Sunday"": ""11AM-9PM""}",Monday:11AM-9PM|Tuesday:11AM-9PM|Wednesday:11AM-9PM|Thursday:11AM-9PM|Friday:11AM-10PM|Saturday:11AM-10PM|Sunday:11AM-9PM,"[{""happy_hours"": {""Monday"": ""2-7 PM"", ""Tuesday"": ""2-7 PM"", ""Wednesday"": ""2-7 PM"", ""Thursday"": ""2-7 PM"", ""Friday"": ""Closed"", ""Saturday"": ""Closed"", ""Sunday"": ""Closed""}}]",,OPERATIONAL,"{""Service options"": {""Curbside pickup"": true, ""Delivery"": true, ""Takeout"": true, ""Dine-in"": true}, ""Highlights"": {""Great tea selection"": true}, ""Accessibility"": {""Wheelchair accessible entrance"": true, ""Wheelchair accessible parking lot"": true}}",,,https://lh3.googleusercontent.com/-IasdS2jo9D4/AAAAAAAAAAI/AAAAAAAAAAA/2U_SNVoD78s/s44-p-k-no-ns-nd/photo.jpg,,,True,114260455127742634939,Ding Tea Mansfield,https://www.google.com/maps/contrib/114260455127742634939,,"https://www.google.com/viewer/chooseprovider?mid=/g/11vx71yptr&g2lbs=AAEPWCtS7RKMQEw5y-DbNEju8R66Bj2npgTJkWs8gbCzeQC7s0uCWLD-Mc44jkJm7TRo0Px6hJWxJJvjf8BeTm5Rha5wzfj_3g%3D%3D&hl=en-US&gl=us&fo_m=MfohQo559jFvMUOzJVpjPL1YMfZ3bInYwBDuMfaXTPp5KXh-&utm_source=tactile&gei=E8QDaJnjEdqNxc8PtMHIoA0&ei=E8QDaJnjEdqNxc8PtMHIoA0&fo_s=OA,SOE&opi=79508299&ebb=1&cs=0&foub=mcpp",,,"https://www.google.com/maps/place/Ding+Tea+Mansfield/@32.5741507,-97.084167,14z/data=!4m8!1m2!2m1!1sDing+Tea+Mansfield!3m4!1s0x864e8b0357808bbd:0x6aa8c4c0b0150774!8m2!3d32.5741507!4d-97.084167","https://www.google.com/maps/place/Ding+Tea+Mansfield/@32.5741507,-97.084167,13.99z/data=!4m16!1m7!3m6!1s0x864e8b0357808bbd:0x6aa8c4c0b0150774!2sDing+Tea+Mansfield!8m2!3d32.5741507!4d-97.084167!16s%2Fg%2F11ckvg1dmb!3m7!1s0x864e8b0357808bbd:0x6aa8c4c0b0150774!8m2!3d32.5741507!4d-97.084167!9m1!1b1!16s%2Fg%2F11ckvg1dmb?entry=ttu",ChIJvYuAVwOLToYRdAcVsMDEqGo,0x864e8b0357808bbd:0x6aa8c4c0b0150774,7685609095974684532,/g/11vx71yptr,7685609095974684532,,franchise@dingteatexas.com,RECEIVING,Verified,,,,,,dingteatexas@gmail.com,RECEIVING,SMTP validated,,,,,,contact@sansoxygen.com,RECEIVING,Role,,,,,,,,,https://www.facebook.com/dingteaarlington/,https://www.instagram.com/dingteatexas,,,,,,,,,,,,https://github.com/andrew-paglinawan/,,Best Boba Tea in Texas | Ding Tea Texas,Starfield Technologies; Go Daddy Website Builder 8.0.0000,Experience the best boba tea in Texas at Ding Tea Texas. We offer a wide variety of flavors and toppings to choose from. Visit us today!,,False,False
"bubble tea store, 76155, Fort Worth, TX, US",Bambu Dessert Drinks,Bambu Dessert Drinks,https://www.drinkbambu.com/properties/grand-prairie,"Bubble tea store, Dessert shop, Juice shop, Vietnamese restaurant",Bubble tea store,Bubble tea store,+1 214-677-1470,"2625 W Pioneer Pkwy #207, Grand Prairie, TX 75051",None,2625 W Pioneer Pkwy #207,Grand Prairie,75051,Texas,Texas,United States of America,US,32.7102122,-97.0456478,8926cbd620bffff,America/Chicago,,False,4.0,335,"https://search.google.com/local/reviews?placeid=ChIJM3qkiy2GToYRo_lPAEmfR4I&q=bubble+tea+store,+76155,+Fort+Worth,+TX,+US&authuser=0&hl=en&gl=US",,,48.0,10.0,30.0,53.0,194.0,234,https://lh3.googleusercontent.com/p/AF1QipNk7XTVvFIgRghg887L7-HCy0Oc_fyKhNAknk6B=w800-h500-k-no,https://lh3.googleusercontent.com/p/AF1QipNk7XTVvFIgRghg887L7-HCy0Oc_fyKhNAknk6B=w1600-h1000-k-no,,"{""Monday"": ""10AM-8PM"", ""Tuesday"": ""10AM-8PM"", ""Wednesday"": ""10AM-8PM"", ""Thursday"": ""10AM-8PM"", ""Friday"": ""10AM-9PM"", ""Saturday"": ""10AM-9PM"", ""Sunday"": ""10AM-9PM""}",Monday:10AM-8PM|Tuesday:10AM-8PM|Wednesday:10AM-8PM|Thursday:10AM-8PM|Friday:10AM-9PM|Saturday:10AM-9PM|Sunday:10AM-9PM,,,OPERATIONAL,"{""Service options"": {""Delivery"": true, ""Onsite services"": true, ""Takeout"": true, ""Dine-in"": true}, ""Highlights"": {""Great tea selection"": true}, ""Accessibility"": {""Wheelchair accessible entrance"": true, ""Wheelchair accessible parking lot"": true, ""Wheelchair accessible restroom"": true, ""Wheelchair accessible seating"": true}, ""Parking"": {""Free parking lot"": true, ""Free street parking"": true}}",$,,https://lh5.googleusercontent.com/-_FfUomey33M/AAAAAAAAAAI/AAAAAAAAAAA/rzocPiGwW_s/s44-p-k-no-ns-nd/photo.jpg,"Cafe chain serving coffee drinks, milk tea & Asian desserts, including Vietnamese che.",,True,113578139395907129612,Bambu Dessert Drinks,https://www.google.com/maps/contrib/113578139395907129612,,"https://www.google.com/viewer/chooseprovider?mid=/g/11bbtq0btw&g2lbs=AAEPWCuLMJAxzD0LLnyIUPFkw7iHS_i75oMbY6z3IXqyV11gHDaF5aAfKDjk2Z_cxBLUK9FhFJMaKzRS--0kKvhNoxMW29ZEeg%3D%3D&hl=en-US&gl=us&fo_m=MfohQo559jFvMUOzJVpjPL1YMfZ3bInYwBDuMfaXTPp5KXh-&utm_source=tactile&gei=FMQDaPS2DOGRxc8P7ZydkA8&ei=FMQDaPS2DOGRxc8P7ZydkA8&fo_s=OA,SOE&opi=79508299&ebb=1&cs=0&foub=mcpp",,,"https://www.google.com/maps/place/Bambu+Dessert+Drinks/@32.7102122,-97.0456478,14z/data=!4m8!1m2!2m1!1sBambu+Dessert+Drinks!3m4!1s0x864e862d8ba47a33:0x82479f49004ff9a3!8m2!3d32.7102122!4d-97.0456478","https://www.google.com/maps/place/Bambu+Dessert+Drinks/@32.7102122,-97.0456478,13.99z/data=!4m16!1m7!3m6!1s0x864e862d8ba47a33:0x82479f49004ff9a3!2sBambu+Dessert+Drinks!8m2!3d32.7102122!4d-97.0456478!16s%2Fg%2F11ckvg1dmb!3m7!1s0x864e862d8ba47a33:0x82479f49004ff9a3!8m2!3d32.7102122!4d-97.0456478!9m1!1b1!16s%2Fg%2F11ckvg1dmb?entry=ttu",ChIJM3qkiy2GToYRo_lPAEmfR4I,0x864e862d8ba47a33:0x82479f49004ff9a3,9387647084163758499,/g/11bbtq0btw,-9059096989545793117,,scott@drinkbambu.com,UNKNOWN,Cannot validate,Scott Bachman,Scott,Bachman,President,0,tony@drinkbambu.com,INVALID,Cannot validate,Tony Ngyuen,Tony,Ngyuen,Founder,,rockford@drinkbambu.com,INVALID,Cannot validate,Tien Nguyen,Tien,Nguyen,Owner,18157936190,13158022866,14082839666,17279548031,https://www.facebook.com/104343772403218,,https://www.linkedin.com/company/bambulowell,,,,,,,,,,,,,Bambu Tracy | Drinkbambu,Wix.com Website Builder,"Bambu is the only franchise that delivers authentic Vietnamese dessert drinks. We also serve incredible Asian-inspired smoothies, coffees, teas, and yogurts made to order from fresh ingredients ""just the way you love it"".",,False,False
"bubble tea store, 76155, Fort Worth, TX, US",Tea Scoop Boba Tea & Smoothie,Tea Scoop Boba Tea And Smoothie,https://www.teascoopusa.com/,Bubble tea store,Bubble tea store,Bubble tea store,+1 817-617-2192,"4133 S Cooper St SUITE 303, Arlington, TX 76015",East Arlington,4133 S Cooper St SUITE 303,Arlington,76015,Texas,Texas,United States of America,US,32.6794088,-97.132842,8926cbd56b3ffff,America/Chicago,,False,4.6,215,"https://search.google.com/local/reviews?placeid=ChIJF5oImcRjToYRsUbSErsQggg&q=bubble+tea+store,+76155,+Fort+Worth,+TX,+US&authuser=0&hl=en&gl=US",,,11.0,4.0,9.0,21.0,170.0,116,https://lh3.googleusercontent.com/p/AF1QipNXs0ss4jcsDoovvYzVLL0LC_zQngommIn8XOow=w800-h500-k-no,https://lh3.googleusercontent.com/p/AF1QipNXs0ss4jcsDoovvYzVLL0LC_zQngommIn8XOow=w1600-h1000-k-no,,"{""Monday"": ""11:30AM-9PM"", ""Tuesday"": ""11:30AM-9PM"", ""Wednesday"": ""11:30AM-9PM"", ""Thursday"": ""11:30AM-9PM"", ""Friday"": ""11:30AM-10PM"", ""Saturday"": ""11:30AM-10PM"", ""Sunday"": ""11:30AM-9PM""}",Monday:11:30AM-9PM|Tuesday:11:30AM-9PM|Wednesday:11:30AM-9PM|Thursday:11:30AM-9PM|Friday:11:30AM-10PM|Saturday:11:30AM-10PM|Sunday:11:30AM-9PM,,,OPERATIONAL,"{""Service options"": {""Takeout"": true, ""Dine-in"": true}, ""Highlights"": {""Great tea selection"": true}, ""Accessibility"": {""Wheelchair accessible entrance"": true, ""Wheelchair accessible parking lot"": true, ""Wheelchair accessible restroom"": true}, ""Amenities"": {""Gender-neutral restroom"": true}}",$,,https://lh5.googleusercontent.com/-iDJ-vdxQOTo/AAAAAAAAAAI/AAAAAAAAAAA/UuVMubdZQcs/s44-p-k-no-ns-nd/photo.jpg,,,True,109175351190848179024,Tea Scoop Boba Tea & Smoothie,https://www.google.com/maps/contrib/109175351190848179024,,"https://www.google.com/viewer/chooseprovider?mid=/g/11hdtqb97y&g2lbs=AAEPWCuEE5wJBriXs4osus9nlMwtiJ5AEq9ohdAekL0RKBljNKmlzR8-0SA_QH_3XvdFb-hz6ed2z1aD3yNTMt--3T-xKrx6dA%3D%3D&hl=en-US&gl=us&fo_m=MfohQo559jFvMUOzJVpjPL1YMfZ3bInYwBDuMfaXTPp5KXh-&utm_source=tactile&gei=FMQDaPS2DOGRxc8P7ZydkA8&ei=FMQDaPS2DOGRxc8P7ZydkA8&fo_s=OA,SOE&opi=79508299&ebb=1&cs=0&foub=mcpp",,,"https://www.google.com/maps/place/Tea+Scoop+Boba+Tea+%26+Smoothie/@32.6794088,-97.132842,14z/data=!4m8!1m2!2m1!1sTea+Scoop+Boba+Tea+%26+Smoothie!3m4!1s0x864e63c499089a17:0x88210bb12d246b1!8m2!3d32.6794088!4d-97.132842","https://www.google.com/maps/place/Tea+Scoop+Boba+Tea+%26+Smoothie/@32.6794088,-97.132842,13.99z/data=!4m16!1m7!3m6!1s0x864e63c499089a17:0x88210bb12d246b1!2sTea+Scoop+Boba+Tea+%26+Smoothie!8m2!3d32.6794088!4d-97.132842!16s%2Fg%2F11ckvg1dmb!3m7!1s0x864e63c499089a17:0x88210bb12d246b1!8m2!3d32.6794088!4d-97.132842!9m1!1b1!16s%2Fg%2F11ckvg1dmb?entry=ttu",ChIJF5oImcRjToYRsUbSErsQggg,0x864e63c499089a17:0x88210bb12d246b1,613070894936508081,/g/11hdtqb97y,613070894936508081,,teascoopusa@gmail.com,RECEIVING,SMTP validated,,,,,,,,,,,,,,,,,,,,,,18176172192,1,,https://www.facebook.com/TeaScoopBobaTea/,https://www.instagram.com/tea_scoop_usa,,,,,,,,,,,,,,Home - TEA SCOOP,WordPress 5.4.7,,,,
"bubble tea store, 76155, Fort Worth, TX, US",BN Tea Bistro,Bn Tea Bistro,https://bnteabistro.wixsite.com/milktea,Bubble tea store,Bubble tea store,Bubble tea store,+1 469-454-6506,"638 Uptown Blvd SUITE 110, Cedar Hill, TX 75104",None,638 Uptown Blvd SUITE 110,Cedar Hill,75104,Texas,Texas,United States of America,US,32.5980893,-96.9443228,8926cb8b3c3ffff,America/Chicago,,False,3.7,179,"https://search.google.com/local/reviews?placeid=ChIJQTu9106NToYRWRegPXZPP6M&q=bubble+tea+store,+76155,+Fort+Worth,+TX,+US&authuser=0&hl=en&gl=US",,,44.0,10.0,6.0,8.0,111.0,105,https://lh3.googleusercontent.com/p/AF1QipNv60rHA4iTDBYI1meGa7LS28LhE_2wRPII2PpC=w800-h500-k-no,https://lh3.googleusercontent.com/p/AF1QipNv60rHA4iTDBYI1meGa7LS28LhE_2wRPII2PpC=w1600-h1000-k-no,,"{""Monday"": ""11AM-9PM"", ""Tuesday"": ""11AM-9PM"", ""Wednesday"": ""11AM-9PM"", ""Thursday"": ""11AM-9PM"", ""Friday"": ""11AM-9PM"", ""Saturday"": ""11AM-9PM"", ""Sunday"": ""11AM-9PM""}",Monday:11AM-9PM|Tuesday:11AM-9PM|Wednesday:11AM-9PM|Thursday:11AM-9PM|Friday:11AM-9PM|Saturday:11AM-9PM|Sunday:11AM-9PM,"[{""takeout"": {""Monday"": ""11 AM-9 PM"", ""Tuesday"": ""11 AM-9 PM"", ""Wednesday"": ""9 AM-9 PM"", ""Thursday"": ""11 AM-9 PM"", ""Friday"": ""10 AM-9 PM"", ""Saturday"": ""10 AM-9 PM"", ""Sunday"": ""11 AM-9 PM""}}]",,OPERATIONAL,"{""Service options"": {""Delivery"": true, ""Takeout"": true, ""Dine-in"": true}, ""Highlights"": {""Great tea selection"": true}, ""Accessibility"": {""Wheelchair accessible entrance"": true, ""Wheelchair accessible parking lot"": true}}",,,https://lh5.googleusercontent.com/-72OZuAb_BQs/AAAAAAAAAAI/AAAAAAAAAAA/LXY2_Y6TEM0/s44-p-k-no-ns-nd/photo.jpg,,,True,102463011718734141198,BN TEA BISTRO,https://www.google.com/maps/contrib/102463011718734141198,,"https://www.google.com/viewer/chooseprovider?mid=/g/11vf7fsltx&g2lbs=AAEPWCuMaLs1ZdQo1wnP2t5Wdg_lhmV9qdNI-EoYv-AfbmDaejCTV9eMLWLplX4ZAnovmTXYGtgP9_sUg1TAkaayarnZQdqqUg%3D%3D&hl=en-US&gl=us&fo_m=MfohQo559jFvMUOzJVpjPL1YMfZ3bInYwBDuMfaXTPp5KXh-&utm_source=tactile&gei=FMQDaPS2DOGRxc8P7ZydkA8&ei=FMQDaPS2DOGRxc8P7ZydkA8&fo_s=OA,SOE&opi=79508299&ebb=1&cs=0&foub=mcpp",,,"https://www.google.com/maps/place/BN+TEA+BISTRO/@32.5980893,-96.9443228,14z/data=!4m8!1m2!2m1!1sBN+TEA+BISTRO!3m4!1s0x864e8d4ed7bd3b41:0xa33f4f763da01759!8m2!3d32.5980893!4d-96.9443228","https://www.google.com/maps/place/BN+TEA+BISTRO/@32.5980893,-96.9443228,13.99z/data=!4m16!1m7!3m6!1s0x864e8d4ed7bd3b41:0xa33f4f763da01759!2sBN+TEA+BISTRO!8m2!3d32.5980893!4d-96.9443228!16s%2Fg%2F11ckvg1dmb!3m7!1s0x864e8d4ed7bd3b41:0xa33f4f763da01759!8m2!3d32.5980893!4d-96.9443228!9m1!1b1!16s%2Fg%2F11ckvg1dmb?entry=ttu",ChIJQTu9106NToYRWRegPXZPP6M,0x864e8d4ed7bd3b41:0xa33f4f763da01759,11763208120973662041,/g/11vf7fsltx,-6683535952735889575,,,,,,,,,,,,,,,,,,,,,,,,,,,,,,,,,,,,,,,,,,,,,,,,,
"bubble tea store, 76155, Fort Worth, TX, US",Kokee Tea,Kokee Tea,http://kokeetea.com/,Bubble tea store,Bubble tea store,Bubble tea store,+1 949-527-2731,"3811 S Cooper St #2052, Arlington, TX 76015",East Arlington,3811 S Cooper St #2052,Arlington,76015,Texas,Texas,United States of America,US,32.6798877,-97.13010489999999,8926cbd56b7ffff,America/Chicago,,False,3.4,89,"https://search.google.com/local/reviews?placeid=ChIJqR9PHXdjToYR2JZRiMAEm_I&q=bubble+tea+store,+76155,+Fort+Worth,+TX,+US&authuser=0&hl=en&gl=US",,,23.0,8.0,6.0,14.0,38.0,166,https://lh3.googleusercontent.com/p/AF1QipPBpAkDIfpKbGoUcZk5rRFXCLW4X2dDt7SGKoY8=w800-h500-k-no,https://lh3.googleusercontent.com/p/AF1QipPBpAkDIfpKbGoUcZk5rRFXCLW4X2dDt7SGKoY8=w1600-h1000-k-no,,"{""Monday"": ""11AM-8PM"", ""Tuesday"": ""11AM-8PM"", ""Wednesday"": ""11AM-8PM"", ""Thursday"": ""11AM-8PM"", ""Friday"": ""11AM-9PM"", ""Saturday"": ""11AM-9PM"", ""Sunday"": ""12-6PM""}",Monday:11AM-8PM|Tuesday:11AM-8PM|Wednesday:11AM-8PM|Thursday:11AM-8PM|Friday:11AM-9PM|Saturday:11AM-9PM|Sunday:12-6PM,,,OPERATIONAL,"{""Service options"": {""Delivery"": true, ""Takeout"": true, ""Dine-in"": true}, ""Highlights"": {""Great tea selection"": true}, ""Accessibility"": {""Wheelchair accessible entrance"": true, ""Wheelchair accessible parking lot"": true, ""Wheelchair accessible restroom"": false, ""Wheelchair accessible seating"": false}}",$,,https://lh6.googleusercontent.com/-DH_6A9PudKU/AAAAAAAAAAI/AAAAAAAAAAA/Q5eWlX_XDTQ/s44-p-k-no-ns-nd/photo.jpg,,,True,102217127484789817586,Kokee Tea,https://www.google.com/maps/contrib/102217127484789817586,,"https://www.google.com/viewer/chooseprovider?mid=/g/11fsvpf29v&g2lbs=AAEPWCtFBagzlfT9FQ5p-PUZKz7RZ-vn2vtdo0QRTNVXGv-r6VUUwn7X1gb9QxWJ5MOpzlgXekNzGk4A9-_dGH1681y6GiJyqA%3D%3D&hl=en-US&gl=us&fo_m=MfohQo559jFvMUOzJVpjPL1YMfZ3bInYwBDuMfaXTPp5KXh-&utm_source=tactile&gei=FMQDaPS2DOGRxc8P7ZydkA8&ei=FMQDaPS2DOGRxc8P7ZydkA8&fo_s=OA,SOE&opi=79508299&ebb=1&cs=0&foub=mcpp",,,"https://www.google.com/maps/place/Kokee+Tea/@32.6798877,-97.13010489999999,14z/data=!4m8!1m2!2m1!1sKokee+Tea!3m4!1s0x864e63771d4f1fa9:0xf29b04c0885196d8!8m2!3d32.6798877!4d-97.13010489999999","https://www.google.com/maps/place/Kokee+Tea/@32.6798877,-97.13010489999999,13.99z/data=!4m16!1m7!3m6!1s0x864e63771d4f1fa9:0xf29b04c0885196d8!2sKokee+Tea!8m2!3d32.6798877!4d-97.13010489999999!16s%2Fg%2F11ckvg1dmb!3m7!1s0x864e63771d4f1fa9:0xf29b04c0885196d8!8m2!3d32.6798877!4d-97.13010489999999!9m1!1b1!16s%2Fg%2F11ckvg1dmb?entry=ttu",ChIJqR9PHXdjToYR2JZRiMAEm_I,0x864e63771d4f1fa9:0xf29b04c0885196d8,17481571603535992536,/g/11fsvpf29v,-965172470173559080,,hello@kokeetea.com,INVALID,SMTP validated,,,,,,,,,,,,,,,,,,,,,,14432571200,16823602148,,https://www.facebook.com/620026461667536,,,,,,,,,,,,,,,"Kokee Tea - Finest, freshest flavored Bubble Tea",Wix.com Website Builder,"Kokee Tea - Boba, Tea, Finest, freshest flavored Bubble Tea, Hug in a Cup. Natural Ingredients. Precise Recipes. Hand-Crafted Drinks. All Natural Golden Cane Sugar / No Fructose",,False,False
"bubble tea store, 76155, Fort Worth, TX, US",Gong Cha Lewisville,Gong Cha Lewisville,https://www.gongchausa.com/,Bubble tea store,Bubble tea store,Bubble tea store,+1 214-513-9124,"2405 S Stemmons Fwy #132, Lewisville, TX 75067",None,2405 S Stemmons Fwy #132,Lewisville,75067,Texas,Texas,United States of America,US,33.0026922,-96.9706149,8926c8605d7ffff,America/Chicago,,False,4.0,73,"https://search.google.com/local/reviews?placeid=ChIJo7qtZkkvTIYRwEAXBiNwPzk&q=bubble+tea+store,+76155,+Fort+Worth,+TX,+US&authuser=0&hl=en&gl=US",,,10.0,5.0,5.0,10.0,43.0,134,https://lh3.googleusercontent.com/p/AF1QipO_9y6vos9xo5yOnH4Zoz6pJhHI9yEF4kJH1GQI=w800-h500-k-no,https://lh3.googleusercontent.com/p/AF1QipO_9y6vos9xo5yOnH4Zoz6pJhHI9yEF4kJH1GQI=w1600-h1000-k-no,,"{""Monday"": ""11AM-8:30PM"", ""Tuesday"": ""11AM-8:30PM"", ""Wednesday"": ""11AM-8:30PM"", ""Thursday"": ""11AM-8:30PM"", ""Friday"": ""11AM-8:30PM"", ""Saturday"": ""11AM-8:30PM"", ""Sunday"": ""11AM-8:30PM""}",Monday:11AM-8:30PM|Tuesday:11AM-8:30PM|Wednesday:11AM-8:30PM|Thursday:11AM-8:30PM|Friday:11AM-8:30PM|Saturday:11AM-8:30PM|Sunday:11AM-8:30PM,,,OPERATIONAL,"{""Service options"": {""Delivery"": true, ""Onsite services"": true, ""Takeout"": true, ""Dine-in"": true}, ""Highlights"": {""Great tea selection"": true}, ""Accessibility"": {""Wheelchair accessible entrance"": true, ""Wheelchair accessible parking lot"": true, ""Wheelchair accessible restroom"": true}}",$,,https://lh3.googleusercontent.com/-1zrdV92Xhjg/AAAAAAAAAAI/AAAAAAAAAAA/VhNJoGA4O-4/s44-p-k-no-ns-nd/photo.jpg,,,True,114852947480879517275,Gong Cha Lewisville,https://www.google.com/maps/contrib/114852947480879517275,,"https://www.google.com/viewer/chooseprovider?mid=/g/11fq8kv2sm&g2lbs=AAEPWCvRIbkX0PuzXVJaAhuSN_qSkonYLDjsOs_1lDz8bQLnfXm517YcoHrvO-05HKetPVMutxwNKApTPIE_mcuRw3n86BAZHQ%3D%3D&hl=en-US&gl=us&fo_m=MfohQo559jFvMUOzJVpjPL1YMfZ3bInYwBDuMfaXTPp5KXh-&utm_source=tactile&gei=FMQDaPS2DOGRxc8P7ZydkA8&ei=FMQDaPS2DOGRxc8P7ZydkA8&fo_s=OA,SOE&opi=79508299&ebb=1&cs=0&foub=mcpp",,,"https://www.google.com/maps/place/Gong+Cha+Lewisville/@33.0026922,-96.9706149,14z/data=!4m8!1m2!2m1!1sGong+Cha+Lewisville!3m4!1s0x864c2f4966adbaa3:0x393f7023061740c0!8m2!3d33.0026922!4d-96.9706149","https://www.google.com/maps/place/Gong+Cha+Lewisville/@33.0026922,-96.9706149,13.99z/data=!4m16!1m7!3m6!1s0x864c2f4966adbaa3:0x393f7023061740c0!2sGong+Cha+Lewisville!8m2!3d33.0026922!4d-96.9706149!16s%2Fg%2F11ckvg1dmb!3m7!1s0x864c2f4966adbaa3:0x393f7023061740c0!8m2!3d33.0026922!4d-96.9706149!9m1!1b1!16s%2Fg%2F11ckvg1dmb?entry=ttu",ChIJo7qtZkkvTIYRwEAXBiNwPzk,0x864c2f4966adbaa3:0x393f7023061740c0,4125139079423017152,/g/11fq8kv2sm,4125139079423017152,,inquiries@gongchausa.com,RECEIVING,SMTP validated,Anchal Lamba,Anchal,Lamba,Managing Member,12123982716,anchal@gongchausa.com,RECEIVING,SMTP validated,Anchal Lamba,Anchal,Lamba,President,15163839000,rborgia@gongchausa.com,INVALID,Invalid SMTP,Robert Borgia,Robert,Borgia,Could Not Locate,15167496919,5168135642,15624748745,14697099380,https://www.facebook.com/gongchatea/,http://instagram.com/gongchatea,https://www.linkedin.com/company/gong-cha,https://www.tiktok.com/@gongcha.bubbletea,,,,,,,https://twitter.com/gongchatea,,,,,New Jersey – Jersey City - Gong cha,All in One SEO (AIOSEO) 4.7.7.2,Premium Quality Bubble Tea,,False,False
"bubble tea store, 76155, Fort Worth, TX, US",Totally Tea,Totally Tea,http://thatbobatho.com/,Coffee shop,coffee shops,Coffee shop,,"3880 Irving Mall, Irving, TX 75062",None,3880 Irving Mall,Irving,75062,Texas,Texas,United States of America,US,32.8404735,-96.99501289999999,8926c86c58bffff,America/Chicago,,False,3.6,89,"https://search.google.com/local/reviews?placeid=ChIJ_7F33mSDToYRXOOHUxTVwBI&q=bubble+tea+store,+76155,+Fort+Worth,+TX,+US&authuser=0&hl=en&gl=US",,,26.0,4.0,2.0,2.0,55.0,11,https://lh3.googleusercontent.com/p/AF1QipNUCbRWNDCYeC96cceWww8RKV7HheJkQooTbUqT=w800-h500-k-no,https://lh3.googleusercontent.com/p/AF1QipNUCbRWNDCYeC96cceWww8RKV7HheJkQooTbUqT=w1600-h1000-k-no,,"{""Monday"": ""11AM-8PM"", ""Tuesday"": ""11AM-8PM"", ""Wednesday"": ""11AM-8PM"", ""Thursday"": ""11AM-8PM"", ""Friday"": ""11AM-8PM"", ""Saturday"": ""11AM-8PM"", ""Sunday"": ""12-6PM""}",Monday:11AM-8PM|Tuesday:11AM-8PM|Wednesday:11AM-8PM|Thursday:11AM-8PM|Friday:11AM-8PM|Saturday:11AM-8PM|Sunday:12-6PM,,,OPERATIONAL,"{""Service options"": {""Takeout"": true, ""Dine-in"": true, ""Delivery"": false}, ""Highlights"": {""Great coffee"": true, ""Great tea selection"": true}, ""Popular for"": {""Solo dining"": true}, ""Accessibility"": {""Wheelchair accessible entrance"": true, ""Wheelchair accessible parking lot"": true}, ""Offerings"": {""Coffee"": true, ""Quick bite"": true}, ""Dining options"": {""Dessert"": true}, ""Atmosphere"": {""Casual"": true, ""Cozy"": true, ""Trendy"": true}, ""Crowd"": {""College students"": true, ""Groups"": true, ""Tourists"": true}, ""Payments"": {""Credit cards"": true, ""Debit cards"": true, ""NFC mobile payments"": true}, ""Children"": {""Good for kids"": true}, ""Parking"": {""Free parking lot"": true, ""Free street parking"": true}}",,,https://lh5.googleusercontent.com/-HHn0ThGNg-4/AAAAAAAAAAI/AAAAAAAAAAA/RBGUixMbaGQ/s44-p-k-no-ns-nd/photo.jpg,,,True,102094490975505372994,Totally Tea,https://www.google.com/maps/contrib/102094490975505372994,,,,,"https://www.google.com/maps/place/Totally+Tea/@32.8404735,-96.99501289999999,14z/data=!4m8!1m2!2m1!1sTotally+Tea!3m4!1s0x864e8364de77b1ff:0x12c0d5145387e35c!8m2!3d32.8404735!4d-96.99501289999999","https://www.google.com/maps/place/Totally+Tea/@32.8404735,-96.99501289999999,13.99z/data=!4m16!1m7!3m6!1s0x864e8364de77b1ff:0x12c0d5145387e35c!2sTotally+Tea!8m2!3d32.8404735!4d-96.99501289999999!16s%2Fg%2F11ckvg1dmb!3m7!1s0x864e8364de77b1ff:0x12c0d5145387e35c!8m2!3d32.8404735!4d-96.99501289999999!9m1!1b1!16s%2Fg%2F11ckvg1dmb?entry=ttu",ChIJ_7F33mSDToYRXOOHUxTVwBI,0x864e8364de77b1ff:0x12c0d5145387e35c,1351314171488625500,/g/11q9j0r2b7,1351314171488625500,,info@thatbobatho.com,RECEIVING,SMTP validated,,,,,,,,,,,,,,,,,,,,,,,,,,,,,,,,,,,,,,,,Totally Tea,WordPress 6.0.2,,,False,False
"bubble tea store, 76155, Fort Worth, TX, US",Blasty Boba & Baguette,Blasty Boba And Baguette,http://www.blastybobabaguette.com/,Asian restaurant,restaurants,Asian restaurant,+1 817-849-2484,"5601 Basswood Blvd #189, Fort Worth, TX 76137",Parkwood Hills Estates,5601 Basswood Blvd #189,Fort Worth,76137,Texas,Texas,United States of America,US,32.874746699999996,-97.263035,8926caa6d7bffff,America/Chicago,,False,4.3,106,"https://search.google.com/local/reviews?placeid=ChIJXwWuSp3XTYYRDW7U-dsAksI&q=bubble+tea+store,+76155,+Fort+Worth,+TX,+US&authuser=0&hl=en&gl=US",,,9.0,2.0,12.0,9.0,74.0,133,https://lh3.googleusercontent.com/p/AF1QipMYdNAf5umY4OuN11mBVVNjiOxJ8-pD368d6G4J=w800-h500-k-no,https://lh3.googleusercontent.com/p/AF1QipMYdNAf5umY4OuN11mBVVNjiOxJ8-pD368d6G4J=w1600-h1000-k-no,,"{""Monday"": ""11AM-9PM"", ""Tuesday"": ""11AM-9PM"", ""Wednesday"": ""11AM-9PM"", ""Thursday"": ""11AM-9PM"", ""Friday"": ""11AM-9PM"", ""Saturday"": ""11AM-9PM"", ""Sunday"": ""11AM-9PM""}",Monday:11AM-9PM|Tuesday:11AM-9PM|Wednesday:11AM-9PM|Thursday:11AM-9PM|Friday:11AM-9PM|Saturday:11AM-9PM|Sunday:11AM-9PM,,,OPERATIONAL,"{""Service options"": {""Delivery"": true, ""Takeout"": true, ""Dine-in"": true}, ""Highlights"": {""Great coffee"": true, ""Great tea selection"": true}, ""Popular for"": {""Lunch"": true, ""Solo dining"": true}, ""Accessibility"": {""Wheelchair accessible entrance"": true, ""Wheelchair accessible parking lot"": true, ""Wheelchair accessible restroom"": true, ""Wheelchair accessible seating"": true}, ""Offerings"": {""Coffee"": true, ""Comfort food"": true, ""Quick bite"": true, ""Small plates"": true}, ""Dining options"": {""Lunch"": true, ""Dessert"": true}, ""Amenities"": {""Restroom"": true}, ""Atmosphere"": {""Casual"": true, ""Cozy"": true, ""Trendy"": true}, ""Crowd"": {""College students"": true, ""Groups"": true}, ""Payments"": {""Credit cards"": true, ""Debit cards"": true, ""NFC mobile payments"": true}, ""Children"": {""Good for kids"": true}, ""Parking"": {""Free parking lot"": true, ""Free street parking"": true}}",$,,https://lh4.googleusercontent.com/-2yXaU30YOak/AAAAAAAAAAI/AAAAAAAAAAA/QoNQEOW-egA/s44-p-k-no-ns-nd/photo.jpg,,,True,100735128157980582008,Blasty Boba & Baguette,https://www.google.com/maps/contrib/100735128157980582008,,"https://www.google.com/viewer/chooseprovider?mid=/g/11sz0kfg00&g2lbs=AAEPWCsidnTY1te8Aspuhr3w2MCJHD22n91DkisZwn6nzNPDsFLZ4RqOzrLgiSL6QrK6Be9cMbnKSaOoTk3M-b8bbU5XJnIDlg%3D%3D&hl=en-US&gl=us&fo_m=MfohQo559jFvMUOzJVpjPL1YMfZ3bInYwBDuMfaXTPp5KXh-&utm_source=tactile&gei=FMQDaPS2DOGRxc8P7ZydkA8&ei=FMQDaPS2DOGRxc8P7ZydkA8&fo_s=OA,SOE&opi=79508299&ebb=1&cs=0&foub=mcpp",,,"https://www.google.com/maps/place/Blasty+Boba+%26+Baguette/@32.874746699999996,-97.263035,14z/data=!4m8!1m2!2m1!1sBlasty+Boba+%26+Baguette!3m4!1s0x864dd79d4aae055f:0xc29200dbf9d46e0d!8m2!3d32.874746699999996!4d-97.263035","https://www.google.com/maps/place/Blasty+Boba+%26+Baguette/@32.874746699999996,-97.263035,13.99z/data=!4m16!1m7!3m6!1s0x864dd79d4aae055f:0xc29200dbf9d46e0d!2sBlasty+Boba+%26+Baguette!8m2!3d32.874746699999996!4d-97.263035!16s%2Fg%2F11ckvg1dmb!3m7!1s0x864dd79d4aae055f:0xc29200dbf9d46e0d!8m2!3d32.874746699999996!4d-97.263035!9m1!1b1!16s%2Fg%2F11ckvg1dmb?entry=ttu",ChIJXwWuSp3XTYYRDW7U-dsAksI,0x864dd79d4aae055f:0xc29200dbf9d46e0d,14020269534747061773,/g/11sz0kfg00,-4426474538962489843,,blastybb@gmail.com,RECEIVING,SMTP validated,,,,,,,,,,,,,,,,,,,,,,,,,,,,,,,,,,,,,,,,Boba Shop | Blasty Boba & Baguette | Fort Worth,Wix.com Website Builder,"Black Sugar Milk, Boba Tea, Fruit Tea, Vietnamese Baguette, Vietnamese Street Food",,False,False
"bubble tea store, 76155, Fort Worth, TX, US",1102 Bubble Tea & Coffee Watauga,1102 Bubble Tea And Coffee Watauga,http://www.1102usa.com/,Coffee shop,coffee shops,Coffee shop,+1 817-479-6438,"6245 Rufe Snow Dr Suite 120, Watauga, TX 76148",None,6245 Rufe Snow Dr Suite 120,Watauga,76148,Texas,Texas,United States of America,US,32.858367,-97.23867589999999,8926c869a63ffff,America/Chicago,,False,3.9,97,"https://search.google.com/local/reviews?placeid=ChIJQ4o2_r95ToYRNBgGYB3lz4s&q=bubble+tea+store,+76155,+Fort+Worth,+TX,+US&authuser=0&hl=en&gl=US",,,13.0,11.0,7.0,7.0,59.0,68,https://lh3.googleusercontent.com/p/AF1QipPYiskiwEBbEfYWQ-0lxhQpxT_p6t_DEXErX5lG=w800-h500-k-no,https://lh3.googleusercontent.com/p/AF1QipPYiskiwEBbEfYWQ-0lxhQpxT_p6t_DEXErX5lG=w1600-h1000-k-no,,"{""Monday"": ""11AM-9PM"", ""Tuesday"": ""11AM-9PM"", ""Wednesday"": ""11AM-9PM"", ""Thursday"": ""11AM-9PM"", ""Friday"": ""11AM-9PM"", ""Saturday"": ""11AM-9PM"", ""Sunday"": ""12-9PM""}",Monday:11AM-9PM|Tuesday:11AM-9PM|Wednesday:11AM-9PM|Thursday:11AM-9PM|Friday:11AM-9PM|Saturday:11AM-9PM|Sunday:12-9PM,,,OPERATIONAL,"{""Service options"": {""No-contact delivery"": true, ""Delivery"": true, ""Takeout"": true, ""Dine-in"": true}, ""Highlights"": {""Great coffee"": true, ""Great dessert"": true, ""Great tea selection"": true}, ""Popular for"": {""Solo dining"": true}, ""Accessibility"": {""Wheelchair accessible entrance"": true, ""Wheelchair accessible parking lot"": true}, ""Offerings"": {""Coffee"": true}, ""Dining options"": {""Dessert"": true, ""Seating"": true}, ""Atmosphere"": {""Casual"": true, ""Cozy"": true, ""Trendy"": true}, ""Crowd"": {""College students"": true}, ""Payments"": {""Credit cards"": true, ""Debit cards"": true, ""NFC mobile payments"": true}, ""Children"": {""Good for kids"": true}, ""Parking"": {""Free parking lot"": true, ""Free street parking"": true, ""Parking"": true}}",$,,https://lh4.googleusercontent.com/-1giF0zxYXcY/AAAAAAAAAAI/AAAAAAAAAAA/TkYzp8S62yk/s44-p-k-no-ns-nd/photo.jpg,,,True,111646713522848753563,1102 Bubble Tea & Coffee Watauga,https://www.google.com/maps/contrib/111646713522848753563,,"https://www.google.com/viewer/chooseprovider?mid=/g/11tk90nxnw&g2lbs=AAEPWCsf7vHEuPKbzHJLtYpcIuaozcBx7Mzz-W_7d3ZswmqvOBD5POYLGRX0L-T4G4pE9psVGVKw7GwsdRrJc3lCDWp_ApaS3w%3D%3D&hl=en-US&gl=us&fo_m=MfohQo559jFvMUOzJVpjPL1YMfZ3bInYwBDuMfaXTPp5KXh-&utm_source=tactile&gei=FMQDaPS2DOGRxc8P7ZydkA8&ei=FMQDaPS2DOGRxc8P7ZydkA8&fo_s=OA,SOE&opi=79508299&ebb=1&cs=0&foub=mcpp",,,"https://www.google.com/maps/place/1102+Bubble+Tea+%26+Coffee+Watauga/@32.858367,-97.23867589999999,14z/data=!4m8!1m2!2m1!1s1102+Bubble+Tea+%26+Coffee+Watauga!3m4!1s0x864e79bffe368a43:0x8bcfe51d60061834!8m2!3d32.858367!4d-97.23867589999999","https://www.google.com/maps/place/1102+Bubble+Tea+%26+Coffee+Watauga/@32.858367,-97.23867589999999,13.99z/data=!4m16!1m7!3m6!1s0x864e79bffe368a43:0x8bcfe51d60061834!2s1102+Bubble+Tea+%26+Coffee+Watauga!8m2!3d32.858367!4d-97.23867589999999!16s%2Fg%2F11ckvg1dmb!3m7!1s0x864e79bffe368a43:0x8bcfe51d60061834!8m2!3d32.858367!4d-97.23867589999999!9m1!1b1!16s%2Fg%2F11ckvg1dmb?entry=ttu",ChIJQ4o2_r95ToYRNBgGYB3lz4s,0x864e79bffe368a43:0x8bcfe51d60061834,10074522805778913332,/g/11tk90nxnw,-8372221267930638284,,1102teaandbites@gmail.com,RECEIVING,SMTP validated,,,,,,,,,,,,,,,,,,,,,,16822524062,,,https://www.facebook.com/1102bubbleteaandbites/,,,,,,,,,,,,,,,"1102 Bubble Tea & Coffee │ Arlington, Texas",WordPress 5.1.1,"1102 Bubble Tea & Coffee is your neighborhood tea shop in the cities of Arlington, Waco, and Fort Worth, Texas, serving beverages bursting with flavors.","1102 Bubble Tea & Coffee,1102 Bubble Tea & Coffee in Arlington,1102 Bubble Tea & Coffee in Texas,Tea,Milk Tea,Matcha,Green Tea,Bubble Tea,Smoothies,Tea Arlington,Milk Tea Arlington,Matcha Arlington,Green Tea Arlington,Bubble Tea Arlington,Smoothies Arlington,Tea Texas,Milk Tea Texas,Matcha Texas,Green Tea Texas,Bubble Tea Texas,Smoothies Texas,Tea in Waco,Milk Tea in Waco,Matcha in Waco,Green Tea in Waco,Bubble Tea in Waco,Smoothies in Waco,Tea in Fort Worth,Milk Tea in Fort Worth,Matcha in Fort Worth,Green Tea in Fort Worth,Bubble Tea in Fort Worth,Smoothies in Fort Worth,Tea in TX,Milk Tea in TX,Matcha in TX,Green Tea in TX,Bubble Tea in TX,Smoothies in TX",,
"bubble tea store, 76155, Fort Worth, TX, US",Gong Cha Flower Mound - Boba Tea,Gong Cha Flower Mound Boba Tea,https://gongchausa.com/,"Bubble tea store, Board game club, Coffee shop, Tea house",Bubble tea store,Bubble tea store,+1 214-513-2321,"2321 Cross Timbers Rd Ste 421, Flower Mound, TX 75028",None,2321 Cross Timbers Rd Ste 421,Flower Mound,75028,Texas,Texas,United States of America,US,33.034460599999996,-97.0651539,8926c8632cfffff,America/Chicago,,False,4.7,35,"https://search.google.com/local/reviews?placeid=ChIJS_AqDfItTIYRNHjGnhSIPJY&q=bubble+tea+store,+76155,+Fort+Worth,+TX,+US&authuser=0&hl=en&gl=US",,,2.0,0.0,1.0,0.0,32.0,111,https://lh3.googleusercontent.com/p/AF1QipOOxRBGpm6MOQug9JrBdeVkcImjvMyK0rmGSJ0q=w800-h500-k-no,https://lh3.googleusercontent.com/p/AF1QipOOxRBGpm6MOQug9JrBdeVkcImjvMyK0rmGSJ0q=w1600-h1000-k-no,,"{""Monday"": ""11AM-9PM"", ""Tuesday"": ""11AM-9PM"", ""Wednesday"": ""11AM-9PM"", ""Thursday"": ""11AM-9PM"", ""Friday"": ""11AM-10PM"", ""Saturday"": ""11AM-10PM"", ""Sunday"": ""11AM-9PM""}",Monday:11AM-9PM|Tuesday:11AM-9PM|Wednesday:11AM-9PM|Thursday:11AM-9PM|Friday:11AM-10PM|Saturday:11AM-10PM|Sunday:11AM-9PM,,,OPERATIONAL,"{""From the business"": {""Identifies as Asian-owned"": true, ""Identifies as women-owned"": true}, ""Service options"": {""Delivery"": true, ""Takeout"": true, ""Dine-in"": true, ""Onsite services"": false}, ""Highlights"": {""Great tea selection"": true}, ""Accessibility"": {""Wheelchair accessible entrance"": true, ""Wheelchair accessible parking lot"": true, ""Wheelchair accessible restroom"": true}, ""Amenities"": {""Gender-neutral restroom"": true}, ""Parking"": {""Free parking lot"": true, ""Free street parking"": true}, ""Other"": {""Identifies as women-owned"": true, ""Identifies as Asian-owned"": true}}",$,,https://lh6.googleusercontent.com/-F-hbHBfY22M/AAAAAAAAAAI/AAAAAAAAAAA/2QE9TXBRW8c/s44-p-k-no-ns-nd/photo.jpg,,,True,104472004950015547683,Gong Cha Flower Mound - Boba Tea,https://www.google.com/maps/contrib/104472004950015547683,,"https://www.google.com/viewer/chooseprovider?mid=/g/11y61br26j&g2lbs=AAEPWCvUB7A-Kz2i9ArtdSyZQ-l-GX9jzZsF0VsPSxYG7t3njKKiSnaAGOMHe9KBuIhTw7F4mNuOrlrnNX2H3nTiTBBgaBxXUA%3D%3D&hl=en-US&gl=us&fo_m=MfohQo559jFvMUOzJVpjPL1YMfZ3bInYwBDuMfaXTPp5KXh-&utm_source=tactile&gei=FMQDaPS2DOGRxc8P7ZydkA8&ei=FMQDaPS2DOGRxc8P7ZydkA8&fo_s=OA,SOE&opi=79508299&ebb=1&cs=0&foub=mcpp",,,"https://www.google.com/maps/place/Gong+Cha+Flower+Mound+-+Boba+Tea/@33.034460599999996,-97.0651539,14z/data=!4m8!1m2!2m1!1sGong+Cha+Flower+Mound+-+Boba+Tea!3m4!1s0x864c2df20d2af04b:0x963c88149ec67834!8m2!3d33.034460599999996!4d-97.0651539","https://www.google.com/maps/place/Gong+Cha+Flower+Mound+-+Boba+Tea/@33.034460599999996,-97.0651539,13.99z/data=!4m16!1m7!3m6!1s0x864c2df20d2af04b:0x963c88149ec67834!2sGong+Cha+Flower+Mound+-+Boba+Tea!8m2!3d33.034460599999996!4d-97.0651539!16s%2Fg%2F11ckvg1dmb!3m7!1s0x864c2df20d2af04b:0x963c88149ec67834!8m2!3d33.034460599999996!4d-97.0651539!9m1!1b1!16s%2Fg%2F11ckvg1dmb?entry=ttu",ChIJS_AqDfItTIYRNHjGnhSIPJY,0x864c2df20d2af04b:0x963c88149ec67834,10825677226436360244,/g/11y61br26j,-7621066847273191372,,inquiries@gongchausa.com,RECEIVING,SMTP validated,Anchal Lamba,Anchal,Lamba,Managing Member,12123982716,anchal@gongchausa.com,RECEIVING,SMTP validated,Anchal Lamba,Anchal,Lamba,President,15163839000,rborgia@gongchausa.com,INVALID,Invalid SMTP,Robert Borgia,Robert,Borgia,Could Not Locate,15167496919,5168135642,15624748745,14697099380,https://www.facebook.com/gongchatea/,http://instagram.com/gongchatea,https://www.linkedin.com/company/gong-cha,https://www.tiktok.com/@gongcha.bubbletea,,,,,,,https://twitter.com/gongchatea,,,,,New Jersey – Jersey City - Gong cha,All in One SEO (AIOSEO) 4.7.7.2,Premium Quality Bubble Tea,,False,False
"bubble tea store, 76155, Fort Worth, TX, US",CHICKONUT - Southlake,Chickonut Southlake,http://chickonutsouthlaketx.com/,"Bubble tea store, Asian fusion restaurant, Fried chicken takeaway",Asian fusion restaurant,Bubble tea store,+1 682-628-7618,"2801 E Southlake Blvd Ste 100, Southlake, TX 76092",None,2801 E Southlake Blvd Ste 100,Southlake,76092,Texas,Texas,United States of America,US,32.9374823,-97.107434,8926c86a8c3ffff,America/Chicago,,False,4.8,91,"https://search.google.com/local/reviews?placeid=ChIJXYLbrz7VTYYRITgTJlvSksk&q=bubble+tea+store,+76155,+Fort+Worth,+TX,+US&authuser=0&hl=en&gl=US",,,1.0,1.0,2.0,6.0,81.0,216,https://lh3.googleusercontent.com/p/AF1QipOfmPYe-hepyOz0jEXDS0982mEhhjwLt-16DppM=w800-h500-k-no,https://lh3.googleusercontent.com/p/AF1QipOfmPYe-hepyOz0jEXDS0982mEhhjwLt-16DppM=w1600-h1000-k-no,,"{""Monday"": ""11AM-9PM"", ""Tuesday"": ""11AM-9PM"", ""Wednesday"": ""11AM-9PM"", ""Thursday"": ""11AM-9PM"", ""Friday"": ""11AM-9PM"", ""Saturday"": ""11AM-9PM"", ""Sunday"": ""11AM-9PM""}",Monday:11AM-9PM|Tuesday:11AM-9PM|Wednesday:11AM-9PM|Thursday:11AM-9PM|Friday:11AM-9PM|Saturday:11AM-9PM|Sunday:11AM-9PM,"[{""happy_hours"": {""Monday"": ""3-5 PM"", ""Tuesday"": ""3-5 PM"", ""Wednesday"": ""3-5 PM"", ""Thursday"": ""3-5 PM"", ""Friday"": ""Closed"", ""Saturday"": ""Closed"", ""Sunday"": ""Closed""}}]",,OPERATIONAL,"{""From the business"": {""Identifies as Asian-owned"": true, ""Identifies as women-owned"": true}, ""Service options"": {""Outdoor seating"": true, ""No-contact delivery"": true, ""Delivery"": true, ""Takeout"": true, ""Dine-in"": true}, ""Highlights"": {""Sports"": true}, ""Popular for"": {""Lunch"": true, ""Dinner"": true, ""Solo dining"": true}, ""Accessibility"": {""Wheelchair accessible entrance"": true, ""Wheelchair accessible parking lot"": true, ""Wheelchair accessible seating"": true}, ""Offerings"": {""Coffee"": true, ""Comfort food"": true, ""Happy hour drinks"": true, ""Happy hour food"": true, ""Quick bite"": true, ""Vegetarian options"": true}, ""Dining options"": {""Lunch"": true, ""Dinner"": true, ""Catering"": true, ""Seating"": true}, ""Amenities"": {""Restroom"": true}, ""Atmosphere"": {""Casual"": true, ""Trendy"": true}, ""Crowd"": {""Family-friendly"": true}, ""Payments"": {""Credit cards"": true, ""Debit cards"": true, ""NFC mobile payments"": true}, ""Children"": {""Good for kids"": true, ""High chairs"": true}, ""Parking"": {""Free parking lot"": true, ""Free street parking"": true, ""On-site parking"": true, ""Parking"": true}, ""Other"": {""Identifies as women-owned"": true, ""Identifies as Asian-owned"": true}}",$$,,https://lh4.googleusercontent.com/-qJM2ZS5pn94/AAAAAAAAAAI/AAAAAAAAAAA/sTGNwBJaKXs/s44-p-k-no-ns-nd/photo.jpg,,,True,116999966621128746789,CHICKONUT - Southlake,https://www.google.com/maps/contrib/116999966621128746789,,"https://www.google.com/viewer/chooseprovider?mid=/g/11wq6zhs7r&g2lbs=AAEPWCuIdsaYbPRDkrvsi-o05WfZLQiYinj47kZkBCX_W4vKJFwqFP1GhuCD_znlucUI6XiU7zfT5iQzgtEQ9Xu5nDJAdW6BGQ%3D%3D&hl=en-US&gl=us&fo_m=MfohQo559jFvMUOzJVpjPL1YMfZ3bInYwBDuMfaXTPp5KXh-&utm_source=tactile&gei=FMQDaPS2DOGRxc8P7ZydkA8&ei=FMQDaPS2DOGRxc8P7ZydkA8&fo_s=OA,SOE&opi=79508299&ebb=1&cs=0&foub=mcpp",,,"https://www.google.com/maps/place/CHICKONUT+-+Southlake/@32.9374823,-97.107434,14z/data=!4m8!1m2!2m1!1sCHICKONUT+-+Southlake!3m4!1s0x864dd53eafdb825d:0xc992d25b26133821!8m2!3d32.9374823!4d-97.107434","https://www.google.com/maps/place/CHICKONUT+-+Southlake/@32.9374823,-97.107434,13.99z/data=!4m16!1m7!3m6!1s0x864dd53eafdb825d:0xc992d25b26133821!2sCHICKONUT+-+Southlake!8m2!3d32.9374823!4d-97.107434!16s%2Fg%2F11ckvg1dmb!3m7!1s0x864dd53eafdb825d:0xc992d25b26133821!8m2!3d32.9374823!4d-97.107434!9m1!1b1!16s%2Fg%2F11ckvg1dmb?entry=ttu",ChIJXYLbrz7VTYYRITgTJlvSksk,0x864dd53eafdb825d:0xc992d25b26133821,14524903037145921569,/g/11wq6zhs7r,-3921841036563630047,,info@chickonutsouthlaketx.com,RECEIVING,Role,,,,,,,,,,,,,,,,,,,,,,,,,,https://www.instagram.com/chickonut_southlake,,,,,,,,,,,,,,CHICKONUT,,,,False,False
"bubble tea store, 76155, Fort Worth, TX, US",Kung Fu Tea,Kung Fu Tea,https://www.kungfutea.com/,Bubble tea store,Bubble tea store,Bubble tea store,+1 682-477-4224,"2175 E Southlake Blvd #130, Southlake, TX 76092",None,2175 E Southlake Blvd #130,Southlake,76092,Texas,Texas,United States of America,US,32.940385,-97.1192224,8926c86ae3bffff,America/Chicago,,False,3.7,99,"https://search.google.com/local/reviews?placeid=ChIJm3GE6gXVTYYR8JlU3VzcdSw&q=bubble+tea+store,+76155,+Fort+Worth,+TX,+US&authuser=0&hl=en&gl=US",,,25.0,7.0,5.0,1.0,61.0,206,https://lh3.googleusercontent.com/p/AF1QipPv-kJqa3ZGN_c5Gea9lxaOZ61HfBie1PiQGzUr=w800-h500-k-no,https://lh3.googleusercontent.com/p/AF1QipPv-kJqa3ZGN_c5Gea9lxaOZ61HfBie1PiQGzUr=w1600-h1000-k-no,,"{""Monday"": ""12:30-8:30PM"", ""Tuesday"": ""Closed"", ""Wednesday"": ""12:30-8:30PM"", ""Thursday"": ""12:30-8:30PM"", ""Friday"": ""12:30-8:30PM"", ""Saturday"": ""12:30-8:30PM"", ""Sunday"": ""12:30-8:30PM""}",Monday:12:30-8:30PM|Tuesday:Closed|Wednesday:12:30-8:30PM|Thursday:12:30-8:30PM|Friday:12:30-8:30PM|Saturday:12:30-8:30PM|Sunday:12:30-8:30PM,,,OPERATIONAL,"{""From the business"": {""Identifies as Asian-owned"": true, ""Identifies as women-owned"": true}, ""Service options"": {""Delivery"": true, ""Takeout"": true, ""Dine-in"": true}, ""Highlights"": {""Great tea selection"": true}, ""Accessibility"": {""Wheelchair accessible entrance"": true, ""Wheelchair accessible parking lot"": true, ""Wheelchair accessible restroom"": true, ""Assistive hearing loop"": false}, ""Amenities"": {""Gender-neutral restroom"": true}, ""Crowd"": {""LGBTQ+ friendly"": true, ""Transgender safespace"": true}, ""Other"": {""LGBTQ+ friendly"": true, ""Identifies as women-owned"": true, ""Identifies as Asian-owned"": true}}",$,,https://lh4.googleusercontent.com/-jirfjTdrkP0/AAAAAAAAAAI/AAAAAAAAAAA/hkVz7V8zBaw/s44-p-k-no-ns-nd/photo.jpg,"Bubble tea specialist with a selection of other hot & cold drinks, including coffee & slushes.",,True,110284654446993410716,Kung Fu Tea,https://www.google.com/maps/contrib/110284654446993410716,,"https://www.google.com/viewer/chooseprovider?mid=/g/11tjc457v0&g2lbs=AAEPWCu8JAteS_kY2pZhYc9xAM6K88cu7bSg9B_Vn1uj_gljvekkDxnEc34ji469iSLGlBH-_lT08ZzpuH4Lddp5J0B-_PxTRQ%3D%3D&hl=en-US&gl=us&fo_m=MfohQo559jFvMUOzJVpjPL1YMfZ3bInYwBDuMfaXTPp5KXh-&utm_source=tactile&gei=FMQDaPS2DOGRxc8P7ZydkA8&ei=FMQDaPS2DOGRxc8P7ZydkA8&fo_s=OA,SOE&opi=79508299&ebb=1&cs=0&foub=mcpp",,,"https://www.google.com/maps/place/Kung+Fu+Tea/@32.940385,-97.1192224,14z/data=!4m8!1m2!2m1!1sKung+Fu+Tea!3m4!1s0x864dd505ea84719b:0x2c75dc5cdd5499f0!8m2!3d32.940385!4d-97.1192224","https://www.google.com/maps/place/Kung+Fu+Tea/@32.940385,-97.1192224,13.99z/data=!4m16!1m7!3m6!1s0x864dd505ea84719b:0x2c75dc5cdd5499f0!2sKung+Fu+Tea!8m2!3d32.940385!4d-97.1192224!16s%2Fg%2F11ckvg1dmb!3m7!1s0x864dd505ea84719b:0x2c75dc5cdd5499f0!8m2!3d32.940385!4d-97.1192224!9m1!1b1!16s%2Fg%2F11ckvg1dmb?entry=ttu",ChIJm3GE6gXVTYYR8JlU3VzcdSw,0x864dd505ea84719b:0x2c75dc5cdd5499f0,3203709001352387056,/g/11tjc457v0,3203709001352387056,,support@armsglobalinc.com,RECEIVING,Role,,,,,,marketing@kfteausa.com,RECEIVING,SMTP validated,,,,,,delivery_help@grubhub.com,RECEIVING,SMTP validated,,,,,,+1 724-544-6367,+1 855-538-9888,15402175182,https://www.facebook.com/kungfuteausa/,https://www.instagram.com/kungfuteausa,https://www.linkedin.com/company/kung-fu-tea,https://www.tiktok.com/@kungfutea,,,,,,,https://twitter.com/kfteausa,,,,,Menu — Kung Fu Tea | Fresh - Innovative - Fearless leading tea brand,WordPress 6.3,"Menu At Kung Fu Tea, every beverage is made-to-order with real Kung Fu. Our tea is freshly brewed every 3 hours using premium tea leaves. You can choose from classic teas, milk teas, fruit teas, slushies and more. Each drink is customized by you! You get to pick your toppings,…",,False,True
"bubble tea store, 75249, Dallas, TX, US",Lavishing Teas,Lavishing Teas,https://lavishretreatspa.com/lavishing-teas/,Tea store,Tea store,Tea store,+1 469-526-3444,"231 Texas St, Cedar Hill, TX 75104",None,231 Texas St,Cedar Hill,75104,Texas,Texas,United States of America,US,32.5881764,-96.950587,8926cb8b34fffff,America/Chicago,,False,4.9,21,"https://search.google.com/local/reviews?placeid=ChIJky1A9vWNToYR7y-hqa6jgIk&q=bubble+tea+store,+75249,+Dallas,+TX,+US&authuser=0&hl=en&gl=US",,,0.0,0.0,0.0,2.0,19.0,92,https://lh3.googleusercontent.com/p/AF1QipO5y19XjYICheIsCszLSOXhdjWWHZOfv-R7OEuz=w800-h500-k-no,https://lh3.googleusercontent.com/p/AF1QipO5y19XjYICheIsCszLSOXhdjWWHZOfv-R7OEuz=w1600-h1000-k-no,,"{""Monday"": ""Closed"", ""Tuesday"": ""10AM-6PM"", ""Wednesday"": ""10AM-6PM"", ""Thursday"": ""10AM-6PM"", ""Friday"": ""10AM-6PM"", ""Saturday"": ""10AM-5PM"", ""Sunday"": ""Closed""}",Monday:Closed|Tuesday:10AM-6PM|Wednesday:10AM-6PM|Thursday:10AM-6PM|Friday:10AM-6PM|Saturday:10AM-5PM|Sunday:Closed,,,OPERATIONAL,"{""From the business"": {""Small business"": true}, ""Service options"": {""Curbside pickup"": true, ""In-store pickup"": true, ""In-store shopping"": true, ""Delivery"": false, ""Same-day delivery"": false}, ""Accessibility"": {""Wheelchair accessible parking lot"": true}, ""Planning"": {""Quick visit"": true}, ""Payments"": {""Credit cards"": true, ""Debit cards"": true}}",,,https://lh5.googleusercontent.com/-JXnOCIiAh3g/AAAAAAAAAAI/AAAAAAAAAAA/M-0mWRGmNI4/s44-p-k-no-ns-nd/photo.jpg,,,True,110475020952487081790,Lavishing Teas,https://www.google.com/maps/contrib/110475020952487081790,,,,,"https://www.google.com/maps/place/Lavishing+Teas/@32.5881764,-96.950587,14z/data=!4m8!1m2!2m1!1sLavishing+Teas!3m4!1s0x864e8df5f6402d93:0x8980a3aea9a12fef!8m2!3d32.5881764!4d-96.950587","https://www.google.com/maps/place/Lavishing+Teas/@32.5881764,-96.950587,13.99z/data=!4m16!1m7!3m6!1s0x864e8df5f6402d93:0x8980a3aea9a12fef!2sLavishing+Teas!8m2!3d32.5881764!4d-96.950587!16s%2Fg%2F11ckvg1dmb!3m7!1s0x864e8df5f6402d93:0x8980a3aea9a12fef!8m2!3d32.5881764!4d-96.950587!9m1!1b1!16s%2Fg%2F11ckvg1dmb?entry=ttu",ChIJky1A9vWNToYR7y-hqa6jgIk,0x864e8df5f6402d93:0x8980a3aea9a12fef,9908099150780641263,/g/11rmnk31ww,-8538644922928910353,,alice@lavishretreatspa.com,INVALID,Invalid DNS,,,,,,,,,,,,,,,,,,,,,,,,,https://www.facebook.com/LavishRetreatSpa/,https://www.instagram.com/lavishingteas,,,,,,,,,,,,,,Home - Lavish Retreat Spa,"Powered by LayerSlider 6.3.0 - Multi-Purpose, Responsive, Parallax, Mobile-Friendly Slider Plugin for WordPress.",,,True,False