query,name,name_for_emails,site,subtypes,category,type,phone,full_address,borough,street,city,postal_code,state,us_state,country,country_code,latitude,longitude,h3,time_zone,plus_code,area_service,rating,reviews,reviews_link,reviews_tags,reviews_per_score,reviews_per_score_1,reviews_per_score_2,reviews_per_score_3,reviews_per_score_4,reviews_per_score_5,photos_count,photo,street_view,located_in,working_hours,working_hours_old_format,other_hours,popular_times,business_status,about,range,posts,logo,description,typical_time_spent,verified,owner_id,owner_title,owner_link,reservation_links,booking_appointment_link,menu_link,order_links,location_link,location_reviews_link,place_id,google_id,cid,kgmid,reviews_id,located_google_id,email_1,email_1.emails_validator.status,email_1.emails_validator.status_details,email_1_full_name,email_1_first_name,email_1_last_name,email_1_title,email_1_phone,email_2,email_2.emails_validator.status,email_2.emails_validator.status_details,email_2_full_name,email_2_first_name,email_2_last_name,email_2_title,email_2_phone,email_3,email_3.emails_validator.status,email_3.emails_validator.status_details,email_3_full_name,email_3_first_name,email_3_last_name,email_3_title,email_3_phone,phone_1,phone_2,phone_3,facebook,instagram,linkedin,tiktok,medium,reddit,skype,snapchat,telegram,whatsapp,twitter,vimeo,youtube,github,crunchbase,website_title,website_generator,website_description,website_keywords,website_has_fb_pixel,website_has_google_tag
"boba tea, 10003, New York, NY, US",He He Cha,He He Cha,https://www.hehechaus.com/,Bubble tea store,Bubble tea store,Bubble tea store,+1 347-844-7144,"42 University Pl, New York, NY 10003",Manhattan,42 University Pl,New York,10003,New York,New York,United States of America,US,40.7324233,-73.9943254,892a100d267ffff,America/New_York,,False,4.9,398,"https://search.google.com/local/reviews?placeid=ChIJvciV83FZwokRa2gyP76esE4&q=boba+tea,+10003,+New+York,+NY,+US&authuser=0&hl=en&gl=US",,,2.0,0.0,0.0,15.0,381.0,305,https://lh3.googleusercontent.com/gps-cs-s/AB5caB8Xx1HPhhl-2c7va3swo5qPY90AaZTOcc2wAuz1sfs37NGtNLxrrMmdUgfnAJujhid0BhzkPpmSO2IED-qcSNsOJEWRFs4sL8ft8hdmp4UtN2LVYDkCocAq1FbABveML4Ewv0cKUg=w800-h500-k-no,https://lh3.googleusercontent.com/gps-cs-s/AB5caB8Xx1HPhhl-2c7va3swo5qPY90AaZTOcc2wAuz1sfs37NGtNLxrrMmdUgfnAJujhid0BhzkPpmSO2IED-qcSNsOJEWRFs4sL8ft8hdmp4UtN2LVYDkCocAq1FbABveML4Ewv0cKUg=w1600-h1000-k-no,,"{""Monday"": ""11AM-9PM"", ""Tuesday"": ""11AM-9PM"", ""Wednesday"": ""11AM-9PM"", ""Thursday"": ""11AM-9PM"", ""Friday"": ""11AM-9PM"", ""Saturday"": ""11AM-9PM"", ""Sunday"": ""11AM-9PM""}",Monday:11AM-9PM|Tuesday:11AM-9PM|Wednesday:11AM-9PM|Thursday:11AM-9PM|Friday:11AM-9PM|Saturday:11AM-9PM|Sunday:11AM-9PM,,,OPERATIONAL,"{""Service options"": {""Delivery"": true, ""Onsite services"": true, ""Takeout"": true, ""Dine-in"": true}, ""Highlights"": {""Great tea selection"": true}, ""Accessibility"": {""Wheelchair accessible parking lot"": false}}",$,,https://lh5.googleusercontent.com/-jScZY1d3RCM/AAAAAAAAAAI/AAAAAAAAAAA/-2fay5MUn3c/s44-p-k-no-ns-nd/photo.jpg,,,True,104715882223167726684,He He Cha,https://www.google.com/maps/contrib/104715882223167726684,,"https://www.google.com/viewer/chooseprovider?mid=/g/11wj3rzbr3&g2lbs=AAEPWCvEK85iLOVCJWHW_5g_h62UcBxsMJd59KQ5RsASDbwpos5Q7YIbJWauVVCfZQ0KbKQUwRX5FAqWpvD9MRVrh7JV-swc0A%3D%3D&hl=en-US&gl=us&fo_m=MfohQo559jFvMUOzJVpjPL1YMfZ3bInYwBDuMfaXTPp5KXh-&utm_source=tactile&gei=YWgJaNbUE-qF2roPsfa28Qc&ei=YWgJaNbUE-qF2roPsfa28Qc&fo_s=OA,SOE&opi=79508299&ebb=1&cs=0&foub=mcpp",,,"https://www.google.com/maps/place/He+He+Cha/@40.7324233,-73.9943254,14z/data=!4m8!1m2!2m1!1sHe+He+Cha!3m4!1s0x89c25971f395c8bd:0x4eb09ebe3f32686b!8m2!3d40.7324233!4d-73.9943254","https://www.google.com/maps/place/He+He+Cha/@40.7324233,-73.9943254,13.99z/data=!4m16!1m7!3m6!1s0x89c25971f395c8bd:0x4eb09ebe3f32686b!2sHe+He+Cha!8m2!3d40.7324233!4d-73.9943254!16s%2Fg%2F11ckvg1dmb!3m7!1s0x89c25971f395c8bd:0x4eb09ebe3f32686b!8m2!3d40.7324233!4d-73.9943254!9m1!1b1!16s%2Fg%2F11ckvg1dmb?entry=ttu",ChIJvciV83FZwokRa2gyP76esE4,0x89c25971f395c8bd:0x4eb09ebe3f32686b,5670206470800697451,/g/11wj3rzbr3,5670206470800697451,,hehechaus@gmail.com,RECEIVING,Verified,,,,,,,,,,,,,,,,,,,,,,,,,,,,,,,,,,,,,,,,Home - He He Cha,Divi v.4.19.2,,,False,False
"boba tea, 10003, New York, NY, US",Tea Time Boba Tea & Grocery,Tea Time Boba Tea And Grocery,https://www.teatimeny.com/,"Bubble tea store, Asian grocery store, Grocery store, Market, Snack bar, Supermarket",Bubble tea store,Bubble tea store,+1 646-669-8882,"157 3rd Ave, New York, NY 10003",Manhattan,157 3rd Ave,New York,10003,New York,New York,United States of America,US,40.734229,-73.986133,892a100d223ffff,America/New_York,,False,4.8,112,"https://search.google.com/local/reviews?placeid=ChIJPx37GH1ZwokR7EwXyY_P6Oc&q=boba+tea,+10003,+New+York,+NY,+US&authuser=0&hl=en&gl=US",,,4.0,0.0,1.0,4.0,103.0,404,https://lh3.googleusercontent.com/gps-cs-s/AB5caB-5HyIpOB7Lhx7X7tS-qjEoeyhJ9FhkHWios5cPgSfmJerNbZp7EPFGA3QAdw0PpSHQjRWqLE0dd-8lAaSUgIjPvw0zFw_6V0J4dgqU4TMobMh2ujVCwnnISR8Ralfv5130QrRz=w800-h500-k-no,https://lh3.googleusercontent.com/gps-cs-s/AB5caB-5HyIpOB7Lhx7X7tS-qjEoeyhJ9FhkHWios5cPgSfmJerNbZp7EPFGA3QAdw0PpSHQjRWqLE0dd-8lAaSUgIjPvw0zFw_6V0J4dgqU4TMobMh2ujVCwnnISR8Ralfv5130QrRz=w1600-h1000-k-no,,"{""Monday"": ""12-8PM"", ""Tuesday"": ""12-8PM"", ""Wednesday"": ""12-8PM"", ""Thursday"": ""12-8PM"", ""Friday"": ""12-8PM"", ""Saturday"": ""12-7PM"", ""Sunday"": ""12-7PM""}",Monday:12-8PM|Tuesday:12-8PM|Wednesday:12-8PM|Thursday:12-8PM|Friday:12-8PM|Saturday:12-7PM|Sunday:12-7PM,,,OPERATIONAL,"{""Service options"": {""No-contact delivery"": true, ""Delivery"": true, ""Takeout"": true, ""Dine-in"": true}, ""Highlights"": {""Great tea selection"": true}, ""Accessibility"": {""Wheelchair accessible entrance"": true, ""Wheelchair accessible parking lot"": false}, ""Parking"": {""Paid street parking"": true}}",$,,https://lh5.googleusercontent.com/-Gk9jIDaBtJE/AAAAAAAAAAI/AAAAAAAAAAA/PTgM40Ftkf0/s44-p-k-no-ns-nd/photo.jpg,,,True,102842260425103446717,Tea Time Boba Tea & Grocery,https://www.google.com/maps/contrib/102842260425103446717,,"https://www.google.com/viewer/chooseprovider?mid=/g/11n0d0wkk0&g2lbs=AAEPWCs7zGD0L0ttkLqAQvesbDQQh9q0DTdv5LcdzE8NetqbekpnRn949-yW4JOpXM-XQOiWfa2Nt9mcYdI896uj8Y93iILylw%3D%3D&hl=en-US&gl=us&fo_m=MfohQo559jFvMUOzJVpjPL1YMfZ3bInYwBDuMfaXTPp5KXh-&utm_source=tactile&gei=YWgJaNbUE-qF2roPsfa28Qc&ei=YWgJaNbUE-qF2roPsfa28Qc&fo_s=OA,SOE&opi=79508299&ebb=1&cs=0&foub=mcpp",,,"https://www.google.com/maps/place/Tea+Time+Boba+Tea+%26+Grocery/@40.734229,-73.986133,14z/data=!4m8!1m2!2m1!1sTea+Time+Boba+Tea+%26+Grocery!3m4!1s0x89c2597d18fb1d3f:0xe7e8cf8fc9174cec!8m2!3d40.734229!4d-73.986133","https://www.google.com/maps/place/Tea+Time+Boba+Tea+%26+Grocery/@40.734229,-73.986133,13.99z/data=!4m16!1m7!3m6!1s0x89c2597d18fb1d3f:0xe7e8cf8fc9174cec!2sTea+Time+Boba+Tea+%26+Grocery!8m2!3d40.734229!4d-73.986133!16s%2Fg%2F11ckvg1dmb!3m7!1s0x89c2597d18fb1d3f:0xe7e8cf8fc9174cec!8m2!3d40.734229!4d-73.986133!9m1!1b1!16s%2Fg%2F11ckvg1dmb?entry=ttu",ChIJPx37GH1ZwokR7EwXyY_P6Oc,0x89c2597d18fb1d3f:0xe7e8cf8fc9174cec,16710834633819245804,/g/11n0d0wkk0,-1735909439890305812,,,,,,,,,,,,,,,,,,,,,,,,,,6466698882,,,,,,,,,,,,,,,,,,Home - Tea Time,,"Online ordering menu for Tea Time. We serve a variety of drinks here at Tea Time. Our menu offers Genmaicha Milk Tea, Early Gray Tea, Jasmine Green Tea Creama, Jia Duo Bao Herbal Tea, Longan Date Honey Tea and more! We are located 3rd Avenue. We're not far from C-Town. Order online for carryout or delivery!",,False,True
"boba tea, 10003, New York, NY, US",Mrs Green Salad&Juice,Mrs Green Salad And Juice,https://order.mealkeyway.com/customer/release/index?mid=4d4c756763636e776d376356576868315657446745413d3d#/main,"Bubble tea store, Açaí shop, Salad shop, Health food restaurant, Juice shop, Vegetarian restaurant",restaurants,Bubble tea store,+1 646-852-6293,"328 E 14th St, New York, NY 10003",Manhattan,328 E 14th St,New York,10003,New York,New York,United States of America,US,40.731744,-73.9838472,892a100d227ffff,America/New_York,,False,5.0,47,"https://search.google.com/local/reviews?placeid=ChIJgVJehIBZwokR4euX_VB2biM&q=boba+tea,+10003,+New+York,+NY,+US&authuser=0&hl=en&gl=US",,,0.0,0.0,0.0,1.0,46.0,60,https://lh3.googleusercontent.com/gps-cs-s/AB5caB-fl2LzAszLdQn4RbCY080Obr-S1TzBlDS2QNWKkcZLSBz8OGYpd71xtGED5mpDbg8Y5NtM9K6ufjxZRx9NiFVooHHiKeneIebOaz317KQscbzSfXoNCtkieCLdQEeF19Jsq_QC=w800-h500-k-no,https://lh3.googleusercontent.com/gps-cs-s/AB5caB-fl2LzAszLdQn4RbCY080Obr-S1TzBlDS2QNWKkcZLSBz8OGYpd71xtGED5mpDbg8Y5NtM9K6ufjxZRx9NiFVooHHiKeneIebOaz317KQscbzSfXoNCtkieCLdQEeF19Jsq_QC=w1600-h1000-k-no,,"{""Monday"": ""11AM-10PM"", ""Tuesday"": ""11AM-10PM"", ""Wednesday"": ""11AM-10PM"", ""Thursday"": ""11AM-10PM"", ""Friday"": ""11AM-10PM"", ""Saturday"": ""11AM-10PM"", ""Sunday"": ""11AM-10PM""}",Monday:11AM-10PM|Tuesday:11AM-10PM|Wednesday:11AM-10PM|Thursday:11AM-10PM|Friday:11AM-10PM|Saturday:11AM-10PM|Sunday:11AM-10PM,,,OPERATIONAL,"{""Service options"": {""Delivery"": true, ""Takeout"": true, ""Dine-in"": true}, ""Popular for"": {""Solo dining"": true}, ""Dining options"": {""Counter service"": true, ""Seating"": true}, ""Atmosphere"": {""Casual"": true}, ""Payments"": {""Credit cards"": true, ""Debit cards"": true, ""NFC mobile payments"": true}, ""Pets"": {""Dogs allowed"": true, ""Dogs allowed inside"": true, ""Dogs allowed outside"": true}}",$$,,https://lh4.googleusercontent.com/-hyNcHKf53g8/AAAAAAAAAAI/AAAAAAAAAAA/dH2VKz8Sses/s44-p-k-no-ns-nd/photo.jpg,,,True,110036578601082831699,Mrs Green Salad&Juice,https://www.google.com/maps/contrib/110036578601082831699,,"https://www.google.com/viewer/chooseprovider?mid=/g/11lw8shm8w&g2lbs=AAEPWCtPaupbZxtPDoTjAim3q3jtPbGvH4vjTzOjxqkgBp3CiC8m6eVLJu-cFAKDYytdNu28TvAjoAtu43buHddXVH4v5JUMfw%3D%3D&hl=en-US&gl=us&fo_m=MfohQo559jFvMUOzJVpjPL1YMfZ3bInYwBDuMfaXTPp5KXh-&utm_source=tactile&gei=YWgJaNbUE-qF2roPsfa28Qc&ei=YWgJaNbUE-qF2roPsfa28Qc&fo_s=OA,SOE&opi=79508299&ebb=1&cs=0&foub=mcpp",,,"https://www.google.com/maps/place/Mrs+Green+Salad%26Juice/@40.731744,-73.9838472,14z/data=!4m8!1m2!2m1!1sMrs+Green+Salad%26Juice!3m4!1s0x89c25980845e5281:0x236e7650fd97ebe1!8m2!3d40.731744!4d-73.9838472","https://www.google.com/maps/place/Mrs+Green+Salad%26Juice/@40.731744,-73.9838472,13.99z/data=!4m16!1m7!3m6!1s0x89c25980845e5281:0x236e7650fd97ebe1!2sMrs+Green+Salad%26Juice!8m2!3d40.731744!4d-73.9838472!16s%2Fg%2F11ckvg1dmb!3m7!1s0x89c25980845e5281:0x236e7650fd97ebe1!8m2!3d40.731744!4d-73.9838472!9m1!1b1!16s%2Fg%2F11ckvg1dmb?entry=ttu",ChIJgVJehIBZwokR4euX_VB2biM,0x89c25980845e5281:0x236e7650fd97ebe1,2553108128989703137,/g/11lw8shm8w,2553108128989703137,,joybowlwestspringfield@gmail.com,RECEIVING,Verified,,,,,,princeteahousenyc@gmail.com,RECEIVING,SMTP validated,,,,,,thebobaplace1981@gmail.com,RECEIVING,SMTP validated,,,,,,16468923160,17145193510,13059647706,https://www.facebook.com/poketeacutlerbay/,,,,,,,,,,,,,,,MenuSifu Online Order,,,,False,True
"boba tea, 10003, New York, NY, US",MooMooChaa,Moomoochaa,http://moomoochaanyc.com/,"Bubble tea store, Takeout Restaurant",Bubble tea store,Bubble tea store,+1 917-862-2691,"227 E 14th St, New York, NY 10003",Manhattan,227 E 14th St,New York,10003,New York,New York,United States of America,US,40.733038,-73.985903,892a100d223ffff,America/New_York,,False,4.5,265,"https://search.google.com/local/reviews?placeid=ChIJ0-vyVZ5ZwokR2ocg6RghzvM&q=boba+tea,+10003,+New+York,+NY,+US&authuser=0&hl=en&gl=US",,,7.0,1.0,20.0,51.0,186.0,376,https://lh3.googleusercontent.com/gps-cs-s/AB5caB9yaCInf1VmDExQvbtbcmH22Q9avT9qP362c4ZCymKkbuBpoVNOPICh1Kf4OW9RZPmJsfpbrOqCrjUq5FGgKCcM8ZmN1qEEVEUBeo1Q7lFHD8WM9dKEM-jMxbs1zH9QpXDUwA=w800-h500-k-no,https://lh3.googleusercontent.com/gps-cs-s/AB5caB9yaCInf1VmDExQvbtbcmH22Q9avT9qP362c4ZCymKkbuBpoVNOPICh1Kf4OW9RZPmJsfpbrOqCrjUq5FGgKCcM8ZmN1qEEVEUBeo1Q7lFHD8WM9dKEM-jMxbs1zH9QpXDUwA=w1600-h1000-k-no,,"{""Monday"": ""12-10PM"", ""Tuesday"": ""12-10PM"", ""Wednesday"": ""12-10PM"", ""Thursday"": ""12-10PM"", ""Friday"": ""12-10PM"", ""Saturday"": ""12-10PM"", ""Sunday"": ""12-10PM""}",Monday:12-10PM|Tuesday:12-10PM|Wednesday:12-10PM|Thursday:12-10PM|Friday:12-10PM|Saturday:12-10PM|Sunday:12-10PM,,,OPERATIONAL,"{""Service options"": {""No-contact delivery"": true, ""Delivery"": true, ""Onsite services"": true, ""Takeout"": true, ""Dine-in"": true}, ""Highlights"": {""Great tea selection"": true}, ""Accessibility"": {""Wheelchair accessible entrance"": false, ""Wheelchair accessible parking lot"": false, ""Wheelchair accessible seating"": false}}",$,,https://lh5.googleusercontent.com/-l939T-NVx6w/AAAAAAAAAAI/AAAAAAAAAAA/f38iqKV4lsc/s44-p-k-no-ns-nd/photo.jpg,"Classic Taiwanese bubble teas in milk & fruit flavors turned out in simple, compact quarters.",,True,102981864585848803045,MooMooChaa,https://www.google.com/maps/contrib/102981864585848803045,https://www.moomoochaanyc.com/,"https://www.google.com/viewer/chooseprovider?mid=/g/11c4b78h3_&g2lbs=AAEPWCsS37VXtGOAeNJ8ZMcpckmnAycqTMjKRU3EiTkU2tW5ONvpG30qAQwKQ2hIMOFasUHW1fcEtwG9tBwMXY90KQJNqi8OPg%3D%3D&hl=en-US&gl=us&fo_m=MfohQo559jFvMUOzJVpjPL1YMfZ3bInYwBDuMfaXTPp5KXh-&utm_source=tactile&gei=YWgJaNbUE-qF2roPsfa28Qc&ei=YWgJaNbUE-qF2roPsfa28Qc&fo_s=OA,SOE&opi=79508299&ebb=1&cs=0&foub=mcpp",,https://www.moomoochaanyc.com/,"https://www.google.com/maps/place/MooMooChaa/@40.733038,-73.985903,14z/data=!4m8!1m2!2m1!1sMooMooChaa!3m4!1s0x89c2599e55f2ebd3:0xf3ce2118e92087da!8m2!3d40.733038!4d-73.985903","https://www.google.com/maps/place/MooMooChaa/@40.733038,-73.985903,13.99z/data=!4m16!1m7!3m6!1s0x89c2599e55f2ebd3:0xf3ce2118e92087da!2sMooMooChaa!8m2!3d40.733038!4d-73.985903!16s%2Fg%2F11ckvg1dmb!3m7!1s0x89c2599e55f2ebd3:0xf3ce2118e92087da!8m2!3d40.733038!4d-73.985903!9m1!1b1!16s%2Fg%2F11ckvg1dmb?entry=ttu",ChIJ0-vyVZ5ZwokR2ocg6RghzvM,0x89c2599e55f2ebd3:0xf3ce2118e92087da,17568015587293038554,/g/11c4b78h3_,-878728486416513062,,moomoochaa@gmail.com,RECEIVING,Verified,,,,,,,,,,,,,,,,,,,,,,19178622691,,,https://www.facebook.com/MooMooChaaNYC/,,,,,,,,,,,,,,,,,,,,
"boba tea, 10003, New York, NY, US",Pila de Boba,Pila De Boba,http://piladeboba.com/,"Bubble tea store, Creperie, Restaurant",Bubble tea store,Bubble tea store,+1 917-966-3036,"328 E 14th St, New York, NY 10003",Manhattan,328 E 14th St,New York,10003,New York,New York,United States of America,US,40.7316199,-73.9838982,892a100d227ffff,America/New_York,,False,4.0,265,"https://search.google.com/local/reviews?placeid=ChIJz_7QUINZwokRbbGCYBHrwcM&q=boba+tea,+10003,+New+York,+NY,+US&authuser=0&hl=en&gl=US",,,49.0,9.0,15.0,16.0,176.0,264,https://lh3.googleusercontent.com/gps-cs-s/AB5caB8urjdYkkVqWVt3QovLFirnS4lJNlYQVZLsMs4sL00RrLR7idZHbIK9jwX-lALxBx33mNUb3Q24k9bTQ_J5pAnOHU8dl5vtHsPmgd6kC1uHftg4xoK6SwCz5W9Yq_M8LL3zi2JvRw=w800-h500-k-no,https://lh3.googleusercontent.com/gps-cs-s/AB5caB8urjdYkkVqWVt3QovLFirnS4lJNlYQVZLsMs4sL00RrLR7idZHbIK9jwX-lALxBx33mNUb3Q24k9bTQ_J5pAnOHU8dl5vtHsPmgd6kC1uHftg4xoK6SwCz5W9Yq_M8LL3zi2JvRw=w1600-h1000-k-no,,"{""Monday"": ""1-10PM"", ""Tuesday"": ""1-10PM"", ""Wednesday"": ""1-10PM"", ""Thursday"": ""1-10PM"", ""Friday"": ""1PM-1AM"", ""Saturday"": ""1PM-1AM"", ""Sunday"": ""1-10PM""}",Monday:1-10PM|Tuesday:1-10PM|Wednesday:1-10PM|Thursday:1-10PM|Friday:1PM-1AM|Saturday:1PM-1AM|Sunday:1-10PM,,,OPERATIONAL,"{""Service options"": {""No-contact delivery"": true, ""Delivery"": true, ""Takeout"": true, ""Dine-in"": true}, ""Highlights"": {""Great tea selection"": true}, ""Accessibility"": {""Wheelchair accessible parking lot"": false}}",$,,https://lh3.googleusercontent.com/-x7UDHzHwcpk/AAAAAAAAAAI/AAAAAAAAAAA/QlPAikvVZN8/s44-p-k-no-ns-nd/photo.jpg,Bubble tea drinks & French pastries served in an understated locale with a petite dining area.,,True,100990062409538749022,Pila de Boba,https://www.google.com/maps/contrib/100990062409538749022,,"https://www.google.com/viewer/chooseprovider?mid=/g/11rvh0lc89&g2lbs=AAEPWCtRxCAfkBhLJdW_jr-5D8kpXXTkVe0zu2bJ9VIcX-VJmyQOhNWd4xYUvYh3lG_ZJa0tuTcIAsFVppUl9TNwvTmR37MyPA%3D%3D&hl=en-US&gl=us&fo_m=MfohQo559jFvMUOzJVpjPL1YMfZ3bInYwBDuMfaXTPp5KXh-&utm_source=tactile&gei=YWgJaNbUE-qF2roPsfa28Qc&ei=YWgJaNbUE-qF2roPsfa28Qc&fo_s=OA,SOE&opi=79508299&ebb=1&cs=0&foub=mcpp",,,"https://www.google.com/maps/place/Pila+de+Boba/@40.7316199,-73.9838982,14z/data=!4m8!1m2!2m1!1sPila+de+Boba!3m4!1s0x89c2598350d0fecf:0xc3c1eb116082b16d!8m2!3d40.7316199!4d-73.9838982","https://www.google.com/maps/place/Pila+de+Boba/@40.7316199,-73.9838982,13.99z/data=!4m16!1m7!3m6!1s0x89c2598350d0fecf:0xc3c1eb116082b16d!2sPila+de+Boba!8m2!3d40.7316199!4d-73.9838982!16s%2Fg%2F11ckvg1dmb!3m7!1s0x89c2598350d0fecf:0xc3c1eb116082b16d!8m2!3d40.7316199!4d-73.9838982!9m1!1b1!16s%2Fg%2F11ckvg1dmb?entry=ttu",ChIJz_7QUINZwokRbbGCYBHrwcM,0x89c2598350d0fecf:0xc3c1eb116082b16d,14105813967767253357,/g/11rvh0lc89,-4340930105942298259,,piladeboba@gmail.com,RECEIVING,Verified,,,,,,piladebobaevents@gmail.com,RECEIVING,Verified,,,,,,,,,,,,,,,,,,,,,,,,,,,,,,,,Home | My Site,Wix.com Website Builder,,,False,False
"boba tea, 10003, New York, NY, US",N25 Nitro Tea,N25 Nitro Tea,https://25tea.com.tw/,Bubble tea store,Bubble tea store,Bubble tea store,+1 646-360-3078,"27 St Marks Pl, New York, NY 10003",Manhattan,27 St Marks Pl,New York,10003,New York,New York,United States of America,US,40.7291524,-73.9883571,892a1072c97ffff,America/New_York,,False,4.9,134,"https://search.google.com/local/reviews?placeid=ChIJfZ-VoZ5ZwokRw4vDjFTpgjk&q=boba+tea,+10003,+New+York,+NY,+US&authuser=0&hl=en&gl=US",,,0.0,2.0,3.0,5.0,124.0,254,https://lh3.googleusercontent.com/p/AF1QipPtPTxLjfq4pbEd-IycRJ_5TIecmbYuFinRaQJ5=w800-h500-k-no,https://lh3.googleusercontent.com/p/AF1QipPtPTxLjfq4pbEd-IycRJ_5TIecmbYuFinRaQJ5=w1600-h1000-k-no,,"{""Monday"": ""11AM-9:30PM"", ""Tuesday"": ""11AM-9:30PM"", ""Wednesday"": ""11AM-9:30PM"", ""Thursday"": ""11AM-9:30PM"", ""Friday"": ""11AM-10PM"", ""Saturday"": ""11AM-10PM"", ""Sunday"": ""11AM-10PM""}",Monday:11AM-9:30PM|Tuesday:11AM-9:30PM|Wednesday:11AM-9:30PM|Thursday:11AM-9:30PM|Friday:11AM-10PM|Saturday:11AM-10PM|Sunday:11AM-10PM,,,OPERATIONAL,"{""From the business"": {""Identifies as Asian-owned"": true, ""Identifies as women-owned"": true}, ""Service options"": {""Delivery"": true, ""Onsite services"": true, ""Takeout"": true, ""Dine-in"": true}, ""Highlights"": {""Great tea selection"": true}, ""Accessibility"": {""Wheelchair accessible parking lot"": false}, ""Parking"": {""Paid street parking"": true}, ""Other"": {""Identifies as women-owned"": true, ""Identifies as Asian-owned"": true}}",,,https://lh3.googleusercontent.com/-YYk54ErWg4Q/AAAAAAAAAAI/AAAAAAAAAAA/5RirSrDqNI4/s44-p-k-no-ns-nd/photo.jpg,,,True,111277345402803228045,N25 Nitro Tea,https://www.google.com/maps/contrib/111277345402803228045,,"https://www.google.com/viewer/chooseprovider?mid=/g/11vwr1bljp&g2lbs=AAEPWCt4G2LKCM_WvvXdcmRArLOWUAogfsiQ59JIh55Xa3h_QfddU-Vmp2y3dytHb4lhgnUg_Q9BeqOcTjiLqm5uNaNP2Wh6IQ%3D%3D&hl=en-US&gl=us&fo_m=MfohQo559jFvMUOzJVpjPL1YMfZ3bInYwBDuMfaXTPp5KXh-&utm_source=tactile&gei=YWgJaNbUE-qF2roPsfa28Qc&ei=YWgJaNbUE-qF2roPsfa28Qc&fo_s=OA,SOE&opi=79508299&ebb=1&cs=0&foub=mcpp",,,"https://www.google.com/maps/place/N25+Nitro+Tea/@40.7291524,-73.9883571,14z/data=!4m8!1m2!2m1!1sN25+Nitro+Tea!3m4!1s0x89c2599ea1959f7d:0x3982e9548cc38bc3!8m2!3d40.7291524!4d-73.9883571","https://www.google.com/maps/place/N25+Nitro+Tea/@40.7291524,-73.9883571,13.99z/data=!4m16!1m7!3m6!1s0x89c2599ea1959f7d:0x3982e9548cc38bc3!2sN25+Nitro+Tea!8m2!3d40.7291524!4d-73.9883571!16s%2Fg%2F11ckvg1dmb!3m7!1s0x89c2599ea1959f7d:0x3982e9548cc38bc3!8m2!3d40.7291524!4d-73.9883571!9m1!1b1!16s%2Fg%2F11ckvg1dmb?entry=ttu",ChIJfZ-VoZ5ZwokRw4vDjFTpgjk,0x89c2599ea1959f7d:0x3982e9548cc38bc3,4144131156482427843,/g/11vwr1bljp,4144131156482427843,,info@eliteamtw.com,RECEIVING,Role,,,,,,,,,,,,,,,,,,,,,,886423019268,,,https://www.facebook.com/106059348836520,https://www.instagram.com/n25tea,,,,,,,,,,,,,,N25爾吾｜茶飲 · 烏龍茶｜台中飲料店,,,,False,False
"boba tea, 10003, New York, NY, US",Xing Fu Tang,Xing Fu Tang,http://xingfutang.com/,Bubble tea store,Bubble tea store,Bubble tea store,+1 646-590-1298,"133 2nd Ave, New York, NY 10003",Manhattan,133 2nd Ave,New York,10003,New York,New York,United States of America,US,40.7288305,-73.98785029999999,892a1072c97ffff,America/New_York,,False,4.5,619,"https://search.google.com/local/reviews?placeid=ChIJc_DNONpZwokRB0_dX3or6ZU&q=boba+tea,+10003,+New+York,+NY,+US&authuser=0&hl=en&gl=US",,,32.0,11.0,38.0,98.0,440.0,1091,https://lh3.googleusercontent.com/gps-cs-s/AB5caB-Bj8XtRDUsGWrWD1o3vw041avp1YATgxZGBoHgElgylBaeOd7q0XC_YY8T1ua2LDbRlrQntIe9nMA5sJN6xwNimIMr5udV5cbP0piK-zXEFf_9Y02wC-pIM3OUkWLJLKg7Uefj=w800-h500-k-no,https://lh3.googleusercontent.com/gps-cs-s/AB5caB-Bj8XtRDUsGWrWD1o3vw041avp1YATgxZGBoHgElgylBaeOd7q0XC_YY8T1ua2LDbRlrQntIe9nMA5sJN6xwNimIMr5udV5cbP0piK-zXEFf_9Y02wC-pIM3OUkWLJLKg7Uefj=w1600-h1000-k-no,,"{""Monday"": ""2-10PM"", ""Tuesday"": ""2-10PM"", ""Wednesday"": ""2-10PM"", ""Thursday"": ""2-10PM"", ""Friday"": ""2-11PM"", ""Saturday"": ""1-11PM"", ""Sunday"": ""1-10PM""}",Monday:2-10PM|Tuesday:2-10PM|Wednesday:2-10PM|Thursday:2-10PM|Friday:2-11PM|Saturday:1-11PM|Sunday:1-10PM,,,OPERATIONAL,"{""Service options"": {""Curbside pickup"": true, ""Delivery"": true, ""Onsite services"": true, ""Takeout"": true, ""Dine-in"": true}, ""Highlights"": {""Great tea selection"": true}, ""Accessibility"": {""Wheelchair accessible parking lot"": false, ""Wheelchair accessible seating"": false}, ""Parking"": {""Paid street parking"": true}}",$$,,https://lh4.googleusercontent.com/-mIqFSAgcnbs/AAAAAAAAAAI/AAAAAAAAAAA/AbxEE9kp2q0/s44-p-k-no-ns-nd/photo.jpg,Low-key bubble tea shop serving handmade brown sugar boba drinks made with Taiwanese ingredients.,,True,117902541816256553306,Xing Fu Tang,https://www.google.com/maps/contrib/117902541816256553306,,"https://www.google.com/viewer/chooseprovider?mid=/g/11rchgc89w&g2lbs=AAEPWCus7l2ObNDIAcCVTxi99EmvcB5K9iWqYDz29T0nVun4pS0lsSpDSs5fhRYmLxfbi1mgNJWKUTd9l8lzPYcFJiJPxCeUKQ%3D%3D&hl=en-US&gl=us&fo_m=MfohQo559jFvMUOzJVpjPL1YMfZ3bInYwBDuMfaXTPp5KXh-&utm_source=tactile&gei=YWgJaNbUE-qF2roPsfa28Qc&ei=YWgJaNbUE-qF2roPsfa28Qc&fo_s=OA,SOE&opi=79508299&ebb=1&cs=0&foub=mcpp",,,"https://www.google.com/maps/place/Xing+Fu+Tang/@40.7288305,-73.98785029999999,14z/data=!4m8!1m2!2m1!1sXing+Fu+Tang!3m4!1s0x89c259da38cdf073:0x95e92b7a5fdd4f07!8m2!3d40.7288305!4d-73.98785029999999","https://www.google.com/maps/place/Xing+Fu+Tang/@40.7288305,-73.98785029999999,13.99z/data=!4m16!1m7!3m6!1s0x89c259da38cdf073:0x95e92b7a5fdd4f07!2sXing+Fu+Tang!8m2!3d40.7288305!4d-73.98785029999999!16s%2Fg%2F11ckvg1dmb!3m7!1s0x89c259da38cdf073:0x95e92b7a5fdd4f07!8m2!3d40.7288305!4d-73.98785029999999!9m1!1b1!16s%2Fg%2F11ckvg1dmb?entry=ttu",ChIJc_DNONpZwokRB0_dX3or6ZU,0x89c259da38cdf073:0x95e92b7a5fdd4f07,10802212985819188999,/g/11rchgc89w,-7644531087890362617,,info@xingfutang.com,RECEIVING,SMTP validated,,,,,,info@xingfutang.com.com,RECEIVING,SMTP validated,,,,,,,,,,,,,,16466554443,442072878310,,https://www.facebook.com/100584102361637,https://www.instagram.com/xingfutangusa,,,,,,,,,,,,,,XING FU TANG | 幸福堂 | Taiwan's No.1 Boba,,"Xing Fu Tang, 幸福堂, is bringing the best handmade caramelized brown sugar 
boba from Taiwan to the United States! With choices from Brown Sugar Boba 
Milk, Milk tea, Soft Serve, Dalgona, and a wide variety of fruit teas and 
specialty drinks, you will certainly experience happiness in every cup.",,False,False
"boba tea, 10003, New York, NY, US",uluhuluh,Uluhuluh,http://www.instagram.com/uluhuluh.ny,"Bubble tea store, Coffee shop",Bubble tea store,Bubble tea store,,"218 E 14th St, New York, NY 10003",Manhattan,218 E 14th St,New York,10003,New York,New York,United States of America,US,40.7326932,-73.9865216,892a100d22fffff,America/New_York,,False,4.6,185,"https://search.google.com/local/reviews?placeid=ChIJqavNCgxZwokRO67nh0x0jJA&q=boba+tea,+10003,+New+York,+NY,+US&authuser=0&hl=en&gl=US",,,5.0,4.0,11.0,13.0,152.0,183,https://lh3.googleusercontent.com/p/AF1QipN8oBsep_51T-skWxFIMUcHbPGkgvqCPZXKUaz8=w800-h500-k-no,https://lh3.googleusercontent.com/p/AF1QipN8oBsep_51T-skWxFIMUcHbPGkgvqCPZXKUaz8=w1600-h1000-k-no,,"{""Monday"": ""11AM-9PM"", ""Tuesday"": ""11AM-9PM"", ""Wednesday"": ""11AM-9PM"", ""Thursday"": ""11AM-9PM"", ""Friday"": ""11AM-10PM"", ""Saturday"": ""11AM-10PM"", ""Sunday"": ""11AM-9PM""}",Monday:11AM-9PM|Tuesday:11AM-9PM|Wednesday:11AM-9PM|Thursday:11AM-9PM|Friday:11AM-10PM|Saturday:11AM-10PM|Sunday:11AM-9PM,,,OPERATIONAL,"{""Service options"": {""Curbside pickup"": true, ""Delivery"": true, ""Onsite services"": true, ""Takeout"": true, ""Dine-in"": true}, ""Highlights"": {""Great tea selection"": true}, ""Accessibility"": {""Wheelchair accessible parking lot"": false}}",$,,https://lh3.googleusercontent.com/-D2g8uLKtYV0/AAAAAAAAAAI/AAAAAAAAAAA/gGgN0hBVaYU/s44-p-k-no-ns-nd/photo.jpg,,,True,104081089937233206958,uluhuluh,https://www.google.com/maps/contrib/104081089937233206958,,"https://www.google.com/viewer/chooseprovider?mid=/g/11kqr1nw_7&g2lbs=AAEPWCsfjjDjuhgmaZIRt3JGUkZOWod0hoMuOvmmgmyYW0tTqwbn3riBhqFMqoNlVI7nu6dti8epxF0ehA2VE4toCBNdkCx_RQ%3D%3D&hl=en-US&gl=us&fo_m=MfohQo559jFvMUOzJVpjPL1YMfZ3bInYwBDuMfaXTPp5KXh-&utm_source=tactile&gei=YWgJaNbUE-qF2roPsfa28Qc&ei=YWgJaNbUE-qF2roPsfa28Qc&fo_s=OA,SOE&opi=79508299&ebb=1&cs=0&foub=mcpp",,,"https://www.google.com/maps/place/uluhuluh/@40.7326932,-73.9865216,14z/data=!4m8!1m2!2m1!1suluhuluh!3m4!1s0x89c2590c0acdaba9:0x908c744c87e7ae3b!8m2!3d40.7326932!4d-73.9865216","https://www.google.com/maps/place/uluhuluh/@40.7326932,-73.9865216,13.99z/data=!4m16!1m7!3m6!1s0x89c2590c0acdaba9:0x908c744c87e7ae3b!2suluhuluh!8m2!3d40.7326932!4d-73.9865216!16s%2Fg%2F11ckvg1dmb!3m7!1s0x89c2590c0acdaba9:0x908c744c87e7ae3b!8m2!3d40.7326932!4d-73.9865216!9m1!1b1!16s%2Fg%2F11ckvg1dmb?entry=ttu",ChIJqavNCgxZwokRO67nh0x0jJA,0x89c2590c0acdaba9:0x908c744c87e7ae3b,10415827910247558715,/g/11kqr1nw_7,-8030916163461992901,,,,,,,,,,,,,,,,,,,,,,,,,,,,,,,,,,,,,,,,,,,,,,,,,
"boba tea, 10003, New York, NY, US",PARTEA NYC (Union Square),Partea Nyc Union Square,http://www.partea-nyc.com/,"Bubble tea store, Taiwanese restaurant, Cafe, Game store, Toy store",restaurants,Bubble tea store,+1 646-386-7678,"220 E 14th St, New York, NY 10003",Manhattan,220 E 14th St,New York,10003,New York,New York,United States of America,US,40.7327509,-73.9863838,892a100d22fffff,America/New_York,,False,4.1,406,"https://search.google.com/local/reviews?placeid=ChIJAQK3K85ZwokRcTP1j2302ks&q=boba+tea,+10003,+New+York,+NY,+US&authuser=0&hl=en&gl=US",,,53.0,20.0,29.0,37.0,267.0,684,https://lh3.googleusercontent.com/gps-cs-s/AB5caB_byckXowX4r4MDsOB6dt13-1CwUBLuk2u48ghZKV-9rM36rxSztCEmNsXHgcyqdU3DAD5ChLqb1beQb8OW57zSFxDahXr4BePtdnRCK0lGrUWrCsq8X5RzZQ21Fk34BAPhl04Oew=w800-h500-k-no,https://lh3.googleusercontent.com/gps-cs-s/AB5caB_byckXowX4r4MDsOB6dt13-1CwUBLuk2u48ghZKV-9rM36rxSztCEmNsXHgcyqdU3DAD5ChLqb1beQb8OW57zSFxDahXr4BePtdnRCK0lGrUWrCsq8X5RzZQ21Fk34BAPhl04Oew=w1600-h1000-k-no,,"{""Monday"": ""11AM-11PM"", ""Tuesday"": ""11AM-11PM"", ""Wednesday"": ""11AM-11PM"", ""Thursday"": ""11AM-11PM"", ""Friday"": ""11AM-12AM"", ""Saturday"": ""11AM-12AM"", ""Sunday"": ""11AM-11PM""}",Monday:11AM-11PM|Tuesday:11AM-11PM|Wednesday:11AM-11PM|Thursday:11AM-11PM|Friday:11AM-12AM|Saturday:11AM-12AM|Sunday:11AM-11PM,,,OPERATIONAL,"{""Service options"": {""Delivery"": true, ""Onsite services"": true, ""Takeout"": true, ""Dine-in"": true}, ""Highlights"": {""Great tea selection"": true}, ""Popular for"": {""Lunch"": true, ""Solo dining"": true}, ""Accessibility"": {""Wheelchair accessible entrance"": true, ""Wheelchair accessible restroom"": true, ""Wheelchair accessible parking lot"": false}, ""Offerings"": {""Coffee"": true, ""Comfort food"": true, ""Late-night food"": true, ""Quick bite"": true, ""Small plates"": true}, ""Dining options"": {""Lunch"": true, ""Dessert"": true}, ""Amenities"": {""Gender-neutral restroom"": true, ""Restroom"": true, ""Wi-Fi"": true}, ""Atmosphere"": {""Casual"": true, ""Trendy"": true}, ""Crowd"": {""College students"": true, ""Family-friendly"": true, ""Groups"": true, ""LGBTQ+ friendly"": true, ""Tourists"": true}, ""Planning"": {""Accepts reservations"": false}, ""Payments"": {""Credit cards"": true, ""Debit cards"": true, ""NFC mobile payments"": true}, ""Children"": {""Good for kids"": true}, ""Parking"": {""Paid street parking"": true, ""Parking"": true}, ""Other"": {""LGBTQ+ friendly"": true}}",$$,,https://lh6.googleusercontent.com/-Tk0Xx7tUOAk/AAAAAAAAAAI/AAAAAAAAAAA/GA82BBge9PY/s44-p-k-no-ns-nd/photo.jpg,,,True,111092946980945417621,PARTEA NYC - Union Square,https://www.google.com/maps/contrib/111092946980945417621,,"https://www.google.com/viewer/chooseprovider?mid=/g/11kj12kzg0&g2lbs=AAEPWCsBZBqkA9skSE-FNkFF7H2zkIkbkGu4JFNXG7JyljlWQK7zc96992nrOOCGKJDFp7wlA085Fqcf9X1RlJFhwNBKMTJu9g%3D%3D&hl=en-US&gl=us&fo_m=MfohQo559jFvMUOzJVpjPL1YMfZ3bInYwBDuMfaXTPp5KXh-&utm_source=tactile&gei=YWgJaNbUE-qF2roPsfa28Qc&ei=YWgJaNbUE-qF2roPsfa28Qc&fo_s=OA,SOE&opi=79508299&ebb=1&cs=0&foub=mcpp",,,"https://www.google.com/maps/place/PARTEA+NYC+-+Union+Square/@40.7327509,-73.9863838,14z/data=!4m8!1m2!2m1!1sPARTEA+NYC+-+Union+Square!3m4!1s0x89c259ce2bb70201:0x4bdaf46d8ff53371!8m2!3d40.7327509!4d-73.9863838","https://www.google.com/maps/place/PARTEA+NYC+-+Union+Square/@40.7327509,-73.9863838,13.99z/data=!4m16!1m7!3m6!1s0x89c259ce2bb70201:0x4bdaf46d8ff53371!2sPARTEA+NYC+-+Union+Square!8m2!3d40.7327509!4d-73.9863838!16s%2Fg%2F11ckvg1dmb!3m7!1s0x89c259ce2bb70201:0x4bdaf46d8ff53371!8m2!3d40.7327509!4d-73.9863838!9m1!1b1!16s%2Fg%2F11ckvg1dmb?entry=ttu",ChIJAQK3K85ZwokRcTP1j2302ks,0x89c259ce2bb70201:0x4bdaf46d8ff53371,5465949849171342193,/g/11kj12kzg0,5465949849171342193,,hello@partea-nyc.com,RECEIVING,SMTP validated,,,,,,,,,,,,,,,,,,,,,,,,,,,,,,,,,,,,,,,,PLAYDATE NYC,,"Step inside PLAYDATE NYC, a unique culinary and cultural experience for our 
guests. We are located in the heart of Flushing, an iconic neighborhood 
where you can find the most authentic East Asian flavors. Our unique store 
combines the tastes of our neighborhood with a sprinkle of pop art 
personality and an aisle of games inspired by the night markets on the 
other side of the world.",,,
"boba tea, 10003, New York, NY, US",Tea and Milk,Tea And Milk,http://www.teaandmilk.com/,Bubble tea store,Bubble tea store,Bubble tea store,+1 347-369-6232,"inside Pearl River Foods, 75 9th Ave Chelsea Market (Lower Level, New York, NY 10011",Manhattan,"inside Pearl River Foods, 75 9th Ave Chelsea Market (Lower Level",New York,10011,NY,New York,United States of America,US,40.7424509,-74.0059581,892a10721b3ffff,America/New_York,,False,4.3,144,"https://search.google.com/local/reviews?placeid=ChIJD1oo1zVZwokRvHB_fkoSSJA&q=boba+tea,+10003,+New+York,+NY,+US&authuser=0&hl=en&gl=US",,,9.0,7.0,12.0,23.0,93.0,163,https://lh3.googleusercontent.com/p/AF1QipPNTFVTdg0HKIgeSQPzxAp9eaAdhaEnBfrJX-E1=w800-h500-k-no,https://lh3.googleusercontent.com/p/AF1QipPNTFVTdg0HKIgeSQPzxAp9eaAdhaEnBfrJX-E1=w1600-h1000-k-no,,"{""Monday"": ""11AM-7PM"", ""Tuesday"": ""11AM-7PM"", ""Wednesday"": ""11AM-7PM"", ""Thursday"": ""11AM-7PM"", ""Friday"": ""11AM-7PM"", ""Saturday"": ""11AM-7PM"", ""Sunday"": ""11AM-7PM""}",Monday:11AM-7PM|Tuesday:11AM-7PM|Wednesday:11AM-7PM|Thursday:11AM-7PM|Friday:11AM-7PM|Saturday:11AM-7PM|Sunday:11AM-7PM,,,OPERATIONAL,"{""From the business"": {""Identifies as Asian-owned"": true}, ""Service options"": {""Curbside pickup"": true, ""No-contact delivery"": true, ""Delivery"": true, ""Onsite services"": true, ""Takeout"": true, ""Dine-in"": true}, ""Highlights"": {""Great tea selection"": true}, ""Accessibility"": {""Wheelchair accessible entrance"": true, ""Wheelchair accessible restroom"": true, ""Wheelchair accessible seating"": true, ""Wheelchair accessible parking lot"": false}, ""Crowd"": {""LGBTQ+ friendly"": true, ""Transgender safespace"": true}, ""Parking"": {""Free street parking"": true, ""Paid parking garage"": true, ""Paid parking lot"": true, ""Paid street parking"": true}, ""Other"": {""LGBTQ+ friendly"": true, ""Identifies as Asian-owned"": true}}",$,,https://lh3.googleusercontent.com/-rJqY8mzQAnA/AAAAAAAAAAI/AAAAAAAAAAA/h1OKF94prJk/s44-p-k-no-ns-nd/photo.jpg,"Lively counter-serve outfit presenting a wide variety of bubble & milk teas, plus light bites.",,True,109961180848506509276,Tea and Milk,https://www.google.com/maps/contrib/109961180848506509276,,"https://www.google.com/viewer/chooseprovider?mid=/g/11lg2tjdd_&g2lbs=AAEPWCsOQXAiA8uaDuQHOfYDyFuNeOqfLqmQMZtJ62U6bv62sUzuy_Wvr1eTKPLS9oT9LtfwDQ_1pGqDpHB3jsEvwQtDo9XqIQ%3D%3D&hl=en-US&gl=us&fo_m=MfohQo559jFvMUOzJVpjPL1YMfZ3bInYwBDuMfaXTPp5KXh-&utm_source=tactile&gei=YWgJaNbUE-qF2roPsfa28Qc&ei=YWgJaNbUE-qF2roPsfa28Qc&fo_s=OA,SOE&opi=79508299&ebb=1&cs=0&foub=mcpp",,,"https://www.google.com/maps/place/Tea+and+Milk/@40.7424509,-74.0059581,14z/data=!4m8!1m2!2m1!1sTea+and+Milk!3m4!1s0x89c25935d7285a0f:0x9048124a7e7f70bc!8m2!3d40.7424509!4d-74.0059581","https://www.google.com/maps/place/Tea+and+Milk/@40.7424509,-74.0059581,13.99z/data=!4m16!1m7!3m6!1s0x89c25935d7285a0f:0x9048124a7e7f70bc!2sTea+and+Milk!8m2!3d40.7424509!4d-74.0059581!16s%2Fg%2F11ckvg1dmb!3m7!1s0x89c25935d7285a0f:0x9048124a7e7f70bc!8m2!3d40.7424509!4d-74.0059581!9m1!1b1!16s%2Fg%2F11ckvg1dmb?entry=ttu",ChIJD1oo1zVZwokRvHB_fkoSSJA,0x89c25935d7285a0f:0x9048124a7e7f70bc,10396579850943951036,/g/11lg2tjdd_,-8050164222765600580,,feedback@teaandmilk.com,RECEIVING,SMTP validated,,,,,,,,,,,,,,,,,,,,,,19172940450,13479212056,12122671618,https://www.facebook.com/teaandmilk/,https://www.instagram.com/teaandmilkny,,,,,,,,,,,,,,Home | Tea and Milk,Square Online,"Order pickup or shipping of DIY Bubble Tea Kits, Hoodies, T-shirts and other merchandise",,True,True
"boba tea, 10003, New York, NY, US",HEYTEA (East Village 2nd Ave),Heytea East Village 2Nd Ave,http://www.heytea.com/,Tea house,Tea house,Tea house,+1 646-398-8531,"128 2nd Ave, New York, NY 10003",Manhattan,128 2nd Ave,New York,10003,New York,New York,United States of America,US,40.728333899999996,-73.98762959999999,892a1072c97ffff,America/New_York,,False,5.0,619,"https://search.google.com/local/reviews?placeid=ChIJ78V7IwBZwokRYalg4aHG10A&q=boba+tea,+10003,+New+York,+NY,+US&authuser=0&hl=en&gl=US",,,2.0,1.0,1.0,4.0,611.0,221,https://lh3.googleusercontent.com/gps-cs-s/AB5caB8U401h59DhsI_txRgMSR12hXGzvfFj1hG3RnH2cxQLBn9uW9PV17zUXkMAFECouANOrJ0T4fgfoHKq2BcPTVdgNFGEDxG51_KwQ1L236anvf0nO9PJUDO2XtpvE7QPgeeC-bVci8BKbZs=w800-h500-k-no,https://lh3.googleusercontent.com/gps-cs-s/AB5caB8U401h59DhsI_txRgMSR12hXGzvfFj1hG3RnH2cxQLBn9uW9PV17zUXkMAFECouANOrJ0T4fgfoHKq2BcPTVdgNFGEDxG51_KwQ1L236anvf0nO9PJUDO2XtpvE7QPgeeC-bVci8BKbZs=w1600-h1000-k-no,,"{""Monday"": ""12-10PM"", ""Tuesday"": ""12-10PM"", ""Wednesday"": ""12-10PM"", ""Thursday"": ""12-10PM"", ""Friday"": ""12-11PM"", ""Saturday"": ""12-11PM"", ""Sunday"": ""12-10PM""}",Monday:12-10PM|Tuesday:12-10PM|Wednesday:12-10PM|Thursday:12-10PM|Friday:12-11PM|Saturday:12-11PM|Sunday:12-10PM,,,OPERATIONAL,"{""Service options"": {""No-contact delivery"": true, ""Delivery"": true, ""Takeout"": true, ""Dine-in"": true}, ""Highlights"": {""Great tea selection"": true}, ""Accessibility"": {""Wheelchair accessible parking lot"": false}}",,,https://lh4.googleusercontent.com/-xICdSkhsj7Y/AAAAAAAAAAI/AAAAAAAAAAA/TN0lwW1R5bs/s44-p-k-no-ns-nd/photo.jpg,,,True,113714449900430725176,HEYTEA,https://www.google.com/maps/contrib/113714449900430725176,,"https://www.google.com/viewer/chooseprovider?mid=/g/11m5r9wzj4&g2lbs=AAEPWCvIGEZekbR52e8iG__KHRRYauDWZdeD7nZ4kyHpcjIpyfFK80KFdyUbsam0jW4S1ixaFsyutsNWww3CXBC5gvnZhFuK7w%3D%3D&hl=en-US&gl=us&fo_m=MfohQo559jFvMUOzJVpjPL1YMfZ3bInYwBDuMfaXTPp5KXh-&utm_source=tactile&gei=YWgJaNbUE-qF2roPsfa28Qc&ei=YWgJaNbUE-qF2roPsfa28Qc&fo_s=OA,SOE&opi=79508299&ebb=1&cs=0&foub=mcpp",,,"https://www.google.com/maps/place/HEYTEA+%28East+Village+2nd+Ave%29/@40.728333899999996,-73.98762959999999,14z/data=!4m8!1m2!2m1!1sHEYTEA+%28East+Village+2nd+Ave%29!3m4!1s0x89c25900237bc5ef:0x40d7c6a1e160a961!8m2!3d40.728333899999996!4d-73.98762959999999","https://www.google.com/maps/place/HEYTEA+%28East+Village+2nd+Ave%29/@40.728333899999996,-73.98762959999999,13.99z/data=!4m16!1m7!3m6!1s0x89c25900237bc5ef:0x40d7c6a1e160a961!2sHEYTEA+%28East+Village+2nd+Ave%29!8m2!3d40.728333899999996!4d-73.98762959999999!16s%2Fg%2F11ckvg1dmb!3m7!1s0x89c25900237bc5ef:0x40d7c6a1e160a961!8m2!3d40.728333899999996!4d-73.98762959999999!9m1!1b1!16s%2Fg%2F11ckvg1dmb?entry=ttu",ChIJ78V7IwBZwokRYalg4aHG10A,0x89c25900237bc5ef:0x40d7c6a1e160a961,4672421536993421665,/g/11m5r9wzj4,4672421536993421665,,pr@heytea.com,RECEIVING,SMTP validated,,,,,,,,,,,,,,,,,,,,,,,84826139488,,https://www.facebook.com/109361585307020,,https://www.linkedin.com/company/深圳美西西餐饮管理有限公司,,,,,,,,http://twitter.com/heyteaofficial,,,,,喜茶HEYTEA--唯一官网,,,"喜茶HEYTEA,灵感之茶，一杯茶激发一份灵感！",,
"boba tea, 10003, New York, NY, US",ViVi Bubble Tea,Vivi Bubble Tea,https://vivibubbletea.com/,Bubble tea store,Bubble tea store,Bubble tea store,+1 212-777-8988,"226 E 14th St, New York, NY 10003",Manhattan,226 E 14th St,New York,10003,New York,New York,United States of America,US,40.7325941,-73.9861535,892a100d22fffff,America/New_York,,False,4.3,247,"https://search.google.com/local/reviews?placeid=ChIJ19qa-55ZwokRzg8dKpLbqzU&q=boba+tea,+10003,+New+York,+NY,+US&authuser=0&hl=en&gl=US",,,11.0,8.0,24.0,52.0,152.0,400,https://lh3.googleusercontent.com/p/AF1QipMORj05pzBSLb1_Mc3s2hi9bSYeydzz-zCSyInp=w800-h500-k-no,https://lh3.googleusercontent.com/p/AF1QipMORj05pzBSLb1_Mc3s2hi9bSYeydzz-zCSyInp=w1600-h1000-k-no,,"{""Monday"": ""12-9:45PM"", ""Tuesday"": ""12-9:45PM"", ""Wednesday"": ""12-9:45PM"", ""Thursday"": ""12-9:45PM"", ""Friday"": ""12-9:45PM"", ""Saturday"": ""12-9:45PM"", ""Sunday"": ""12-9:45PM""}",Monday:12-9:45PM|Tuesday:12-9:45PM|Wednesday:12-9:45PM|Thursday:12-9:45PM|Friday:12-9:45PM|Saturday:12-9:45PM|Sunday:12-9:45PM,,,OPERATIONAL,"{""Service options"": {""No-contact delivery"": true, ""Delivery"": true, ""Takeout"": true, ""Dine-in"": true}, ""Highlights"": {""Great tea selection"": true}, ""Accessibility"": {""Wheelchair accessible seating"": true, ""Wheelchair accessible parking lot"": false}}",$,,https://lh5.googleusercontent.com/-ysXHhawE2iE/AAAAAAAAAAI/AAAAAAAAAAA/bXRymbig80E/s44-p-k-no-ns-nd/photo.jpg,"Bubble tea shop offering hot & cold versions, plus a variety of flavors & a simple snack menu.",,True,101252457808101591777,ViVi Bubble Tea,https://www.google.com/maps/contrib/101252457808101591777,,"https://www.google.com/viewer/chooseprovider?mid=/g/11b6g9gt85&g2lbs=AAEPWCt8LXIrMjmcVoz9UU-V6GsAqpGfgxOEWJJFggslEEUhFjPIOgOD1mXJQgIpEV7NN_Uw_AfL1_rNpY0nvT-ElmYRCD7dow%3D%3D&hl=en-US&gl=us&fo_m=MfohQo559jFvMUOzJVpjPL1YMfZ3bInYwBDuMfaXTPp5KXh-&utm_source=tactile&gei=YWgJaNbUE-qF2roPsfa28Qc&ei=YWgJaNbUE-qF2roPsfa28Qc&fo_s=OA,SOE&opi=79508299&ebb=1&cs=0&foub=mcpp",,,"https://www.google.com/maps/place/ViVi+Bubble+Tea/@40.7325941,-73.9861535,14z/data=!4m8!1m2!2m1!1sViVi+Bubble+Tea!3m4!1s0x89c2599efb9adad7:0x35abdb922a1d0fce!8m2!3d40.7325941!4d-73.9861535","https://www.google.com/maps/place/ViVi+Bubble+Tea/@40.7325941,-73.9861535,13.99z/data=!4m16!1m7!3m6!1s0x89c2599efb9adad7:0x35abdb922a1d0fce!2sViVi+Bubble+Tea!8m2!3d40.7325941!4d-73.9861535!16s%2Fg%2F11ckvg1dmb!3m7!1s0x89c2599efb9adad7:0x35abdb922a1d0fce!8m2!3d40.7325941!4d-73.9861535!9m1!1b1!16s%2Fg%2F11ckvg1dmb?entry=ttu",ChIJ19qa-55ZwokRzg8dKpLbqzU,0x89c2599efb9adad7:0x35abdb922a1d0fce,3867426125845958606,/g/11b6g9gt85,3867426125845958606,,vivibubbleteanj@gmail.com,RECEIVING,Verified,,,,,,,,,,,,,,,,,,,,,,+1 212-566-6833,14696618801,13472236792,https://www.facebook.com/vivibubbleteanyc,https://www.instagram.com/vivibubbletea,https://www.linkedin.com/company/vivi-bubble-tea,,,,,,,,,,,,,vivibubbletea,WordPress 6.0.2,,,False,True
"boba tea, 10003, New York, NY, US",ViVi Bubble Tea,Vivi Bubble Tea,http://www.vivibubbletea.com/,Bubble tea store,Bubble tea store,Bubble tea store,+1 212-777-3698,"30 3rd Ave, New York, NY 10003",Manhattan,30 3rd Ave,New York,10003,New York,New York,United States of America,US,40.7303244,-73.9895976,892a1072c93ffff,America/New_York,,False,4.3,228,"https://search.google.com/local/reviews?placeid=ChIJ2e_37ZtZwokRSqkIMI8triU&q=boba+tea,+10003,+New+York,+NY,+US&authuser=0&hl=en&gl=US",,,15.0,3.0,21.0,60.0,129.0,196,https://lh3.googleusercontent.com/gps-cs-s/AB5caB-A3cdP6UGfGORVbBdbK-qh9JJ3fBXRNC9okYu_HGWme_7B5N5q9l5PJNwzlQianS8Z42FjrBlqqBwsbV9nBCWQije-pAXbX4NR4YMjVZ3dnOW5y7owSSRHyQNeVi-RRR3TjIwN=w800-h500-k-no,https://lh3.googleusercontent.com/gps-cs-s/AB5caB-A3cdP6UGfGORVbBdbK-qh9JJ3fBXRNC9okYu_HGWme_7B5N5q9l5PJNwzlQianS8Z42FjrBlqqBwsbV9nBCWQije-pAXbX4NR4YMjVZ3dnOW5y7owSSRHyQNeVi-RRR3TjIwN=w1600-h1000-k-no,,"{""Monday"": ""12-10PM"", ""Tuesday"": ""12-10PM"", ""Wednesday"": ""12-10PM"", ""Thursday"": ""12-10PM"", ""Friday"": ""12-11PM"", ""Saturday"": ""12-11PM"", ""Sunday"": ""12-10PM""}",Monday:12-10PM|Tuesday:12-10PM|Wednesday:12-10PM|Thursday:12-10PM|Friday:12-11PM|Saturday:12-11PM|Sunday:12-10PM,,,OPERATIONAL,"{""Service options"": {""No-contact delivery"": true, ""Delivery"": true, ""Onsite services"": true, ""Takeout"": true, ""Dine-in"": true}, ""Highlights"": {""Great tea selection"": true}, ""Accessibility"": {""Wheelchair accessible entrance"": true, ""Wheelchair accessible parking lot"": false}}",$,,https://lh3.googleusercontent.com/-1yqd_KUAwSQ/AAAAAAAAAAI/AAAAAAAAAAA/qf5dMLjiuX8/s44-p-k-no-ns-nd/photo.jpg,"Bubble tea shop offering hot & cold versions, plus a variety of flavors & a simple snack menu.",,True,113319006519399227572,ViVi Bubble Tea,https://www.google.com/maps/contrib/113319006519399227572,,"https://www.google.com/viewer/chooseprovider?mid=/g/11c6w0k997&g2lbs=AAEPWCsIJEmkzdZdni84NVgl3wmsvVkEV2eXW9dB4tVV4Jn8C8eC3WME1YBJUw1e7jwo8q0OHiafbcE7mDzFnP84H2qp5KjZ4Q%3D%3D&hl=en-US&gl=us&fo_m=MfohQo559jFvMUOzJVpjPL1YMfZ3bInYwBDuMfaXTPp5KXh-&utm_source=tactile&gei=YWgJaNbUE-qF2roPsfa28Qc&ei=YWgJaNbUE-qF2roPsfa28Qc&fo_s=OA,SOE&opi=79508299&ebb=1&cs=0&foub=mcpp",,,"https://www.google.com/maps/place/ViVi+Bubble+Tea/@40.7303244,-73.9895976,14z/data=!4m8!1m2!2m1!1sViVi+Bubble+Tea!3m4!1s0x89c2599bedf7efd9:0x25ae2d8f3008a94a!8m2!3d40.7303244!4d-73.9895976","https://www.google.com/maps/place/ViVi+Bubble+Tea/@40.7303244,-73.9895976,13.99z/data=!4m16!1m7!3m6!1s0x89c2599bedf7efd9:0x25ae2d8f3008a94a!2sViVi+Bubble+Tea!8m2!3d40.7303244!4d-73.9895976!16s%2Fg%2F11ckvg1dmb!3m7!1s0x89c2599bedf7efd9:0x25ae2d8f3008a94a!8m2!3d40.7303244!4d-73.9895976!9m1!1b1!16s%2Fg%2F11ckvg1dmb?entry=ttu",ChIJ2e_37ZtZwokRSqkIMI8triU,0x89c2599bedf7efd9:0x25ae2d8f3008a94a,2715157718360435018,/g/11c6w0k997,2715157718360435018,,vivibubbleteanj@gmail.com,RECEIVING,Verified,,,,,,,,,,,,,,,,,,,,,,+1 212-566-6833,14696618801,13472236792,https://www.facebook.com/vivibubbleteanyc,https://www.instagram.com/vivibubbletea,https://www.linkedin.com/company/vivi-bubble-tea,,,,,,,,,,,,,vivibubbletea,WordPress 6.0.2,,,False,True
"boba tea, 10003, New York, NY, US",Dragon Tea,Dragon Tea,https://www.dragontea914.com/,"Bubble tea store, Coffee shop, Donut shop, Tea store",Bubble tea store,Bubble tea store,+1 646-478-7787,"106 Greenwich St, New York, NY 10006",Manhattan,106 Greenwich St,New York,10006,New York,New York,United States of America,US,40.708528099999995,-74.0136016,892a107288bffff,America/New_York,,False,4.5,351,"https://search.google.com/local/reviews?placeid=ChIJQ2RgwvNbwokRPgorzjKgaJo&q=boba+tea,+10003,+New+York,+NY,+US&authuser=0&hl=en&gl=US",,,22.0,10.0,17.0,38.0,264.0,472,https://lh3.googleusercontent.com/gps-cs-s/AB5caB8Kjqkb75XrQHEJ-lPJnx7iuGeT4PVb9hAA2cZ73sVIZTPTPcNhgs--IzlAW6yPkG5cl9K42muU4Zl969bUs1iVd4j_tq_OzBOIpExAx-bdod1lKsi0W2dCo9hfG2vvHbIvLFnn=w800-h500-k-no,https://lh3.googleusercontent.com/gps-cs-s/AB5caB8Kjqkb75XrQHEJ-lPJnx7iuGeT4PVb9hAA2cZ73sVIZTPTPcNhgs--IzlAW6yPkG5cl9K42muU4Zl969bUs1iVd4j_tq_OzBOIpExAx-bdod1lKsi0W2dCo9hfG2vvHbIvLFnn=w1600-h1000-k-no,,"{""Monday"": ""11AM-9:30PM"", ""Tuesday"": ""11AM-9:30PM"", ""Wednesday"": ""11AM-9:30PM"", ""Thursday"": ""11AM-9:30PM"", ""Friday"": ""11AM-9:30PM"", ""Saturday"": ""11AM-9:30PM"", ""Sunday"": ""11AM-9:30PM""}",Monday:11AM-9:30PM|Tuesday:11AM-9:30PM|Wednesday:11AM-9:30PM|Thursday:11AM-9:30PM|Friday:11AM-9:30PM|Saturday:11AM-9:30PM|Sunday:11AM-9:30PM,,,OPERATIONAL,"{""Service options"": {""No-contact delivery"": true, ""Delivery"": true, ""Onsite services"": true, ""Takeout"": true, ""Dine-in"": true}, ""Highlights"": {""Great tea selection"": true}, ""Accessibility"": {""Wheelchair accessible parking lot"": false}, ""Parking"": {""Paid street parking"": true}}",$,,https://lh4.googleusercontent.com/-rF_xbcQptok/AAAAAAAAAAI/AAAAAAAAAAA/wFadp7uyxMc/s44-p-k-no-ns-nd/photo.jpg,"Casual counter-service venue offering bubble tea, milk tea & other tea-based drinks, plus smoothies.",,True,115010502096328856611,Dragon Tea,https://www.google.com/maps/contrib/115010502096328856611,,"https://www.google.com/viewer/chooseprovider?mid=/g/11j708bmd0&g2lbs=AAEPWCsd2hlvqpnPeUn957vUG7qRT6d33FLG_7UOjHbNPKmlwp1FpkHFcXQQb9hD_ugGPyv-mkfvL7dAYziwtIg3DcCtCm2elg%3D%3D&hl=en-US&gl=us&fo_m=MfohQo559jFvMUOzJVpjPL1YMfZ3bInYwBDuMfaXTPp5KXh-&utm_source=tactile&gei=YWgJaNbUE-qF2roPsfa28Qc&ei=YWgJaNbUE-qF2roPsfa28Qc&fo_s=OA,SOE&opi=79508299&ebb=1&cs=0&foub=mcpp",,,"https://www.google.com/maps/place/Dragon+Tea/@40.708528099999995,-74.0136016,14z/data=!4m8!1m2!2m1!1sDragon+Tea!3m4!1s0x89c25bf3c2606443:0x9a68a032ce2b0a3e!8m2!3d40.708528099999995!4d-74.0136016","https://www.google.com/maps/place/Dragon+Tea/@40.708528099999995,-74.0136016,13.99z/data=!4m16!1m7!3m6!1s0x89c25bf3c2606443:0x9a68a032ce2b0a3e!2sDragon+Tea!8m2!3d40.708528099999995!4d-74.0136016!16s%2Fg%2F11ckvg1dmb!3m7!1s0x89c25bf3c2606443:0x9a68a032ce2b0a3e!8m2!3d40.708528099999995!4d-74.0136016!9m1!1b1!16s%2Fg%2F11ckvg1dmb?entry=ttu",ChIJQ2RgwvNbwokRPgorzjKgaJo,0x89c25bf3c2606443:0x9a68a032ce2b0a3e,11126319019486546494,/g/11j708bmd0,-7320425054223005122,,dragontea914@gmail.com,RECEIVING,Verified,,,,,,dragonbronxllc@gmail.com,RECEIVING,Verified,,,,,,dragonbronxllc@gmail.com,RECEIVING,Verified,,,,,,9143411047,6464787787,9142181331,,https://www.instagram.com/dragonteanewyork,,https://www.tiktok.com/@dragonteany,,,,,,,,,,,,Bubbles and Bites - Dragon Tea | Hours + Location | Dragon Horn Tea | Bubble Tea Store in NY,,"We serve a variety of food here at Dragon Tea in New York, New York. Our menu offers milk tea, bubble tea, taro milk tea, coffee, and more! We look forward to serving you!","Bubble Tea, Mochi, Donuts, Dumplings, New York, NY",False,False
"boba tea, 10003, New York, NY, US",FIFTYLAN Union Square,Fiftylan Union Square,https://fiftylanusa.com/,Bubble tea store,Bubble tea store,Bubble tea store,+1 646-767-0085,"32 Union Square E, New York, NY 10003",Manhattan,32 Union Square E,New York,10003,New York,New York,United States of America,US,40.7356853,-73.9892836,892a100d23bffff,America/New_York,,False,4.5,229,"https://search.google.com/local/reviews?placeid=ChIJXZIu-VpZwokRJJ00c5-dzNk&q=boba+tea,+10003,+New+York,+NY,+US&authuser=0&hl=en&gl=US",,,6.0,7.0,21.0,36.0,159.0,590,https://lh3.googleusercontent.com/gps-cs-s/AB5caB-Xe0T4QZ2hhg4gVBvRiCpUOAMidvry5YHrepZ1nMXmHitTFjFqCXz4MKcHdSRIrb0-9TGtOeYEu-pYF-HYKsbMfBcdD3AZse9PYf9TWTkueCRavC0fisiftLYlX9rYq3V35nt8Uw=w800-h500-k-no,https://lh3.googleusercontent.com/gps-cs-s/AB5caB-Xe0T4QZ2hhg4gVBvRiCpUOAMidvry5YHrepZ1nMXmHitTFjFqCXz4MKcHdSRIrb0-9TGtOeYEu-pYF-HYKsbMfBcdD3AZse9PYf9TWTkueCRavC0fisiftLYlX9rYq3V35nt8Uw=w1600-h1000-k-no,,"{""Monday"": ""11AM-7PM"", ""Tuesday"": ""11AM-7PM"", ""Wednesday"": ""11AM-7PM"", ""Thursday"": ""11AM-7PM"", ""Friday"": ""11AM-8PM"", ""Saturday"": ""11AM-8PM"", ""Sunday"": ""11AM-7PM""}",Monday:11AM-7PM|Tuesday:11AM-7PM|Wednesday:11AM-7PM|Thursday:11AM-7PM|Friday:11AM-8PM|Saturday:11AM-8PM|Sunday:11AM-7PM,,,OPERATIONAL,"{""Service options"": {""No-contact delivery"": true, ""Delivery"": true, ""Onsite services"": true, ""Takeout"": true, ""Dine-in"": true}, ""Highlights"": {""Great tea selection"": true}, ""Accessibility"": {""Wheelchair accessible entrance"": true, ""Wheelchair accessible parking lot"": false}, ""Parking"": {""Paid street parking"": true}}",$$,,https://lh3.googleusercontent.com/-OQiHS3YrgeE/AAAAAAAAAAI/AAAAAAAAAAA/LBA8cD66we0/s44-p-k-no-ns-nd/photo.jpg,Relaxed venture dispensing milk tea & other refreshments in a compact take-out store.,,True,108475444623129879928,FIFTYLAN Union Square,https://www.google.com/maps/contrib/108475444623129879928,,"https://www.google.com/viewer/chooseprovider?mid=/g/11mx7t8383&g2lbs=AAEPWCtAPAvPy9MyMjCV8ToqryhE3cdwxFDlExCjlZWDu2qJePYhNZwraPiFkCc578vkMXTfqd4CIU1W_Fpn81u7VNQaqeIbzw%3D%3D&hl=en-US&gl=us&fo_m=MfohQo559jFvMUOzJVpjPL1YMfZ3bInYwBDuMfaXTPp5KXh-&utm_source=tactile&gei=YWgJaNbUE-qF2roPsfa28Qc&ei=YWgJaNbUE-qF2roPsfa28Qc&fo_s=OA,SOE&opi=79508299&ebb=1&cs=0&foub=mcpp",,,"https://www.google.com/maps/place/FIFTYLAN+Union+Square/@40.7356853,-73.9892836,14z/data=!4m8!1m2!2m1!1sFIFTYLAN+Union+Square!3m4!1s0x89c2595af92e925d:0xd9cc9d9f73349d24!8m2!3d40.7356853!4d-73.9892836","https://www.google.com/maps/place/FIFTYLAN+Union+Square/@40.7356853,-73.9892836,13.99z/data=!4m16!1m7!3m6!1s0x89c2595af92e925d:0xd9cc9d9f73349d24!2sFIFTYLAN+Union+Square!8m2!3d40.7356853!4d-73.9892836!16s%2Fg%2F11ckvg1dmb!3m7!1s0x89c2595af92e925d:0xd9cc9d9f73349d24!8m2!3d40.7356853!4d-73.9892836!9m1!1b1!16s%2Fg%2F11ckvg1dmb?entry=ttu",ChIJXZIu-VpZwokRJJ00c5-dzNk,0x89c2595af92e925d:0xd9cc9d9f73349d24,15694092109637524772,/g/11mx7t8383,-2752651964072026844,,info@fiftylan.co,RECEIVING,SMTP validated,,,,,,,,,,,,,,,,,,,,,,,,,https://www.facebook.com/fiftylanusa,https://www.instagram.com/fiftylanusa,,,,,,,,,,,,,,FIFTYLAN USA,,,,False,False
"boba tea, 10003, New York, NY, US",ViVi Bubble Tea,Vivi Bubble Tea,https://vivibubbletea.com/,Bubble tea store,Bubble tea store,Bubble tea store,,"18 W 14th St a, New York, NY 10011",Manhattan,18 W 14th St a,New York,10011,New York,New York,United States of America,US,40.7363359,-73.99482019999999,892a100d263ffff,America/New_York,,False,4.2,306,"https://search.google.com/local/reviews?placeid=ChIJzXxU9pdZwokR3ymFg058hss&q=boba+tea,+10003,+New+York,+NY,+US&authuser=0&hl=en&gl=US",,,16.0,10.0,36.0,72.0,172.0,133,https://lh3.googleusercontent.com/gps-cs-s/AB5caB9kZA3c-PPiLceEsTxMV_kc-9vr6-_Z_I4u8sKVi6L49OjSjhSsj68zwa9K478iODskMTfrbz0NimWGTgkB0sIyyTKXcvlboC9hEuu3XymauCUrkYepgHLsFPETaolML1430CZ9ng=w800-h500-k-no,https://lh3.googleusercontent.com/gps-cs-s/AB5caB9kZA3c-PPiLceEsTxMV_kc-9vr6-_Z_I4u8sKVi6L49OjSjhSsj68zwa9K478iODskMTfrbz0NimWGTgkB0sIyyTKXcvlboC9hEuu3XymauCUrkYepgHLsFPETaolML1430CZ9ng=w1600-h1000-k-no,,"{""Monday"": ""11AM-9PM"", ""Tuesday"": ""11AM-9PM"", ""Wednesday"": ""11AM-9PM"", ""Thursday"": ""11AM-9PM"", ""Friday"": ""11AM-9PM"", ""Saturday"": ""11AM-9PM"", ""Sunday"": ""11AM-9PM""}",Monday:11AM-9PM|Tuesday:11AM-9PM|Wednesday:11AM-9PM|Thursday:11AM-9PM|Friday:11AM-9PM|Saturday:11AM-9PM|Sunday:11AM-9PM,,,OPERATIONAL,"{""Service options"": {""Onsite services"": true, ""Takeout"": true, ""Dine-in"": true}, ""Highlights"": {""Great tea selection"": true}, ""Accessibility"": {""Wheelchair accessible parking lot"": false}, ""Parking"": {""Paid street parking"": true}}",$,,https://lh6.googleusercontent.com/-u--fgOAsIp0/AAAAAAAAAAI/AAAAAAAAAAA/GqPACopFXN8/s44-p-k-no-ns-nd/photo.jpg,"Bubble tea shop offering hot & cold versions, plus a variety of flavors & a simple snack menu.",,True,102375551126936406289,ViVi Bubble Tea,https://www.google.com/maps/contrib/102375551126936406289,,,,,"https://www.google.com/maps/place/ViVi+Bubble+Tea/@40.7363359,-73.99482019999999,14z/data=!4m8!1m2!2m1!1sViVi+Bubble+Tea!3m4!1s0x89c25997f6547ccd:0xcb867c4e838529df!8m2!3d40.7363359!4d-73.99482019999999","https://www.google.com/maps/place/ViVi+Bubble+Tea/@40.7363359,-73.99482019999999,13.99z/data=!4m16!1m7!3m6!1s0x89c25997f6547ccd:0xcb867c4e838529df!2sViVi+Bubble+Tea!8m2!3d40.7363359!4d-73.99482019999999!16s%2Fg%2F11ckvg1dmb!3m7!1s0x89c25997f6547ccd:0xcb867c4e838529df!8m2!3d40.7363359!4d-73.99482019999999!9m1!1b1!16s%2Fg%2F11ckvg1dmb?entry=ttu",ChIJzXxU9pdZwokR3ymFg058hss,0x89c25997f6547ccd:0xcb867c4e838529df,14665545913234434527,/g/11c0yhpkfc,-3781198160475117089,,vivibubbleteanj@gmail.com,RECEIVING,Verified,,,,,,,,,,,,,,,,,,,,,,+1 212-566-6833,14696618801,13472236792,https://www.facebook.com/vivibubbleteanyc,https://www.instagram.com/vivibubbletea,https://www.linkedin.com/company/vivi-bubble-tea,,,,,,,,,,,,,vivibubbletea,WordPress 6.0.2,,,False,True
"boba tea, 10003, New York, NY, US",Wanpo Tea Shop,Wanpo Tea Shop,http://wanpotea.us/,Bubble tea store,Bubble tea store,Bubble tea store,+1 212-995-8349,"37 E 8th St, New York, NY 10003",Manhattan,37 E 8th St,New York,10003,New York,New York,United States of America,US,40.7315389,-73.9941602,892a1072c9bffff,America/New_York,,False,4.5,247,"https://search.google.com/local/reviews?placeid=ChIJF8g7TxBZwokRSmUUhO-rvh8&q=boba+tea,+10003,+New+York,+NY,+US&authuser=0&hl=en&gl=US",,,10.0,4.0,17.0,33.0,183.0,343,https://lh3.googleusercontent.com/p/AF1QipPdMpd-IMU0brItCgRtaS1jckSsJs5mAN8m6o-4=w800-h500-k-no,https://lh3.googleusercontent.com/p/AF1QipPdMpd-IMU0brItCgRtaS1jckSsJs5mAN8m6o-4=w1600-h1000-k-no,,"{""Monday"": ""12-8PM"", ""Tuesday"": ""12-8PM"", ""Wednesday"": ""12-8PM"", ""Thursday"": ""12-8PM"", ""Friday"": ""12-8PM"", ""Saturday"": ""12:30-8:30PM"", ""Sunday"": ""12:30-8:30PM""}",Monday:12-8PM|Tuesday:12-8PM|Wednesday:12-8PM|Thursday:12-8PM|Friday:12-8PM|Saturday:12:30-8:30PM|Sunday:12:30-8:30PM,,,OPERATIONAL,"{""Service options"": {""Delivery"": true, ""Onsite services"": true, ""Takeout"": true, ""Dine-in"": true}, ""Highlights"": {""Great tea selection"": true}, ""Accessibility"": {""Wheelchair accessible parking lot"": false}}",$,,https://lh5.googleusercontent.com/-JDancMH8EzM/AAAAAAAAAAI/AAAAAAAAAAA/bc-CRqVsfk4/s44-p-k-no-ns-nd/photo.jpg,Asian-style bubble tea & fruit drinks featured in a stylish outpost with retro-chic poster art.,,True,114679827968254952374,Wanpo Tea Shop,https://www.google.com/maps/contrib/114679827968254952374,,,,,"https://www.google.com/maps/place/Wanpo+Tea+Shop/@40.7315389,-73.9941602,14z/data=!4m8!1m2!2m1!1sWanpo+Tea+Shop!3m4!1s0x89c259104f3bc817:0x1fbeabef8414654a!8m2!3d40.7315389!4d-73.9941602","https://www.google.com/maps/place/Wanpo+Tea+Shop/@40.7315389,-73.9941602,13.99z/data=!4m16!1m7!3m6!1s0x89c259104f3bc817:0x1fbeabef8414654a!2sWanpo+Tea+Shop!8m2!3d40.7315389!4d-73.9941602!16s%2Fg%2F11ckvg1dmb!3m7!1s0x89c259104f3bc817:0x1fbeabef8414654a!8m2!3d40.7315389!4d-73.9941602!9m1!1b1!16s%2Fg%2F11ckvg1dmb?entry=ttu",ChIJF8g7TxBZwokRSmUUhO-rvh8,0x89c259104f3bc817:0x1fbeabef8414654a,2287454705952253258,/g/11rgr3yd0l,2287454705952253258,,wanpotea.ny@gmail.com,RECEIVING,SMTP validated,,,,,,,,,,,,,,,,,,,,,,8860800666155,,12129958349,https://www.facebook.com/wanpotea/,https://www.instagram.com/wanpotea.norcal,,,,,,,,,,,,,,Wanpo Tea Shop,,"With a professional team full of innovative ideas, Wanpo dedicates to share our life stories to consumers – the bygone stories of the military dependents' villages.",Wanpo Tea,,
"boba tea, 10003, New York, NY, US",I’Milky (Flatiron),I’Milky Flatiron,https://www.imilkyusa.com/,Bubble tea store,Bubble tea store,Bubble tea store,+1 929-786-6018,"127 E 23rd St, New York, NY 10010",Manhattan,127 E 23rd St,New York,10010,New York,New York,United States of America,US,40.739830399999995,-73.98498099999999,892a100d207ffff,America/New_York,,False,4.4,25,"https://search.google.com/local/reviews?placeid=ChIJzz0YVfFZwokRw6-GvVR99QM&q=boba+tea,+10003,+New+York,+NY,+US&authuser=0&hl=en&gl=US",,,4.0,0.0,0.0,0.0,21.0,84,https://lh3.googleusercontent.com/gps-cs-s/AB5caB9gfdhxIv2m0UjrkFensp3XcvJHwI-ZBDmLrjobnDup8A8O94S3J7NAIxyDz6h42Qdyf7OZM1nYx6YnLzkTZvIcQZY5-wPU76kIR7a3RUCe62x9tfjVSl_ui3HHFxn_4GPYzr11=w800-h500-k-no,https://lh3.googleusercontent.com/gps-cs-s/AB5caB9gfdhxIv2m0UjrkFensp3XcvJHwI-ZBDmLrjobnDup8A8O94S3J7NAIxyDz6h42Qdyf7OZM1nYx6YnLzkTZvIcQZY5-wPU76kIR7a3RUCe62x9tfjVSl_ui3HHFxn_4GPYzr11=w1600-h1000-k-no,,"{""Monday"": ""11AM-9PM"", ""Tuesday"": ""11AM-9PM"", ""Wednesday"": ""11AM-9PM"", ""Thursday"": ""11AM-9PM"", ""Friday"": ""11AM-8:30PM"", ""Saturday"": ""11AM-8:30PM"", ""Sunday"": ""12-7PM""}",Monday:11AM-9PM|Tuesday:11AM-9PM|Wednesday:11AM-9PM|Thursday:11AM-9PM|Friday:11AM-8:30PM|Saturday:11AM-8:30PM|Sunday:12-7PM,,,OPERATIONAL,"{""Service options"": {""Takeout"": true, ""Dine-in"": true}, ""Highlights"": {""Great tea selection"": true}, ""Accessibility"": {""Wheelchair accessible parking lot"": false}}",$,,https://lh5.googleusercontent.com/-QkQYNWK18XQ/AAAAAAAAAAI/AAAAAAAAAAA/FPJimFgaUYg/s44-p-k-no-ns-nd/photo.jpg,,,True,116426761189968269568,I’Milky 沐白 - Flatiron,https://www.google.com/maps/contrib/116426761189968269568,,"https://www.google.com/viewer/chooseprovider?mid=/g/11w4kx7j4j&g2lbs=AAEPWCuRoxfMRjImwVDcUqIWY4hbUI_7t0FYJjL8Aru7E3Y7Ue_u_qomkFd7hMNok8d6EVcVO09-iwYPJHzSaeAn5tvKe-bNUw%3D%3D&hl=en-US&gl=us&fo_m=MfohQo559jFvMUOzJVpjPL1YMfZ3bInYwBDuMfaXTPp5KXh-&utm_source=tactile&gei=Y2gJaOfBLYbB5OUP4YO9iAs&ei=Y2gJaOfBLYbB5OUP4YO9iAs&fo_s=OA,SOE&opi=79508299&ebb=1&cs=0&foub=mcpp",,,"https://www.google.com/maps/place/I%E2%80%99Milky+%E6%B2%90%E7%99%BD+-+Flatiron/@40.739830399999995,-73.98498099999999,14z/data=!4m8!1m2!2m1!1sI%E2%80%99Milky+%E6%B2%90%E7%99%BD+-+Flatiron!3m4!1s0x89c259f155183dcf:0x3f57d54bd86afc3!8m2!3d40.739830399999995!4d-73.98498099999999","https://www.google.com/maps/place/I%E2%80%99Milky+%E6%B2%90%E7%99%BD+-+Flatiron/@40.739830399999995,-73.98498099999999,13.99z/data=!4m16!1m7!3m6!1s0x89c259f155183dcf:0x3f57d54bd86afc3!2sI%E2%80%99Milky+%E6%B2%90%E7%99%BD+-+Flatiron!8m2!3d40.739830399999995!4d-73.98498099999999!16s%2Fg%2F11ckvg1dmb!3m7!1s0x89c259f155183dcf:0x3f57d54bd86afc3!8m2!3d40.739830399999995!4d-73.98498099999999!9m1!1b1!16s%2Fg%2F11ckvg1dmb?entry=ttu",ChIJzz0YVfFZwokRw6-GvVR99QM,0x89c259f155183dcf:0x3f57d54bd86afc3,285271954318340035,/g/11w4kx7j4j,285271954318340035,,imilkycorp@gmail.com,RECEIVING,SMTP validated,,,,,,,,,,,,,,,,,,,,,,15854217795,,,https://www.facebook.com/imilky.ny.usa/,https://www.instagram.com/imilky.ny.usa,,,,,,,,,,,,,,I Milky - Best Bubble Tea,,,,,
"boba tea, 10003, New York, NY, US",Solely Tea,Solely Tea,http://solelytea.com/,Bubble tea store,Bubble tea store,Bubble tea store,,"111 Eldridge St, New York, NY 10002",Manhattan,111 Eldridge St,New York,10002,New York,New York,United States of America,US,40.7182878,-73.9922136,892a1072cafffff,America/New_York,,False,4.9,173,"https://search.google.com/local/reviews?placeid=ChIJDdFdWRxZwokRw0q_swXsZR8&q=boba+tea,+10003,+New+York,+NY,+US&authuser=0&hl=en&gl=US",,,2.0,1.0,3.0,6.0,161.0,107,https://lh3.googleusercontent.com/p/AF1QipMhecQoY7lYhkoemadO6jvmw2oXQ3qrfaKXGj3L=w800-h500-k-no,https://lh3.googleusercontent.com/p/AF1QipMhecQoY7lYhkoemadO6jvmw2oXQ3qrfaKXGj3L=w1600-h1000-k-no,,"{""Monday"": ""Closed"", ""Tuesday"": ""12-8PM"", ""Wednesday"": ""12-8PM"", ""Thursday"": ""12-8PM"", ""Friday"": ""12-8PM"", ""Saturday"": ""12-8PM"", ""Sunday"": ""12-8PM""}",Monday:Closed|Tuesday:12-8PM|Wednesday:12-8PM|Thursday:12-8PM|Friday:12-8PM|Saturday:12-8PM|Sunday:12-8PM,,,OPERATIONAL,"{""From the business"": {""Identifies as women-owned"": true}, ""Service options"": {""Delivery"": true, ""Onsite services"": true, ""Takeout"": true, ""Dine-in"": true}, ""Highlights"": {""Great tea selection"": true}, ""Accessibility"": {""Wheelchair accessible parking lot"": false}, ""Other"": {""Identifies as women-owned"": true}}",$,,https://lh6.googleusercontent.com/-ToB2Q8tWgu4/AAAAAAAAAAI/AAAAAAAAAAA/c05Ruuz7uek/s44-p-k-no-ns-nd/photo.jpg,,,True,112986522456777076767,Solely Tea,https://www.google.com/maps/contrib/112986522456777076767,,"https://www.google.com/viewer/chooseprovider?mid=/g/11q1b2_x17&g2lbs=AAEPWCtD7-B_bpKyV2ME0AriA3FIigEo9irf9WUahQDRHzirtxzVLwSjOdv37GB57mHCQtcGoG-w35594fJgaFto5QVjGBDYcg%3D%3D&hl=en-US&gl=us&fo_m=MfohQo559jFvMUOzJVpjPL1YMfZ3bInYwBDuMfaXTPp5KXh-&utm_source=tactile&gei=Y2gJaOfBLYbB5OUP4YO9iAs&ei=Y2gJaOfBLYbB5OUP4YO9iAs&fo_s=OA,SOE&opi=79508299&ebb=1&cs=0&foub=mcpp",,,"https://www.google.com/maps/place/Solely+Tea/@40.7182878,-73.9922136,14z/data=!4m8!1m2!2m1!1sSolely+Tea!3m4!1s0x89c2591c595dd10d:0x1f65ec05b3bf4ac3!8m2!3d40.7182878!4d-73.9922136","https://www.google.com/maps/place/Solely+Tea/@40.7182878,-73.9922136,13.99z/data=!4m16!1m7!3m6!1s0x89c2591c595dd10d:0x1f65ec05b3bf4ac3!2sSolely+Tea!8m2!3d40.7182878!4d-73.9922136!16s%2Fg%2F11ckvg1dmb!3m7!1s0x89c2591c595dd10d:0x1f65ec05b3bf4ac3!8m2!3d40.7182878!4d-73.9922136!9m1!1b1!16s%2Fg%2F11ckvg1dmb?entry=ttu",ChIJDdFdWRxZwokRw0q_swXsZR8,0x89c2591c595dd10d:0x1f65ec05b3bf4ac3,2262473897058192067,/g/11q1b2_x17,2262473897058192067,,hello@solelytea.com,INVALID,Invalid SMTP,,,,,,,,,,,,,,,,,,,,,,19176393002,,,https://www.facebook.com/101912188725171,,,,,,,,,,,,,,,"Sneakers, Boba, Streetwear, Art | Chinatown NYC | Solely Tea",Square Online,NYC's 1st Sneaker & Bubble Tea Shop keeping you fresh. A Haven for Sneakerheads in Chinatown NYC!,,False,True
"boba tea, 10003, New York, NY, US",Jooy Tea Shoppe (Chinatown),Jooy Tea Shoppe Chinatown,http://jooyteashoppe.com/,Bubble tea store,Bubble tea store,Bubble tea store,+1 646-360-2233,"208 Grand St, New York, NY 10013",Manhattan,208 Grand St,New York,10013,New York,New York,United States of America,US,40.719187999999995,-73.99621619999999,892a1072c33ffff,America/New_York,,False,5.0,25,"https://search.google.com/local/reviews?placeid=ChIJz7XFCeBZwokR5qUQXsKaF3o&q=boba+tea,+10003,+New+York,+NY,+US&authuser=0&hl=en&gl=US",,,0.0,0.0,0.0,1.0,24.0,204,https://lh3.googleusercontent.com/gps-cs-s/AB5caB_2qIJVHCc7hGvxGonKBs0Uq9S-aGYCp3kjWdtEjG1UdLOYiwcAU9wiHs8XK_zF5Td2jkw344PEwe2TI7i4CIDc__4YjLHlQL8GuEzPqeuGF2gUM4n_bd73T2dvmBTsDkhJfIKo=w800-h500-k-no,https://lh3.googleusercontent.com/gps-cs-s/AB5caB_2qIJVHCc7hGvxGonKBs0Uq9S-aGYCp3kjWdtEjG1UdLOYiwcAU9wiHs8XK_zF5Td2jkw344PEwe2TI7i4CIDc__4YjLHlQL8GuEzPqeuGF2gUM4n_bd73T2dvmBTsDkhJfIKo=w1600-h1000-k-no,,"{""Monday"": ""11AM-8:30PM"", ""Tuesday"": ""11AM-8:30PM"", ""Wednesday"": ""11AM-8:30PM"", ""Thursday"": ""11AM-8:30PM"", ""Friday"": ""11AM-9:30PM"", ""Saturday"": ""11AM-9:30PM"", ""Sunday"": ""11AM-8:30PM""}",Monday:11AM-8:30PM|Tuesday:11AM-8:30PM|Wednesday:11AM-8:30PM|Thursday:11AM-8:30PM|Friday:11AM-9:30PM|Saturday:11AM-9:30PM|Sunday:11AM-8:30PM,,,OPERATIONAL,"{""Service options"": {""Takeout"": true, ""Dine-in"": true}, ""Highlights"": {""Great tea selection"": true}}",,,https://lh4.googleusercontent.com/-U4sxITwxr9c/AAAAAAAAAAI/AAAAAAAAAAA/rnJClvegPw8/s44-p-k-no-ns-nd/photo.jpg,,,True,102931368128625351746,JOOY TEA SHOPPE,https://www.google.com/maps/contrib/102931368128625351746,,"https://www.google.com/viewer/chooseprovider?mid=/g/11m693k28v&g2lbs=AAEPWCur-K3ovvYcNOBEe-_33Db-McLTGpsgPgcmCyO90JAyClVVe4OfAFMQzc8a7MLHVz1ImRvW5YZMKyDsYrrwVpPlOPxunQ%3D%3D&hl=en-US&gl=us&fo_m=MfohQo559jFvMUOzJVpjPL1YMfZ3bInYwBDuMfaXTPp5KXh-&utm_source=tactile&gei=Y2gJaOfBLYbB5OUP4YO9iAs&ei=Y2gJaOfBLYbB5OUP4YO9iAs&fo_s=OA,SOE&opi=79508299&ebb=1&cs=0&foub=mcpp",,,"https://www.google.com/maps/place/JOOY+TEA+SHOPPE+%28CHINATOWN%29/@40.719187999999995,-73.99621619999999,14z/data=!4m8!1m2!2m1!1sJOOY+TEA+SHOPPE+%28CHINATOWN%29!3m4!1s0x89c259e009c5b5cf:0x7a179ac25e10a5e6!8m2!3d40.719187999999995!4d-73.99621619999999","https://www.google.com/maps/place/JOOY+TEA+SHOPPE+%28CHINATOWN%29/@40.719187999999995,-73.99621619999999,13.99z/data=!4m16!1m7!3m6!1s0x89c259e009c5b5cf:0x7a179ac25e10a5e6!2sJOOY+TEA+SHOPPE+%28CHINATOWN%29!8m2!3d40.719187999999995!4d-73.99621619999999!16s%2Fg%2F11ckvg1dmb!3m7!1s0x89c259e009c5b5cf:0x7a179ac25e10a5e6!8m2!3d40.719187999999995!4d-73.99621619999999!9m1!1b1!16s%2Fg%2F11ckvg1dmb?entry=ttu",ChIJz7XFCeBZwokR5qUQXsKaF3o,0x89c259e009c5b5cf:0x7a179ac25e10a5e6,8797670556684035558,/g/11m693k28v,8797670556684035558,,jooyteashoppeus@gmail.com,RECEIVING,SMTP validated,,,,,,,,,,,,,,,,,,,,,,,,,,,,,,,,,,,,,,,,"JOOY TEA SHOPPE  | milk tea | 2049 86th st Brooklyn, NY 11214",Wix.com Website Builder,"Indulge in the refreshing flavors of milk tea at Jooy Tea Shoppe in Brooklyn, NY. From classic bubble teas to innovative boba flavors, our tea shop offers a delightful selection of refreshing drinks and desserts. Order now and experience the perfect blend of flavors at 2049 86th St, Brooklyn, NY 11214.",,False,False
"boba tea, 10003, New York, NY, US",Débutea,Débutea,http://debutea.com/,"Bubble tea store, Tea house, Coffee shop, Juice shop",Tea house,Bubble tea store,+1 646-767-0147,"217 Thompson St, New York, NY 10012",Manhattan,217 Thompson St,New York,10012,New York,New York,United States of America,US,40.729175,-73.99932439999999,892a1072c8bffff,America/New_York,,False,4.5,649,"https://search.google.com/local/reviews?placeid=ChIJ__-rlZFZwokRy7x-tA4XgzY&q=boba+tea,+10003,+New+York,+NY,+US&authuser=0&hl=en&gl=US",,,37.0,22.0,30.0,75.0,485.0,719,https://lh3.googleusercontent.com/gps-cs-s/AB5caB_keY02agX8J-lWL0Ms1I9kbU0gx1ep0Z3tnG4dwUe8g3WX7ZcPo6PWFypUK6IAbfrfEwN7Pkuk2E-lVOeaocswXbriBifOFl6PQerSZRO1owMBgHka-MF2MU0zv6qbsDPIUxoqKw=w800-h500-k-no,https://lh3.googleusercontent.com/gps-cs-s/AB5caB_keY02agX8J-lWL0Ms1I9kbU0gx1ep0Z3tnG4dwUe8g3WX7ZcPo6PWFypUK6IAbfrfEwN7Pkuk2E-lVOeaocswXbriBifOFl6PQerSZRO1owMBgHka-MF2MU0zv6qbsDPIUxoqKw=w1600-h1000-k-no,,"{""Monday"": ""10:30AM-10PM"", ""Tuesday"": ""10:30AM-10PM"", ""Wednesday"": ""10:30AM-10PM"", ""Thursday"": ""10:30AM-10PM"", ""Friday"": ""10:30AM-10PM"", ""Saturday"": ""10:30AM-10PM"", ""Sunday"": ""10:30AM-10PM""}",Monday:10:30AM-10PM|Tuesday:10:30AM-10PM|Wednesday:10:30AM-10PM|Thursday:10:30AM-10PM|Friday:10:30AM-10PM|Saturday:10:30AM-10PM|Sunday:10:30AM-10PM,,,OPERATIONAL,"{""Service options"": {""No-contact delivery"": true, ""Delivery"": true, ""Onsite services"": true, ""Takeout"": true, ""Dine-in"": true}, ""Highlights"": {""Great tea selection"": true}, ""Accessibility"": {""Wheelchair accessible parking lot"": false}}",$,,https://lh6.googleusercontent.com/-9-D-B7NWh-0/AAAAAAAAAAI/AAAAAAAAAAA/B9Mjr6flhaA/s44-p-k-no-ns-nd/photo.jpg,"Stylish counter serve selling Taiwanese-style cheese tea, fruit-flavored iced teas & brewed coffee.",,True,116045241643652444860,Débutea,https://www.google.com/maps/contrib/116045241643652444860,,"https://www.google.com/viewer/chooseprovider?mid=/g/11hbv0v9zw&g2lbs=AAEPWCtI2EKpfwqJCvoHOIbuzXwQsjMG4RpGg2ZRvo_fssUYxpr6HAUY1PrnthuN23F4lVF2HTZTCZNAYF1iuRmovcDfRV6tYw%3D%3D&hl=en-US&gl=us&fo_m=MfohQo559jFvMUOzJVpjPL1YMfZ3bInYwBDuMfaXTPp5KXh-&utm_source=tactile&gei=Y2gJaOfBLYbB5OUP4YO9iAs&ei=Y2gJaOfBLYbB5OUP4YO9iAs&fo_s=OA,SOE&opi=79508299&ebb=1&cs=0&foub=mcpp",,,"https://www.google.com/maps/place/D%C3%A9butea/@40.729175,-73.99932439999999,14z/data=!4m8!1m2!2m1!1sD%C3%A9butea!3m4!1s0x89c2599195abffff:0x3683170eb47ebccb!8m2!3d40.729175!4d-73.99932439999999","https://www.google.com/maps/place/D%C3%A9butea/@40.729175,-73.99932439999999,13.99z/data=!4m16!1m7!3m6!1s0x89c2599195abffff:0x3683170eb47ebccb!2sD%C3%A9butea!8m2!3d40.729175!4d-73.99932439999999!16s%2Fg%2F11ckvg1dmb!3m7!1s0x89c2599195abffff:0x3683170eb47ebccb!8m2!3d40.729175!4d-73.99932439999999!9m1!1b1!16s%2Fg%2F11ckvg1dmb?entry=ttu",ChIJ__-rlZFZwokRy7x-tA4XgzY,0x89c2599195abffff:0x3683170eb47ebccb,3928008651922390219,/g/11hbv0v9zw,3928008651922390219,,info@debutea.com,RECEIVING,SMTP validated,,,,,,,,,,,,,,,,,,,,,,16467670147,,,https://www.facebook.com/125359621476371,,,,,,,,,,,,,,,,Square Online,,,,
"boba tea, 10003, New York, NY, US",Kung Fu Tea,Kung Fu Tea,https://kungfutea.com/,"Bubble tea store, Beverage distributor, Cafe, Fast food restaurant",Bubble tea store,Bubble tea store,+1 917-675-7657,"31 Waverly Pl Unit 5, New York, NY 10003",Manhattan,31 Waverly Pl Unit 5,New York,10003,New York,New York,United States of America,US,40.7306862,-73.9952857,892a1072c9bffff,America/New_York,,False,4.7,400,"https://search.google.com/local/reviews?placeid=ChIJL-5amZBZwokRCSb9VqaEYFM&q=boba+tea,+10003,+New+York,+NY,+US&authuser=0&hl=en&gl=US",,,7.0,7.0,14.0,32.0,340.0,386,https://lh3.googleusercontent.com/p/AF1QipPvUgAG05X8O_8g8ohAcWEu4W9t9Ss55on6QBoD=w800-h500-k-no,https://lh3.googleusercontent.com/p/AF1QipPvUgAG05X8O_8g8ohAcWEu4W9t9Ss55on6QBoD=w1600-h1000-k-no,,"{""Monday"": ""11AM-9:30PM"", ""Tuesday"": ""11AM-9:30PM"", ""Wednesday"": ""11AM-9:30PM"", ""Thursday"": ""11AM-9:30PM"", ""Friday"": ""11AM-9:30PM"", ""Saturday"": ""12-9:30PM"", ""Sunday"": ""12-9:30PM""}",Monday:11AM-9:30PM|Tuesday:11AM-9:30PM|Wednesday:11AM-9:30PM|Thursday:11AM-9:30PM|Friday:11AM-9:30PM|Saturday:12-9:30PM|Sunday:12-9:30PM,,,OPERATIONAL,"{""Service options"": {""No-contact delivery"": true, ""Dine-in"": true, ""Takeout"": false}, ""Highlights"": {""Great tea selection"": true}, ""Accessibility"": {""Wheelchair accessible parking lot"": false}}",$,,https://lh4.googleusercontent.com/-xfUwTeRYCVM/AAAAAAAAAAI/AAAAAAAAAAA/VKK4vSUbYiQ/s44-p-k-no-ns-nd/photo.jpg,"Bubble tea specialist with a selection of other hot & cold drinks, including coffee & slushes.",,True,113715156702302509373,Kung Fu Tea,https://www.google.com/maps/contrib/113715156702302509373,,"https://www.google.com/viewer/chooseprovider?mid=/g/11bbrbwmh6&g2lbs=AAEPWCtAJ7fmrhJqNgJzNJelBur4B2iDgRM_zUYJKEc84LLNxtiUhOE5n-48tJ60oq7K9pyAQ5b-Xau18sjglH5u7Xn867uh0A%3D%3D&hl=en-US&gl=us&fo_m=MfohQo559jFvMUOzJVpjPL1YMfZ3bInYwBDuMfaXTPp5KXh-&utm_source=tactile&gei=Y2gJaOfBLYbB5OUP4YO9iAs&ei=Y2gJaOfBLYbB5OUP4YO9iAs&fo_s=OA,SOE&opi=79508299&ebb=1&cs=0&foub=mcpp",,,"https://www.google.com/maps/place/Kung+Fu+Tea/@40.7306862,-73.9952857,14z/data=!4m8!1m2!2m1!1sKung+Fu+Tea!3m4!1s0x89c25990995aee2f:0x536084a656fd2609!8m2!3d40.7306862!4d-73.9952857","https://www.google.com/maps/place/Kung+Fu+Tea/@40.7306862,-73.9952857,13.99z/data=!4m16!1m7!3m6!1s0x89c25990995aee2f:0x536084a656fd2609!2sKung+Fu+Tea!8m2!3d40.7306862!4d-73.9952857!16s%2Fg%2F11ckvg1dmb!3m7!1s0x89c25990995aee2f:0x536084a656fd2609!8m2!3d40.7306862!4d-73.9952857!9m1!1b1!16s%2Fg%2F11ckvg1dmb?entry=ttu",ChIJL-5amZBZwokRCSb9VqaEYFM,0x89c25990995aee2f:0x536084a656fd2609,6007947752871110153,/g/11bbrbwmh6,6007947752871110153,,support@armsglobalinc.com,RECEIVING,Role,,,,,,marketing@kfteausa.com,RECEIVING,SMTP validated,,,,,,delivery_help@grubhub.com,RECEIVING,SMTP validated,,,,,,+1 724-544-6367,+1 855-538-9888,15402175182,https://www.facebook.com/kungfuteausa/,https://www.instagram.com/kungfuteausa,https://www.linkedin.com/company/kung-fu-tea,https://www.tiktok.com/@kungfutea,,,,,,,https://twitter.com/kfteausa,,,,,Menu — Kung Fu Tea | Fresh - Innovative - Fearless leading tea brand,WordPress 6.3,"Menu At Kung Fu Tea, every beverage is made-to-order with real Kung Fu. Our tea is freshly brewed every 3 hours using premium tea leaves. You can choose from classic teas, milk teas, fruit teas, slushies and more. Each drink is customized by you! You get to pick your toppings,…",,False,True
"boba tea, 10003, New York, NY, US",Lazy Sundaes,Lazy Sundaes,http://www.lazysundaes.com/,"Bubble tea store, Cafe, Coffee shop, Dessert shop",Bubble tea store,Bubble tea store,+1 302-321-5299,"11 Waverly Pl, New York, NY 10003",Manhattan,11 Waverly Pl,New York,10003,New York,New York,United States of America,US,40.7301812,-73.9941347,892a1072c9bffff,America/New_York,,False,4.5,137,"https://search.google.com/local/reviews?placeid=ChIJ7w2fUTdZwokR9-nAUi9iQVE&q=boba+tea,+10003,+New+York,+NY,+US&authuser=0&hl=en&gl=US",,,6.0,4.0,8.0,18.0,101.0,259,https://lh3.googleusercontent.com/p/AF1QipMP8jarJ1kfCz-YQ-YuiyEUpkS8o9ulM16lYw8v=w800-h500-k-no,https://lh3.googleusercontent.com/p/AF1QipMP8jarJ1kfCz-YQ-YuiyEUpkS8o9ulM16lYw8v=w1600-h1000-k-no,,"{""Monday"": ""11AM-10PM"", ""Tuesday"": ""11AM-10PM"", ""Wednesday"": ""11AM-10PM"", ""Thursday"": ""11AM-10PM"", ""Friday"": ""11AM-10PM"", ""Saturday"": ""11AM-10PM"", ""Sunday"": ""11AM-10PM""}",Monday:11AM-10PM|Tuesday:11AM-10PM|Wednesday:11AM-10PM|Thursday:11AM-10PM|Friday:11AM-10PM|Saturday:11AM-10PM|Sunday:11AM-10PM,,,OPERATIONAL,"{""From the business"": {""Identifies as women-owned"": true}, ""Service options"": {""No-contact delivery"": true, ""Delivery"": true, ""Takeout"": true, ""Dine-in"": true}, ""Highlights"": {""Great tea selection"": true}, ""Accessibility"": {""Wheelchair accessible parking lot"": false}, ""Crowd"": {""LGBTQ+ friendly"": true, ""Transgender safespace"": true}, ""Other"": {""LGBTQ+ friendly"": true, ""Identifies as women-owned"": true}}",$,,https://lh3.googleusercontent.com/--UyTZfZ0sx0/AAAAAAAAAAI/AAAAAAAAAAA/FZW_nLY-pVE/s44-p-k-no-ns-nd/photo.jpg,,,True,111746533738479797621,Lazy Sundaes,https://www.google.com/maps/contrib/111746533738479797621,,"https://www.google.com/viewer/chooseprovider?mid=/g/11lf9z51jv&g2lbs=AAEPWCvL6JDmM_A_7_ryoZj4U0xBAW6EaFhoV1MVMqZz59uyUcQWtQ6YpoMqtUxoCbbA1R-JQ2ShzdHh0eM43ux3C94_m0odwQ%3D%3D&hl=en-US&gl=us&fo_m=MfohQo559jFvMUOzJVpjPL1YMfZ3bInYwBDuMfaXTPp5KXh-&utm_source=tactile&gei=Y2gJaOfBLYbB5OUP4YO9iAs&ei=Y2gJaOfBLYbB5OUP4YO9iAs&fo_s=OA,SOE&opi=79508299&ebb=1&cs=0&foub=mcpp",,,"https://www.google.com/maps/place/Lazy+Sundaes/@40.7301812,-73.9941347,14z/data=!4m8!1m2!2m1!1sLazy+Sundaes!3m4!1s0x89c25937519f0def:0x5141622f52c0e9f7!8m2!3d40.7301812!4d-73.9941347","https://www.google.com/maps/place/Lazy+Sundaes/@40.7301812,-73.9941347,13.99z/data=!4m16!1m7!3m6!1s0x89c25937519f0def:0x5141622f52c0e9f7!2sLazy+Sundaes!8m2!3d40.7301812!4d-73.9941347!16s%2Fg%2F11ckvg1dmb!3m7!1s0x89c25937519f0def:0x5141622f52c0e9f7!8m2!3d40.7301812!4d-73.9941347!9m1!1b1!16s%2Fg%2F11ckvg1dmb?entry=ttu",ChIJ7w2fUTdZwokR9-nAUi9iQVE,0x89c25937519f0def:0x5141622f52c0e9f7,5855068945949714935,/g/11lf9z51jv,5855068945949714935,,catering@lazysundaes.com,RECEIVING,SMTP validated,,,,,,hello@lazysundaes.com,RECEIVING,SMTP validated,,,,,,hello@lazysundaes.com,RECEIVING,SMTP validated,,,,,,,,,http://facebook.com/lazysundaesnyc,http://instagram.com/lazysundaes,,,,,,,,,,,,,,Lazy Sundaes,,,,False,False
"boba tea, 10003, New York, NY, US",Once More Zaipin,Once More Zaipin,https://pos.chowbus.com/online-ordering/store/Once-More-Zai-Pin/21736,"Bubble tea store, Coffee shop",Bubble tea store,Bubble tea store,+1 332-213-8288,"1 E Broadway, New York, NY 10038",Manhattan,1 E Broadway,New York,10038,New York,New York,United States of America,US,40.7132919,-73.9978813,892a1072c27ffff,America/New_York,,False,5.0,305,"https://search.google.com/local/reviews?placeid=ChIJydWhLQBbwokRhZ-fSuxN68w&q=boba+tea,+10003,+New+York,+NY,+US&authuser=0&hl=en&gl=US",,,0.0,0.0,0.0,5.0,300.0,341,https://lh3.googleusercontent.com/p/AF1QipOAXSBHPg7rlkLJBk3t23B6_0P3v_NN2mKrZqZM=w800-h500-k-no,https://lh3.googleusercontent.com/p/AF1QipOAXSBHPg7rlkLJBk3t23B6_0P3v_NN2mKrZqZM=w1600-h1000-k-no,,"{""Monday"": ""10:30AM-9PM"", ""Tuesday"": ""10:30AM-9PM"", ""Wednesday"": ""Closed"", ""Thursday"": ""10:30AM-9PM"", ""Friday"": ""10:30AM-9PM"", ""Saturday"": ""10:30AM-9PM"", ""Sunday"": ""10:30AM-9PM""}",Monday:10:30AM-9PM|Tuesday:10:30AM-9PM|Wednesday:Closed|Thursday:10:30AM-9PM|Friday:10:30AM-9PM|Saturday:10:30AM-9PM|Sunday:10:30AM-9PM,,,OPERATIONAL,"{""From the business"": {""Identifies as Asian-owned"": true}, ""Service options"": {""Takeout"": true, ""Dine-in"": true}, ""Highlights"": {""Great tea selection"": true}, ""Accessibility"": {""Wheelchair accessible parking lot"": false}, ""Other"": {""Identifies as Asian-owned"": true}}",$,,https://lh5.googleusercontent.com/-tx8tlqqWvpM/AAAAAAAAAAI/AAAAAAAAAAA/10BvX4-k_uo/s44-p-k-no-ns-nd/photo.jpg,,,True,111084347885443005569,Once More Zaipin,https://www.google.com/maps/contrib/111084347885443005569,,"https://www.google.com/viewer/chooseprovider?mid=/g/11wb1d2j6b&g2lbs=AAEPWCvah4ID0RPZPNiVhG6kcpXYjMJHzT4e4sbMK4i9MZtGlIGmGxIdwAk4Gc-HiGVwGyKGDfPXxVmyWsFkCWhEV1DOhSZs2g%3D%3D&hl=en-US&gl=us&fo_m=MfohQo559jFvMUOzJVpjPL1YMfZ3bInYwBDuMfaXTPp5KXh-&utm_source=tactile&gei=Y2gJaOfBLYbB5OUP4YO9iAs&ei=Y2gJaOfBLYbB5OUP4YO9iAs&fo_s=OA,SOE&opi=79508299&ebb=1&cs=0&foub=mcpp",,,"https://www.google.com/maps/place/Once+More+Zaipin/@40.7132919,-73.9978813,14z/data=!4m8!1m2!2m1!1sOnce+More+Zaipin!3m4!1s0x89c25b002da1d5c9:0xcceb4dec4a9f9f85!8m2!3d40.7132919!4d-73.9978813","https://www.google.com/maps/place/Once+More+Zaipin/@40.7132919,-73.9978813,13.99z/data=!4m16!1m7!3m6!1s0x89c25b002da1d5c9:0xcceb4dec4a9f9f85!2sOnce+More+Zaipin!8m2!3d40.7132919!4d-73.9978813!16s%2Fg%2F11ckvg1dmb!3m7!1s0x89c25b002da1d5c9:0xcceb4dec4a9f9f85!8m2!3d40.7132919!4d-73.9978813!9m1!1b1!16s%2Fg%2F11ckvg1dmb?entry=ttu",ChIJydWhLQBbwokRhZ-fSuxN68w,0x89c25b002da1d5c9:0xcceb4dec4a9f9f85,14765981480523898757,/g/11wb1d2j6b,-3680762593185652859,,joel.stump@chowbus.com,RECEIVING,Catch All,,,,,,,,,,,,,,,,,,,,,,19045793913,,,https://www.facebook.com/1876735259269202,,https://www.linkedin.com/company/chowbus,,,,,,,,,,,,,"The Pan Kitchen, 1145 Lindero Canyon Rd d 11,  | Online Ordering | Chowbus POS",,The Pan Kitchen | Online Ordering | Chowbus POS,Restaurant POS Systems,False,False
"boba tea, 10003, New York, NY, US",Teazzi Tea Shop,Teazzi Tea Shop,http://www.teazzi.com/,"Bubble tea store, Tea house",Bubble tea store,Bubble tea store,+1 917-268-1999,"47 W 14th St #3, New York, NY 10011",Manhattan,47 W 14th St #3,New York,10011,New York,New York,United States of America,US,40.7372546,-73.99572049999999,892a100d263ffff,America/New_York,,False,4.3,298,"https://search.google.com/local/reviews?placeid=ChIJoSDs21xZwokR38kGGaF_O8s&q=boba+tea,+10003,+New+York,+NY,+US&authuser=0&hl=en&gl=US",,,28.0,11.0,16.0,36.0,207.0,376,https://lh3.googleusercontent.com/p/AF1QipNzxCV1Q0FG1zUVXD36xHV-IqZkmqnSk5Ov8g6w=w800-h500-k-no,https://lh3.googleusercontent.com/p/AF1QipNzxCV1Q0FG1zUVXD36xHV-IqZkmqnSk5Ov8g6w=w1600-h1000-k-no,,"{""Monday"": ""11AM-8PM"", ""Tuesday"": ""11AM-8PM"", ""Wednesday"": ""11AM-8PM"", ""Thursday"": ""11AM-8PM"", ""Friday"": ""11AM-8PM"", ""Saturday"": ""11AM-8PM"", ""Sunday"": ""11AM-8PM""}",Monday:11AM-8PM|Tuesday:11AM-8PM|Wednesday:11AM-8PM|Thursday:11AM-8PM|Friday:11AM-8PM|Saturday:11AM-8PM|Sunday:11AM-8PM,,,OPERATIONAL,"{""Service options"": {""Delivery"": true, ""Takeout"": true, ""Dine-in"": true}, ""Highlights"": {""Great tea selection"": true}, ""Accessibility"": {""Wheelchair accessible entrance"": true, ""Wheelchair accessible parking lot"": false}}",$,,https://lh5.googleusercontent.com/-bcUfkHlJ59w/AAAAAAAAAAI/AAAAAAAAAAA/_ZKLqlrWh8I/s44-p-k-no-ns-nd/photo.jpg,"Intimate cafeteria with an informal ambiance offering classic infusions, milk tea & tapioca.",,True,103086032777928208613,Teazzi Tea Shop,https://www.google.com/maps/contrib/103086032777928208613,,"https://www.google.com/viewer/chooseprovider?mid=/g/11gmytzsrz&g2lbs=AAEPWCvLYXn5HoiRbYppmhfazdnfQ504Wz5oLRUv9fJcBfXzxl0xN8D362aX1KZxUHFMQRE8qYZOrT-uZ6MOb-QkyQYQoRWLJA%3D%3D&hl=en-US&gl=us&fo_m=MfohQo559jFvMUOzJVpjPL1YMfZ3bInYwBDuMfaXTPp5KXh-&utm_source=tactile&gei=Y2gJaOfBLYbB5OUP4YO9iAs&ei=Y2gJaOfBLYbB5OUP4YO9iAs&fo_s=OA,SOE&opi=79508299&ebb=1&cs=0&foub=mcpp",,,"https://www.google.com/maps/place/Teazzi+Tea+Shop/@40.7372546,-73.99572049999999,14z/data=!4m8!1m2!2m1!1sTeazzi+Tea+Shop!3m4!1s0x89c2595cdbec20a1:0xcb3b7fa11906c9df!8m2!3d40.7372546!4d-73.99572049999999","https://www.google.com/maps/place/Teazzi+Tea+Shop/@40.7372546,-73.99572049999999,13.99z/data=!4m16!1m7!3m6!1s0x89c2595cdbec20a1:0xcb3b7fa11906c9df!2sTeazzi+Tea+Shop!8m2!3d40.7372546!4d-73.99572049999999!16s%2Fg%2F11ckvg1dmb!3m7!1s0x89c2595cdbec20a1:0xcb3b7fa11906c9df!8m2!3d40.7372546!4d-73.99572049999999!9m1!1b1!16s%2Fg%2F11ckvg1dmb?entry=ttu",ChIJoSDs21xZwokR38kGGaF_O8s,0x89c2595cdbec20a1:0xcb3b7fa11906c9df,14644438943211637215,/g/11gmytzsrz,-3802305130497914401,,nyc@teazzi.com,RECEIVING,SMTP validated,,,,,,,,,,,,,,,,,,,,,,19172681999,18573503156,,https://www.facebook.com/teazziteashop.us/,https://www.instagram.com/teazziteashop.us,,,,,,,,,,,,,,Teazzi Tea – Keep Calm and Drink Tea,WordPress 6.5.2,,,False,False
"boba tea, 10003, New York, NY, US",Chihiro Tea Greenwich Village,Chihiro Tea Greenwich Village,https://www.chihirotea.com/,Bubble tea store,Bubble tea store,Bubble tea store,,"552 LaGuardia Pl, New York, NY 10012",Manhattan,552 LaGuardia Pl,New York,10012,New York,New York,United States of America,US,40.729163,-73.9982903,892a1072c8bffff,America/New_York,,False,4.6,187,"https://search.google.com/local/reviews?placeid=ChIJr38_x-FZwokR3aRJvfBxIUI&q=boba+tea,+10003,+New+York,+NY,+US&authuser=0&hl=en&gl=US",,,8.0,6.0,6.0,11.0,156.0,307,https://lh3.googleusercontent.com/gps-cs-s/AB5caB-8tNx-ClyFxQJqJZ7o8mnQddfcKwf2NcsH2r3v5NSm6KCqi1U14oKOK9CJWzmucuAj3V-XiLl7qgESbLZaE68WteVxvH01s-ROmvL_6pJuplQsWr3Yy8UwMpJDzG3a8fxlbVHrxw=w800-h500-k-no,https://lh3.googleusercontent.com/gps-cs-s/AB5caB-8tNx-ClyFxQJqJZ7o8mnQddfcKwf2NcsH2r3v5NSm6KCqi1U14oKOK9CJWzmucuAj3V-XiLl7qgESbLZaE68WteVxvH01s-ROmvL_6pJuplQsWr3Yy8UwMpJDzG3a8fxlbVHrxw=w1600-h1000-k-no,,"{""Monday"": ""12-9PM"", ""Tuesday"": ""12-9PM"", ""Wednesday"": ""12-9PM"", ""Thursday"": ""12-9PM"", ""Friday"": ""12-9PM"", ""Saturday"": ""12-9PM"", ""Sunday"": ""12-9PM""}",Monday:12-9PM|Tuesday:12-9PM|Wednesday:12-9PM|Thursday:12-9PM|Friday:12-9PM|Saturday:12-9PM|Sunday:12-9PM,,,OPERATIONAL,"{""From the business"": {""Identifies as women-owned"": true}, ""Service options"": {""Curbside pickup"": true, ""No-contact delivery"": true, ""Delivery"": true, ""Onsite services"": true, ""Takeout"": true, ""Dine-in"": true}, ""Highlights"": {""Great tea selection"": true}, ""Accessibility"": {""Wheelchair accessible entrance"": true, ""Assistive hearing loop"": false, ""Wheelchair accessible parking lot"": false, ""Wheelchair accessible restroom"": false, ""Wheelchair accessible seating"": false}, ""Crowd"": {""LGBTQ+ friendly"": true}, ""Other"": {""LGBTQ+ friendly"": true, ""Identifies as women-owned"": true}}",$,,https://lh4.googleusercontent.com/-Y_23H5ApvpU/AAAAAAAAAAI/AAAAAAAAAAA/LNsFID88II8/s44-p-k-no-ns-nd/photo.jpg,,,True,111027916664403927405,Chihiro Tea Greenwich Village,https://www.google.com/maps/contrib/111027916664403927405,,"https://www.google.com/viewer/chooseprovider?mid=/g/11rvd3h0mr&g2lbs=AAEPWCsKkEr-HJqZoTn5MpkDnpMlMbgGyymv_SqPex2ASR0WouOv4Ui0qWozFkwBDvDCvcVL_3gGZ6UnKyvx-8B9pL5cQVg_Wg%3D%3D&hl=en-US&gl=us&fo_m=MfohQo559jFvMUOzJVpjPL1YMfZ3bInYwBDuMfaXTPp5KXh-&utm_source=tactile&gei=Y2gJaOfBLYbB5OUP4YO9iAs&ei=Y2gJaOfBLYbB5OUP4YO9iAs&fo_s=OA,SOE&opi=79508299&ebb=1&cs=0&foub=mcpp",,,"https://www.google.com/maps/place/Chihiro+Tea+Greenwich+Village/@40.729163,-73.9982903,14z/data=!4m8!1m2!2m1!1sChihiro+Tea+Greenwich+Village!3m4!1s0x89c259e1c73f7faf:0x422171f0bd49a4dd!8m2!3d40.729163!4d-73.9982903","https://www.google.com/maps/place/Chihiro+Tea+Greenwich+Village/@40.729163,-73.9982903,13.99z/data=!4m16!1m7!3m6!1s0x89c259e1c73f7faf:0x422171f0bd49a4dd!2sChihiro+Tea+Greenwich+Village!8m2!3d40.729163!4d-73.9982903!16s%2Fg%2F11ckvg1dmb!3m7!1s0x89c259e1c73f7faf:0x422171f0bd49a4dd!8m2!3d40.729163!4d-73.9982903!9m1!1b1!16s%2Fg%2F11ckvg1dmb?entry=ttu",ChIJr38_x-FZwokR3aRJvfBxIUI,0x89c259e1c73f7faf:0x422171f0bd49a4dd,4765215159516505309,/g/11rvd3h0mr,4765215159516505309,,info@chihirotea.com,RECEIVING,Role,,,,,,chihiroteainc@gmail.com,RECEIVING,SMTP validated,,,,,,,,,,,,,,,,,,,,,,,,,,,,,,,,Chihiro Tea - Be your best all day,Wix.com Website Builder,Chihiro Tea has made a successful debut in New York City. It is a Taiwanese bubble tea style that has been improved with new ingredients and unique recipes.,,False,False
"boba tea, 10003, New York, NY, US",TBaar - Times Square,Tbaar Times Square,http://tbaar.com/,Bubble tea store,Bubble tea store,Bubble tea store,+1 917-409-2032,"315 W 46th St Floor 2, New York, NY 10036",Manhattan,315 W 46th St Floor 2,New York,10036,New York,New York,United States of America,US,40.7602846,-73.9886576,892a10725b3ffff,America/New_York,,False,4.2,140,"https://search.google.com/local/reviews?placeid=ChIJiTQ2BV1ZwokRHmrzCNtc0w8&q=boba+tea,+10003,+New+York,+NY,+US&authuser=0&hl=en&gl=US",,,15.0,8.0,5.0,13.0,99.0,355,https://lh3.googleusercontent.com/p/AF1QipPv1rVXlN8tvHcJwiTzAp9M27SSGFuS5cPmGLeV=w800-h500-k-no,https://lh3.googleusercontent.com/p/AF1QipPv1rVXlN8tvHcJwiTzAp9M27SSGFuS5cPmGLeV=w1600-h1000-k-no,,"{""Monday"": ""2PM-1:30AM"", ""Tuesday"": ""2PM-1:30AM"", ""Wednesday"": ""2PM-1:30AM"", ""Thursday"": ""2PM-1:30AM"", ""Friday"": ""12PM-1:30AM"", ""Saturday"": ""12PM-1:30AM"", ""Sunday"": ""12PM-1:30AM""}",Monday:2PM-1:30AM|Tuesday:2PM-1:30AM|Wednesday:2PM-1:30AM|Thursday:2PM-1:30AM|Friday:12PM-1:30AM|Saturday:12PM-1:30AM|Sunday:12PM-1:30AM,,,OPERATIONAL,"{""Service options"": {""No-contact delivery"": true, ""Delivery"": true, ""Takeout"": true, ""Dine-in"": true}, ""Highlights"": {""Great tea selection"": true}, ""Accessibility"": {""Wheelchair accessible parking lot"": false}}",$,,https://lh3.googleusercontent.com/-0EW3o0p6O_8/AAAAAAAAAAI/AAAAAAAAAAA/2K_ss0i6ia0/s44-p-k-no-ns-nd/photo.jpg,,,True,103661994102539173681,TBaar - Times Square,https://www.google.com/maps/contrib/103661994102539173681,,"https://www.google.com/viewer/chooseprovider?mid=/g/11jzb4h82t&g2lbs=AAEPWCsBRLvcbL1vioV07elf8hArUJNQ2tQkvL4RLQkomwicVo8JlX4711qcG7VnuZxNFbAL8NPlRDBU46y1PXk_0ucOYc7GeQ%3D%3D&hl=en-US&gl=us&fo_m=MfohQo559jFvMUOzJVpjPL1YMfZ3bInYwBDuMfaXTPp5KXh-&utm_source=tactile&gei=Y2gJaOfBLYbB5OUP4YO9iAs&ei=Y2gJaOfBLYbB5OUP4YO9iAs&fo_s=OA,SOE&opi=79508299&ebb=1&cs=0&foub=mcpp",,,"https://www.google.com/maps/place/TBaar+-+Times+Square/@40.7602846,-73.9886576,14z/data=!4m8!1m2!2m1!1sTBaar+-+Times+Square!3m4!1s0x89c2595d05363489:0xfd35cdb08f36a1e!8m2!3d40.7602846!4d-73.9886576","https://www.google.com/maps/place/TBaar+-+Times+Square/@40.7602846,-73.9886576,13.99z/data=!4m16!1m7!3m6!1s0x89c2595d05363489:0xfd35cdb08f36a1e!2sTBaar+-+Times+Square!8m2!3d40.7602846!4d-73.9886576!16s%2Fg%2F11ckvg1dmb!3m7!1s0x89c2595d05363489:0xfd35cdb08f36a1e!8m2!3d40.7602846!4d-73.9886576!9m1!1b1!16s%2Fg%2F11ckvg1dmb?entry=ttu",ChIJiTQ2BV1ZwokRHmrzCNtc0w8,0x89c2595d05363489:0xfd35cdb08f36a1e,1140357226472630814,/g/11jzb4h82t,1140357226472630814,,info@tbaar.com,RECEIVING,Role,Unknown,Unknown,,Cafes,13473503522,,,,,,,,,,,,,,,,,16174812786,13128889475,12674238709,https://www.facebook.com/tbaarinc/,https://www.instagram.com/tbaarinc,,,,,,,,,,,,,,TBaar - CreativiTEA is Brewing,Wix.com Website Builder,"Adapting a new slogan of ‘creativiTEA is Brewing’, we strive to embrace vibrant colors in the TBaar experience to create a young, fun, and energetic ambiance. As true believers of no limitation in creativity, we keep the spirits high through drink innovations and partnerships with the creative forces.","Bubble tea, smoothie, tea, milk tea, honey, milk shake",False,False
"boba tea, 10003, New York, NY, US",Boba Guys Soho,Boba Guys Soho,http://www.bobaguys.com/,"Bubble tea store, Cafe",Bubble tea store,Bubble tea store,,"145 Greene St, New York, NY 10012",Manhattan,145 Greene St,New York,10012,New York,New York,United States of America,US,40.726109,-73.998722,892a1072c13ffff,America/New_York,,False,3.9,162,"https://search.google.com/local/reviews?placeid=ChIJO40kYXRZwokRCDUaqrTkmM0&q=boba+tea,+10003,+New+York,+NY,+US&authuser=0&hl=en&gl=US",,,30.0,8.0,8.0,26.0,90.0,155,https://lh3.googleusercontent.com/gps-cs-s/AB5caB-Q5nI5SMBGBLh84d722agBxAW3Nhe2HFluk3SfDfB05LFdtwkUkCAp89DGrOOG75phCsuQ6iMLDU90UfTZtE8nSJjVXTr8xkLk6Whgp1HWCyU9Tz0MsnBhq_9Qi_26mu4f9eutIQ=w800-h500-k-no,https://lh3.googleusercontent.com/gps-cs-s/AB5caB-Q5nI5SMBGBLh84d722agBxAW3Nhe2HFluk3SfDfB05LFdtwkUkCAp89DGrOOG75phCsuQ6iMLDU90UfTZtE8nSJjVXTr8xkLk6Whgp1HWCyU9Tz0MsnBhq_9Qi_26mu4f9eutIQ=w1600-h1000-k-no,,"{""Monday"": ""11AM-7PM"", ""Tuesday"": ""11AM-7PM"", ""Wednesday"": ""11AM-7PM"", ""Thursday"": ""11AM-7PM"", ""Friday"": ""11AM-7PM"", ""Saturday"": ""11AM-7PM"", ""Sunday"": ""11AM-7PM""}",Monday:11AM-7PM|Tuesday:11AM-7PM|Wednesday:11AM-7PM|Thursday:11AM-7PM|Friday:11AM-7PM|Saturday:11AM-7PM|Sunday:11AM-7PM,,,OPERATIONAL,"{""Service options"": {""No-contact delivery"": true, ""Delivery"": true, ""Takeout"": true, ""Dine-in"": true}, ""Highlights"": {""Great tea selection"": true}, ""Accessibility"": {""Wheelchair accessible entrance"": true, ""Wheelchair accessible parking lot"": false}}",$,,https://lh5.googleusercontent.com/-BdWrGNm5cpI/AAAAAAAAAAI/AAAAAAAAAAA/NgkvDd3nnDw/s44-p-k-no-ns-nd/photo.jpg,,,True,113586206484079865447,Boba Guys Soho,https://www.google.com/maps/contrib/113586206484079865447,,"https://www.google.com/viewer/chooseprovider?mid=/g/11swd96q_k&g2lbs=AAEPWCswYd8E3arO1c6YOYGJsmXz8_8ZysQzmp0gJ1tyEJ1Ql4yN9knyJNKvZFlrv33fkJQ5XebVS-U5oKK8VZAVPBaozVWLCw%3D%3D&hl=en-US&gl=us&fo_m=MfohQo559jFvMUOzJVpjPL1YMfZ3bInYwBDuMfaXTPp5KXh-&utm_source=tactile&gei=Y2gJaOfBLYbB5OUP4YO9iAs&ei=Y2gJaOfBLYbB5OUP4YO9iAs&fo_s=OA,SOE&opi=79508299&ebb=1&cs=0&foub=mcpp",,,"https://www.google.com/maps/place/Boba+Guys+Soho/@40.726109,-73.998722,14z/data=!4m8!1m2!2m1!1sBoba+Guys+Soho!3m4!1s0x89c2597461248d3b:0xcd98e4b4aa1a3508!8m2!3d40.726109!4d-73.998722","https://www.google.com/maps/place/Boba+Guys+Soho/@40.726109,-73.998722,13.99z/data=!4m16!1m7!3m6!1s0x89c2597461248d3b:0xcd98e4b4aa1a3508!2sBoba+Guys+Soho!8m2!3d40.726109!4d-73.998722!16s%2Fg%2F11ckvg1dmb!3m7!1s0x89c2597461248d3b:0xcd98e4b4aa1a3508!8m2!3d40.726109!4d-73.998722!9m1!1b1!16s%2Fg%2F11ckvg1dmb?entry=ttu",ChIJO40kYXRZwokRCDUaqrTkmM0,0x89c2597461248d3b:0xcd98e4b4aa1a3508,14814842438834337032,/g/11swd96q_k,-3631901634875214584,,info@bobaguys.com,RECEIVING,SMTP validated,?,?,,Co-Owner,14159672622,vivian@bobaguys.com,INVALID,Invalid SMTP,Vivian Du,Vivian,Du,Assistant Store Manager,,gordon@bobaguys.com,INVALID,Cannot validate,Gordon Huang,Gordon,Huang,Bobarista And Documentarian,,14159672622,16506274973,,https://www.facebook.com/bobaguyssancarlos/,http://instagram.com/bobaguys,https://www.linkedin.com/company/boba-guys,,,,,,,,http://twitter.com/bobaguys,,,,,Boba Guys - Serving the highest quality bubble milk tea in the world,,Boba Guys serves the highest quality boba milk tea in the world.,,True,True
"boba tea, 10003, New York, NY, US",Gong Cha,Gong Cha,http://www.gongchausa.com/,Bubble tea store,Bubble tea store,Bubble tea store,+1 646-998-4362,"12 W 32nd St, New York, NY 10001",Manhattan,12 W 32nd St,New York,10001,New York,New York,United States of America,US,40.747478799999996,-73.9865169,892a100d2c7ffff,America/New_York,,False,3.9,476,"https://search.google.com/local/reviews?placeid=ChIJzfG-8ahZwokR0JSegXVEBCk&q=boba+tea,+10003,+New+York,+NY,+US&authuser=0&hl=en&gl=US",,,60.0,25.0,37.0,118.0,236.0,250,https://lh3.googleusercontent.com/gps-cs-s/AB5caB9JBVsJKT_Pva3P2g1GGJYetfYDKuXxut5ajoCyKrR8zn-fvX9fRqv9LJV9NfUFyxpVzooJiAovBoxMW2B70M48RrHleRnETkBw9llc5YX-1fyZ4xZU4n0Yx8xvMGb1lyZ-jO0=w800-h500-k-no,https://lh3.googleusercontent.com/gps-cs-s/AB5caB9JBVsJKT_Pva3P2g1GGJYetfYDKuXxut5ajoCyKrR8zn-fvX9fRqv9LJV9NfUFyxpVzooJiAovBoxMW2B70M48RrHleRnETkBw9llc5YX-1fyZ4xZU4n0Yx8xvMGb1lyZ-jO0=w1600-h1000-k-no,,"{""Monday"": ""11AM-10PM"", ""Tuesday"": ""11AM-10PM"", ""Wednesday"": ""11AM-10PM"", ""Thursday"": ""11AM-10PM"", ""Friday"": ""11AM-11PM"", ""Saturday"": ""11AM-11PM"", ""Sunday"": ""11AM-10PM""}",Monday:11AM-10PM|Tuesday:11AM-10PM|Wednesday:11AM-10PM|Thursday:11AM-10PM|Friday:11AM-11PM|Saturday:11AM-11PM|Sunday:11AM-10PM,,,OPERATIONAL,"{""From the business"": {""Identifies as women-owned"": true}, ""Service options"": {""Delivery"": true, ""Onsite services"": true, ""Takeout"": true, ""Dine-in"": true}, ""Highlights"": {""Great tea selection"": true}, ""Accessibility"": {""Wheelchair accessible parking lot"": false}, ""Other"": {""Identifies as women-owned"": true}}",$,,https://lh3.googleusercontent.com/-en0O4T_j7k8/AAAAAAAAAAI/AAAAAAAAAAA/ZUqWDYT_ObQ/s44-p-k-no-ns-nd/photo.jpg,,,True,108954166460534444061,Gong Cha,https://www.google.com/maps/contrib/108954166460534444061,,"https://www.google.com/viewer/chooseprovider?mid=/g/11b78pyp0t&g2lbs=AAEPWCuwBagDFTa2pf5ViAk0Hph6l-eXdiAxunWQAXpn5v4OFVH8GCHe9PgzbDyyHSiKqHl9S-pUijpM9sQDtvgYyr-hEzTHgQ%3D%3D&hl=en-US&gl=us&fo_m=MfohQo559jFvMUOzJVpjPL1YMfZ3bInYwBDuMfaXTPp5KXh-&utm_source=tactile&gei=Y2gJaOfBLYbB5OUP4YO9iAs&ei=Y2gJaOfBLYbB5OUP4YO9iAs&fo_s=OA,SOE&opi=79508299&ebb=1&cs=0&foub=mcpp",,,"https://www.google.com/maps/place/Gong+Cha/@40.747478799999996,-73.9865169,14z/data=!4m8!1m2!2m1!1sGong+Cha!3m4!1s0x89c259a8f1bef1cd:0x29044475819e94d0!8m2!3d40.747478799999996!4d-73.9865169","https://www.google.com/maps/place/Gong+Cha/@40.747478799999996,-73.9865169,13.99z/data=!4m16!1m7!3m6!1s0x89c259a8f1bef1cd:0x29044475819e94d0!2sGong+Cha!8m2!3d40.747478799999996!4d-73.9865169!16s%2Fg%2F11ckvg1dmb!3m7!1s0x89c259a8f1bef1cd:0x29044475819e94d0!8m2!3d40.747478799999996!4d-73.9865169!9m1!1b1!16s%2Fg%2F11ckvg1dmb?entry=ttu",ChIJzfG-8ahZwokR0JSegXVEBCk,0x89c259a8f1bef1cd:0x29044475819e94d0,2955562526938404048,/g/11b78pyp0t,2955562526938404048,,inquiries@gongchausa.com,RECEIVING,SMTP validated,Anchal Lamba,Anchal,Lamba,Managing Member,12123982716,anchal@gongchausa.com,RECEIVING,SMTP validated,Anchal Lamba,Anchal,Lamba,President,15163839000,rborgia@gongchausa.com,INVALID,Invalid SMTP,Robert Borgia,Robert,Borgia,Could Not Locate,15167496919,5168135642,15624748745,14697099380,https://www.facebook.com/gongchatea/,http://instagram.com/gongchatea,https://www.linkedin.com/company/gong-cha,https://www.tiktok.com/@gongcha.bubbletea,,,,,,,https://twitter.com/gongchatea,,,,,New Jersey – Jersey City - Gong cha,All in One SEO (AIOSEO) 4.7.7.2,Premium Quality Bubble Tea,,False,False
"boba tea, 10003, New York, NY, US",Machi Machi,Machi Machi,https://machimachi.us/,Bubble tea store,Bubble tea store,Bubble tea store,,"33 W 32nd St, New York, NY 10001",Manhattan,33 W 32nd St,New York,10001,New York,New York,United States of America,US,40.7479705,-73.9871368,892a100d2c7ffff,America/New_York,,False,4.0,548,"https://search.google.com/local/reviews?placeid=ChIJfYJDPNlZwokRF-lqoqRO6Uk&q=boba+tea,+10003,+New+York,+NY,+US&authuser=0&hl=en&gl=US",,,60.0,30.0,50.0,125.0,283.0,983,https://lh3.googleusercontent.com/gps-cs-s/AB5caB9vmQeHeqmEvbStCqKq6IjNaCajyFaPEDne8RcM3rmhrMi8eplqkIxED3c5dfpZvfWnhXEv8juUby79nmXI9zIuzoWUPABFd8US1uIFwTBKtIIICy_80s3dUJ9FyWUXd7qT6Rr3=w800-h500-k-no,https://lh3.googleusercontent.com/gps-cs-s/AB5caB9vmQeHeqmEvbStCqKq6IjNaCajyFaPEDne8RcM3rmhrMi8eplqkIxED3c5dfpZvfWnhXEv8juUby79nmXI9zIuzoWUPABFd8US1uIFwTBKtIIICy_80s3dUJ9FyWUXd7qT6Rr3=w1600-h1000-k-no,,"{""Monday"": ""11AM-10PM"", ""Tuesday"": ""11AM-10PM"", ""Wednesday"": ""11AM-10PM"", ""Thursday"": ""11AM-10PM"", ""Friday"": ""11AM-11PM"", ""Saturday"": ""11AM-11PM"", ""Sunday"": ""11AM-10PM""}",Monday:11AM-10PM|Tuesday:11AM-10PM|Wednesday:11AM-10PM|Thursday:11AM-10PM|Friday:11AM-11PM|Saturday:11AM-11PM|Sunday:11AM-10PM,,,OPERATIONAL,"{""Service options"": {""Onsite services"": true, ""Takeout"": true, ""Dine-in"": true}, ""Highlights"": {""Great tea selection"": true}, ""Accessibility"": {""Wheelchair accessible parking lot"": false}, ""Parking"": {""Paid street parking"": true}}",$,,https://lh6.googleusercontent.com/-MKhikNja5YA/AAAAAAAAAAI/AAAAAAAAAAA/nPi9w57Zrmc/s44-p-k-no-ns-nd/photo.jpg,"Contemporary, compact destination offering takeaway bubble teas & global snacks.",,True,107957324098308104813,Machi Machi,https://www.google.com/maps/contrib/107957324098308104813,,"https://www.google.com/viewer/chooseprovider?mid=/g/11qn1h10wj&g2lbs=AAEPWCs_sIE_4vjchPvmKyERRCSHKs-xmIDer9dB692eyFL6DnT1smL_HtLQrF-V2DxD4uuc39rW11JKRK-IffZ2FrdgEfNgUA%3D%3D&hl=en-US&gl=us&fo_m=MfohQo559jFvMUOzJVpjPL1YMfZ3bInYwBDuMfaXTPp5KXh-&utm_source=tactile&gei=Y2gJaOfBLYbB5OUP4YO9iAs&ei=Y2gJaOfBLYbB5OUP4YO9iAs&fo_s=OA,SOE&opi=79508299&ebb=1&cs=0&foub=mcpp",,,"https://www.google.com/maps/place/Machi+Machi/@40.7479705,-73.9871368,14z/data=!4m8!1m2!2m1!1sMachi+Machi!3m4!1s0x89c259d93c43827d:0x49e94ea4a26ae917!8m2!3d40.7479705!4d-73.9871368","https://www.google.com/maps/place/Machi+Machi/@40.7479705,-73.9871368,13.99z/data=!4m16!1m7!3m6!1s0x89c259d93c43827d:0x49e94ea4a26ae917!2sMachi+Machi!8m2!3d40.7479705!4d-73.9871368!16s%2Fg%2F11ckvg1dmb!3m7!1s0x89c259d93c43827d:0x49e94ea4a26ae917!8m2!3d40.7479705!4d-73.9871368!9m1!1b1!16s%2Fg%2F11ckvg1dmb?entry=ttu",ChIJfYJDPNlZwokRF-lqoqRO6Uk,0x89c259d93c43827d:0x49e94ea4a26ae917,5325874503348840727,/g/11qn1h10wj,5325874503348840727,,machimachiamerica@gmail.com,RECEIVING,Verified,,,,,,,,,,,,,,,,,,,,,,12122449444,,,https://www.facebook.com/machimachiUSA,https://www.instagram.com/machimachi_us,,,,,,,,,,,,,,Machi Machi US,,,,,
"boba tea, 10003, New York, NY, US",ViVi Bubble Tea,Vivi Bubble Tea,http://vivibubbleteany.com/,"Bubble tea store, Tea house",Bubble tea store,Bubble tea store,+1 212-566-6833,"49 Bayard St, New York, NY 10013",Manhattan,49 Bayard St,New York,10013,New York,New York,United States of America,US,40.715193,-73.9974917,892a1072c23ffff,America/New_York,,False,4.1,414,"https://search.google.com/local/reviews?placeid=ChIJj7EjVSZawokRK8iYc3EFGew&q=boba+tea,+10003,+New+York,+NY,+US&authuser=0&hl=en&gl=US",,,26.0,18.0,41.0,114.0,215.0,525,https://lh3.googleusercontent.com/gps-cs-s/AB5caB8WlvG1zw8Cjqliu0tiVU2ywMVbOP99JqUWtQToCrHNIDV4ndQodqUVGMS8ZFuoEJ_hq-hY4aOcAFTcD1TuJJRJyKgBnlQ3qjK9znU3YDhJbpsOqijAp20xi9Ie5LftQy9DSu0y=w800-h500-k-no,https://lh3.googleusercontent.com/gps-cs-s/AB5caB8WlvG1zw8Cjqliu0tiVU2ywMVbOP99JqUWtQToCrHNIDV4ndQodqUVGMS8ZFuoEJ_hq-hY4aOcAFTcD1TuJJRJyKgBnlQ3qjK9znU3YDhJbpsOqijAp20xi9Ie5LftQy9DSu0y=w1600-h1000-k-no,,"{""Monday"": ""11:30AM-9PM"", ""Tuesday"": ""11:30AM-9PM"", ""Wednesday"": ""11:30AM-9PM"", ""Thursday"": ""11:30AM-9PM"", ""Friday"": ""11:30AM-9:30PM"", ""Saturday"": ""11:30AM-9:30PM"", ""Sunday"": ""11:30AM-9:30PM""}",Monday:11:30AM-9PM|Tuesday:11:30AM-9PM|Wednesday:11:30AM-9PM|Thursday:11:30AM-9PM|Friday:11:30AM-9:30PM|Saturday:11:30AM-9:30PM|Sunday:11:30AM-9:30PM,,,OPERATIONAL,"{""Service options"": {""Delivery"": true, ""Onsite services"": true, ""Takeout"": true, ""Dine-in"": true}, ""Highlights"": {""Great tea selection"": true}, ""Accessibility"": {""Wheelchair accessible parking lot"": false}}",$,,https://lh6.googleusercontent.com/-QYYxWgeUmK8/AAAAAAAAAAI/AAAAAAAAAAA/zGp5QMlaEqk/s44-p-k-no-ns-nd/photo.jpg,"Bubble tea shop offering hot & cold versions, plus a variety of flavors & a simple snack menu.",,True,103908905449427425855,ViVi Bubble Tea,https://www.google.com/maps/contrib/103908905449427425855,https://qmenu.us/#/vivi-bubble-tea-new-york,"https://www.google.com/viewer/chooseprovider?mid=/g/1tfkghd2&g2lbs=AAEPWCsxl6yxDnfLVb5uZlr4qBLKKRz8Lo0S9QkXPvGiWgaPBSAM6j8jdwGdbV1CChqxtgCk49xUZtUCikdaB47zotOZfPMXBA%3D%3D&hl=en-US&gl=us&fo_m=MfohQo559jFvMUOzJVpjPL1YMfZ3bInYwBDuMfaXTPp5KXh-&utm_source=tactile&gei=Y2gJaOfBLYbB5OUP4YO9iAs&ei=Y2gJaOfBLYbB5OUP4YO9iAs&fo_s=OA,SOE&opi=79508299&ebb=1&cs=0&foub=mcpp",,https://qmenu.us/#/vivi-bubble-tea-new-york,"https://www.google.com/maps/place/ViVi+Bubble+Tea/@40.715193,-73.9974917,14z/data=!4m8!1m2!2m1!1sViVi+Bubble+Tea!3m4!1s0x89c25a265523b18f:0xec1905717398c82b!8m2!3d40.715193!4d-73.9974917","https://www.google.com/maps/place/ViVi+Bubble+Tea/@40.715193,-73.9974917,13.99z/data=!4m16!1m7!3m6!1s0x89c25a265523b18f:0xec1905717398c82b!2sViVi+Bubble+Tea!8m2!3d40.715193!4d-73.9974917!16s%2Fg%2F11ckvg1dmb!3m7!1s0x89c25a265523b18f:0xec1905717398c82b!8m2!3d40.715193!4d-73.9974917!9m1!1b1!16s%2Fg%2F11ckvg1dmb?entry=ttu",ChIJj7EjVSZawokRK8iYc3EFGew,0x89c25a265523b18f:0xec1905717398c82b,17012635052197595179,/g/1tfkghd2,-1434109021511956437,,,,,,,,,,,,,,,,,,,,,,,,,,2125666833,,,,,,,,,,,,,,,,,,Home | Vivi Bubble Tea,,"New York, NY 10013 Bubble food for Pickup - Delivery Order from Vivi Bubble Tea in New York, NY 10013, phone: 212-566-6833","New York, NY 10013 Bubble food for Pickup Delivery Order Bubble food for Pickup, Delivery Best Bubble food for Pickup",False,False
"boba tea, 10003, New York, NY, US",Shiny Tea,Shiny Tea,http://shinyteanewyork.com/,"Bubble tea store, Cafe, Taiwanese restaurant, Tea house",Bubble tea store,Bubble tea store,+1 212-222-6134,"2667 Broadway, New York, NY 10025",Manhattan,2667 Broadway,New York,10025,New York,New York,United States of America,US,40.7982429,-73.9694987,892a1008817ffff,America/New_York,,False,4.6,239,"https://search.google.com/local/reviews?placeid=ChIJ2VlAwyX2wokRAeBtWDVEpTA&q=boba+tea,+10003,+New+York,+NY,+US&authuser=0&hl=en&gl=US",,,13.0,3.0,9.0,27.0,187.0,234,https://lh3.googleusercontent.com/p/AF1QipPrWBD6HKOoyGeN-yP5ubG2IaKbTWUvV3-3hpPP=w800-h500-k-no,https://lh3.googleusercontent.com/p/AF1QipPrWBD6HKOoyGeN-yP5ubG2IaKbTWUvV3-3hpPP=w1600-h1000-k-no,,"{""Monday"": ""Closed"", ""Tuesday"": ""Closed"", ""Wednesday"": ""12:30-8PM"", ""Thursday"": ""12:30-8PM"", ""Friday"": ""12:30-8PM"", ""Saturday"": ""12:30-8PM"", ""Sunday"": ""12:30-8PM""}",Monday:Closed|Tuesday:Closed|Wednesday:12:30-8PM|Thursday:12:30-8PM|Friday:12:30-8PM|Saturday:12:30-8PM|Sunday:12:30-8PM,,,OPERATIONAL,"{""Service options"": {""Curbside pickup"": true, ""Delivery"": true, ""Takeout"": true, ""Dine-in"": true}, ""Highlights"": {""Great tea selection"": true}, ""Accessibility"": {""Wheelchair accessible parking lot"": false}}",$,,https://lh5.googleusercontent.com/-8Teypk0vIXI/AAAAAAAAAAI/AAAAAAAAAAA/8H_ceAUyomY/s44-p-k-no-ns-nd/photo.jpg,"Small tearoom pouring freshly brewed Taiwanese teas, to drink there or take away.",,True,112426189511295944873,Shiny Tea,https://www.google.com/maps/contrib/112426189511295944873,,"https://www.google.com/viewer/chooseprovider?mid=/g/11c0rbv_nw&g2lbs=AAEPWCtZdYNFjeJpdf_72Vd6y30yW0buk-vR8IchHZE699_wh68tw802gKVM4lm_qpTCjD_H2a8r9phKDKHBN5GjUyp36hiqyQ%3D%3D&hl=en-US&gl=us&fo_m=MfohQo559jFvMUOzJVpjPL1YMfZ3bInYwBDuMfaXTPp5KXh-&utm_source=tactile&gei=ZWgJaIXQAuyK9u8Pt4PV8Qo&ei=ZWgJaIXQAuyK9u8Pt4PV8Qo&fo_s=OA,SOE&opi=79508299&ebb=1&cs=0&foub=mcpp",,,"https://www.google.com/maps/place/Shiny+Tea/@40.7982429,-73.9694987,14z/data=!4m8!1m2!2m1!1sShiny+Tea!3m4!1s0x89c2f625c34059d9:0x30a54435586de001!8m2!3d40.7982429!4d-73.9694987","https://www.google.com/maps/place/Shiny+Tea/@40.7982429,-73.9694987,13.99z/data=!4m16!1m7!3m6!1s0x89c2f625c34059d9:0x30a54435586de001!2sShiny+Tea!8m2!3d40.7982429!4d-73.9694987!16s%2Fg%2F11ckvg1dmb!3m7!1s0x89c2f625c34059d9:0x30a54435586de001!8m2!3d40.7982429!4d-73.9694987!9m1!1b1!16s%2Fg%2F11ckvg1dmb?entry=ttu",ChIJ2VlAwyX2wokRAeBtWDVEpTA,0x89c2f625c34059d9:0x30a54435586de001,3505282880885350401,/g/11c0rbv_nw,3505282880885350401,,,,,,,,,,,,,,,,,,,,,,,,,,,,,,,,,,,,,,,,,,,,,Square Online,,,,
"boba tea, 10003, New York, NY, US",ViVi Bubble Tea,Vivi Bubble Tea,http://vivibubbletea.com/,"Bubble tea store, Taiwanese restaurant",Bubble tea store,Bubble tea store,+1 646-858-0710,"1324 2nd Ave, New York, NY 10021",Manhattan,1324 2nd Ave,New York,10021,New York,New York,United States of America,US,40.7672682,-73.95928169999999,892a100d697ffff,America/New_York,,False,4.4,360,"https://search.google.com/local/reviews?placeid=ChIJj58b48FYwokR0-z4xhMhea8&q=boba+tea,+10003,+New+York,+NY,+US&authuser=0&hl=en&gl=US",,,21.0,9.0,19.0,69.0,242.0,233,https://lh3.googleusercontent.com/p/AF1QipO1GHUmPlUo3sfQOSOvtdB10n13-A0D26QCP77E=w800-h500-k-no,https://lh3.googleusercontent.com/p/AF1QipO1GHUmPlUo3sfQOSOvtdB10n13-A0D26QCP77E=w1600-h1000-k-no,,"{""Monday"": ""11AM-9PM"", ""Tuesday"": ""11AM-9PM"", ""Wednesday"": ""11AM-9PM"", ""Thursday"": ""11AM-9PM"", ""Friday"": ""11AM-9PM"", ""Saturday"": ""11AM-9PM"", ""Sunday"": ""11AM-9PM""}",Monday:11AM-9PM|Tuesday:11AM-9PM|Wednesday:11AM-9PM|Thursday:11AM-9PM|Friday:11AM-9PM|Saturday:11AM-9PM|Sunday:11AM-9PM,,,OPERATIONAL,"{""Service options"": {""Delivery"": true, ""Onsite services"": true, ""Takeout"": true, ""Dine-in"": true}, ""Highlights"": {""Great tea selection"": true}, ""Accessibility"": {""Wheelchair accessible entrance"": true, ""Wheelchair accessible parking lot"": false}}",$,,https://lh3.googleusercontent.com/-zB9CtUoZeDw/AAAAAAAAAAI/AAAAAAAAAAA/H6c464cybFc/s44-p-k-no-ns-nd/photo.jpg,"Bubble tea shop offering hot & cold versions, plus a variety of flavors & a simple snack menu.",,True,108574792985192254457,ViVi Bubble Tea,https://www.google.com/maps/contrib/108574792985192254457,,"https://www.google.com/viewer/chooseprovider?mid=/g/11f36xhxpl&g2lbs=AAEPWCvPWZ30hBmiugPNOUnOFUNPID4YS_8oLhAPmAKalnjteJnfOHl7jyj5xIErPY_Zh1zbI6tB355FUzMjZH3gQf9bAN5wJA%3D%3D&hl=en-US&gl=us&fo_m=MfohQo559jFvMUOzJVpjPL1YMfZ3bInYwBDuMfaXTPp5KXh-&utm_source=tactile&gei=ZWgJaIXQAuyK9u8Pt4PV8Qo&ei=ZWgJaIXQAuyK9u8Pt4PV8Qo&fo_s=OA,SOE&opi=79508299&ebb=1&cs=0&foub=mcpp",,,"https://www.google.com/maps/place/ViVi+Bubble+Tea/@40.7672682,-73.95928169999999,14z/data=!4m8!1m2!2m1!1sViVi+Bubble+Tea!3m4!1s0x89c258c1e31b9f8f:0xaf792113c6f8ecd3!8m2!3d40.7672682!4d-73.95928169999999","https://www.google.com/maps/place/ViVi+Bubble+Tea/@40.7672682,-73.95928169999999,13.99z/data=!4m16!1m7!3m6!1s0x89c258c1e31b9f8f:0xaf792113c6f8ecd3!2sViVi+Bubble+Tea!8m2!3d40.7672682!4d-73.95928169999999!16s%2Fg%2F11ckvg1dmb!3m7!1s0x89c258c1e31b9f8f:0xaf792113c6f8ecd3!8m2!3d40.7672682!4d-73.95928169999999!9m1!1b1!16s%2Fg%2F11ckvg1dmb?entry=ttu",ChIJj58b48FYwokR0-z4xhMhea8,0x89c258c1e31b9f8f:0xaf792113c6f8ecd3,12644173797645675731,/g/11f36xhxpl,-5802570276063875885,,vivibubbleteanj@gmail.com,RECEIVING,Verified,,,,,,,,,,,,,,,,,,,,,,+1 212-566-6833,14696618801,13472236792,https://www.facebook.com/vivibubbleteanyc,https://www.instagram.com/vivibubbletea,https://www.linkedin.com/company/vivi-bubble-tea,,,,,,,,,,,,,vivibubbletea,WordPress 6.0.2,,,False,True
"boba tea, 10003, New York, NY, US",TeaMakers,Teamakers,http://www.teamakersnyc.com/,"Bubble tea store, Cafe, Tea house",Bubble tea store,Bubble tea store,+1 212-695-7575,"15 W 32nd St, New York, NY 10001",Manhattan,15 W 32nd St,New York,10001,New York,New York,United States of America,US,40.7476395,-73.9864119,892a100d2c7ffff,America/New_York,,False,4.5,330,"https://search.google.com/local/reviews?placeid=ChIJe-lYV8dZwokRkRaYenEYq3M&q=boba+tea,+10003,+New+York,+NY,+US&authuser=0&hl=en&gl=US",,,21.0,11.0,14.0,34.0,250.0,463,https://lh3.googleusercontent.com/p/AF1QipO8Wv5LFCptLfzwBjRqGcZIF9LlJf-j0dAzS0hM=w800-h500-k-no,https://lh3.googleusercontent.com/p/AF1QipO8Wv5LFCptLfzwBjRqGcZIF9LlJf-j0dAzS0hM=w1600-h1000-k-no,,"{""Monday"": ""11AM-10PM"", ""Tuesday"": ""11AM-10PM"", ""Wednesday"": ""11AM-10PM"", ""Thursday"": ""11AM-10PM"", ""Friday"": ""11AM-10PM"", ""Saturday"": ""11AM-10PM"", ""Sunday"": ""11AM-10PM""}",Monday:11AM-10PM|Tuesday:11AM-10PM|Wednesday:11AM-10PM|Thursday:11AM-10PM|Friday:11AM-10PM|Saturday:11AM-10PM|Sunday:11AM-10PM,,,OPERATIONAL,"{""Service options"": {""No-contact delivery"": true, ""Delivery"": true, ""Takeout"": true, ""Dine-in"": true}, ""Highlights"": {""Great tea selection"": true}, ""Accessibility"": {""Wheelchair accessible entrance"": true, ""Wheelchair accessible parking lot"": false}}",$,,https://lh6.googleusercontent.com/-XBY2ywn2iPU/AAAAAAAAAAI/AAAAAAAAAAA/qHDfrN0fHN8/s44-p-k-no-ns-nd/photo.jpg,Straightforward operation doling out fruit sodas & milk tea in a petite take-out fixture.,,True,101570061005360871430,TeaMakers,https://www.google.com/maps/contrib/101570061005360871430,,"https://www.google.com/viewer/chooseprovider?mid=/g/11h55v880y&g2lbs=AAEPWCuTfbEJGIHxDqTLFl0XKUHxc99KAX_l0rw-CmC8wYcQ626TNq03AjHF20dUviMuRHFEAWFxLdtmzmsQggHeloAnb0eL9g%3D%3D&hl=en-US&gl=us&fo_m=MfohQo559jFvMUOzJVpjPL1YMfZ3bInYwBDuMfaXTPp5KXh-&utm_source=tactile&gei=ZWgJaIXQAuyK9u8Pt4PV8Qo&ei=ZWgJaIXQAuyK9u8Pt4PV8Qo&fo_s=OA,SOE&opi=79508299&ebb=1&cs=0&foub=mcpp",,,"https://www.google.com/maps/place/TeaMakers/@40.7476395,-73.9864119,14z/data=!4m8!1m2!2m1!1sTeaMakers!3m4!1s0x89c259c75758e97b:0x73ab18717a981691!8m2!3d40.7476395!4d-73.9864119","https://www.google.com/maps/place/TeaMakers/@40.7476395,-73.9864119,13.99z/data=!4m16!1m7!3m6!1s0x89c259c75758e97b:0x73ab18717a981691!2sTeaMakers!8m2!3d40.7476395!4d-73.9864119!16s%2Fg%2F11ckvg1dmb!3m7!1s0x89c259c75758e97b:0x73ab18717a981691!8m2!3d40.7476395!4d-73.9864119!9m1!1b1!16s%2Fg%2F11ckvg1dmb?entry=ttu",ChIJe-lYV8dZwokRkRaYenEYq3M,0x89c259c75758e97b:0x73ab18717a981691,8334782411046393489,/g/11h55v880y,8334782411046393489,,,,,,,,,,,,,,,,,,,,,,,,,,,,,,,,,,,,,,,,,,,,HOME | Teamakers Nyc,Wix.com Website Builder,,,False,False
"boba tea, 10003, New York, NY, US",I’Milky - Chinatown,I’Milky Chinatown,https://www.imilkyusa.com/,Bubble tea store,Bubble tea store,Bubble tea store,+1 646-422-7316,"242 Grand St, New York, NY 10002",Manhattan,242 Grand St,New York,10002,New York,New York,United States of America,US,40.718464399999995,-73.9942808,892a1072cafffff,America/New_York,,False,4.6,198,"https://search.google.com/local/reviews?placeid=ChIJz3QzMx1ZwokRY-v9BYW_66s&q=boba+tea,+10003,+New+York,+NY,+US&authuser=0&hl=en&gl=US",,,8.0,3.0,10.0,20.0,157.0,338,https://lh3.googleusercontent.com/p/AF1QipMyCyw_wpi8GYB3tAromQieW-G9kkOUE5shBLDQ=w800-h500-k-no,https://lh3.googleusercontent.com/p/AF1QipMyCyw_wpi8GYB3tAromQieW-G9kkOUE5shBLDQ=w1600-h1000-k-no,,"{""Monday"": ""11:30AM-8PM"", ""Tuesday"": ""11:30AM-8PM"", ""Wednesday"": ""11:30AM-8PM"", ""Thursday"": ""11:30AM-8PM"", ""Friday"": ""11:30AM-8:30PM"", ""Saturday"": ""11AM-8:30PM"", ""Sunday"": ""11AM-8PM""}",Monday:11:30AM-8PM|Tuesday:11:30AM-8PM|Wednesday:11:30AM-8PM|Thursday:11:30AM-8PM|Friday:11:30AM-8:30PM|Saturday:11AM-8:30PM|Sunday:11AM-8PM,,,OPERATIONAL,"{""Service options"": {""Curbside pickup"": true, ""Delivery"": true, ""Onsite services"": true, ""Takeout"": true, ""Dine-in"": true}, ""Highlights"": {""Great tea selection"": true}, ""Accessibility"": {""Wheelchair accessible parking lot"": false}, ""Crowd"": {""LGBTQ+ friendly"": true, ""Transgender safespace"": true}, ""Parking"": {""Paid street parking"": true}, ""Other"": {""LGBTQ+ friendly"": true}}",$,,https://lh6.googleusercontent.com/-8__nScFxZEU/AAAAAAAAAAI/AAAAAAAAAAA/9RhWQOALuqI/s44-p-k-no-ns-nd/photo.jpg,,,True,100130380608710522952,I’Milky - Chinatown,https://www.google.com/maps/contrib/100130380608710522952,,"https://www.google.com/viewer/chooseprovider?mid=/g/11t7fkxw1_&g2lbs=AAEPWCviXfwrf52YKiUoQ3WEddNkeLAS7Ebt_cWy1JrJ64dN2RnW_AJ7C0wp2MK9cuxW6bhaSTwmS_6P5ukX0dyeHpuhtfFpPw%3D%3D&hl=en-US&gl=us&fo_m=MfohQo559jFvMUOzJVpjPL1YMfZ3bInYwBDuMfaXTPp5KXh-&utm_source=tactile&gei=ZWgJaIXQAuyK9u8Pt4PV8Qo&ei=ZWgJaIXQAuyK9u8Pt4PV8Qo&fo_s=OA,SOE&opi=79508299&ebb=1&cs=0&foub=mcpp",,,"https://www.google.com/maps/place/I%E2%80%99Milky+-+Chinatown/@40.718464399999995,-73.9942808,14z/data=!4m8!1m2!2m1!1sI%E2%80%99Milky+-+Chinatown!3m4!1s0x89c2591d333374cf:0xabebbf8505fdeb63!8m2!3d40.718464399999995!4d-73.9942808","https://www.google.com/maps/place/I%E2%80%99Milky+-+Chinatown/@40.718464399999995,-73.9942808,13.99z/data=!4m16!1m7!3m6!1s0x89c2591d333374cf:0xabebbf8505fdeb63!2sI%E2%80%99Milky+-+Chinatown!8m2!3d40.718464399999995!4d-73.9942808!16s%2Fg%2F11ckvg1dmb!3m7!1s0x89c2591d333374cf:0xabebbf8505fdeb63!8m2!3d40.718464399999995!4d-73.9942808!9m1!1b1!16s%2Fg%2F11ckvg1dmb?entry=ttu",ChIJz3QzMx1ZwokRY-v9BYW_66s,0x89c2591d333374cf:0xabebbf8505fdeb63,12388205778064763747,/g/11t7fkxw1_,-6058538295644787869,,imilkycorp@gmail.com,RECEIVING,SMTP validated,,,,,,,,,,,,,,,,,,,,,,15854217795,,,https://www.facebook.com/imilky.ny.usa/,https://www.instagram.com/imilky.ny.usa,,,,,,,,,,,,,,I Milky - Best Bubble Tea,,,,,
"boba tea, 10003, New York, NY, US",Tea De Soho,Tea De Soho,https://teadesoho.dine.online/,"Bubble tea store, Cafe",Bubble tea store,Bubble tea store,+1 646-490-4688,"449 Broadway, New York, NY 10013",Manhattan,449 Broadway,New York,10013,New York,New York,United States of America,US,40.720642999999995,-74.001424,892a1072c07ffff,America/New_York,,False,4.1,19,"https://search.google.com/local/reviews?placeid=ChIJiZADzfRZwokRhSGpqfwaWVE&q=boba+tea,+10003,+New+York,+NY,+US&authuser=0&hl=en&gl=US",,,0.0,3.0,4.0,0.0,12.0,92,https://lh3.googleusercontent.com/p/AF1QipMu8mfnGAXiL4_0WxbFs7xYCwutfv4vod2cJa-Y=w800-h500-k-no,https://lh3.googleusercontent.com/p/AF1QipMu8mfnGAXiL4_0WxbFs7xYCwutfv4vod2cJa-Y=w1600-h1000-k-no,,"{""Monday"": ""11AM-8:30PM"", ""Tuesday"": ""11AM-8:30PM"", ""Wednesday"": ""Closed"", ""Thursday"": ""11AM-8:30PM"", ""Friday"": ""11AM-9PM"", ""Saturday"": ""11AM-9PM"", ""Sunday"": ""11AM-8:30PM""}",Monday:11AM-8:30PM|Tuesday:11AM-8:30PM|Wednesday:Closed|Thursday:11AM-8:30PM|Friday:11AM-9PM|Saturday:11AM-9PM|Sunday:11AM-8:30PM,,,OPERATIONAL,"{""Service options"": {""Delivery"": true, ""Onsite services"": true, ""Takeout"": true, ""Dine-in"": true}, ""Highlights"": {""Great tea selection"": true}, ""Accessibility"": {""Wheelchair accessible entrance"": true, ""Wheelchair accessible parking lot"": false}}",$,,https://lh5.googleusercontent.com/-CTKsopi4wZE/AAAAAAAAAAI/AAAAAAAAAAA/_O5Rh43gL_I/s44-p-k-no-ns-nd/photo.jpg,,,True,116260843586623386301,Tea De Soho,https://www.google.com/maps/contrib/116260843586623386301,,"https://www.google.com/viewer/chooseprovider?mid=/g/11rzq5g6yx&g2lbs=AAEPWCs1iSIrxRmcocWUdfa17V2vPLeDdSGmBNUDuah-j-tLyhCTLMb5d3pBdei1IxuShSHFaqXQ7Sv5nUbah7o9c5sOcdkRYw%3D%3D&hl=en-US&gl=us&fo_m=MfohQo559jFvMUOzJVpjPL1YMfZ3bInYwBDuMfaXTPp5KXh-&utm_source=tactile&gei=ZWgJaIXQAuyK9u8Pt4PV8Qo&ei=ZWgJaIXQAuyK9u8Pt4PV8Qo&fo_s=OA,SOE&opi=79508299&ebb=1&cs=0&foub=mcpp",,,"https://www.google.com/maps/place/Tea+De+Soho/@40.720642999999995,-74.001424,14z/data=!4m8!1m2!2m1!1sTea+De+Soho!3m4!1s0x89c259f4cd039089:0x51591afca9a92185!8m2!3d40.720642999999995!4d-74.001424","https://www.google.com/maps/place/Tea+De+Soho/@40.720642999999995,-74.001424,13.99z/data=!4m16!1m7!3m6!1s0x89c259f4cd039089:0x51591afca9a92185!2sTea+De+Soho!8m2!3d40.720642999999995!4d-74.001424!16s%2Fg%2F11ckvg1dmb!3m7!1s0x89c259f4cd039089:0x51591afca9a92185!8m2!3d40.720642999999995!4d-74.001424!9m1!1b1!16s%2Fg%2F11ckvg1dmb?entry=ttu",ChIJiZADzfRZwokRhSGpqfwaWVE,0x89c259f4cd039089:0x51591afca9a92185,5861746062479925637,/g/11rzq5g6yx,5861746062479925637,,,,,,,,,,,,,,,,,,,,,,,,,,,,,,,,,,,,,,,,,,,,Order Online,,,,False,False
"boba tea, 10003, New York, NY, US",FIFTYLAN Koreatown,Fiftylan Koreatown,https://fiftylanusa.com/,Bubble tea store,Bubble tea store,Bubble tea store,+1 646-861-0539,"875 6th Ave, New York, NY 10001",Manhattan,875 6th Ave,New York,10001,New York,New York,United States of America,US,40.7482021,-73.9891899,892a100d2c7ffff,America/New_York,,False,4.4,160,"https://search.google.com/local/reviews?placeid=ChIJBZxKNzxZwokReeweNEYxqmE&q=boba+tea,+10003,+New+York,+NY,+US&authuser=0&hl=en&gl=US",,,12.0,5.0,11.0,15.0,117.0,395,https://lh3.googleusercontent.com/p/AF1QipP1aekP26a1T_wuuj76TKG9Y8aY4DtFlf4rgmA9=w800-h500-k-no,https://lh3.googleusercontent.com/p/AF1QipP1aekP26a1T_wuuj76TKG9Y8aY4DtFlf4rgmA9=w1600-h1000-k-no,,"{""Monday"": ""11AM-7PM"", ""Tuesday"": ""11AM-7PM"", ""Wednesday"": ""11AM-8PM"", ""Thursday"": ""11AM-8PM"", ""Friday"": ""11AM-8PM"", ""Saturday"": ""11AM-8PM"", ""Sunday"": ""11AM-7PM""}",Monday:11AM-7PM|Tuesday:11AM-7PM|Wednesday:11AM-8PM|Thursday:11AM-8PM|Friday:11AM-8PM|Saturday:11AM-8PM|Sunday:11AM-7PM,,,OPERATIONAL,"{""Service options"": {""No-contact delivery"": true, ""Delivery"": true, ""Takeout"": true, ""Dine-in"": true}, ""Highlights"": {""Great tea selection"": true}, ""Accessibility"": {""Wheelchair accessible parking lot"": false}, ""Parking"": {""Paid street parking"": true}}",$$,,https://lh6.googleusercontent.com/-veAfoMMbRcc/AAAAAAAAAAI/AAAAAAAAAAA/Z_NO3mbWAT8/s44-p-k-no-ns-nd/photo.jpg,,,True,114750545483635947097,FIFTYLAN Koreatown,https://www.google.com/maps/contrib/114750545483635947097,,"https://www.google.com/viewer/chooseprovider?mid=/g/11t7_mm7r0&g2lbs=AAEPWCvVOgnbI3AfMvGyCvZ9brXBkakL6QryjKQEqB8B3B60827RUGg-ED-AG5FC7hbHgDKFGrlQM7k8ZCm5L2JtOybK-GaRsw%3D%3D&hl=en-US&gl=us&fo_m=MfohQo559jFvMUOzJVpjPL1YMfZ3bInYwBDuMfaXTPp5KXh-&utm_source=tactile&gei=ZWgJaIXQAuyK9u8Pt4PV8Qo&ei=ZWgJaIXQAuyK9u8Pt4PV8Qo&fo_s=OA,SOE&opi=79508299&ebb=1&cs=0&foub=mcpp",,,"https://www.google.com/maps/place/FIFTYLAN+Koreatown/@40.7482021,-73.9891899,14z/data=!4m8!1m2!2m1!1sFIFTYLAN+Koreatown!3m4!1s0x89c2593c374a9c05:0x61aa3146341eec79!8m2!3d40.7482021!4d-73.9891899","https://www.google.com/maps/place/FIFTYLAN+Koreatown/@40.7482021,-73.9891899,13.99z/data=!4m16!1m7!3m6!1s0x89c2593c374a9c05:0x61aa3146341eec79!2sFIFTYLAN+Koreatown!8m2!3d40.7482021!4d-73.9891899!16s%2Fg%2F11ckvg1dmb!3m7!1s0x89c2593c374a9c05:0x61aa3146341eec79!8m2!3d40.7482021!4d-73.9891899!9m1!1b1!16s%2Fg%2F11ckvg1dmb?entry=ttu",ChIJBZxKNzxZwokReeweNEYxqmE,0x89c2593c374a9c05:0x61aa3146341eec79,7037491545311734905,/g/11t7_mm7r0,7037491545311734905,,info@fiftylan.co,RECEIVING,SMTP validated,,,,,,,,,,,,,,,,,,,,,,,,,https://www.facebook.com/fiftylanusa,https://www.instagram.com/fiftylanusa,,,,,,,,,,,,,,FIFTYLAN USA,,,,False,False
"boba tea, 10003, New York, NY, US",Lazy Sundaes,Lazy Sundaes,http://www.lazysundaes.com/,"Bubble tea store, Cafe, Coffee shop, Dessert shop",Bubble tea store,Bubble tea store,+1 302-321-5299,"23 Clinton St, New York, NY 10002",Manhattan,23 Clinton St,New York,10002,New York,New York,United States of America,US,40.7206127,-73.9845193,892a100d37bffff,America/New_York,,False,4.5,105,"https://search.google.com/local/reviews?placeid=ChIJva8gSeVZwokR3TrD7QRjZAE&q=boba+tea,+10003,+New+York,+NY,+US&authuser=0&hl=en&gl=US",,,6.0,2.0,5.0,16.0,76.0,149,https://lh3.googleusercontent.com/p/AF1QipMcuBc6sfyrLTC5Ns5DmPWQcseK0ojV7Djkp-xi=w800-h500-k-no,https://lh3.googleusercontent.com/p/AF1QipMcuBc6sfyrLTC5Ns5DmPWQcseK0ojV7Djkp-xi=w1600-h1000-k-no,,"{""Monday"": ""12-9PM"", ""Tuesday"": ""12-9PM"", ""Wednesday"": ""12-9PM"", ""Thursday"": ""12-9PM"", ""Friday"": ""12-10PM"", ""Saturday"": ""12-10PM"", ""Sunday"": ""12-9PM""}",Monday:12-9PM|Tuesday:12-9PM|Wednesday:12-9PM|Thursday:12-9PM|Friday:12-10PM|Saturday:12-10PM|Sunday:12-9PM,,,OPERATIONAL,"{""From the business"": {""Identifies as Asian-owned"": true, ""Identifies as women-owned"": true}, ""Service options"": {""No-contact delivery"": true, ""Delivery"": true, ""Takeout"": true, ""Dine-in"": true}, ""Highlights"": {""Great tea selection"": true}, ""Accessibility"": {""Wheelchair accessible parking lot"": false}, ""Other"": {""Identifies as women-owned"": true, ""Identifies as Asian-owned"": true}}",$,,https://lh3.googleusercontent.com/-3pE4Jmv0QO0/AAAAAAAAAAI/AAAAAAAAAAA/q0gZFf1OjWo/s44-p-k-no-ns-nd/photo.jpg,,,True,102726297530861363911,Lazy Sundaes,https://www.google.com/maps/contrib/102726297530861363911,,"https://www.google.com/viewer/chooseprovider?mid=/g/11lf9t20ls&g2lbs=AAEPWCudQBcVT7eGFla_yLzO-R6MXdRQFZzy2FznbIoEEJAQCr6PgvFGeIh_V6NbIjyGTT3e3U_xBDhFWsbkquXcxviJwuxEbA%3D%3D&hl=en-US&gl=us&fo_m=MfohQo559jFvMUOzJVpjPL1YMfZ3bInYwBDuMfaXTPp5KXh-&utm_source=tactile&gei=ZWgJaIXQAuyK9u8Pt4PV8Qo&ei=ZWgJaIXQAuyK9u8Pt4PV8Qo&fo_s=OA,SOE&opi=79508299&ebb=1&cs=0&foub=mcpp",,,"https://www.google.com/maps/place/Lazy+Sundaes/@40.7206127,-73.9845193,14z/data=!4m8!1m2!2m1!1sLazy+Sundaes!3m4!1s0x89c259e54920afbd:0x1646304edc33add!8m2!3d40.7206127!4d-73.9845193","https://www.google.com/maps/place/Lazy+Sundaes/@40.7206127,-73.9845193,13.99z/data=!4m16!1m7!3m6!1s0x89c259e54920afbd:0x1646304edc33add!2sLazy+Sundaes!8m2!3d40.7206127!4d-73.9845193!16s%2Fg%2F11ckvg1dmb!3m7!1s0x89c259e54920afbd:0x1646304edc33add!8m2!3d40.7206127!4d-73.9845193!9m1!1b1!16s%2Fg%2F11ckvg1dmb?entry=ttu",ChIJva8gSeVZwokR3TrD7QRjZAE,0x89c259e54920afbd:0x1646304edc33add,100313964529007325,/g/11lf9t20ls,100313964529007325,,catering@lazysundaes.com,RECEIVING,SMTP validated,,,,,,hello@lazysundaes.com,RECEIVING,SMTP validated,,,,,,hello@lazysundaes.com,RECEIVING,SMTP validated,,,,,,,,,http://facebook.com/lazysundaesnyc,http://instagram.com/lazysundaes,,,,,,,,,,,,,,Lazy Sundaes,,,,False,False
"boba tea, 10003, New York, NY, US",Miss Du's Tea Shop,Miss Dus Tea Shop,https://www.missdutea.com/,Bubble tea store,Bubble tea store,Bubble tea store,+1 646-923-3093,"741 Broadway, New York, NY 10003",Manhattan,741 Broadway,New York,10003,New York,New York,United States of America,US,40.7300968,-73.9930172,892a1072c83ffff,America/New_York,,False,4.0,41,"https://search.google.com/local/reviews?placeid=ChIJC0YYpMpZwokRAsC5eE7gEME&q=boba+tea,+10003,+New+York,+NY,+US&authuser=0&hl=en&gl=US",,,5.0,5.0,2.0,1.0,28.0,29,https://lh3.googleusercontent.com/p/AF1QipPr5uIQugI5azyANSz9tRuqaBuUucfPDp-l7HHA=w800-h500-k-no,https://lh3.googleusercontent.com/p/AF1QipPr5uIQugI5azyANSz9tRuqaBuUucfPDp-l7HHA=w1600-h1000-k-no,,,,,,CLOSED_TEMPORARILY,"{""Service options"": {""Curbside pickup"": true, ""No-contact delivery"": true, ""Delivery"": true, ""Takeout"": true, ""Dine-in"": true}}",$$,,https://lh3.googleusercontent.com/-zPARCcL9_Cg/AAAAAAAAAAI/AAAAAAAAAAA/s8nqXL8NAlo/s44-p-k-no-ns-nd/photo.jpg,,,True,104819004922115403584,Miss Du's Tea Shop,https://www.google.com/maps/contrib/104819004922115403584,,,,,"https://www.google.com/maps/place/Miss+Du%27s+Tea+Shop/@40.7300968,-73.9930172,14z/data=!4m8!1m2!2m1!1sMiss+Du%27s+Tea+Shop!3m4!1s0x89c259caa418460b:0xc110e04e78b9c002!8m2!3d40.7300968!4d-73.9930172","https://www.google.com/maps/place/Miss+Du%27s+Tea+Shop/@40.7300968,-73.9930172,13.99z/data=!4m16!1m7!3m6!1s0x89c259caa418460b:0xc110e04e78b9c002!2sMiss+Du%27s+Tea+Shop!8m2!3d40.7300968!4d-73.9930172!16s%2Fg%2F11ckvg1dmb!3m7!1s0x89c259caa418460b:0xc110e04e78b9c002!8m2!3d40.7300968!4d-73.9930172!9m1!1b1!16s%2Fg%2F11ckvg1dmb?entry=ttu",ChIJC0YYpMpZwokRAsC5eE7gEME,0x89c259caa418460b:0xc110e04e78b9c002,13911865876584972290,/g/11kq8xqld1,-4534878197124579326,,,,,,,,,,,,,,,,,,,,,,,,,,,,,,,,,,,,,,,,,,,,,Square Online,,,,
"boba tea, 10003, New York, NY, US",Panda Bubble Tea,Panda Bubble Tea,https://pandabubbletea.com/,Bubble tea store,Bubble tea store,Bubble tea store,+1 212-969-9688,"1000 8th Ave #29, New York, NY 10019",Manhattan,1000 8th Ave #29,New York,10019,New York,New York,United States of America,US,40.7670937,-73.9828196,892a100d653ffff,America/New_York,,False,3.8,154,"https://search.google.com/local/reviews?placeid=ChIJGQWa1vdYwokRwJTsCavJHdA&q=boba+tea,+10003,+New+York,+NY,+US&authuser=0&hl=en&gl=US",,,19.0,18.0,16.0,30.0,71.0,120,https://lh3.googleusercontent.com/p/AF1QipPBtus4KKrGVLufaTO8mdF8_DrU_MsmnWOJuEL6=w800-h500-k-no,https://lh3.googleusercontent.com/p/AF1QipPBtus4KKrGVLufaTO8mdF8_DrU_MsmnWOJuEL6=w1600-h1000-k-no,,"{""Monday"": ""12-8PM"", ""Tuesday"": ""12-8PM"", ""Wednesday"": ""12-8PM"", ""Thursday"": ""12-8PM"", ""Friday"": ""12-8PM"", ""Saturday"": ""12-8PM"", ""Sunday"": ""12-7PM""}",Monday:12-8PM|Tuesday:12-8PM|Wednesday:12-8PM|Thursday:12-8PM|Friday:12-8PM|Saturday:12-8PM|Sunday:12-7PM,,,OPERATIONAL,"{""Service options"": {""Delivery"": true, ""Takeout"": true, ""Dine-in"": true}, ""Highlights"": {""Great tea selection"": true}, ""Accessibility"": {""Wheelchair accessible parking lot"": false}}",$,,https://lh6.googleusercontent.com/-VbKGOJi0MP0/AAAAAAAAAAI/AAAAAAAAAAA/xXHxUqrfSSU/s44-p-k-no-ns-nd/photo.jpg,Vendor at Turnstyle Underground Market offering customizable bubble tea & grilled sandwiches.,,True,104151749202124278860,Panda Bubble Tea,https://www.google.com/maps/contrib/104151749202124278860,,"https://www.google.com/viewer/chooseprovider?mid=/g/11ggs6fbgz&g2lbs=AAEPWCuPdXs9ATfgFjB5NepZ6oqjZj2d09EID52sR-7c3yq58E6m8J5J34HJn0rC7sxOqv6FAacPMKvgGRrPapB91hTzZjb8zw%3D%3D&hl=en-US&gl=us&fo_m=MfohQo559jFvMUOzJVpjPL1YMfZ3bInYwBDuMfaXTPp5KXh-&utm_source=tactile&gei=ZWgJaIXQAuyK9u8Pt4PV8Qo&ei=ZWgJaIXQAuyK9u8Pt4PV8Qo&fo_s=OA,SOE&opi=79508299&ebb=1&cs=0&foub=mcpp",,,"https://www.google.com/maps/place/Panda+Bubble+Tea/@40.7670937,-73.9828196,14z/data=!4m8!1m2!2m1!1sPanda+Bubble+Tea!3m4!1s0x89c258f7d69a0519:0xd01dc9ab09ec94c0!8m2!3d40.7670937!4d-73.9828196","https://www.google.com/maps/place/Panda+Bubble+Tea/@40.7670937,-73.9828196,13.99z/data=!4m16!1m7!3m6!1s0x89c258f7d69a0519:0xd01dc9ab09ec94c0!2sPanda+Bubble+Tea!8m2!3d40.7670937!4d-73.9828196!16s%2Fg%2F11ckvg1dmb!3m7!1s0x89c258f7d69a0519:0xd01dc9ab09ec94c0!8m2!3d40.7670937!4d-73.9828196!9m1!1b1!16s%2Fg%2F11ckvg1dmb?entry=ttu",ChIJGQWa1vdYwokRwJTsCavJHdA,0x89c258f7d69a0519:0xd01dc9ab09ec94c0,14996364070656709824,/g/11ggs6fbgz,-3450380003052841792,,social@pandabubbletea.com,UNKNOWN,Cannot validate,,,,,,,,,,,,,,,,,,,,,,2129699688,2129888878,12129699688,https://www.facebook.com/pandabubbleteaUSA/,https://www.instagram.com/pandabubbleteausa,,,,,,,,,https://twitter.com/PandaBubbleTea,,,https://github.com/ThomasJockin/,,Panda Bubble Tea - Home,Starfield Technologies; Go Daddy Website Builder 8.0.0000,"Stop by, order online, or call for bubble tea, paninis, crepes, ice cream, waffles, and smoothies.",,,
"boba tea, 10003, New York, NY, US",TBaar (Columbia University),Tbaar Columbia University,https://qmenu.us/#/tbaar-columbia-university-new-york,Bubble tea store,Bubble tea store,Bubble tea store,+1 917-265-8722,"2787 Broadway Suite 2, New York, NY 10025",Manhattan,2787 Broadway Suite 2,New York,10025,New York,New York,United States of America,US,40.802732299999995,-73.9681495,892a1008883ffff,America/New_York,,False,4.2,39,"https://search.google.com/local/reviews?placeid=ChIJV56riij3wokR6i390ySh5zs&q=boba+tea,+10003,+New+York,+NY,+US&authuser=0&hl=en&gl=US",,,7.0,1.0,0.0,1.0,30.0,105,https://lh3.googleusercontent.com/gps-proxy/ALd4DhFEpXvmQUyuFTMpKyT93hVHrrL9Cz2oVmNPyqbM-yPXw1hgCM2w-vDsPZMHH8MTiA-Q31-mGG9pwV0wXfoYAPgI-L5bTv6wQCOUZG7AKiyVUsIq8ZNCvKIuS_yooks-NPawzxTP_IHtYmgQ6XFhC-dOFYW_KxOO5An9xaEEB1R9JokabkbNZN4H=w800-h500-k-no,https://lh3.googleusercontent.com/gps-proxy/ALd4DhFEpXvmQUyuFTMpKyT93hVHrrL9Cz2oVmNPyqbM-yPXw1hgCM2w-vDsPZMHH8MTiA-Q31-mGG9pwV0wXfoYAPgI-L5bTv6wQCOUZG7AKiyVUsIq8ZNCvKIuS_yooks-NPawzxTP_IHtYmgQ6XFhC-dOFYW_KxOO5An9xaEEB1R9JokabkbNZN4H=w1600-h1000-k-no,,"{""Monday"": ""11AM-11:30PM"", ""Tuesday"": ""11AM-11:30PM"", ""Wednesday"": ""11AM-11:30PM"", ""Thursday"": ""11AM-11:30PM"", ""Friday"": ""11AM-11:30PM"", ""Saturday"": ""11AM-11:30PM"", ""Sunday"": ""11AM-11:30PM""}",Monday:11AM-11:30PM|Tuesday:11AM-11:30PM|Wednesday:11AM-11:30PM|Thursday:11AM-11:30PM|Friday:11AM-11:30PM|Saturday:11AM-11:30PM|Sunday:11AM-11:30PM,,,OPERATIONAL,"{""Service options"": {""Delivery"": true, ""Takeout"": true, ""Dine-in"": true}, ""Highlights"": {""Great tea selection"": true}, ""Accessibility"": {""Wheelchair accessible entrance"": true, ""Wheelchair accessible parking lot"": false}, ""Parking"": {""Paid street parking"": true}}",$,,https://lh3.googleusercontent.com/-m2pXSvh9dWk/AAAAAAAAAAI/AAAAAAAAAAA/UqO1ORv47l8/s44-p-k-no-ns-nd/photo.jpg,,,True,107100824265935120780,TBaar - Columbia University,https://www.google.com/maps/contrib/107100824265935120780,,"https://www.google.com/viewer/chooseprovider?mid=/g/11k3r6n4gg&g2lbs=AAEPWCvSbAJ5mL2A6QmjnPQEluyjhylXF3wSByg7WSEyed9cP4lxngHR7IjluOwaYnd2u2HeCXByi4573QvKEUqdQFpTdV7lRg%3D%3D&hl=en-US&gl=us&fo_m=MfohQo559jFvMUOzJVpjPL1YMfZ3bInYwBDuMfaXTPp5KXh-&utm_source=tactile&gei=ZWgJaIXQAuyK9u8Pt4PV8Qo&ei=ZWgJaIXQAuyK9u8Pt4PV8Qo&fo_s=OA,SOE&opi=79508299&ebb=1&cs=0&foub=mcpp",,,"https://www.google.com/maps/place/TBaar+-+Columbia+University/@40.802732299999995,-73.9681495,14z/data=!4m8!1m2!2m1!1sTBaar+-+Columbia+University!3m4!1s0x89c2f7288aab9e57:0x3be7a124d3fd2dea!8m2!3d40.802732299999995!4d-73.9681495","https://www.google.com/maps/place/TBaar+-+Columbia+University/@40.802732299999995,-73.9681495,13.99z/data=!4m16!1m7!3m6!1s0x89c2f7288aab9e57:0x3be7a124d3fd2dea!2sTBaar+-+Columbia+University!8m2!3d40.802732299999995!4d-73.9681495!16s%2Fg%2F11ckvg1dmb!3m7!1s0x89c2f7288aab9e57:0x3be7a124d3fd2dea!8m2!3d40.802732299999995!4d-73.9681495!9m1!1b1!16s%2Fg%2F11ckvg1dmb?entry=ttu",ChIJV56riij3wokR6i390ySh5zs,0x89c2f7288aab9e57:0x3be7a124d3fd2dea,4316595947405389290,/g/11k3r6n4gg,4316595947405389290,,6279177@gmail.com,RECEIVING,Verified,,,,,,kerry@karubees.com,RECEIVING,SMTP validated,,,,,,royalindiaorlando@gmail.com,RECEIVING,SMTP validated,,,,,,13016279177,13044006166,14077783064,https://www.facebook.com/royalindiancusinebarorlando/,,,,,,,,,,,,,,,qMenu Food Ordering App,,,,False,False
"boba tea, 10003, New York, NY, US",Gong Cha,Gong Cha,http://www.gongchausa.com/,"Bubble tea store, Cafe, Tea house",Bubble tea store,Bubble tea store,+1 212-398-2716,"75 W 38th St, New York, NY 10018",Manhattan,75 W 38th St,New York,10018,New York,New York,United States of America,US,40.7522976,-73.98558849999999,892a100d66fffff,America/New_York,,False,4.2,603,"https://search.google.com/local/reviews?placeid=ChIJYb5NTKpZwokR_Jh_71aRwvY&q=boba+tea,+10003,+New+York,+NY,+US&authuser=0&hl=en&gl=US",,,35.0,20.0,67.0,161.0,320.0,395,https://lh3.googleusercontent.com/p/AF1QipOe82GRyd_NmkgHFiS4jT7v6MjEx8LY0D5gAY_f=w800-h500-k-no,https://lh3.googleusercontent.com/p/AF1QipOe82GRyd_NmkgHFiS4jT7v6MjEx8LY0D5gAY_f=w1600-h1000-k-no,,"{""Monday"": ""11AM-9PM"", ""Tuesday"": ""11AM-9PM"", ""Wednesday"": ""11AM-9PM"", ""Thursday"": ""11AM-9PM"", ""Friday"": ""11AM-10PM"", ""Saturday"": ""11AM-10PM"", ""Sunday"": ""11AM-9PM""}",Monday:11AM-9PM|Tuesday:11AM-9PM|Wednesday:11AM-9PM|Thursday:11AM-9PM|Friday:11AM-10PM|Saturday:11AM-10PM|Sunday:11AM-9PM,,,OPERATIONAL,"{""From the business"": {""Identifies as women-owned"": true}, ""Service options"": {""No-contact delivery"": true, ""Delivery"": true, ""Onsite services"": true, ""Takeout"": true, ""Dine-in"": true}, ""Highlights"": {""Great tea selection"": true}, ""Accessibility"": {""Wheelchair accessible entrance"": true, ""Wheelchair accessible seating"": true, ""Wheelchair accessible parking lot"": false}, ""Other"": {""Identifies as women-owned"": true}}",$,,https://lh3.googleusercontent.com/-Dm3logFEzbQ/AAAAAAAAAAI/AAAAAAAAAAA/mXulHPwJOWg/s44-p-k-no-ns-nd/photo.jpg,,,True,112216677977013423126,Gong Cha,https://www.google.com/maps/contrib/112216677977013423126,,"https://www.google.com/viewer/chooseprovider?mid=/g/11bbxm5m44&g2lbs=AAEPWCvxtMQw6v1KHyhmIQhOGhBCkpdrRE19Mc-eJ87QmTolHSYk_xVuJYC7IEMYhYxiU8USocd7JPsrvGoy8OOcvzbvSfwevQ%3D%3D&hl=en-US&gl=us&fo_m=MfohQo559jFvMUOzJVpjPL1YMfZ3bInYwBDuMfaXTPp5KXh-&utm_source=tactile&gei=ZWgJaIXQAuyK9u8Pt4PV8Qo&ei=ZWgJaIXQAuyK9u8Pt4PV8Qo&fo_s=OA,SOE&opi=79508299&ebb=1&cs=0&foub=mcpp",,,"https://www.google.com/maps/place/Gong+Cha/@40.7522976,-73.98558849999999,14z/data=!4m8!1m2!2m1!1sGong+Cha!3m4!1s0x89c259aa4c4dbe61:0xf6c29156ef7f98fc!8m2!3d40.7522976!4d-73.98558849999999","https://www.google.com/maps/place/Gong+Cha/@40.7522976,-73.98558849999999,13.99z/data=!4m16!1m7!3m6!1s0x89c259aa4c4dbe61:0xf6c29156ef7f98fc!2sGong+Cha!8m2!3d40.7522976!4d-73.98558849999999!16s%2Fg%2F11ckvg1dmb!3m7!1s0x89c259aa4c4dbe61:0xf6c29156ef7f98fc!8m2!3d40.7522976!4d-73.98558849999999!9m1!1b1!16s%2Fg%2F11ckvg1dmb?entry=ttu",ChIJYb5NTKpZwokR_Jh_71aRwvY,0x89c259aa4c4dbe61:0xf6c29156ef7f98fc,17780934081383471356,/g/11bbxm5m44,-665809992326080260,,inquiries@gongchausa.com,RECEIVING,SMTP validated,Anchal Lamba,Anchal,Lamba,Managing Member,12123982716,anchal@gongchausa.com,RECEIVING,SMTP validated,Anchal Lamba,Anchal,Lamba,President,15163839000,rborgia@gongchausa.com,INVALID,Invalid SMTP,Robert Borgia,Robert,Borgia,Could Not Locate,15167496919,5168135642,15624748745,14697099380,https://www.facebook.com/gongchatea/,http://instagram.com/gongchatea,https://www.linkedin.com/company/gong-cha,https://www.tiktok.com/@gongcha.bubbletea,,,,,,,https://twitter.com/gongchatea,,,,,New Jersey – Jersey City - Gong cha,All in One SEO (AIOSEO) 4.7.7.2,Premium Quality Bubble Tea,,False,False
"boba tea, 10003, New York, NY, US",CoCo Fresh Tea & Juice,Coco Fresh Tea And Juice,http://cocobubbletea.com/,Bubble tea store,Bubble tea store,Bubble tea store,+1 212-851-6618,"38 Lexington Ave, New York, NY 10010",Manhattan,38 Lexington Ave,New York,10010,New York,New York,United States of America,US,40.740133,-73.9844854,892a100d207ffff,America/New_York,,False,4.2,196,"https://search.google.com/local/reviews?placeid=ChIJV_XwyaBZwokRy21Op4TYKCE&q=boba+tea,+10003,+New+York,+NY,+US&authuser=0&hl=en&gl=US",,,10.0,6.0,22.0,51.0,107.0,137,https://lh3.googleusercontent.com/p/AF1QipP6F88rG14NE9hvcZ2bFAGcad10UvKQFMTkimh0=w800-h500-k-no,https://lh3.googleusercontent.com/p/AF1QipP6F88rG14NE9hvcZ2bFAGcad10UvKQFMTkimh0=w1600-h1000-k-no,,"{""Monday"": ""11AM-7:30PM"", ""Tuesday"": ""11AM-7:30PM"", ""Wednesday"": ""11AM-7:30PM"", ""Thursday"": ""11AM-7:30PM"", ""Friday"": ""11AM-7:30PM"", ""Saturday"": ""11AM-7:30PM"", ""Sunday"": ""11AM-7:30PM""}",Monday:11AM-7:30PM|Tuesday:11AM-7:30PM|Wednesday:11AM-7:30PM|Thursday:11AM-7:30PM|Friday:11AM-7:30PM|Saturday:11AM-7:30PM|Sunday:11AM-7:30PM,,,OPERATIONAL,"{""Service options"": {""Delivery"": true, ""Takeout"": true, ""Dine-in"": true}, ""Highlights"": {""Great tea selection"": true}, ""Accessibility"": {""Wheelchair accessible entrance"": true, ""Wheelchair accessible parking lot"": false}}",$,,https://lh6.googleusercontent.com/-PMmKbLtUl04/AAAAAAAAAAI/AAAAAAAAAAA/m-pkUq1JYX0/s44-p-k-no-ns-nd/photo.jpg,"Minimalist Taiwanese bubble-tea chain outlet specializing in milk teas, fresh juices & smoothies.",,True,110580694689844214914,CoCo Fresh Tea & Juice,https://www.google.com/maps/contrib/110580694689844214914,,"https://www.google.com/viewer/chooseprovider?mid=/g/1v83208d&g2lbs=AAEPWCu2xpMmaHwxlHLx1jeBVF7v6WvH8Jka2GvskSgpZvdklCtaPhj_Y3XxCoCDQ73vTJUtixI8YabtFd2uDMJcNjs94P0PFg%3D%3D&hl=en-US&gl=us&fo_m=MfohQo559jFvMUOzJVpjPL1YMfZ3bInYwBDuMfaXTPp5KXh-&utm_source=tactile&gei=ZWgJaIXQAuyK9u8Pt4PV8Qo&ei=ZWgJaIXQAuyK9u8Pt4PV8Qo&fo_s=OA,SOE&opi=79508299&ebb=1&cs=0&foub=mcpp",,,"https://www.google.com/maps/place/CoCo+Fresh+Tea+%26+Juice/@40.740133,-73.9844854,14z/data=!4m8!1m2!2m1!1sCoCo+Fresh+Tea+%26+Juice!3m4!1s0x89c259a0c9f0f557:0x2128d884a74e6dcb!8m2!3d40.740133!4d-73.9844854","https://www.google.com/maps/place/CoCo+Fresh+Tea+%26+Juice/@40.740133,-73.9844854,13.99z/data=!4m16!1m7!3m6!1s0x89c259a0c9f0f557:0x2128d884a74e6dcb!2sCoCo+Fresh+Tea+%26+Juice!8m2!3d40.740133!4d-73.9844854!16s%2Fg%2F11ckvg1dmb!3m7!1s0x89c259a0c9f0f557:0x2128d884a74e6dcb!8m2!3d40.740133!4d-73.9844854!9m1!1b1!16s%2Fg%2F11ckvg1dmb?entry=ttu",ChIJV_XwyaBZwokRy21Op4TYKCE,0x89c259a0c9f0f557:0x2128d884a74e6dcb,2389397666574265803,/g/1v83208d,2389397666574265803,,marketing@cocobubbletea.com,RECEIVING,Role,,,,,,jguo4@ualberta.ca,RECEIVING,SMTP validated,Jing Guo,Jing,Guo,,17808858652,,,,,,,,,19292922313,16044982239,,https://www.facebook.com/cocotea.eastcoast,https://www.instagram.com/cocotea.eastcoast,,,,,,,,,,,,,,CoCo Fresh Tea & Juice | New York's #1 Bubble Tea,,"Fresh and Naturally Made - CoCo Fresh Tea & Juice is a premium bubble tea 
brand with 16 locations in New York and New Jersey, and 4500 stores around 
the world.",,False,False
"boba tea, 10003, New York, NY, US",VIVI Bubble Tea (Hell’s Kitchen),Vivi Bubble Tea Hell’S Kitchen,https://vivibubbletea.com/,"Bubble tea store, Tea house",Bubble tea store,Bubble tea store,+1 212-956-0288,"607 9th Ave, New York, NY 10036",Manhattan,607 9th Ave,New York,10036,New York,New York,United States of America,US,40.759347399999996,-73.992272,892a10725b3ffff,America/New_York,,False,4.2,730,"https://search.google.com/local/reviews?placeid=ChIJoc6rUVJYwokR291GlH5gwNY&q=boba+tea,+10003,+New+York,+NY,+US&authuser=0&hl=en&gl=US",,,47.0,25.0,75.0,177.0,406.0,677,https://lh3.googleusercontent.com/p/AF1QipOhzxiZsH5147W2ydfFQDSWXPFG5mHdxxD2b0hR=w800-h500-k-no,https://lh3.googleusercontent.com/p/AF1QipOhzxiZsH5147W2ydfFQDSWXPFG5mHdxxD2b0hR=w1600-h1000-k-no,,"{""Monday"": ""11AM-10PM"", ""Tuesday"": ""11AM-10PM"", ""Wednesday"": ""11AM-10PM"", ""Thursday"": ""11AM-10PM"", ""Friday"": ""11AM-10PM"", ""Saturday"": ""11AM-10PM"", ""Sunday"": ""11AM-10PM""}",Monday:11AM-10PM|Tuesday:11AM-10PM|Wednesday:11AM-10PM|Thursday:11AM-10PM|Friday:11AM-10PM|Saturday:11AM-10PM|Sunday:11AM-10PM,,,OPERATIONAL,"{""Service options"": {""Delivery"": true, ""Onsite services"": true, ""Takeout"": true, ""Dine-in"": true}, ""Highlights"": {""Great tea selection"": true}, ""Accessibility"": {""Wheelchair accessible parking lot"": false, ""Wheelchair accessible seating"": false}}",$,,https://lh5.googleusercontent.com/-CKV50Kp5FPQ/AAAAAAAAAAI/AAAAAAAAAAA/V0PCmZGMaUI/s44-p-k-no-ns-nd/photo.jpg,"Bubble tea shop offering hot & cold versions, plus a variety of flavors & a simple snack menu.",,True,112123727225115747195,VIVI Bubble Tea - Hell’s Kitchen,https://www.google.com/maps/contrib/112123727225115747195,,"https://www.google.com/viewer/chooseprovider?mid=/g/11bbx1bgbg&g2lbs=AAEPWCsPFwGRmbhl7F1abXmw21VdRGyTvMFmvohJSLqqtAxtpzdWEDBbncAVftIqlBJucTsJ-pT-S5sY9p821t9EaQ6HIeWCYw%3D%3D&hl=en-US&gl=us&fo_m=MfohQo559jFvMUOzJVpjPL1YMfZ3bInYwBDuMfaXTPp5KXh-&utm_source=tactile&gei=ZWgJaIXQAuyK9u8Pt4PV8Qo&ei=ZWgJaIXQAuyK9u8Pt4PV8Qo&fo_s=OA,SOE&opi=79508299&ebb=1&cs=0&foub=mcpp",,,"https://www.google.com/maps/place/VIVI+Bubble+Tea+-+Hell%E2%80%99s+Kitchen/@40.759347399999996,-73.992272,14z/data=!4m8!1m2!2m1!1sVIVI+Bubble+Tea+-+Hell%E2%80%99s+Kitchen!3m4!1s0x89c2585251abcea1:0xd6c0607e9446dddb!8m2!3d40.759347399999996!4d-73.992272","https://www.google.com/maps/place/VIVI+Bubble+Tea+-+Hell%E2%80%99s+Kitchen/@40.759347399999996,-73.992272,13.99z/data=!4m16!1m7!3m6!1s0x89c2585251abcea1:0xd6c0607e9446dddb!2sVIVI+Bubble+Tea+-+Hell%E2%80%99s+Kitchen!8m2!3d40.759347399999996!4d-73.992272!16s%2Fg%2F11ckvg1dmb!3m7!1s0x89c2585251abcea1:0xd6c0607e9446dddb!8m2!3d40.759347399999996!4d-73.992272!9m1!1b1!16s%2Fg%2F11ckvg1dmb?entry=ttu",ChIJoc6rUVJYwokR291GlH5gwNY,0x89c2585251abcea1:0xd6c0607e9446dddb,15474474416414842331,/g/11bbx1bgbg,-2972269657294709285,,vivibubbleteanj@gmail.com,RECEIVING,Verified,,,,,,,,,,,,,,,,,,,,,,+1 212-566-6833,14696618801,13472236792,https://www.facebook.com/vivibubbleteanyc,https://www.instagram.com/vivibubbletea,https://www.linkedin.com/company/vivi-bubble-tea,,,,,,,,,,,,,vivibubbletea,WordPress 6.0.2,,,False,True
"boba tea, 10003, New York, NY, US",Love Mi Yogurt,Love Mi Yogurt,https://www.lovemiusa.com/,"Bubble tea store, Breakfast restaurant, Frozen yogurt shop, Cafe, Fast food restaurant, Juice shop, Sandwich shop, Tea house, Vietnamese restaurant",Frozen yogurt shop,Bubble tea store,+1 646-767-9868,"133 4th Ave, New York, NY 10003",Manhattan,133 4th Ave,New York,10003,New York,New York,United States of America,US,40.7336046,-73.9897009,892a100d22bffff,America/New_York,,False,4.9,327,"https://search.google.com/local/reviews?placeid=ChIJK63FFABZwokRsnKUiESj1To&q=boba+tea,+10003,+New+York,+NY,+US&authuser=0&hl=en&gl=US",,,5.0,4.0,2.0,12.0,304.0,245,https://lh3.googleusercontent.com/gps-proxy/ALd4DhEhkSIRvFsgUcMPDI2rp7jvCRAyZ4AclWE79pCYqEet5o08epHS0bEvLtIVVb0ledfVwAZRDcguNRaMj8rtTdFECCXc5Z5PhFZ9HT1YA8ZEqYW3bmyfHbAzGGhH_IpGdbVQ3ncG9rfLvNQD0HZxrjSqkRh7jMo4OHBydmq7elEDWcQrRt8Y-5XC=w800-h500-k-no,https://lh3.googleusercontent.com/gps-proxy/ALd4DhEhkSIRvFsgUcMPDI2rp7jvCRAyZ4AclWE79pCYqEet5o08epHS0bEvLtIVVb0ledfVwAZRDcguNRaMj8rtTdFECCXc5Z5PhFZ9HT1YA8ZEqYW3bmyfHbAzGGhH_IpGdbVQ3ncG9rfLvNQD0HZxrjSqkRh7jMo4OHBydmq7elEDWcQrRt8Y-5XC=w1600-h1000-k-no,,"{""Monday"": ""9:30AM-10:30PM"", ""Tuesday"": ""9:30AM-10:30PM"", ""Wednesday"": ""9:30AM-10:30PM"", ""Thursday"": ""9:30AM-11PM"", ""Friday"": ""9:30AM-11PM"", ""Saturday"": ""9:30AM-10:30PM"", ""Sunday"": ""9:30AM-10:30PM""}",Monday:9:30AM-10:30PM|Tuesday:9:30AM-10:30PM|Wednesday:9:30AM-10:30PM|Thursday:9:30AM-11PM|Friday:9:30AM-11PM|Saturday:9:30AM-10:30PM|Sunday:9:30AM-10:30PM,,,OPERATIONAL,"{""Service options"": {""Takeout"": true, ""Dine-in"": true}, ""Accessibility"": {""Wheelchair accessible entrance"": true, ""Wheelchair accessible parking lot"": false}, ""Planning"": {""Quick visit"": true}, ""Payments"": {""Credit cards"": true}}",$,,https://lh6.googleusercontent.com/-PEpGh3GytAg/AAAAAAAAAAI/AAAAAAAAAAA/bEd6rT08XcI/s44-p-k-no-ns-nd/photo.jpg,,,True,100411190528948125625,Love Mi Yogurt,https://www.google.com/maps/contrib/100411190528948125625,,"https://www.google.com/viewer/chooseprovider?mid=/g/11w7pr7pkh&g2lbs=AAEPWCtycqqHIfgNByIrpjxBDu-GcX4ZORsP9RwpRIk90W64Sr1TVSTDMwaHSVQmTdwjg9iqqtutQmUPPWKqJuAAS29N9XYugA%3D%3D&hl=en-US&gl=us&fo_m=MfohQo559jFvMUOzJVpjPL1YMfZ3bInYwBDuMfaXTPp5KXh-&utm_source=tactile&gei=ZWgJaIXQAuyK9u8Pt4PV8Qo&ei=ZWgJaIXQAuyK9u8Pt4PV8Qo&fo_s=OA,SOE&opi=79508299&ebb=1&cs=0&foub=mcpp",,,"https://www.google.com/maps/place/Love+Mi+Yogurt/@40.7336046,-73.9897009,14z/data=!4m8!1m2!2m1!1sLove+Mi+Yogurt!3m4!1s0x89c2590014c5ad2b:0x3ad5a344889472b2!8m2!3d40.7336046!4d-73.9897009","https://www.google.com/maps/place/Love+Mi+Yogurt/@40.7336046,-73.9897009,13.99z/data=!4m16!1m7!3m6!1s0x89c2590014c5ad2b:0x3ad5a344889472b2!2sLove+Mi+Yogurt!8m2!3d40.7336046!4d-73.9897009!16s%2Fg%2F11ckvg1dmb!3m7!1s0x89c2590014c5ad2b:0x3ad5a344889472b2!8m2!3d40.7336046!4d-73.9897009!9m1!1b1!16s%2Fg%2F11ckvg1dmb?entry=ttu",ChIJK63FFABZwokRsnKUiESj1To,0x89c2590014c5ad2b:0x3ad5a344889472b2,4239474138983723698,/g/11w7pr7pkh,4239474138983723698,,,,,,,,,,,,,,,,,,,,,,,,,,,,,,,,,,,,,,,,,,,,LoveMi | Best Yogurt Drinks in NY,Wix.com Website Builder,"LoveMi - best Yogurt Drinks in NY, inspiring imaginative and delightful drinks . Each cup is a vibrant, refreshing poem—a sincere blend of avocado's rich nutrients and exquisite craftsmanship, honoring nature's gifts with every sip.",,False,False
"bubble tea store, 10123, New York, NY, US",Gong cha,Gong Cha,https://gongchausa.com/,Bubble tea store,Bubble tea store,Bubble tea store,,"New York, NY 10119",Manhattan,,New York,10119,New York,New York,United States of America,US,40.7501065,-73.99318389999999,892a100d2cbffff,America/New_York,,False,3.5,24,"https://search.google.com/local/reviews?placeid=ChIJHwCECQtZwokR6i63_9peLxY&q=bubble+tea+store,+10123,+New+York,+NY,+US&authuser=0&hl=en&gl=US",,,7.0,0.0,3.0,1.0,13.0,40,https://lh3.googleusercontent.com/p/AF1QipN-G4uw3jIfJj1JyNna96BGo1T5XnP5bdzRXaEk=w800-h500-k-no,https://lh3.googleusercontent.com/p/AF1QipN-G4uw3jIfJj1JyNna96BGo1T5XnP5bdzRXaEk=w1600-h1000-k-no,,,,,,OPERATIONAL,"{""Service options"": {""No-contact delivery"": true, ""Delivery"": true, ""Takeout"": true, ""Dine-in"": true}, ""Highlights"": {""Great tea selection"": true}, ""Accessibility"": {""Wheelchair accessible entrance"": true, ""Wheelchair accessible parking lot"": false}}",,,https://lh6.googleusercontent.com/-4pZlcfdtuDc/AAAAAAAAAAI/AAAAAAAAAAA/Fe_ZacCxxaw/s44-p-k-no-ns-nd/photo.jpg,,,True,108735378295794260830,Gong cha,https://www.google.com/maps/contrib/108735378295794260830,,,,,"https://www.google.com/maps/place/Gong+cha/@40.7501065,-73.99318389999999,14z/data=!4m8!1m2!2m1!1sGong+cha!3m4!1s0x89c2590b0984001f:0x162f5edaffb72eea!8m2!3d40.7501065!4d-73.99318389999999","https://www.google.com/maps/place/Gong+cha/@40.7501065,-73.99318389999999,13.99z/data=!4m16!1m7!3m6!1s0x89c2590b0984001f:0x162f5edaffb72eea!2sGong+cha!8m2!3d40.7501065!4d-73.99318389999999!16s%2Fg%2F11ckvg1dmb!3m7!1s0x89c2590b0984001f:0x162f5edaffb72eea!8m2!3d40.7501065!4d-73.99318389999999!9m1!1b1!16s%2Fg%2F11ckvg1dmb?entry=ttu",ChIJHwCECQtZwokR6i63_9peLxY,0x89c2590b0984001f:0x162f5edaffb72eea,1598600687425892074,/g/11l2_sjypl,1598600687425892074,,inquiries@gongchausa.com,RECEIVING,SMTP validated,Anchal Lamba,Anchal,Lamba,Managing Member,12123982716,anchal@gongchausa.com,RECEIVING,SMTP validated,Anchal Lamba,Anchal,Lamba,President,15163839000,rborgia@gongchausa.com,INVALID,Invalid SMTP,Robert Borgia,Robert,Borgia,Could Not Locate,15167496919,5168135642,15624748745,14697099380,https://www.facebook.com/gongchatea/,http://instagram.com/gongchatea,https://www.linkedin.com/company/gong-cha,https://www.tiktok.com/@gongcha.bubbletea,,,,,,,https://twitter.com/gongchatea,,,,,New Jersey – Jersey City - Gong cha,All in One SEO (AIOSEO) 4.7.7.2,Premium Quality Bubble Tea,,False,False
"bubble tea store, 10123, New York, NY, US",BOBA KAFE,Boba Kafe,https://www.bobakafe.com/,Bubble tea store,Bubble tea store,Bubble tea store,+1 212-313-9599,"TRYP WYNDHAM HOTEL, 345 W 35th St, New York, NY 10001",Manhattan,"TRYP WYNDHAM HOTEL, 345 W 35th St",New York,10001,New York,New York,United States of America,US,40.753779099999996,-73.9946197,892a10725afffff,America/New_York,,False,3.5,2,"https://search.google.com/local/reviews?placeid=ChIJL85TXT9ZwokRbG6tOSSa42E&q=bubble+tea+store,+10123,+New+York,+NY,+US&authuser=0&hl=en&gl=US",,,0.0,0.0,1.0,1.0,0.0,5,https://lh3.googleusercontent.com/p/AF1QipOqQJtDgolIncQQPofuzI7Z_Dnpq1UlUZsrtIW_=w800-h500-k-no,https://lh3.googleusercontent.com/p/AF1QipOqQJtDgolIncQQPofuzI7Z_Dnpq1UlUZsrtIW_=w1600-h1000-k-no,,"{""Monday"": ""12-9PM"", ""Tuesday"": ""12-9PM"", ""Wednesday"": ""12-9PM"", ""Thursday"": ""12-9PM"", ""Friday"": ""12-9PM"", ""Saturday"": ""12-9PM"", ""Sunday"": ""12-9PM""}",Monday:12-9PM|Tuesday:12-9PM|Wednesday:12-9PM|Thursday:12-9PM|Friday:12-9PM|Saturday:12-9PM|Sunday:12-9PM,,,OPERATIONAL,"{""From the business"": {""Identifies as Asian-owned"": true}, ""Service options"": {""No-contact delivery"": true, ""Delivery"": true, ""Takeout"": true, ""Dine-in"": true}, ""Highlights"": {""Great tea selection"": true}, ""Accessibility"": {""Wheelchair accessible parking lot"": false}, ""Parking"": {""Paid parking garage"": true, ""Paid parking lot"": true}, ""Other"": {""Identifies as Asian-owned"": true}}",$,,https://lh6.googleusercontent.com/-2kkawaO6-5A/AAAAAAAAAAI/AAAAAAAAAAA/vUS578gEBUw/s44-p-k-no-ns-nd/photo.jpg,,,True,113943519744894690542,BOBA KAFE,https://www.google.com/maps/contrib/113943519744894690542,,,,,"https://www.google.com/maps/place/BOBA+KAFE/@40.753779099999996,-73.9946197,14z/data=!4m8!1m2!2m1!1sBOBA+KAFE!3m4!1s0x89c2593f5d53ce2f:0x61e39a2439ad6e6c!8m2!3d40.753779099999996!4d-73.9946197","https://www.google.com/maps/place/BOBA+KAFE/@40.753779099999996,-73.9946197,13.99z/data=!4m16!1m7!3m6!1s0x89c2593f5d53ce2f:0x61e39a2439ad6e6c!2sBOBA+KAFE!8m2!3d40.753779099999996!4d-73.9946197!16s%2Fg%2F11ckvg1dmb!3m7!1s0x89c2593f5d53ce2f:0x61e39a2439ad6e6c!8m2!3d40.753779099999996!4d-73.9946197!9m1!1b1!16s%2Fg%2F11ckvg1dmb?entry=ttu",ChIJL85TXT9ZwokRbG6tOSSa42E,0x89c2593f5d53ce2f:0x61e39a2439ad6e6c,7053650921769496172,/g/11skc_ybnd,7053650921769496172,,order@bobakafe.com,RECEIVING,SMTP validated,,,,,,,,,,,,,,,,,,,,,,,,,,,,,,,,,,,,,,,,HOME | Boba Kafe,Wix.com Website Builder,,,False,False
"bubble tea store, 10123, New York, NY, US",I’Milky (Midtown),I’Milky Midtown,http://www.imilkyusa.com/,Bubble tea store,Bubble tea store,Bubble tea store,+1 212-239-6712,"992 6th Ave, New York, NY 10018",Manhattan,992 6th Ave,New York,10018,New York,New York,United States of America,US,40.751434499999995,-73.98622739999999,892a100d2d7ffff,America/New_York,,False,4.5,727,"https://search.google.com/local/reviews?placeid=ChIJYStirPNZwokR9AhcS-5uKys&q=bubble+tea+store,+10123,+New+York,+NY,+US&authuser=0&hl=en&gl=US",,,26.0,18.0,52.0,117.0,514.0,1144,https://lh3.googleusercontent.com/gps-cs-s/AB5caB-r-_WV2swS3Af4X_aeWXIl_JAzgvRHE5R7aFf-c5z92qzRvEKWbJ_yl_emdvOi65teIEzRyfHkb-RB1jOfPnsmFdd8SKfFY3tOZnfVfqD9RHC3pM2rwwKW-XqwhbW1A069KAyGCQ=w800-h500-k-no,https://lh3.googleusercontent.com/gps-cs-s/AB5caB-r-_WV2swS3Af4X_aeWXIl_JAzgvRHE5R7aFf-c5z92qzRvEKWbJ_yl_emdvOi65teIEzRyfHkb-RB1jOfPnsmFdd8SKfFY3tOZnfVfqD9RHC3pM2rwwKW-XqwhbW1A069KAyGCQ=w1600-h1000-k-no,,"{""Monday"": ""11:30AM-9PM"", ""Tuesday"": ""11:30AM-9PM"", ""Wednesday"": ""11:30AM-9PM"", ""Thursday"": ""11:30AM-9PM"", ""Friday"": ""11:30AM-10PM"", ""Saturday"": ""12-10PM"", ""Sunday"": ""12-9PM""}",Monday:11:30AM-9PM|Tuesday:11:30AM-9PM|Wednesday:11:30AM-9PM|Thursday:11:30AM-9PM|Friday:11:30AM-10PM|Saturday:12-10PM|Sunday:12-9PM,,,OPERATIONAL,"{""From the business"": {""Identifies as women-owned"": true}, ""Service options"": {""Delivery"": true, ""Onsite services"": true, ""Takeout"": true, ""Dine-in"": true}, ""Highlights"": {""Great tea selection"": true}, ""Accessibility"": {""Wheelchair accessible entrance"": true, ""Wheelchair accessible parking lot"": false}, ""Other"": {""Identifies as women-owned"": true}}",$,,https://lh3.googleusercontent.com/-dcM8ObGycys/AAAAAAAAAAI/AAAAAAAAAAA/0O1fH_utqN4/s44-p-k-no-ns-nd/photo.jpg,Colorful bubble teas in a variety of flavors & snacks are served in a casual space.,,True,107602983157714207793,I’Milky 沐白 - Midtown,https://www.google.com/maps/contrib/107602983157714207793,,"https://www.google.com/viewer/chooseprovider?mid=/g/11fnb2d778&g2lbs=AAEPWCsns_k5yCXg8-__pJBf4S59pj4JVXZuZJhRls5jzu6pDYe2r9rKHobaQsSzFlhlcT2dkcryYYQ1GVjs1j17wDGKF4RDQQ%3D%3D&hl=en-US&gl=us&fo_m=MfohQo559jFvMUOzJVpjPL1YMfZ3bInYwBDuMfaXTPp5KXh-&utm_source=tactile&gei=aWgJaIO-GuuMseMP5_q5qAw&ei=aWgJaIO-GuuMseMP5_q5qAw&fo_s=OA,SOE&opi=79508299&ebb=1&cs=0&foub=mcpp",,,"https://www.google.com/maps/place/I%E2%80%99Milky+%E6%B2%90%E7%99%BD+-+Midtown/@40.751434499999995,-73.98622739999999,14z/data=!4m8!1m2!2m1!1sI%E2%80%99Milky+%E6%B2%90%E7%99%BD+-+Midtown!3m4!1s0x89c259f3ac622b61:0x2b2b6eee4b5c08f4!8m2!3d40.751434499999995!4d-73.98622739999999","https://www.google.com/maps/place/I%E2%80%99Milky+%E6%B2%90%E7%99%BD+-+Midtown/@40.751434499999995,-73.98622739999999,13.99z/data=!4m16!1m7!3m6!1s0x89c259f3ac622b61:0x2b2b6eee4b5c08f4!2sI%E2%80%99Milky+%E6%B2%90%E7%99%BD+-+Midtown!8m2!3d40.751434499999995!4d-73.98622739999999!16s%2Fg%2F11ckvg1dmb!3m7!1s0x89c259f3ac622b61:0x2b2b6eee4b5c08f4!8m2!3d40.751434499999995!4d-73.98622739999999!9m1!1b1!16s%2Fg%2F11ckvg1dmb?entry=ttu",ChIJYStirPNZwokR9AhcS-5uKys,0x89c259f3ac622b61:0x2b2b6eee4b5c08f4,3110701937375054068,/g/11fnb2d778,3110701937375054068,,imilkycorp@gmail.com,RECEIVING,SMTP validated,,,,,,,,,,,,,,,,,,,,,,15854217795,,,https://www.facebook.com/imilky.ny.usa/,https://www.instagram.com/imilky.ny.usa,,,,,,,,,,,,,,I Milky - Best Bubble Tea,,,,,
"bubble tea store, 10123, New York, NY, US",Xing Fu Tang,Xing Fu Tang,https://xingfutang.com/,Bubble tea store,Bubble tea store,Bubble tea store,+1 646-360-3650,"325 5th Ave, New York, NY 10016",Manhattan,325 5th Ave,New York,10016,New York,New York,United States of America,US,40.7474382,-73.9850675,892a100d28bffff,America/New_York,,False,4.5,200,"https://search.google.com/local/reviews?placeid=ChIJD-zLpKtZwokRDCCsLEhGk7M&q=bubble+tea+store,+10123,+New+York,+NY,+US&authuser=0&hl=en&gl=US",,,15.0,4.0,7.0,13.0,161.0,221,https://lh3.googleusercontent.com/gps-cs-s/AB5caB-d6I5TcE92PAE7efaPjAEKNhjr4NFqF2c_8EOp7o3gmi4Yp5cMmqgRvXcIoJBu4ieBUc9I7ecIy5n-DFkfo0oyRyHZ1CBAnf41-ncNnThB6tUMn85HKU498l0j2qdsmbLfuM6fdA=w800-h500-k-no,https://lh3.googleusercontent.com/gps-cs-s/AB5caB-d6I5TcE92PAE7efaPjAEKNhjr4NFqF2c_8EOp7o3gmi4Yp5cMmqgRvXcIoJBu4ieBUc9I7ecIy5n-DFkfo0oyRyHZ1CBAnf41-ncNnThB6tUMn85HKU498l0j2qdsmbLfuM6fdA=w1600-h1000-k-no,,"{""Monday"": ""12-10:30PM"", ""Tuesday"": ""12-10:30PM"", ""Wednesday"": ""12-10:30PM"", ""Thursday"": ""12-10:30PM"", ""Friday"": ""12-11:30PM"", ""Saturday"": ""11AM-11:30PM"", ""Sunday"": ""11AM-10:30PM""}",Monday:12-10:30PM|Tuesday:12-10:30PM|Wednesday:12-10:30PM|Thursday:12-10:30PM|Friday:12-11:30PM|Saturday:11AM-11:30PM|Sunday:11AM-10:30PM,,,OPERATIONAL,"{""From the business"": {""Identifies as Asian-owned"": true}, ""Service options"": {""Delivery"": true, ""Onsite services"": true, ""Takeout"": true, ""Dine-in"": true}, ""Highlights"": {""Great tea selection"": true}, ""Accessibility"": {""Wheelchair accessible entrance"": true, ""Wheelchair accessible restroom"": true, ""Wheelchair accessible seating"": true, ""Wheelchair accessible parking lot"": false}, ""Other"": {""Identifies as Asian-owned"": true}}",,,https://lh3.googleusercontent.com/-u3B-L0riFHM/AAAAAAAAAAI/AAAAAAAAAAA/Tra2UKoRD2I/s44-p-k-no-ns-nd/photo.jpg,,,True,114953362942253060399,Xing Fu Tang,https://www.google.com/maps/contrib/114953362942253060399,,"https://www.google.com/viewer/chooseprovider?mid=/g/11y6kj53p4&g2lbs=AAEPWCspIZELucgV-FUmxCMypRIqDM2VguC-vNFVDjBkKvfAjYboM_pMA8boXeI6puZMMh6_1B4UiB7eWUuevuRkK8jB-MLhyg%3D%3D&hl=en-US&gl=us&fo_m=MfohQo559jFvMUOzJVpjPL1YMfZ3bInYwBDuMfaXTPp5KXh-&utm_source=tactile&gei=amgJaPCOGNmL9u8P6Lau-QU&ei=amgJaPCOGNmL9u8P6Lau-QU&fo_s=OA,SOE&opi=79508299&ebb=1&cs=0&foub=mcpp",,,"https://www.google.com/maps/place/Xing+Fu+Tang/@40.7474382,-73.9850675,14z/data=!4m8!1m2!2m1!1sXing+Fu+Tang!3m4!1s0x89c259aba4cbec0f:0xb39346482cac200c!8m2!3d40.7474382!4d-73.9850675","https://www.google.com/maps/place/Xing+Fu+Tang/@40.7474382,-73.9850675,13.99z/data=!4m16!1m7!3m6!1s0x89c259aba4cbec0f:0xb39346482cac200c!2sXing+Fu+Tang!8m2!3d40.7474382!4d-73.9850675!16s%2Fg%2F11ckvg1dmb!3m7!1s0x89c259aba4cbec0f:0xb39346482cac200c!8m2!3d40.7474382!4d-73.9850675!9m1!1b1!16s%2Fg%2F11ckvg1dmb?entry=ttu",ChIJD-zLpKtZwokRDCCsLEhGk7M,0x89c259aba4cbec0f:0xb39346482cac200c,12939763430166634508,/g/11y6kj53p4,-5506980643542917108,,info@xingfutang.com,RECEIVING,SMTP validated,,,,,,info@xingfutang.com.com,RECEIVING,SMTP validated,,,,,,,,,,,,,,16466554443,442072878310,,https://www.facebook.com/100584102361637,https://www.instagram.com/xingfutangusa,,,,,,,,,,,,,,XING FU TANG | 幸福堂 | Taiwan's No.1 Boba,,"Xing Fu Tang, 幸福堂, is bringing the best handmade caramelized brown sugar 
boba from Taiwan to the United States! With choices from Brown Sugar Boba 
Milk, Milk tea, Soft Serve, Dalgona, and a wide variety of fruit teas and 
specialty drinks, you will certainly experience happiness in every cup.",,False,False
"bubble tea store, 10123, New York, NY, US",Chun Yang Tea (Tribeca),Chun Yang Tea Tribeca,https://www.instagram.com/chunyangtea_tribeca/?hl=en,Bubble tea store,Bubble tea store,Bubble tea store,+1 212-419-1515,"107A Chambers St, New York, NY 10007",Manhattan,107A Chambers St,New York,10007,New York,New York,United States of America,US,40.7151698,-74.0082018,892a1072c67ffff,America/New_York,,False,4.8,319,"https://search.google.com/local/reviews?placeid=ChIJLyGa_stbwokRlHLZspk4fy4&q=bubble+tea+store,+10123,+New+York,+NY,+US&authuser=0&hl=en&gl=US",,,10.0,3.0,6.0,17.0,283.0,290,https://lh3.googleusercontent.com/gps-cs-s/AB5caB_8omYotOt-7_aclpD1SwJNlh8-Igx8YYNCAVUVVaEwH4bx_PCZC_1iu_wmp-j2NPZlBVtlvNZ8UHOoZ4rMHUfBnCK2iAXFg3zq-iMi1TOr4tfoh1xZ5kkS7TOwwtpdE08H0dzp=w800-h500-k-no,https://lh3.googleusercontent.com/gps-cs-s/AB5caB_8omYotOt-7_aclpD1SwJNlh8-Igx8YYNCAVUVVaEwH4bx_PCZC_1iu_wmp-j2NPZlBVtlvNZ8UHOoZ4rMHUfBnCK2iAXFg3zq-iMi1TOr4tfoh1xZ5kkS7TOwwtpdE08H0dzp=w1600-h1000-k-no,,"{""Monday"": ""10AM-8PM"", ""Tuesday"": ""10AM-8PM"", ""Wednesday"": ""10AM-8PM"", ""Thursday"": ""10AM-8PM"", ""Friday"": ""10AM-9PM"", ""Saturday"": ""10AM-8PM"", ""Sunday"": ""11AM-8PM""}",Monday:10AM-8PM|Tuesday:10AM-8PM|Wednesday:10AM-8PM|Thursday:10AM-8PM|Friday:10AM-9PM|Saturday:10AM-8PM|Sunday:11AM-8PM,,,OPERATIONAL,"{""Service options"": {""No-contact delivery"": true, ""Delivery"": true, ""Onsite services"": true, ""Takeout"": true, ""Dine-in"": true}, ""Highlights"": {""Great tea selection"": true}, ""Accessibility"": {""Wheelchair accessible parking lot"": false}}",$,,https://lh5.googleusercontent.com/-fglAqcmX4kA/AAAAAAAAAAI/AAAAAAAAAAA/soGsH92z5n0/s44-p-k-no-ns-nd/photo.jpg,,,True,104138202894500490731,Chun Yang Tea Tribeca,https://www.google.com/maps/contrib/104138202894500490731,,"https://www.google.com/viewer/chooseprovider?mid=/g/11sxq5klxk&g2lbs=AAEPWCueMQtes26IhJdL9dUGRVgAivqhKWn22jkxmEvdDuBoNVu2Jv7NhZk8CIlBFhbgKV1blDowMEdrbzkawai0TB3HOu5-uA%3D%3D&hl=en-US&gl=us&fo_m=MfohQo559jFvMUOzJVpjPL1YMfZ3bInYwBDuMfaXTPp5KXh-&utm_source=tactile&gei=amgJaPCOGNmL9u8P6Lau-QU&ei=amgJaPCOGNmL9u8P6Lau-QU&fo_s=OA,SOE&opi=79508299&ebb=1&cs=0&foub=mcpp",,,"https://www.google.com/maps/place/Chun+Yang+Tea+Tribeca/@40.7151698,-74.0082018,14z/data=!4m8!1m2!2m1!1sChun+Yang+Tea+Tribeca!3m4!1s0x89c25bcbfe9a212f:0x2e7f3899b2d97294!8m2!3d40.7151698!4d-74.0082018","https://www.google.com/maps/place/Chun+Yang+Tea+Tribeca/@40.7151698,-74.0082018,13.99z/data=!4m16!1m7!3m6!1s0x89c25bcbfe9a212f:0x2e7f3899b2d97294!2sChun+Yang+Tea+Tribeca!8m2!3d40.7151698!4d-74.0082018!16s%2Fg%2F11ckvg1dmb!3m7!1s0x89c25bcbfe9a212f:0x2e7f3899b2d97294!8m2!3d40.7151698!4d-74.0082018!9m1!1b1!16s%2Fg%2F11ckvg1dmb?entry=ttu",ChIJLyGa_stbwokRlHLZspk4fy4,0x89c25bcbfe9a212f:0x2e7f3899b2d97294,3350458880568685204,/g/11sxq5klxk,3350458880568685204,,chunyangtribeca@gmail.com,RECEIVING,SMTP validated,,,,,,,,,,,,,,,,,,,,,,12124191515,,,https://www.facebook.com/chunyangteatribeca/,,,,,,,,,,,,,,,,,,,,
"bubble tea store, 10123, New York, NY, US",Xing Fu Tang,Xing Fu Tang,http://www.xingfutang.com/,Bubble tea store,Bubble tea store,Bubble tea store,+1 332-266-6887,"20 Hudson Yards, New York, NY 10001",Manhattan,20 Hudson Yards,New York,10001,New York,New York,United States of America,US,40.753393599999995,-74.001055,892a1072523ffff,America/New_York,,False,4.1,310,"https://search.google.com/local/reviews?placeid=ChIJv0lGybZZwokRLOFbzWWQUfs&q=bubble+tea+store,+10123,+New+York,+NY,+US&authuser=0&hl=en&gl=US",,,32.0,22.0,19.0,33.0,204.0,322,https://lh3.googleusercontent.com/gps-cs-s/AB5caB95o1StQ00rkx2-PAGC7kijoHNoKQWVtJr4_IWXwBQ1Dklh7j7OT3gWsy0jnScSBPBipW6dv1VTIkfavnQG4ouynNOUqay39qPp2VnooP2whaEPsuoV3E-ltb9KBmjEDVZqJI2E=w800-h500-k-no,https://lh3.googleusercontent.com/gps-cs-s/AB5caB95o1StQ00rkx2-PAGC7kijoHNoKQWVtJr4_IWXwBQ1Dklh7j7OT3gWsy0jnScSBPBipW6dv1VTIkfavnQG4ouynNOUqay39qPp2VnooP2whaEPsuoV3E-ltb9KBmjEDVZqJI2E=w1600-h1000-k-no,,"{""Monday"": ""11AM-8PM"", ""Tuesday"": ""11AM-8PM"", ""Wednesday"": ""11AM-8PM"", ""Thursday"": ""11AM-8PM"", ""Friday"": ""11AM-8PM"", ""Saturday"": ""11AM-9PM"", ""Sunday"": ""11AM-8PM""}",Monday:11AM-8PM|Tuesday:11AM-8PM|Wednesday:11AM-8PM|Thursday:11AM-8PM|Friday:11AM-8PM|Saturday:11AM-9PM|Sunday:11AM-8PM,,,OPERATIONAL,"{""Service options"": {""Delivery"": true, ""Onsite services"": true, ""Takeout"": true, ""Dine-in"": true}, ""Highlights"": {""Great tea selection"": true}, ""Accessibility"": {""Wheelchair accessible restroom"": true, ""Wheelchair accessible parking lot"": false}, ""Crowd"": {""LGBTQ+ friendly"": true, ""Transgender safespace"": true}, ""Other"": {""LGBTQ+ friendly"": true}}",$,,https://lh4.googleusercontent.com/-7jpdZQA9mMQ/AAAAAAAAAAI/AAAAAAAAAAA/DTeknAnvyjk/s44-p-k-no-ns-nd/photo.jpg,,,True,114982637712846240075,Xing Fu Tang,https://www.google.com/maps/contrib/114982637712846240075,,"https://www.google.com/viewer/chooseprovider?mid=/g/11tx_y5hs4&g2lbs=AAEPWCuI87OKTTpXCzKavicAOPrUB_JbCTBLxeSAOjWMi_uqa7OCB6HIcuFBmGOUmpWxqkUfV_TM2R-ntiL-blr-aqqp7hFVIw%3D%3D&hl=en-US&gl=us&fo_m=MfohQo559jFvMUOzJVpjPL1YMfZ3bInYwBDuMfaXTPp5KXh-&utm_source=tactile&gei=amgJaPCOGNmL9u8P6Lau-QU&ei=amgJaPCOGNmL9u8P6Lau-QU&fo_s=OA,SOE&opi=79508299&ebb=1&cs=0&foub=mcpp",,,"https://www.google.com/maps/place/Xing+Fu+Tang/@40.753393599999995,-74.001055,14z/data=!4m8!1m2!2m1!1sXing+Fu+Tang!3m4!1s0x89c259b6c94649bf:0xfb519065cd5be12c!8m2!3d40.753393599999995!4d-74.001055","https://www.google.com/maps/place/Xing+Fu+Tang/@40.753393599999995,-74.001055,13.99z/data=!4m16!1m7!3m6!1s0x89c259b6c94649bf:0xfb519065cd5be12c!2sXing+Fu+Tang!8m2!3d40.753393599999995!4d-74.001055!16s%2Fg%2F11ckvg1dmb!3m7!1s0x89c259b6c94649bf:0xfb519065cd5be12c!8m2!3d40.753393599999995!4d-74.001055!9m1!1b1!16s%2Fg%2F11ckvg1dmb?entry=ttu",ChIJv0lGybZZwokRLOFbzWWQUfs,0x89c259b6c94649bf:0xfb519065cd5be12c,18109414343544922412,/g/11tx_y5hs4,-337329730164629204,,info@xingfutang.com,RECEIVING,SMTP validated,,,,,,info@xingfutang.com.com,RECEIVING,SMTP validated,,,,,,,,,,,,,,16466554443,442072878310,,https://www.facebook.com/100584102361637,https://www.instagram.com/xingfutangusa,,,,,,,,,,,,,,XING FU TANG | 幸福堂 | Taiwan's No.1 Boba,,"Xing Fu Tang, 幸福堂, is bringing the best handmade caramelized brown sugar 
boba from Taiwan to the United States! With choices from Brown Sugar Boba 
Milk, Milk tea, Soft Serve, Dalgona, and a wide variety of fruit teas and 
specialty drinks, you will certainly experience happiness in every cup.",,False,False
"bubble tea store, 10123, New York, NY, US",Tiger Sugar,Tiger Sugar,https://tigersugar.co/,Bubble tea store,Bubble tea store,Bubble tea store,+1 646-590-6299,"197 Canal St, New York, NY 10013",Manhattan,197 Canal St,New York,10013,New York,New York,United States of America,US,40.7171709,-73.9981912,892a1072c33ffff,America/New_York,,False,4.3,898,"https://search.google.com/local/reviews?placeid=ChIJ9QCLCbxbwokRo3uiI3g5IrE&q=bubble+tea+store,+10123,+New+York,+NY,+US&authuser=0&hl=en&gl=US",,,59.0,18.0,66.0,187.0,568.0,1117,https://lh3.googleusercontent.com/gps-cs-s/AB5caB9-yX3Kb2N4H7zDj_cAMkVV_l_TdQh1Wi16agC9aoK6n1vYYewQoXkJsa7D5JLbw0LFRSLIgLKqrGYzOxFMteeIm1XRNas_cRNvr_AS_UaP7yNOiPx9L3ESdAUkJBnHOgXiKovt=w800-h500-k-no,https://lh3.googleusercontent.com/gps-cs-s/AB5caB9-yX3Kb2N4H7zDj_cAMkVV_l_TdQh1Wi16agC9aoK6n1vYYewQoXkJsa7D5JLbw0LFRSLIgLKqrGYzOxFMteeIm1XRNas_cRNvr_AS_UaP7yNOiPx9L3ESdAUkJBnHOgXiKovt=w1600-h1000-k-no,,"{""Monday"": ""11:30AM-8:30PM"", ""Tuesday"": ""11:30AM-8:30PM"", ""Wednesday"": ""11:30AM-8:30PM"", ""Thursday"": ""11:30AM-8:30PM"", ""Friday"": ""11AM-9PM"", ""Saturday"": ""11AM-9PM"", ""Sunday"": ""11AM-9PM""}",Monday:11:30AM-8:30PM|Tuesday:11:30AM-8:30PM|Wednesday:11:30AM-8:30PM|Thursday:11:30AM-8:30PM|Friday:11AM-9PM|Saturday:11AM-9PM|Sunday:11AM-9PM,,,OPERATIONAL,"{""Service options"": {""No-contact delivery"": true, ""Delivery"": true, ""Onsite services"": true, ""Takeout"": true, ""Dine-in"": true}, ""Highlights"": {""Great tea selection"": true}, ""Accessibility"": {""Wheelchair accessible entrance"": true, ""Wheelchair accessible parking lot"": false}}",$,,https://lh4.googleusercontent.com/-WZd3cCt2MVE/AAAAAAAAAAI/AAAAAAAAAAA/rB88JVANrbc/s44-p-k-no-ns-nd/photo.jpg,,,True,104235504188459728601,Tiger Sugar,https://www.google.com/maps/contrib/104235504188459728601,,"https://www.google.com/viewer/chooseprovider?mid=/g/11h_1z9jhw&g2lbs=AAEPWCsyghIm_2QYSZPRPHbvJSduRp8u4Jofgx1vVs1_C3VhyUpa7XNLYSmBKaCGf6z33QFlYDZeQVIjIV_KhPsZMY89PB3uXg%3D%3D&hl=en-US&gl=us&fo_m=MfohQo559jFvMUOzJVpjPL1YMfZ3bInYwBDuMfaXTPp5KXh-&utm_source=tactile&gei=amgJaPCOGNmL9u8P6Lau-QU&ei=amgJaPCOGNmL9u8P6Lau-QU&fo_s=OA,SOE&opi=79508299&ebb=1&cs=0&foub=mcpp",,,"https://www.google.com/maps/place/Tiger+Sugar/@40.7171709,-73.9981912,14z/data=!4m8!1m2!2m1!1sTiger+Sugar!3m4!1s0x89c25bbc098b00f5:0xb122397823a27ba3!8m2!3d40.7171709!4d-73.9981912","https://www.google.com/maps/place/Tiger+Sugar/@40.7171709,-73.9981912,13.99z/data=!4m16!1m7!3m6!1s0x89c25bbc098b00f5:0xb122397823a27ba3!2sTiger+Sugar!8m2!3d40.7171709!4d-73.9981912!16s%2Fg%2F11ckvg1dmb!3m7!1s0x89c25bbc098b00f5:0xb122397823a27ba3!8m2!3d40.7171709!4d-73.9981912!9m1!1b1!16s%2Fg%2F11ckvg1dmb?entry=ttu",ChIJ9QCLCbxbwokRo3uiI3g5IrE,0x89c25bbc098b00f5:0xb122397823a27ba3,12763827482078116771,/g/11h_1z9jhw,-5682916591631434845,,info@tigersugar.co,RECEIVING,SMTP validated,,,,,,,,,,,,,,,,,,,,,,16509356666,13478783883,17205832192,https://www.facebook.com/tigersugarusa,https://instagram.com/tigersugar.usa,,,,,,,,,,,,,,TIGER SUGAR | Black Sugar Bubble Tea,,TIGER SUGAR has grown into an undisputed cult brand of Boba worldwide. Our drinks not only taste good but tell our unique story with “tiger stripes” that are infused onto all our drinks with unique hand-poured syrups.,,False,False
"bubble tea store, 10123, New York, NY, US",Miss Du's Tea Shop,Miss Dus Tea Shop,http://missdutea.com/,"Bubble tea store, Tea house",Tea house,Bubble tea store,+1 646-923-3093,"33 Pell St, New York, NY 10013",Manhattan,33 Pell St,New York,10013,New York,New York,United States of America,US,40.714836299999995,-73.9986098,892a1072c23ffff,America/New_York,,False,4.3,350,"https://search.google.com/local/reviews?placeid=ChIJS5taS8RbwokRfPkk5tbWbqw&q=bubble+tea+store,+10123,+New+York,+NY,+US&authuser=0&hl=en&gl=US",,,27.0,18.0,23.0,43.0,239.0,549,https://lh3.googleusercontent.com/gps-cs-s/AB5caB-I58q9Wy3w9Lv3VVwy86FLiWsNccZ2jzFuhlU8w6e9ITqVUEKYcua50oFrcwsGNZZJ9FKa__PqUjEo_anBUBl42XtQ5oy0wHPctkfARLz53bmRRLYvkp8vFQi2bMLxyHBf0NBXGw=w800-h500-k-no,https://lh3.googleusercontent.com/gps-cs-s/AB5caB-I58q9Wy3w9Lv3VVwy86FLiWsNccZ2jzFuhlU8w6e9ITqVUEKYcua50oFrcwsGNZZJ9FKa__PqUjEo_anBUBl42XtQ5oy0wHPctkfARLz53bmRRLYvkp8vFQi2bMLxyHBf0NBXGw=w1600-h1000-k-no,,"{""Monday"": ""11:30AM-9PM"", ""Tuesday"": ""11:30AM-9PM"", ""Wednesday"": ""11:30AM-9PM"", ""Thursday"": ""11:30AM-9PM"", ""Friday"": ""11:30AM-9:30PM"", ""Saturday"": ""11AM-9:30PM"", ""Sunday"": ""11AM-9PM""}",Monday:11:30AM-9PM|Tuesday:11:30AM-9PM|Wednesday:11:30AM-9PM|Thursday:11:30AM-9PM|Friday:11:30AM-9:30PM|Saturday:11AM-9:30PM|Sunday:11AM-9PM,,,OPERATIONAL,"{""Service options"": {""No-contact delivery"": true, ""Delivery"": true, ""Onsite services"": true, ""Takeout"": true, ""Dine-in"": true}, ""Highlights"": {""Great tea selection"": true}, ""Accessibility"": {""Wheelchair accessible parking lot"": false}}",$$,,https://lh5.googleusercontent.com/-GOMgvQJEp0Q/AAAAAAAAAAI/AAAAAAAAAAA/xBShTM4Xfm8/s44-p-k-no-ns-nd/photo.jpg,,,True,115806170264981688484,Miss Du's Tea Shop,https://www.google.com/maps/contrib/115806170264981688484,,"https://www.google.com/viewer/chooseprovider?mid=/g/11q29yq912&g2lbs=AAEPWCusZnJlCgIrQEyB-CyycCy8NK04La2vL1cCHQWbYf1X9YOqrrDDuojvmyezN9FywGuh2bmxamWK1uo1PiEQ6pBuSmUvbw%3D%3D&hl=en-US&gl=us&fo_m=MfohQo559jFvMUOzJVpjPL1YMfZ3bInYwBDuMfaXTPp5KXh-&utm_source=tactile&gei=amgJaPCOGNmL9u8P6Lau-QU&ei=amgJaPCOGNmL9u8P6Lau-QU&fo_s=OA,SOE&opi=79508299&ebb=1&cs=0&foub=mcpp",,,"https://www.google.com/maps/place/Miss+Du%27s+Tea+Shop/@40.714836299999995,-73.9986098,14z/data=!4m8!1m2!2m1!1sMiss+Du%27s+Tea+Shop!3m4!1s0x89c25bc44b5a9b4b:0xac6ed6d6e624f97c!8m2!3d40.714836299999995!4d-73.9986098","https://www.google.com/maps/place/Miss+Du%27s+Tea+Shop/@40.714836299999995,-73.9986098,13.99z/data=!4m16!1m7!3m6!1s0x89c25bc44b5a9b4b:0xac6ed6d6e624f97c!2sMiss+Du%27s+Tea+Shop!8m2!3d40.714836299999995!4d-73.9986098!16s%2Fg%2F11ckvg1dmb!3m7!1s0x89c25bc44b5a9b4b:0xac6ed6d6e624f97c!8m2!3d40.714836299999995!4d-73.9986098!9m1!1b1!16s%2Fg%2F11ckvg1dmb?entry=ttu",ChIJS5taS8RbwokRfPkk5tbWbqw,0x89c25bc44b5a9b4b:0xac6ed6d6e624f97c,12425104640434305404,/g/11q29yq912,-6021639433275246212,,,,,,,,,,,,,,,,,,,,,,,,,,,,,,,,,,,,,,,,,,,,,Square Online,,,,
"bubble tea store, 10123, New York, NY, US",Laankee,Laankee,https://www.laankeenyc.com/,Bubble tea store,Bubble tea store,Bubble tea store,+1 917-656-1693,"79a Mott St, New York, NY 10013",Manhattan,79a Mott St,New York,10013,New York,New York,United States of America,US,40.7165463,-73.9981808,892a1072c33ffff,America/New_York,,False,4.0,92,"https://search.google.com/local/reviews?placeid=ChIJ4eCTSnxbwokRE05Hs_2fxxA&q=bubble+tea+store,+10123,+New+York,+NY,+US&authuser=0&hl=en&gl=US",,,14.0,6.0,5.0,6.0,61.0,281,https://lh3.googleusercontent.com/gps-cs-s/AB5caB-Jz5Bn3WAp2L2CU9sLtUfjsaqZKJK69DKJ_xhoUD3NzRvbXYT4DnQZsMOjUscAQFAc3DrqnIn-hcdECZ_tHhrgfcuMT00Mqx2o3xCb_nPTd81Oe59j19qZ0n06eqkLUZO5_F0P7Q=w800-h500-k-no,https://lh3.googleusercontent.com/gps-cs-s/AB5caB-Jz5Bn3WAp2L2CU9sLtUfjsaqZKJK69DKJ_xhoUD3NzRvbXYT4DnQZsMOjUscAQFAc3DrqnIn-hcdECZ_tHhrgfcuMT00Mqx2o3xCb_nPTd81Oe59j19qZ0n06eqkLUZO5_F0P7Q=w1600-h1000-k-no,,"{""Monday"": ""11AM-8PM"", ""Tuesday"": ""11AM-8PM"", ""Wednesday"": ""11AM-8PM"", ""Thursday"": ""11AM-8PM"", ""Friday"": ""11AM-8PM"", ""Saturday"": ""11AM-8PM"", ""Sunday"": ""11AM-8PM""}",Monday:11AM-8PM|Tuesday:11AM-8PM|Wednesday:11AM-8PM|Thursday:11AM-8PM|Friday:11AM-8PM|Saturday:11AM-8PM|Sunday:11AM-8PM,,,OPERATIONAL,"{""Service options"": {""Delivery"": true, ""Takeout"": true, ""Dine-in"": true}, ""Highlights"": {""Great tea selection"": true}, ""Accessibility"": {""Wheelchair accessible parking lot"": false}, ""Parking"": {""Paid street parking"": true}}",$,,https://lh3.googleusercontent.com/-vPVd-1ZDk-A/AAAAAAAAAAI/AAAAAAAAAAA/bM4vu47CQcY/s44-p-k-no-ns-nd/photo.jpg,,,True,107833469747763232809,Laankee,https://www.google.com/maps/contrib/107833469747763232809,,"https://www.google.com/viewer/chooseprovider?mid=/g/11vz47z2z0&g2lbs=AAEPWCt4UBPkVCiYVmR5rcrhh_5bdowt807E5Qut4Pb9RRRjm9joN92NHb8ZVNiAm7zQvwCqCwnKtUdgeLBSt02_nwjyPVZfjA%3D%3D&hl=en-US&gl=us&fo_m=MfohQo559jFvMUOzJVpjPL1YMfZ3bInYwBDuMfaXTPp5KXh-&utm_source=tactile&gei=amgJaPCOGNmL9u8P6Lau-QU&ei=amgJaPCOGNmL9u8P6Lau-QU&fo_s=OA,SOE&opi=79508299&ebb=1&cs=0&foub=mcpp",,,"https://www.google.com/maps/place/Laankee/@40.7165463,-73.9981808,14z/data=!4m8!1m2!2m1!1sLaankee!3m4!1s0x89c25b7c4a93e0e1:0x10c79ffdb3474e13!8m2!3d40.7165463!4d-73.9981808","https://www.google.com/maps/place/Laankee/@40.7165463,-73.9981808,13.99z/data=!4m16!1m7!3m6!1s0x89c25b7c4a93e0e1:0x10c79ffdb3474e13!2sLaankee!8m2!3d40.7165463!4d-73.9981808!16s%2Fg%2F11ckvg1dmb!3m7!1s0x89c25b7c4a93e0e1:0x10c79ffdb3474e13!8m2!3d40.7165463!4d-73.9981808!9m1!1b1!16s%2Fg%2F11ckvg1dmb?entry=ttu",ChIJ4eCTSnxbwokRE05Hs_2fxxA,0x89c25b7c4a93e0e1:0x10c79ffdb3474e13,1209110936955604499,/g/11vz47z2z0,1209110936955604499,,laankeeusa@gmail.com,RECEIVING,Verified,,,,,,,,,,,,,,,,,,,,,,,,,,,,,,,,,,,,,,,,"Laankee | Order Now | Authentic Hong Kong Drinks | New York, NY",Wix.com Website Builder,"Experience the charm of Hong Kong drinks at Laankee in New York, NY. Savor our natural and healthy traditional milk tea along with a variety of boba tea options. Located at 79 Mott St, New York, NY 10013, our restaurant offers a delightful experience with a focus on delivering the finest Hong Kong beverages in town.",,False,False
"bubble tea store, 10123, New York, NY, US",Gong Cha,Gong Cha,http://www.gongchausa.com/,"Bubble tea store, Tea house",Bubble tea store,Bubble tea store,+1 646-726-4940,"42 Mott St, New York, NY 10013",Manhattan,42 Mott St,New York,10013,New York,New York,United States of America,US,40.7152459,-73.99858979999999,892a1072c23ffff,America/New_York,,False,4.3,379,"https://search.google.com/local/reviews?placeid=ChIJj9erBSdawokRaa7oyCJfuYM&q=bubble+tea+store,+10123,+New+York,+NY,+US&authuser=0&hl=en&gl=US",,,20.0,6.0,27.0,99.0,227.0,490,https://lh3.googleusercontent.com/gps-cs-s/AB5caB970vQXl8SFT7a_Noz_OTREWHJzNfqCysQ4fUT7K9w0BmdmHmHdDJ8cxVzxFt42Y75PsYAD5oMCg2ihJwcBxXPJWGsTn7fgctEAInAOv66t4gBrkexZA9xFoaHi6leos1L5WvMW=w800-h500-k-no,https://lh3.googleusercontent.com/gps-cs-s/AB5caB970vQXl8SFT7a_Noz_OTREWHJzNfqCysQ4fUT7K9w0BmdmHmHdDJ8cxVzxFt42Y75PsYAD5oMCg2ihJwcBxXPJWGsTn7fgctEAInAOv66t4gBrkexZA9xFoaHi6leos1L5WvMW=w1600-h1000-k-no,,"{""Monday"": ""11AM-9PM"", ""Tuesday"": ""11AM-9PM"", ""Wednesday"": ""11AM-9PM"", ""Thursday"": ""11AM-9PM"", ""Friday"": ""11AM-9PM"", ""Saturday"": ""11AM-9PM"", ""Sunday"": ""11AM-9PM""}",Monday:11AM-9PM|Tuesday:11AM-9PM|Wednesday:11AM-9PM|Thursday:11AM-9PM|Friday:11AM-9PM|Saturday:11AM-9PM|Sunday:11AM-9PM,,,OPERATIONAL,"{""Service options"": {""Delivery"": true, ""Takeout"": true, ""Dine-in"": true}, ""Highlights"": {""Great tea selection"": true}, ""Accessibility"": {""Wheelchair accessible parking lot"": false}, ""Parking"": {""Paid street parking"": true}}",$,,https://lh6.googleusercontent.com/-swtavqfZY8A/AAAAAAAAAAI/AAAAAAAAAAA/LZrOGQAPrzY/s44-p-k-no-ns-nd/photo.jpg,,,True,101816522733696495812,Gong Cha,https://www.google.com/maps/contrib/101816522733696495812,,"https://www.google.com/viewer/chooseprovider?mid=/g/11cn2__kgf&g2lbs=AAEPWCt4bnCiqvEFaQjl5fa3ZxnqiKQdr0lA7eUdH9_6G5KUYqGy265Z2RBhRqWC8rOtMDr1Dkc7YFgYzRSKA6tAo2oV6D2wvA%3D%3D&hl=en-US&gl=us&fo_m=MfohQo559jFvMUOzJVpjPL1YMfZ3bInYwBDuMfaXTPp5KXh-&utm_source=tactile&gei=amgJaPCOGNmL9u8P6Lau-QU&ei=amgJaPCOGNmL9u8P6Lau-QU&fo_s=OA,SOE&opi=79508299&ebb=1&cs=0&foub=mcpp",,,"https://www.google.com/maps/place/Gong+Cha/@40.7152459,-73.99858979999999,14z/data=!4m8!1m2!2m1!1sGong+Cha!3m4!1s0x89c25a2705abd78f:0x83b95f22c8e8ae69!8m2!3d40.7152459!4d-73.99858979999999","https://www.google.com/maps/place/Gong+Cha/@40.7152459,-73.99858979999999,13.99z/data=!4m16!1m7!3m6!1s0x89c25a2705abd78f:0x83b95f22c8e8ae69!2sGong+Cha!8m2!3d40.7152459!4d-73.99858979999999!16s%2Fg%2F11ckvg1dmb!3m7!1s0x89c25a2705abd78f:0x83b95f22c8e8ae69!8m2!3d40.7152459!4d-73.99858979999999!9m1!1b1!16s%2Fg%2F11ckvg1dmb?entry=ttu",ChIJj9erBSdawokRaa7oyCJfuYM,0x89c25a2705abd78f:0x83b95f22c8e8ae69,9491722292664249961,/g/11cn2__kgf,-8955021781045301655,,inquiries@gongchausa.com,RECEIVING,SMTP validated,Anchal Lamba,Anchal,Lamba,Managing Member,12123982716,anchal@gongchausa.com,RECEIVING,SMTP validated,Anchal Lamba,Anchal,Lamba,President,15163839000,rborgia@gongchausa.com,INVALID,Invalid SMTP,Robert Borgia,Robert,Borgia,Could Not Locate,15167496919,5168135642,15624748745,14697099380,https://www.facebook.com/gongchatea/,http://instagram.com/gongchatea,https://www.linkedin.com/company/gong-cha,https://www.tiktok.com/@gongcha.bubbletea,,,,,,,https://twitter.com/gongchatea,,,,,New Jersey – Jersey City - Gong cha,All in One SEO (AIOSEO) 4.7.7.2,Premium Quality Bubble Tea,,False,False
"bubble tea store, 10123, New York, NY, US",Boba Whale,Boba Whale,http://bobawhale.com/,Bubble tea store,Bubble tea store,Bubble tea store,+1 646-707-3137,"1138 1st Ave, New York, NY 10065",Manhattan,1138 1st Ave,New York,10065,New York,New York,United States of America,US,40.761733,-73.9600969,892a100d6b3ffff,America/New_York,,False,4.6,133,"https://search.google.com/local/reviews?placeid=ChIJCRcWgu5ZwokR4t0EOtCecyM&q=bubble+tea+store,+10123,+New+York,+NY,+US&authuser=0&hl=en&gl=US",,,5.0,3.0,2.0,16.0,107.0,83,https://lh3.googleusercontent.com/gps-cs-s/AB5caB-RXYzdfiOsL1_a2HI_kn0UOF9qA5Li-vfJOsQVLBawR4N_8Buj912KMoZtTurxD5ZR8iajUR9z3roALtQdQeFvBz6-kgxir1P-yKTvP7mlXyk57DaL9JAW6Gvs3lnuqGDDNplsjg=w800-h500-k-no,https://lh3.googleusercontent.com/gps-cs-s/AB5caB-RXYzdfiOsL1_a2HI_kn0UOF9qA5Li-vfJOsQVLBawR4N_8Buj912KMoZtTurxD5ZR8iajUR9z3roALtQdQeFvBz6-kgxir1P-yKTvP7mlXyk57DaL9JAW6Gvs3lnuqGDDNplsjg=w1600-h1000-k-no,,"{""Monday"": ""11AM-11PM"", ""Tuesday"": ""11AM-11PM"", ""Wednesday"": ""11AM-11PM"", ""Thursday"": ""11AM-11PM"", ""Friday"": ""11AM-11PM"", ""Saturday"": ""11AM-11PM"", ""Sunday"": ""11AM-11PM""}",Monday:11AM-11PM|Tuesday:11AM-11PM|Wednesday:11AM-11PM|Thursday:11AM-11PM|Friday:11AM-11PM|Saturday:11AM-11PM|Sunday:11AM-11PM,,,OPERATIONAL,"{""From the business"": {""Identifies as Asian-owned"": true, ""Identifies as women-owned"": true}, ""Service options"": {""No-contact delivery"": true, ""Delivery"": true, ""Onsite services"": true, ""Takeout"": true, ""Dine-in"": true}, ""Highlights"": {""Great tea selection"": true}, ""Accessibility"": {""Assistive hearing loop"": false, ""Wheelchair accessible parking lot"": false, ""Wheelchair accessible restroom"": false, ""Wheelchair accessible seating"": false}, ""Parking"": {""Paid street parking"": true}, ""Other"": {""Identifies as women-owned"": true, ""Identifies as Asian-owned"": true}}",$,,https://lh6.googleusercontent.com/-W6kqfZ2GHAo/AAAAAAAAAAI/AAAAAAAAAAA/ANqADCUza3I/s44-p-k-no-ns-nd/photo.jpg,,,True,102005795576232053188,Boba Whale,https://www.google.com/maps/contrib/102005795576232053188,,"https://www.google.com/viewer/chooseprovider?mid=/g/11kprd6lnb&g2lbs=AAEPWCu5BB-Z-qe0FOyjYWKF9fJZGM_Vji6vUGePJKb94P1eUi31u7L6ib7QvaTs2BbuTf-a8tgoJFIuK4BOp4l3kJg4GnZNng%3D%3D&hl=en-US&gl=us&fo_m=MfohQo559jFvMUOzJVpjPL1YMfZ3bInYwBDuMfaXTPp5KXh-&utm_source=tactile&gei=amgJaPCOGNmL9u8P6Lau-QU&ei=amgJaPCOGNmL9u8P6Lau-QU&fo_s=OA,SOE&opi=79508299&ebb=1&cs=0&foub=mcpp",,,"https://www.google.com/maps/place/Boba+Whale/@40.761733,-73.9600969,14z/data=!4m8!1m2!2m1!1sBoba+Whale!3m4!1s0x89c259ee82161709:0x23739ed03a04dde2!8m2!3d40.761733!4d-73.9600969","https://www.google.com/maps/place/Boba+Whale/@40.761733,-73.9600969,13.99z/data=!4m16!1m7!3m6!1s0x89c259ee82161709:0x23739ed03a04dde2!2sBoba+Whale!8m2!3d40.761733!4d-73.9600969!16s%2Fg%2F11ckvg1dmb!3m7!1s0x89c259ee82161709:0x23739ed03a04dde2!8m2!3d40.761733!4d-73.9600969!9m1!1b1!16s%2Fg%2F11ckvg1dmb?entry=ttu",ChIJCRcWgu5ZwokR4t0EOtCecyM,0x89c259ee82161709:0x23739ed03a04dde2,2554560030812986850,/g/11kprd6lnb,2554560030812986850,,info@indiantypefoundry.com,RECEIVING,Role,,,,,,milenabbrandao@gmail.com,RECEIVING,Verified,,,,,,,,,,,,,,,,,,https://www.instagram.com/bobawhale.nyc,,,,,,,,,,,,https://github.com/JulietaUla/,,Boba Whale,Starfield Technologies; Go Daddy Website Builder 8.0.0000,,,False,False
"bubble tea store, 10123, New York, NY, US",Ho Ho Té,Ho Ho Té,https://www.instagram.com/hohotenyc/,Bubble tea store,Bubble tea store,Bubble tea store,+1 212-381-4933,"805 8th Ave, New York, NY 10019",Manhattan,805 8th Ave,New York,10019,New York,New York,United States of America,US,40.7615413,-73.9869958,892a100d64fffff,America/New_York,,False,4.1,262,"https://search.google.com/local/reviews?placeid=ChIJu0JFZuJZwokRcBcc9pVpxzk&q=bubble+tea+store,+10123,+New+York,+NY,+US&authuser=0&hl=en&gl=US",,,32.0,9.0,19.0,46.0,156.0,468,https://lh3.googleusercontent.com/gps-cs-s/AB5caB9O1WWz6MxcQG5jq0cPWaFjUa1i7heLoWff0nTu-RmvbDzz6kNAlJENriWN7aJMs0featWnCLNWiwVY3heq1JDqj-fF-DrLXitzOekjWa-3aWvjV8w0M4zVULl3bdGdZXWPMXsV=w800-h500-k-no,https://lh3.googleusercontent.com/gps-cs-s/AB5caB9O1WWz6MxcQG5jq0cPWaFjUa1i7heLoWff0nTu-RmvbDzz6kNAlJENriWN7aJMs0featWnCLNWiwVY3heq1JDqj-fF-DrLXitzOekjWa-3aWvjV8w0M4zVULl3bdGdZXWPMXsV=w1600-h1000-k-no,,"{""Monday"": ""11AM-10PM"", ""Tuesday"": ""11AM-10PM"", ""Wednesday"": ""11AM-10PM"", ""Thursday"": ""11AM-10PM"", ""Friday"": ""11AM-10PM"", ""Saturday"": ""11AM-10PM"", ""Sunday"": ""11AM-10PM""}",Monday:11AM-10PM|Tuesday:11AM-10PM|Wednesday:11AM-10PM|Thursday:11AM-10PM|Friday:11AM-10PM|Saturday:11AM-10PM|Sunday:11AM-10PM,,,OPERATIONAL,"{""Service options"": {""No-contact delivery"": true, ""Delivery"": true, ""Onsite services"": true, ""Takeout"": true, ""Dine-in"": true}, ""Highlights"": {""Great tea selection"": true}, ""Accessibility"": {""Wheelchair accessible parking lot"": false}}",$,,https://lh6.googleusercontent.com/-MupUF6elx_M/AAAAAAAAAAI/AAAAAAAAAAA/xLMYraoeGoE/s44-p-k-no-ns-nd/photo.jpg,,,True,115842098381803667726,Ho Ho Té,https://www.google.com/maps/contrib/115842098381803667726,,,,,"https://www.google.com/maps/place/Ho+Ho+T%C3%A9/@40.7615413,-73.9869958,14z/data=!4m8!1m2!2m1!1sHo+Ho+T%C3%A9!3m4!1s0x89c259e2664542bb:0x39c76995f61c1770!8m2!3d40.7615413!4d-73.9869958","https://www.google.com/maps/place/Ho+Ho+T%C3%A9/@40.7615413,-73.9869958,13.99z/data=!4m16!1m7!3m6!1s0x89c259e2664542bb:0x39c76995f61c1770!2sHo+Ho+T%C3%A9!8m2!3d40.7615413!4d-73.9869958!16s%2Fg%2F11ckvg1dmb!3m7!1s0x89c259e2664542bb:0x39c76995f61c1770!8m2!3d40.7615413!4d-73.9869958!9m1!1b1!16s%2Fg%2F11ckvg1dmb?entry=ttu",ChIJu0JFZuJZwokRcBcc9pVpxzk,0x89c259e2664542bb:0x39c76995f61c1770,4163412473327392624,/g/11h465clyn,4163412473327392624,,,,,,,,,,,,,,,,,,,,,,,,,,,,,,,,,,,,,,,,,,,,,,,,,
"bubble tea store, 10123, New York, NY, US",Tiger Sugar (Koreatown),Tiger Sugar Koreatown,https://tigersugar.co/,"Bubble tea store, Cafe, Coffee shop",Bubble tea store,Bubble tea store,+1 646-454-0158,"42 W 32nd St, New York, NY 10001",Manhattan,42 W 32nd St,New York,10001,New York,New York,United States of America,US,40.7479247,-73.9878076,892a100d2c7ffff,America/New_York,,False,4.0,254,"https://search.google.com/local/reviews?placeid=ChIJ5zgIA3xZwokR0C3Y8Iveo-M&q=bubble+tea+store,+10123,+New+York,+NY,+US&authuser=0&hl=en&gl=US",,,38.0,12.0,14.0,40.0,150.0,404,https://lh3.googleusercontent.com/p/AF1QipNz8Ph4Z_8Gq0WuU0YWfw04PD-jejW-ohkBVv76=w800-h500-k-no,https://lh3.googleusercontent.com/p/AF1QipNz8Ph4Z_8Gq0WuU0YWfw04PD-jejW-ohkBVv76=w1600-h1000-k-no,,"{""Monday"": ""11:30AM-11PM"", ""Tuesday"": ""11:30AM-11PM"", ""Wednesday"": ""11:30AM-11PM"", ""Thursday"": ""11:30AM-11PM"", ""Friday"": ""11:30AM-11:30PM"", ""Saturday"": ""12-11:30PM"", ""Sunday"": ""11:30AM-11PM""}",Monday:11:30AM-11PM|Tuesday:11:30AM-11PM|Wednesday:11:30AM-11PM|Thursday:11:30AM-11PM|Friday:11:30AM-11:30PM|Saturday:12-11:30PM|Sunday:11:30AM-11PM,,,OPERATIONAL,"{""Service options"": {""Delivery"": true, ""Onsite services"": true, ""Takeout"": true, ""Dine-in"": true}, ""Highlights"": {""Great tea selection"": true}, ""Accessibility"": {""Wheelchair accessible entrance"": true, ""Wheelchair accessible parking lot"": false}, ""Crowd"": {""LGBTQ+ friendly"": true}, ""Other"": {""LGBTQ+ friendly"": true}}",$,,https://lh6.googleusercontent.com/-8B0cNh6mqEY/AAAAAAAAAAI/AAAAAAAAAAA/SWE2Yf-WaRc/s44-p-k-no-ns-nd/photo.jpg,,,True,109510179247721584180,TIGER SUGAR,https://www.google.com/maps/contrib/109510179247721584180,,"https://www.google.com/viewer/chooseprovider?mid=/g/11nntd7xsk&g2lbs=AAEPWCvJCJ6m8Ob_ix_Mu77CBq7ZERRu2bOJkF9PdStN0HK22EJi9btc9TyXqAFnty_yR9iQRstW5DqLv6KWRel-NQtrgAHsdA%3D%3D&hl=en-US&gl=us&fo_m=MfohQo559jFvMUOzJVpjPL1YMfZ3bInYwBDuMfaXTPp5KXh-&utm_source=tactile&gei=a2gJaIq6PKbF4-EPuIGukAc&ei=a2gJaIq6PKbF4-EPuIGukAc&fo_s=OA,SOE&opi=79508299&ebb=1&cs=0&foub=mcpp",,,"https://www.google.com/maps/place/TIGER+SUGAR+%28KOREATOWN%29/@40.7479247,-73.9878076,14z/data=!4m8!1m2!2m1!1sTIGER+SUGAR+%28KOREATOWN%29!3m4!1s0x89c2597c030838e7:0xe3a3de8bf0d82dd0!8m2!3d40.7479247!4d-73.9878076","https://www.google.com/maps/place/TIGER+SUGAR+%28KOREATOWN%29/@40.7479247,-73.9878076,13.99z/data=!4m16!1m7!3m6!1s0x89c2597c030838e7:0xe3a3de8bf0d82dd0!2sTIGER+SUGAR+%28KOREATOWN%29!8m2!3d40.7479247!4d-73.9878076!16s%2Fg%2F11ckvg1dmb!3m7!1s0x89c2597c030838e7:0xe3a3de8bf0d82dd0!8m2!3d40.7479247!4d-73.9878076!9m1!1b1!16s%2Fg%2F11ckvg1dmb?entry=ttu",ChIJ5zgIA3xZwokR0C3Y8Iveo-M,0x89c2597c030838e7:0xe3a3de8bf0d82dd0,16403198960435998160,/g/11nntd7xsk,-2043545113273553456,,info@tigersugar.co,RECEIVING,SMTP validated,,,,,,,,,,,,,,,,,,,,,,16509356666,13478783883,17205832192,https://www.facebook.com/tigersugarusa,https://instagram.com/tigersugar.usa,,,,,,,,,,,,,,TIGER SUGAR | Black Sugar Bubble Tea,,TIGER SUGAR has grown into an undisputed cult brand of Boba worldwide. Our drinks not only taste good but tell our unique story with “tiger stripes” that are infused onto all our drinks with unique hand-poured syrups.,,False,False
"bubble tea store, 10123, New York, NY, US",Tea Art,Tea Art,https://www.teaartny.com/,"Bubble tea store, Coffee shop, Tea store",Bubble tea store,Bubble tea store,+1 347-653-3543,"147 Sullivan St, New York, NY 10012",Manhattan,147 Sullivan St,New York,10012,New York,New York,United States of America,US,40.7270977,-74.0017172,892a1072cc7ffff,America/New_York,,False,4.9,209,"https://search.google.com/local/reviews?placeid=ChIJ49OYkC9ZwokR0i9BKBQgmRQ&q=bubble+tea+store,+10123,+New+York,+NY,+US&authuser=0&hl=en&gl=US",,,3.0,0.0,5.0,1.0,200.0,288,https://lh3.googleusercontent.com/p/AF1QipNzisC-9Me9eIUN771BpgG5QQdMuqlswlXBeTHO=w800-h500-k-no,https://lh3.googleusercontent.com/p/AF1QipNzisC-9Me9eIUN771BpgG5QQdMuqlswlXBeTHO=w1600-h1000-k-no,,"{""Monday"": ""10AM-7:45PM"", ""Tuesday"": ""10AM-7:45PM"", ""Wednesday"": ""10AM-7:45PM"", ""Thursday"": ""10AM-7:45PM"", ""Friday"": ""10AM-7:45PM"", ""Saturday"": ""10AM-7:45PM"", ""Sunday"": ""10AM-7:45PM""}",Monday:10AM-7:45PM|Tuesday:10AM-7:45PM|Wednesday:10AM-7:45PM|Thursday:10AM-7:45PM|Friday:10AM-7:45PM|Saturday:10AM-7:45PM|Sunday:10AM-7:45PM,,,OPERATIONAL,"{""From the business"": {""Identifies as Asian-owned"": true}, ""Service options"": {""Curbside pickup"": true, ""No-contact delivery"": true, ""Delivery"": true, ""Onsite services"": true, ""Takeout"": true, ""Dine-in"": true}, ""Highlights"": {""Great tea selection"": true}, ""Accessibility"": {""Wheelchair accessible parking lot"": false}, ""Crowd"": {""LGBTQ+ friendly"": true, ""Transgender safespace"": true}, ""Other"": {""LGBTQ+ friendly"": true, ""Identifies as Asian-owned"": true}}",$$,,https://lh4.googleusercontent.com/-wlLFjrnSOMs/AAAAAAAAAAI/AAAAAAAAAAA/bNomTA7hCQA/s44-p-k-no-ns-nd/photo.jpg,,,True,110511352738177183699,Tea Art,https://www.google.com/maps/contrib/110511352738177183699,,"https://www.google.com/viewer/chooseprovider?mid=/g/11t_shrpnz&g2lbs=AAEPWCvm0T5cBKfrndv1D8R8PLBgb91v-iIvbEx3gdri__HFtuns-kMGD5iAPNG21AkURKBBXeipqsZLITW5BZuqhfF4OBt-lQ%3D%3D&hl=en-US&gl=us&fo_m=MfohQo559jFvMUOzJVpjPL1YMfZ3bInYwBDuMfaXTPp5KXh-&utm_source=tactile&gei=a2gJaIq6PKbF4-EPuIGukAc&ei=a2gJaIq6PKbF4-EPuIGukAc&fo_s=OA,SOE&opi=79508299&ebb=1&cs=0&foub=mcpp",,,"https://www.google.com/maps/place/Tea+Art/@40.7270977,-74.0017172,14z/data=!4m8!1m2!2m1!1sTea+Art!3m4!1s0x89c2592f9098d3e3:0x1499201428412fd2!8m2!3d40.7270977!4d-74.0017172","https://www.google.com/maps/place/Tea+Art/@40.7270977,-74.0017172,13.99z/data=!4m16!1m7!3m6!1s0x89c2592f9098d3e3:0x1499201428412fd2!2sTea+Art!8m2!3d40.7270977!4d-74.0017172!16s%2Fg%2F11ckvg1dmb!3m7!1s0x89c2592f9098d3e3:0x1499201428412fd2!8m2!3d40.7270977!4d-74.0017172!9m1!1b1!16s%2Fg%2F11ckvg1dmb?entry=ttu",ChIJ49OYkC9ZwokR0i9BKBQgmRQ,0x89c2592f9098d3e3:0x1499201428412fd2,1484252823142084562,/g/11t_shrpnz,1484252823142084562,,,,,,,,,,,,,,,,,,,,,,,,,,,,,,,,,,,,,,,,,,,,Tea Art Corp.,,"Often, customers will come in and ask us about the name  'abcpos'. To be honest, it is a story that I had never formalized. abcposis special to our family, as it is our comeback
  story, since our previous restaurant failed in 2007.",,False,False
"bubble tea store, 10123, New York, NY, US",Gong Cha,Gong Cha,http://www.gongchausa.com/,Bubble tea store,Bubble tea store,Bubble tea store,+1 212-227-1024,"200 Broadway Unit 1000, New York, NY 10038",Manhattan,200 Broadway Unit 1000,New York,10038,New York,New York,United States of America,US,40.7105274,-74.00899369999999,892a1072883ffff,America/New_York,,False,3.9,146,"https://search.google.com/local/reviews?placeid=ChIJwc8MtrJbwokRLybHrAIeSLI&q=bubble+tea+store,+10123,+New+York,+NY,+US&authuser=0&hl=en&gl=US",,,20.0,10.0,10.0,31.0,75.0,271,https://lh3.googleusercontent.com/p/AF1QipMfylmWpnHgDa3xN8eOBa8rvcfqzgaoP0hSJdvC=w800-h500-k-no,https://lh3.googleusercontent.com/p/AF1QipMfylmWpnHgDa3xN8eOBa8rvcfqzgaoP0hSJdvC=w1600-h1000-k-no,,"{""Monday"": ""9:30AM-10:30PM"", ""Tuesday"": ""9:30AM-10:30PM"", ""Wednesday"": ""9:30AM-10:30PM"", ""Thursday"": ""9:30AM-10:30PM"", ""Friday"": ""10AM-10:30PM"", ""Saturday"": ""10AM-10:30PM"", ""Sunday"": ""10AM-10:30PM""}",Monday:9:30AM-10:30PM|Tuesday:9:30AM-10:30PM|Wednesday:9:30AM-10:30PM|Thursday:9:30AM-10:30PM|Friday:10AM-10:30PM|Saturday:10AM-10:30PM|Sunday:10AM-10:30PM,,,OPERATIONAL,"{""Service options"": {""No-contact delivery"": true, ""Delivery"": true, ""Onsite services"": true, ""Takeout"": true, ""Dine-in"": true}, ""Highlights"": {""Great tea selection"": true}, ""Accessibility"": {""Wheelchair accessible entrance"": true}}",$,,https://lh5.googleusercontent.com/-fIbQzTLzQUM/AAAAAAAAAAI/AAAAAAAAAAA/-agFv7PoMxU/s44-p-k-no-ns-nd/photo.jpg,,,True,114392708589195398138,Gong Cha,https://www.google.com/maps/contrib/114392708589195398138,,"https://www.google.com/viewer/chooseprovider?mid=/g/11gzmb9j9s&g2lbs=AAEPWCtjci-T1I0q72u8qa7dNVXpCR8sNaKA7vNKuDZyQa9qysITPdo0bEvQjmOFS2hFZJ8tXr11-2rlG2te1U--vg9q8ZJhpQ%3D%3D&hl=en-US&gl=us&fo_m=MfohQo559jFvMUOzJVpjPL1YMfZ3bInYwBDuMfaXTPp5KXh-&utm_source=tactile&gei=a2gJaIq6PKbF4-EPuIGukAc&ei=a2gJaIq6PKbF4-EPuIGukAc&fo_s=OA,SOE&opi=79508299&ebb=1&cs=0&foub=mcpp",,,"https://www.google.com/maps/place/Gong+Cha/@40.7105274,-74.00899369999999,14z/data=!4m8!1m2!2m1!1sGong+Cha!3m4!1s0x89c25bb2b60ccfc1:0xb2481e02acc7262f!8m2!3d40.7105274!4d-74.00899369999999","https://www.google.com/maps/place/Gong+Cha/@40.7105274,-74.00899369999999,13.99z/data=!4m16!1m7!3m6!1s0x89c25bb2b60ccfc1:0xb2481e02acc7262f!2sGong+Cha!8m2!3d40.7105274!4d-74.00899369999999!16s%2Fg%2F11ckvg1dmb!3m7!1s0x89c25bb2b60ccfc1:0xb2481e02acc7262f!8m2!3d40.7105274!4d-74.00899369999999!9m1!1b1!16s%2Fg%2F11ckvg1dmb?entry=ttu",ChIJwc8MtrJbwokRLybHrAIeSLI,0x89c25bb2b60ccfc1:0xb2481e02acc7262f,12846550933911840303,/g/11gzmb9j9s,-5600193139797711313,,inquiries@gongchausa.com,RECEIVING,SMTP validated,Anchal Lamba,Anchal,Lamba,Managing Member,12123982716,anchal@gongchausa.com,RECEIVING,SMTP validated,Anchal Lamba,Anchal,Lamba,President,15163839000,rborgia@gongchausa.com,INVALID,Invalid SMTP,Robert Borgia,Robert,Borgia,Could Not Locate,15167496919,5168135642,15624748745,14697099380,https://www.facebook.com/gongchatea/,http://instagram.com/gongchatea,https://www.linkedin.com/company/gong-cha,https://www.tiktok.com/@gongcha.bubbletea,,,,,,,https://twitter.com/gongchatea,,,,,New Jersey – Jersey City - Gong cha,All in One SEO (AIOSEO) 4.7.7.2,Premium Quality Bubble Tea,,False,False
"bubble tea store, 10123, New York, NY, US",ViVi Bubble Tea,Vivi Bubble Tea,http://www.vivibubbletea.com/,"Bubble tea store, Tea house",Bubble tea store,Bubble tea store,+1 718-666-8961,"170 W 23rd St, New York, NY 10011",Manhattan,170 W 23rd St,New York,10011,New York,New York,United States of America,US,40.743773,-73.9954779,892a100d257ffff,America/New_York,,False,4.2,428,"https://search.google.com/local/reviews?placeid=ChIJo_yrMbtZwokR9lQEjjSmngg&q=bubble+tea+store,+10123,+New+York,+NY,+US&authuser=0&hl=en&gl=US",,,21.0,15.0,47.0,100.0,245.0,187,https://lh3.googleusercontent.com/p/AF1QipPD2opvU99--SfZ3OMwt1CmY5-zXKgfNnzCz5s=w800-h500-k-no,https://lh3.googleusercontent.com/p/AF1QipPD2opvU99--SfZ3OMwt1CmY5-zXKgfNnzCz5s=w1600-h1000-k-no,,"{""Monday"": ""11AM-8:30PM"", ""Tuesday"": ""11AM-8:30PM"", ""Wednesday"": ""11AM-8:30PM"", ""Thursday"": ""11AM-8:30PM"", ""Friday"": ""11AM-8:30PM"", ""Saturday"": ""11AM-8:30PM"", ""Sunday"": ""11AM-8PM""}",Monday:11AM-8:30PM|Tuesday:11AM-8:30PM|Wednesday:11AM-8:30PM|Thursday:11AM-8:30PM|Friday:11AM-8:30PM|Saturday:11AM-8:30PM|Sunday:11AM-8PM,,,OPERATIONAL,"{""Service options"": {""Delivery"": true, ""Takeout"": true, ""Dine-in"": true}, ""Highlights"": {""Great tea selection"": true}, ""Accessibility"": {""Wheelchair accessible parking lot"": false}, ""Parking"": {""Paid street parking"": true}}",$,,https://lh6.googleusercontent.com/-FrQBbgh4ggw/AAAAAAAAAAI/AAAAAAAAAAA/IJQZnmhJDYY/s44-p-k-no-ns-nd/photo.jpg,"Bubble tea shop offering hot & cold versions, plus a variety of flavors & a simple snack menu.",,True,101594529475924935569,ViVi Bubble Tea,https://www.google.com/maps/contrib/101594529475924935569,,"https://www.google.com/viewer/chooseprovider?mid=/g/11bbrkcrkr&g2lbs=AAEPWCvisB72S_U1EJ2U_O8M4rXbnSJDvLoXjzdEEdbTNP5xZMwFefp6yFwdW6b6-CmvIGo1WHhud0DniDNBMJdFp9FMHFodjA%3D%3D&hl=en-US&gl=us&fo_m=MfohQo559jFvMUOzJVpjPL1YMfZ3bInYwBDuMfaXTPp5KXh-&utm_source=tactile&gei=a2gJaIq6PKbF4-EPuIGukAc&ei=a2gJaIq6PKbF4-EPuIGukAc&fo_s=OA,SOE&opi=79508299&ebb=1&cs=0&foub=mcpp",,,"https://www.google.com/maps/place/ViVi+Bubble+Tea/@40.743773,-73.9954779,14z/data=!4m8!1m2!2m1!1sViVi+Bubble+Tea!3m4!1s0x89c259bb31abfca3:0x89ea6348e0454f6!8m2!3d40.743773!4d-73.9954779","https://www.google.com/maps/place/ViVi+Bubble+Tea/@40.743773,-73.9954779,13.99z/data=!4m16!1m7!3m6!1s0x89c259bb31abfca3:0x89ea6348e0454f6!2sViVi+Bubble+Tea!8m2!3d40.743773!4d-73.9954779!16s%2Fg%2F11ckvg1dmb!3m7!1s0x89c259bb31abfca3:0x89ea6348e0454f6!8m2!3d40.743773!4d-73.9954779!9m1!1b1!16s%2Fg%2F11ckvg1dmb?entry=ttu",ChIJo_yrMbtZwokR9lQEjjSmngg,0x89c259bb31abfca3:0x89ea6348e0454f6,621116543274865910,/g/11bbrkcrkr,621116543274865910,,vivibubbleteanj@gmail.com,RECEIVING,Verified,,,,,,,,,,,,,,,,,,,,,,+1 212-566-6833,14696618801,13472236792,https://www.facebook.com/vivibubbleteanyc,https://www.instagram.com/vivibubbletea,https://www.linkedin.com/company/vivi-bubble-tea,,,,,,,,,,,,,vivibubbletea,WordPress 6.0.2,,,False,True
"bubble tea store, 10123, New York, NY, US",Local Roots Chelsea,Local Roots Chelsea,https://marketcafe.localrootsnyc.com/,Bubble tea store,Bubble tea store,Bubble tea store,,"25 11th Ave Kiosk #5, New York, NY 10011",Manhattan,25 11th Ave Kiosk #5,New York,10011,New York,New York,United States of America,US,40.7430964,-74.00916959999999,892a107218fffff,America/New_York,,False,4.4,114,"https://search.google.com/local/reviews?placeid=ChIJOVrVlpJZwokRyWwXfTLLV3M&q=bubble+tea+store,+10123,+New+York,+NY,+US&authuser=0&hl=en&gl=US",,,13.0,3.0,3.0,4.0,91.0,49,https://lh3.googleusercontent.com/p/AF1QipOZnlIMB_dYA2nt01dCMFSOdCzLqB6qdRhsbVDu=w800-h500-k-no,https://lh3.googleusercontent.com/p/AF1QipOZnlIMB_dYA2nt01dCMFSOdCzLqB6qdRhsbVDu=w1600-h1000-k-no,,"{""Monday"": ""11AM-7PM"", ""Tuesday"": ""11AM-8PM"", ""Wednesday"": ""11AM-8PM"", ""Thursday"": ""11AM-8PM"", ""Friday"": ""11AM-8PM"", ""Saturday"": ""11AM-8PM"", ""Sunday"": ""11AM-8PM""}",Monday:11AM-7PM|Tuesday:11AM-8PM|Wednesday:11AM-8PM|Thursday:11AM-8PM|Friday:11AM-8PM|Saturday:11AM-8PM|Sunday:11AM-8PM,,,OPERATIONAL,"{""Service options"": {""Curbside pickup"": true, ""No-contact delivery"": true, ""Delivery"": true, ""Takeout"": true, ""Dine-in"": true}, ""Highlights"": {""Great tea selection"": true}, ""Accessibility"": {""Wheelchair accessible entrance"": true, ""Wheelchair accessible restroom"": true, ""Wheelchair accessible parking lot"": false}}",,,,,,False,None,Local Roots Chelsea,,,"https://www.google.com/viewer/chooseprovider?mid=/g/11srzj1_5p&g2lbs=AAEPWCsAePWGKnNf0btIifDLSoJT8qX8QFNRpuX_70tY0bXHTOO4rAeujI5TuQ6F8_dPobuCOSAr2PcfiEuV1APe_xbY0x_zpQ%3D%3D&hl=en-US&gl=us&fo_m=MfohQo559jFvMUOzJVpjPL1YMfZ3bInYwBDuMfaXTPp5KXh-&utm_source=tactile&gei=a2gJaIq6PKbF4-EPuIGukAc&ei=a2gJaIq6PKbF4-EPuIGukAc&fo_s=OA,SOE&opi=79508299&ebb=1&cs=0&foub=mcpp",,,"https://www.google.com/maps/place/Local+Roots+Chelsea/@40.7430964,-74.00916959999999,14z/data=!4m8!1m2!2m1!1sLocal+Roots+Chelsea!3m4!1s0x89c2599296d55a39:0x7357cb327d176cc9!8m2!3d40.7430964!4d-74.00916959999999","https://www.google.com/maps/place/Local+Roots+Chelsea/@40.7430964,-74.00916959999999,13.99z/data=!4m16!1m7!3m6!1s0x89c2599296d55a39:0x7357cb327d176cc9!2sLocal+Roots+Chelsea!8m2!3d40.7430964!4d-74.00916959999999!16s%2Fg%2F11ckvg1dmb!3m7!1s0x89c2599296d55a39:0x7357cb327d176cc9!8m2!3d40.7430964!4d-74.00916959999999!9m1!1b1!16s%2Fg%2F11ckvg1dmb?entry=ttu",ChIJOVrVlpJZwokRyWwXfTLLV3M,0x89c2599296d55a39:0x7357cb327d176cc9,8311335055043030217,/g/11srzj1_5p,8311335055043030217,,marketandcafe@localroots.nyc,RECEIVING,Verified,,,,,,wenjay@localroots.nyc,RECEIVING,Verified,,,,,,info@localroots.nyc,RECEIVING,SMTP validated,,,,,,,,,https://www.facebook.com/LocalRootsNYC/,https://www.instagram.com/localrootsnyc,,,,,,,,,https://twitter.com/localrootsnyc,,https://www.youtube.com/channel/UCWs2QybjbXgqKYggf4DMTfA,,,Local Roots Market & Cafe,,,,False,False
"bubble tea store, 10123, New York, NY, US",Boba Guys Nolita,Boba Guys Nolita,http://www.bobaguys.com/,Bubble tea store,Bubble tea store,Bubble tea store,,"35 Spring St, New York, NY 10012",Manhattan,35 Spring St,New York,10012,New York,New York,United States of America,US,40.721864499999995,-73.99569749999999,892a1072cabffff,America/New_York,,False,3.9,90,"https://search.google.com/local/reviews?placeid=ChIJ_VKat4BZwokRkdCuflCZZO8&q=bubble+tea+store,+10123,+New+York,+NY,+US&authuser=0&hl=en&gl=US",,,12.0,10.0,3.0,14.0,51.0,133,https://lh3.googleusercontent.com/p/AF1QipP6oDQoHhfWg7UH51rYq0yDtY4AZN-NOI0AXeHC=w800-h500-k-no,https://lh3.googleusercontent.com/p/AF1QipP6oDQoHhfWg7UH51rYq0yDtY4AZN-NOI0AXeHC=w1600-h1000-k-no,,"{""Monday"": ""11AM-7PM"", ""Tuesday"": ""11AM-7PM"", ""Wednesday"": ""11AM-7PM"", ""Thursday"": ""11AM-7PM"", ""Friday"": ""11AM-8PM"", ""Saturday"": ""11AM-8PM"", ""Sunday"": ""11AM-7PM""}",Monday:11AM-7PM|Tuesday:11AM-7PM|Wednesday:11AM-7PM|Thursday:11AM-7PM|Friday:11AM-8PM|Saturday:11AM-8PM|Sunday:11AM-7PM,,,OPERATIONAL,"{""Service options"": {""Delivery"": true, ""Takeout"": true, ""Dine-in"": true}, ""Highlights"": {""Great tea selection"": true}, ""Accessibility"": {""Wheelchair accessible entrance"": true, ""Wheelchair accessible parking lot"": false}}",$,,https://lh5.googleusercontent.com/-N6RPIcm6I-M/AAAAAAAAAAI/AAAAAAAAAAA/3YHXkM4ysbs/s44-p-k-no-ns-nd/photo.jpg,,,True,102219128221428036030,Boba Guys Nolita,https://www.google.com/maps/contrib/102219128221428036030,,"https://www.google.com/viewer/chooseprovider?mid=/g/11t29rmv7g&g2lbs=AAEPWCsnNxJ9kJElKEIv0TWTSuQHQECRWXQD5WnbQI7lN94AQFJwgRqWgSEomk7ftxIoC5fplAnXSetF2h0EZ9pRI9SlktiikQ%3D%3D&hl=en-US&gl=us&fo_m=MfohQo559jFvMUOzJVpjPL1YMfZ3bInYwBDuMfaXTPp5KXh-&utm_source=tactile&gei=a2gJaIq6PKbF4-EPuIGukAc&ei=a2gJaIq6PKbF4-EPuIGukAc&fo_s=OA,SOE&opi=79508299&ebb=1&cs=0&foub=mcpp",,,"https://www.google.com/maps/place/Boba+Guys+Nolita/@40.721864499999995,-73.99569749999999,14z/data=!4m8!1m2!2m1!1sBoba+Guys+Nolita!3m4!1s0x89c25980b79a52fd:0xef6499507eaed091!8m2!3d40.721864499999995!4d-73.99569749999999","https://www.google.com/maps/place/Boba+Guys+Nolita/@40.721864499999995,-73.99569749999999,13.99z/data=!4m16!1m7!3m6!1s0x89c25980b79a52fd:0xef6499507eaed091!2sBoba+Guys+Nolita!8m2!3d40.721864499999995!4d-73.99569749999999!16s%2Fg%2F11ckvg1dmb!3m7!1s0x89c25980b79a52fd:0xef6499507eaed091!8m2!3d40.721864499999995!4d-73.99569749999999!9m1!1b1!16s%2Fg%2F11ckvg1dmb?entry=ttu",ChIJ_VKat4BZwokRkdCuflCZZO8,0x89c25980b79a52fd:0xef6499507eaed091,17250081043737661585,/g/11t29rmv7g,-1196663029971890031,,info@bobaguys.com,RECEIVING,SMTP validated,?,?,,Co-Owner,14159672622,vivian@bobaguys.com,INVALID,Invalid SMTP,Vivian Du,Vivian,Du,Assistant Store Manager,,gordon@bobaguys.com,INVALID,Cannot validate,Gordon Huang,Gordon,Huang,Bobarista And Documentarian,,14159672622,16506274973,,https://www.facebook.com/bobaguyssancarlos/,http://instagram.com/bobaguys,https://www.linkedin.com/company/boba-guys,,,,,,,,http://twitter.com/bobaguys,,,,,Boba Guys - Serving the highest quality bubble milk tea in the world,,Boba Guys serves the highest quality boba milk tea in the world.,,True,True
"bubble tea store, 10123, New York, NY, US",Tiger Sugar,Tiger Sugar,http://www.tigersugar.co/,"Bubble tea store, Cafe, Tea house",Bubble tea store,Bubble tea store,,"129 E 45th St Store 4, New York, NY 10017",Manhattan,129 E 45th St Store 4,New York,10017,New York,New York,United States of America,US,40.7533859,-73.97428479999999,892a100d62bffff,America/New_York,,False,4.2,102,"https://search.google.com/local/reviews?placeid=ChIJF4o3V4ZZwokRs8w1Ie4cGag&q=bubble+tea+store,+10123,+New+York,+NY,+US&authuser=0&hl=en&gl=US",,,10.0,3.0,3.0,23.0,63.0,208,https://lh3.googleusercontent.com/p/AF1QipMBW4-12_22Cq0Zd-1X75pJj6-wnJFfdB_y_tnm=w800-h500-k-no,https://lh3.googleusercontent.com/p/AF1QipMBW4-12_22Cq0Zd-1X75pJj6-wnJFfdB_y_tnm=w1600-h1000-k-no,,"{""Monday"": ""11:30AM-7PM"", ""Tuesday"": ""11:30AM-7PM"", ""Wednesday"": ""11:30AM-7PM"", ""Thursday"": ""11:30AM-7PM"", ""Friday"": ""11:30AM-7PM"", ""Saturday"": ""11:30AM-7PM"", ""Sunday"": ""11:30AM-7PM""}",Monday:11:30AM-7PM|Tuesday:11:30AM-7PM|Wednesday:11:30AM-7PM|Thursday:11:30AM-7PM|Friday:11:30AM-7PM|Saturday:11:30AM-7PM|Sunday:11:30AM-7PM,,,OPERATIONAL,"{""Service options"": {""Delivery"": true, ""Takeout"": true, ""Dine-in"": true}, ""Highlights"": {""Great tea selection"": true}, ""Accessibility"": {""Wheelchair accessible entrance"": true, ""Wheelchair accessible parking lot"": false}, ""Parking"": {""Paid street parking"": true}}",$,,https://lh6.googleusercontent.com/-Fod8Nbad1Qc/AAAAAAAAAAI/AAAAAAAAAAA/kND7IVQlm9Q/s44-p-k-no-ns-nd/photo.jpg,,,True,113230936213283064247,TIGER SUGAR,https://www.google.com/maps/contrib/113230936213283064247,,"https://www.google.com/viewer/chooseprovider?mid=/g/11k9ml50s6&g2lbs=AAEPWCtB_cPmTc1P3YrYUMu4c_F5e53-NaefxiiaM1VJJCr7PwcziqzDFPAaYNq0oEQkH5WBKynC95BeIq80OZXUmV1PoIQMzg%3D%3D&hl=en-US&gl=us&fo_m=MfohQo559jFvMUOzJVpjPL1YMfZ3bInYwBDuMfaXTPp5KXh-&utm_source=tactile&gei=a2gJaIq6PKbF4-EPuIGukAc&ei=a2gJaIq6PKbF4-EPuIGukAc&fo_s=OA,SOE&opi=79508299&ebb=1&cs=0&foub=mcpp",,,"https://www.google.com/maps/place/TIGER+SUGAR/@40.7533859,-73.97428479999999,14z/data=!4m8!1m2!2m1!1sTIGER+SUGAR!3m4!1s0x89c2598657378a17:0xa8191cee2135ccb3!8m2!3d40.7533859!4d-73.97428479999999","https://www.google.com/maps/place/TIGER+SUGAR/@40.7533859,-73.97428479999999,13.99z/data=!4m16!1m7!3m6!1s0x89c2598657378a17:0xa8191cee2135ccb3!2sTIGER+SUGAR!8m2!3d40.7533859!4d-73.97428479999999!16s%2Fg%2F11ckvg1dmb!3m7!1s0x89c2598657378a17:0xa8191cee2135ccb3!8m2!3d40.7533859!4d-73.97428479999999!9m1!1b1!16s%2Fg%2F11ckvg1dmb?entry=ttu",ChIJF4o3V4ZZwokRs8w1Ie4cGag,0x89c2598657378a17:0xa8191cee2135ccb3,12112744481874627763,/g/11k9ml50s6,-6333999591834923853,,info@tigersugar.co,RECEIVING,SMTP validated,,,,,,,,,,,,,,,,,,,,,,16509356666,13478783883,17205832192,https://www.facebook.com/tigersugarusa,https://instagram.com/tigersugar.usa,,,,,,,,,,,,,,TIGER SUGAR | Black Sugar Bubble Tea,,TIGER SUGAR has grown into an undisputed cult brand of Boba worldwide. Our drinks not only taste good but tell our unique story with “tiger stripes” that are infused onto all our drinks with unique hand-poured syrups.,,False,False
"bubble tea store, 10123, New York, NY, US",Gong Cha,Gong Cha,http://www.gongchausa.com/,Bubble tea store,Bubble tea store,Bubble tea store,+1 646-707-3375,"160 E 44th St, New York, NY 10017",Manhattan,160 E 44th St,New York,10017,New York,New York,United States of America,US,40.7521391,-73.9739561,892a100d62bffff,America/New_York,,False,4.3,305,"https://search.google.com/local/reviews?placeid=ChIJ888E9wJZwokR2EgXOughChI&q=bubble+tea+store,+10123,+New+York,+NY,+US&authuser=0&hl=en&gl=US",,,19.0,6.0,27.0,65.0,188.0,215,https://lh3.googleusercontent.com/p/AF1QipP7yS2Sk1YWGwC7td5djIIeLtkB4Mbz3YTLdgM4=w800-h500-k-no,https://lh3.googleusercontent.com/p/AF1QipP7yS2Sk1YWGwC7td5djIIeLtkB4Mbz3YTLdgM4=w1600-h1000-k-no,,"{""Monday"": ""11AM-8PM"", ""Tuesday"": ""11AM-8PM"", ""Wednesday"": ""11AM-8PM"", ""Thursday"": ""11AM-8PM"", ""Friday"": ""11AM-8PM"", ""Saturday"": ""12-8PM"", ""Sunday"": ""12-8PM""}",Monday:11AM-8PM|Tuesday:11AM-8PM|Wednesday:11AM-8PM|Thursday:11AM-8PM|Friday:11AM-8PM|Saturday:12-8PM|Sunday:12-8PM,,,OPERATIONAL,"{""Service options"": {""Delivery"": true, ""Takeout"": true, ""Dine-in"": true}, ""Highlights"": {""Great tea selection"": true}, ""Accessibility"": {""Wheelchair accessible parking lot"": false}, ""Parking"": {""Paid street parking"": true}}",$,,https://lh3.googleusercontent.com/-dxnEfx3Ugeo/AAAAAAAAAAI/AAAAAAAAAAA/CazFDFDwThg/s44-p-k-no-ns-nd/photo.jpg,,,True,117847357929502666396,Gong Cha,https://www.google.com/maps/contrib/117847357929502666396,,"https://www.google.com/viewer/chooseprovider?mid=/g/11g8w16f34&g2lbs=AAEPWCuLdb2If4qMsSzr0jUTh01sPyN1eIpPxoMFmFXkTOfyJVvlf4YILSVCfqG6nHPEzWw7wyQxowxfXbc7CwgbMxaAq6rOSg%3D%3D&hl=en-US&gl=us&fo_m=MfohQo559jFvMUOzJVpjPL1YMfZ3bInYwBDuMfaXTPp5KXh-&utm_source=tactile&gei=a2gJaIq6PKbF4-EPuIGukAc&ei=a2gJaIq6PKbF4-EPuIGukAc&fo_s=OA,SOE&opi=79508299&ebb=1&cs=0&foub=mcpp",,,"https://www.google.com/maps/place/Gong+Cha/@40.7521391,-73.9739561,14z/data=!4m8!1m2!2m1!1sGong+Cha!3m4!1s0x89c25902f704cff3:0x120a21e83a1748d8!8m2!3d40.7521391!4d-73.9739561","https://www.google.com/maps/place/Gong+Cha/@40.7521391,-73.9739561,13.99z/data=!4m16!1m7!3m6!1s0x89c25902f704cff3:0x120a21e83a1748d8!2sGong+Cha!8m2!3d40.7521391!4d-73.9739561!16s%2Fg%2F11ckvg1dmb!3m7!1s0x89c25902f704cff3:0x120a21e83a1748d8!8m2!3d40.7521391!4d-73.9739561!9m1!1b1!16s%2Fg%2F11ckvg1dmb?entry=ttu",ChIJ888E9wJZwokR2EgXOughChI,0x89c25902f704cff3:0x120a21e83a1748d8,1299888723740543192,/g/11g8w16f34,1299888723740543192,,inquiries@gongchausa.com,RECEIVING,SMTP validated,Anchal Lamba,Anchal,Lamba,Managing Member,12123982716,anchal@gongchausa.com,RECEIVING,SMTP validated,Anchal Lamba,Anchal,Lamba,President,15163839000,rborgia@gongchausa.com,INVALID,Invalid SMTP,Robert Borgia,Robert,Borgia,Could Not Locate,15167496919,5168135642,15624748745,14697099380,https://www.facebook.com/gongchatea/,http://instagram.com/gongchatea,https://www.linkedin.com/company/gong-cha,https://www.tiktok.com/@gongcha.bubbletea,,,,,,,https://twitter.com/gongchatea,,,,,New Jersey – Jersey City - Gong cha,All in One SEO (AIOSEO) 4.7.7.2,Premium Quality Bubble Tea,,False,False
"bubble tea store, 10123, New York, NY, US",Modern Tea • Salad,Modern Tea • Salad,http://www.moderntea39.com/,"Bubble tea store, Salad shop",restaurants,Bubble tea store,+1 646-852-6868,"302 W 39th St, New York, NY 10018",Manhattan,302 W 39th St,New York,10018,New York,New York,United States of America,US,40.7553884,-73.99172779999999,892a10725a7ffff,America/New_York,,False,5.0,74,"https://search.google.com/local/reviews?placeid=ChIJk1ZUH-1ZwokRGNGIukI5lmM&q=bubble+tea+store,+10123,+New+York,+NY,+US&authuser=0&hl=en&gl=US",,,0.0,0.0,1.0,1.0,72.0,117,https://lh3.googleusercontent.com/p/AF1QipM2SDeUX7kIPDyRDZyrJxSdX3RQHczJ0G3Q6HJB=w800-h500-k-no,https://lh3.googleusercontent.com/p/AF1QipM2SDeUX7kIPDyRDZyrJxSdX3RQHczJ0G3Q6HJB=w1600-h1000-k-no,,"{""Monday"": ""11:30AM-9:30PM"", ""Tuesday"": ""11:30AM-9:30PM"", ""Wednesday"": ""11:30AM-9:30PM"", ""Thursday"": ""11:30AM-9:30PM"", ""Friday"": ""11:30AM-9:30PM"", ""Saturday"": ""11:30AM-9:30PM"", ""Sunday"": ""11:30AM-9:30PM""}",Monday:11:30AM-9:30PM|Tuesday:11:30AM-9:30PM|Wednesday:11:30AM-9:30PM|Thursday:11:30AM-9:30PM|Friday:11:30AM-9:30PM|Saturday:11:30AM-9:30PM|Sunday:11:30AM-9:30PM,,,OPERATIONAL,"{""Service options"": {""No-contact delivery"": true, ""Delivery"": true, ""Onsite services"": true, ""Takeout"": true, ""Dine-in"": true}, ""Popular for"": {""Solo dining"": true}, ""Accessibility"": {""Wheelchair accessible entrance"": true, ""Wheelchair accessible parking lot"": true}, ""Atmosphere"": {""Casual"": true}, ""Payments"": {""Credit cards"": true}, ""Parking"": {""Paid street parking"": true}}",$$,,https://lh3.googleusercontent.com/-MUdFBM363_0/AAAAAAAAAAI/AAAAAAAAAAA/Mw5uXV-bNYI/s44-p-k-no-ns-nd/photo.jpg,,,True,102151625655786186076,Modern Tea • Salad,https://www.google.com/maps/contrib/102151625655786186076,,"https://www.google.com/viewer/chooseprovider?mid=/g/11vsyh05bp&g2lbs=AAEPWCvJULOabkUSYLPsDFUFBvHqWQAQ7i-L0ha6voZHlSInc5Ma75quPNDc4p8VS8BqOBBHRgSOTUf7cAy1VgvGR7f56pxtmA%3D%3D&hl=en-US&gl=us&fo_m=MfohQo559jFvMUOzJVpjPL1YMfZ3bInYwBDuMfaXTPp5KXh-&utm_source=tactile&gei=a2gJaIq6PKbF4-EPuIGukAc&ei=a2gJaIq6PKbF4-EPuIGukAc&fo_s=OA,SOE&opi=79508299&ebb=1&cs=0&foub=mcpp",,,"https://www.google.com/maps/place/Modern+Tea+%E2%80%A2+Salad/@40.7553884,-73.99172779999999,14z/data=!4m8!1m2!2m1!1sModern+Tea+%E2%80%A2+Salad!3m4!1s0x89c259ed1f545693:0x63963942ba88d118!8m2!3d40.7553884!4d-73.99172779999999","https://www.google.com/maps/place/Modern+Tea+%E2%80%A2+Salad/@40.7553884,-73.99172779999999,13.99z/data=!4m16!1m7!3m6!1s0x89c259ed1f545693:0x63963942ba88d118!2sModern+Tea+%E2%80%A2+Salad!8m2!3d40.7553884!4d-73.99172779999999!16s%2Fg%2F11ckvg1dmb!3m7!1s0x89c259ed1f545693:0x63963942ba88d118!8m2!3d40.7553884!4d-73.99172779999999!9m1!1b1!16s%2Fg%2F11ckvg1dmb?entry=ttu",ChIJk1ZUH-1ZwokRGNGIukI5lmM,0x89c259ed1f545693:0x63963942ba88d118,7175986015021617432,/g/11vsyh05bp,7175986015021617432,,,,,,,,,,,,,,,,,,,,,,,,,,,,,,https://www.instagram.com/modernteasalad,,,,,,,,,,,,,,Modern Tea & Salad | Online Order | New York | NY,Divi v.4.19.2,,,False,False
"bubble tea store, 10123, New York, NY, US",Gong Cha,Gong Cha,http://www.gongchausa.com/,Bubble tea store,Bubble tea store,Bubble tea store,+1 646-876-1020,"925 Lexington Ave, New York, NY 10065",Manhattan,925 Lexington Ave,New York,10065,New York,New York,United States of America,US,40.7679721,-73.9638196,892a100d693ffff,America/New_York,,False,4.4,197,"https://search.google.com/local/reviews?placeid=ChIJ170hQX1ZwokR8Tr-xZc2oLw&q=bubble+tea+store,+10123,+New+York,+NY,+US&authuser=0&hl=en&gl=US",,,12.0,3.0,13.0,34.0,135.0,179,https://lh3.googleusercontent.com/p/AF1QipOV4klu0zLzRaXhF8A96m1iNa0yQuSiIKGmV1n0=w800-h500-k-no,https://lh3.googleusercontent.com/p/AF1QipOV4klu0zLzRaXhF8A96m1iNa0yQuSiIKGmV1n0=w1600-h1000-k-no,,"{""Monday"": ""10:30AM-8:30PM"", ""Tuesday"": ""10:30AM-8:30PM"", ""Wednesday"": ""10:30AM-8:30PM"", ""Thursday"": ""10:30AM-8:30PM"", ""Friday"": ""10:30AM-8PM"", ""Saturday"": ""11AM-8PM"", ""Sunday"": ""11AM-8PM""}",Monday:10:30AM-8:30PM|Tuesday:10:30AM-8:30PM|Wednesday:10:30AM-8:30PM|Thursday:10:30AM-8:30PM|Friday:10:30AM-8PM|Saturday:11AM-8PM|Sunday:11AM-8PM,,,OPERATIONAL,"{""Service options"": {""Delivery"": true, ""Takeout"": true, ""Dine-in"": true}, ""Highlights"": {""Great tea selection"": true}, ""Accessibility"": {""Wheelchair accessible entrance"": true, ""Wheelchair accessible parking lot"": false}, ""Parking"": {""Paid street parking"": true}}",$,,https://lh5.googleusercontent.com/-AXu4FtW1wFU/AAAAAAAAAAI/AAAAAAAAAAA/saQn27bo41w/s44-p-k-no-ns-nd/photo.jpg,,,True,105100609982869777695,Gong Cha,https://www.google.com/maps/contrib/105100609982869777695,,"https://www.google.com/viewer/chooseprovider?mid=/g/11fpystbq0&g2lbs=AAEPWCvkf0yJNwzwin4vOgVl77_RM8NzCwzGmRIZp3vqnZslgeAqFKwWybsYBWmB8fLiyp1A_jvPVmwms3QE9lU6HpD5yuMcdA%3D%3D&hl=en-US&gl=us&fo_m=MfohQo559jFvMUOzJVpjPL1YMfZ3bInYwBDuMfaXTPp5KXh-&utm_source=tactile&gei=a2gJaIq6PKbF4-EPuIGukAc&ei=a2gJaIq6PKbF4-EPuIGukAc&fo_s=OA,SOE&opi=79508299&ebb=1&cs=0&foub=mcpp",,,"https://www.google.com/maps/place/Gong+Cha/@40.7679721,-73.9638196,14z/data=!4m8!1m2!2m1!1sGong+Cha!3m4!1s0x89c2597d4121bdd7:0xbca03697c5fe3af1!8m2!3d40.7679721!4d-73.9638196","https://www.google.com/maps/place/Gong+Cha/@40.7679721,-73.9638196,13.99z/data=!4m16!1m7!3m6!1s0x89c2597d4121bdd7:0xbca03697c5fe3af1!2sGong+Cha!8m2!3d40.7679721!4d-73.9638196!16s%2Fg%2F11ckvg1dmb!3m7!1s0x89c2597d4121bdd7:0xbca03697c5fe3af1!8m2!3d40.7679721!4d-73.9638196!9m1!1b1!16s%2Fg%2F11ckvg1dmb?entry=ttu",ChIJ170hQX1ZwokR8Tr-xZc2oLw,0x89c2597d4121bdd7:0xbca03697c5fe3af1,13591923700893891313,/g/11fpystbq0,-4854820372815660303,,inquiries@gongchausa.com,RECEIVING,SMTP validated,Anchal Lamba,Anchal,Lamba,Managing Member,12123982716,anchal@gongchausa.com,RECEIVING,SMTP validated,Anchal Lamba,Anchal,Lamba,President,15163839000,rborgia@gongchausa.com,INVALID,Invalid SMTP,Robert Borgia,Robert,Borgia,Could Not Locate,15167496919,5168135642,15624748745,14697099380,https://www.facebook.com/gongchatea/,http://instagram.com/gongchatea,https://www.linkedin.com/company/gong-cha,https://www.tiktok.com/@gongcha.bubbletea,,,,,,,https://twitter.com/gongchatea,,,,,New Jersey – Jersey City - Gong cha,All in One SEO (AIOSEO) 4.7.7.2,Premium Quality Bubble Tea,,False,False
"bubble tea store, 10123, New York, NY, US",Gong Cha,Gong Cha,http://www.gongchausa.com/,"Bubble tea store, Coffee shop",Bubble tea store,Bubble tea store,+1 917-261-2070,"2061 Broadway, New York, NY 10023",Manhattan,2061 Broadway,New York,10023,New York,New York,United States of America,US,40.7782124,-73.9823372,892a1008bbbffff,America/New_York,,False,4.6,48,"https://search.google.com/local/reviews?placeid=ChIJYQ3A_ZpZwokRoJ9YotfE6TU&q=bubble+tea+store,+10123,+New+York,+NY,+US&authuser=0&hl=en&gl=US",,,1.0,2.0,1.0,8.0,36.0,68,https://lh3.googleusercontent.com/p/AF1QipNVyhfu3aNmd5Dl6nwx2EPpksXv4nQUbKO2Tm0_=w800-h500-k-no,https://lh3.googleusercontent.com/p/AF1QipNVyhfu3aNmd5Dl6nwx2EPpksXv4nQUbKO2Tm0_=w1600-h1000-k-no,,"{""Monday"": ""11AM-9PM"", ""Tuesday"": ""11AM-9PM"", ""Wednesday"": ""11AM-9PM"", ""Thursday"": ""11AM-9PM"", ""Friday"": ""11AM-10PM"", ""Saturday"": ""11AM-10PM"", ""Sunday"": ""11AM-9PM""}",Monday:11AM-9PM|Tuesday:11AM-9PM|Wednesday:11AM-9PM|Thursday:11AM-9PM|Friday:11AM-10PM|Saturday:11AM-10PM|Sunday:11AM-9PM,,,OPERATIONAL,"{""Service options"": {""Delivery"": true, ""Takeout"": true, ""Dine-in"": true}, ""Highlights"": {""Great tea selection"": true}, ""Accessibility"": {""Wheelchair accessible entrance"": true, ""Wheelchair accessible parking lot"": false}}",$,,https://lh4.googleusercontent.com/-nD8o7Yw8gWg/AAAAAAAAAAI/AAAAAAAAAAA/eE8HQY4tSlA/s44-p-k-no-ns-nd/photo.jpg,,,True,116955685837667767061,Gong Cha,https://www.google.com/maps/contrib/116955685837667767061,,"https://www.google.com/viewer/chooseprovider?mid=/g/11rqwqr0s3&g2lbs=AAEPWCtFMGXOa_AF7--Wk_ykqxgVnmOJa-qq9W5UBrQWjUI-_lcYRxVdI89U9spMIDEwMY_Vo2mNM-l665ehbzuFbuavIWdmFg%3D%3D&hl=en-US&gl=us&fo_m=MfohQo559jFvMUOzJVpjPL1YMfZ3bInYwBDuMfaXTPp5KXh-&utm_source=tactile&gei=a2gJaIq6PKbF4-EPuIGukAc&ei=a2gJaIq6PKbF4-EPuIGukAc&fo_s=OA,SOE&opi=79508299&ebb=1&cs=0&foub=mcpp",,,"https://www.google.com/maps/place/Gong+Cha/@40.7782124,-73.9823372,14z/data=!4m8!1m2!2m1!1sGong+Cha!3m4!1s0x89c2599afdc00d61:0x35e9c4d7a2589fa0!8m2!3d40.7782124!4d-73.9823372","https://www.google.com/maps/place/Gong+Cha/@40.7782124,-73.9823372,13.99z/data=!4m16!1m7!3m6!1s0x89c2599afdc00d61:0x35e9c4d7a2589fa0!2sGong+Cha!8m2!3d40.7782124!4d-73.9823372!16s%2Fg%2F11ckvg1dmb!3m7!1s0x89c2599afdc00d61:0x35e9c4d7a2589fa0!8m2!3d40.7782124!4d-73.9823372!9m1!1b1!16s%2Fg%2F11ckvg1dmb?entry=ttu",ChIJYQ3A_ZpZwokRoJ9YotfE6TU,0x89c2599afdc00d61:0x35e9c4d7a2589fa0,3884852584004493216,/g/11rqwqr0s3,3884852584004493216,,inquiries@gongchausa.com,RECEIVING,SMTP validated,Anchal Lamba,Anchal,Lamba,Managing Member,12123982716,anchal@gongchausa.com,RECEIVING,SMTP validated,Anchal Lamba,Anchal,Lamba,President,15163839000,rborgia@gongchausa.com,INVALID,Invalid SMTP,Robert Borgia,Robert,Borgia,Could Not Locate,15167496919,5168135642,15624748745,14697099380,https://www.facebook.com/gongchatea/,http://instagram.com/gongchatea,https://www.linkedin.com/company/gong-cha,https://www.tiktok.com/@gongcha.bubbletea,,,,,,,https://twitter.com/gongchatea,,,,,New Jersey – Jersey City - Gong cha,All in One SEO (AIOSEO) 4.7.7.2,Premium Quality Bubble Tea,,False,False
"bubble tea store, 10123, New York, NY, US",HEYTEA (Broadway),Heytea Broadway,http://heytea.com/,Tea house,Tea house,Tea house,+1 646-858-0868,"1407 Broadway, New York, NY 10018",Manhattan,1407 Broadway,New York,10018,New York,New York,United States of America,US,40.7534479,-73.9875509,892a100d2d3ffff,America/New_York,,False,4.7,1046,"https://search.google.com/local/reviews?placeid=ChIJy44fekJZwokRQtXYcPHJtD0&q=bubble+tea+store,+10123,+New+York,+NY,+US&authuser=0&hl=en&gl=US",,,47.0,11.0,32.0,58.0,898.0,833,https://lh3.googleusercontent.com/gps-cs-s/AB5caB-5kGWryJ1luAUNMImXos9hRsrsBhtsG9-AIm6CVqig34QZj5kTZGzPVQPk_9b8vlV6PIfAAEvHjQIXqTtsBGwbBdX4ehA4V8Eua_FE_DXg8lOWxjcmlmSFrYctKWES3hDBqIz45g=w800-h500-k-no,https://lh3.googleusercontent.com/gps-cs-s/AB5caB-5kGWryJ1luAUNMImXos9hRsrsBhtsG9-AIm6CVqig34QZj5kTZGzPVQPk_9b8vlV6PIfAAEvHjQIXqTtsBGwbBdX4ehA4V8Eua_FE_DXg8lOWxjcmlmSFrYctKWES3hDBqIz45g=w1600-h1000-k-no,,"{""Monday"": ""11AM-9PM"", ""Tuesday"": ""11AM-9PM"", ""Wednesday"": ""11AM-9PM"", ""Thursday"": ""11AM-9PM"", ""Friday"": ""11AM-9:30PM"", ""Saturday"": ""11AM-9:30PM"", ""Sunday"": ""11AM-9PM""}",Monday:11AM-9PM|Tuesday:11AM-9PM|Wednesday:11AM-9PM|Thursday:11AM-9PM|Friday:11AM-9:30PM|Saturday:11AM-9:30PM|Sunday:11AM-9PM,,,OPERATIONAL,"{""Service options"": {""Curbside pickup"": true, ""Delivery"": true, ""Onsite services"": true, ""Takeout"": true, ""Dine-in"": true}, ""Highlights"": {""Great tea selection"": true}, ""Accessibility"": {""Wheelchair accessible parking lot"": false}}",$,,https://lh5.googleusercontent.com/-gy_8iPQiqiQ/AAAAAAAAAAI/AAAAAAAAAAA/n3pcWMdB-v0/s44-p-k-no-ns-nd/photo.jpg,,,True,109659404422297616020,HEYTEA,https://www.google.com/maps/contrib/109659404422297616020,,"https://www.google.com/viewer/chooseprovider?mid=/g/11y1t0vk43&g2lbs=AAEPWCtwMjN-W58uSodBwLVgp26Ea70W9_E1XRQuWpN-dBqIaw6RJSKyc9rLPRb9PrRh2aiiIj-WWAeoXHbA28smoE2PmnIaUw%3D%3D&hl=en-US&gl=us&fo_m=MfohQo559jFvMUOzJVpjPL1YMfZ3bInYwBDuMfaXTPp5KXh-&utm_source=tactile&gei=bWgJaL2FMsyVxc8PvpnxiQc&ei=bWgJaL2FMsyVxc8PvpnxiQc&fo_s=OA,SOE&opi=79508299&ebb=1&cs=0&foub=mcpp",,,"https://www.google.com/maps/place/HEYTEA+%28Broadway%29/@40.7534479,-73.9875509,14z/data=!4m8!1m2!2m1!1sHEYTEA+%28Broadway%29!3m4!1s0x89c259427a1f8ecb:0x3db4c9f170d8d542!8m2!3d40.7534479!4d-73.9875509","https://www.google.com/maps/place/HEYTEA+%28Broadway%29/@40.7534479,-73.9875509,13.99z/data=!4m16!1m7!3m6!1s0x89c259427a1f8ecb:0x3db4c9f170d8d542!2sHEYTEA+%28Broadway%29!8m2!3d40.7534479!4d-73.9875509!16s%2Fg%2F11ckvg1dmb!3m7!1s0x89c259427a1f8ecb:0x3db4c9f170d8d542!8m2!3d40.7534479!4d-73.9875509!9m1!1b1!16s%2Fg%2F11ckvg1dmb?entry=ttu",ChIJy44fekJZwokRQtXYcPHJtD0,0x89c259427a1f8ecb:0x3db4c9f170d8d542,4446400770939082050,/g/11y1t0vk43,4446400770939082050,,pr@heytea.com,RECEIVING,SMTP validated,,,,,,,,,,,,,,,,,,,,,,,84826139488,,https://www.facebook.com/109361585307020,,https://www.linkedin.com/company/深圳美西西餐饮管理有限公司,,,,,,,,http://twitter.com/heyteaofficial,,,,,喜茶HEYTEA--唯一官网,,,"喜茶HEYTEA,灵感之茶，一杯茶激发一份灵感！",,
"bubble tea store, 10123, New York, NY, US",Gong Cha,Gong Cha,http://www.gongchausa.com/,Bubble tea store,Bubble tea store,Bubble tea store,+1 212-659-2513,"1600 Broadway, New York, NY 10019",Manhattan,1600 Broadway,New York,10019,New York,New York,United States of America,US,40.760245399999995,-73.9843654,892a100d64fffff,America/New_York,,False,4.2,297,"https://search.google.com/local/reviews?placeid=ChIJ31PBw6pZwokR_J3xoCTVzHQ&q=bubble+tea+store,+10123,+New+York,+NY,+US&authuser=0&hl=en&gl=US",,,31.0,14.0,15.0,51.0,186.0,244,https://lh3.googleusercontent.com/gps-cs-s/AB5caB8VYof-vpwPHPf16blWwR5GaRoh87CUwGGZtfF51SIINHZTL1ySdwCDW_iwymX6cdW3q2KbQeRHXrfjBpwtBacYyhxk7pUxoN2P4NA9_2jEeBlo_lkr0Qoyabhx1MSLrUP1JtJBOg=w800-h500-k-no,https://lh3.googleusercontent.com/gps-cs-s/AB5caB8VYof-vpwPHPf16blWwR5GaRoh87CUwGGZtfF51SIINHZTL1ySdwCDW_iwymX6cdW3q2KbQeRHXrfjBpwtBacYyhxk7pUxoN2P4NA9_2jEeBlo_lkr0Qoyabhx1MSLrUP1JtJBOg=w1600-h1000-k-no,,"{""Monday"": ""11AM-10:30PM"", ""Tuesday"": ""11AM-10:30PM"", ""Wednesday"": ""11AM-10:30PM"", ""Thursday"": ""11AM-11PM"", ""Friday"": ""11AM-11PM"", ""Saturday"": ""11AM-11PM"", ""Sunday"": ""11AM-10:30PM""}",Monday:11AM-10:30PM|Tuesday:11AM-10:30PM|Wednesday:11AM-10:30PM|Thursday:11AM-11PM|Friday:11AM-11PM|Saturday:11AM-11PM|Sunday:11AM-10:30PM,,,OPERATIONAL,"{""Service options"": {""Delivery"": true, ""Onsite services"": true, ""Takeout"": true, ""Dine-in"": true}, ""Highlights"": {""Great tea selection"": true}}",$,,https://lh6.googleusercontent.com/-9MVW_lMS_qo/AAAAAAAAAAI/AAAAAAAAAAA/DQZP8ZBltj8/s44-p-k-no-ns-nd/photo.jpg,,,True,113896301337658855800,Gong Cha,https://www.google.com/maps/contrib/113896301337658855800,,"https://www.google.com/viewer/chooseprovider?mid=/g/11frlm7488&g2lbs=AAEPWCs9CVUdDM44oRJTa-HmeaK1ClAJ0meexfFKQX_YvEuc-yfCGZccX1w8_6b2rCpnQWx7wRNQNfWXVQrqLk395cwhgSYcsw%3D%3D&hl=en-US&gl=us&fo_m=MfohQo559jFvMUOzJVpjPL1YMfZ3bInYwBDuMfaXTPp5KXh-&utm_source=tactile&gei=bWgJaL2FMsyVxc8PvpnxiQc&ei=bWgJaL2FMsyVxc8PvpnxiQc&fo_s=OA,SOE&opi=79508299&ebb=1&cs=0&foub=mcpp",,,"https://www.google.com/maps/place/Gong+Cha/@40.760245399999995,-73.9843654,14z/data=!4m8!1m2!2m1!1sGong+Cha!3m4!1s0x89c259aac3c153df:0x74ccd524a0f19dfc!8m2!3d40.760245399999995!4d-73.9843654","https://www.google.com/maps/place/Gong+Cha/@40.760245399999995,-73.9843654,13.99z/data=!4m16!1m7!3m6!1s0x89c259aac3c153df:0x74ccd524a0f19dfc!2sGong+Cha!8m2!3d40.760245399999995!4d-73.9843654!16s%2Fg%2F11ckvg1dmb!3m7!1s0x89c259aac3c153df:0x74ccd524a0f19dfc!8m2!3d40.760245399999995!4d-73.9843654!9m1!1b1!16s%2Fg%2F11ckvg1dmb?entry=ttu",ChIJ31PBw6pZwokR_J3xoCTVzHQ,0x89c259aac3c153df:0x74ccd524a0f19dfc,8416336156944342524,/g/11frlm7488,8416336156944342524,,inquiries@gongchausa.com,RECEIVING,SMTP validated,Anchal Lamba,Anchal,Lamba,Managing Member,12123982716,anchal@gongchausa.com,RECEIVING,SMTP validated,Anchal Lamba,Anchal,Lamba,President,15163839000,rborgia@gongchausa.com,INVALID,Invalid SMTP,Robert Borgia,Robert,Borgia,Could Not Locate,15167496919,5168135642,15624748745,14697099380,https://www.facebook.com/gongchatea/,http://instagram.com/gongchatea,https://www.linkedin.com/company/gong-cha,https://www.tiktok.com/@gongcha.bubbletea,,,,,,,https://twitter.com/gongchatea,,,,,New Jersey – Jersey City - Gong cha,All in One SEO (AIOSEO) 4.7.7.2,Premium Quality Bubble Tea,,False,False
"bubble tea store, 10123, New York, NY, US",Mango Mango Artisan Lab,Mango Mango Artisan Lab,http://mangomangodessert.com/,"Bubble tea store, Dessert shop, Creperie, Ice cream shop, Juice shop",Dessert shop,Bubble tea store,+1 917-261-5353,"23 St Marks Pl, New York, NY 10003",Manhattan,23 St Marks Pl,New York,10003,New York,New York,United States of America,US,40.7292093,-73.9886257,892a1072c97ffff,America/New_York,,False,4.3,744,"https://search.google.com/local/reviews?placeid=ChIJoWQIeZxZwokRwkS9fNOEdps&q=bubble+tea+store,+10123,+New+York,+NY,+US&authuser=0&hl=en&gl=US",,,54.0,16.0,64.0,137.0,473.0,1042,https://lh3.googleusercontent.com/gps-cs-s/AB5caB-8azrpLOZ5Yr4SqrmVyMkCANhmoaNL4916H0eybkTgPCaE9tv-XlVVDk7CJvNzzkbeNWABE31ftZfHyqjRYIKPdluvCdfbSAbh1vY6li3QBMnm13o8uqwuznWsOD2zSlBDZR0o=w800-h500-k-no,https://lh3.googleusercontent.com/gps-cs-s/AB5caB-8azrpLOZ5Yr4SqrmVyMkCANhmoaNL4916H0eybkTgPCaE9tv-XlVVDk7CJvNzzkbeNWABE31ftZfHyqjRYIKPdluvCdfbSAbh1vY6li3QBMnm13o8uqwuznWsOD2zSlBDZR0o=w1600-h1000-k-no,,"{""Monday"": ""2-11PM"", ""Tuesday"": ""2-11PM"", ""Wednesday"": ""2-11PM"", ""Thursday"": ""2-11PM"", ""Friday"": ""1-11:30PM"", ""Saturday"": ""1-11:30PM"", ""Sunday"": ""1-11PM""}",Monday:2-11PM|Tuesday:2-11PM|Wednesday:2-11PM|Thursday:2-11PM|Friday:1-11:30PM|Saturday:1-11:30PM|Sunday:1-11PM,,,OPERATIONAL,"{""Service options"": {""No-contact delivery"": true, ""Delivery"": true, ""Onsite services"": true, ""Takeout"": true, ""Dine-in"": true}, ""Accessibility"": {""Wheelchair accessible entrance"": false, ""Wheelchair accessible parking lot"": false}, ""Amenities"": {""Wi-Fi"": true}, ""Planning"": {""Quick visit"": true}, ""Payments"": {""Credit cards"": true, ""Debit cards"": true, ""NFC mobile payments"": true}}",$$,,https://lh3.googleusercontent.com/-ZKvazT9y9vw/AAAAAAAAAAI/AAAAAAAAAAA/iKKI1krwrQM/s44-p-k-no-ns-nd/photo.jpg,,,True,101694270293175083587,Mango Mango Artisan Lab,https://www.google.com/maps/contrib/101694270293175083587,,"https://www.google.com/viewer/chooseprovider?mid=/g/11g8xd2nbj&g2lbs=AAEPWCu7sXvOH_UOMSon0VDEzxh_yqm4gYwC3glvg6G-ZQWKJ4PXWfJd2W5kO_xSrZ8sxi1DofptgXSkkfAk_o7AJLvAvfjn-w%3D%3D&hl=en-US&gl=us&fo_m=MfohQo559jFvMUOzJVpjPL1YMfZ3bInYwBDuMfaXTPp5KXh-&utm_source=tactile&gei=bWgJaL2FMsyVxc8PvpnxiQc&ei=bWgJaL2FMsyVxc8PvpnxiQc&fo_s=OA,SOE&opi=79508299&ebb=1&cs=0&foub=mcpp",,,"https://www.google.com/maps/place/Mango+Mango+Artisan+Lab/@40.7292093,-73.9886257,14z/data=!4m8!1m2!2m1!1sMango+Mango+Artisan+Lab!3m4!1s0x89c2599c790864a1:0x9b7684d37cbd44c2!8m2!3d40.7292093!4d-73.9886257","https://www.google.com/maps/place/Mango+Mango+Artisan+Lab/@40.7292093,-73.9886257,13.99z/data=!4m16!1m7!3m6!1s0x89c2599c790864a1:0x9b7684d37cbd44c2!2sMango+Mango+Artisan+Lab!8m2!3d40.7292093!4d-73.9886257!16s%2Fg%2F11ckvg1dmb!3m7!1s0x89c2599c790864a1:0x9b7684d37cbd44c2!8m2!3d40.7292093!4d-73.9886257!9m1!1b1!16s%2Fg%2F11ckvg1dmb?entry=ttu",ChIJoWQIeZxZwokRwkS9fNOEdps,0x89c2599c790864a1:0x9b7684d37cbd44c2,11202287166996432066,/g/11g8xd2nbj,-7244456906713119550,,mangomangodessert@live.com,RECEIVING,SMTP validated,,,,,,,,,,,,,,,,,,,,,,17038528222,16783957094,17038258222,https://www.facebook.com/mmdEdenCenter/,,,,,,,,,,,,,,,HOME | Mango Mango Desserts,Wix.com Website Builder,,,False,False
"bubble tea store, 10123, New York, NY, US",Gong Cha,Gong Cha,http://www.gongchausa.com/,Bubble tea store,Bubble tea store,Bubble tea store,+1 646-850-6566,"2810 Broadway, New York, NY 10025",Manhattan,2810 Broadway,New York,10025,New York,New York,United States of America,US,40.8031948,-73.96707649999999,892a1008883ffff,America/New_York,,False,4.5,266,"https://search.google.com/local/reviews?placeid=ChIJw32oXmz3wokRuusAeZwEx60&q=bubble+tea+store,+10123,+New+York,+NY,+US&authuser=0&hl=en&gl=US",,,17.0,7.0,13.0,31.0,198.0,170,https://lh3.googleusercontent.com/gps-cs-s/AB5caB9_ixvpDKuKFOXhqDSwK6tmA_Y9uZJII9QG3FX6V3beZGWQyc1xHyXXSui-zJbULSmv5R2Np7L4qpSvPMq4oiMKSKvd_uD4DAPcygWCiAZlyoX1YOUfrxXfGCBuXQWaNbRHxJQN=w800-h500-k-no,https://lh3.googleusercontent.com/gps-cs-s/AB5caB9_ixvpDKuKFOXhqDSwK6tmA_Y9uZJII9QG3FX6V3beZGWQyc1xHyXXSui-zJbULSmv5R2Np7L4qpSvPMq4oiMKSKvd_uD4DAPcygWCiAZlyoX1YOUfrxXfGCBuXQWaNbRHxJQN=w1600-h1000-k-no,,"{""Monday"": ""10:30AM-10:30PM"", ""Tuesday"": ""10:30AM-10:30PM"", ""Wednesday"": ""10:30AM-10:30PM"", ""Thursday"": ""10:30AM-10:30PM"", ""Friday"": ""10:30AM-10:30PM"", ""Saturday"": ""10:30AM-10:30PM"", ""Sunday"": ""10:30AM-10:30PM""}",Monday:10:30AM-10:30PM|Tuesday:10:30AM-10:30PM|Wednesday:10:30AM-10:30PM|Thursday:10:30AM-10:30PM|Friday:10:30AM-10:30PM|Saturday:10:30AM-10:30PM|Sunday:10:30AM-10:30PM,,,OPERATIONAL,"{""Service options"": {""Delivery"": true, ""Takeout"": true, ""Dine-in"": true}, ""Highlights"": {""Great tea selection"": true}, ""Accessibility"": {""Wheelchair accessible parking lot"": false}, ""Parking"": {""Paid street parking"": true}}",$,,https://lh5.googleusercontent.com/-IMArld5HGGo/AAAAAAAAAAI/AAAAAAAAAAA/W1Jf4xbVryI/s44-p-k-no-ns-nd/photo.jpg,,,True,101674921629950520966,Gong Cha,https://www.google.com/maps/contrib/101674921629950520966,,,,,"https://www.google.com/maps/place/Gong+Cha/@40.8031948,-73.96707649999999,14z/data=!4m8!1m2!2m1!1sGong+Cha!3m4!1s0x89c2f76c5ea87dc3:0xadc7049c7900ebba!8m2!3d40.8031948!4d-73.96707649999999","https://www.google.com/maps/place/Gong+Cha/@40.8031948,-73.96707649999999,13.99z/data=!4m16!1m7!3m6!1s0x89c2f76c5ea87dc3:0xadc7049c7900ebba!2sGong+Cha!8m2!3d40.8031948!4d-73.96707649999999!16s%2Fg%2F11ckvg1dmb!3m7!1s0x89c2f76c5ea87dc3:0xadc7049c7900ebba!8m2!3d40.8031948!4d-73.96707649999999!9m1!1b1!16s%2Fg%2F11ckvg1dmb?entry=ttu",ChIJw32oXmz3wokRuusAeZwEx60,0x89c2f76c5ea87dc3:0xadc7049c7900ebba,12521982359018466234,/g/11f6plq77x,-5924761714691085382,,inquiries@gongchausa.com,RECEIVING,SMTP validated,Anchal Lamba,Anchal,Lamba,Managing Member,12123982716,anchal@gongchausa.com,RECEIVING,SMTP validated,Anchal Lamba,Anchal,Lamba,President,15163839000,rborgia@gongchausa.com,INVALID,Invalid SMTP,Robert Borgia,Robert,Borgia,Could Not Locate,15167496919,5168135642,15624748745,14697099380,https://www.facebook.com/gongchatea/,http://instagram.com/gongchatea,https://www.linkedin.com/company/gong-cha,https://www.tiktok.com/@gongcha.bubbletea,,,,,,,https://twitter.com/gongchatea,,,,,New Jersey – Jersey City - Gong cha,All in One SEO (AIOSEO) 4.7.7.2,Premium Quality Bubble Tea,,False,False
"bubble tea store, 10123, New York, NY, US",Kung Fu Tea,Kung Fu Tea,https://kungfutea.com/,Bubble tea store,Bubble tea store,Bubble tea store,+1 917-388-3021,"42 W 38th St, New York, NY 10018",Manhattan,42 W 38th St,New York,10018,New York,New York,United States of America,US,40.751593299999996,-73.98478999999999,892a100d66fffff,America/New_York,,False,4.5,107,"https://search.google.com/local/reviews?placeid=ChIJ4a1rlO1ZwokRbjfnMGaYaI0&q=bubble+tea+store,+10123,+New+York,+NY,+US&authuser=0&hl=en&gl=US",,,10.0,2.0,1.0,7.0,87.0,509,https://lh3.googleusercontent.com/gps-cs-s/AB5caB-tbOkP0ceU7NF42pHiNne_bJ2DaTlgfPOJyH5vVuugrjnlpKgwugpPVquKDcHedj9wo_nIiRoaVqo7AvhVZ8kdxcVVH78Y3B3q1OFxJHw2pl8cKEEaEVXrRIDkvmhFt65k6uy7Lw=w800-h500-k-no,https://lh3.googleusercontent.com/gps-cs-s/AB5caB-tbOkP0ceU7NF42pHiNne_bJ2DaTlgfPOJyH5vVuugrjnlpKgwugpPVquKDcHedj9wo_nIiRoaVqo7AvhVZ8kdxcVVH78Y3B3q1OFxJHw2pl8cKEEaEVXrRIDkvmhFt65k6uy7Lw=w1600-h1000-k-no,,"{""Monday"": ""8AM-9PM"", ""Tuesday"": ""8AM-9PM"", ""Wednesday"": ""8AM-9PM"", ""Thursday"": ""8AM-9PM"", ""Friday"": ""8AM-9PM"", ""Saturday"": ""11:30AM-9PM"", ""Sunday"": ""11:30AM-9PM""}",Monday:8AM-9PM|Tuesday:8AM-9PM|Wednesday:8AM-9PM|Thursday:8AM-9PM|Friday:8AM-9PM|Saturday:11:30AM-9PM|Sunday:11:30AM-9PM,,,OPERATIONAL,"{""Service options"": {""Delivery"": true, ""Takeout"": true, ""Dine-in"": true}, ""Highlights"": {""Great tea selection"": true}, ""Accessibility"": {""Wheelchair accessible entrance"": true, ""Wheelchair accessible parking lot"": false}}",$,,https://lh4.googleusercontent.com/-JJx-530cYzU/AAAAAAAAAAI/AAAAAAAAAAA/PDLMqXU3VRo/s44-p-k-no-ns-nd/photo.jpg,"Bubble tea specialist with a selection of other hot & cold drinks, including coffee & slushes.",,True,110259545951702232531,Kung Fu Tea,https://www.google.com/maps/contrib/110259545951702232531,,"https://www.google.com/viewer/chooseprovider?mid=/g/11t1mvfp_d&g2lbs=AAEPWCuLX1jtEXkDxGk926yHKzY2E7-fym4GvQb9aJO1-FtL_ZsCebPYiXqczm87CscT--zvVRqb5uqLbUdN4kLOfC1H5o7qQQ%3D%3D&hl=en-US&gl=us&fo_m=MfohQo559jFvMUOzJVpjPL1YMfZ3bInYwBDuMfaXTPp5KXh-&utm_source=tactile&gei=bWgJaL2FMsyVxc8PvpnxiQc&ei=bWgJaL2FMsyVxc8PvpnxiQc&fo_s=OA,SOE&opi=79508299&ebb=1&cs=0&foub=mcpp",,,"https://www.google.com/maps/place/Kung+Fu+Tea/@40.751593299999996,-73.98478999999999,14z/data=!4m8!1m2!2m1!1sKung+Fu+Tea!3m4!1s0x89c259ed946bade1:0x8d68986630e7376e!8m2!3d40.751593299999996!4d-73.98478999999999","https://www.google.com/maps/place/Kung+Fu+Tea/@40.751593299999996,-73.98478999999999,13.99z/data=!4m16!1m7!3m6!1s0x89c259ed946bade1:0x8d68986630e7376e!2sKung+Fu+Tea!8m2!3d40.751593299999996!4d-73.98478999999999!16s%2Fg%2F11ckvg1dmb!3m7!1s0x89c259ed946bade1:0x8d68986630e7376e!8m2!3d40.751593299999996!4d-73.98478999999999!9m1!1b1!16s%2Fg%2F11ckvg1dmb?entry=ttu",ChIJ4a1rlO1ZwokRbjfnMGaYaI0,0x89c259ed946bade1:0x8d68986630e7376e,10189561721600292718,/g/11t1mvfp_d,-8257182352109258898,,support@armsglobalinc.com,RECEIVING,Role,,,,,,marketing@kfteausa.com,RECEIVING,SMTP validated,,,,,,delivery_help@grubhub.com,RECEIVING,SMTP validated,,,,,,+1 724-544-6367,+1 855-538-9888,15402175182,https://www.facebook.com/kungfuteausa/,https://www.instagram.com/kungfuteausa,https://www.linkedin.com/company/kung-fu-tea,https://www.tiktok.com/@kungfutea,,,,,,,https://twitter.com/kfteausa,,,,,Menu — Kung Fu Tea | Fresh - Innovative - Fearless leading tea brand,WordPress 6.3,"Menu At Kung Fu Tea, every beverage is made-to-order with real Kung Fu. Our tea is freshly brewed every 3 hours using premium tea leaves. You can choose from classic teas, milk teas, fruit teas, slushies and more. Each drink is customized by you! You get to pick your toppings,…",,False,True
"bubble tea store, 10123, New York, NY, US",Teazzi Tea Shop,Teazzi Tea Shop,https://teazzi.com/,Bubble tea store,Bubble tea store,Bubble tea store,+1 212-871-3003,"10 Doyers St, New York, NY 10013",Manhattan,10 Doyers St,New York,10013,New York,New York,United States of America,US,40.7145112,-73.9980389,892a1072c23ffff,America/New_York,,False,4.5,80,"https://search.google.com/local/reviews?placeid=ChIJ68en07tbwokRi68-1AnlRXA&q=bubble+tea+store,+10123,+New+York,+NY,+US&authuser=0&hl=en&gl=US",,,5.0,3.0,1.0,7.0,64.0,208,https://lh3.googleusercontent.com/gps-cs-s/AB5caB--Giub7iPi5YB9PVr23NX-A9ec8qi5jWffOlfSyElfqGkSokgcAOHXvoOKJSgJ42k21SnMxQ4xXRzs5loS-fiFH7XonpEkjhIfCc3BT5v2KhT6FW8zPHfpXw7V529mLyn-xhU=w800-h500-k-no,https://lh3.googleusercontent.com/gps-cs-s/AB5caB--Giub7iPi5YB9PVr23NX-A9ec8qi5jWffOlfSyElfqGkSokgcAOHXvoOKJSgJ42k21SnMxQ4xXRzs5loS-fiFH7XonpEkjhIfCc3BT5v2KhT6FW8zPHfpXw7V529mLyn-xhU=w1600-h1000-k-no,,"{""Monday"": ""11AM-8PM"", ""Tuesday"": ""11AM-8PM"", ""Wednesday"": ""11AM-8PM"", ""Thursday"": ""11AM-8PM"", ""Friday"": ""11AM-9PM"", ""Saturday"": ""11AM-9PM"", ""Sunday"": ""11AM-9PM""}",Monday:11AM-8PM|Tuesday:11AM-8PM|Wednesday:11AM-8PM|Thursday:11AM-8PM|Friday:11AM-9PM|Saturday:11AM-9PM|Sunday:11AM-9PM,,,OPERATIONAL,"{""Service options"": {""No-contact delivery"": true, ""Delivery"": true, ""Onsite services"": true, ""Takeout"": true, ""Dine-in"": true}, ""Highlights"": {""Great tea selection"": true}, ""Accessibility"": {""Wheelchair accessible entrance"": true, ""Assistive hearing loop"": false, ""Wheelchair accessible parking lot"": false, ""Wheelchair accessible restroom"": false, ""Wheelchair accessible seating"": false}, ""Parking"": {""Free street parking"": true}}",$,,https://lh4.googleusercontent.com/-g3d46utI0ao/AAAAAAAAAAI/AAAAAAAAAAA/RmlMxRO0sik/s44-p-k-no-ns-nd/photo.jpg,,,True,112572892396835471357,Teazzi Tea Shop,https://www.google.com/maps/contrib/112572892396835471357,https://www.ubereats.com/store/teazzi-tea-shop-%E7%93%B7%E7%A6%A7/vIP45UD-XNuvfca0K8_-Cg?diningMode=DELIVERY&ps=1&sc=SEARCH_SUGGESTION,"https://www.google.com/viewer/chooseprovider?mid=/g/11vxnpyvbm&g2lbs=AAEPWCsrup-1WZmB5XxBdkjsD22y0VEeRQ_2k2maz7kfrdXLJkGqWRNjaztIdjIFe3I3_2PSmHOUQ12dR28oGAUpeDARCr0NtA%3D%3D&hl=en-US&gl=us&fo_m=MfohQo559jFvMUOzJVpjPL1YMfZ3bInYwBDuMfaXTPp5KXh-&utm_source=tactile&gei=bWgJaL2FMsyVxc8PvpnxiQc&ei=bWgJaL2FMsyVxc8PvpnxiQc&fo_s=OA,SOE&opi=79508299&ebb=1&cs=0&foub=mcpp",,https://www.ubereats.com/store/teazzi-tea-shop-%E7%93%B7%E7%A6%A7/vIP45UD-XNuvfca0K8_-Cg?diningMode=DELIVERY&ps=1&sc=SEARCH_SUGGESTION,"https://www.google.com/maps/place/Teazzi+Tea+Shop/@40.7145112,-73.9980389,14z/data=!4m8!1m2!2m1!1sTeazzi+Tea+Shop!3m4!1s0x89c25bbbd3a7c7eb:0x7045e509d43eaf8b!8m2!3d40.7145112!4d-73.9980389","https://www.google.com/maps/place/Teazzi+Tea+Shop/@40.7145112,-73.9980389,13.99z/data=!4m16!1m7!3m6!1s0x89c25bbbd3a7c7eb:0x7045e509d43eaf8b!2sTeazzi+Tea+Shop!8m2!3d40.7145112!4d-73.9980389!16s%2Fg%2F11ckvg1dmb!3m7!1s0x89c25bbbd3a7c7eb:0x7045e509d43eaf8b!8m2!3d40.7145112!4d-73.9980389!9m1!1b1!16s%2Fg%2F11ckvg1dmb?entry=ttu",ChIJ68en07tbwokRi68-1AnlRXA,0x89c25bbbd3a7c7eb:0x7045e509d43eaf8b,8090124136019308427,/g/11vxnpyvbm,8090124136019308427,,nyc@teazzi.com,RECEIVING,SMTP validated,,,,,,,,,,,,,,,,,,,,,,19172681999,18573503156,,https://www.facebook.com/teazziteashop.us/,https://www.instagram.com/teazziteashop.us,,,,,,,,,,,,,,Teazzi Tea – Keep Calm and Drink Tea,WordPress 6.5.2,,,False,False
"bubble tea store, 10123, New York, NY, US",SIYI Tea & Incense,Siyi Tea And Incense,https://tapthru.com/store/siyi-new-york-11057,"Bubble tea store, Juice shop",Bubble tea store,Bubble tea store,+1 917-285-6945,"173 Hester St, New York, NY 10013",Manhattan,173 Hester St,New York,10013,New York,New York,United States of America,US,40.7178774,-73.9969023,892a1072c33ffff,America/New_York,,False,4.2,74,"https://search.google.com/local/reviews?placeid=ChIJh-EBveRZwokRD4C1YRPyoJ4&q=bubble+tea+store,+10123,+New+York,+NY,+US&authuser=0&hl=en&gl=US",,,9.0,2.0,3.0,10.0,50.0,165,https://lh3.googleusercontent.com/gps-cs-s/AB5caB8ZSMwz84tjPpVALu3emgldYqxJ1Uvsd3ZVam-n8g9fEuqGV7PJvNGM8mK6lPO0vL90HAkJMrbDGEWP4c6wheR8w0IFSaVo239c2WtD4lVIcdpZFik1432qTZP3dRi12She9d01=w800-h500-k-no,https://lh3.googleusercontent.com/gps-cs-s/AB5caB8ZSMwz84tjPpVALu3emgldYqxJ1Uvsd3ZVam-n8g9fEuqGV7PJvNGM8mK6lPO0vL90HAkJMrbDGEWP4c6wheR8w0IFSaVo239c2WtD4lVIcdpZFik1432qTZP3dRi12She9d01=w1600-h1000-k-no,,"{""Monday"": ""11AM-10PM"", ""Tuesday"": ""11AM-10PM"", ""Wednesday"": ""11AM-10PM"", ""Thursday"": ""11AM-10PM"", ""Friday"": ""11AM-10PM"", ""Saturday"": ""11AM-10PM"", ""Sunday"": ""11AM-10PM""}",Monday:11AM-10PM|Tuesday:11AM-10PM|Wednesday:11AM-10PM|Thursday:11AM-10PM|Friday:11AM-10PM|Saturday:11AM-10PM|Sunday:11AM-10PM,,,OPERATIONAL,"{""Service options"": {""No-contact delivery"": true, ""Delivery"": true, ""Takeout"": true, ""Dine-in"": true}, ""Crowd"": {""LGBTQ+ friendly"": true, ""Transgender safespace"": true}, ""Other"": {""LGBTQ+ friendly"": true}}",$,,https://lh5.googleusercontent.com/-oNAt5VFTNyE/AAAAAAAAAAI/AAAAAAAAAAA/UaJd56Y6TJc/s44-p-k-no-ns-nd/photo.jpg,,,True,104921583397891242716,SIYI TEA & INCENSE,https://www.google.com/maps/contrib/104921583397891242716,,"https://www.google.com/viewer/chooseprovider?mid=/g/11w1mfrs3b&g2lbs=AAEPWCs2vRLURqDXQVj1ivsaFtsxFTV_YofG874Hs0KVIGkZ6PwVVjJBuDHynEDhkhYfnaEHVFILHb891balVR5NP23Xpr8udg%3D%3D&hl=en-US&gl=us&fo_m=MfohQo559jFvMUOzJVpjPL1YMfZ3bInYwBDuMfaXTPp5KXh-&utm_source=tactile&gei=bWgJaL2FMsyVxc8PvpnxiQc&ei=bWgJaL2FMsyVxc8PvpnxiQc&fo_s=OA,SOE&opi=79508299&ebb=1&cs=0&foub=mcpp",,,"https://www.google.com/maps/place/SIYI+TEA+%26+INCENSE/@40.7178774,-73.9969023,14z/data=!4m8!1m2!2m1!1sSIYI+TEA+%26+INCENSE!3m4!1s0x89c259e4bd01e187:0x9ea0f21361b5800f!8m2!3d40.7178774!4d-73.9969023","https://www.google.com/maps/place/SIYI+TEA+%26+INCENSE/@40.7178774,-73.9969023,13.99z/data=!4m16!1m7!3m6!1s0x89c259e4bd01e187:0x9ea0f21361b5800f!2sSIYI+TEA+%26+INCENSE!8m2!3d40.7178774!4d-73.9969023!16s%2Fg%2F11ckvg1dmb!3m7!1s0x89c259e4bd01e187:0x9ea0f21361b5800f!8m2!3d40.7178774!4d-73.9969023!9m1!1b1!16s%2Fg%2F11ckvg1dmb?entry=ttu",ChIJh-EBveRZwokRD4C1YRPyoJ4,0x89c259e4bd01e187:0x9ea0f21361b5800f,11430402019323904015,/g/11w1mfrs3b,-7016342054385647601,,info@tapthru.com,RECEIVING,SMTP validated,,,,,,,,,,,,,,,,,,,,,,,,,,,,,,,,,,,,,,,,TapThru Food Delivery & Takeout - Order Online From Restaurants Near You,,,,False,True
"bubble tea store, 10123, New York, NY, US",Yaya Tea GRAND,Yaya Tea Grand,http://yayatea.com/,"Bubble tea store, Cafe, Japanese grocery store, Tea house",Bubble tea store,Bubble tea store,+1 212-929-2832,"206 Grand St, New York, NY 10013",Manhattan,206 Grand St,New York,10013,New York,New York,United States of America,US,40.7191263,-73.9963099,892a1072c33ffff,America/New_York,,False,4.3,664,"https://search.google.com/local/reviews?placeid=ChIJsRZnQohZwokRYv_vgJiXLT8&q=bubble+tea+store,+10123,+New+York,+NY,+US&authuser=0&hl=en&gl=US",,,28.0,18.0,58.0,150.0,410.0,628,https://lh3.googleusercontent.com/gps-cs-s/AB5caB-GSOQhOHPJv5L3AlUjkDzSm2dc8id7LCn1-TNL37CebMzp_6xRNWVI_NUDQf4xF80bMXXsrz50owj7qh9Bt1tybnl3UVW0YqRIBTzXu66-oGQ4qju2ksxq4GJt4O_otOjwWZAmlg=w800-h500-k-no,https://lh3.googleusercontent.com/gps-cs-s/AB5caB-GSOQhOHPJv5L3AlUjkDzSm2dc8id7LCn1-TNL37CebMzp_6xRNWVI_NUDQf4xF80bMXXsrz50owj7qh9Bt1tybnl3UVW0YqRIBTzXu66-oGQ4qju2ksxq4GJt4O_otOjwWZAmlg=w1600-h1000-k-no,,"{""Monday"": ""10AM-8PM"", ""Tuesday"": ""10AM-8PM"", ""Wednesday"": ""10AM-8PM"", ""Thursday"": ""10AM-8PM"", ""Friday"": ""10AM-8PM"", ""Saturday"": ""10AM-8PM"", ""Sunday"": ""10AM-8PM""}",Monday:10AM-8PM|Tuesday:10AM-8PM|Wednesday:10AM-8PM|Thursday:10AM-8PM|Friday:10AM-8PM|Saturday:10AM-8PM|Sunday:10AM-8PM,,,OPERATIONAL,"{""From the business"": {""Identifies as Asian-owned"": true, ""Identifies as women-owned"": true}, ""Service options"": {""No-contact delivery"": true, ""Delivery"": true, ""Onsite services"": true, ""Takeout"": true, ""Dine-in"": true}, ""Highlights"": {""Great tea selection"": true}, ""Accessibility"": {""Wheelchair accessible entrance"": true, ""Wheelchair accessible parking lot"": false}, ""Other"": {""Identifies as women-owned"": true, ""Identifies as Asian-owned"": true}}",$,,https://lh4.googleusercontent.com/-mC1FixjMhk4/AAAAAAAAAAI/AAAAAAAAAAA/Pqmp1vCAfIM/s44-p-k-no-ns-nd/photo.jpg,"Bustling, corner shop offering an array of bubble tea drinks & Japanese snacks in a casual setting.",,True,113762352849691400213,Yaya Tea GRAND,https://www.google.com/maps/contrib/113762352849691400213,,"https://www.google.com/viewer/chooseprovider?mid=/g/11c1x322hv&g2lbs=AAEPWCvPq6OlRRQMaT6IQgb3OCxTfpCUN4YiiHqtfnLL2p6t1nz1clC4nDDbSMihvJP4Ptm__RY14aPP7QWdtV_4kMeL7SG4bw%3D%3D&hl=en-US&gl=us&fo_m=MfohQo559jFvMUOzJVpjPL1YMfZ3bInYwBDuMfaXTPp5KXh-&utm_source=tactile&gei=bWgJaL2FMsyVxc8PvpnxiQc&ei=bWgJaL2FMsyVxc8PvpnxiQc&fo_s=OA,SOE&opi=79508299&ebb=1&cs=0&foub=mcpp",,,"https://www.google.com/maps/place/Yaya+Tea+GRAND/@40.7191263,-73.9963099,14z/data=!4m8!1m2!2m1!1sYaya+Tea+GRAND!3m4!1s0x89c25988426716b1:0x3f2d979880efff62!8m2!3d40.7191263!4d-73.9963099","https://www.google.com/maps/place/Yaya+Tea+GRAND/@40.7191263,-73.9963099,13.99z/data=!4m16!1m7!3m6!1s0x89c25988426716b1:0x3f2d979880efff62!2sYaya+Tea+GRAND!8m2!3d40.7191263!4d-73.9963099!16s%2Fg%2F11ckvg1dmb!3m7!1s0x89c25988426716b1:0x3f2d979880efff62!8m2!3d40.7191263!4d-73.9963099!9m1!1b1!16s%2Fg%2F11ckvg1dmb?entry=ttu",ChIJsRZnQohZwokRYv_vgJiXLT8,0x89c25988426716b1:0x3f2d979880efff62,4552461479595474786,/g/11c1x322hv,4552461479595474786,,mindy@yayatea.com,INVALID,Undeliverable,Mindy Cheung,Mindy,Cheung,Chief Executive Officer,12122268803,yayateanc@gmail.com,RECEIVING,SMTP validated,,,,,,yaya.teagarden@gmail.com,RECEIVING,SMTP validated,",",",",,,12122268803,19199088153,17182690830,,https://www.facebook.com/yayateagarden/,,,,,,,,,,,,,,,Yaya Tea,WordPress 6.0.2,,,False,False
"bubble tea store, 10123, New York, NY, US",Ten Ren's Tea and Ginseng Co.,Ten Rens Tea And Ginseng,http://www.tenrenfinetea.com/,"Tea store, Tea house",Tea store,Tea store,+1 212-349-2286,"73 Mott St, New York, NY 10013",Manhattan,73 Mott St,New York,10013,New York,New York,United States of America,US,40.7163758,-73.9982038,892a1072c23ffff,America/New_York,,False,4.4,31,"https://search.google.com/local/reviews?placeid=ChIJQ84nDSdawokRVSCi9S3WJFM&q=bubble+tea+store,+10123,+New+York,+NY,+US&authuser=0&hl=en&gl=US",,,2.0,1.0,3.0,3.0,22.0,39,https://lh3.googleusercontent.com/gps-cs-s/AB5caB-crQBwAF0nOKWDjI_BnOB3gsDdim26oIJX1nnEnr2ZpWs7NoxTge6QxuZX3ASQp8iA3hKowB6GiqUUoYG8moX3RYmgQLaxSFNjn3vEec16DGahkbpa3AT7H3nZJ5c7goDt3I0N=w800-h500-k-no,https://lh3.googleusercontent.com/gps-cs-s/AB5caB-crQBwAF0nOKWDjI_BnOB3gsDdim26oIJX1nnEnr2ZpWs7NoxTge6QxuZX3ASQp8iA3hKowB6GiqUUoYG8moX3RYmgQLaxSFNjn3vEec16DGahkbpa3AT7H3nZJ5c7goDt3I0N=w1600-h1000-k-no,,"{""Monday"": ""10AM-7PM"", ""Tuesday"": ""10AM-7PM"", ""Wednesday"": ""10AM-7PM"", ""Thursday"": ""10AM-7PM"", ""Friday"": ""10AM-7PM"", ""Saturday"": ""10AM-7PM"", ""Sunday"": ""10AM-7PM""}",Monday:10AM-7PM|Tuesday:10AM-7PM|Wednesday:10AM-7PM|Thursday:10AM-7PM|Friday:10AM-7PM|Saturday:10AM-7PM|Sunday:10AM-7PM,,,OPERATIONAL,"{""Service options"": {""Delivery"": true, ""In-store pickup"": true, ""In-store shopping"": true, ""Onsite services"": true, ""Takeout"": true, ""Dine-in"": true}, ""Accessibility"": {""Wheelchair accessible entrance"": true, ""Wheelchair accessible parking lot"": false}, ""Amenities"": {""Wi-Fi"": true}, ""Planning"": {""Quick visit"": true}, ""Payments"": {""Credit cards"": true, ""Debit cards"": true, ""NFC mobile payments"": true}, ""Parking"": {""Paid street parking"": true}}",,,https://lh4.googleusercontent.com/-_V1imGRCvlY/AAAAAAAAAAI/AAAAAAAAAAA/UFe1oKV7-lg/s44-p-k-no-ns-nd/photo.jpg,,,True,107040009609509794660,Ten Ren's Tea and Ginseng Co.,https://www.google.com/maps/contrib/107040009609509794660,,,,,"https://www.google.com/maps/place/Ten+Ren%27s+Tea+and+Ginseng+Co./@40.7163758,-73.9982038,14z/data=!4m8!1m2!2m1!1sTen+Ren%27s+Tea+and+Ginseng+Co.!3m4!1s0x89c25a270d27ce43:0x5324d62df5a22055!8m2!3d40.7163758!4d-73.9982038","https://www.google.com/maps/place/Ten+Ren%27s+Tea+and+Ginseng+Co./@40.7163758,-73.9982038,13.99z/data=!4m16!1m7!3m6!1s0x89c25a270d27ce43:0x5324d62df5a22055!2sTen+Ren%27s+Tea+and+Ginseng+Co.!8m2!3d40.7163758!4d-73.9982038!16s%2Fg%2F11ckvg1dmb!3m7!1s0x89c25a270d27ce43:0x5324d62df5a22055!8m2!3d40.7163758!4d-73.9982038!9m1!1b1!16s%2Fg%2F11ckvg1dmb?entry=ttu",ChIJQ84nDSdawokRVSCi9S3WJFM,0x89c25a270d27ce43:0x5324d62df5a22055,5991148897192517717,/g/11f2_mcxmk,5991148897192517717,,customerservice@tenrenfinetea.com,UNKNOWN,Cannot validate,,,,,,info@tenrenfinetea.com,UNKNOWN,Cannot validate,,,,,,,,,,,,,,12127327178,,,https://www.facebook.com/tenrenfinetea/,https://www.instagram.com/tenrenfinetea,,,,,,,,,https://twitter.com/tenrenfinetea,,,,,Ten Ren Tea - Buy the Best Chinese Tea Online,,"Buy the best oolong, pu-erh, and jasmine tea from Ten Ren Tea! Established since 1953, We have over 200 retail stores and restaurants in the world!",,True,True
"bubble tea store, 10123, New York, NY, US",Yaya Tea,Yaya Tea,https://yayatea.com/,"Bubble tea store, Cafe, Japanese grocery store, Restaurant",Bubble tea store,Bubble tea store,+1 212-226-8803,"51 Chrystie St, New York, NY 10002",Manhattan,51 Chrystie St,New York,10002,New York,New York,United States of America,US,40.7162347,-73.9949914,892a1072c37ffff,America/New_York,,False,4.5,736,"https://search.google.com/local/reviews?placeid=ChIJE-ly4SdawokRFPAawZIBq1w&q=bubble+tea+store,+10123,+New+York,+NY,+US&authuser=0&hl=en&gl=US",,,31.0,13.0,47.0,130.0,515.0,561,https://lh3.googleusercontent.com/gps-cs-s/AB5caB8hBpbJRNeVA2PvVx2SCKxn-0O-5nhMiPBZD28ZLnViRvJXzNfhmevIT_SyM4fRJ12yoysiigkr5fNaYU83DsGhlghFc_AtNVrrp8HLKZ3YK9ThSRRFseI4FGGUOBb0A8Q3tdUj=w800-h500-k-no,https://lh3.googleusercontent.com/gps-cs-s/AB5caB8hBpbJRNeVA2PvVx2SCKxn-0O-5nhMiPBZD28ZLnViRvJXzNfhmevIT_SyM4fRJ12yoysiigkr5fNaYU83DsGhlghFc_AtNVrrp8HLKZ3YK9ThSRRFseI4FGGUOBb0A8Q3tdUj=w1600-h1000-k-no,,"{""Monday"": ""10:30AM-8PM"", ""Tuesday"": ""10:30AM-8PM"", ""Wednesday"": ""10:30AM-8PM"", ""Thursday"": ""10:30AM-8PM"", ""Friday"": ""10:30AM-8PM"", ""Saturday"": ""10:30AM-8PM"", ""Sunday"": ""10:30AM-8PM""}",Monday:10:30AM-8PM|Tuesday:10:30AM-8PM|Wednesday:10:30AM-8PM|Thursday:10:30AM-8PM|Friday:10:30AM-8PM|Saturday:10:30AM-8PM|Sunday:10:30AM-8PM,,,OPERATIONAL,"{""Service options"": {""No-contact delivery"": true, ""Delivery"": true, ""Onsite services"": true, ""Takeout"": true, ""Dine-in"": true}, ""Highlights"": {""Great tea selection"": true}, ""Accessibility"": {""Wheelchair accessible parking lot"": false}}",$,,https://lh4.googleusercontent.com/-nE8lvi65k3s/AAAAAAAAAAI/AAAAAAAAAAA/Ucy2T2ohZuM/s44-p-k-no-ns-nd/photo.jpg,Counter-serve nook dispensing bubble tea in creative flavors plus rice balls & other Asian eats.,,True,106568917021397977212,Yaya Tea,https://www.google.com/maps/contrib/106568917021397977212,,"https://www.google.com/viewer/chooseprovider?mid=/g/1tdzs1cv&g2lbs=AAEPWCuCksdIGPuWeI_PCNvHFJaNKp1ZAt4XcKbiIQLMpxiPnVBHBPLtaMeNTU6KfeCd1QxL5TxfIe4MJ5VQn2TwZW83qnIJJg%3D%3D&hl=en-US&gl=us&fo_m=MfohQo559jFvMUOzJVpjPL1YMfZ3bInYwBDuMfaXTPp5KXh-&utm_source=tactile&gei=bWgJaL2FMsyVxc8PvpnxiQc&ei=bWgJaL2FMsyVxc8PvpnxiQc&fo_s=OA,SOE&opi=79508299&ebb=1&cs=0&foub=mcpp",,,"https://www.google.com/maps/place/Yaya+Tea/@40.7162347,-73.9949914,14z/data=!4m8!1m2!2m1!1sYaya+Tea!3m4!1s0x89c25a27e172e913:0x5cab0192c11af014!8m2!3d40.7162347!4d-73.9949914","https://www.google.com/maps/place/Yaya+Tea/@40.7162347,-73.9949914,13.99z/data=!4m16!1m7!3m6!1s0x89c25a27e172e913:0x5cab0192c11af014!2sYaya+Tea!8m2!3d40.7162347!4d-73.9949914!16s%2Fg%2F11ckvg1dmb!3m7!1s0x89c25a27e172e913:0x5cab0192c11af014!8m2!3d40.7162347!4d-73.9949914!9m1!1b1!16s%2Fg%2F11ckvg1dmb?entry=ttu",ChIJE-ly4SdawokRFPAawZIBq1w,0x89c25a27e172e913:0x5cab0192c11af014,6677432602323513364,/g/1tdzs1cv,6677432602323513364,,mindy@yayatea.com,INVALID,Undeliverable,Mindy Cheung,Mindy,Cheung,Chief Executive Officer,12122268803,yayateanc@gmail.com,RECEIVING,SMTP validated,,,,,,yaya.teagarden@gmail.com,RECEIVING,SMTP validated,",",",",,,12122268803,19199088153,17182690830,,https://www.facebook.com/yayateagarden/,,,,,,,,,,,,,,,Yaya Tea,WordPress 6.0.2,,,False,False
"bubble tea store, 10123, New York, NY, US",Whistle & Fizz,Whistle And Fizz,http://www.whistleandfizz.com/,"Bubble tea store, Coffee shop, Cafe",coffee shops,Bubble tea store,+1 646-822-2123,"254 Greene St, New York, NY 10003",Manhattan,254 Greene St,New York,10003,New York,New York,United States of America,US,40.730635299999996,-73.9943779,892a1072c9bffff,America/New_York,,False,4.6,254,"https://search.google.com/local/reviews?placeid=ChIJkYYPVA9ZwokRNbLfgJpb5Ms&q=bubble+tea+store,+10123,+New+York,+NY,+US&authuser=0&hl=en&gl=US",,,6.0,3.0,13.0,31.0,201.0,577,https://lh3.googleusercontent.com/gps-cs-s/AB5caB8sZww8tgcF05ahh-CWlD4Mc0xsM3XSYFGuBIkd3qvSQysMPwSsiMOlGgijoVdWUWzhInevzmBmGpiAx1RGmROt3jKvmgjxZ5P50KGGxC6XRE61CAhkYGNzsCFa6znSAucyOWd2=w800-h500-k-no,https://lh3.googleusercontent.com/gps-cs-s/AB5caB8sZww8tgcF05ahh-CWlD4Mc0xsM3XSYFGuBIkd3qvSQysMPwSsiMOlGgijoVdWUWzhInevzmBmGpiAx1RGmROt3jKvmgjxZ5P50KGGxC6XRE61CAhkYGNzsCFa6znSAucyOWd2=w1600-h1000-k-no,,"{""Monday"": ""8AM-7PM"", ""Tuesday"": ""8AM-7PM"", ""Wednesday"": ""8AM-7PM"", ""Thursday"": ""8AM-7PM"", ""Friday"": ""8AM-7PM"", ""Saturday"": ""9AM-7PM"", ""Sunday"": ""9AM-7PM""}",Monday:8AM-7PM|Tuesday:8AM-7PM|Wednesday:8AM-7PM|Thursday:8AM-7PM|Friday:8AM-7PM|Saturday:9AM-7PM|Sunday:9AM-7PM,,,OPERATIONAL,"{""From the business"": {""Identifies as Asian-owned"": true, ""Identifies as women-owned"": true}, ""Service options"": {""Takeout"": true, ""Dine-in"": true}, ""Highlights"": {""Great coffee"": true, ""Great tea selection"": true}, ""Popular for"": {""Solo dining"": true, ""Good for working on laptop"": true}, ""Accessibility"": {""Wheelchair accessible entrance"": true, ""Wheelchair accessible seating"": true, ""Assistive hearing loop"": false, ""Wheelchair accessible parking lot"": false, ""Wheelchair accessible restroom"": false}, ""Offerings"": {""Coffee"": true, ""Quick bite"": true}, ""Dining options"": {""Breakfast"": true, ""Catering"": true, ""Dessert"": true, ""Seating"": true}, ""Amenities"": {""Wi-Fi"": true, ""Restroom"": false}, ""Atmosphere"": {""Casual"": true, ""Cozy"": true, ""Trendy"": true}, ""Crowd"": {""College students"": true, ""Family-friendly"": true, ""LGBTQ+ friendly"": true, ""Transgender safespace"": true}, ""Planning"": {""Accepts reservations"": false}, ""Payments"": {""Credit cards"": true, ""Debit cards"": true, ""NFC mobile payments"": true}, ""Children"": {""Good for kids"": true}, ""Other"": {""LGBTQ+ friendly"": true, ""Identifies as women-owned"": true, ""Identifies as Asian-owned"": true}}",$,,https://lh6.googleusercontent.com/-rWPz8h9S8Ng/AAAAAAAAAAI/AAAAAAAAAAA/NOtMWA5Gm9M/s44-p-k-no-ns-nd/photo.jpg,"Compact outfit with a trendy vibe serving cold brew coffee, matcha latte & other creative brews.",,True,115873432907933847983,Whistle & Fizz,https://www.google.com/maps/contrib/115873432907933847983,,,,,"https://www.google.com/maps/place/Whistle+%26+Fizz/@40.730635299999996,-73.9943779,14z/data=!4m8!1m2!2m1!1sWhistle+%26+Fizz!3m4!1s0x89c2590f540f8691:0xcbe45b9a80dfb235!8m2!3d40.730635299999996!4d-73.9943779","https://www.google.com/maps/place/Whistle+%26+Fizz/@40.730635299999996,-73.9943779,13.99z/data=!4m16!1m7!3m6!1s0x89c2590f540f8691:0xcbe45b9a80dfb235!2sWhistle+%26+Fizz!8m2!3d40.730635299999996!4d-73.9943779!16s%2Fg%2F11ckvg1dmb!3m7!1s0x89c2590f540f8691:0xcbe45b9a80dfb235!8m2!3d40.730635299999996!4d-73.9943779!9m1!1b1!16s%2Fg%2F11ckvg1dmb?entry=ttu",ChIJkYYPVA9ZwokRNbLfgJpb5Ms,0x89c2590f540f8691:0xcbe45b9a80dfb235,14691968603534635573,/g/11h6yrgvld,-3754775470174916043,,hello@whistleandfizz.com,RECEIVING,SMTP validated,,,,,,,,,,,,,,,,,,,,,,6468222123,16468222123,,https://www.facebook.com/whistleandfizz/,https://www.instagram.com/whistleandfizz,,,,,,,,,https://twitter.com/intent/,,,,,"Whistle & Fizz - Best Sparkling Coffee and Tea Bar in New York, NY",,"Pioneering the next generation of coffee and teas. Come and try the best 
coffee near you at Whistle & Fizz. We have sparkling tea and coffee and 
nitro tea and coffee. We are located on 254 Greene Street, New York, NY 
10003.",,,
"bubble tea store, 10123, New York, NY, US",Mochi Dolci,Mochi Dolci,http://mochidolci.com/,"Bubble tea store, Restaurant, Cafe",restaurants,Bubble tea store,+1 646-249-7990,"222 W 79th St, New York, NY 10024",Manhattan,222 W 79th St,New York,10024,New York,New York,United States of America,US,40.7833293,-73.9794561,892a1008b83ffff,America/New_York,,False,4.5,186,"https://search.google.com/local/reviews?placeid=ChIJ38aYyBtZwokRxgw0lN1VNbs&q=bubble+tea+store,+10123,+New+York,+NY,+US&authuser=0&hl=en&gl=US",,,11.0,7.0,6.0,12.0,150.0,363,https://lh3.googleusercontent.com/p/AF1QipPpFYnscTNEW8U8KIZcmFN9cXzcIuauYR6w5ln6=w800-h500-k-no,https://lh3.googleusercontent.com/p/AF1QipPpFYnscTNEW8U8KIZcmFN9cXzcIuauYR6w5ln6=w1600-h1000-k-no,,"{""Monday"": ""11AM-11PM"", ""Tuesday"": ""11AM-10PM"", ""Wednesday"": ""11AM-10PM"", ""Thursday"": ""11AM-11:30PM"", ""Friday"": ""11AM-1AM"", ""Saturday"": ""9AM-1:30AM"", ""Sunday"": ""9AM-11PM""}",Monday:11AM-11PM|Tuesday:11AM-10PM|Wednesday:11AM-10PM|Thursday:11AM-11:30PM|Friday:11AM-1AM|Saturday:9AM-1:30AM|Sunday:9AM-11PM,"[{""delivery"": {""Monday"": ""11 AM-5 PM"", ""Tuesday"": ""11 AM-6 PM"", ""Wednesday"": ""11 AM-6 PM"", ""Thursday"": ""11 AM-6 PM"", ""Friday"": ""11 AM-7:30 PM"", ""Saturday"": ""11 AM-7:30 PM"", ""Sunday"": ""11 AM-5 PM""}}, {""takeout"": {""Monday"": ""11 AM-7 PM"", ""Tuesday"": ""11 AM-10 PM"", ""Wednesday"": ""11 AM-10 PM"", ""Thursday"": ""11 AM-10 PM"", ""Friday"": ""9 AM-12 AM"", ""Saturday"": ""9 AM-12 AM"", ""Sunday"": ""9 AM-7 PM""}}]",,OPERATIONAL,"{""Service options"": {""Curbside pickup"": true, ""No-contact delivery"": true, ""Delivery"": true, ""Onsite services"": true, ""Takeout"": true, ""Dine-in"": true}, ""Highlights"": {""Fast service"": true, ""Great dessert"": true}, ""Popular for"": {""Solo dining"": true}, ""Accessibility"": {""Wheelchair accessible parking lot"": false}, ""Offerings"": {""Alcohol"": true, ""Beer"": true, ""Cocktails"": true, ""Coffee"": true, ""Comfort food"": true, ""Quick bite"": true, ""Small plates"": true}, ""Dining options"": {""Brunch"": true, ""Lunch"": true, ""Dinner"": true, ""Dessert"": true, ""Seating"": true}, ""Amenities"": {""Bar onsite"": true, ""Restroom"": true, ""Wi-Fi"": true}, ""Atmosphere"": {""Casual"": true, ""Cozy"": true, ""Trendy"": true}, ""Crowd"": {""Family-friendly"": true, ""Tourists"": true}, ""Planning"": {""Accepts reservations"": true}, ""Payments"": {""Credit cards"": true, ""Debit cards"": true, ""NFC mobile payments"": true}, ""Children"": {""Good for kids"": true, ""Kids' menu"": true}, ""Parking"": {""Paid street parking"": true}}",$$,,https://lh3.googleusercontent.com/-vFIMJ7CQ-_Y/AAAAAAAAAAI/AAAAAAAAAAA/vIWY8evDXaU/s44-p-k-no-ns-nd/photo.jpg,,,True,112147083591035265877,Mochi Dolci,https://www.google.com/maps/contrib/112147083591035265877,https://www.opentable.com/restaurant/profile/1270633?ref=1068,https://www.opentable.com/restaurant/profile/1270633?ref=1068,,https://www.opentable.com/restaurant/profile/1270633?ref=1068,"https://www.google.com/maps/place/Mochi+Dolci/@40.7833293,-73.9794561,14z/data=!4m8!1m2!2m1!1sMochi+Dolci!3m4!1s0x89c2591bc898c6df:0xbb3555dd94340cc6!8m2!3d40.7833293!4d-73.9794561","https://www.google.com/maps/place/Mochi+Dolci/@40.7833293,-73.9794561,13.99z/data=!4m16!1m7!3m6!1s0x89c2591bc898c6df:0xbb3555dd94340cc6!2sMochi+Dolci!8m2!3d40.7833293!4d-73.9794561!16s%2Fg%2F11ckvg1dmb!3m7!1s0x89c2591bc898c6df:0xbb3555dd94340cc6!8m2!3d40.7833293!4d-73.9794561!9m1!1b1!16s%2Fg%2F11ckvg1dmb?entry=ttu",ChIJ38aYyBtZwokRxgw0lN1VNbs,0x89c2591bc898c6df:0xbb3555dd94340cc6,13489782669020761286,/g/11t649qx13,-4956961404688790330,,manager@mochidolci.com,RECEIVING,SMTP validated,,,,,,leocutone@cutone.org,RECEIVING,SMTP validated,,,,,,,,,,,,,,18592546589,,,,,,,,,,,,,,,,,,MochiDolciUWS – Mochi Dolci – A world full of yum!,WordPress 6.0.3,,,False,False
"bubble tea store, 10123, New York, NY, US",Möge Tee,Möge Tee,https://www.order.store/store/moge-tee-%E6%84%BF%E8%8C%B6-first-ave/MbnYsotxT-S_5sWgykgHnw,"Bubble tea store, Coffee store, Dessert shop, Tea house",Bubble tea store,Bubble tea store,+1 646-370-5846,"379 1st Ave, New York, NY 10010",Manhattan,379 1st Ave,New York,10010,New York,New York,United States of America,US,40.7364629,-73.9791232,892a100d2afffff,America/New_York,,False,4.4,240,"https://search.google.com/local/reviews?placeid=ChIJb2I3eIFZwokRJQV_Xcx_gpU&q=bubble+tea+store,+10123,+New+York,+NY,+US&authuser=0&hl=en&gl=US",,,20.0,5.0,9.0,24.0,182.0,448,https://lh3.googleusercontent.com/p/AF1QipPuN8iEnyUYVqb_jQlSMxicC5-In6eJBHwDZjMC=w800-h500-k-no,https://lh3.googleusercontent.com/p/AF1QipPuN8iEnyUYVqb_jQlSMxicC5-In6eJBHwDZjMC=w1600-h1000-k-no,,"{""Monday"": ""10:30AM-10:30PM"", ""Tuesday"": ""10:30AM-10:30PM"", ""Wednesday"": ""10:30AM-10:30PM"", ""Thursday"": ""10:30AM-10:30PM"", ""Friday"": ""10:30AM-10:30PM"", ""Saturday"": ""10:30AM-10:30PM"", ""Sunday"": ""10:30AM-10:15PM""}",Monday:10:30AM-10:30PM|Tuesday:10:30AM-10:30PM|Wednesday:10:30AM-10:30PM|Thursday:10:30AM-10:30PM|Friday:10:30AM-10:30PM|Saturday:10:30AM-10:30PM|Sunday:10:30AM-10:15PM,,,OPERATIONAL,"{""Service options"": {""Curbside pickup"": true, ""No-contact delivery"": true, ""Delivery"": true, ""Onsite services"": true, ""Takeout"": true, ""Dine-in"": true}, ""Highlights"": {""Great tea selection"": true}, ""Accessibility"": {""Wheelchair accessible parking lot"": false}}",$$,,https://lh5.googleusercontent.com/-ShqTcPsqa5I/AAAAAAAAAAI/AAAAAAAAAAA/P_YNKSV5Fz8/s44-p-k-no-ns-nd/photo.jpg,"Bubble tea cafe serving an extensive range of specialty teas, plus rice balls, dumplings & desserts.",,True,103126500584251399631,Möge Tee,https://www.google.com/maps/contrib/103126500584251399631,,"https://www.google.com/viewer/chooseprovider?mid=/g/11j4sg4smv&g2lbs=AAEPWCtEdVlDHnaV9qOKJMVfmQFt4z49hT6I90Yl5gXeS84MlOMYRVPpe4dQx9Dk3NPebfZGd4WDAHodJt-hg-rrHSwnrSHpmQ%3D%3D&hl=en-US&gl=us&fo_m=MfohQo559jFvMUOzJVpjPL1YMfZ3bInYwBDuMfaXTPp5KXh-&utm_source=tactile&gei=b2gJaLOGIrCN9u8Pw9jBqQ0&ei=b2gJaLOGIrCN9u8Pw9jBqQ0&fo_s=OA,SOE&opi=79508299&ebb=1&cs=0&foub=mcpp",,,"https://www.google.com/maps/place/M%C3%B6ge+Tee/@40.7364629,-73.9791232,14z/data=!4m8!1m2!2m1!1sM%C3%B6ge+Tee!3m4!1s0x89c259817837626f:0x95827fcc5d7f0525!8m2!3d40.7364629!4d-73.9791232","https://www.google.com/maps/place/M%C3%B6ge+Tee/@40.7364629,-73.9791232,13.99z/data=!4m16!1m7!3m6!1s0x89c259817837626f:0x95827fcc5d7f0525!2sM%C3%B6ge+Tee!8m2!3d40.7364629!4d-73.9791232!16s%2Fg%2F11ckvg1dmb!3m7!1s0x89c259817837626f:0x95827fcc5d7f0525!8m2!3d40.7364629!4d-73.9791232!9m1!1b1!16s%2Fg%2F11ckvg1dmb?entry=ttu",ChIJb2I3eIFZwokRJQV_Xcx_gpU,0x89c259817837626f:0x95827fcc5d7f0525,10773313774342309157,/g/11j4sg4smv,-7673430299367242459,,simonkingchineserestaurant@hotmail.com,RECEIVING,Verified,,,,,,pito.tan@bigpond.com,RECEIVING,SMTP validated,,,,,,m.cornet.cdv@gmail.com,RECEIVING,SMTP validated,,,,,,61754507883,61397864930,14508571225,https://www.facebook.com/instapourNYC/,//www.instagram.com/ubereats,,,,,,,,,//www.twitter.com/ubereats\u0022,,,,,NYC Falafel - LES location - Delivery Online - Order NYC Falafel - LES | Uber Eats,,Order NYC Falafel - LES delivery. Have your favorite NYC Falafel - LES items delivered from a NYC Falafel - LES near you.,,False,False
"bubble tea store, 10123, New York, NY, US",ViVi Bubble Tea (Uptown West),Vivi Bubble Tea Uptown West,https://vivibubbletea.com/,Bubble tea store,Bubble tea store,Bubble tea store,+1 646-852-6225,"146 W 72nd St, New York, NY 10023",Manhattan,146 W 72nd St,New York,10023,New York,New York,United States of America,US,40.7778955,-73.980581,892a1008bbbffff,America/New_York,,False,4.5,37,"https://search.google.com/local/reviews?placeid=ChIJ-TQFVmRZwokR9NFhgKMO4kA&q=bubble+tea+store,+10123,+New+York,+NY,+US&authuser=0&hl=en&gl=US",,,1.0,2.0,3.0,3.0,28.0,184,https://lh3.googleusercontent.com/gps-cs-s/AB5caB_0_-oa1PiVOUiERFKR_sS5QT0EzmnWpBYB8eTE-wJnnMlyuk0Rbx62OuLiYAXmqXmQsoLINUqeaSVdgprxfXeOeiTNp4amXK4lNFFMZdplMQhf5wtWOvjpVtidq1WZUivOfR-G=w800-h500-k-no,https://lh3.googleusercontent.com/gps-cs-s/AB5caB_0_-oa1PiVOUiERFKR_sS5QT0EzmnWpBYB8eTE-wJnnMlyuk0Rbx62OuLiYAXmqXmQsoLINUqeaSVdgprxfXeOeiTNp4amXK4lNFFMZdplMQhf5wtWOvjpVtidq1WZUivOfR-G=w1600-h1000-k-no,,"{""Monday"": ""11AM-10PM"", ""Tuesday"": ""11AM-10PM"", ""Wednesday"": ""11AM-10PM"", ""Thursday"": ""11AM-10PM"", ""Friday"": ""11AM-10PM"", ""Saturday"": ""11AM-10PM"", ""Sunday"": ""11AM-10PM""}",Monday:11AM-10PM|Tuesday:11AM-10PM|Wednesday:11AM-10PM|Thursday:11AM-10PM|Friday:11AM-10PM|Saturday:11AM-10PM|Sunday:11AM-10PM,,,OPERATIONAL,"{""Service options"": {""Curbside pickup"": true, ""Delivery"": true, ""Takeout"": true, ""Dine-in"": true}, ""Highlights"": {""Great tea selection"": true}, ""Accessibility"": {""Wheelchair accessible entrance"": true, ""Wheelchair accessible parking lot"": false}}",$,,https://lh6.googleusercontent.com/-F2e0RoXJaiU/AAAAAAAAAAI/AAAAAAAAAAA/B25U7y_GtEA/s44-p-k-no-ns-nd/photo.jpg,"Bubble tea shop offering hot & cold versions, plus a variety of flavors & a simple snack menu.",,True,109019003090789247237,ViVi Bubble Tea - Uptown West,https://www.google.com/maps/contrib/109019003090789247237,,"https://www.google.com/viewer/chooseprovider?mid=/g/11vjpn8r9k&g2lbs=AAEPWCvuBkqfkQ8oN58Tm2MC4u0v_VfDHtLR4K8xcpBwwiPZnkd_RtV3aVYaqG0ZE5RDTcABFbYvHwnGm1-iPZ9qCN9W-dUDNg%3D%3D&hl=en-US&gl=us&fo_m=MfohQo559jFvMUOzJVpjPL1YMfZ3bInYwBDuMfaXTPp5KXh-&utm_source=tactile&gei=b2gJaLOGIrCN9u8Pw9jBqQ0&ei=b2gJaLOGIrCN9u8Pw9jBqQ0&fo_s=OA,SOE&opi=79508299&ebb=1&cs=0&foub=mcpp",,,"https://www.google.com/maps/place/ViVi+Bubble+Tea+-+Uptown+West/@40.7778955,-73.980581,14z/data=!4m8!1m2!2m1!1sViVi+Bubble+Tea+-+Uptown+West!3m4!1s0x89c25964560534f9:0x40e20ea38061d1f4!8m2!3d40.7778955!4d-73.980581","https://www.google.com/maps/place/ViVi+Bubble+Tea+-+Uptown+West/@40.7778955,-73.980581,13.99z/data=!4m16!1m7!3m6!1s0x89c25964560534f9:0x40e20ea38061d1f4!2sViVi+Bubble+Tea+-+Uptown+West!8m2!3d40.7778955!4d-73.980581!16s%2Fg%2F11ckvg1dmb!3m7!1s0x89c25964560534f9:0x40e20ea38061d1f4!8m2!3d40.7778955!4d-73.980581!9m1!1b1!16s%2Fg%2F11ckvg1dmb?entry=ttu",ChIJ-TQFVmRZwokR9NFhgKMO4kA,0x89c25964560534f9:0x40e20ea38061d1f4,4675315458560348660,/g/11vjpn8r9k,4675315458560348660,,vivibubbleteanj@gmail.com,RECEIVING,Verified,,,,,,,,,,,,,,,,,,,,,,+1 212-566-6833,14696618801,13472236792,https://www.facebook.com/vivibubbleteanyc,https://www.instagram.com/vivibubbletea,https://www.linkedin.com/company/vivi-bubble-tea,,,,,,,,,,,,,vivibubbletea,WordPress 6.0.2,,,False,True
"bubble tea store, 10123, New York, NY, US",Wolf forest cafe,Wolf Forest Cafe,http://www.wolfforestcafe.com/,"Bubble tea store, Asian restaurant, Cafe, Restaurant",cafes,Bubble tea store,+1 917-965-2905,"213 Pearl St, New York, NY 10038",Manhattan,213 Pearl St,New York,10038,New York,New York,United States of America,US,40.7072497,-74.0061764,892a1072887ffff,America/New_York,,False,4.7,131,"https://search.google.com/local/reviews?placeid=ChIJ_62bJz5bwokRO-Jh_xyhPNE&q=bubble+tea+store,+10123,+New+York,+NY,+US&authuser=0&hl=en&gl=US",,,2.0,3.0,6.0,10.0,110.0,241,https://lh3.googleusercontent.com/p/AF1QipPKXMxtjXVMg2DYgNnkX4YyGloe0YBvpch1XXFB=w800-h500-k-no,https://lh3.googleusercontent.com/p/AF1QipPKXMxtjXVMg2DYgNnkX4YyGloe0YBvpch1XXFB=w1600-h1000-k-no,,"{""Monday"": ""10AM-9PM"", ""Tuesday"": ""10AM-9PM"", ""Wednesday"": ""10AM-9PM"", ""Thursday"": ""10AM-9PM"", ""Friday"": ""10AM-9:30PM"", ""Saturday"": ""10AM-9:30PM"", ""Sunday"": ""11AM-8:30PM""}",Monday:10AM-9PM|Tuesday:10AM-9PM|Wednesday:10AM-9PM|Thursday:10AM-9PM|Friday:10AM-9:30PM|Saturday:10AM-9:30PM|Sunday:11AM-8:30PM,,,OPERATIONAL,"{""Service options"": {""Delivery"": true, ""Takeout"": true, ""Dine-in"": true}, ""Highlights"": {""Great coffee"": true, ""Great tea selection"": true}, ""Popular for"": {""Lunch"": true, ""Solo dining"": true}, ""Accessibility"": {""Wheelchair accessible parking lot"": false}, ""Offerings"": {""Coffee"": true, ""Quick bite"": true}, ""Dining options"": {""Lunch"": true, ""Dessert"": true}, ""Atmosphere"": {""Casual"": true, ""Cozy"": true, ""Trendy"": true}, ""Payments"": {""Credit cards"": true, ""Debit cards"": true, ""NFC mobile payments"": true}, ""Children"": {""Good for kids"": true}}",$$,,https://lh6.googleusercontent.com/-d9EVYa9vqos/AAAAAAAAAAI/AAAAAAAAAAA/zef2SlAyR7E/s44-p-k-no-ns-nd/photo.jpg,,,True,113191708781879509522,Wolf forest cafe,https://www.google.com/maps/contrib/113191708781879509522,,"https://www.google.com/viewer/chooseprovider?mid=/g/11sv650cjz&g2lbs=AAEPWCthQfJ2Gb5k40duxtPZgJelcYg12emwZupakplxB3gVIG_ssfGhzCsxEpIO6W9kEUTlESd0PvmuzSR8WffkIRPuwHOk8w%3D%3D&hl=en-US&gl=us&fo_m=MfohQo559jFvMUOzJVpjPL1YMfZ3bInYwBDuMfaXTPp5KXh-&utm_source=tactile&gei=b2gJaLOGIrCN9u8Pw9jBqQ0&ei=b2gJaLOGIrCN9u8Pw9jBqQ0&fo_s=OA,SOE&opi=79508299&ebb=1&cs=0&foub=mcpp",,,"https://www.google.com/maps/place/Wolf+forest+cafe/@40.7072497,-74.0061764,14z/data=!4m8!1m2!2m1!1sWolf+forest+cafe!3m4!1s0x89c25b3e279badff:0xd13ca11cff61e23b!8m2!3d40.7072497!4d-74.0061764","https://www.google.com/maps/place/Wolf+forest+cafe/@40.7072497,-74.0061764,13.99z/data=!4m16!1m7!3m6!1s0x89c25b3e279badff:0xd13ca11cff61e23b!2sWolf+forest+cafe!8m2!3d40.7072497!4d-74.0061764!16s%2Fg%2F11ckvg1dmb!3m7!1s0x89c25b3e279badff:0xd13ca11cff61e23b!8m2!3d40.7072497!4d-74.0061764!9m1!1b1!16s%2Fg%2F11ckvg1dmb?entry=ttu",ChIJ_62bJz5bwokRO-Jh_xyhPNE,0x89c25b3e279badff:0xd13ca11cff61e23b,15077102798445339195,/g/11sv650cjz,-3369641275264212421,,,,,,,,,,,,,,,,,,,,,,,,,,,,,,,,,,,,,,,,,,,,Wolf Forest Cafe | Online Order | New York | NY,Divi v.4.19.2,"Welcome to Wolf forest cafe located at 213 Pearl Street, New York, NY 10038! At Wolf forest cafe, we serve delicious and refreshing Coffee, Bubble Tea, Salad Noodle Bowl and Sandwiches. We want everyone to enjoy our delicious beverages, so we carry a wide variety of fresh food and other decadent ingredients. Our delicious drinks provide essential vitamins, fiber, and numerous other nutrients to nourish and rejuvenate your body and mind. We also serve smoothies and snacks. No matter what you order, you will surely love it! We can't wait to welcome you.",,False,False
"bubble tea store, 10123, New York, NY, US",Hawa smoothies and bubble tea,Hawa Smoothies And Bubble Tea,http://hawawest11st.com/?utm_source=gmb,"Bubble tea store, Juice shop, Fruit and vegetable processing",Juice shop,Bubble tea store,+1 646-799-3048,"462 6th Ave Store 2, New York, NY 10011",Manhattan,462 6th Ave Store 2,New York,10011,New York,New York,United States of America,US,40.7354455,-73.9980282,892a100d26fffff,America/New_York,,False,4.8,105,"https://search.google.com/local/reviews?placeid=ChIJmeSsfNdZwokRsSQ9FDipaYU&q=bubble+tea+store,+10123,+New+York,+NY,+US&authuser=0&hl=en&gl=US",,,2.0,1.0,1.0,4.0,97.0,86,https://lh3.googleusercontent.com/p/AF1QipP2U2cUO0PC-PWgGiOBLHfb_kEsvCIHlvCUJrlm=w800-h500-k-no,https://lh3.googleusercontent.com/p/AF1QipP2U2cUO0PC-PWgGiOBLHfb_kEsvCIHlvCUJrlm=w1600-h1000-k-no,,"{""Monday"": ""8AM-7PM"", ""Tuesday"": ""8AM-7PM"", ""Wednesday"": ""8AM-7PM"", ""Thursday"": ""8AM-7PM"", ""Friday"": ""8AM-7PM"", ""Saturday"": ""9AM-7PM"", ""Sunday"": ""9AM-7PM""}",Monday:8AM-7PM|Tuesday:8AM-7PM|Wednesday:8AM-7PM|Thursday:8AM-7PM|Friday:8AM-7PM|Saturday:9AM-7PM|Sunday:9AM-7PM,,,OPERATIONAL,"{""From the business"": {""Identifies as women-owned"": true}, ""Service options"": {""Delivery"": true, ""Takeout"": true, ""Dine-in"": true}, ""Popular for"": {""Solo dining"": true}, ""Accessibility"": {""Wheelchair accessible entrance"": true}, ""Amenities"": {""Restroom"": false}, ""Atmosphere"": {""Casual"": true, ""Trendy"": true}, ""Crowd"": {""Family-friendly"": true, ""LGBTQ+ friendly"": true, ""Transgender safespace"": true}, ""Payments"": {""Credit cards"": true, ""Debit cards"": true}, ""Children"": {""Good for kids"": true}, ""Other"": {""LGBTQ+ friendly"": true, ""Identifies as women-owned"": true}}",$$,,https://lh4.googleusercontent.com/-avbkpdIjeIU/AAAAAAAAAAI/AAAAAAAAAAA/lzv_0_BIWJo/s44-p-k-no-ns-nd/photo.jpg,,,True,100122211381918830402,Hawa smoothies and bubble tea,https://www.google.com/maps/contrib/100122211381918830402,,"https://www.google.com/viewer/chooseprovider?mid=/g/11t25fkxkz&g2lbs=AAEPWCsJ3fz05lzqwcI7iCuidK3TxBG_pALY9QvKfiI8q5VifyYSJ97aP6BJp1Ob5ubT70Im34q_1sI5FeNfD8ayvagm9MV3rw%3D%3D&hl=en-US&gl=us&fo_m=MfohQo559jFvMUOzJVpjPL1YMfZ3bInYwBDuMfaXTPp5KXh-&utm_source=tactile&gei=b2gJaLOGIrCN9u8Pw9jBqQ0&ei=b2gJaLOGIrCN9u8Pw9jBqQ0&fo_s=OA,SOE&opi=79508299&ebb=1&cs=0&foub=mcpp",,,"https://www.google.com/maps/place/Hawa+smoothies+and+bubble+tea/@40.7354455,-73.9980282,14z/data=!4m8!1m2!2m1!1sHawa+smoothies+and+bubble+tea!3m4!1s0x89c259d77cace499:0x8569a938143d24b1!8m2!3d40.7354455!4d-73.9980282","https://www.google.com/maps/place/Hawa+smoothies+and+bubble+tea/@40.7354455,-73.9980282,13.99z/data=!4m16!1m7!3m6!1s0x89c259d77cace499:0x8569a938143d24b1!2sHawa+smoothies+and+bubble+tea!8m2!3d40.7354455!4d-73.9980282!16s%2Fg%2F11ckvg1dmb!3m7!1s0x89c259d77cace499:0x8569a938143d24b1!8m2!3d40.7354455!4d-73.9980282!9m1!1b1!16s%2Fg%2F11ckvg1dmb?entry=ttu",ChIJmeSsfNdZwokRsSQ9FDipaYU,0x89c259d77cace499:0x8569a938143d24b1,9613400937921848497,/g/11t25fkxkz,-8833343135787703119,,,,,,,,,,,,,,,,,,,,,,,,,,19173882192,16467993048,,,,,,,,,,,,,,,,,Hawa smoothies and bubble tea - Juice Shop in New York,,,,False,False
"bubble tea store, 10123, New York, NY, US",Tea and Milk,Tea And Milk,http://www.teaandmilk.com/,"Bubble tea store, Coffee shop, Natural goods store, Pastry shop, Sandwich shop, Tea house",Bubble tea store,Bubble tea store,+1 917-294-0450,"32-02 34th Ave, Queens, NY 11106",Astoria,32-02 34th Ave,Queens,11106,New York,New York,United States of America,US,40.7591202,-73.92634319999999,892a100d4b7ffff,America/New_York,,False,4.5,449,"https://search.google.com/local/reviews?placeid=ChIJq2AjWjBfwokRsUv5z7oCn04&q=bubble+tea+store,+10123,+New+York,+NY,+US&authuser=0&hl=en&gl=US",,,11.0,13.0,27.0,75.0,323.0,430,https://lh3.googleusercontent.com/gps-cs-s/AB5caB9nRgy9f0YuLK2bojt-7JXM4lC4qczwI4vLLQYvQA6hz3ZckHGyev5jFsL0IyNDuNjFqWE8yr2yIFzkkgX66Ldo6SbOmYdr0teU0S9jTPtkJbNPxkIrQ7X7pe0q1BZGXu097B478g=w800-h500-k-no,https://lh3.googleusercontent.com/gps-cs-s/AB5caB9nRgy9f0YuLK2bojt-7JXM4lC4qczwI4vLLQYvQA6hz3ZckHGyev5jFsL0IyNDuNjFqWE8yr2yIFzkkgX66Ldo6SbOmYdr0teU0S9jTPtkJbNPxkIrQ7X7pe0q1BZGXu097B478g=w1600-h1000-k-no,,"{""Monday"": ""12-8PM"", ""Tuesday"": ""12-8PM"", ""Wednesday"": ""12-8PM"", ""Thursday"": ""12-8PM"", ""Friday"": ""12-8PM"", ""Saturday"": ""12-8PM"", ""Sunday"": ""12-8PM""}",Monday:12-8PM|Tuesday:12-8PM|Wednesday:12-8PM|Thursday:12-8PM|Friday:12-8PM|Saturday:12-8PM|Sunday:12-8PM,"[{""delivery"": {""Monday"": ""12-8 PM"", ""Tuesday"": ""12-8 PM"", ""Wednesday"": ""12-8 PM"", ""Thursday"": ""12-8 PM"", ""Friday"": ""12-8 PM"", ""Saturday"": ""12-8 PM"", ""Sunday"": ""12-8 PM""}}]",,OPERATIONAL,"{""From the business"": {""Identifies as Asian-owned"": true}, ""Service options"": {""Curbside pickup"": true, ""No-contact delivery"": true, ""Delivery"": true, ""Onsite services"": true, ""Takeout"": true, ""Dine-in"": true}, ""Highlights"": {""Great tea selection"": true}, ""Accessibility"": {""Wheelchair accessible entrance"": true, ""Wheelchair accessible parking lot"": false, ""Wheelchair accessible seating"": false}, ""Crowd"": {""LGBTQ+ friendly"": true, ""Transgender safespace"": true}, ""Parking"": {""Free street parking"": true, ""Paid street parking"": true}, ""Other"": {""LGBTQ+ friendly"": true, ""Identifies as Asian-owned"": true}}",$,,https://lh4.googleusercontent.com/-xl-IAygyP3Y/AAAAAAAAAAI/AAAAAAAAAAA/7UAkXNFEGps/s44-p-k-no-ns-nd/photo.jpg,"Minimalist counter-serve outpost serving concept & seasonal teas, including bubble tea & milk tea.",,True,117849922856339056866,Tea and Milk,https://www.google.com/maps/contrib/117849922856339056866,,"https://www.google.com/viewer/chooseprovider?mid=/g/11b77dlqkc&g2lbs=AAEPWCt4lKkyr20XohJ3XNkd6D5QuSimE12QiyOUXwkRf42Un_3BOIpX84F9l_-QeAbqZY1X6EQggEu8w4ZXwZ0XcW6u8Se53w%3D%3D&hl=en-US&gl=us&fo_m=MfohQo559jFvMUOzJVpjPL1YMfZ3bInYwBDuMfaXTPp5KXh-&utm_source=tactile&gei=b2gJaLOGIrCN9u8Pw9jBqQ0&ei=b2gJaLOGIrCN9u8Pw9jBqQ0&fo_s=OA,SOE&opi=79508299&ebb=1&cs=0&foub=mcpp",,,"https://www.google.com/maps/place/Tea+and+Milk/@40.7591202,-73.92634319999999,14z/data=!4m8!1m2!2m1!1sTea+and+Milk!3m4!1s0x89c25f305a2360ab:0x4e9f02bacff94bb1!8m2!3d40.7591202!4d-73.92634319999999","https://www.google.com/maps/place/Tea+and+Milk/@40.7591202,-73.92634319999999,13.99z/data=!4m16!1m7!3m6!1s0x89c25f305a2360ab:0x4e9f02bacff94bb1!2sTea+and+Milk!8m2!3d40.7591202!4d-73.92634319999999!16s%2Fg%2F11ckvg1dmb!3m7!1s0x89c25f305a2360ab:0x4e9f02bacff94bb1!8m2!3d40.7591202!4d-73.92634319999999!9m1!1b1!16s%2Fg%2F11ckvg1dmb?entry=ttu",ChIJq2AjWjBfwokRsUv5z7oCn04,0x89c25f305a2360ab:0x4e9f02bacff94bb1,5665249857631767473,/g/11b77dlqkc,5665249857631767473,,feedback@teaandmilk.com,RECEIVING,SMTP validated,,,,,,,,,,,,,,,,,,,,,,19172940450,13479212056,12122671618,https://www.facebook.com/teaandmilk/,https://www.instagram.com/teaandmilkny,,,,,,,,,,,,,,Home | Tea and Milk,Square Online,"Order pickup or shipping of DIY Bubble Tea Kits, Hoodies, T-shirts and other merchandise",,True,True
"bubble tea store, 10123, New York, NY, US",Boba Baar,Boba Baar,http://bobabaar.com/,Bubble tea store,Bubble tea store,Bubble tea store,+1 516-690-8378,"682 Stewart Ave, Garden City, NY 11530",None,682 Stewart Ave,Garden City,11530,New York,New York,United States of America,US,40.7317762,-73.6086602,892a1006e17ffff,America/New_York,,False,5.0,419,"https://search.google.com/local/reviews?placeid=ChIJoY5v7KNZwokRBEhDGu_2ge8&q=bubble+tea+store,+10123,+New+York,+NY,+US&authuser=0&hl=en&gl=US",,,1.0,0.0,1.0,7.0,410.0,263,https://lh3.googleusercontent.com/gps-cs-s/AB5caB85bmMD5lmwGaeOA1gC05XSARjAuX2rvd8UE_zJlK_Wn209YcrVAHCiBBGym0sqv6DDNjEXNdG-femWi1w1BJ9O3igTydUKghK8uN5w0AueGFtLAO_IgMzAUV_2lO_WliDO7OFz3g=w800-h500-k-no,https://lh3.googleusercontent.com/gps-cs-s/AB5caB85bmMD5lmwGaeOA1gC05XSARjAuX2rvd8UE_zJlK_Wn209YcrVAHCiBBGym0sqv6DDNjEXNdG-femWi1w1BJ9O3igTydUKghK8uN5w0AueGFtLAO_IgMzAUV_2lO_WliDO7OFz3g=w1600-h1000-k-no,,"{""Monday"": ""12-8PM"", ""Tuesday"": ""12-8PM"", ""Wednesday"": ""12-8PM"", ""Thursday"": ""12-8PM"", ""Friday"": ""12-9PM"", ""Saturday"": ""11AM-9PM"", ""Sunday"": ""11AM-8PM""}",Monday:12-8PM|Tuesday:12-8PM|Wednesday:12-8PM|Thursday:12-8PM|Friday:12-9PM|Saturday:11AM-9PM|Sunday:11AM-8PM,,,OPERATIONAL,"{""Service options"": {""Curbside pickup"": true, ""No-contact delivery"": true, ""Delivery"": true, ""Onsite services"": true, ""Takeout"": true, ""Dine-in"": true}, ""Highlights"": {""Great tea selection"": true}, ""Accessibility"": {""Wheelchair accessible entrance"": true, ""Wheelchair accessible parking lot"": true, ""Wheelchair accessible restroom"": true, ""Wheelchair accessible seating"": true, ""Assistive hearing loop"": false}, ""Amenities"": {""Gender-neutral restroom"": true}, ""Crowd"": {""LGBTQ+ friendly"": true, ""Transgender safespace"": true}, ""Other"": {""LGBTQ+ friendly"": true}}",$,,https://lh4.googleusercontent.com/--yZdO7HfAHs/AAAAAAAAAAI/AAAAAAAAAAA/HZHMxqMXd8E/s44-p-k-no-ns-nd/photo.jpg,,,True,103340288533453721107,Boba Baar,https://www.google.com/maps/contrib/103340288533453721107,,"https://www.google.com/viewer/chooseprovider?mid=/g/11jsykpsbv&g2lbs=AAEPWCvC4o_c2MXiNuRf4xE28JSvVKP6z0mUCMe1FsW3IAC33SIn8JFgQADNUupWa0HTTImaLmkeFJM4RGHXEP_T9K5mal3XMA%3D%3D&hl=en-US&gl=us&fo_m=MfohQo559jFvMUOzJVpjPL1YMfZ3bInYwBDuMfaXTPp5KXh-&utm_source=tactile&gei=b2gJaLOGIrCN9u8Pw9jBqQ0&ei=b2gJaLOGIrCN9u8Pw9jBqQ0&fo_s=OA,SOE&opi=79508299&ebb=1&cs=0&foub=mcpp",,,"https://www.google.com/maps/place/Boba+Baar/@40.7317762,-73.6086602,14z/data=!4m8!1m2!2m1!1sBoba+Baar!3m4!1s0x89c259a3ec6f8ea1:0xef81f6ef1a434804!8m2!3d40.7317762!4d-73.6086602","https://www.google.com/maps/place/Boba+Baar/@40.7317762,-73.6086602,13.99z/data=!4m16!1m7!3m6!1s0x89c259a3ec6f8ea1:0xef81f6ef1a434804!2sBoba+Baar!8m2!3d40.7317762!4d-73.6086602!16s%2Fg%2F11ckvg1dmb!3m7!1s0x89c259a3ec6f8ea1:0xef81f6ef1a434804!8m2!3d40.7317762!4d-73.6086602!9m1!1b1!16s%2Fg%2F11ckvg1dmb?entry=ttu",ChIJoY5v7KNZwokRBEhDGu_2ge8,0x89c259a3ec6f8ea1:0xef81f6ef1a434804,17258346753858684932,/g/11jsykpsbv,-1188397319850866684,,bobabaar@gmail.com,RECEIVING,Verified,,,,,,,,,,,,,,,,,,,,,,,,,https://www.facebook.com/bobabaar,https://www.instagram.com/boba.baar,https://www.linkedin.com/company/bobabaar,,,,,,,,,,,,,Welcome to - Boba Baar,Divi v.4.23.1,,,False,False
"bubble tea store, 10123, New York, NY, US",Ten Ren's Tea Time,Ten Rens Tea Time,http://www.tenrenfinetea.com/,"Bubble tea store, Chinese tea house",Bubble tea store,Bubble tea store,+1 212-349-2286,"73 Mott St, New York, NY 10013",Manhattan,73 Mott St,New York,10013,New York,New York,United States of America,US,40.7163599,-73.9982201,892a1072c23ffff,America/New_York,,False,4.1,452,"https://search.google.com/local/reviews?placeid=ChIJ4xq8DCdawokRwDbduOf0xQQ&q=bubble+tea+store,+10123,+New+York,+NY,+US&authuser=0&hl=en&gl=US",,,29.0,20.0,36.0,143.0,224.0,349,https://lh3.googleusercontent.com/gps-cs-s/AB5caB_fypRVNZl3ZDke1eyrQQSnaQ0tfacnTCgb9gedAWi8FBcWCx3npCS8XWpVakZyfKA8gTaEVv6WD9Qab4ynKLcK9IJUdk4uVJyPZO2knAAud3HD-0EvPtgTgWOL0YuUPPwLGJAb=w800-h500-k-no,https://lh3.googleusercontent.com/gps-cs-s/AB5caB_fypRVNZl3ZDke1eyrQQSnaQ0tfacnTCgb9gedAWi8FBcWCx3npCS8XWpVakZyfKA8gTaEVv6WD9Qab4ynKLcK9IJUdk4uVJyPZO2knAAud3HD-0EvPtgTgWOL0YuUPPwLGJAb=w1600-h1000-k-no,,"{""Monday"": ""10AM-7PM"", ""Tuesday"": ""10AM-7PM"", ""Wednesday"": ""10AM-7PM"", ""Thursday"": ""10AM-7PM"", ""Friday"": ""10AM-7PM"", ""Saturday"": ""10AM-7PM"", ""Sunday"": ""10AM-7PM""}",Monday:10AM-7PM|Tuesday:10AM-7PM|Wednesday:10AM-7PM|Thursday:10AM-7PM|Friday:10AM-7PM|Saturday:10AM-7PM|Sunday:10AM-7PM,,,OPERATIONAL,"{""Service options"": {""Delivery"": true, ""Takeout"": true, ""Dine-in"": true}, ""Highlights"": {""Great tea selection"": true}, ""Accessibility"": {""Wheelchair accessible parking lot"": false}, ""Parking"": {""Paid street parking"": true}}",$,,https://lh3.googleusercontent.com/-vwRvrPokwvU/AAAAAAAAAAI/AAAAAAAAAAA/3cgm0NfmYa0/s44-p-k-no-ns-nd/photo.jpg,,,True,112362040295165770325,Ten Ren's Tea Time,https://www.google.com/maps/contrib/112362040295165770325,,"https://www.google.com/viewer/chooseprovider?mid=/g/1vzv4l1c&g2lbs=AAEPWCvEFIh9jImjww8jKb1J8LcbJg58Tudd1Y9ttiPPovmjrmUmwEpZ4Owv61Ar_FrE-jGqRt47FUHmllP27LA0VVnv9pZDMg%3D%3D&hl=en-US&gl=us&fo_m=MfohQo559jFvMUOzJVpjPL1YMfZ3bInYwBDuMfaXTPp5KXh-&utm_source=tactile&gei=b2gJaLOGIrCN9u8Pw9jBqQ0&ei=b2gJaLOGIrCN9u8Pw9jBqQ0&fo_s=OA,SOE&opi=79508299&ebb=1&cs=0&foub=mcpp",,,"https://www.google.com/maps/place/Ten+Ren%27s+Tea+Time/@40.7163599,-73.9982201,14z/data=!4m8!1m2!2m1!1sTen+Ren%27s+Tea+Time!3m4!1s0x89c25a270cbc1ae3:0x4c5f4e7b8dd36c0!8m2!3d40.7163599!4d-73.9982201","https://www.google.com/maps/place/Ten+Ren%27s+Tea+Time/@40.7163599,-73.9982201,13.99z/data=!4m16!1m7!3m6!1s0x89c25a270cbc1ae3:0x4c5f4e7b8dd36c0!2sTen+Ren%27s+Tea+Time!8m2!3d40.7163599!4d-73.9982201!16s%2Fg%2F11ckvg1dmb!3m7!1s0x89c25a270cbc1ae3:0x4c5f4e7b8dd36c0!8m2!3d40.7163599!4d-73.9982201!9m1!1b1!16s%2Fg%2F11ckvg1dmb?entry=ttu",ChIJ4xq8DCdawokRwDbduOf0xQQ,0x89c25a270cbc1ae3:0x4c5f4e7b8dd36c0,343950222639838912,/g/1vzv4l1c,343950222639838912,,customerservice@tenrenfinetea.com,UNKNOWN,Cannot validate,,,,,,info@tenrenfinetea.com,UNKNOWN,Cannot validate,,,,,,,,,,,,,,12127327178,,,https://www.facebook.com/tenrenfinetea/,https://www.instagram.com/tenrenfinetea,,,,,,,,,https://twitter.com/tenrenfinetea,,,,,Ten Ren Tea - Buy the Best Chinese Tea Online,,"Buy the best oolong, pu-erh, and jasmine tea from Ten Ren Tea! Established since 1953, We have over 200 retail stores and restaurants in the world!",,True,True
"bubble tea store, 10123, New York, NY, US",Molly Tea (Flushing),Molly Tea Flushing,https://mollyteausa.com/,"Bubble tea store, Chinese tea house, Tea house, Tea store",Bubble tea store,Bubble tea store,+1 917-702-3085,"37-11 Prince St, Flushing, NY 11354",Flushing,37-11 Prince St,Flushing,11354,New York,New York,United States of America,US,40.7605639,-73.8326494,892a100e063ffff,America/New_York,,False,4.7,1364,"https://search.google.com/local/reviews?placeid=ChIJy-2WbQBhwokRdUKLmVwC3A4&q=bubble+tea+store,+10123,+New+York,+NY,+US&authuser=0&hl=en&gl=US",,,51.0,14.0,29.0,50.0,1220.0,939,https://lh3.googleusercontent.com/gps-cs-s/AB5caB93zuLyMftTic8tqZMFBZIRAhjACuHA9kB_z2KXBaNWgiy-S9xEQci9bfFfBRm_PBvQFAmb20p5VqZK2jgA7nKIxT1eLAXa73l-c7Zb0xpZGSoeyypOyPT--wGENFBNdhbBjbKm=w800-h500-k-no,https://lh3.googleusercontent.com/gps-cs-s/AB5caB93zuLyMftTic8tqZMFBZIRAhjACuHA9kB_z2KXBaNWgiy-S9xEQci9bfFfBRm_PBvQFAmb20p5VqZK2jgA7nKIxT1eLAXa73l-c7Zb0xpZGSoeyypOyPT--wGENFBNdhbBjbKm=w1600-h1000-k-no,,"{""Monday"": ""11AM-10PM"", ""Tuesday"": ""11AM-10PM"", ""Wednesday"": ""11AM-10PM"", ""Thursday"": ""11AM-10PM"", ""Friday"": ""11AM-11PM"", ""Saturday"": ""11AM-11PM"", ""Sunday"": ""11AM-10PM""}",Monday:11AM-10PM|Tuesday:11AM-10PM|Wednesday:11AM-10PM|Thursday:11AM-10PM|Friday:11AM-11PM|Saturday:11AM-11PM|Sunday:11AM-10PM,,,OPERATIONAL,"{""From the business"": {""Identifies as Asian-owned"": true, ""Identifies as women-owned"": true}, ""Service options"": {""Curbside pickup"": true, ""No-contact delivery"": true, ""Delivery"": true, ""Takeout"": true, ""Dine-in"": true}, ""Highlights"": {""Great tea selection"": true}, ""Accessibility"": {""Wheelchair accessible parking lot"": false}, ""Crowd"": {""LGBTQ+ friendly"": true}, ""Other"": {""LGBTQ+ friendly"": true, ""Identifies as women-owned"": true, ""Identifies as Asian-owned"": true}}",$,,https://lh5.googleusercontent.com/-vxR4OnatKtY/AAAAAAAAAAI/AAAAAAAAAAA/JxJgmZQK8EE/s44-p-k-no-ns-nd/photo.jpg,,,True,113255054539689624980,Molly Tea,https://www.google.com/maps/contrib/113255054539689624980,,,,,"https://www.google.com/maps/place/Molly+Tea+%28Flushing%29/@40.7605639,-73.8326494,14z/data=!4m8!1m2!2m1!1sMolly+Tea+%28Flushing%29!3m4!1s0x89c261006d96edcb:0xedc025c998b4275!8m2!3d40.7605639!4d-73.8326494","https://www.google.com/maps/place/Molly+Tea+%28Flushing%29/@40.7605639,-73.8326494,13.99z/data=!4m16!1m7!3m6!1s0x89c261006d96edcb:0xedc025c998b4275!2sMolly+Tea+%28Flushing%29!8m2!3d40.7605639!4d-73.8326494!16s%2Fg%2F11ckvg1dmb!3m7!1s0x89c261006d96edcb:0xedc025c998b4275!8m2!3d40.7605639!4d-73.8326494!9m1!1b1!16s%2Fg%2F11ckvg1dmb?entry=ttu",ChIJy-2WbQBhwokRdUKLmVwC3A4,0x89c261006d96edcb:0xedc025c998b4275,1070733408143622773,/g/11vwnykxth,1070733408143622773,,info@mollyteausa.com,RECEIVING,Role,,,,,,,,,,,,,,,,,,,,,,,,,,,,,,,,,,,,,,,,"Molly Tea – Franchise in United States – Ultimate exploration of all things Jasmine. Jasmine Tea, Milk Tea.",WordPress 6.4.3,,,False,False
"bubble tea store, 10123, New York, NY, US",Kung Fu Tea,Kung Fu Tea,https://kungfutea.com/,"Bubble tea store, Beverage distributor, Cafe, Chicken wings restaurant, Fast food restaurant",Bubble tea store,Bubble tea store,+1 212-695-5888,"11 W 32nd St #9, New York, NY 10001",Manhattan,11 W 32nd St #9,New York,10001,New York,New York,United States of America,US,40.747631399999996,-73.9863161,892a100d2c7ffff,America/New_York,,False,4.0,246,"https://search.google.com/local/reviews?placeid=ChIJKXiD-ahZwokRTuzm04INKmo&q=bubble+tea+store,+10123,+New+York,+NY,+US&authuser=0&hl=en&gl=US",,,33.0,9.0,19.0,39.0,146.0,203,https://lh3.googleusercontent.com/p/AF1QipMoIAu6QoGFZan0EVT2xjj77KiKkx8PhLWyzr20=w800-h500-k-no,https://lh3.googleusercontent.com/p/AF1QipMoIAu6QoGFZan0EVT2xjj77KiKkx8PhLWyzr20=w1600-h1000-k-no,,"{""Monday"": ""11AM-9:30PM"", ""Tuesday"": ""11AM-9:30PM"", ""Wednesday"": ""11AM-9:30PM"", ""Thursday"": ""11AM-9:30PM"", ""Friday"": ""11AM-10:30PM"", ""Saturday"": ""11AM-10:30PM"", ""Sunday"": ""11AM-9:30PM""}",Monday:11AM-9:30PM|Tuesday:11AM-9:30PM|Wednesday:11AM-9:30PM|Thursday:11AM-9:30PM|Friday:11AM-10:30PM|Saturday:11AM-10:30PM|Sunday:11AM-9:30PM,,,OPERATIONAL,"{""Service options"": {""Onsite services"": true, ""Takeout"": true, ""Dine-in"": true}, ""Highlights"": {""Great tea selection"": true}, ""Accessibility"": {""Wheelchair accessible parking lot"": false}}",$,,https://lh6.googleusercontent.com/-VBa-EOYLT2w/AAAAAAAAAAI/AAAAAAAAAAA/uFWp_R4KqxY/s44-p-k-no-ns-nd/photo.jpg,"Bubble tea specialist with a selection of other hot & cold drinks, including coffee & slushes.",,True,102073394121340660392,Kung Fu Tea,https://www.google.com/maps/contrib/102073394121340660392,,"https://www.google.com/viewer/chooseprovider?mid=/g/11bzy6py25&g2lbs=AAEPWCsKCZ052CXQXW9TVQZyPce3siN-WqX2aewbeqZbepreHClgMi8F1vLjYf9pS9iE1i7K32zLtn1ZqGkU-nTTKuHPEteVQQ%3D%3D&hl=en-US&gl=us&fo_m=MfohQo559jFvMUOzJVpjPL1YMfZ3bInYwBDuMfaXTPp5KXh-&utm_source=tactile&gei=cWgJaMbdD_HcwN4PsL_psAE&ei=cWgJaMbdD_HcwN4PsL_psAE&fo_s=OA,SOE&opi=79508299&ebb=1&cs=0&foub=mcpp",,,"https://www.google.com/maps/place/Kung+Fu+Tea/@40.747631399999996,-73.9863161,14z/data=!4m8!1m2!2m1!1sKung+Fu+Tea!3m4!1s0x89c259a8f9837829:0x6a2a0d82d3e6ec4e!8m2!3d40.747631399999996!4d-73.9863161","https://www.google.com/maps/place/Kung+Fu+Tea/@40.747631399999996,-73.9863161,13.99z/data=!4m16!1m7!3m6!1s0x89c259a8f9837829:0x6a2a0d82d3e6ec4e!2sKung+Fu+Tea!8m2!3d40.747631399999996!4d-73.9863161!16s%2Fg%2F11ckvg1dmb!3m7!1s0x89c259a8f9837829:0x6a2a0d82d3e6ec4e!8m2!3d40.747631399999996!4d-73.9863161!9m1!1b1!16s%2Fg%2F11ckvg1dmb?entry=ttu",ChIJKXiD-ahZwokRTuzm04INKmo,0x89c259a8f9837829:0x6a2a0d82d3e6ec4e,7649941772594244686,/g/11bzy6py25,7649941772594244686,,support@armsglobalinc.com,RECEIVING,Role,,,,,,marketing@kfteausa.com,RECEIVING,SMTP validated,,,,,,delivery_help@grubhub.com,RECEIVING,SMTP validated,,,,,,+1 724-544-6367,+1 855-538-9888,15402175182,https://www.facebook.com/kungfuteausa/,https://www.instagram.com/kungfuteausa,https://www.linkedin.com/company/kung-fu-tea,https://www.tiktok.com/@kungfutea,,,,,,,https://twitter.com/kfteausa,,,,,Menu — Kung Fu Tea | Fresh - Innovative - Fearless leading tea brand,WordPress 6.3,"Menu At Kung Fu Tea, every beverage is made-to-order with real Kung Fu. Our tea is freshly brewed every 3 hours using premium tea leaves. You can choose from classic teas, milk teas, fruit teas, slushies and more. Each drink is customized by you! You get to pick your toppings,…",,False,True
"bubble tea store, 10123, New York, NY, US",CoCo Fresh Tea & Juice,Coco Fresh Tea And Juice,http://cocobubbletea.com/,Bubble tea store,Bubble tea store,Bubble tea store,+1 212-595-0099,"124 W 72nd St, New York, NY 10023",Manhattan,124 W 72nd St,New York,10023,New York,New York,United States of America,US,40.7776114,-73.97989969999999,892a1008bbbffff,America/New_York,,False,4.4,243,"https://search.google.com/local/reviews?placeid=ChIJeVQZrotYwokRwASycgUr7vw&q=bubble+tea+store,+10123,+New+York,+NY,+US&authuser=0&hl=en&gl=US",,,12.0,10.0,16.0,47.0,158.0,175,https://lh3.googleusercontent.com/p/AF1QipMxxzKYZLfVah8q4zrSoHxU436B7v7dC46txaxz=w800-h500-k-no,https://lh3.googleusercontent.com/p/AF1QipMxxzKYZLfVah8q4zrSoHxU436B7v7dC46txaxz=w1600-h1000-k-no,,"{""Monday"": ""10AM-10PM"", ""Tuesday"": ""10AM-10PM"", ""Wednesday"": ""10AM-10PM"", ""Thursday"": ""10AM-10PM"", ""Friday"": ""10AM-10PM"", ""Saturday"": ""10AM-10PM"", ""Sunday"": ""10AM-10PM""}",Monday:10AM-10PM|Tuesday:10AM-10PM|Wednesday:10AM-10PM|Thursday:10AM-10PM|Friday:10AM-10PM|Saturday:10AM-10PM|Sunday:10AM-10PM,,,OPERATIONAL,"{""Service options"": {""Delivery"": true, ""Takeout"": true, ""Dine-in"": true}, ""Highlights"": {""Great tea selection"": true}, ""Accessibility"": {""Wheelchair accessible parking lot"": false}, ""Parking"": {""Paid street parking"": true}}",$,,https://lh6.googleusercontent.com/-OrNs8COL954/AAAAAAAAAAI/AAAAAAAAAAA/EAzNZmC53ao/s44-p-k-no-ns-nd/photo.jpg,,,True,110144446624499991488,CoCo Fresh Tea & Juice,https://www.google.com/maps/contrib/110144446624499991488,,"https://www.google.com/viewer/chooseprovider?mid=/g/11bx65qh2h&g2lbs=AAEPWCv12bBHdeubjSVnUxfslsFWMchLZRBpU8jD95GRRCM1FBAhOB3CCB7kKDv10JupCnCUAQyAbxnG05TR-O-6Xukq6OahOw%3D%3D&hl=en-US&gl=us&fo_m=MfohQo559jFvMUOzJVpjPL1YMfZ3bInYwBDuMfaXTPp5KXh-&utm_source=tactile&gei=cWgJaMbdD_HcwN4PsL_psAE&ei=cWgJaMbdD_HcwN4PsL_psAE&fo_s=OA,SOE&opi=79508299&ebb=1&cs=0&foub=mcpp",,,"https://www.google.com/maps/place/CoCo+Fresh+Tea+%26+Juice/@40.7776114,-73.97989969999999,14z/data=!4m8!1m2!2m1!1sCoCo+Fresh+Tea+%26+Juice!3m4!1s0x89c2588bae195479:0xfcee2b0572b204c0!8m2!3d40.7776114!4d-73.97989969999999","https://www.google.com/maps/place/CoCo+Fresh+Tea+%26+Juice/@40.7776114,-73.97989969999999,13.99z/data=!4m16!1m7!3m6!1s0x89c2588bae195479:0xfcee2b0572b204c0!2sCoCo+Fresh+Tea+%26+Juice!8m2!3d40.7776114!4d-73.97989969999999!16s%2Fg%2F11ckvg1dmb!3m7!1s0x89c2588bae195479:0xfcee2b0572b204c0!8m2!3d40.7776114!4d-73.97989969999999!9m1!1b1!16s%2Fg%2F11ckvg1dmb?entry=ttu",ChIJeVQZrotYwokRwASycgUr7vw,0x89c2588bae195479:0xfcee2b0572b204c0,18225552044414076096,/g/11bx65qh2h,-221192029295475520,,marketing@cocobubbletea.com,RECEIVING,Role,,,,,,jguo4@ualberta.ca,RECEIVING,SMTP validated,Jing Guo,Jing,Guo,,17808858652,,,,,,,,,19292922313,16044982239,,https://www.facebook.com/cocotea.eastcoast,https://www.instagram.com/cocotea.eastcoast,,,,,,,,,,,,,,CoCo Fresh Tea & Juice | New York's #1 Bubble Tea,,"Fresh and Naturally Made - CoCo Fresh Tea & Juice is a premium bubble tea 
brand with 16 locations in New York and New Jersey, and 4500 stores around 
the world.",,False,False
"bubble tea store, 10123, New York, NY, US",Tea Magic 72,Tea Magic 72,https://order.ubereats.com/new-york/food-delivery/tea-magic/dF1KiqZpTWOk6KIFzbxChQ,Bubble tea store,Bubble tea store,Bubble tea store,+1 212-712-2227,"239 W 72nd St, New York, NY 10023",Manhattan,239 W 72nd St,New York,10023,New York,New York,United States of America,US,40.7793752,-73.9830459,892a1008b17ffff,America/New_York,,False,3.9,104,"https://search.google.com/local/reviews?placeid=ChIJz8y3LtNZwokR32T4bK-qblg&q=bubble+tea+store,+10123,+New+York,+NY,+US&authuser=0&hl=en&gl=US",,,17.0,6.0,7.0,12.0,62.0,87,https://lh3.googleusercontent.com/p/AF1QipNd7p6tOO599MKXMpvyXSPUJ18gbrjcu2wQfml6=w800-h500-k-no,https://lh3.googleusercontent.com/p/AF1QipNd7p6tOO599MKXMpvyXSPUJ18gbrjcu2wQfml6=w1600-h1000-k-no,,"{""Monday"": ""11AM-11PM"", ""Tuesday"": ""11AM-11PM"", ""Wednesday"": ""11AM-11PM"", ""Thursday"": ""11AM-11PM"", ""Friday"": ""11AM-11PM"", ""Saturday"": ""11AM-11PM"", ""Sunday"": ""11AM-11PM""}",Monday:11AM-11PM|Tuesday:11AM-11PM|Wednesday:11AM-11PM|Thursday:11AM-11PM|Friday:11AM-11PM|Saturday:11AM-11PM|Sunday:11AM-11PM,,,OPERATIONAL,"{""Service options"": {""No-contact delivery"": true, ""Delivery"": true, ""Onsite services"": true, ""Takeout"": true, ""Dine-in"": true}, ""Highlights"": {""Great tea selection"": true}, ""Accessibility"": {""Wheelchair accessible entrance"": true, ""Wheelchair accessible parking lot"": false}, ""Parking"": {""Paid street parking"": true}}",$,,https://lh4.googleusercontent.com/-CsuqfBSBI1A/AAAAAAAAAAI/AAAAAAAAAAA/M9CHp_byMqQ/s44-p-k-no-ns-nd/photo.jpg,,,True,115284877922151098724,Tea Magic 72,https://www.google.com/maps/contrib/115284877922151098724,,"https://www.google.com/viewer/chooseprovider?mid=/g/11gmwp3_rn&g2lbs=AAEPWCvHC-tOvKe5bkwc5tKwaS1avSCnXWHq3yIGChplh6k60upvNQqT6gaYUYB5RppTLLqQf1ML9ltv7XVo7Gh6tXWqPL232g%3D%3D&hl=en-US&gl=us&fo_m=MfohQo559jFvMUOzJVpjPL1YMfZ3bInYwBDuMfaXTPp5KXh-&utm_source=tactile&gei=cWgJaMbdD_HcwN4PsL_psAE&ei=cWgJaMbdD_HcwN4PsL_psAE&fo_s=OA,SOE&opi=79508299&ebb=1&cs=0&foub=mcpp",,,"https://www.google.com/maps/place/Tea+Magic+72/@40.7793752,-73.9830459,14z/data=!4m8!1m2!2m1!1sTea+Magic+72!3m4!1s0x89c259d32eb7cccf:0x586eaaaf6cf864df!8m2!3d40.7793752!4d-73.9830459","https://www.google.com/maps/place/Tea+Magic+72/@40.7793752,-73.9830459,13.99z/data=!4m16!1m7!3m6!1s0x89c259d32eb7cccf:0x586eaaaf6cf864df!2sTea+Magic+72!8m2!3d40.7793752!4d-73.9830459!16s%2Fg%2F11ckvg1dmb!3m7!1s0x89c259d32eb7cccf:0x586eaaaf6cf864df!8m2!3d40.7793752!4d-73.9830459!9m1!1b1!16s%2Fg%2F11ckvg1dmb?entry=ttu",ChIJz8y3LtNZwokR32T4bK-qblg,0x89c259d32eb7cccf:0x586eaaaf6cf864df,6372218193200047327,/g/11gmwp3_rn,6372218193200047327,,info@aromaresto.com,BLACKLISTED,Cannot validate,,,,,,grupobachi@outlook.com,RECEIVING,SMTP validated,,,,,,restlumieregto@outlook.com,RECEIVING,SMTP validated,,,,,,+52 312 330 6886,524731478688,351915273411,https://www.facebook.com/electricwestbar/about/,,,,,,,,,,,,,,,,,,,False,False
"bubble tea store, 10123, New York, NY, US",Alimama Tea,Alimama Tea,http://www.orderalimama.com/,Cafe,cafes,Cafe,+1 212-235-7288,"89A Bayard St, New York, NY 10013",Manhattan,89A Bayard St,New York,10013,New York,New York,United States of America,US,40.7158089,-73.9991885,892a1072c23ffff,America/New_York,,False,4.6,1560,"https://search.google.com/local/reviews?placeid=ChIJix2pGCdawokRX6CvqiIp-vo&q=bubble+tea+store,+10123,+New+York,+NY,+US&authuser=0&hl=en&gl=US",,,22.0,19.0,73.0,286.0,1160.0,2996,https://lh3.googleusercontent.com/p/AF1QipMtFGIUr3FA8t7iiY12fsvsu641mPY8sVjvs6pc=w800-h500-k-no,https://lh3.googleusercontent.com/p/AF1QipMtFGIUr3FA8t7iiY12fsvsu641mPY8sVjvs6pc=w1600-h1000-k-no,,"{""Monday"": ""11AM-8PM"", ""Tuesday"": ""11AM-8PM"", ""Wednesday"": ""11AM-8PM"", ""Thursday"": ""11AM-8PM"", ""Friday"": ""11AM-8PM"", ""Saturday"": ""11AM-8PM"", ""Sunday"": ""11AM-8PM""}",Monday:11AM-8PM|Tuesday:11AM-8PM|Wednesday:11AM-8PM|Thursday:11AM-8PM|Friday:11AM-8PM|Saturday:11AM-8PM|Sunday:11AM-8PM,,,OPERATIONAL,"{""Service options"": {""Outdoor seating"": true, ""No-contact delivery"": true, ""Delivery"": true, ""Onsite services"": true, ""Takeout"": true, ""Dine-in"": true}, ""Highlights"": {""Great dessert"": true, ""Great tea selection"": true}, ""Popular for"": {""Solo dining"": true}, ""Accessibility"": {""Wheelchair accessible parking lot"": false, ""Wheelchair accessible seating"": false}, ""Offerings"": {""Quick bite"": true}, ""Dining options"": {""Lunch"": true, ""Dinner"": true, ""Dessert"": true, ""Seating"": true}, ""Amenities"": {""Restroom"": false}, ""Atmosphere"": {""Casual"": true, ""Trendy"": true}, ""Crowd"": {""College students"": true, ""Tourists"": true}, ""Planning"": {""Accepts reservations"": false}, ""Payments"": {""Credit cards"": true, ""Debit cards"": true, ""NFC mobile payments"": true}, ""Children"": {""Good for kids"": true}, ""Parking"": {""Free street parking"": true}}",$$,,https://lh4.googleusercontent.com/-Xv6CoQOrkHI/AAAAAAAAAAI/AAAAAAAAAAA/-lipcPSSrk8/s44-p-k-no-ns-nd/photo.jpg,"Popular cafe serving a variety of mochi donuts and cream puffs, along with cold brewed teas.",,True,104554388039630248596,Alimama Tea,https://www.google.com/maps/contrib/104554388039630248596,,"https://www.google.com/viewer/chooseprovider?mid=/g/11hd53q9p5&g2lbs=AAEPWCuw8T-cwNnzxPQ-Zfa3Ij6k4wVQVRxsy5YMCUWqMIhx2WX1awwsNFRad8w9891Q8Aqai7B7hmpS6r_O6khtq3FmTSWrzg%3D%3D&hl=en-US&gl=us&fo_m=MfohQo559jFvMUOzJVpjPL1YMfZ3bInYwBDuMfaXTPp5KXh-&utm_source=tactile&gei=cWgJaMbdD_HcwN4PsL_psAE&ei=cWgJaMbdD_HcwN4PsL_psAE&fo_s=OA,SOE&opi=79508299&ebb=1&cs=0&foub=mcpp",,,"https://www.google.com/maps/place/Alimama+Tea/@40.7158089,-73.9991885,14z/data=!4m8!1m2!2m1!1sAlimama+Tea!3m4!1s0x89c25a2718a91d8b:0xfafa2922aaafa05f!8m2!3d40.7158089!4d-73.9991885","https://www.google.com/maps/place/Alimama+Tea/@40.7158089,-73.9991885,13.99z/data=!4m16!1m7!3m6!1s0x89c25a2718a91d8b:0xfafa2922aaafa05f!2sAlimama+Tea!8m2!3d40.7158089!4d-73.9991885!16s%2Fg%2F11ckvg1dmb!3m7!1s0x89c25a2718a91d8b:0xfafa2922aaafa05f!8m2!3d40.7158089!4d-73.9991885!9m1!1b1!16s%2Fg%2F11ckvg1dmb?entry=ttu",ChIJix2pGCdawokRX6CvqiIp-vo,0x89c25a2718a91d8b:0xfafa2922aaafa05f,18084812482528911455,/g/11hd53q9p5,-361931591180640161,,,,,,,,,,,,,,,,,,,,,,,,,,,,,,,,,,,,,,,,,,,,Order Online | Alimama Tea,Square Online,,,False,False
"bubble tea store, 10123, New York, NY, US",Kung Fu Tea,Kung Fu Tea,https://kungfutea.com/,"Bubble tea store, Beverage distributor, Cafe, Chicken wings restaurant, Fast food restaurant",Bubble tea store,Bubble tea store,+1 646-476-2013,"115 E 23rd St, New York, NY 10010",Manhattan,115 E 23rd St,New York,10010,New York,New York,United States of America,US,40.740063,-73.9855319,892a100d207ffff,America/New_York,,False,3.8,235,"https://search.google.com/local/reviews?placeid=ChIJRwy69YhZwokRa6ZTZ0phZCQ&q=bubble+tea+store,+10123,+New+York,+NY,+US&authuser=0&hl=en&gl=US",,,42.0,16.0,15.0,36.0,126.0,632,https://lh3.googleusercontent.com/p/AF1QipPS5cGqTJRSmqSgrh_D6aQCoeXmFbwqeDjBAdwJ=w800-h500-k-no,https://lh3.googleusercontent.com/p/AF1QipPS5cGqTJRSmqSgrh_D6aQCoeXmFbwqeDjBAdwJ=w1600-h1000-k-no,,"{""Monday"": ""11AM-7PM"", ""Tuesday"": ""11AM-7PM"", ""Wednesday"": ""11AM-7PM"", ""Thursday"": ""11AM-7PM"", ""Friday"": ""11AM-7PM"", ""Saturday"": ""11AM-7PM"", ""Sunday"": ""11AM-7PM""}",Monday:11AM-7PM|Tuesday:11AM-7PM|Wednesday:11AM-7PM|Thursday:11AM-7PM|Friday:11AM-7PM|Saturday:11AM-7PM|Sunday:11AM-7PM,,,OPERATIONAL,"{""Service options"": {""No-contact delivery"": true, ""Onsite services"": true, ""Takeout"": true, ""Dine-in"": true, ""Delivery"": false}, ""Highlights"": {""Great tea selection"": true}, ""Accessibility"": {""Wheelchair accessible entrance"": true}}",$,,https://lh5.googleusercontent.com/-vMG9mp0s_RY/AAAAAAAAAAI/AAAAAAAAAAA/TdL4zxP29XQ/s44-p-k-no-ns-nd/photo.jpg,"Bubble tea specialist with a selection of other hot & cold drinks, including coffee & slushes.",,True,104494160014661586777,Kung Fu Tea,https://www.google.com/maps/contrib/104494160014661586777,,"https://www.google.com/viewer/chooseprovider?mid=/g/11gmz2r32y&g2lbs=AAEPWCuDh5aiOyJmz-40g2mMmnsmvhMFBKr62xCI8xP9snfqukstYJb4Oh-WT1nphsCSKxnH1Jolwrc-kjFMN4rUQYq3bfEdzw%3D%3D&hl=en-US&gl=us&fo_m=MfohQo559jFvMUOzJVpjPL1YMfZ3bInYwBDuMfaXTPp5KXh-&utm_source=tactile&gei=cWgJaMbdD_HcwN4PsL_psAE&ei=cWgJaMbdD_HcwN4PsL_psAE&fo_s=OA,SOE&opi=79508299&ebb=1&cs=0&foub=mcpp",,,"https://www.google.com/maps/place/Kung+Fu+Tea/@40.740063,-73.9855319,14z/data=!4m8!1m2!2m1!1sKung+Fu+Tea!3m4!1s0x89c25988f5ba0c47:0x2464614a6753a66b!8m2!3d40.740063!4d-73.9855319","https://www.google.com/maps/place/Kung+Fu+Tea/@40.740063,-73.9855319,13.99z/data=!4m16!1m7!3m6!1s0x89c25988f5ba0c47:0x2464614a6753a66b!2sKung+Fu+Tea!8m2!3d40.740063!4d-73.9855319!16s%2Fg%2F11ckvg1dmb!3m7!1s0x89c25988f5ba0c47:0x2464614a6753a66b!8m2!3d40.740063!4d-73.9855319!9m1!1b1!16s%2Fg%2F11ckvg1dmb?entry=ttu",ChIJRwy69YhZwokRa6ZTZ0phZCQ,0x89c25988f5ba0c47:0x2464614a6753a66b,2622327855225480811,/g/11gmz2r32y,2622327855225480811,,support@armsglobalinc.com,RECEIVING,Role,,,,,,marketing@kfteausa.com,RECEIVING,SMTP validated,,,,,,delivery_help@grubhub.com,RECEIVING,SMTP validated,,,,,,+1 724-544-6367,+1 855-538-9888,15402175182,https://www.facebook.com/kungfuteausa/,https://www.instagram.com/kungfuteausa,https://www.linkedin.com/company/kung-fu-tea,https://www.tiktok.com/@kungfutea,,,,,,,https://twitter.com/kfteausa,,,,,Menu — Kung Fu Tea | Fresh - Innovative - Fearless leading tea brand,WordPress 6.3,"Menu At Kung Fu Tea, every beverage is made-to-order with real Kung Fu. Our tea is freshly brewed every 3 hours using premium tea leaves. You can choose from classic teas, milk teas, fruit teas, slushies and more. Each drink is customized by you! You get to pick your toppings,…",,False,True
"bubble tea store, 10123, New York, NY, US",MomenTea Kitchen - Time Square,Momentea Kitchen Time Square,http://momenteausa.com/,"Bubble tea store, Asian restaurant, Chinese restaurant, Dessert shop, Dim sum restaurant, Hawaiian restaurant, Juice shop, Noodle shop, Sichuan restaurant, Sushi restaurant",restaurants,Bubble tea store,,"213 W 40th St, New York, NY 10018",Manhattan,213 W 40th St,New York,10018,New York,New York,United States of America,US,40.7551801,-73.9885949,892a10725a7ffff,America/New_York,,False,4.4,521,"https://search.google.com/local/reviews?placeid=ChIJC3gpi8dZwokRVg4_uMsHc54&q=bubble+tea+store,+10123,+New+York,+NY,+US&authuser=0&hl=en&gl=US",,,34.0,16.0,28.0,71.0,372.0,1200,https://lh3.googleusercontent.com/p/AF1QipODIYCFjlL_04hMLjDx_FqrZ_k0o_CZ5Fv9DEQR=w800-h500-k-no,https://lh3.googleusercontent.com/p/AF1QipODIYCFjlL_04hMLjDx_FqrZ_k0o_CZ5Fv9DEQR=w1600-h1000-k-no,,"{""Monday"": ""10:30AM-10:30PM"", ""Tuesday"": ""10:30AM-10:30PM"", ""Wednesday"": ""10:30AM-10:30PM"", ""Thursday"": ""10:30AM-10:30PM"", ""Friday"": ""10:30AM-10:30PM"", ""Saturday"": ""10:30AM-10:30PM"", ""Sunday"": ""10:30AM-10:30PM""}",Monday:10:30AM-10:30PM|Tuesday:10:30AM-10:30PM|Wednesday:10:30AM-10:30PM|Thursday:10:30AM-10:30PM|Friday:10:30AM-10:30PM|Saturday:10:30AM-10:30PM|Sunday:10:30AM-10:30PM,,,OPERATIONAL,"{""Service options"": {""No-contact delivery"": true, ""Delivery"": true, ""Takeout"": true, ""Dine-in"": true}, ""Popular for"": {""Lunch"": true, ""Dinner"": true, ""Solo dining"": true}, ""Accessibility"": {""Wheelchair accessible entrance"": true, ""Wheelchair accessible restroom"": true, ""Wheelchair accessible seating"": true}, ""Offerings"": {""Coffee"": true, ""Comfort food"": true, ""Happy hour food"": true, ""Healthy options"": true, ""Quick bite"": true, ""Salad bar"": true, ""Small plates"": true, ""Vegetarian options"": true}, ""Dining options"": {""Breakfast"": true, ""Lunch"": true, ""Dinner"": true, ""Catering"": true, ""Dessert"": true, ""Seating"": true}, ""Amenities"": {""Restroom"": true, ""Wi-Fi"": true}, ""Atmosphere"": {""Casual"": true}, ""Crowd"": {""Family-friendly"": true}, ""Planning"": {""Accepts reservations"": true}, ""Payments"": {""Credit cards"": true, ""Debit cards"": true, ""NFC mobile payments"": true}, ""Children"": {""Good for kids"": true, ""High chairs"": true}}",$$,,https://lh5.googleusercontent.com/-leAzo3U7DTQ/AAAAAAAAAAI/AAAAAAAAAAA/A7O3WNyWvBE/s44-p-k-no-ns-nd/photo.jpg,"Straightforward eatery serving up noodles, poke bowls, dim sum & sushi, plus smoothies & bubble tea.",,True,116142167974724283467,MomenTea Kitchen - Time Square,https://www.google.com/maps/contrib/116142167974724283467,,"https://www.google.com/viewer/chooseprovider?mid=/g/11fnjhs95x&g2lbs=AAEPWCvlMYX5g7qiZqkRdVyOxJnZFu5xSqbaIwd_zpkwtYb5_SBgDEwZzsxZtzG4KS91pqueG3mBEODZQSjEE8jz385zqSrDIA%3D%3D&hl=en-US&gl=us&fo_m=MfohQo559jFvMUOzJVpjPL1YMfZ3bInYwBDuMfaXTPp5KXh-&utm_source=tactile&gei=cWgJaMbdD_HcwN4PsL_psAE&ei=cWgJaMbdD_HcwN4PsL_psAE&fo_s=OA,SOE&opi=79508299&ebb=1&cs=0&foub=mcpp",,,"https://www.google.com/maps/place/MomenTea+Kitchen+-+Time+Square/@40.7551801,-73.9885949,14z/data=!4m8!1m2!2m1!1sMomenTea+Kitchen+-+Time+Square!3m4!1s0x89c259c78b29780b:0x9e7307cbb83f0e56!8m2!3d40.7551801!4d-73.9885949","https://www.google.com/maps/place/MomenTea+Kitchen+-+Time+Square/@40.7551801,-73.9885949,13.99z/data=!4m16!1m7!3m6!1s0x89c259c78b29780b:0x9e7307cbb83f0e56!2sMomenTea+Kitchen+-+Time+Square!8m2!3d40.7551801!4d-73.9885949!16s%2Fg%2F11ckvg1dmb!3m7!1s0x89c259c78b29780b:0x9e7307cbb83f0e56!8m2!3d40.7551801!4d-73.9885949!9m1!1b1!16s%2Fg%2F11ckvg1dmb?entry=ttu",ChIJC3gpi8dZwokRVg4_uMsHc54,0x89c259c78b29780b:0x9e7307cbb83f0e56,11417478051865235030,/g/11fnjhs95x,-7029266021844316586,,momenteausa@gmail.com,RECEIVING,SMTP validated,,,,,,momenteanyc@gmail.com,RECEIVING,SMTP validated,,,,,,momenteachelsea@gmail.com,RECEIVING,Verified,,,,,,,,,,,,,,,,,,,,,,,,Restaurant | MomenTea | New York,Wix.com Website Builder,"At MomenTea, we believe in serving quality Bubble Tea, Fresh Juice & Asian food.",,False,False
"bubble tea store, 10123, New York, NY, US",Tea Magic,Tea Magic,https://www.facebook.com/TeaMagicNY/,"Bubble tea store, Dessert shop, Frozen yogurt shop",Bubble tea store,Bubble tea store,+1 212-666-3665,"2878 Broadway, New York, NY 10025",Manhattan,2878 Broadway,New York,10025,New York,New York,United States of America,US,40.8052037,-73.9656499,892a1008893ffff,America/New_York,,False,3.9,293,"https://search.google.com/local/reviews?placeid=ChIJoY3qiDv2wokRITdAkeqTtAI&q=bubble+tea+store,+10123,+New+York,+NY,+US&authuser=0&hl=en&gl=US",,,46.0,13.0,28.0,52.0,154.0,106,https://lh3.googleusercontent.com/p/AF1QipOKS7Z_Kd8JTplY8FcqGxZEGIBod1x31I0yjv4=w800-h500-k-no,https://lh3.googleusercontent.com/p/AF1QipOKS7Z_Kd8JTplY8FcqGxZEGIBod1x31I0yjv4=w1600-h1000-k-no,,"{""Monday"": ""11AM-11PM"", ""Tuesday"": ""11AM-11PM"", ""Wednesday"": ""11AM-11PM"", ""Thursday"": ""11AM-11PM"", ""Friday"": ""11AM-11PM"", ""Saturday"": ""11AM-11PM"", ""Sunday"": ""11AM-11PM""}",Monday:11AM-11PM|Tuesday:11AM-11PM|Wednesday:11AM-11PM|Thursday:11AM-11PM|Friday:11AM-11PM|Saturday:11AM-11PM|Sunday:11AM-11PM,,,OPERATIONAL,"{""Service options"": {""No-contact delivery"": true, ""Delivery"": true, ""Takeout"": true, ""Dine-in"": true}, ""Highlights"": {""Great tea selection"": true}, ""Accessibility"": {""Wheelchair accessible entrance"": true, ""Wheelchair accessible parking lot"": false}, ""Parking"": {""Paid street parking"": true}}",$,,https://lh5.googleusercontent.com/-tUxxMhhibOY/AAAAAAAAAAI/AAAAAAAAAAA/Xw6EFU5oTG0/s44-p-k-no-ns-nd/photo.jpg,This compact cafe whips up a variety of bubble teas & other treats in a contemporary space.,,True,105559859703364833033,Tea Magic,https://www.google.com/maps/contrib/105559859703364833033,,"https://www.google.com/viewer/chooseprovider?mid=/g/1tqygflx&g2lbs=AAEPWCuuTQU4Ra-zJY0Oxwclvcb1zhYSj0vLDx3RBuK3vVhU80R-6tZhsprt0eSZFLidgDEM_1mjKhrYNVwHXOcHn8XcJSz8KA%3D%3D&hl=en-US&gl=us&fo_m=MfohQo559jFvMUOzJVpjPL1YMfZ3bInYwBDuMfaXTPp5KXh-&utm_source=tactile&gei=cWgJaMbdD_HcwN4PsL_psAE&ei=cWgJaMbdD_HcwN4PsL_psAE&fo_s=OA,SOE&opi=79508299&ebb=1&cs=0&foub=mcpp",,,"https://www.google.com/maps/place/Tea+Magic/@40.8052037,-73.9656499,14z/data=!4m8!1m2!2m1!1sTea+Magic!3m4!1s0x89c2f63b88ea8da1:0x2b493ea91403721!8m2!3d40.8052037!4d-73.9656499","https://www.google.com/maps/place/Tea+Magic/@40.8052037,-73.9656499,13.99z/data=!4m16!1m7!3m6!1s0x89c2f63b88ea8da1:0x2b493ea91403721!2sTea+Magic!8m2!3d40.8052037!4d-73.9656499!16s%2Fg%2F11ckvg1dmb!3m7!1s0x89c2f63b88ea8da1:0x2b493ea91403721!8m2!3d40.8052037!4d-73.9656499!9m1!1b1!16s%2Fg%2F11ckvg1dmb?entry=ttu",ChIJoY3qiDv2wokRITdAkeqTtAI,0x89c2f63b88ea8da1:0x2b493ea91403721,194943319552309025,/g/1tqygflx,194943319552309025,,,,,,,,,,,,,,,,,,,,,,,,,,12126663665,,,https://www.facebook.com/teamagicny,,,,,,,,,,,,,,,,,,,,
"bubble tea store, 10123, New York, NY, US",Surreal Creamery,Surreal Creamery,https://www.surrealcreamery.com/,"Bubble tea store, Ice cream shop, Cake shop, Cupcake shop, Dessert shop, Restaurant",Ice cream shop,Bubble tea store,+1 646-455-0093,"538 2nd Ave, New York, NY 10016",Manhattan,538 2nd Ave,New York,10016,New York,New York,United States of America,US,40.742005899999995,-73.9775525,892a100d2bbffff,America/New_York,,False,4.5,909,"https://search.google.com/local/reviews?placeid=ChIJm9q7JRNZwokRPiwHhrIukd0&q=bubble+tea+store,+10123,+New+York,+NY,+US&authuser=0&hl=en&gl=US",,,34.0,20.0,43.0,135.0,677.0,1087,https://lh3.googleusercontent.com/p/AF1QipPK3FQiTz1-Dc2quPzE4mnAW1bcgXJeJ2RRoyyJ=w800-h500-k-no,https://lh3.googleusercontent.com/p/AF1QipPK3FQiTz1-Dc2quPzE4mnAW1bcgXJeJ2RRoyyJ=w1600-h1000-k-no,,"{""Monday"": ""2-11PM"", ""Tuesday"": ""2-11PM"", ""Wednesday"": ""2-11PM"", ""Thursday"": ""2-11PM"", ""Friday"": ""1PM-12AM"", ""Saturday"": ""1PM-12AM"", ""Sunday"": ""1-11PM""}",Monday:2-11PM|Tuesday:2-11PM|Wednesday:2-11PM|Thursday:2-11PM|Friday:1PM-12AM|Saturday:1PM-12AM|Sunday:1-11PM,,,OPERATIONAL,"{""From the business"": {""Small business"": true}, ""Service options"": {""Delivery"": true, ""In-store pickup"": true, ""In-store shopping"": true, ""Onsite services"": true, ""Takeout"": true}, ""Popular for"": {""Solo dining"": true}, ""Accessibility"": {""Wheelchair accessible parking lot"": false}, ""Offerings"": {""Coffee"": true}, ""Atmosphere"": {""Casual"": true, ""Trendy"": true}, ""Crowd"": {""Family-friendly"": true}, ""Planning"": {""Quick visit"": true}, ""Payments"": {""Credit cards"": true, ""Debit cards"": true, ""NFC mobile payments"": true}, ""Children"": {""Good for kids"": true}, ""Parking"": {""Paid street parking"": true}}",$$,,https://lh4.googleusercontent.com/-aDhrtofomwQ/AAAAAAAAAAI/AAAAAAAAAAA/ErSBiEF7P48/s44-p-k-no-ns-nd/photo.jpg,"Bright, Louisiana-inspired fixture doling out classic dishes with a twist, plus dessert and cocktails.",,True,103870313623219725661,Surreal Creamery,https://www.google.com/maps/contrib/103870313623219725661,,"https://www.google.com/viewer/chooseprovider?mid=/g/11jn4154mr&g2lbs=AAEPWCun3zAdH94RcL9a72vgkH2AyTJbS6ZhIPi7vHjUovXlsSlavx6UJQ8G4QULSs6bTdb4MUeVTRhaSav8SH-DqnYsZiL35A%3D%3D&hl=en-US&gl=us&fo_m=MfohQo559jFvMUOzJVpjPL1YMfZ3bInYwBDuMfaXTPp5KXh-&utm_source=tactile&gei=cWgJaMbdD_HcwN4PsL_psAE&ei=cWgJaMbdD_HcwN4PsL_psAE&fo_s=OA,SOE&opi=79508299&ebb=1&cs=0&foub=mcpp",,,"https://www.google.com/maps/place/Surreal+Creamery/@40.742005899999995,-73.9775525,14z/data=!4m8!1m2!2m1!1sSurreal+Creamery!3m4!1s0x89c2591325bbda9b:0xdd912eb286072c3e!8m2!3d40.742005899999995!4d-73.9775525","https://www.google.com/maps/place/Surreal+Creamery/@40.742005899999995,-73.9775525,13.99z/data=!4m16!1m7!3m6!1s0x89c2591325bbda9b:0xdd912eb286072c3e!2sSurreal+Creamery!8m2!3d40.742005899999995!4d-73.9775525!16s%2Fg%2F11ckvg1dmb!3m7!1s0x89c2591325bbda9b:0xdd912eb286072c3e!8m2!3d40.742005899999995!4d-73.9775525!9m1!1b1!16s%2Fg%2F11ckvg1dmb?entry=ttu",ChIJm9q7JRNZwokRPiwHhrIukd0,0x89c2591325bbda9b:0xdd912eb286072c3e,15965593498292792382,/g/11jn4154mr,-2481150575416759234,,surrealcreamery@gmail.com,RECEIVING,Verified,,,,,,,,,,,,,,,,,,,,,,6465903575,6463558577,6463898867,https://www.facebook.com/surrealcreamery/,,,,,,,,,,,,,,,Surreal Creamery,,,,False,False
"bubble tea store, 10123, New York, NY, US",Bar Pa Tea Bubble Tea Catering,Bar Pa Tea Bubble Tea Catering,http://www.barpatea.com/,"Caterer, Service establishment",Caterer,Caterer,+1 631-388-6338,,,,,,,,,,40.073132,-73.7098936,892a114aac7ffff,America/New_York,,True,4.4,489,"https://search.google.com/local/reviews?placeid=ChIJn52vw4hZwokRWARF37V69tk&q=bubble+tea+store,+10123,+New+York,+NY,+US&authuser=0&hl=en&gl=US",,,10.0,14.0,44.0,120.0,301.0,558,https://lh3.googleusercontent.com/p/AF1QipMTUHY2VZOQ4JqleOo17dowyrs-a-5nFpOjYde6=w800-h500-k-no,https://lh3.googleusercontent.com/p/AF1QipMTUHY2VZOQ4JqleOo17dowyrs-a-5nFpOjYde6=w1600-h1000-k-no,,"{""Monday"": ""12-9PM"", ""Tuesday"": ""12-9PM"", ""Wednesday"": ""12-9PM"", ""Thursday"": ""12-9PM"", ""Friday"": ""12-10PM"", ""Saturday"": ""12-10PM"", ""Sunday"": ""12-9PM""}",Monday:12-9PM|Tuesday:12-9PM|Wednesday:12-9PM|Thursday:12-9PM|Friday:12-10PM|Saturday:12-10PM|Sunday:12-9PM,,,OPERATIONAL,"{""From the business"": {""Identifies as Asian-owned"": true}, ""Service options"": {""Delivery"": false}, ""Payments"": {""Credit cards"": true, ""Debit cards"": true}, ""Other"": {""Identifies as Asian-owned"": true}}",$,,https://lh3.googleusercontent.com/-srm324fw_gk/AAAAAAAAAAI/AAAAAAAAAAA/ldlhaq-84gg/s44-p-k-no-ns-nd/photo.jpg,The hyper-modern white space of this venue matches its reimagined varieties of bubble tea.,,True,112414506277051740236,Bar Pa Tea Bubble Tea Catering,https://www.google.com/maps/contrib/112414506277051740236,,https://barpatea.com/pages/catering-events,,https://barpatea.com/pages/catering-events,"https://www.google.com/maps/place/Bar+Pa+Tea+Bubble+Tea+Catering/@40.073132,-73.7098936,14z/data=!4m8!1m2!2m1!1sBar+Pa+Tea+Bubble+Tea+Catering!3m4!1s0x89c25988c3af9d9f:0xd9f67ab5df450458!8m2!3d40.073132!4d-73.7098936","https://www.google.com/maps/place/Bar+Pa+Tea+Bubble+Tea+Catering/@40.073132,-73.7098936,13.99z/data=!4m16!1m7!3m6!1s0x89c25988c3af9d9f:0xd9f67ab5df450458!2sBar+Pa+Tea+Bubble+Tea+Catering!8m2!3d40.073132!4d-73.7098936!16s%2Fg%2F11ckvg1dmb!3m7!1s0x89c25988c3af9d9f:0xd9f67ab5df450458!8m2!3d40.073132!4d-73.7098936!9m1!1b1!16s%2Fg%2F11ckvg1dmb?entry=ttu",ChIJn52vw4hZwokRWARF37V69tk,0x89c25988c3af9d9f:0xd9f67ab5df450458,15705875672054695000,/g/11g8wdg26w,-2740868401654856616,,info@barpatea.com,RECEIVING,SMTP validated,,,,,,,,,,,,,,,,,,,,,,,,,https://www.facebook.com/refinery29/,http://instagram.com/barpatea,,,,,,,,,,,,,,Bar Pa Tea,,Premium Make Your Own Bubble Tea Kits - Order Now,,True,False
"bubble tea store, 10123, New York, NY, US",Yaya Tea Gramercy,Yaya Tea Gramercy,https://yayatea.com/,"Bubble tea store, Cafe, Japanese restaurant",Bubble tea store,Bubble tea store,+1 917-261-4676,"284 3rd Ave, New York, NY 10010",Manhattan,284 3rd Ave,New York,10010,New York,New York,United States of America,US,40.738397,-73.983683,892a100d207ffff,America/New_York,,False,4.3,233,"https://search.google.com/local/reviews?placeid=ChIJIaqOj6BZwokRy0H-lICspjc&q=bubble+tea+store,+10123,+New+York,+NY,+US&authuser=0&hl=en&gl=US",,,19.0,6.0,10.0,42.0,156.0,233,https://lh3.googleusercontent.com/gps-cs-s/AB5caB-Hk-2g0aEWUMXW8Cs1w8rGOSj6NzSGTl2SeyEsT0oMJJ8s2wyuotOXmQ79DYytL9TesIjckFO5I0kw4ejNK2MQe-_K0QinN3DzsmZTMHQSci_3IBTyXPLTsnEdwymrAaeiC_Oexw=w800-h500-k-no,https://lh3.googleusercontent.com/gps-cs-s/AB5caB-Hk-2g0aEWUMXW8Cs1w8rGOSj6NzSGTl2SeyEsT0oMJJ8s2wyuotOXmQ79DYytL9TesIjckFO5I0kw4ejNK2MQe-_K0QinN3DzsmZTMHQSci_3IBTyXPLTsnEdwymrAaeiC_Oexw=w1600-h1000-k-no,,"{""Monday"": ""11AM-8PM"", ""Tuesday"": ""11AM-8PM"", ""Wednesday"": ""11AM-8PM"", ""Thursday"": ""11AM-8PM"", ""Friday"": ""11AM-8PM"", ""Saturday"": ""11AM-8PM"", ""Sunday"": ""11AM-8PM""}",Monday:11AM-8PM|Tuesday:11AM-8PM|Wednesday:11AM-8PM|Thursday:11AM-8PM|Friday:11AM-8PM|Saturday:11AM-8PM|Sunday:11AM-8PM,,,OPERATIONAL,"{""From the business"": {""Identifies as women-owned"": true}, ""Service options"": {""No-contact delivery"": true, ""Delivery"": true, ""Takeout"": true, ""Dine-in"": true}, ""Highlights"": {""Great tea selection"": true}, ""Accessibility"": {""Wheelchair accessible parking lot"": false}, ""Crowd"": {""LGBTQ+ friendly"": true, ""Transgender safespace"": true}, ""Other"": {""LGBTQ+ friendly"": true, ""Identifies as women-owned"": true}}",$,,https://lh4.googleusercontent.com/-Tv2eE6oyikM/AAAAAAAAAAI/AAAAAAAAAAA/CsYDvJESJKM/s44-p-k-no-ns-nd/photo.jpg,,,True,102657978013265765038,Yaya Tea Gramercy,https://www.google.com/maps/contrib/102657978013265765038,,"https://www.google.com/viewer/chooseprovider?mid=/g/11fy4fjqjs&g2lbs=AAEPWCtrBzlIj9-HFhnZlGx1uiQAMTKSavg9wOi4ikVHkrySMQ_EeTtjcreDp9ZVbSRtb4ng6TQTAfwzXNSROxr-P8XXQ7Gagw%3D%3D&hl=en-US&gl=us&fo_m=MfohQo559jFvMUOzJVpjPL1YMfZ3bInYwBDuMfaXTPp5KXh-&utm_source=tactile&gei=c2gJaPSIMeD61e8PgoWDiAE&ei=c2gJaPSIMeD61e8PgoWDiAE&fo_s=OA,SOE&opi=79508299&ebb=1&cs=0&foub=mcpp",,,"https://www.google.com/maps/place/Yaya+Tea+Gramercy/@40.738397,-73.983683,14z/data=!4m8!1m2!2m1!1sYaya+Tea+Gramercy!3m4!1s0x89c259a08f8eaa21:0x37a6ac8094fe41cb!8m2!3d40.738397!4d-73.983683","https://www.google.com/maps/place/Yaya+Tea+Gramercy/@40.738397,-73.983683,13.99z/data=!4m16!1m7!3m6!1s0x89c259a08f8eaa21:0x37a6ac8094fe41cb!2sYaya+Tea+Gramercy!8m2!3d40.738397!4d-73.983683!16s%2Fg%2F11ckvg1dmb!3m7!1s0x89c259a08f8eaa21:0x37a6ac8094fe41cb!8m2!3d40.738397!4d-73.983683!9m1!1b1!16s%2Fg%2F11ckvg1dmb?entry=ttu",ChIJIaqOj6BZwokRy0H-lICspjc,0x89c259a08f8eaa21:0x37a6ac8094fe41cb,4010082186475487691,/g/11fy4fjqjs,4010082186475487691,,mindy@yayatea.com,INVALID,Undeliverable,Mindy Cheung,Mindy,Cheung,Chief Executive Officer,12122268803,yayateanc@gmail.com,RECEIVING,SMTP validated,,,,,,yaya.teagarden@gmail.com,RECEIVING,SMTP validated,",",",",,,12122268803,19199088153,17182690830,,https://www.facebook.com/yayateagarden/,,,,,,,,,,,,,,,Yaya Tea,WordPress 6.0.2,,,False,False
"bubble tea store, 10123, New York, NY, US",Kung Fu Tea,Kung Fu Tea,https://kungfutea.com/,"Bubble tea store, Beverage distributor, Cafe, Chicken wings restaurant, Fast food restaurant",Bubble tea store,Bubble tea store,+1 917-675-6987,"1219 1st Ave, New York, NY 10065",Manhattan,1219 1st Ave,New York,10065,New York,New York,United States of America,US,40.7639559,-73.9590468,892a100d44bffff,America/New_York,,False,4.0,183,"https://search.google.com/local/reviews?placeid=ChIJBa3GgMJYwokR-yHW0iksSkY&q=bubble+tea+store,+10123,+New+York,+NY,+US&authuser=0&hl=en&gl=US",,,28.0,7.0,14.0,23.0,111.0,308,https://lh3.googleusercontent.com/gps-cs-s/AB5caB_h_iZxc9wuPruegAP_BVPVyWJhE8CT4TL0H936GtOBMH4ortCQufZB6YswltQjxH09LnKefxWAfyiKH_rIvGIbjFDxmtlEmRvhVoGrVPZ36x3b7ekIdHJLJTl6ifssYCMy7pEOlQ=w800-h500-k-no,https://lh3.googleusercontent.com/gps-cs-s/AB5caB_h_iZxc9wuPruegAP_BVPVyWJhE8CT4TL0H936GtOBMH4ortCQufZB6YswltQjxH09LnKefxWAfyiKH_rIvGIbjFDxmtlEmRvhVoGrVPZ36x3b7ekIdHJLJTl6ifssYCMy7pEOlQ=w1600-h1000-k-no,,"{""Monday"": ""12-8PM"", ""Tuesday"": ""12-8PM"", ""Wednesday"": ""12-8PM"", ""Thursday"": ""12-8PM"", ""Friday"": ""12-8PM"", ""Saturday"": ""12-8PM"", ""Sunday"": ""12-8PM""}",Monday:12-8PM|Tuesday:12-8PM|Wednesday:12-8PM|Thursday:12-8PM|Friday:12-8PM|Saturday:12-8PM|Sunday:12-8PM,"[{""delivery"": {""Monday"": ""12-8 PM"", ""Tuesday"": ""12-8 PM"", ""Wednesday"": ""12-8 PM"", ""Thursday"": ""12-8 PM"", ""Friday"": ""12-8 PM"", ""Saturday"": ""12-8 PM"", ""Sunday"": ""12-8 PM""}}, {""takeout"": {""Monday"": ""12-8 PM"", ""Tuesday"": ""12-8 PM"", ""Wednesday"": ""12-8 PM"", ""Thursday"": ""12-8 PM"", ""Friday"": ""12-8 PM"", ""Saturday"": ""12-8 PM"", ""Sunday"": ""12-8 PM""}}, {""pickup"": {""Monday"": ""12-8 PM"", ""Tuesday"": ""12-8 PM"", ""Wednesday"": ""12-8 PM"", ""Thursday"": ""12-8 PM"", ""Friday"": ""12-8 PM"", ""Saturday"": ""12-8 PM"", ""Sunday"": ""12-8 PM""}}]",,OPERATIONAL,"{""Service options"": {""Delivery"": true, ""Takeout"": true, ""Dine-in"": true}, ""Highlights"": {""Great tea selection"": true}, ""Accessibility"": {""Wheelchair accessible entrance"": true, ""Wheelchair accessible parking lot"": false}}",$,,https://lh4.googleusercontent.com/-RZDd89B46Rc/AAAAAAAAAAI/AAAAAAAAAAA/rsruYU7sv_Q/s44-p-k-no-ns-nd/photo.jpg,"Bubble tea specialist with a selection of other hot & cold drinks, including coffee & slushes.",,True,108567661887167440658,Kung Fu Tea,https://www.google.com/maps/contrib/108567661887167440658,,"https://www.google.com/viewer/chooseprovider?mid=/g/11bwh5rd82&g2lbs=AAEPWCv2MGXtDEPpI-uES6iOVtBtCWToDSF7RaXUAfLK3An3aXMWUBBljqaNrgJYbQgePctWnLykkteSdmn4BgWDeHhuW2yW-A%3D%3D&hl=en-US&gl=us&fo_m=MfohQo559jFvMUOzJVpjPL1YMfZ3bInYwBDuMfaXTPp5KXh-&utm_source=tactile&gei=c2gJaPSIMeD61e8PgoWDiAE&ei=c2gJaPSIMeD61e8PgoWDiAE&fo_s=OA,SOE&opi=79508299&ebb=1&cs=0&foub=mcpp",,,"https://www.google.com/maps/place/Kung+Fu+Tea/@40.7639559,-73.9590468,14z/data=!4m8!1m2!2m1!1sKung+Fu+Tea!3m4!1s0x89c258c280c6ad05:0x464a2c29d2d621fb!8m2!3d40.7639559!4d-73.9590468","https://www.google.com/maps/place/Kung+Fu+Tea/@40.7639559,-73.9590468,13.99z/data=!4m16!1m7!3m6!1s0x89c258c280c6ad05:0x464a2c29d2d621fb!2sKung+Fu+Tea!8m2!3d40.7639559!4d-73.9590468!16s%2Fg%2F11ckvg1dmb!3m7!1s0x89c258c280c6ad05:0x464a2c29d2d621fb!8m2!3d40.7639559!4d-73.9590468!9m1!1b1!16s%2Fg%2F11ckvg1dmb?entry=ttu",ChIJBa3GgMJYwokR-yHW0iksSkY,0x89c258c280c6ad05:0x464a2c29d2d621fb,5064909289074074107,/g/11bwh5rd82,5064909289074074107,,support@armsglobalinc.com,RECEIVING,Role,,,,,,marketing@kfteausa.com,RECEIVING,SMTP validated,,,,,,delivery_help@grubhub.com,RECEIVING,SMTP validated,,,,,,+1 724-544-6367,+1 855-538-9888,15402175182,https://www.facebook.com/kungfuteausa/,https://www.instagram.com/kungfuteausa,https://www.linkedin.com/company/kung-fu-tea,https://www.tiktok.com/@kungfutea,,,,,,,https://twitter.com/kfteausa,,,,,Menu — Kung Fu Tea | Fresh - Innovative - Fearless leading tea brand,WordPress 6.3,"Menu At Kung Fu Tea, every beverage is made-to-order with real Kung Fu. Our tea is freshly brewed every 3 hours using premium tea leaves. You can choose from classic teas, milk teas, fruit teas, slushies and more. Each drink is customized by you! You get to pick your toppings,…",,False,True
"bubble tea store, 10123, New York, NY, US",Kung Fu Tea,Kung Fu Tea,https://kungfutea.com/,"Bubble tea store, Beverage distributor, Cafe, Chicken wings restaurant, Fast food restaurant",Bubble tea store,Bubble tea store,+1 646-288-4936,"73 Chrystie St, New York, NY 10002",Manhattan,73 Chrystie St,New York,10002,New York,New York,United States of America,US,40.717118899999996,-73.9945616,892a1072cafffff,America/New_York,,False,4.1,390,"https://search.google.com/local/reviews?placeid=ChIJCdGvAShawokR6l0_uOBqCbo&q=bubble+tea+store,+10123,+New+York,+NY,+US&authuser=0&hl=en&gl=US",,,26.0,11.0,41.0,126.0,186.0,433,https://lh3.googleusercontent.com/p/AF1QipNovungpDTQ6919xqHKi9Zi0sAceq4LHCTnXiyG=w800-h500-k-no,https://lh3.googleusercontent.com/p/AF1QipNovungpDTQ6919xqHKi9Zi0sAceq4LHCTnXiyG=w1600-h1000-k-no,,"{""Monday"": ""11AM-8PM"", ""Tuesday"": ""11AM-8PM"", ""Wednesday"": ""11AM-8PM"", ""Thursday"": ""11AM-8PM"", ""Friday"": ""11AM-8PM"", ""Saturday"": ""11AM-8PM"", ""Sunday"": ""11AM-8PM""}",Monday:11AM-8PM|Tuesday:11AM-8PM|Wednesday:11AM-8PM|Thursday:11AM-8PM|Friday:11AM-8PM|Saturday:11AM-8PM|Sunday:11AM-8PM,,,OPERATIONAL,"{""Service options"": {""Takeout"": true, ""Dine-in"": true, ""Delivery"": false}, ""Highlights"": {""Great tea selection"": true}, ""Accessibility"": {""Wheelchair accessible parking lot"": false}}",$,,https://lh5.googleusercontent.com/-Du0sHYkC5Bo/AAAAAAAAAAI/AAAAAAAAAAA/CIyBPBs-DGE/s44-p-k-no-ns-nd/photo.jpg,"Bubble tea specialist with a selection of other hot & cold drinks, including coffee & slushes.",,True,107780675916728601453,Kung Fu Tea,https://www.google.com/maps/contrib/107780675916728601453,,"https://www.google.com/viewer/chooseprovider?mid=/g/11b5vtcqwc&g2lbs=AAEPWCs4TGBnLVf9xvI0_dJLBJe8nMaOByPDau0fJAZfJcaK0IYUi8N-ymXwzpX-UVgrCtafTMzPSnLjnfANuWlf-hQjSWUmmQ%3D%3D&hl=en-US&gl=us&fo_m=MfohQo559jFvMUOzJVpjPL1YMfZ3bInYwBDuMfaXTPp5KXh-&utm_source=tactile&gei=c2gJaPSIMeD61e8PgoWDiAE&ei=c2gJaPSIMeD61e8PgoWDiAE&fo_s=OA,SOE&opi=79508299&ebb=1&cs=0&foub=mcpp",,,"https://www.google.com/maps/place/Kung+Fu+Tea/@40.717118899999996,-73.9945616,14z/data=!4m8!1m2!2m1!1sKung+Fu+Tea!3m4!1s0x89c25a2801afd109:0xba096ae0b83f5dea!8m2!3d40.717118899999996!4d-73.9945616","https://www.google.com/maps/place/Kung+Fu+Tea/@40.717118899999996,-73.9945616,13.99z/data=!4m16!1m7!3m6!1s0x89c25a2801afd109:0xba096ae0b83f5dea!2sKung+Fu+Tea!8m2!3d40.717118899999996!4d-73.9945616!16s%2Fg%2F11ckvg1dmb!3m7!1s0x89c25a2801afd109:0xba096ae0b83f5dea!8m2!3d40.717118899999996!4d-73.9945616!9m1!1b1!16s%2Fg%2F11ckvg1dmb?entry=ttu",ChIJCdGvAShawokR6l0_uOBqCbo,0x89c25a2801afd109:0xba096ae0b83f5dea,13405363279241371114,/g/11b5vtcqwc,-5041380794468180502,,support@armsglobalinc.com,RECEIVING,Role,,,,,,marketing@kfteausa.com,RECEIVING,SMTP validated,,,,,,delivery_help@grubhub.com,RECEIVING,SMTP validated,,,,,,+1 724-544-6367,+1 855-538-9888,15402175182,https://www.facebook.com/kungfuteausa/,https://www.instagram.com/kungfuteausa,https://www.linkedin.com/company/kung-fu-tea,https://www.tiktok.com/@kungfutea,,,,,,,https://twitter.com/kfteausa,,,,,Menu — Kung Fu Tea | Fresh - Innovative - Fearless leading tea brand,WordPress 6.3,"Menu At Kung Fu Tea, every beverage is made-to-order with real Kung Fu. Our tea is freshly brewed every 3 hours using premium tea leaves. You can choose from classic teas, milk teas, fruit teas, slushies and more. Each drink is customized by you! You get to pick your toppings,…",,False,True
"bubble tea store, 10123, New York, NY, US",M Tea Chinatown,M Tea Chinatown,http://www.facebook.com/mteausa,"Bubble tea store, Cafe",Bubble tea store,Bubble tea store,+1 646-692-6699,"63 Bayard St unit b, New York, NY 10013",Manhattan,63 Bayard St unit b,New York,10013,New York,New York,United States of America,US,40.7153242,-73.9980929,892a1072c23ffff,America/New_York,,False,4.1,29,"https://search.google.com/local/reviews?placeid=ChIJqSMPGfhbwokRcxgDwct79ps&q=bubble+tea+store,+10123,+New+York,+NY,+US&authuser=0&hl=en&gl=US",,,4.0,0.0,1.0,8.0,16.0,42,https://lh3.googleusercontent.com/gps-cs-s/AB5caB-9D9DMRQcVBMcYjEn5amwXpe0RAFjFO6KuJXbEYLQkXkVF0OmfUQWhJoOZTwjOLDuK59lJdwaW5dl59McdutSoly9CqJ7_pMTGG6Y_bxAfNbw-QuRMcFYdKEn6CBbv3zu2RJE3Eg=w800-h500-k-no,https://lh3.googleusercontent.com/gps-cs-s/AB5caB-9D9DMRQcVBMcYjEn5amwXpe0RAFjFO6KuJXbEYLQkXkVF0OmfUQWhJoOZTwjOLDuK59lJdwaW5dl59McdutSoly9CqJ7_pMTGG6Y_bxAfNbw-QuRMcFYdKEn6CBbv3zu2RJE3Eg=w1600-h1000-k-no,,,,,,CLOSED_TEMPORARILY,"{""Service options"": {""Delivery"": true, ""Takeout"": true}}",,,https://lh3.googleusercontent.com/-pUZReZ5rz8c/AAAAAAAAAAI/AAAAAAAAAAA/S9cU9s6F5xo/s44-p-k-no-ns-nd/photo.jpg,,,True,109617873755807180860,M Tea Chinatown,https://www.google.com/maps/contrib/109617873755807180860,,,,,"https://www.google.com/maps/place/M+Tea+Chinatown/@40.7153242,-73.9980929,14z/data=!4m8!1m2!2m1!1sM+Tea+Chinatown!3m4!1s0x89c25bf8190f23a9:0x9bf67bcbc1031873!8m2!3d40.7153242!4d-73.9980929","https://www.google.com/maps/place/M+Tea+Chinatown/@40.7153242,-73.9980929,13.99z/data=!4m16!1m7!3m6!1s0x89c25bf8190f23a9:0x9bf67bcbc1031873!2sM+Tea+Chinatown!8m2!3d40.7153242!4d-73.9980929!16s%2Fg%2F11ckvg1dmb!3m7!1s0x89c25bf8190f23a9:0x9bf67bcbc1031873!8m2!3d40.7153242!4d-73.9980929!9m1!1b1!16s%2Fg%2F11ckvg1dmb?entry=ttu",ChIJqSMPGfhbwokRcxgDwct79ps,0x89c25bf8190f23a9:0x9bf67bcbc1031873,11238306035196434547,/g/11h3qrkx_0,-7208438038513117069,,,,,,,,,,,,,,,,,,,,,,,,,,,,,,,,,,,,,,,,,,,,,,,,,
"bubble tea store, 10123, New York, NY, US",Lazy Sundaes,Lazy Sundaes,http://www.lazysundaes.com/,"Bubble tea store, Cafe, Coffee shop, Dessert shop",Bubble tea store,Bubble tea store,+1 302-321-5299,"261 Canal St, New York, NY 10013",Manhattan,261 Canal St,New York,10013,New York,New York,United States of America,US,40.7189689,-74.0006772,892a1072c3bffff,America/New_York,,False,4.3,134,"https://search.google.com/local/reviews?placeid=ChIJlaN82zZZwokRZigqxZ5MOaY&q=bubble+tea+store,+10123,+New+York,+NY,+US&authuser=0&hl=en&gl=US",,,11.0,5.0,9.0,21.0,88.0,260,https://lh3.googleusercontent.com/gps-cs-s/AB5caB-lIL1oNHahaGgmdE8R4GSrYJdo1es6qlohFvUdxKU_tzCiG67NJ852E75KGCwSezjc33XMwaSq6B5pATKjfO-W1yvSGRuVh6yispH_0QMF334BQbkNUj7veY49DuU4PtxiEgmN=w800-h500-k-no,https://lh3.googleusercontent.com/gps-cs-s/AB5caB-lIL1oNHahaGgmdE8R4GSrYJdo1es6qlohFvUdxKU_tzCiG67NJ852E75KGCwSezjc33XMwaSq6B5pATKjfO-W1yvSGRuVh6yispH_0QMF334BQbkNUj7veY49DuU4PtxiEgmN=w1600-h1000-k-no,,,,"[{""delivery"": {""Monday"": ""11 AM-8 PM"", ""Tuesday"": ""11 AM-8 PM"", ""Wednesday"": ""11 AM-8 PM"", ""Thursday"": ""11 AM-8 PM"", ""Friday"": ""11 AM-8 PM"", ""Saturday"": ""11 AM-8 PM"", ""Sunday"": ""11 AM-8 PM""}}]",,CLOSED_TEMPORARILY,"{""From the business"": {""Identifies as Asian-owned"": true, ""Identifies as women-owned"": true}, ""Service options"": {""No-contact delivery"": true, ""Delivery"": true, ""Takeout"": true, ""Dine-in"": true}, ""Accessibility"": {""Wheelchair accessible entrance"": true, ""Wheelchair accessible restroom"": true}, ""Other"": {""Identifies as women-owned"": true, ""Identifies as Asian-owned"": true}}",$,,https://lh5.googleusercontent.com/-t4MMYC2dLho/AAAAAAAAAAI/AAAAAAAAAAA/uc0_y4BxuZw/s44-p-k-no-ns-nd/photo.jpg,,,True,107177332370376957186,Lazy Sundaes,https://www.google.com/maps/contrib/107177332370376957186,,,,,"https://www.google.com/maps/place/Lazy+Sundaes/@40.7189689,-74.0006772,14z/data=!4m8!1m2!2m1!1sLazy+Sundaes!3m4!1s0x89c25936db7ca395:0xa6394c9ec52a2866!8m2!3d40.7189689!4d-74.0006772","https://www.google.com/maps/place/Lazy+Sundaes/@40.7189689,-74.0006772,13.99z/data=!4m16!1m7!3m6!1s0x89c25936db7ca395:0xa6394c9ec52a2866!2sLazy+Sundaes!8m2!3d40.7189689!4d-74.0006772!16s%2Fg%2F11ckvg1dmb!3m7!1s0x89c25936db7ca395:0xa6394c9ec52a2866!8m2!3d40.7189689!4d-74.0006772!9m1!1b1!16s%2Fg%2F11ckvg1dmb?entry=ttu",ChIJlaN82zZZwokRZigqxZ5MOaY,0x89c25936db7ca395:0xa6394c9ec52a2866,11977688928764962918,/g/11mtjz6bg9,-6469055144944588698,,catering@lazysundaes.com,RECEIVING,SMTP validated,,,,,,hello@lazysundaes.com,RECEIVING,SMTP validated,,,,,,hello@lazysundaes.com,RECEIVING,SMTP validated,,,,,,,,,http://facebook.com/lazysundaesnyc,http://instagram.com/lazysundaes,,,,,,,,,,,,,,Lazy Sundaes,,,,False,False
"bubble tea store, 10002, New York, NY, US",Molly Tea (Manhattan Chinatown),Molly Tea Manhattan Chinatown,https://mollyteausa.com/,Bubble tea store,Bubble tea store,Bubble tea store,+1 646-882-8889,"63 Mott St, New York, NY 10013",Manhattan,63 Mott St,New York,10013,New York,New York,United States of America,US,40.7161257,-73.9984796,892a1072c23ffff,America/New_York,,False,4.8,381,"https://search.google.com/local/reviews?placeid=ChIJ_wImRABbwokRgP1eFhUuIYE&q=bubble+tea+store,+10002,+New+York,+NY,+US&authuser=0&hl=en&gl=US",,,9.0,1.0,9.0,12.0,350.0,275,https://lh3.googleusercontent.com/p/AF1QipODnAb6Dj_QT5JEUgU424rUnH62IcXaA2K47a3Y=w800-h500-k-no,https://lh3.googleusercontent.com/p/AF1QipODnAb6Dj_QT5JEUgU424rUnH62IcXaA2K47a3Y=w1600-h1000-k-no,,"{""Monday"": ""11AM-10PM"", ""Tuesday"": ""11AM-10PM"", ""Wednesday"": ""11AM-10PM"", ""Thursday"": ""11AM-10PM"", ""Friday"": ""11AM-10PM"", ""Saturday"": ""11AM-10PM"", ""Sunday"": ""11AM-10PM""}",Monday:11AM-10PM|Tuesday:11AM-10PM|Wednesday:11AM-10PM|Thursday:11AM-10PM|Friday:11AM-10PM|Saturday:11AM-10PM|Sunday:11AM-10PM,,,OPERATIONAL,"{""Service options"": {""Takeout"": true, ""Dine-in"": true}, ""Highlights"": {""Great tea selection"": true}, ""Accessibility"": {""Wheelchair accessible parking lot"": false}}",$,,https://lh4.googleusercontent.com/-OkxYZvruiH4/AAAAAAAAAAI/AAAAAAAAAAA/15ZkKc3ZoXE/s44-p-k-no-ns-nd/photo.jpg,,,True,104746755598172467258,Molly Tea,https://www.google.com/maps/contrib/104746755598172467258,,"https://www.google.com/viewer/chooseprovider?mid=/g/11x31hff74&g2lbs=AAEPWCt4stXKFX9mIkdzdP17Xxx9n4WYthZTQ9XDugOucCCMVbZeHCVwB_Br38dgnmEMgLx_C6oiq0YTgHtIjpC-GbbFfJ8OSw%3D%3D&hl=en-US&gl=us&fo_m=MfohQo559jFvMUOzJVpjPL1YMfZ3bInYwBDuMfaXTPp5KXh-&utm_source=tactile&gei=dmgJaLaMGJKo1sQPudP02QE&ei=dmgJaLaMGJKo1sQPudP02QE&fo_s=OA,SOE&opi=79508299&ebb=1&cs=0&foub=mcpp",,,"https://www.google.com/maps/place/Molly+Tea+%28Manhattan+Chinatown%29/@40.7161257,-73.9984796,14z/data=!4m8!1m2!2m1!1sMolly+Tea+%28Manhattan+Chinatown%29!3m4!1s0x89c25b00442602ff:0x81212e15165efd80!8m2!3d40.7161257!4d-73.9984796","https://www.google.com/maps/place/Molly+Tea+%28Manhattan+Chinatown%29/@40.7161257,-73.9984796,13.99z/data=!4m16!1m7!3m6!1s0x89c25b00442602ff:0x81212e15165efd80!2sMolly+Tea+%28Manhattan+Chinatown%29!8m2!3d40.7161257!4d-73.9984796!16s%2Fg%2F11ckvg1dmb!3m7!1s0x89c25b00442602ff:0x81212e15165efd80!8m2!3d40.7161257!4d-73.9984796!9m1!1b1!16s%2Fg%2F11ckvg1dmb?entry=ttu",ChIJ_wImRABbwokRgP1eFhUuIYE,0x89c25b00442602ff:0x81212e15165efd80,9304768973228670336,/g/11x31hff74,-9141975100480881280,,info@mollyteausa.com,RECEIVING,Role,,,,,,,,,,,,,,,,,,,,,,,,,,,,,,,,,,,,,,,,"Molly Tea – Franchise in United States – Ultimate exploration of all things Jasmine. Jasmine Tea, Milk Tea.",WordPress 6.4.3,,,False,False
"bubble tea store, 10002, New York, NY, US",Lemomo Tea,Lemomo Tea,https://www.lemomoteanyc.com/,Bubble tea store,Bubble tea store,Bubble tea store,+1 212-791-9888,"67 Bayard St A, New York, NY 10013",Manhattan,67 Bayard St A,New York,10013,New York,New York,United States of America,US,40.7153515,-73.9982778,892a1072c23ffff,America/New_York,,False,4.3,21,"https://search.google.com/local/reviews?placeid=ChIJ629pTwBbwokR380o8eoVjn0&q=bubble+tea+store,+10002,+New+York,+NY,+US&authuser=0&hl=en&gl=US",,,1.0,2.0,1.0,3.0,14.0,61,https://lh3.googleusercontent.com/p/AF1QipNw-CF1DvySR90zX4AMvzJx5CWgiGLKulmnkpMN=w800-h500-k-no,https://lh3.googleusercontent.com/p/AF1QipNw-CF1DvySR90zX4AMvzJx5CWgiGLKulmnkpMN=w1600-h1000-k-no,,"{""Monday"": ""11AM-9PM"", ""Tuesday"": ""11AM-9PM"", ""Wednesday"": ""11AM-9PM"", ""Thursday"": ""11AM-9PM"", ""Friday"": ""11AM-10PM"", ""Saturday"": ""11AM-10PM"", ""Sunday"": ""11AM-9PM""}",Monday:11AM-9PM|Tuesday:11AM-9PM|Wednesday:11AM-9PM|Thursday:11AM-9PM|Friday:11AM-10PM|Saturday:11AM-10PM|Sunday:11AM-9PM,,,OPERATIONAL,"{""From the business"": {""Identifies as Asian-owned"": true}, ""Service options"": {""Takeout"": true, ""Dine-in"": true}, ""Highlights"": {""Great tea selection"": true}, ""Accessibility"": {""Wheelchair accessible parking lot"": false}, ""Other"": {""Identifies as Asian-owned"": true}}",,,https://lh4.googleusercontent.com/-SmLYVtSDIo4/AAAAAAAAAAI/AAAAAAAAAAA/bv1X1A3Brek/s44-p-k-no-ns-nd/photo.jpg,,,True,113949881710826239433,Lemomo Tea,https://www.google.com/maps/contrib/113949881710826239433,,"https://www.google.com/viewer/chooseprovider?mid=/g/11wj3dw0gn&g2lbs=AAEPWCuwST38Rx9hpZF1OUzLbPAwb0uD9dL5lt7hogocHst3MDkMnt7mVU-2tawTXwilKCAaAcECRzBafY_Di1Y_eqkvQ77hMA%3D%3D&hl=en-US&gl=us&fo_m=MfohQo559jFvMUOzJVpjPL1YMfZ3bInYwBDuMfaXTPp5KXh-&utm_source=tactile&gei=dmgJaLaMGJKo1sQPudP02QE&ei=dmgJaLaMGJKo1sQPudP02QE&fo_s=OA,SOE&opi=79508299&ebb=1&cs=0&foub=mcpp",,,"https://www.google.com/maps/place/Lemomo+Tea/@40.7153515,-73.9982778,14z/data=!4m8!1m2!2m1!1sLemomo+Tea!3m4!1s0x89c25b004f696feb:0x7d8e15eaf128cddf!8m2!3d40.7153515!4d-73.9982778","https://www.google.com/maps/place/Lemomo+Tea/@40.7153515,-73.9982778,13.99z/data=!4m16!1m7!3m6!1s0x89c25b004f696feb:0x7d8e15eaf128cddf!2sLemomo+Tea!8m2!3d40.7153515!4d-73.9982778!16s%2Fg%2F11ckvg1dmb!3m7!1s0x89c25b004f696feb:0x7d8e15eaf128cddf!8m2!3d40.7153515!4d-73.9982778!9m1!1b1!16s%2Fg%2F11ckvg1dmb?entry=ttu",ChIJ629pTwBbwokR380o8eoVjn0,0x89c25b004f696feb:0x7d8e15eaf128cddf,9047192800246418911,/g/11wj3dw0gn,9047192800246418911,,lemomochinatown@gmail.com,RECEIVING,Verified,,,,,,,,,,,,,,,,,,,,,,,,,,,,,,,,,,,,,,,,"LEMOMO Tea | Order Now | Handmade Lemon Tea, Fresh Lemon Drinks | New York, NY",Wix.com Website Builder,"Experience the refreshing taste of handmade lemon tea at LEMOMO Tea, located at 67 Bayard St, New York, NY. Enjoy our organic and freshly prepared lemon tea beverages, perfect for any time of the day. Order now and indulge in the best lemon tea in New York City!",,False,False
"bubble tea store, 10002, New York, NY, US",The Best Tea Shop,The Best Tea Shop,https://the-best-tea-shop.square.site/,Tea store,Tea store,Tea store,+1 917-345-7727,"88 E Broadway #123A, New York, NY 10002",Manhattan,88 E Broadway #123A,New York,10002,New York,New York,United States of America,US,40.714242999999996,-73.9944008,892a1072c37ffff,America/New_York,,False,4.7,29,"https://search.google.com/local/reviews?placeid=ChIJfXK6uslbwokR-XrQTAQ3YjM&q=bubble+tea+store,+10002,+New+York,+NY,+US&authuser=0&hl=en&gl=US",,,1.0,0.0,2.0,0.0,26.0,30,https://lh3.googleusercontent.com/gps-cs-s/AB5caB9jvYWyRIYnSW8hhoj51suqICZgOXCZeYC0thfB-lsJQO0aknb3gAAwW7iTbXzokCQtBMqNrjTuHmqPzC7EfKo7JC08iVtfGj7pkXij-xuVDTgB9YotyNgrCtKcZiab6xTBcGpE5w=w800-h500-k-no,https://lh3.googleusercontent.com/gps-cs-s/AB5caB9jvYWyRIYnSW8hhoj51suqICZgOXCZeYC0thfB-lsJQO0aknb3gAAwW7iTbXzokCQtBMqNrjTuHmqPzC7EfKo7JC08iVtfGj7pkXij-xuVDTgB9YotyNgrCtKcZiab6xTBcGpE5w=w1600-h1000-k-no,,"{""Monday"": ""11AM-5PM"", ""Tuesday"": ""11AM-5PM"", ""Wednesday"": ""11AM-5PM"", ""Thursday"": ""11AM-5PM"", ""Friday"": ""11AM-5PM"", ""Saturday"": ""11AM-5PM"", ""Sunday"": ""11AM-5PM""}",Monday:11AM-5PM|Tuesday:11AM-5PM|Wednesday:11AM-5PM|Thursday:11AM-5PM|Friday:11AM-5PM|Saturday:11AM-5PM|Sunday:11AM-5PM,,,OPERATIONAL,"{""Service options"": {""Takeout"": true}, ""Accessibility"": {""Wheelchair accessible parking lot"": false}, ""Planning"": {""Quick visit"": true}, ""Payments"": {""Credit cards"": true, ""Debit cards"": true, ""NFC mobile payments"": true}, ""Parking"": {""Paid street parking"": true}}",,,https://lh6.googleusercontent.com/-jQ_hB2T6RII/AAAAAAAAAAI/AAAAAAAAAAA/l0kpJ6Jfjno/s44-p-k-no-ns-nd/photo.jpg,,,True,112748710141972329095,The Best Tea Shop,https://www.google.com/maps/contrib/112748710141972329095,,,,,"https://www.google.com/maps/place/The+Best+Tea+Shop/@40.714242999999996,-73.9944008,14z/data=!4m8!1m2!2m1!1sThe+Best+Tea+Shop!3m4!1s0x89c25bc9baba727d:0x336237044cd07af9!8m2!3d40.714242999999996!4d-73.9944008","https://www.google.com/maps/place/The+Best+Tea+Shop/@40.714242999999996,-73.9944008,13.99z/data=!4m16!1m7!3m6!1s0x89c25bc9baba727d:0x336237044cd07af9!2sThe+Best+Tea+Shop!8m2!3d40.714242999999996!4d-73.9944008!16s%2Fg%2F11ckvg1dmb!3m7!1s0x89c25bc9baba727d:0x336237044cd07af9!8m2!3d40.714242999999996!4d-73.9944008!9m1!1b1!16s%2Fg%2F11ckvg1dmb?entry=ttu",ChIJfXK6uslbwokR-XrQTAQ3YjM,0x89c25bc9baba727d:0x336237044cd07af9,3702582335260097273,/g/11k5hdx879,3702582335260097273,,info@thegreenteashop.com,RECEIVING,Role,,,,,,,,,,,,,,,,,,,,,,,,,https://www.facebook.com/thegreenteashopco/,,,,,,,,,,,,,,,Home | The Best Tea Shop 龍津茶莊,Square Online,,,False,False
"bubble tea store, 10002, New York, NY, US",Möge Tee,Möge Tee,http://www.mogeteeusa.com/,Bubble tea store,Bubble tea store,Bubble tea store,+1 646-858-0257,"90 Canal St, New York, NY 10002",Manhattan,90 Canal St,New York,10002,New York,New York,United States of America,US,40.7153486,-73.99382899999999,892a1072c37ffff,America/New_York,,False,3.5,155,"https://search.google.com/local/reviews?placeid=ChIJqRz6InFbwokRQfmgvklnqCc&q=bubble+tea+store,+10002,+New+York,+NY,+US&authuser=0&hl=en&gl=US",,,36.0,12.0,10.0,32.0,65.0,64,https://lh3.googleusercontent.com/gps-cs-s/AB5caB9LwACL1ygRYEGNjFX9IfRoMbE_UicqoZ06d8M6sPpEfptKOxTQN90hadyM88OOSMTXOnPounI4nncbSAvIwm2ImKvMTeXX-KA6rKD6EkHYMml-uaSyW1suMmBigAMcBnmmPKlmGA=w800-h500-k-no,https://lh3.googleusercontent.com/gps-cs-s/AB5caB9LwACL1ygRYEGNjFX9IfRoMbE_UicqoZ06d8M6sPpEfptKOxTQN90hadyM88OOSMTXOnPounI4nncbSAvIwm2ImKvMTeXX-KA6rKD6EkHYMml-uaSyW1suMmBigAMcBnmmPKlmGA=w1600-h1000-k-no,,"{""Monday"": ""12-7PM"", ""Tuesday"": ""12-7PM"", ""Wednesday"": ""12-7PM"", ""Thursday"": ""12-7PM"", ""Friday"": ""12-7PM"", ""Saturday"": ""12-7PM"", ""Sunday"": ""12-7PM""}",Monday:12-7PM|Tuesday:12-7PM|Wednesday:12-7PM|Thursday:12-7PM|Friday:12-7PM|Saturday:12-7PM|Sunday:12-7PM,,,OPERATIONAL,"{""Service options"": {""Delivery"": true, ""Onsite services"": true, ""Takeout"": true, ""Dine-in"": true}, ""Highlights"": {""Great tea selection"": true}, ""Accessibility"": {""Wheelchair accessible parking lot"": false}}",$$,,https://lh3.googleusercontent.com/-ZPBdvEB0tyw/AAAAAAAAAAI/AAAAAAAAAAA/-oh6IikUg10/s44-p-k-no-ns-nd/photo.jpg,,,True,115342507344823346725,Möge Tee,https://www.google.com/maps/contrib/115342507344823346725,,"https://www.google.com/viewer/chooseprovider?mid=/g/11f7ls_3f0&g2lbs=AAEPWCtmAQtOSNJ6Ajs1CNTvXBBKs19zjYHd5CFknGNcTveTsrcM7uLnF0O8yu8BP0tBYuQkTjSS8KO2y-Z4_GzJaHhwVS-0Ow%3D%3D&hl=en-US&gl=us&fo_m=MfohQo559jFvMUOzJVpjPL1YMfZ3bInYwBDuMfaXTPp5KXh-&utm_source=tactile&gei=d2gJaOiHLu-o9u8PzKfk8Ag&ei=d2gJaOiHLu-o9u8PzKfk8Ag&fo_s=OA,SOE&opi=79508299&ebb=1&cs=0&foub=mcpp",,,"https://www.google.com/maps/place/M%C3%B6ge+Tee/@40.7153486,-73.99382899999999,14z/data=!4m8!1m2!2m1!1sM%C3%B6ge+Tee!3m4!1s0x89c25b7122fa1ca9:0x27a86749bea0f941!8m2!3d40.7153486!4d-73.99382899999999","https://www.google.com/maps/place/M%C3%B6ge+Tee/@40.7153486,-73.99382899999999,13.99z/data=!4m16!1m7!3m6!1s0x89c25b7122fa1ca9:0x27a86749bea0f941!2sM%C3%B6ge+Tee!8m2!3d40.7153486!4d-73.99382899999999!16s%2Fg%2F11ckvg1dmb!3m7!1s0x89c25b7122fa1ca9:0x27a86749bea0f941!8m2!3d40.7153486!4d-73.99382899999999!9m1!1b1!16s%2Fg%2F11ckvg1dmb?entry=ttu",ChIJqRz6InFbwokRQfmgvklnqCc,0x89c25b7122fa1ca9:0x27a86749bea0f941,2857647529995073857,/g/11f7ls_3f0,2857647529995073857,,info@mogeteeusa.com,RECEIVING,SMTP validated,,,,,,,,,,,,,,,,,,,,,,16463848108,+1 718-321-1188,9293502833,https://www.facebook.com/mogeteedc/,https://www.instagram.com/mogeteeusa,,,,,,,,,,,,,,StoreLocations,Wix.com Website Builder,Moge TEE is dedicated to create an unique and innovative beverage with well-balanced and rich flavor to present customers the most natural and fresh taste.,"Bubble tea, fruit tea, tea, dirty milk tea, super parfait, 愿茶美國官网,愿茶, 奶茶加盟",False,False
"bubble tea store, 10002, New York, NY, US",Kung Fu Tea,Kung Fu Tea,https://kungfutea.com/,"Bubble tea store, Beverage distributor, Cafe",Bubble tea store,Bubble tea store,+1 212-966-2786,"234 Canal St #107, New York, NY 10013",Manhattan,234 Canal St #107,New York,10013,New York,New York,United States of America,US,40.717721399999995,-74.00000519999999,892a1072c3bffff,America/New_York,,False,4.1,333,"https://search.google.com/local/reviews?placeid=ChIJ_QCEVydawokRmYfSKpaSRVA&q=bubble+tea+store,+10002,+New+York,+NY,+US&authuser=0&hl=en&gl=US",,,30.0,8.0,34.0,77.0,184.0,473,https://lh3.googleusercontent.com/p/AF1QipM3PngIhzFbrPa016GnV2EuJsWV0aA5Zi7iZf_8=w800-h500-k-no,https://lh3.googleusercontent.com/p/AF1QipM3PngIhzFbrPa016GnV2EuJsWV0aA5Zi7iZf_8=w1600-h1000-k-no,,"{""Monday"": ""11AM-8PM"", ""Tuesday"": ""11AM-8PM"", ""Wednesday"": ""11AM-8PM"", ""Thursday"": ""11AM-8PM"", ""Friday"": ""11AM-8PM"", ""Saturday"": ""11AM-8PM"", ""Sunday"": ""11AM-8PM""}",Monday:11AM-8PM|Tuesday:11AM-8PM|Wednesday:11AM-8PM|Thursday:11AM-8PM|Friday:11AM-8PM|Saturday:11AM-8PM|Sunday:11AM-8PM,,,OPERATIONAL,"{""Service options"": {""Delivery"": true, ""Takeout"": true, ""Dine-in"": true}, ""Highlights"": {""Great tea selection"": true}, ""Accessibility"": {""Wheelchair accessible entrance"": false, ""Wheelchair accessible parking lot"": false}, ""Parking"": {""Paid street parking"": true}}",$,,https://lh6.googleusercontent.com/-a1U3CgfwHaY/AAAAAAAAAAI/AAAAAAAAAAA/4vuFka75MGk/s44-p-k-no-ns-nd/photo.jpg,"Bubble tea specialist with a selection of other hot & cold drinks, including coffee & slushes.",,True,101093375121387163271,Kung Fu Tea,https://www.google.com/maps/contrib/101093375121387163271,,"https://www.google.com/viewer/chooseprovider?mid=/g/1vn_zwm6&g2lbs=AAEPWCu5H3l6t1wQWLNEhLK4-SyN9a2v-gir6fVe7S4Hi0z3t_34cczqQoDiSPuHwKBKhvjo10SE9MHKR0U9hDdv_NKMjVM60w%3D%3D&hl=en-US&gl=us&fo_m=MfohQo559jFvMUOzJVpjPL1YMfZ3bInYwBDuMfaXTPp5KXh-&utm_source=tactile&gei=d2gJaOiHLu-o9u8PzKfk8Ag&ei=d2gJaOiHLu-o9u8PzKfk8Ag&fo_s=OA,SOE&opi=79508299&ebb=1&cs=0&foub=mcpp",,,"https://www.google.com/maps/place/Kung+Fu+Tea/@40.717721399999995,-74.00000519999999,14z/data=!4m8!1m2!2m1!1sKung+Fu+Tea!3m4!1s0x89c25a27578400fd:0x504592962ad28799!8m2!3d40.717721399999995!4d-74.00000519999999","https://www.google.com/maps/place/Kung+Fu+Tea/@40.717721399999995,-74.00000519999999,13.99z/data=!4m16!1m7!3m6!1s0x89c25a27578400fd:0x504592962ad28799!2sKung+Fu+Tea!8m2!3d40.717721399999995!4d-74.00000519999999!16s%2Fg%2F11ckvg1dmb!3m7!1s0x89c25a27578400fd:0x504592962ad28799!8m2!3d40.717721399999995!4d-74.00000519999999!9m1!1b1!16s%2Fg%2F11ckvg1dmb?entry=ttu",ChIJ_QCEVydawokRmYfSKpaSRVA,0x89c25a27578400fd:0x504592962ad28799,5784190470088460185,/g/1vn_zwm6,5784190470088460185,,support@armsglobalinc.com,RECEIVING,Role,,,,,,marketing@kfteausa.com,RECEIVING,SMTP validated,,,,,,delivery_help@grubhub.com,RECEIVING,SMTP validated,,,,,,+1 724-544-6367,+1 855-538-9888,15402175182,https://www.facebook.com/kungfuteausa/,https://www.instagram.com/kungfuteausa,https://www.linkedin.com/company/kung-fu-tea,https://www.tiktok.com/@kungfutea,,,,,,,https://twitter.com/kfteausa,,,,,Menu — Kung Fu Tea | Fresh - Innovative - Fearless leading tea brand,WordPress 6.3,"Menu At Kung Fu Tea, every beverage is made-to-order with real Kung Fu. Our tea is freshly brewed every 3 hours using premium tea leaves. You can choose from classic teas, milk teas, fruit teas, slushies and more. Each drink is customized by you! You get to pick your toppings,…",,False,True
"bubble tea store, 10024, New York, NY, US",HEYTEA (Columbia University),Heytea Columbia University,https://heytea.com/,"Bubble tea store, Juice shop, Tea house, Tea store",Juice shop,Bubble tea store,+1 646-410-0515,"2815 Broadway, New York, NY 10025",Manhattan,2815 Broadway,New York,10025,New York,New York,United States of America,US,40.803408499999996,-73.96764639999999,892a1008883ffff,America/New_York,,False,4.0,91,"https://search.google.com/local/reviews?placeid=ChIJ4TFMV9z3wokRT14hz2GVafc&q=bubble+tea+store,+10024,+New+York,+NY,+US&authuser=0&hl=en&gl=US",,,18.0,4.0,2.0,1.0,66.0,153,https://lh3.googleusercontent.com/p/AF1QipOx55rNGUILO68fhPHcsc6NKcvYqZoOkSLUAeQy=w800-h500-k-no,https://lh3.googleusercontent.com/p/AF1QipOx55rNGUILO68fhPHcsc6NKcvYqZoOkSLUAeQy=w1600-h1000-k-no,,"{""Monday"": ""11AM-10PM"", ""Tuesday"": ""11AM-10PM"", ""Wednesday"": ""11AM-10PM"", ""Thursday"": ""11AM-10PM"", ""Friday"": ""11AM-10PM"", ""Saturday"": ""11AM-10PM"", ""Sunday"": ""11AM-10PM""}",Monday:11AM-10PM|Tuesday:11AM-10PM|Wednesday:11AM-10PM|Thursday:11AM-10PM|Friday:11AM-10PM|Saturday:11AM-10PM|Sunday:11AM-10PM,,,OPERATIONAL,"{""Service options"": {""Takeout"": true, ""Dine-in"": true}, ""Accessibility"": {""Wheelchair accessible entrance"": true}, ""Dining options"": {""Dessert"": true}, ""Atmosphere"": {""Casual"": true, ""Trendy"": true}, ""Payments"": {""Credit cards"": true}, ""Children"": {""Good for kids"": true}, ""Parking"": {""Paid street parking"": true}}",,,https://lh4.googleusercontent.com/-rMsq0mik7O4/AAAAAAAAAAI/AAAAAAAAAAA/GGhLRhQj6oA/s44-p-k-no-ns-nd/photo.jpg,,,True,106989082195452686380,HEYTEA,https://www.google.com/maps/contrib/106989082195452686380,,"https://www.google.com/viewer/chooseprovider?mid=/g/11lzp1yb94&g2lbs=AAEPWCsKfHo1no4TITjFaN2W9Gp-UTBVGqO-441uZv0d0ZNvSr5VDSBpLuCPvphLID83jqn81oKyVpEIq_ZVv_lyRUkNVdnB9A%3D%3D&hl=en-US&gl=us&fo_m=MfohQo559jFvMUOzJVpjPL1YMfZ3bInYwBDuMfaXTPp5KXh-&utm_source=tactile&gei=eWgJaNmNJKiC9u8PtKy6qAQ&ei=eWgJaNmNJKiC9u8PtKy6qAQ&fo_s=OA,SOE&opi=79508299&ebb=1&cs=0&foub=mcpp",,,"https://www.google.com/maps/place/HEYTEA+%28Columbia+University%29/@40.803408499999996,-73.96764639999999,14z/data=!4m8!1m2!2m1!1sHEYTEA+%28Columbia+University%29!3m4!1s0x89c2f7dc574c31e1:0xf7699561cf215e4f!8m2!3d40.803408499999996!4d-73.96764639999999","https://www.google.com/maps/place/HEYTEA+%28Columbia+University%29/@40.803408499999996,-73.96764639999999,13.99z/data=!4m16!1m7!3m6!1s0x89c2f7dc574c31e1:0xf7699561cf215e4f!2sHEYTEA+%28Columbia+University%29!8m2!3d40.803408499999996!4d-73.96764639999999!16s%2Fg%2F11ckvg1dmb!3m7!1s0x89c2f7dc574c31e1:0xf7699561cf215e4f!8m2!3d40.803408499999996!4d-73.96764639999999!9m1!1b1!16s%2Fg%2F11ckvg1dmb?entry=ttu",ChIJ4TFMV9z3wokRT14hz2GVafc,0x89c2f7dc574c31e1:0xf7699561cf215e4f,17827944847242255951,/g/11lzp1yb94,-618799226467295665,,pr@heytea.com,RECEIVING,SMTP validated,,,,,,,,,,,,,,,,,,,,,,,84826139488,,https://www.facebook.com/109361585307020,,https://www.linkedin.com/company/深圳美西西餐饮管理有限公司,,,,,,,,http://twitter.com/heyteaofficial,,,,,喜茶HEYTEA--唯一官网,,,"喜茶HEYTEA,灵感之茶，一杯茶激发一份灵感！",,
"bubble tea store, 10024, New York, NY, US",The Whale Tea,The Whale Tea,http://www.whaleteausa.com/,Bubble tea store,Bubble tea store,Bubble tea store,+1 929-353-6666,"1268 Amsterdam Ave, New York, NY 10027",Manhattan,1268 Amsterdam Ave,New York,10027,New York,New York,United States of America,US,40.811138,-73.9583141,892a1008c3bffff,America/New_York,,False,4.1,52,"https://search.google.com/local/reviews?placeid=ChIJ53lfOsf3wokRWI9IluolBSo&q=bubble+tea+store,+10024,+New+York,+NY,+US&authuser=0&hl=en&gl=US",,,7.0,3.0,4.0,3.0,35.0,101,https://lh3.googleusercontent.com/gps-cs-s/AB5caB_pO_zI3v6wIVHx5V9G-AHwkGdv84YHSCRgmrIT9z8kzJBADKtlLuwwmSoHQBmeZCIFV-IhjAE9q7ZWx9otmKU355MHGJ87bTTxMLyJg82N2-gbl0w_EKRWjlw6SLIP4HMtRqc=w800-h500-k-no,https://lh3.googleusercontent.com/gps-cs-s/AB5caB_pO_zI3v6wIVHx5V9G-AHwkGdv84YHSCRgmrIT9z8kzJBADKtlLuwwmSoHQBmeZCIFV-IhjAE9q7ZWx9otmKU355MHGJ87bTTxMLyJg82N2-gbl0w_EKRWjlw6SLIP4HMtRqc=w1600-h1000-k-no,,"{""Monday"": ""11AM-9PM"", ""Tuesday"": ""11AM-9PM"", ""Wednesday"": ""11AM-9PM"", ""Thursday"": ""11AM-9PM"", ""Friday"": ""11AM-9PM"", ""Saturday"": ""11AM-9PM"", ""Sunday"": ""11AM-9PM""}",Monday:11AM-9PM|Tuesday:11AM-9PM|Wednesday:11AM-9PM|Thursday:11AM-9PM|Friday:11AM-9PM|Saturday:11AM-9PM|Sunday:11AM-9PM,,,OPERATIONAL,"{""Service options"": {""Curbside pickup"": true, ""No-contact delivery"": true, ""Delivery"": true, ""Takeout"": true, ""Dine-in"": true}, ""Highlights"": {""Great tea selection"": true}, ""Accessibility"": {""Wheelchair accessible entrance"": true, ""Wheelchair accessible parking lot"": false}}",$,,https://lh6.googleusercontent.com/-5Sr7yrrObBs/AAAAAAAAAAI/AAAAAAAAAAA/xCsI9m4dU_g/s44-p-k-no-ns-nd/photo.jpg,,,True,107788355840609774612,The Whale Tea,https://www.google.com/maps/contrib/107788355840609774612,,"https://www.google.com/viewer/chooseprovider?mid=/g/11rzgv265t&g2lbs=AAEPWCuX-A0rOqwzn-OcHlI6ht4HReT4QfAYd-rab_oi_Y9jsVD6oXeXD86JtkIRRz_GNanppMdYjC4-WABhZLwQjd4tgKjqsg%3D%3D&hl=en-US&gl=us&fo_m=MfohQo559jFvMUOzJVpjPL1YMfZ3bInYwBDuMfaXTPp5KXh-&utm_source=tactile&gei=eWgJaNmNJKiC9u8PtKy6qAQ&ei=eWgJaNmNJKiC9u8PtKy6qAQ&fo_s=OA,SOE&opi=79508299&ebb=1&cs=0&foub=mcpp",,,"https://www.google.com/maps/place/The+Whale+Tea/@40.811138,-73.9583141,14z/data=!4m8!1m2!2m1!1sThe+Whale+Tea!3m4!1s0x89c2f7c73a5f79e7:0x2a0525ea96488f58!8m2!3d40.811138!4d-73.9583141","https://www.google.com/maps/place/The+Whale+Tea/@40.811138,-73.9583141,13.99z/data=!4m16!1m7!3m6!1s0x89c2f7c73a5f79e7:0x2a0525ea96488f58!2sThe+Whale+Tea!8m2!3d40.811138!4d-73.9583141!16s%2Fg%2F11ckvg1dmb!3m7!1s0x89c2f7c73a5f79e7:0x2a0525ea96488f58!8m2!3d40.811138!4d-73.9583141!9m1!1b1!16s%2Fg%2F11ckvg1dmb?entry=ttu",ChIJ53lfOsf3wokRWI9IluolBSo,0x89c2f7c73a5f79e7:0x2a0525ea96488f58,3027868013950439256,/g/11rzgv265t,3027868013950439256,,info@whaleteausa.com,RECEIVING,SMTP validated,,,,,,norwalk@whaleteausa.com,RECEIVING,SMTP validated,,,,,,,,,,,,,,,,,,,,,,,,,,,,,,,,Bubble tea | The Whale Tea | United States,Wix.com Website Builder,The Whale Tea US - Creating The Best Brown Sugar Bubble Tea and Specialty Fruit Tea In The US,,,
"bubble tea store, 10024, New York, NY, US",cool fresh juice bar,Cool Fresh Juice Bar,https://order.online/business/cool-fresh-juice-bar-269721,"Bubble tea store, Açaí shop, Brunch restaurant, Juice shop, Fruit and vegetable processing",Juice shop,Bubble tea store,+1 646-756-9928,"2661 Broadway, New York, NY 10025",Manhattan,2661 Broadway,New York,10025,New York,New York,United States of America,US,40.7980988,-73.96962529999999,892a1008817ffff,America/New_York,,False,4.9,55,"https://search.google.com/local/reviews?placeid=ChIJcws7Qab3wokRYnVjyQ-zU7k&q=bubble+tea+store,+10024,+New+York,+NY,+US&authuser=0&hl=en&gl=US",,,1.0,1.0,0.0,1.0,52.0,48,https://lh3.googleusercontent.com/gps-cs-s/AB5caB8qv4xwxCTUHDmm67G2P9tkLkcB_60IQy7j0dEhjnwRDienq9vmSdME-ZIQq54sKkUNiFqGXzOGNPTFIvFFuQ2vCIgDguWtThHx_PK1MXSlv6D_t8TMvTLdjKp0riltkR0IQ1dQ-w=w800-h500-k-no,https://lh3.googleusercontent.com/gps-cs-s/AB5caB8qv4xwxCTUHDmm67G2P9tkLkcB_60IQy7j0dEhjnwRDienq9vmSdME-ZIQq54sKkUNiFqGXzOGNPTFIvFFuQ2vCIgDguWtThHx_PK1MXSlv6D_t8TMvTLdjKp0riltkR0IQ1dQ-w=w1600-h1000-k-no,,"{""Monday"": ""9AM-8PM"", ""Tuesday"": ""9AM-8PM"", ""Wednesday"": ""9AM-8PM"", ""Thursday"": ""9AM-8PM"", ""Friday"": ""9AM-8PM"", ""Saturday"": ""9:30AM-8PM"", ""Sunday"": ""9:30AM-8PM""}",Monday:9AM-8PM|Tuesday:9AM-8PM|Wednesday:9AM-8PM|Thursday:9AM-8PM|Friday:9AM-8PM|Saturday:9:30AM-8PM|Sunday:9:30AM-8PM,,,OPERATIONAL,"{""Service options"": {""Curbside pickup"": true, ""No-contact delivery"": true, ""Delivery"": true, ""Takeout"": true, ""Dine-in"": true}, ""Accessibility"": {""Wheelchair accessible entrance"": true, ""Wheelchair accessible parking lot"": false}, ""Atmosphere"": {""Casual"": true}, ""Payments"": {""Credit cards"": true, ""Debit cards"": true}, ""Children"": {""Good for kids"": true}}",$,,https://lh3.googleusercontent.com/-_5Vco_S06bc/AAAAAAAAAAI/AAAAAAAAAAA/RhHMtYgZcgs/s44-p-k-no-ns-nd/photo.jpg,,,True,105175754466743808527,cool fresh juice bar,https://www.google.com/maps/contrib/105175754466743808527,,"https://www.google.com/viewer/chooseprovider?mid=/g/11qbf0hrks&g2lbs=AAEPWCtHxIjkN8dTRAjvgF2HPmjwNtKlejobFJl0Tc2x91c4HsTpe9qAZBGjMy73ec8Ob1X2YGJ47a_40hXk9r3_s8w2i98g1Q%3D%3D&hl=en-US&gl=us&fo_m=MfohQo559jFvMUOzJVpjPL1YMfZ3bInYwBDuMfaXTPp5KXh-&utm_source=tactile&gei=eWgJaNmNJKiC9u8PtKy6qAQ&ei=eWgJaNmNJKiC9u8PtKy6qAQ&fo_s=OA,SOE&opi=79508299&ebb=1&cs=0&foub=mcpp",,,"https://www.google.com/maps/place/cool+fresh+juice+bar/@40.7980988,-73.96962529999999,14z/data=!4m8!1m2!2m1!1scool+fresh+juice+bar!3m4!1s0x89c2f7a6413b0b73:0xb953b30fc9637562!8m2!3d40.7980988!4d-73.96962529999999","https://www.google.com/maps/place/cool+fresh+juice+bar/@40.7980988,-73.96962529999999,13.99z/data=!4m16!1m7!3m6!1s0x89c2f7a6413b0b73:0xb953b30fc9637562!2scool+fresh+juice+bar!8m2!3d40.7980988!4d-73.96962529999999!16s%2Fg%2F11ckvg1dmb!3m7!1s0x89c2f7a6413b0b73:0xb953b30fc9637562!8m2!3d40.7980988!4d-73.96962529999999!9m1!1b1!16s%2Fg%2F11ckvg1dmb?entry=ttu",ChIJcws7Qab3wokRYnVjyQ-zU7k,0x89c2f7a6413b0b73:0xb953b30fc9637562,13354214200468272482,/g/11qbf0hrks,-5092529873241279134,,yats.centralohio@gmail.com,RECEIVING,Verified,,,,,,cesar@hichicagonw.com,RECEIVING,SMTP validated,,,,,,info@foodgarrage.com,UNKNOWN,Cannot validate,,,,,,+1 614-486-9287,+1 847-488-9900,+1 770-274-3867,https://www.facebook.com/people/El-Cerro-Tacos/100063624968346/,http://instagram.com/foodgarrage,,,,,,,,,http://twitter.com/foodgarrage,,,,,Reina Pepiada Near Me - Pickup and Delivery,,Order takeout or delivery from Reina Pepiada near me,,False,False
"bubble tea store, 10024, New York, NY, US",Tidal Tea,Tidal Tea,http://www.tidalteanyc.com/,Bubble tea store,Bubble tea store,Bubble tea store,+1 646-657-0637,"318 W 142nd St, New York, NY 10030",Manhattan,318 W 142nd St,New York,10030,New York,New York,United States of America,US,40.8212408,-73.94442529999999,892a100ab5bffff,America/New_York,,False,4.6,52,"https://search.google.com/local/reviews?placeid=ChIJ9XxbGGb3wokRmcF8WSK076U&q=bubble+tea+store,+10024,+New+York,+NY,+US&authuser=0&hl=en&gl=US",,,4.0,1.0,0.0,2.0,45.0,51,https://lh3.googleusercontent.com/gps-cs-s/AB5caB9FQ9VI-ehV4E-V00lINm98FiaqklQP_k-CeOXIyPBpSHrErJEy9qyZ3YTQycyEVRod1BEzidLWYZ2Vm4-4yTmLkH-nH0jOhN7pl93C4ZDFXzY5G6I1dnpXssZF5sjGNbMs2TQp=w800-h500-k-no,https://lh3.googleusercontent.com/gps-cs-s/AB5caB9FQ9VI-ehV4E-V00lINm98FiaqklQP_k-CeOXIyPBpSHrErJEy9qyZ3YTQycyEVRod1BEzidLWYZ2Vm4-4yTmLkH-nH0jOhN7pl93C4ZDFXzY5G6I1dnpXssZF5sjGNbMs2TQp=w1600-h1000-k-no,,"{""Monday"": ""11:30AM-7:30PM"", ""Tuesday"": ""11:30AM-7:30PM"", ""Wednesday"": ""11:30AM-7:30PM"", ""Thursday"": ""11:30AM-7:30PM"", ""Friday"": ""11:30AM-7:30PM"", ""Saturday"": ""11:30AM-7:30PM"", ""Sunday"": ""11:30AM-7:30PM""}",Monday:11:30AM-7:30PM|Tuesday:11:30AM-7:30PM|Wednesday:11:30AM-7:30PM|Thursday:11:30AM-7:30PM|Friday:11:30AM-7:30PM|Saturday:11:30AM-7:30PM|Sunday:11:30AM-7:30PM,,,OPERATIONAL,"{""Service options"": {""Curbside pickup"": true, ""Delivery"": true, ""Takeout"": true, ""Dine-in"": true}, ""Highlights"": {""Great tea selection"": true}, ""Accessibility"": {""Wheelchair accessible entrance"": true, ""Wheelchair accessible parking lot"": false}}",$,,https://lh5.googleusercontent.com/--N2NoZQ16KM/AAAAAAAAAAI/AAAAAAAAAAA/7UkIppSwBik/s44-p-k-no-ns-nd/photo.jpg,,,True,108866191100130104436,Tidal Tea,https://www.google.com/maps/contrib/108866191100130104436,,"https://www.google.com/viewer/chooseprovider?mid=/g/11kj955848&g2lbs=AAEPWCvz6-Yfol4u0do8Nuf3SHQIi2rmxOs1EaU2uvZC0vTlCZ-qWw5KWZ_12GRDkuokPtudoZppWuWSm9W8zy6d2r0JduxcaQ%3D%3D&hl=en-US&gl=us&fo_m=MfohQo559jFvMUOzJVpjPL1YMfZ3bInYwBDuMfaXTPp5KXh-&utm_source=tactile&gei=eWgJaNmNJKiC9u8PtKy6qAQ&ei=eWgJaNmNJKiC9u8PtKy6qAQ&fo_s=OA,SOE&opi=79508299&ebb=1&cs=0&foub=mcpp",,,"https://www.google.com/maps/place/Tidal+Tea/@40.8212408,-73.94442529999999,14z/data=!4m8!1m2!2m1!1sTidal+Tea!3m4!1s0x89c2f766185b7cf5:0xa5efb422597cc199!8m2!3d40.8212408!4d-73.94442529999999","https://www.google.com/maps/place/Tidal+Tea/@40.8212408,-73.94442529999999,13.99z/data=!4m16!1m7!3m6!1s0x89c2f766185b7cf5:0xa5efb422597cc199!2sTidal+Tea!8m2!3d40.8212408!4d-73.94442529999999!16s%2Fg%2F11ckvg1dmb!3m7!1s0x89c2f766185b7cf5:0xa5efb422597cc199!8m2!3d40.8212408!4d-73.94442529999999!9m1!1b1!16s%2Fg%2F11ckvg1dmb?entry=ttu",ChIJ9XxbGGb3wokRmcF8WSK076U,0x89c2f766185b7cf5:0xa5efb422597cc199,11956973595315192217,/g/11kj955848,-6489770478394359399,,tidaltea.jobs@gmail.com,RECEIVING,SMTP validated,,,,,,,,,,,,,,,,,,,,,,16467264868,,,https://www.facebook.com/tidalteanyc/,https://www.instagram.com/tidaltea_nyc,,,,,,,,,,,,,,Tidal Tea,,,,False,False
"bubble tea store, 10024, New York, NY, US",QQ Boba Tea,Qq Boba Tea,http://www.qqbobatea.com/,Bubble tea store,Bubble tea store,Bubble tea store,+1 347-310-8171,"533 3rd Ave, New York, NY 10016",Manhattan,533 3rd Ave,New York,10016,New York,New York,United States of America,US,40.7465569,-73.9771438,892a100d287ffff,America/New_York,,False,5.0,13,"https://search.google.com/local/reviews?placeid=ChIJ7ZA5ukdZwokRLzo3DRZL6vw&q=bubble+tea+store,+10024,+New+York,+NY,+US&authuser=0&hl=en&gl=US",,,0.0,0.0,0.0,0.0,13.0,98,https://lh3.googleusercontent.com/p/AF1QipMP1Ns2V-T3nulf3WbZIDNXRYKsaNpYoCqHY8Yq=w800-h500-k-no,https://lh3.googleusercontent.com/p/AF1QipMP1Ns2V-T3nulf3WbZIDNXRYKsaNpYoCqHY8Yq=w1600-h1000-k-no,,"{""Monday"": ""12-9PM"", ""Tuesday"": ""12-9PM"", ""Wednesday"": ""12-9PM"", ""Thursday"": ""12-9PM"", ""Friday"": ""12-9PM"", ""Saturday"": ""12-9PM"", ""Sunday"": ""12-9PM""}",Monday:12-9PM|Tuesday:12-9PM|Wednesday:12-9PM|Thursday:12-9PM|Friday:12-9PM|Saturday:12-9PM|Sunday:12-9PM,,,OPERATIONAL,"{""Service options"": {""No-contact delivery"": true, ""Delivery"": true, ""Takeout"": true}, ""Highlights"": {""Great tea selection"": true}, ""Accessibility"": {""Wheelchair accessible parking lot"": false}}",$,,https://lh6.googleusercontent.com/-5JnwnvEKjzY/AAAAAAAAAAI/AAAAAAAAAAA/TKV4IlTB8Xg/s44-p-k-no-ns-nd/photo.jpg,,,True,116548088055070397150,QQ Boba Tea,https://www.google.com/maps/contrib/116548088055070397150,,"https://www.google.com/viewer/chooseprovider?mid=/g/11whg_p2ky&g2lbs=AAEPWCvXvogjfrIdGM2ds3btIYm2Yu03YSr_VXGA5Fab9LmvDVh_ZmmNq6FYptfkND86M_T-JnMERp_KJs8X-EihYQESQvuG1w%3D%3D&hl=en-US&gl=us&fo_m=MfohQo559jFvMUOzJVpjPL1YMfZ3bInYwBDuMfaXTPp5KXh-&utm_source=tactile&gei=e2gJaJauLZih1sQPkIGQwQQ&ei=e2gJaJauLZih1sQPkIGQwQQ&fo_s=OA,SOE&opi=79508299&ebb=1&cs=0&foub=mcpp",,,"https://www.google.com/maps/place/QQ+Boba+Tea/@40.7465569,-73.9771438,14z/data=!4m8!1m2!2m1!1sQQ+Boba+Tea!3m4!1s0x89c25947ba3990ed:0xfcea4b160d373a2f!8m2!3d40.7465569!4d-73.9771438","https://www.google.com/maps/place/QQ+Boba+Tea/@40.7465569,-73.9771438,13.99z/data=!4m16!1m7!3m6!1s0x89c25947ba3990ed:0xfcea4b160d373a2f!2sQQ+Boba+Tea!8m2!3d40.7465569!4d-73.9771438!16s%2Fg%2F11ckvg1dmb!3m7!1s0x89c25947ba3990ed:0xfcea4b160d373a2f!8m2!3d40.7465569!4d-73.9771438!9m1!1b1!16s%2Fg%2F11ckvg1dmb?entry=ttu",ChIJ7ZA5ukdZwokRLzo3DRZL6vw,0x89c25947ba3990ed:0xfcea4b160d373a2f,18224461400191220271,/g/11whg_p2ky,-222282673518331345,,,,,,,,,,,,,,,,,,,,,,,,,,,,,,,,,,,,,,,,,,,,,Square Online,,,False,False
"bubble tea store, 10024, New York, NY, US",Chalait UWS,Chalait Uws,https://www.chalait.com/,"Tea house, Coffee shop",coffee shops,Tea house,+1 646-590-3133,"461 Amsterdam Ave, New York, NY 10024",Manhattan,461 Amsterdam Ave,New York,10024,New York,New York,United States of America,US,40.785182999999996,-73.976552,892a1008b97ffff,America/New_York,,False,4.0,177,"https://search.google.com/local/reviews?placeid=ChIJVZtJvGpZwokRJyaeoEXQaEM&q=bubble+tea+store,+10024,+New+York,+NY,+US&authuser=0&hl=en&gl=US",,,18.0,11.0,24.0,23.0,101.0,188,https://lh3.googleusercontent.com/p/AF1QipPIzJwtvV3NASB3y1_xV4PFDnJaTU1h2Nv8ZQC9=w800-h500-k-no,https://lh3.googleusercontent.com/p/AF1QipPIzJwtvV3NASB3y1_xV4PFDnJaTU1h2Nv8ZQC9=w1600-h1000-k-no,,"{""Monday"": ""7:30AM-5PM"", ""Tuesday"": ""7:30AM-5PM"", ""Wednesday"": ""7:30AM-5PM"", ""Thursday"": ""7:30AM-5PM"", ""Friday"": ""7:30AM-5PM"", ""Saturday"": ""8:30AM-6PM"", ""Sunday"": ""8:30AM-6PM""}",Monday:7:30AM-5PM|Tuesday:7:30AM-5PM|Wednesday:7:30AM-5PM|Thursday:7:30AM-5PM|Friday:7:30AM-5PM|Saturday:8:30AM-6PM|Sunday:8:30AM-6PM,,,OPERATIONAL,"{""Service options"": {""Outdoor seating"": true, ""Curbside pickup"": true, ""Delivery"": true, ""Takeout"": true, ""Dine-in"": true}, ""Highlights"": {""Great coffee"": true, ""Great tea selection"": true}, ""Popular for"": {""Breakfast"": true, ""Solo dining"": true, ""Good for working on laptop"": true}, ""Accessibility"": {""Wheelchair accessible entrance"": true, ""Wheelchair accessible parking lot"": false}, ""Offerings"": {""Coffee"": true, ""Comfort food"": true, ""Organic dishes"": true, ""Prepared foods"": true, ""Quick bite"": true, ""Small plates"": true, ""Vegetarian options"": true}, ""Dining options"": {""Breakfast"": true, ""Brunch"": true, ""Lunch"": true, ""Dessert"": true, ""Seating"": true}, ""Amenities"": {""Wi-Fi"": true}, ""Atmosphere"": {""Casual"": true, ""Cozy"": true, ""Trendy"": true}, ""Crowd"": {""College students"": true, ""LGBTQ+ friendly"": true}, ""Planning"": {""Accepts reservations"": false}, ""Payments"": {""Credit cards"": true, ""Debit cards"": true, ""NFC mobile payments"": true}, ""Children"": {""Kids' menu"": true}, ""Pets"": {""Dogs allowed outside"": true}, ""Other"": {""LGBTQ+ friendly"": true}}",$$,,https://lh4.googleusercontent.com/-WIG7B8OKvcc/AAAAAAAAAAI/AAAAAAAAAAA/kU_yBnj7tw8/s44-p-k-no-ns-nd/photo.jpg,"Simple cafeteria offering coffees & matcha teas, plus all-day breakfast, sandwiches & grain bowls.",,True,100320015710225663593,Chalait UWS,https://www.google.com/maps/contrib/100320015710225663593,,,,,"https://www.google.com/maps/place/Chalait+UWS/@40.785182999999996,-73.976552,14z/data=!4m8!1m2!2m1!1sChalait+UWS!3m4!1s0x89c2596abc499b55:0x4368d045a09e2627!8m2!3d40.785182999999996!4d-73.976552","https://www.google.com/maps/place/Chalait+UWS/@40.785182999999996,-73.976552,13.99z/data=!4m16!1m7!3m6!1s0x89c2596abc499b55:0x4368d045a09e2627!2sChalait+UWS!8m2!3d40.785182999999996!4d-73.976552!16s%2Fg%2F11ckvg1dmb!3m7!1s0x89c2596abc499b55:0x4368d045a09e2627!8m2!3d40.785182999999996!4d-73.976552!9m1!1b1!16s%2Fg%2F11ckvg1dmb?entry=ttu",ChIJVZtJvGpZwokRJyaeoEXQaEM,0x89c2596abc499b55:0x4368d045a09e2627,4857361195585119783,/g/11fhl53j_j,4857361195585119783,,michelle@chalait.com,INVALID,Invalid SMTP,Michelle Puyane,Michelle,Puyane,Co-Founder,,catering@chalait.com,RECEIVING,SMTP validated,,,,,,,,,,,,,,16469228436,,,http://www.facebook.com/chalaitnyc,,,,,,,,,,http://www.twitter.com/chalaitnyc,,,,,Delicious matcha for your healthy lifestyle– Chalait,,Chalait is a purveyor of fine Japanese matcha green tea. Our goal is to share our passion for matcha and introduce this remarkable tea to the rest of the world.,,False,False
"bubble tea store, 10024, New York, NY, US",BIAO Sugar,Biao Sugar,http://biaosugarnyc.com/,Bubble tea store,Bubble tea store,Bubble tea store,,"1271 Broadway, New York, NY 10001",Manhattan,1271 Broadway,New York,10001,New York,New York,United States of America,US,40.7482806,-73.9884574,892a100d2c7ffff,America/New_York,,False,4.1,527,"https://search.google.com/local/reviews?placeid=ChIJhzs8mJxZwokRies3DP-AauM&q=bubble+tea+store,+10024,+New+York,+NY,+US&authuser=0&hl=en&gl=US",,,54.0,29.0,52.0,86.0,306.0,612,https://lh3.googleusercontent.com/p/AF1QipMGGewg3GAcSCHpVj_hnCHIOdMJIj-g8QDbfiso=w800-h500-k-no,https://lh3.googleusercontent.com/p/AF1QipMGGewg3GAcSCHpVj_hnCHIOdMJIj-g8QDbfiso=w1600-h1000-k-no,,"{""Monday"": ""12-11PM"", ""Tuesday"": ""12-11PM"", ""Wednesday"": ""12-11PM"", ""Thursday"": ""12-11PM"", ""Friday"": ""12-11PM"", ""Saturday"": ""12-11PM"", ""Sunday"": ""12-11PM""}",Monday:12-11PM|Tuesday:12-11PM|Wednesday:12-11PM|Thursday:12-11PM|Friday:12-11PM|Saturday:12-11PM|Sunday:12-11PM,,,OPERATIONAL,"{""Service options"": {""Delivery"": true, ""Takeout"": true, ""Dine-in"": true}, ""Highlights"": {""Great tea selection"": true}}",$,,https://lh6.googleusercontent.com/-XCj_nVx8Pcc/AAAAAAAAAAI/AAAAAAAAAAA/EzIf_-qX_e8/s44-p-k-no-ns-nd/photo.jpg,"Cozy venue spotlighting brown sugar bubble tea, plus fruit & milk teas with a variety of toppings.",,True,117708090551365346300,BIAO Sugar,https://www.google.com/maps/contrib/117708090551365346300,,"https://www.google.com/viewer/chooseprovider?mid=/g/11j1d5rr3c&g2lbs=AAEPWCuKjF59FQAff_ejxP8yaQkt6yCvZhHu6zX1szsA3xBRjbkPZ4Vs_3xAlnr387_gMpLJ_ziXmgyvUyP-zSiHHSvr5y5CbQ%3D%3D&hl=en-US&gl=us&fo_m=MfohQo559jFvMUOzJVpjPL1YMfZ3bInYwBDuMfaXTPp5KXh-&utm_source=tactile&gei=e2gJaJauLZih1sQPkIGQwQQ&ei=e2gJaJauLZih1sQPkIGQwQQ&fo_s=OA,SOE&opi=79508299&ebb=1&cs=0&foub=mcpp",,,"https://www.google.com/maps/place/BIAO+Sugar/@40.7482806,-73.9884574,14z/data=!4m8!1m2!2m1!1sBIAO+Sugar!3m4!1s0x89c2599c983c3b87:0xe36a80ff0c37eb89!8m2!3d40.7482806!4d-73.9884574","https://www.google.com/maps/place/BIAO+Sugar/@40.7482806,-73.9884574,13.99z/data=!4m16!1m7!3m6!1s0x89c2599c983c3b87:0xe36a80ff0c37eb89!2sBIAO+Sugar!8m2!3d40.7482806!4d-73.9884574!16s%2Fg%2F11ckvg1dmb!3m7!1s0x89c2599c983c3b87:0xe36a80ff0c37eb89!8m2!3d40.7482806!4d-73.9884574!9m1!1b1!16s%2Fg%2F11ckvg1dmb?entry=ttu",ChIJhzs8mJxZwokRies3DP-AauM,0x89c2599c983c3b87:0xe36a80ff0c37eb89,16387052027050978185,/g/11j1d5rr3c,-2059692046658573431,,biaotraditional@gmail.com,RECEIVING,SMTP validated,,,,,,,,,,,,,,,,,,,,,,13476301794,,,https://www.facebook.com/102539414625040,,,,,,,,,,,,,,,HOME | BIAO Sugar,Wix.com Website Builder,,,,
"bubble tea store, 10024, New York, NY, US",Kung Fu Tea,Kung Fu Tea,https://kungfutea.com/,Bubble tea store,Bubble tea store,Bubble tea store,+1 212-568-0088,"4053 Broadway, New York, NY 10032",Manhattan,4053 Broadway,New York,10032,New York,New York,United States of America,US,40.843019999999996,-73.93941819999999,892a100aa9bffff,America/New_York,,False,4.4,331,"https://search.google.com/local/reviews?placeid=ChIJgX-R-wj3wokRhIkKbesqbGg&q=bubble+tea+store,+10024,+New+York,+NY,+US&authuser=0&hl=en&gl=US",,,20.0,6.0,26.0,59.0,220.0,466,https://lh3.googleusercontent.com/p/AF1QipMMVFZvF0A2Mm6dlDpJPYxn0naGkQcrgJyxDN9L=w800-h500-k-no,https://lh3.googleusercontent.com/p/AF1QipMMVFZvF0A2Mm6dlDpJPYxn0naGkQcrgJyxDN9L=w1600-h1000-k-no,,"{""Monday"": ""11AM-10PM"", ""Tuesday"": ""11AM-10PM"", ""Wednesday"": ""11AM-10PM"", ""Thursday"": ""11AM-10PM"", ""Friday"": ""11AM-10PM"", ""Saturday"": ""11AM-10PM"", ""Sunday"": ""12-10PM""}",Monday:11AM-10PM|Tuesday:11AM-10PM|Wednesday:11AM-10PM|Thursday:11AM-10PM|Friday:11AM-10PM|Saturday:11AM-10PM|Sunday:12-10PM,,,OPERATIONAL,"{""Service options"": {""Delivery"": true, ""Onsite services"": true, ""Takeout"": true, ""Dine-in"": true}, ""Highlights"": {""Great tea selection"": true}, ""Accessibility"": {""Wheelchair accessible entrance"": true, ""Wheelchair accessible parking lot"": false}, ""Parking"": {""Paid street parking"": true}}",$,,https://lh3.googleusercontent.com/-UBhSTPxcITA/AAAAAAAAAAI/AAAAAAAAAAA/IuBUuQbwDfE/s44-p-k-no-ns-nd/photo.jpg,"Bubble tea specialist with a selection of other hot & cold drinks, including coffee & slushes.",,True,102125251291101863724,Kung Fu Tea,https://www.google.com/maps/contrib/102125251291101863724,,"https://www.google.com/viewer/chooseprovider?mid=/g/11h1mkwvx2&g2lbs=AAEPWCsEvcso5FLzGLoxf0VUuneV80fY13L_ar1s-fTeW206hBaGxH44oCNKbwp2mqyfc22S1h89wMCF-LbuWFFAMt0Y7aJ37Q%3D%3D&hl=en-US&gl=us&fo_m=MfohQo559jFvMUOzJVpjPL1YMfZ3bInYwBDuMfaXTPp5KXh-&utm_source=tactile&gei=fmgJaK3-GLOdi-gP8LHKiAg&ei=fmgJaK3-GLOdi-gP8LHKiAg&fo_s=OA,SOE&opi=79508299&ebb=1&cs=0&foub=mcpp",,,"https://www.google.com/maps/place/Kung+Fu+Tea/@40.843019999999996,-73.93941819999999,14z/data=!4m8!1m2!2m1!1sKung+Fu+Tea!3m4!1s0x89c2f708fb917f81:0x686c2aeb6d0a8984!8m2!3d40.843019999999996!4d-73.93941819999999","https://www.google.com/maps/place/Kung+Fu+Tea/@40.843019999999996,-73.93941819999999,13.99z/data=!4m16!1m7!3m6!1s0x89c2f708fb917f81:0x686c2aeb6d0a8984!2sKung+Fu+Tea!8m2!3d40.843019999999996!4d-73.93941819999999!16s%2Fg%2F11ckvg1dmb!3m7!1s0x89c2f708fb917f81:0x686c2aeb6d0a8984!8m2!3d40.843019999999996!4d-73.93941819999999!9m1!1b1!16s%2Fg%2F11ckvg1dmb?entry=ttu",ChIJgX-R-wj3wokRhIkKbesqbGg,0x89c2f708fb917f81:0x686c2aeb6d0a8984,7524436268064344452,/g/11h1mkwvx2,7524436268064344452,,support@armsglobalinc.com,RECEIVING,Role,,,,,,marketing@kfteausa.com,RECEIVING,SMTP validated,,,,,,delivery_help@grubhub.com,RECEIVING,SMTP validated,,,,,,+1 724-544-6367,+1 855-538-9888,15402175182,https://www.facebook.com/kungfuteausa/,https://www.instagram.com/kungfuteausa,https://www.linkedin.com/company/kung-fu-tea,https://www.tiktok.com/@kungfutea,,,,,,,https://twitter.com/kfteausa,,,,,Menu — Kung Fu Tea | Fresh - Innovative - Fearless leading tea brand,WordPress 6.3,"Menu At Kung Fu Tea, every beverage is made-to-order with real Kung Fu. Our tea is freshly brewed every 3 hours using premium tea leaves. You can choose from classic teas, milk teas, fruit teas, slushies and more. Each drink is customized by you! You get to pick your toppings,…",,False,True
"bubble tea store, 10024, New York, NY, US",I’Milky (Long Island City),I’Milky Long Island City,https://www.imilkyusa.com/,Bubble tea store,Bubble tea store,Bubble tea store,+1 929-614-5016,"22-43 Jackson Ave, Queens, NY 11101",Hunters Point,22-43 Jackson Ave,Queens,11101,New York,New York,United States of America,US,40.745854,-73.946201,892a100d087ffff,America/New_York,,False,4.6,137,"https://search.google.com/local/reviews?placeid=ChIJz72IgthZwokRgblRP4KEttg&q=bubble+tea+store,+10024,+New+York,+NY,+US&authuser=0&hl=en&gl=US",,,4.0,8.0,4.0,2.0,119.0,288,https://lh3.googleusercontent.com/p/AF1QipM81sQXCQZQsUQ5xMxxlSPpMdFSNLlvFNj-nlov=w800-h500-k-no,https://lh3.googleusercontent.com/p/AF1QipM81sQXCQZQsUQ5xMxxlSPpMdFSNLlvFNj-nlov=w1600-h1000-k-no,,"{""Monday"": ""12-9PM"", ""Tuesday"": ""12-9PM"", ""Wednesday"": ""12-9PM"", ""Thursday"": ""12-9PM"", ""Friday"": ""12-9PM"", ""Saturday"": ""12-9PM"", ""Sunday"": ""12-9PM""}",Monday:12-9PM|Tuesday:12-9PM|Wednesday:12-9PM|Thursday:12-9PM|Friday:12-9PM|Saturday:12-9PM|Sunday:12-9PM,,,OPERATIONAL,"{""Service options"": {""Delivery"": true, ""Takeout"": true, ""Dine-in"": true}, ""Highlights"": {""Great tea selection"": true}, ""Accessibility"": {""Wheelchair accessible entrance"": true, ""Wheelchair accessible parking lot"": false}}",$,,https://lh6.googleusercontent.com/-E7bRT3uxZ8c/AAAAAAAAAAI/AAAAAAAAAAA/65OaUIBljXM/s44-p-k-no-ns-nd/photo.jpg,,,True,112810299291354855632,I’Milky 沐白 - Long Island City,https://www.google.com/maps/contrib/112810299291354855632,,"https://www.google.com/viewer/chooseprovider?mid=/g/11tfyv0lsc&g2lbs=AAEPWCuMOX8zNacsC-5coGR1h7YiS2PpeJwxZY4dN6LDg4yDVm7q3qHwS0t4JQf-6Azeg8NLbAKs5UA9JaFYesMKwfLAtuI1VQ%3D%3D&hl=en-US&gl=us&fo_m=MfohQo559jFvMUOzJVpjPL1YMfZ3bInYwBDuMfaXTPp5KXh-&utm_source=tactile&gei=fmgJaK3-GLOdi-gP8LHKiAg&ei=fmgJaK3-GLOdi-gP8LHKiAg&fo_s=OA,SOE&opi=79508299&ebb=1&cs=0&foub=mcpp",,,"https://www.google.com/maps/place/I%E2%80%99Milky+%E6%B2%90%E7%99%BD+-+Long+Island+City/@40.745854,-73.946201,14z/data=!4m8!1m2!2m1!1sI%E2%80%99Milky+%E6%B2%90%E7%99%BD+-+Long+Island+City!3m4!1s0x89c259d88288bdcf:0xd8b684823f51b981!8m2!3d40.745854!4d-73.946201","https://www.google.com/maps/place/I%E2%80%99Milky+%E6%B2%90%E7%99%BD+-+Long+Island+City/@40.745854,-73.946201,13.99z/data=!4m16!1m7!3m6!1s0x89c259d88288bdcf:0xd8b684823f51b981!2sI%E2%80%99Milky+%E6%B2%90%E7%99%BD+-+Long+Island+City!8m2!3d40.745854!4d-73.946201!16s%2Fg%2F11ckvg1dmb!3m7!1s0x89c259d88288bdcf:0xd8b684823f51b981!8m2!3d40.745854!4d-73.946201!9m1!1b1!16s%2Fg%2F11ckvg1dmb?entry=ttu",ChIJz72IgthZwokRgblRP4KEttg,0x89c259d88288bdcf:0xd8b684823f51b981,15615814452896708993,/g/11tfyv0lsc,-2830929620812842623,,imilkycorp@gmail.com,RECEIVING,SMTP validated,,,,,,,,,,,,,,,,,,,,,,15854217795,,,https://www.facebook.com/imilky.ny.usa/,https://www.instagram.com/imilky.ny.usa,,,,,,,,,,,,,,I Milky - Best Bubble Tea,,,,,
"bubble tea store, 10024, New York, NY, US",Chaotic Good Cafe,Chaotic Good Cafe,https://chaoticgoodcafe.com/,Cafe,cafes,Cafe,+1 646-640-7034,"200 W 84th St, New York, NY 10024",Manhattan,200 W 84th St,New York,10024,New York,New York,United States of America,US,40.786426299999995,-73.97645969999999,892a1008b93ffff,America/New_York,,False,5.0,84,"https://search.google.com/local/reviews?placeid=ChIJo79qtrFZwokRYkLxiJcBd50&q=bubble+tea+store,+10024,+New+York,+NY,+US&authuser=0&hl=en&gl=US",,,0.0,0.0,1.0,0.0,83.0,61,https://lh3.googleusercontent.com/p/AF1QipPfmFUVIb3d9pKyEr0OhRTld90oVYcBQoN7UouK=w800-h500-k-no,https://lh3.googleusercontent.com/p/AF1QipPfmFUVIb3d9pKyEr0OhRTld90oVYcBQoN7UouK=w1600-h1000-k-no,,"{""Monday"": ""8AM-10PM"", ""Tuesday"": ""8AM-10PM"", ""Wednesday"": ""8AM-10PM"", ""Thursday"": ""8AM-10PM"", ""Friday"": ""8AM-11PM"", ""Saturday"": ""9AM-11PM"", ""Sunday"": ""9AM-10PM""}",Monday:8AM-10PM|Tuesday:8AM-10PM|Wednesday:8AM-10PM|Thursday:8AM-10PM|Friday:8AM-11PM|Saturday:9AM-11PM|Sunday:9AM-10PM,,,OPERATIONAL,"{""Service options"": {""Onsite services"": true, ""Dine-in"": true, ""Delivery"": false}, ""Highlights"": {""Fast service"": true, ""Great coffee"": true, ""Great tea selection"": true}, ""Accessibility"": {""Wheelchair accessible parking lot"": false}, ""Offerings"": {""Alcohol"": true, ""Beer"": true, ""Coffee"": true, ""Late-night food"": true, ""Quick bite"": true, ""Small plates"": true, ""Wine"": true}, ""Dining options"": {""Lunch"": true, ""Dinner"": true, ""Dessert"": true, ""Seating"": true}, ""Amenities"": {""Gender-neutral restroom"": true, ""Restroom"": true, ""Wi-Fi"": true}, ""Atmosphere"": {""Casual"": true, ""Cozy"": true, ""Trendy"": true}, ""Crowd"": {""Family-friendly"": true, ""LGBTQ+ friendly"": true, ""Transgender safespace"": true}, ""Planning"": {""Accepts reservations"": true}, ""Payments"": {""Credit cards"": true, ""Debit cards"": true, ""NFC mobile payments"": true}, ""Children"": {""Good for kids"": true}, ""Other"": {""LGBTQ+ friendly"": true}}",,,https://lh3.googleusercontent.com/-ZjH0fYTi0S0/AAAAAAAAAAI/AAAAAAAAAAA/gZ7gsUc6Zk4/s44-p-k-no-ns-nd/photo.jpg,,,True,103638336201377242726,Chaotic Good Cafe,https://www.google.com/maps/contrib/103638336201377242726,,,,,"https://www.google.com/maps/place/Chaotic+Good+Cafe/@40.786426299999995,-73.97645969999999,14z/data=!4m8!1m2!2m1!1sChaotic+Good+Cafe!3m4!1s0x89c259b1b66abfa3:0x9d77019788f14262!8m2!3d40.786426299999995!4d-73.97645969999999","https://www.google.com/maps/place/Chaotic+Good+Cafe/@40.786426299999995,-73.97645969999999,13.99z/data=!4m16!1m7!3m6!1s0x89c259b1b66abfa3:0x9d77019788f14262!2sChaotic+Good+Cafe!8m2!3d40.786426299999995!4d-73.97645969999999!16s%2Fg%2F11ckvg1dmb!3m7!1s0x89c259b1b66abfa3:0x9d77019788f14262!8m2!3d40.786426299999995!4d-73.97645969999999!9m1!1b1!16s%2Fg%2F11ckvg1dmb?entry=ttu",ChIJo79qtrFZwokRYkLxiJcBd50,0x89c259b1b66abfa3:0x9d77019788f14262,11346539536532456034,/g/11wqctv5fx,-7100204537177095582,,info@chaoticgoodcafe.com,RECEIVING,SMTP validated,,,,,,,,,,,,,,,,,,,,,,,,,,,,,,,,,,,,,,,,,,,,,
"bubble tea store, 10024, New York, NY, US",Chokolat Patisserie,Chokolat Patisserie,https://cultureteabar.com/,"Bubble tea store, Bakery",Bubble tea store,Bubble tea store,+1 212-662-6096,"3111 Broadway, New York, NY 10027",Manhattan,3111 Broadway,New York,10027,New York,New York,United States of America,US,40.8130556,-73.96055559999999,892a1008c3bffff,America/New_York,,False,3.8,55,"https://search.google.com/local/reviews?placeid=ChIJ8VWCMED2wokRLXTK2zlnmYM&q=bubble+tea+store,+10024,+New+York,+NY,+US&authuser=0&hl=en&gl=US",,,6.0,4.0,9.0,14.0,22.0,44,https://lh3.googleusercontent.com/p/AF1QipPbL0HZ2vHsHw25hugJky_P_8Ngr0j-HOkbvWyd=w800-h500-k-no,https://lh3.googleusercontent.com/p/AF1QipPbL0HZ2vHsHw25hugJky_P_8Ngr0j-HOkbvWyd=w1600-h1000-k-no,,"{""Monday"": ""11AM-7PM"", ""Tuesday"": ""11AM-7PM"", ""Wednesday"": ""11AM-7PM"", ""Thursday"": ""11AM-7PM"", ""Friday"": ""11AM-7PM"", ""Saturday"": ""11AM-7PM"", ""Sunday"": ""11AM-7PM""}",Monday:11AM-7PM|Tuesday:11AM-7PM|Wednesday:11AM-7PM|Thursday:11AM-7PM|Friday:11AM-7PM|Saturday:11AM-7PM|Sunday:11AM-7PM,,,OPERATIONAL,"{""Service options"": {""Delivery"": true, ""Takeout"": true, ""Dine-in"": true}, ""Highlights"": {""Great tea selection"": true}, ""Accessibility"": {""Wheelchair accessible entrance"": true}}",$,,https://lh4.googleusercontent.com/-EP7ChYA17aM/AAAAAAAAAAI/AAAAAAAAAAA/_yeyjHtKgRE/s44-p-k-no-ns-nd/photo.jpg,,,True,112593140050268848213,Chokolat Patisserie,https://www.google.com/maps/contrib/112593140050268848213,,"https://www.google.com/viewer/chooseprovider?mid=/g/1wt3pbvp&g2lbs=AAEPWCsb8BX1OcqwMOOtn7XibS4ObFUIEIOVbHRuhp2iQM43-p0nEjxIoog81RCKEsxF-kRzle3UXkCR3ih5_6gKcXA0XwKhEg%3D%3D&hl=en-US&gl=us&fo_m=MfohQo559jFvMUOzJVpjPL1YMfZ3bInYwBDuMfaXTPp5KXh-&utm_source=tactile&gei=f2gJaP28JZHDi-gP3oXFuA0&ei=f2gJaP28JZHDi-gP3oXFuA0&fo_s=OA,SOE&opi=79508299&ebb=1&cs=0&foub=mcpp",,,"https://www.google.com/maps/place/Chokolat+Patisserie/@40.8130556,-73.96055559999999,14z/data=!4m8!1m2!2m1!1sChokolat+Patisserie!3m4!1s0x89c2f640308255f1:0x83996739dbca742d!8m2!3d40.8130556!4d-73.96055559999999","https://www.google.com/maps/place/Chokolat+Patisserie/@40.8130556,-73.96055559999999,13.99z/data=!4m16!1m7!3m6!1s0x89c2f640308255f1:0x83996739dbca742d!2sChokolat+Patisserie!8m2!3d40.8130556!4d-73.96055559999999!16s%2Fg%2F11ckvg1dmb!3m7!1s0x89c2f640308255f1:0x83996739dbca742d!8m2!3d40.8130556!4d-73.96055559999999!9m1!1b1!16s%2Fg%2F11ckvg1dmb?entry=ttu",ChIJ8VWCMED2wokRLXTK2zlnmYM,0x89c2f640308255f1:0x83996739dbca742d,9482723988603565101,/g/1wt3pbvp,-8964020085105986515,,,,,,,,,,,,,,,,,,,,,,,,,,,,,,,,,,,,,,,,,,,,Home - Culture Tea Bar,WordPress 5.6.13,,,False,False
"bubble tea store, 10024, New York, NY, US",222 Speakeasy,222 Speakeasy,http://222speakeasy.com/,"Bubble tea store, Restaurant, Karaoke bar",restaurants,Bubble tea store,+1 646-249-7990,"222 W 79th St, New York, NY 10024",Manhattan,222 W 79th St,New York,10024,New York,New York,United States of America,US,40.7833293,-73.9794561,892a1008b83ffff,America/New_York,,False,4.7,22,"https://search.google.com/local/reviews?placeid=ChIJJecsc1NZwokRTxiySTaNc2c&q=bubble+tea+store,+10024,+New+York,+NY,+US&authuser=0&hl=en&gl=US",,,0.0,0.0,2.0,2.0,18.0,51,https://lh3.googleusercontent.com/p/AF1QipM4Vd22AqSCTfh3LMCztnAg74fVayfb2NrS4THX=w800-h500-k-no,https://lh3.googleusercontent.com/p/AF1QipM4Vd22AqSCTfh3LMCztnAg74fVayfb2NrS4THX=w1600-h1000-k-no,,"{""Monday"": ""5-11PM"", ""Tuesday"": ""5PM-12AM"", ""Wednesday"": ""5-11PM"", ""Thursday"": ""5-11:30PM"", ""Friday"": ""5PM-12AM"", ""Saturday"": ""9AM-12AM"", ""Sunday"": ""11AM-10PM""}",Monday:5-11PM|Tuesday:5PM-12AM|Wednesday:5-11PM|Thursday:5-11:30PM|Friday:5PM-12AM|Saturday:9AM-12AM|Sunday:11AM-10PM,,,OPERATIONAL,"{""From the business"": {""Identifies as Asian-owned"": true}, ""Service options"": {""Curbside pickup"": true, ""No-contact delivery"": true, ""Delivery"": true, ""Takeout"": true, ""Dine-in"": true}, ""Highlights"": {""Fast service"": true, ""Great cocktails"": true, ""Live music"": true}, ""Accessibility"": {""Wheelchair accessible entrance"": true, ""Wheelchair accessible parking lot"": false}, ""Offerings"": {""Alcohol"": true, ""Beer"": true, ""Cocktails"": true, ""Happy hour drinks"": true, ""Happy hour food"": true, ""Hard liquor"": true, ""Wine"": true}, ""Dining options"": {""Dinner"": true, ""Dessert"": true, ""Seating"": true}, ""Amenities"": {""Bar onsite"": true, ""Restroom"": true}, ""Atmosphere"": {""Casual"": true, ""Cozy"": true, ""Trendy"": true}, ""Crowd"": {""Groups"": true}, ""Planning"": {""Accepts reservations"": true}, ""Payments"": {""Credit cards"": true, ""Debit cards"": true}, ""Children"": {""Good for kids"": true}, ""Parking"": {""Paid street parking"": true}, ""Other"": {""Identifies as Asian-owned"": true}}",,,https://lh3.googleusercontent.com/-Bfa6GMa1Kr0/AAAAAAAAAAI/AAAAAAAAAAA/QHzxCXwz_BQ/s44-p-k-no-ns-nd/photo.jpg,,,True,114248729389232740010,222 Speakeasy,https://www.google.com/maps/contrib/114248729389232740010,https://www.opentable.com/r/mochi-dolci-reservations-new-york?restref=1270633&lang=en-US&ot_source=Restaurant%20website,https://www.opentable.com/r/mochi-dolci-reservations-new-york?restref=1270633&lang=en-US&ot_source=Restaurant%20website,,https://www.opentable.com/r/mochi-dolci-reservations-new-york?restref=1270633&lang=en-US&ot_source=Restaurant%20website,"https://www.google.com/maps/place/222+Speakeasy/@40.7833293,-73.9794561,14z/data=!4m8!1m2!2m1!1s222+Speakeasy!3m4!1s0x89c25953732ce725:0x67738d3649b2184f!8m2!3d40.7833293!4d-73.9794561","https://www.google.com/maps/place/222+Speakeasy/@40.7833293,-73.9794561,13.99z/data=!4m16!1m7!3m6!1s0x89c25953732ce725:0x67738d3649b2184f!2s222+Speakeasy!8m2!3d40.7833293!4d-73.9794561!16s%2Fg%2F11ckvg1dmb!3m7!1s0x89c25953732ce725:0x67738d3649b2184f!8m2!3d40.7833293!4d-73.9794561!9m1!1b1!16s%2Fg%2F11ckvg1dmb?entry=ttu",ChIJJecsc1NZwokRTxiySTaNc2c,0x89c25953732ce725:0x67738d3649b2184f,7454457072532461647,/g/11vf7cxxgt,7454457072532461647,,manager@mochidolci.com,RECEIVING,SMTP validated,,,,,,,,,,,,,,,,,,,,,,,,,https://www.facebook.com/MochiDolciSpeakeasy,https://www.instagram.com/p,,,,,,,,,,,,,,Home - 222 Speakeasy,WordPress 6.3.1,,,False,False
"bubble tea store, 10024, New York, NY, US",Amorino Gelato,Amorino Gelato,https://www.amorino.com/en-us?utm_source=google,"Tea house, Cafe, Chocolate cafe, Chocolate shop, Creperie, Dessert restaurant, Dessert shop, Frozen dessert supplier, Ice cream shop",Ice cream shop,Tea house,+1 212-877-5700,"414 Amsterdam Ave, New York, NY 10024",Manhattan,414 Amsterdam Ave,New York,10024,New York,New York,United States of America,US,40.783789999999996,-73.978248,892a1008b97ffff,America/New_York,,False,4.6,967,"https://search.google.com/local/reviews?placeid=ChIJKcNNoYhYwokRAdccsfgTUYE&q=bubble+tea+store,+10024,+New+York,+NY,+US&authuser=0&hl=en&gl=US",,,26.0,18.0,34.0,161.0,728.0,1264,https://lh3.googleusercontent.com/p/AF1QipOSJGN7gyWWdmWT2mnjglpzbYU96-5CWSw30-SH=w800-h500-k-no,https://lh3.googleusercontent.com/p/AF1QipOSJGN7gyWWdmWT2mnjglpzbYU96-5CWSw30-SH=w1600-h1000-k-no,,"{""Monday"": ""12-11PM"", ""Tuesday"": ""12-11PM"", ""Wednesday"": ""12-11PM"", ""Thursday"": ""12-11PM"", ""Friday"": ""12PM-12AM"", ""Saturday"": ""12PM-12AM"", ""Sunday"": ""12-11PM""}",Monday:12-11PM|Tuesday:12-11PM|Wednesday:12-11PM|Thursday:12-11PM|Friday:12PM-12AM|Saturday:12PM-12AM|Sunday:12-11PM,"[{""takeout"": {""Monday"": ""12-10:30 PM"", ""Tuesday"": ""12-10:30 PM"", ""Wednesday"": ""12-10:30 PM"", ""Thursday"": ""12-10:30 PM"", ""Friday"": ""12-11:30 PM"", ""Saturday"": ""12-11:30 PM"", ""Sunday"": ""12-10:30 PM""}}, {""access"": {""Monday"": ""12-10:30 PM"", ""Tuesday"": ""12-10:30 PM"", ""Wednesday"": ""12-10:30 PM"", ""Thursday"": ""12-10:30 PM"", ""Friday"": ""12-11:30 PM"", ""Saturday"": ""12-11:30 PM"", ""Sunday"": ""12-10:30 PM""}}]",,OPERATIONAL,"{""Service options"": {""Curbside pickup"": true, ""No-contact delivery"": true, ""Delivery"": true, ""In-store pickup"": true, ""In-store shopping"": true, ""Onsite services"": true, ""Takeout"": true, ""Dine-in"": true, ""Same-day delivery"": true}, ""Accessibility"": {""Wheelchair accessible entrance"": true, ""Wheelchair accessible parking lot"": false}, ""Offerings"": {""Coffee"": true}, ""Amenities"": {""Wi-Fi"": true}, ""Atmosphere"": {""Casual"": true, ""Trendy"": true}, ""Crowd"": {""Family-friendly"": true, ""LGBTQ+ friendly"": true, ""Transgender safespace"": true}, ""Planning"": {""Quick visit"": true}, ""Payments"": {""Credit cards"": true, ""Debit cards"": true, ""NFC mobile payments"": true}, ""Children"": {""Good for kids"": true}, ""Parking"": {""Paid street parking"": true}, ""Other"": {""LGBTQ+ friendly"": true}}",$$,,https://lh3.googleusercontent.com/-w2oKMp5G_NM/AAAAAAAAAAI/AAAAAAAAAAA/2yfWXofAOeI/s44-p-k-no-ns-nd/photo.jpg,,,True,102321000433663092555,Amorino Gelato,https://www.google.com/maps/contrib/102321000433663092555,,"https://www.google.com/viewer/chooseprovider?mid=/g/11cm_g1s5j&g2lbs=AAEPWCutE_tFbnHNa8Kxc9cfAWy2EUP_PbWDCqV90L1pjM1XfZAuoH9Q7s0-tD-4EQdKhYXe50hY5gsptoE04Jf_0WkWsFx0rw%3D%3D&hl=en-US&gl=us&fo_m=MfohQo559jFvMUOzJVpjPL1YMfZ3bInYwBDuMfaXTPp5KXh-&utm_source=tactile&gei=f2gJaP28JZHDi-gP3oXFuA0&ei=f2gJaP28JZHDi-gP3oXFuA0&fo_s=OA,SOE&opi=79508299&ebb=1&cs=0&foub=mcpp",,,"https://www.google.com/maps/place/Amorino+Gelato/@40.783789999999996,-73.978248,14z/data=!4m8!1m2!2m1!1sAmorino+Gelato!3m4!1s0x89c25888a14dc329:0x815113f8b11cd701!8m2!3d40.783789999999996!4d-73.978248","https://www.google.com/maps/place/Amorino+Gelato/@40.783789999999996,-73.978248,13.99z/data=!4m16!1m7!3m6!1s0x89c25888a14dc329:0x815113f8b11cd701!2sAmorino+Gelato!8m2!3d40.783789999999996!4d-73.978248!16s%2Fg%2F11ckvg1dmb!3m7!1s0x89c25888a14dc329:0x815113f8b11cd701!8m2!3d40.783789999999996!4d-73.978248!9m1!1b1!16s%2Fg%2F11ckvg1dmb?entry=ttu",ChIJKcNNoYhYwokRAdccsfgTUYE,0x89c25888a14dc329:0x815113f8b11cd701,9318251062850541313,/g/11cm_g1s5j,-9128493010859010303,,ny@amorino.com,RECEIVING,SMTP validated,Cristiano Sereni,Cristiano,Sereni,Partners,12122535599,chicago.northstate@amorino.com,INVALID,Invalid SMTP,Lisa Gasparian,Lisa,Gasparian,Owner,13122667466,claudio.arcuri@amorino.com,RECEIVING,SMTP validated,Claudio Arcuri,Claudio,Arcuri,"Board Of Directors, Managing Member: …",,12128775700,33980422492,33628053320,https://www.facebook.com/AmorinoUK/,https://www.instagram.com/amorinouk,https://www.linkedin.com/company/amorinouk,,,,,,,,http://twitter.com/amorinofrance,,,,,Amorino – Exceptional Italian Gelato,,"Amorino presents a rose-shaped Italian Gelato, and an unlimited choice of flavours.",,False,False
"bubble tea store, 10024, New York, NY, US",Culture Tea Bar,Culture Tea Bar,http://www.cultureteabar.com/,"Tea house, Cafe",cafes,Tea house,+1 212-662-6096,"3111 Broadway, New York, NY 10027",Manhattan,3111 Broadway,New York,10027,New York,New York,United States of America,US,40.8129938,-73.96064059999999,892a1008c3bffff,America/New_York,,False,4.1,89,"https://search.google.com/local/reviews?placeid=ChIJ2zP7OUD2wokR7V1Y0BTNn6I&q=bubble+tea+store,+10024,+New+York,+NY,+US&authuser=0&hl=en&gl=US",,,6.0,5.0,11.0,20.0,47.0,17,https://lh3.googleusercontent.com/p/AF1QipODs556d72YZzkHq9cclVsY_2wGJJJy5qGELqfP=w800-h500-k-no,https://lh3.googleusercontent.com/p/AF1QipODs556d72YZzkHq9cclVsY_2wGJJJy5qGELqfP=w1600-h1000-k-no,,"{""Monday"": ""11AM-7PM"", ""Tuesday"": ""11AM-7PM"", ""Wednesday"": ""11AM-7PM"", ""Thursday"": ""11AM-7PM"", ""Friday"": ""11AM-7PM"", ""Saturday"": ""11AM-7PM"", ""Sunday"": ""11AM-7PM""}",Monday:11AM-7PM|Tuesday:11AM-7PM|Wednesday:11AM-7PM|Thursday:11AM-7PM|Friday:11AM-7PM|Saturday:11AM-7PM|Sunday:11AM-7PM,,,OPERATIONAL,"{""Service options"": {""Outdoor seating"": true, ""Delivery"": true, ""Takeout"": true, ""Dine-in"": true}, ""Highlights"": {""Great coffee"": true, ""Great dessert"": true, ""Great tea selection"": true}, ""Popular for"": {""Solo dining"": true, ""Good for working on laptop"": true}, ""Accessibility"": {""Wheelchair accessible entrance"": true}, ""Offerings"": {""Coffee"": true, ""Quick bite"": true}, ""Dining options"": {""Lunch"": true, ""Dessert"": true, ""Seating"": true}, ""Atmosphere"": {""Casual"": true, ""Cozy"": true, ""Trendy"": true}, ""Crowd"": {""College students"": true}, ""Payments"": {""Credit cards"": true, ""Debit cards"": true, ""NFC mobile payments"": true}, ""Children"": {""Good for kids"": true}, ""Pets"": {""Dogs allowed outside"": true}}",,,https://lh4.googleusercontent.com/-rcyfIfMIkoM/AAAAAAAAAAI/AAAAAAAAAAA/u10rPrexd2k/s44-p-k-no-ns-nd/photo.jpg,,,True,115685004633391069896,Culture Tea Bar,https://www.google.com/maps/contrib/115685004633391069896,,"https://www.google.com/viewer/chooseprovider?mid=/g/11bw66wwr5&g2lbs=AAEPWCsHDCgfLppd7KHUis5BOVhrG_NyrKfcUobm227ZRK7EgJy5UedpiwXuBhpzy2fWI3iYLSZWkJ5h-y9v9ucq0Ym_glH7AA%3D%3D&hl=en-US&gl=us&fo_m=MfohQo559jFvMUOzJVpjPL1YMfZ3bInYwBDuMfaXTPp5KXh-&utm_source=tactile&gei=f2gJaP28JZHDi-gP3oXFuA0&ei=f2gJaP28JZHDi-gP3oXFuA0&fo_s=OA,SOE&opi=79508299&ebb=1&cs=0&foub=mcpp",,,"https://www.google.com/maps/place/Culture+Tea+Bar/@40.8129938,-73.96064059999999,14z/data=!4m8!1m2!2m1!1sCulture+Tea+Bar!3m4!1s0x89c2f64039fb33db:0xa29fcd14d0585ded!8m2!3d40.8129938!4d-73.96064059999999","https://www.google.com/maps/place/Culture+Tea+Bar/@40.8129938,-73.96064059999999,13.99z/data=!4m16!1m7!3m6!1s0x89c2f64039fb33db:0xa29fcd14d0585ded!2sCulture+Tea+Bar!8m2!3d40.8129938!4d-73.96064059999999!16s%2Fg%2F11ckvg1dmb!3m7!1s0x89c2f64039fb33db:0xa29fcd14d0585ded!8m2!3d40.8129938!4d-73.96064059999999!9m1!1b1!16s%2Fg%2F11ckvg1dmb?entry=ttu",ChIJ2zP7OUD2wokR7V1Y0BTNn6I,0x89c2f64039fb33db:0xa29fcd14d0585ded,11718310244719812077,/g/11bw66wwr5,-6728433828989739539,,,,,,,,,,,,,,,,,,,,,,,,,,,,,,,,,,,,,,,,,,,,Home - Culture Tea Bar,WordPress 5.6.13,,,False,False
"bubble tea store, 10024, New York, NY, US",Uptown Poké,Uptown Poké,http://uptownpokenyc.com/,"Bubble tea store, Hawaiian restaurant, Poke bar",Hawaiian restaurant,Bubble tea store,+1 212-787-1123,"506 Amsterdam Ave, New York, NY 10024",Manhattan,506 Amsterdam Ave,New York,10024,New York,New York,United States of America,US,40.7868084,-73.976047,892a100882fffff,America/New_York,,False,4.6,577,"https://search.google.com/local/reviews?placeid=ChIJqRuGnt1ZwokREA-z-C-u-1Y&q=bubble+tea+store,+10024,+New+York,+NY,+US&authuser=0&hl=en&gl=US",,,23.0,9.0,23.0,48.0,474.0,260,https://lh3.googleusercontent.com/p/AF1QipPFeEC2glXI_U9Y2vWR5d9q_v2ZLlS_WTbLTcBO=w800-h500-k-no,https://lh3.googleusercontent.com/p/AF1QipPFeEC2glXI_U9Y2vWR5d9q_v2ZLlS_WTbLTcBO=w1600-h1000-k-no,,"{""Monday"": ""11AM-8PM"", ""Tuesday"": ""11AM-8PM"", ""Wednesday"": ""11AM-8PM"", ""Thursday"": ""11AM-8PM"", ""Friday"": ""11AM-8PM"", ""Saturday"": ""11AM-8PM"", ""Sunday"": ""11AM-8PM""}",Monday:11AM-8PM|Tuesday:11AM-8PM|Wednesday:11AM-8PM|Thursday:11AM-8PM|Friday:11AM-8PM|Saturday:11AM-8PM|Sunday:11AM-8PM,,,OPERATIONAL,"{""From the business"": {""Identifies as Black-owned"": true, ""Identifies as women-owned"": true}, ""Service options"": {""Curbside pickup"": true, ""No-contact delivery"": true, ""Delivery"": true, ""Onsite services"": true, ""Takeout"": true, ""Dine-in"": true}, ""Highlights"": {""Fast service"": true}, ""Popular for"": {""Lunch"": true, ""Dinner"": true, ""Solo dining"": true}, ""Accessibility"": {""Wheelchair accessible entrance"": true, ""Wheelchair accessible seating"": true, ""Wheelchair accessible parking lot"": false}, ""Offerings"": {""Food"": true, ""Healthy options"": true, ""Quick bite"": true, ""Salad bar"": true, ""Vegetarian options"": true}, ""Dining options"": {""Lunch"": true, ""Dinner"": true}, ""Amenities"": {""Wi-Fi"": true}, ""Atmosphere"": {""Casual"": true, ""Trendy"": true}, ""Crowd"": {""College students"": true, ""Family-friendly"": true, ""LGBTQ+ friendly"": true, ""Tourists"": true}, ""Payments"": {""Credit cards"": true, ""Debit cards"": true, ""NFC mobile payments"": true}, ""Children"": {""Good for kids"": true}, ""Other"": {""Identifies as Black-owned"": true, ""LGBTQ+ friendly"": true, ""Identifies as women-owned"": true}}",$,,https://lh5.googleusercontent.com/-ma4Xg45-qMo/AAAAAAAAAAI/AAAAAAAAAAA/HKVFRAZJ9Tc/s44-p-k-no-ns-nd/photo.jpg,,,True,112654019253190301014,Uptown Poké,https://www.google.com/maps/contrib/112654019253190301014,,"https://www.google.com/viewer/chooseprovider?mid=/g/11g2pfz27r&g2lbs=AAEPWCtg9nfPHOxd028MQENIu0Wyu7JGOv-Nk358Tq0YWcKO6_XZBzSFLUvGTB1hsLqvwkj5NjOF-R1V8oX1VgopiXEBHvnqEg%3D%3D&hl=en-US&gl=us&fo_m=MfohQo559jFvMUOzJVpjPL1YMfZ3bInYwBDuMfaXTPp5KXh-&utm_source=tactile&gei=f2gJaP28JZHDi-gP3oXFuA0&ei=f2gJaP28JZHDi-gP3oXFuA0&fo_s=OA,SOE&opi=79508299&ebb=1&cs=0&foub=mcpp",,,"https://www.google.com/maps/place/Uptown+Pok%C3%A9/@40.7868084,-73.976047,14z/data=!4m8!1m2!2m1!1sUptown+Pok%C3%A9!3m4!1s0x89c259dd9e861ba9:0x56fbae2ff8b30f10!8m2!3d40.7868084!4d-73.976047","https://www.google.com/maps/place/Uptown+Pok%C3%A9/@40.7868084,-73.976047,13.99z/data=!4m16!1m7!3m6!1s0x89c259dd9e861ba9:0x56fbae2ff8b30f10!2sUptown+Pok%C3%A9!8m2!3d40.7868084!4d-73.976047!16s%2Fg%2F11ckvg1dmb!3m7!1s0x89c259dd9e861ba9:0x56fbae2ff8b30f10!8m2!3d40.7868084!4d-73.976047!9m1!1b1!16s%2Fg%2F11ckvg1dmb?entry=ttu",ChIJqRuGnt1ZwokREA-z-C-u-1Y,0x89c259dd9e861ba9:0x56fbae2ff8b30f10,6267794827475357456,/g/11g2pfz27r,6267794827475357456,,uptownpokenyc@gmail.com,RECEIVING,SMTP validated,,,,,,,,,,,,,,,,,,,,,,,,,,,,,,,,,,,,,,,,Uptown Poke: Poké | New York,,Fresh and Healthy Poke Bowls in New York city. Uptown Poke - is the place where you can try authentic hawaiian style salad bowls with many different toppings ...,,,
"bubble tea store, 10024, New York, NY, US",Kung Fu Tea,Kung Fu Tea,http://www.kungfutea.com/,Bubble tea store,Bubble tea store,Bubble tea store,+1 917-396-1734,"3010 34th St, Astoria, NY 11103",Astoria,3010 34th St,Astoria,11103,New York,New York,United States of America,US,40.765519999999995,-73.9193463,892a100f357ffff,America/New_York,,False,4.6,125,"https://search.google.com/local/reviews?placeid=ChIJYSbuE8VfwokRsDJEDr2n5Xk&q=bubble+tea+store,+10024,+New+York,+NY,+US&authuser=0&hl=en&gl=US",,,7.0,2.0,5.0,8.0,103.0,377,https://lh3.googleusercontent.com/p/AF1QipMIw8Dj8754umhyGFBFyeVermRN6LJ7tvn4nwsZ=w800-h500-k-no,https://lh3.googleusercontent.com/p/AF1QipMIw8Dj8754umhyGFBFyeVermRN6LJ7tvn4nwsZ=w1600-h1000-k-no,,"{""Monday"": ""12-8PM"", ""Tuesday"": ""12-8PM"", ""Wednesday"": ""12-8PM"", ""Thursday"": ""12-8PM"", ""Friday"": ""12-9PM"", ""Saturday"": ""12-9PM"", ""Sunday"": ""12-9PM""}",Monday:12-8PM|Tuesday:12-8PM|Wednesday:12-8PM|Thursday:12-8PM|Friday:12-9PM|Saturday:12-9PM|Sunday:12-9PM,,,OPERATIONAL,"{""From the business"": {""Identifies as Asian-owned"": true}, ""Service options"": {""Curbside pickup"": true, ""No-contact delivery"": true, ""Delivery"": true, ""Onsite services"": true, ""Takeout"": true, ""Dine-in"": true}, ""Highlights"": {""Great tea selection"": true}, ""Accessibility"": {""Wheelchair accessible parking lot"": false}, ""Crowd"": {""LGBTQ+ friendly"": true}, ""Other"": {""LGBTQ+ friendly"": true, ""Identifies as Asian-owned"": true}}",$,,https://lh6.googleusercontent.com/-Wf2ct6oxr60/AAAAAAAAAAI/AAAAAAAAAAA/sHNlGMfopaI/s44-p-k-no-ns-nd/photo.jpg,"Bubble tea specialist with a selection of other hot & cold drinks, including coffee & slushes.",,True,117835868371736690935,Kung Fu Tea,https://www.google.com/maps/contrib/117835868371736690935,,"https://www.google.com/viewer/chooseprovider?mid=/g/11q8rz3s54&g2lbs=AAEPWCtUMl5B1PdOI1UygqUyMS7_2ZByCaA_CPPiuCKfaBY0yuFDLWx1rgyLOzm-bmTE2m4N76HX-5CBMT39vzeMf_uRfrbr_w%3D%3D&hl=en-US&gl=us&fo_m=MfohQo559jFvMUOzJVpjPL1YMfZ3bInYwBDuMfaXTPp5KXh-&utm_source=tactile&gei=f2gJaP28JZHDi-gP3oXFuA0&ei=f2gJaP28JZHDi-gP3oXFuA0&fo_s=OA,SOE&opi=79508299&ebb=1&cs=0&foub=mcpp",,,"https://www.google.com/maps/place/Kung+Fu+Tea/@40.765519999999995,-73.9193463,14z/data=!4m8!1m2!2m1!1sKung+Fu+Tea!3m4!1s0x89c25fc513ee2661:0x79e5a7bd0e4432b0!8m2!3d40.765519999999995!4d-73.9193463","https://www.google.com/maps/place/Kung+Fu+Tea/@40.765519999999995,-73.9193463,13.99z/data=!4m16!1m7!3m6!1s0x89c25fc513ee2661:0x79e5a7bd0e4432b0!2sKung+Fu+Tea!8m2!3d40.765519999999995!4d-73.9193463!16s%2Fg%2F11ckvg1dmb!3m7!1s0x89c25fc513ee2661:0x79e5a7bd0e4432b0!8m2!3d40.765519999999995!4d-73.9193463!9m1!1b1!16s%2Fg%2F11ckvg1dmb?entry=ttu",ChIJYSbuE8VfwokRsDJEDr2n5Xk,0x89c25fc513ee2661:0x79e5a7bd0e4432b0,8783611078686028464,/g/11q8rz3s54,8783611078686028464,,support@armsglobalinc.com,RECEIVING,Role,,,,,,marketing@kfteausa.com,RECEIVING,SMTP validated,,,,,,delivery_help@grubhub.com,RECEIVING,SMTP validated,,,,,,+1 724-544-6367,+1 855-538-9888,15402175182,https://www.facebook.com/kungfuteausa/,https://www.instagram.com/kungfuteausa,https://www.linkedin.com/company/kung-fu-tea,https://www.tiktok.com/@kungfutea,,,,,,,https://twitter.com/kfteausa,,,,,Menu — Kung Fu Tea | Fresh - Innovative - Fearless leading tea brand,WordPress 6.3,"Menu At Kung Fu Tea, every beverage is made-to-order with real Kung Fu. Our tea is freshly brewed every 3 hours using premium tea leaves. You can choose from classic teas, milk teas, fruit teas, slushies and more. Each drink is customized by you! You get to pick your toppings,…",,False,True
"bubble tea store, 10024, New York, NY, US",JOE & THE JUICE,Joe And The Juice,https://www.joejuice.com/,"Cafe, Juice shop, Coffee shop, Fast food restaurant, Gluten-free restaurant, Health food restaurant, Takeout Restaurant, Sandwich shop, Vegan restaurant",Juice shop,Cafe,+1 646-741-8640,"2460 Broadway, New York, NY 10025",Manhattan,2460 Broadway,New York,10025,New York,New York,United States of America,US,40.7915923,-73.9736861,892a100883bffff,America/New_York,,False,3.3,77,"https://search.google.com/local/reviews?placeid=ChIJHy1hC0tZwokRjwwpxn4vuGU&q=bubble+tea+store,+10024,+New+York,+NY,+US&authuser=0&hl=en&gl=US",,,26.0,2.0,6.0,11.0,32.0,235,https://lh3.googleusercontent.com/p/AF1QipOTH8NAUaWY-LA0eTV72SdsNfd4dwAcQJFsIi_Q=w800-h500-k-no,https://lh3.googleusercontent.com/p/AF1QipOTH8NAUaWY-LA0eTV72SdsNfd4dwAcQJFsIi_Q=w1600-h1000-k-no,,"{""Monday"": ""7AM-7PM"", ""Tuesday"": ""7AM-7PM"", ""Wednesday"": ""7AM-7PM"", ""Thursday"": ""7AM-7PM"", ""Friday"": ""7AM-7PM"", ""Saturday"": ""7AM-7PM"", ""Sunday"": ""7AM-7PM""}",Monday:7AM-7PM|Tuesday:7AM-7PM|Wednesday:7AM-7PM|Thursday:7AM-7PM|Friday:7AM-7PM|Saturday:7AM-7PM|Sunday:7AM-7PM,,,OPERATIONAL,"{""Service options"": {""Delivery"": true, ""Takeout"": true, ""Dine-in"": true}, ""Popular for"": {""Solo dining"": true}, ""Accessibility"": {""Wheelchair accessible entrance"": true, ""Wheelchair accessible parking lot"": false}, ""Dining options"": {""Dessert"": true, ""Seating"": true}, ""Amenities"": {""Restroom"": true, ""Wi-Fi"": true}, ""Atmosphere"": {""Casual"": true, ""Trendy"": true}, ""Payments"": {""Credit cards"": true, ""Debit cards"": true, ""NFC mobile payments"": true}, ""Children"": {""Good for kids"": true}, ""Parking"": {""Paid street parking"": true}}",$$,,https://lh6.googleusercontent.com/-4lneyN384uA/AAAAAAAAAAI/AAAAAAAAAAA/MQF29kYo44w/s44-p-k-no-ns-nd/photo.jpg,,,True,108765106718722650873,JOE & THE JUICE,https://www.google.com/maps/contrib/108765106718722650873,,"https://www.google.com/viewer/chooseprovider?mid=/g/11fj486vjp&g2lbs=AAEPWCuBR2Qqjngjw8KS9_VjgZBzQiGticOSIb66UBrbPdp9ge_tzb_mCi-XJhKVwqwDHZKjAS35qL4aHb58rmD2dQY1ggKMBA%3D%3D&hl=en-US&gl=us&fo_m=MfohQo559jFvMUOzJVpjPL1YMfZ3bInYwBDuMfaXTPp5KXh-&utm_source=tactile&gei=f2gJaP28JZHDi-gP3oXFuA0&ei=f2gJaP28JZHDi-gP3oXFuA0&fo_s=OA,SOE&opi=79508299&ebb=1&cs=0&foub=mcpp",,,"https://www.google.com/maps/place/JOE+%26+THE+JUICE/@40.7915923,-73.9736861,14z/data=!4m8!1m2!2m1!1sJOE+%26+THE+JUICE!3m4!1s0x89c2594b0b612d1f:0x65b82f7ec6290c8f!8m2!3d40.7915923!4d-73.9736861","https://www.google.com/maps/place/JOE+%26+THE+JUICE/@40.7915923,-73.9736861,13.99z/data=!4m16!1m7!3m6!1s0x89c2594b0b612d1f:0x65b82f7ec6290c8f!2sJOE+%26+THE+JUICE!8m2!3d40.7915923!4d-73.9736861!16s%2Fg%2F11ckvg1dmb!3m7!1s0x89c2594b0b612d1f:0x65b82f7ec6290c8f!8m2!3d40.7915923!4d-73.9736861!9m1!1b1!16s%2Fg%2F11ckvg1dmb?entry=ttu",ChIJHy1hC0tZwokRjwwpxn4vuGU,0x89c2594b0b612d1f:0x65b82f7ec6290c8f,7329660615082445967,/g/11fj486vjp,7329660615082445967,,kf@joejuice.com,UNKNOWN,Cannot validate,Kristian Ford,Kristian,Ford,Juicer,,gundersen@joejuice.com,INVALID,Invalid DNS,Jakob Gundersen,Jakob,Gundersen,Human Resources-Ansvarlig,,dressler@joejuice.com,RECEIVING,SMTP validated,Daniel Dressler,Daniel,Dressler,Head Of Us Legal,61415196936,14169778278,4589879708,102087419666,https://www.facebook.com/joeandthejuice/,https://www.instagram.com/joeandthejuice,https://www.linkedin.com/company/joe-%26-the-juice-uk,,,,,,,,https://twitter.com/joeandthejuice,,,,,Joe Loyalty App,,"The new JOE App is a loyalty programme that gives you benefits & gifts as you gain points through product purchases, JOE cards and achievements. Download the JOE App today!","Joe & The Juice, juice bar, healthy drinks, sandwiches, fresh food",False,True
"bubble tea store, 10024, New York, NY, US",Carry On Tea & Sympathy,Carry On Tea And Sympathy,http://www.teaandsympathy.com/,"Tea house, Caterer",Tea house,Tea house,+1 212-807-8329,"110 Greenwich Ave, New York, NY 10011",Manhattan,110 Greenwich Ave,New York,10011,New York,New York,United States of America,US,40.7383824,-74.00197279999999,892a10721b7ffff,America/New_York,,False,4.8,9,"https://search.google.com/local/reviews?placeid=ChIJ8V248u1ZwokRBWUE0UfSc5g&q=bubble+tea+store,+10024,+New+York,+NY,+US&authuser=0&hl=en&gl=US",,,0.0,0.0,0.0,2.0,7.0,19,https://lh3.googleusercontent.com/p/AF1QipNKMm1H2Q3HGf8OvAMWLsW9MtsphDQGdh0j1dI9=w800-h500-k-no,https://lh3.googleusercontent.com/p/AF1QipNKMm1H2Q3HGf8OvAMWLsW9MtsphDQGdh0j1dI9=w1600-h1000-k-no,,"{""Monday"": ""11AM-9PM"", ""Tuesday"": ""11AM-9PM"", ""Wednesday"": ""11AM-9PM"", ""Thursday"": ""11AM-9PM"", ""Friday"": ""11AM-9PM"", ""Saturday"": ""10AM-9PM"", ""Sunday"": ""10AM-9PM""}",Monday:11AM-9PM|Tuesday:11AM-9PM|Wednesday:11AM-9PM|Thursday:11AM-9PM|Friday:11AM-9PM|Saturday:10AM-9PM|Sunday:10AM-9PM,,,OPERATIONAL,"{""Service options"": {""Delivery"": true, ""Takeout"": true, ""Dine-in"": true}, ""Highlights"": {""Great tea selection"": true}, ""Accessibility"": {""Wheelchair accessible parking lot"": false}}",$,,https://lh4.googleusercontent.com/-yPz_m7bSoGM/AAAAAAAAAAI/AAAAAAAAAAA/xm6CAlW-4Kc/s44-p-k-no-ns-nd/photo.jpg,,,True,111198403647887401585,Carry On Tea & Sympathy,https://www.google.com/maps/contrib/111198403647887401585,,"https://www.google.com/viewer/chooseprovider?mid=/g/11p5tlmvjy&g2lbs=AAEPWCt3AJh6uyD_GNi_Ir2sNcF1KbUdUrlTcGImqkCwg2qNatJGx3HUawoYyvpVzCYgW5pwMOCMi-g2yBN0jr7SPokjcHZHlQ%3D%3D&hl=en-US&gl=us&fo_m=MfohQo559jFvMUOzJVpjPL1YMfZ3bInYwBDuMfaXTPp5KXh-&utm_source=tactile&gei=f2gJaP28JZHDi-gP3oXFuA0&ei=f2gJaP28JZHDi-gP3oXFuA0&fo_s=OA,SOE&opi=79508299&ebb=1&cs=0&foub=mcpp",,,"https://www.google.com/maps/place/Carry+On+Tea+%26+Sympathy/@40.7383824,-74.00197279999999,14z/data=!4m8!1m2!2m1!1sCarry+On+Tea+%26+Sympathy!3m4!1s0x89c259edf2b85df1:0x9873d247d1046505!8m2!3d40.7383824!4d-74.00197279999999","https://www.google.com/maps/place/Carry+On+Tea+%26+Sympathy/@40.7383824,-74.00197279999999,13.99z/data=!4m16!1m7!3m6!1s0x89c259edf2b85df1:0x9873d247d1046505!2sCarry+On+Tea+%26+Sympathy!8m2!3d40.7383824!4d-74.00197279999999!16s%2Fg%2F11ckvg1dmb!3m7!1s0x89c259edf2b85df1:0x9873d247d1046505!8m2!3d40.7383824!4d-74.00197279999999!9m1!1b1!16s%2Fg%2F11ckvg1dmb?entry=ttu",ChIJ8V248u1ZwokRBWUE0UfSc5g,0x89c259edf2b85df1:0x9873d247d1046505,10985355121978008837,/g/11p5tlmvjy,-7461388951731542779,,info@teaandsympathy.com,RECEIVING,SMTP validated,,,,,,ninfo@teaandsympathy.com,INVALID,Invalid SMTP,,,,,,,,,,,,,,,,,,,,,,,,,,,,,,,,,Square Online,,,True,False
"bubble tea store, 10024, New York, NY, US",Ümacha,Ümacha,https://www.umachaus.com/,Tea house,Tea house,Tea house,+1 201-941-4500,"595 River Rd B113, Edgewater, NJ 07020",None,595 River Rd B113,Edgewater,07020,New Jersey,New Jersey,United States of America,US,40.816375099999995,-73.979412,892a1008eb3ffff,America/New_York,,False,4.5,468,"https://search.google.com/local/reviews?placeid=ChIJ1WycR-v3wokRw9k29wDVuwk&q=bubble+tea+store,+10024,+New+York,+NY,+US&authuser=0&hl=en&gl=US",,,17.0,11.0,22.0,97.0,321.0,849,https://lh3.googleusercontent.com/p/AF1QipMiLUgS1K1UvJf5GhhBOHJaszVH7pdBQ3wICozc=w800-h500-k-no,https://lh3.googleusercontent.com/p/AF1QipMiLUgS1K1UvJf5GhhBOHJaszVH7pdBQ3wICozc=w1600-h1000-k-no,,"{""Monday"": ""9AM-8PM"", ""Tuesday"": ""9AM-8PM"", ""Wednesday"": ""9AM-8PM"", ""Thursday"": ""9AM-8PM"", ""Friday"": ""9AM-8PM"", ""Saturday"": ""9AM-8PM"", ""Sunday"": ""9AM-8PM""}",Monday:9AM-8PM|Tuesday:9AM-8PM|Wednesday:9AM-8PM|Thursday:9AM-8PM|Friday:9AM-8PM|Saturday:9AM-8PM|Sunday:9AM-8PM,,,OPERATIONAL,"{""Service options"": {""Delivery"": true, ""Onsite services"": true, ""Takeout"": true, ""Dine-in"": true}, ""Highlights"": {""Great tea selection"": true}, ""Accessibility"": {""Wheelchair accessible entrance"": true, ""Wheelchair accessible parking lot"": true}}",$,,https://lh5.googleusercontent.com/-i6qtWFDZbRE/AAAAAAAAAAI/AAAAAAAAAAA/UB5HOLePqOg/s44-p-k-no-ns-nd/photo.jpg,,,True,105985099202916465379,Ümacha,https://www.google.com/maps/contrib/105985099202916465379,,,,,"https://www.google.com/maps/place/%C3%9Cmacha/@40.816375099999995,-73.979412,14z/data=!4m8!1m2!2m1!1s%C3%9Cmacha!3m4!1s0x89c2f7eb479c6cd5:0x9bbd500f736d9c3!8m2!3d40.816375099999995!4d-73.979412","https://www.google.com/maps/place/%C3%9Cmacha/@40.816375099999995,-73.979412,13.99z/data=!4m16!1m7!3m6!1s0x89c2f7eb479c6cd5:0x9bbd500f736d9c3!2s%C3%9Cmacha!8m2!3d40.816375099999995!4d-73.979412!16s%2Fg%2F11ckvg1dmb!3m7!1s0x89c2f7eb479c6cd5:0x9bbd500f736d9c3!8m2!3d40.816375099999995!4d-73.979412!9m1!1b1!16s%2Fg%2F11ckvg1dmb?entry=ttu",ChIJ1WycR-v3wokRw9k29wDVuwk,0x89c2f7eb479c6cd5:0x9bbd500f736d9c3,701388367110527427,/g/11j4t5p1h0,701388367110527427,,umaprousa.yayoi@hotmail.com,RECEIVING,Cannot validate,,,,,,,,,,,,,,,,,,,,,,,,,,,,,,,,,,,,,,,,UMACHA (Cafe.Bubbletea.Newjersey.Edgewater),Wix.com Website Builder,UMACHA is cafe bubbletea Cream Cheese Newjersey.edgewater.,,False,False
"bubble tea store, 10024, New York, NY, US",Mango Mango Dessert,Mango Mango Dessert,https://www.mangomangodessert.com/,"Bubble tea store, Dessert shop, Creperie, Ice cream shop, Juice shop",Dessert shop,Bubble tea store,+1 347-507-0717,"47-43 Vernon Blvd, Long Island City, NY 11101",Long Island City,47-43 Vernon Blvd,Long Island City,11101,New York,New York,United States of America,US,40.7442734,-73.9534096,892a100d017ffff,America/New_York,,False,4.5,246,"https://search.google.com/local/reviews?placeid=ChIJDfZ2715ZwokRDzGCuvSPgBg&q=bubble+tea+store,+10024,+New+York,+NY,+US&authuser=0&hl=en&gl=US",,,9.0,6.0,13.0,37.0,181.0,520,https://lh3.googleusercontent.com/p/AF1QipOsG-E1ScScbvEpjLbaLLIM1WwMr6-tgWwiN796=w800-h500-k-no,https://lh3.googleusercontent.com/p/AF1QipOsG-E1ScScbvEpjLbaLLIM1WwMr6-tgWwiN796=w1600-h1000-k-no,,"{""Monday"": ""Closed"", ""Tuesday"": ""1-10PM"", ""Wednesday"": ""1-10PM"", ""Thursday"": ""1-10PM"", ""Friday"": ""1-11PM"", ""Saturday"": ""12-11PM"", ""Sunday"": ""12-10PM""}",Monday:Closed|Tuesday:1-10PM|Wednesday:1-10PM|Thursday:1-10PM|Friday:1-11PM|Saturday:12-11PM|Sunday:12-10PM,,,OPERATIONAL,"{""From the business"": {""Identifies as women-owned"": true}, ""Service options"": {""Delivery"": true, ""In-store pickup"": true, ""Onsite services"": true, ""Takeout"": true, ""Dine-in"": true}, ""Accessibility"": {""Wheelchair accessible entrance"": true, ""Wheelchair accessible restroom"": true, ""Wheelchair accessible parking lot"": false}, ""Amenities"": {""Restroom"": true}, ""Planning"": {""Quick visit"": true}, ""Payments"": {""Credit cards"": true, ""Debit cards"": true, ""NFC mobile payments"": true}, ""Parking"": {""Paid street parking"": true}, ""Other"": {""Identifies as women-owned"": true}}",$,,https://lh6.googleusercontent.com/-6X_OgE36Zdo/AAAAAAAAAAI/AAAAAAAAAAA/r8jOktdkJ2A/s44-p-k-no-ns-nd/photo.jpg,,,True,104727880295234290648,Mango Mango Dessert,https://www.google.com/maps/contrib/104727880295234290648,,"https://www.google.com/viewer/chooseprovider?mid=/g/11q7gmhk9n&g2lbs=AAEPWCshJ_lhQujOkEG1ta9LDLKN9vmTHKGxPj7x7xKkrw7bWY2YoE-S-fYMf4p29YvizcUYGwQJ21EZfEbIXfme7urLboDbog%3D%3D&hl=en-US&gl=us&fo_m=MfohQo559jFvMUOzJVpjPL1YMfZ3bInYwBDuMfaXTPp5KXh-&utm_source=tactile&gei=gmgJaLjaIfrgseMP_9TCkAg&ei=gmgJaLjaIfrgseMP_9TCkAg&fo_s=OA,SOE&opi=79508299&ebb=1&cs=0&foub=mcpp",,,"https://www.google.com/maps/place/Mango+Mango+Dessert/@40.7442734,-73.9534096,14z/data=!4m8!1m2!2m1!1sMango+Mango+Dessert!3m4!1s0x89c2595eef76f60d:0x18808ff4ba82310f!8m2!3d40.7442734!4d-73.9534096","https://www.google.com/maps/place/Mango+Mango+Dessert/@40.7442734,-73.9534096,13.99z/data=!4m16!1m7!3m6!1s0x89c2595eef76f60d:0x18808ff4ba82310f!2sMango+Mango+Dessert!8m2!3d40.7442734!4d-73.9534096!16s%2Fg%2F11ckvg1dmb!3m7!1s0x89c2595eef76f60d:0x18808ff4ba82310f!8m2!3d40.7442734!4d-73.9534096!9m1!1b1!16s%2Fg%2F11ckvg1dmb?entry=ttu",ChIJDfZ2715ZwokRDzGCuvSPgBg,0x89c2595eef76f60d:0x18808ff4ba82310f,1765569335193121039,/g/11q7gmhk9n,1765569335193121039,,mangomangodessert@live.com,RECEIVING,SMTP validated,,,,,,,,,,,,,,,,,,,,,,17038528222,16783957094,17038258222,https://www.facebook.com/mmdEdenCenter/,,,,,,,,,,,,,,,HOME | Mango Mango Desserts,Wix.com Website Builder,,,False,False
"bubble tea store, 10024, New York, NY, US",M Tea,M Tea,http://www.mteanyc.com/,Bubble tea store,Bubble tea store,Bubble tea store,+1 315-889-3222,"23-01 41st Ave Store 1D, Astoria, NY 11101",Astoria,23-01 41st Ave Store 1D,Astoria,11101,New York,New York,United States of America,US,40.7530724,-73.940253,892a100d423ffff,America/New_York,,False,4.6,107,"https://search.google.com/local/reviews?placeid=ChIJ30Kpo3NZwokRkbxKlSM5XNo&q=bubble+tea+store,+10024,+New+York,+NY,+US&authuser=0&hl=en&gl=US",,,4.0,3.0,2.0,10.0,88.0,251,https://lh3.googleusercontent.com/p/AF1QipPZZiDg8k_lwYbH-0UOh0kyHtvYBLk9VykRIjI1=w800-h500-k-no,https://lh3.googleusercontent.com/p/AF1QipPZZiDg8k_lwYbH-0UOh0kyHtvYBLk9VykRIjI1=w1600-h1000-k-no,,"{""Monday"": ""12-10PM"", ""Tuesday"": ""12-10PM"", ""Wednesday"": ""12-10PM"", ""Thursday"": ""12-10PM"", ""Friday"": ""12-10PM"", ""Saturday"": ""12-10PM"", ""Sunday"": ""12-10PM""}",Monday:12-10PM|Tuesday:12-10PM|Wednesday:12-10PM|Thursday:12-10PM|Friday:12-10PM|Saturday:12-10PM|Sunday:12-10PM,,,OPERATIONAL,"{""Service options"": {""Delivery"": true, ""Takeout"": true, ""Dine-in"": true}, ""Highlights"": {""Great tea selection"": true}, ""Accessibility"": {""Wheelchair accessible entrance"": true, ""Wheelchair accessible parking lot"": false}}",$$,,https://lh6.googleusercontent.com/-unHJR__MC58/AAAAAAAAAAI/AAAAAAAAAAA/0q_XeOUfZjo/s44-p-k-no-ns-nd/photo.jpg,,,True,103155520727175642253,M Tea,https://www.google.com/maps/contrib/103155520727175642253,,"https://www.google.com/viewer/chooseprovider?mid=/g/11lkthnbr3&g2lbs=AAEPWCsKa3EI2L8I9yBs-ibI8y0chx6eQhxijJz0vW1Jr0aBVwXbUWuRvcpZdb5dqwWbaUTRtP7IAVilUVkLCEadkpWc4tDwiQ%3D%3D&hl=en-US&gl=us&fo_m=MfohQo559jFvMUOzJVpjPL1YMfZ3bInYwBDuMfaXTPp5KXh-&utm_source=tactile&gei=gmgJaLjaIfrgseMP_9TCkAg&ei=gmgJaLjaIfrgseMP_9TCkAg&fo_s=OA,SOE&opi=79508299&ebb=1&cs=0&foub=mcpp",,,"https://www.google.com/maps/place/M+Tea/@40.7530724,-73.940253,14z/data=!4m8!1m2!2m1!1sM+Tea!3m4!1s0x89c25973a3a942df:0xda5c3923954abc91!8m2!3d40.7530724!4d-73.940253","https://www.google.com/maps/place/M+Tea/@40.7530724,-73.940253,13.99z/data=!4m16!1m7!3m6!1s0x89c25973a3a942df:0xda5c3923954abc91!2sM+Tea!8m2!3d40.7530724!4d-73.940253!16s%2Fg%2F11ckvg1dmb!3m7!1s0x89c25973a3a942df:0xda5c3923954abc91!8m2!3d40.7530724!4d-73.940253!9m1!1b1!16s%2Fg%2F11ckvg1dmb?entry=ttu",ChIJ30Kpo3NZwokRkbxKlSM5XNo,0x89c25973a3a942df:0xda5c3923954abc91,15734514023117012113,/g/11lkthnbr3,-2712230050592539503,,mtealic@gmail.com,RECEIVING,SMTP validated,,,,,,,,,,,,,,,,,,,,,,,,,,,,,,,,,,,,,,,,"Drinks, Dessert and Catering | MTea LIC | Long Island City, New York",Wix.com Website Builder,"Make Fresh Daily to you! We offer 100% fresh fruit drinks, famous brown sugar bubble tea and sweet dessert to satisfy your taste bugs. We also offer catering services and space for rent for special events and occasions.
https://www.mteanyc.com","Bubble Tea, Catering, Events and Venues Space, Fresh Fruit Drinks",False,False
"bubble tea store, 10024, New York, NY, US",Koji Chicken,Koji Chicken,http://www.koji-chicken.com/?utm_source=google,"Bubble tea store, Fried chicken takeaway, Korean restaurant",Fried chicken takeaway,Bubble tea store,+1 646-590-1170,"764 9th Ave, New York, NY 10019",Manhattan,764 9th Ave,New York,10019,New York,New York,United States of America,US,40.7641852,-73.9881293,892a100d64bffff,America/New_York,,False,4.8,300,"https://search.google.com/local/reviews?placeid=ChIJ5aa60bdZwokRMAJHizpx_O4&q=bubble+tea+store,+10024,+New+York,+NY,+US&authuser=0&hl=en&gl=US",,,7.0,1.0,4.0,9.0,279.0,458,https://lh3.googleusercontent.com/p/AF1QipO8zJ5DUkmXSR4W3qfx3t6Mk-dHDmbsO4Y7J-Aq=w800-h500-k-no,https://lh3.googleusercontent.com/p/AF1QipO8zJ5DUkmXSR4W3qfx3t6Mk-dHDmbsO4Y7J-Aq=w1600-h1000-k-no,,"{""Monday"": ""11:30AM-9:30PM"", ""Tuesday"": ""11:30AM-9:30PM"", ""Wednesday"": ""11:30AM-9:30PM"", ""Thursday"": ""11:30AM-9:30PM"", ""Friday"": ""11:30AM-10PM"", ""Saturday"": ""11:30AM-10PM"", ""Sunday"": ""11:30AM-9:30PM""}",Monday:11:30AM-9:30PM|Tuesday:11:30AM-9:30PM|Wednesday:11:30AM-9:30PM|Thursday:11:30AM-9:30PM|Friday:11:30AM-10PM|Saturday:11:30AM-10PM|Sunday:11:30AM-9:30PM,,,OPERATIONAL,"{""From the business"": {""Identifies as Asian-owned"": true}, ""Service options"": {""Curbside pickup"": true, ""No-contact delivery"": true, ""Delivery"": true, ""Takeout"": true, ""Dine-in"": true}, ""Highlights"": {""Live music"": true}, ""Popular for"": {""Lunch"": true, ""Dinner"": true, ""Solo dining"": true}, ""Accessibility"": {""Wheelchair accessible parking lot"": false}, ""Offerings"": {""Comfort food"": true, ""Quick bite"": true}, ""Dining options"": {""Brunch"": true, ""Lunch"": true, ""Dinner"": true, ""Counter service"": true, ""Seating"": true}, ""Amenities"": {""Wi-Fi"": true}, ""Atmosphere"": {""Casual"": true}, ""Crowd"": {""Family-friendly"": true, ""LGBTQ+ friendly"": true, ""Transgender safespace"": true}, ""Payments"": {""Credit cards"": true, ""Debit cards"": true}, ""Children"": {""Good for kids"": true}, ""Other"": {""LGBTQ+ friendly"": true, ""Identifies as Asian-owned"": true}}",$,,https://lh4.googleusercontent.com/-PMv-swSydLo/AAAAAAAAAAI/AAAAAAAAAAA/-8CS0uPZhHI/s44-p-k-no-ns-nd/photo.jpg,,,True,110169116605848832984,Koji Chicken,https://www.google.com/maps/contrib/110169116605848832984,,"https://www.google.com/viewer/chooseprovider?mid=/g/11sdkbhc68&g2lbs=AAEPWCsokkBsbzN2X3vLCPzUECTbfkamHvFVjOH_MEukw3JxiXvUMSyf8Bqe8tSv04-gFA_egB69e_hL-tojcQGS1PPr2nW3rQ%3D%3D&hl=en-US&gl=us&fo_m=MfohQo559jFvMUOzJVpjPL1YMfZ3bInYwBDuMfaXTPp5KXh-&utm_source=tactile&gei=gmgJaLjaIfrgseMP_9TCkAg&ei=gmgJaLjaIfrgseMP_9TCkAg&fo_s=OA,SOE&opi=79508299&ebb=1&cs=0&foub=mcpp",,,"https://www.google.com/maps/place/Koji+Chicken/@40.7641852,-73.9881293,14z/data=!4m8!1m2!2m1!1sKoji+Chicken!3m4!1s0x89c259b7d1baa6e5:0xeefc713a8b470230!8m2!3d40.7641852!4d-73.9881293","https://www.google.com/maps/place/Koji+Chicken/@40.7641852,-73.9881293,13.99z/data=!4m16!1m7!3m6!1s0x89c259b7d1baa6e5:0xeefc713a8b470230!2sKoji+Chicken!8m2!3d40.7641852!4d-73.9881293!16s%2Fg%2F11ckvg1dmb!3m7!1s0x89c259b7d1baa6e5:0xeefc713a8b470230!8m2!3d40.7641852!4d-73.9881293!9m1!1b1!16s%2Fg%2F11ckvg1dmb?entry=ttu",ChIJ5aa60bdZwokRMAJHizpx_O4,0x89c259b7d1baa6e5:0xeefc713a8b470230,17220763571416662576,/g/11sdkbhc68,-1225980502292889040,,kojichickeninc@gmail.com,RECEIVING,Verified,,,,,,,,,,,,,,,,,,,,,,,,,,,,,,,,,,,,,,,,"Koji Chicken | Fried Chicken Wings | 764 9th Avenue, New York, NY, USA",Wix.com Website Builder,"Experience the mouth-watering flavors of Koji Chicken in Hell's Kitchen, New York! Enjoy our delicious Korean fried chicken, creative chicken sandwiches, and wings with a variety of sauces. Wash it all down with our refreshing bubble teas and more. Come and indulge your cravings today!",,False,False
"bubble tea store, 10024, New York, NY, US",JoJu,Joju,https://www.jojuny.com/,"Bubble tea store, Vietnamese restaurant, Coffee store, Restaurant, Rice shop, Salad shop, Sandwich shop",restaurants,Bubble tea store,+1 332-204-2278,"555 5th Ave, New York, NY 10017",Manhattan,555 5th Ave,New York,10017,New York,New York,United States of America,US,40.7557876,-73.97870689999999,892a100d677ffff,America/New_York,,False,4.5,226,"https://search.google.com/local/reviews?placeid=ChIJ_cDaa19ZwokRzKy90rKcWG4&q=bubble+tea+store,+10024,+New+York,+NY,+US&authuser=0&hl=en&gl=US",,,6.0,9.0,16.0,38.0,157.0,417,https://lh3.googleusercontent.com/p/AF1QipMhrhAvkknd6fenlMsP1kVgBoy5GRnTgRsI86m7=w800-h500-k-no,https://lh3.googleusercontent.com/p/AF1QipMhrhAvkknd6fenlMsP1kVgBoy5GRnTgRsI86m7=w1600-h1000-k-no,,"{""Monday"": ""10AM-5PM"", ""Tuesday"": ""10AM-5PM"", ""Wednesday"": ""10AM-5PM"", ""Thursday"": ""10AM-5PM"", ""Friday"": ""10AM-5PM"", ""Saturday"": ""Closed"", ""Sunday"": ""Closed""}",Monday:10AM-5PM|Tuesday:10AM-5PM|Wednesday:10AM-5PM|Thursday:10AM-5PM|Friday:10AM-5PM|Saturday:Closed|Sunday:Closed,,,OPERATIONAL,"{""Service options"": {""No-contact delivery"": true, ""Delivery"": true, ""Onsite services"": true, ""Takeout"": true, ""Dine-in"": true}, ""Popular for"": {""Lunch"": true, ""Dinner"": true, ""Solo dining"": true}, ""Accessibility"": {""Wheelchair accessible entrance"": true, ""Wheelchair accessible restroom"": true, ""Wheelchair accessible seating"": true, ""Wheelchair accessible parking lot"": false}, ""Offerings"": {""Coffee"": true, ""Comfort food"": true, ""Healthy options"": true, ""Quick bite"": true, ""Vegetarian options"": true}, ""Dining options"": {""Breakfast"": true, ""Lunch"": true, ""Dinner"": true, ""Catering"": true, ""Seating"": true}, ""Amenities"": {""Gender-neutral restroom"": true, ""Restroom"": true, ""Wi-Fi"": true}, ""Atmosphere"": {""Casual"": true}, ""Crowd"": {""Family-friendly"": true, ""LGBTQ+ friendly"": true}, ""Planning"": {""Accepts reservations"": false}, ""Payments"": {""Credit cards"": true, ""Debit cards"": true, ""NFC mobile payments"": true}, ""Children"": {""Good for kids"": true}, ""Other"": {""LGBTQ+ friendly"": true}}",$$,,https://lh6.googleusercontent.com/-VgXBqGQL1QM/AAAAAAAAAAI/AAAAAAAAAAA/P0fqOd2d7go/s44-p-k-no-ns-nd/photo.jpg,"Laid-back Vietnamese haunt with a snug dining area, executing a modern take on banh mi & rice bowls.",,True,114467353251004933126,JoJu,https://www.google.com/maps/contrib/114467353251004933126,,"https://www.google.com/viewer/chooseprovider?mid=/g/11hd_f8bkt&g2lbs=AAEPWCvEYIMcBG_iSn15R_OCULPGDVkfq7MzVLZ_ILuM4QzY9rKtL7KPkVwy5rv0MrlEDuNolvsl05z1F-Bi57cZ5Rvz8XOVxQ%3D%3D&hl=en-US&gl=us&fo_m=MfohQo559jFvMUOzJVpjPL1YMfZ3bInYwBDuMfaXTPp5KXh-&utm_source=tactile&gei=gmgJaLjaIfrgseMP_9TCkAg&ei=gmgJaLjaIfrgseMP_9TCkAg&fo_s=OA,SOE&opi=79508299&ebb=1&cs=0&foub=mcpp",,,"https://www.google.com/maps/place/JoJu/@40.7557876,-73.97870689999999,14z/data=!4m8!1m2!2m1!1sJoJu!3m4!1s0x89c2595f6bdac0fd:0x6e589cb2d2bdaccc!8m2!3d40.7557876!4d-73.97870689999999","https://www.google.com/maps/place/JoJu/@40.7557876,-73.97870689999999,13.99z/data=!4m16!1m7!3m6!1s0x89c2595f6bdac0fd:0x6e589cb2d2bdaccc!2sJoJu!8m2!3d40.7557876!4d-73.97870689999999!16s%2Fg%2F11ckvg1dmb!3m7!1s0x89c2595f6bdac0fd:0x6e589cb2d2bdaccc!8m2!3d40.7557876!4d-73.97870689999999!9m1!1b1!16s%2Fg%2F11ckvg1dmb?entry=ttu",ChIJ_cDaa19ZwokRzKy90rKcWG4,0x89c2595f6bdac0fd:0x6e589cb2d2bdaccc,7951277433976368332,/g/11hd_f8bkt,7951277433976368332,,info@jojuny.com,BLACKLISTED,Complainer,,,,,,,,,,,,,,,,,,,,,,13478080887,13322042278,,http://www.facebook.com/pages/JoJu/167476483314812,http://instagram.com/jojubanhmi,,,,,,,,,https://twitter.com/JoJuBanhMi,,,,,JOJU,,"Handcrafted Vietnamese sandwiches, bowls, and specialty fries made with 
fresh ingredients and a modern twist.",,,
"bubble tea store, 10024, New York, NY, US",Sunshine Ice,Sunshine Ice,http://www.sunshineicenj.com/,"Bubble tea store, Coffee shop, Dessert shop, Ice cream shop, Sandwich shop, Taiwanese restaurant",Bubble tea store,Bubble tea store,+1 201-293-5600,"4514 Park Ave, Weehawken Township, NJ 07086",None,4514 Park Ave,Weehawken Township,07086,New Jersey,New Jersey,United States of America,US,40.7773665,-74.0180129,892a1072403ffff,America/New_York,,False,4.7,250,"https://search.google.com/local/reviews?placeid=ChIJa5URKz1YwokRtd6uY8HCdg4&q=bubble+tea+store,+10024,+New+York,+NY,+US&authuser=0&hl=en&gl=US",,,6.0,2.0,10.0,18.0,214.0,300,https://lh3.googleusercontent.com/p/AF1QipP5RHgUrtR9p94ZOCXs_uYVbOEEb0W5D-aWEFJv=w800-h500-k-no,https://lh3.googleusercontent.com/p/AF1QipP5RHgUrtR9p94ZOCXs_uYVbOEEb0W5D-aWEFJv=w1600-h1000-k-no,,"{""Monday"": ""2:30-8:30PM"", ""Tuesday"": ""11AM-8:30PM"", ""Wednesday"": ""11AM-8:30PM"", ""Thursday"": ""11AM-8:30PM"", ""Friday"": ""11AM-8:30PM"", ""Saturday"": ""11AM-8:30PM"", ""Sunday"": ""11AM-8:30PM""}",Monday:2:30-8:30PM|Tuesday:11AM-8:30PM|Wednesday:11AM-8:30PM|Thursday:11AM-8:30PM|Friday:11AM-8:30PM|Saturday:11AM-8:30PM|Sunday:11AM-8:30PM,,,OPERATIONAL,"{""Service options"": {""Delivery"": true, ""Onsite services"": true, ""Takeout"": true, ""Dine-in"": true}, ""Highlights"": {""Great tea selection"": true}, ""Accessibility"": {""Wheelchair accessible entrance"": true}}",$,,https://lh6.googleusercontent.com/-sld3B7KitiY/AAAAAAAAAAI/AAAAAAAAAAA/X9TLL7RZ2lA/s44-p-k-no-ns-nd/photo.jpg,,,True,114473790790273982802,Sunshine Ice,https://www.google.com/maps/contrib/114473790790273982802,,"https://www.google.com/viewer/chooseprovider?mid=/g/11bx4c8ggd&g2lbs=AAEPWCtQfb0-Fj2dtTGHBRt96sjdSXkCDSM49tvj2Kn6F5jcsyU8cl8TT4bp2hd49ZQks35AnaibMXjUMrSJ0D5eGsczj-w0Rw%3D%3D&hl=en-US&gl=us&fo_m=MfohQo559jFvMUOzJVpjPL1YMfZ3bInYwBDuMfaXTPp5KXh-&utm_source=tactile&gei=hWgJaMPFAojf1sQPwcnrIQ&ei=hWgJaMPFAojf1sQPwcnrIQ&fo_s=OA,SOE&opi=79508299&ebb=1&cs=0&foub=mcpp",,,"https://www.google.com/maps/place/Sunshine+Ice/@40.7773665,-74.0180129,14z/data=!4m8!1m2!2m1!1sSunshine+Ice!3m4!1s0x89c2583d2b11956b:0xe76c2c163aedeb5!8m2!3d40.7773665!4d-74.0180129","https://www.google.com/maps/place/Sunshine+Ice/@40.7773665,-74.0180129,13.99z/data=!4m16!1m7!3m6!1s0x89c2583d2b11956b:0xe76c2c163aedeb5!2sSunshine+Ice!8m2!3d40.7773665!4d-74.0180129!16s%2Fg%2F11ckvg1dmb!3m7!1s0x89c2583d2b11956b:0xe76c2c163aedeb5!8m2!3d40.7773665!4d-74.0180129!9m1!1b1!16s%2Fg%2F11ckvg1dmb?entry=ttu",ChIJa5URKz1YwokRtd6uY8HCdg4,0x89c2583d2b11956b:0xe76c2c163aedeb5,1042234499639729845,/g/11bx4c8ggd,1042234499639729845,,,,,,,,,,,,,,,,,,,,,,,,,,2012935600,,,,https://www.instagram.com/sunshineicenj,,,,,,,,,,,,,,Sunshine Ice - Juice Bars & Smoothies｜Online Order｜Weehawken｜NJ,Divi v.4.19.2,"Welcome to Our Restaurant, We serve Ice Cream, Fresh Fruit Slush, Smoothies, Milkshake, Bubble Milk Tea, Cold Fresh Tea, Hot Tea, Sandwiches, Coffee, Taiwanese Thick, Honey Toast, Waffle or Pancake and so on, Online Order, Near me",,False,True
"bubble tea store, 10024, New York, NY, US",The Teapsy,The Teapsy,http://www.theteapsy.com/,Bubble tea store,Bubble tea store,Bubble tea store,+1 929-328-0090,"33-17 30th Ave., Astoria, NY 11103",Astoria,33-17 30th Ave.,Astoria,11103,New York,New York,United States of America,US,40.766051,-73.91898599999999,892a100f357ffff,America/New_York,,False,4.4,210,"https://search.google.com/local/reviews?placeid=ChIJyUlcV0dfwokRR1jWnzWgHFg&q=bubble+tea+store,+10024,+New+York,+NY,+US&authuser=0&hl=en&gl=US",,,17.0,3.0,7.0,25.0,158.0,233,https://lh3.googleusercontent.com/p/AF1QipNc-Ki4I6VgvmowznLDj_kAKwaJjvUCwC4SO-Oz=w800-h500-k-no,https://lh3.googleusercontent.com/p/AF1QipNc-Ki4I6VgvmowznLDj_kAKwaJjvUCwC4SO-Oz=w1600-h1000-k-no,,"{""Monday"": ""12-8:30PM"", ""Tuesday"": ""12-8:30PM"", ""Wednesday"": ""12-8:30PM"", ""Thursday"": ""12-8:30PM"", ""Friday"": ""12-8:30PM"", ""Saturday"": ""12-8:30PM"", ""Sunday"": ""12-8:30PM""}",Monday:12-8:30PM|Tuesday:12-8:30PM|Wednesday:12-8:30PM|Thursday:12-8:30PM|Friday:12-8:30PM|Saturday:12-8:30PM|Sunday:12-8:30PM,,,OPERATIONAL,"{""Service options"": {""Delivery"": true, ""Takeout"": true, ""Dine-in"": true}, ""Highlights"": {""Great tea selection"": true}, ""Accessibility"": {""Wheelchair accessible parking lot"": false}}",$,,https://lh5.googleusercontent.com/-l7QFgNpVZVs/AAAAAAAAAAI/AAAAAAAAAAA/n_SCuHKcP2E/s44-p-k-no-ns-nd/photo.jpg,,,True,106228018335110897469,The Teapsy,https://www.google.com/maps/contrib/106228018335110897469,,"https://www.google.com/viewer/chooseprovider?mid=/g/11c1pfvnry&g2lbs=AAEPWCt0OvdbJX455v1fHoU528KFdOKBH_hs2ShbFgjG5AnU15XesIOnrdtZ2nTHAL8hdVdAHTPA-B5zksn68y_RH-oOC4PxEw%3D%3D&hl=en-US&gl=us&fo_m=MfohQo559jFvMUOzJVpjPL1YMfZ3bInYwBDuMfaXTPp5KXh-&utm_source=tactile&gei=hWgJaMPFAojf1sQPwcnrIQ&ei=hWgJaMPFAojf1sQPwcnrIQ&fo_s=OA,SOE&opi=79508299&ebb=1&cs=0&foub=mcpp",,,"https://www.google.com/maps/place/The+Teapsy/@40.766051,-73.91898599999999,14z/data=!4m8!1m2!2m1!1sThe+Teapsy!3m4!1s0x89c25f47575c49c9:0x581ca0359fd65847!8m2!3d40.766051!4d-73.91898599999999","https://www.google.com/maps/place/The+Teapsy/@40.766051,-73.91898599999999,13.99z/data=!4m16!1m7!3m6!1s0x89c25f47575c49c9:0x581ca0359fd65847!2sThe+Teapsy!8m2!3d40.766051!4d-73.91898599999999!16s%2Fg%2F11ckvg1dmb!3m7!1s0x89c25f47575c49c9:0x581ca0359fd65847!8m2!3d40.766051!4d-73.91898599999999!9m1!1b1!16s%2Fg%2F11ckvg1dmb?entry=ttu",ChIJyUlcV0dfwokRR1jWnzWgHFg,0x89c25f47575c49c9:0x581ca0359fd65847,6349125726860892231,/g/11c1pfvnry,6349125726860892231,,theteapsynewyork@gmail.com,RECEIVING,Verified,,,,,,hi@mystore.com,INVALID,Undeliverable,,,,,,,,,,,,,,19293280090,,,https://www.facebook.com/1097760043603016,,,,,,,,,,,,,,,The Teapsy New York | Teapsy: Official Site for Online Ordering,Square Online,"Top Rated Bubble Tea by TimeOut NY in Astoria, Queens, NYC",,False,True
"bubble tea store, 10024, New York, NY, US",Fushimi Market,Fushimi Market,https://fushimimarket.com/,"Bubble tea store, Asian grocery store, Japanese grocery store, Chinese restaurant, Dim sum restaurant, Food court, Grocery store, Poke bar, Supermarket, Sushi restaurant",Japanese grocery store,Bubble tea store,+1 212-951-7212,"838 6th Ave, New York, NY 10001",Manhattan,838 6th Ave,New York,10001,New York,New York,United States of America,US,40.7467926,-73.9897585,892a100d2c7ffff,America/New_York,,False,4.2,226,"https://search.google.com/local/reviews?placeid=ChIJUaV1dwBZwokRROpWPmQ0nB0&q=bubble+tea+store,+10024,+New+York,+NY,+US&authuser=0&hl=en&gl=US",,,29.0,12.0,3.0,19.0,163.0,518,https://lh3.googleusercontent.com/p/AF1QipPy9DE4seWo4hLmweVAoeKFCLYp3Q_5bC10Rf6d=w800-h500-k-no,https://lh3.googleusercontent.com/p/AF1QipPy9DE4seWo4hLmweVAoeKFCLYp3Q_5bC10Rf6d=w1600-h1000-k-no,,"{""Monday"": ""8AM-11PM"", ""Tuesday"": ""8AM-11PM"", ""Wednesday"": ""8AM-11PM"", ""Thursday"": ""8AM-11PM"", ""Friday"": ""8AM-11PM"", ""Saturday"": ""8AM-11PM"", ""Sunday"": ""8AM-11PM""}",Monday:8AM-11PM|Tuesday:8AM-11PM|Wednesday:8AM-11PM|Thursday:8AM-11PM|Friday:8AM-11PM|Saturday:8AM-11PM|Sunday:8AM-11PM,,,OPERATIONAL,"{""Service options"": {""Delivery"": true, ""Onsite services"": true}, ""Accessibility"": {""Wheelchair accessible entrance"": true, ""Wheelchair accessible parking lot"": false}, ""Offerings"": {""Food"": true, ""Prepared foods"": true}, ""Planning"": {""Quick visit"": true}, ""Payments"": {""Credit cards"": true, ""SNAP/EBT"": true}}",,,https://lh5.googleusercontent.com/-FziAGkMHhZM/AAAAAAAAAAI/AAAAAAAAAAA/z-5d_nfKlmc/s44-p-k-no-ns-nd/photo.jpg,,,True,110376681636452872697,Fushimi Market,https://www.google.com/maps/contrib/110376681636452872697,,,,,"https://www.google.com/maps/place/Fushimi+Market/@40.7467926,-73.9897585,14z/data=!4m8!1m2!2m1!1sFushimi+Market!3m4!1s0x89c259007775a551:0x1d9c34643e56ea44!8m2!3d40.7467926!4d-73.9897585","https://www.google.com/maps/place/Fushimi+Market/@40.7467926,-73.9897585,13.99z/data=!4m16!1m7!3m6!1s0x89c259007775a551:0x1d9c34643e56ea44!2sFushimi+Market!8m2!3d40.7467926!4d-73.9897585!16s%2Fg%2F11ckvg1dmb!3m7!1s0x89c259007775a551:0x1d9c34643e56ea44!8m2!3d40.7467926!4d-73.9897585!9m1!1b1!16s%2Fg%2F11ckvg1dmb?entry=ttu",ChIJUaV1dwBZwokRROpWPmQ0nB0,0x89c259007775a551:0x1d9c34643e56ea44,2133637928614029892,/g/11ld8xw3qk,2133637928614029892,,fushimimarket@gmail.com,RECEIVING,SMTP validated,,,,,,,,,,,,,,,,,,,,,,12129517212,,,,,,,,,,,,,,,,,,"Fushimi Market - Manhattan, NYC",,"Fushimi Market - Manhattan, NYC",,False,False
"bubble tea store, 10024, New York, NY, US",Bobaloca Bubble Tea and Coffee House,Bobaloca Bubble Tea And Coffee House,https://facebook.com/bobalocaWNY,"Bubble tea store, Coffee shop, Dessert shop",Bubble tea store,Bubble tea store,+1 201-590-9026,"6103 Bergenline Ave, West New York, NJ 07093",None,6103 Bergenline Ave,West New York,07093,New Jersey,New Jersey,United States of America,US,40.7900682,-74.0156061,892a1008a6fffff,America/New_York,,False,4.6,289,"https://search.google.com/local/reviews?placeid=ChIJf5W-zQ9YwokRLaclwCEtbOo&q=bubble+tea+store,+10024,+New+York,+NY,+US&authuser=0&hl=en&gl=US",,,8.0,9.0,12.0,23.0,237.0,249,https://lh3.googleusercontent.com/p/AF1QipOZNVKlMmPAD65EBlxH4TqneA4iqo2Q6nhYAT7R=w800-h500-k-no,https://lh3.googleusercontent.com/p/AF1QipOZNVKlMmPAD65EBlxH4TqneA4iqo2Q6nhYAT7R=w1600-h1000-k-no,,"{""Monday"": ""2-8PM"", ""Tuesday"": ""2-8PM"", ""Wednesday"": ""2-8PM"", ""Thursday"": ""2-8PM"", ""Friday"": ""2-8PM"", ""Saturday"": ""12-8PM"", ""Sunday"": ""12-8PM""}",Monday:2-8PM|Tuesday:2-8PM|Wednesday:2-8PM|Thursday:2-8PM|Friday:2-8PM|Saturday:12-8PM|Sunday:12-8PM,,,OPERATIONAL,"{""Service options"": {""Onsite services"": true, ""Takeout"": true, ""Dine-in"": true, ""Delivery"": false}, ""Highlights"": {""Great tea selection"": true}, ""Accessibility"": {""Wheelchair accessible entrance"": true}}",$,,https://lh6.googleusercontent.com/-GkOjDpZ0lro/AAAAAAAAAAI/AAAAAAAAAAA/ahDujSAn9Aw/s44-p-k-no-ns-nd/photo.jpg,,,True,106402002241735235300,Bobaloca Bubble Tea and Coffee House,https://www.google.com/maps/contrib/106402002241735235300,,"https://www.google.com/viewer/chooseprovider?mid=/g/11c6vt89ps&g2lbs=AAEPWCtzXmFTP6VkhMN33WpOUO0u36mFc8kMY8qsKyMGal9Oh2KiR2btZO0E7bGo4zIFFf7vBvXWuAf6FblqnJ4CiAQXM7M7QQ%3D%3D&hl=en-US&gl=us&fo_m=MfohQo559jFvMUOzJVpjPL1YMfZ3bInYwBDuMfaXTPp5KXh-&utm_source=tactile&gei=hWgJaMPFAojf1sQPwcnrIQ&ei=hWgJaMPFAojf1sQPwcnrIQ&fo_s=OA,SOE&opi=79508299&ebb=1&cs=0&foub=mcpp",,,"https://www.google.com/maps/place/Bobaloca+Bubble+Tea+and+Coffee+House/@40.7900682,-74.0156061,14z/data=!4m8!1m2!2m1!1sBobaloca+Bubble+Tea+and+Coffee+House!3m4!1s0x89c2580fcdbe957f:0xea6c2d21c025a72d!8m2!3d40.7900682!4d-74.0156061","https://www.google.com/maps/place/Bobaloca+Bubble+Tea+and+Coffee+House/@40.7900682,-74.0156061,13.99z/data=!4m16!1m7!3m6!1s0x89c2580fcdbe957f:0xea6c2d21c025a72d!2sBobaloca+Bubble+Tea+and+Coffee+House!8m2!3d40.7900682!4d-74.0156061!16s%2Fg%2F11ckvg1dmb!3m7!1s0x89c2580fcdbe957f:0xea6c2d21c025a72d!8m2!3d40.7900682!4d-74.0156061!9m1!1b1!16s%2Fg%2F11ckvg1dmb?entry=ttu",ChIJf5W-zQ9YwokRLaclwCEtbOo,0x89c2580fcdbe957f:0xea6c2d21c025a72d,16891925925340751661,/g/11c6vt89ps,-1554818148368799955,,,,,,,,,,,,,,,,,,,,,,,,,,12015909026,,,https://www.facebook.com/bobalocaWNY,,,,,,,,,,,,,,,,,,,,
"bubble tea store, 10024, New York, NY, US",Surreal Creamery,Surreal Creamery,https://www.surrealcreamery.com/,"Bubble tea store, Ice cream shop, Cake shop, Cupcake shop, Dessert shop",Ice cream shop,Bubble tea store,+1 646-455-0030,"126 MacDougal St, New York, NY 10012",Manhattan,126 MacDougal St,New York,10012,New York,New York,United States of America,US,40.7300775,-74.00033479999999,892a1072cd7ffff,America/New_York,,False,4.2,209,"https://search.google.com/local/reviews?placeid=ChIJz7ALlkxZwokR850eieJ21l8&q=bubble+tea+store,+10024,+New+York,+NY,+US&authuser=0&hl=en&gl=US",,,15.0,11.0,18.0,29.0,136.0,295,https://lh3.googleusercontent.com/p/AF1QipPg2oyPxlBfkmPuructv5nFzfsyL6PCbPSlIj1r=w800-h500-k-no,https://lh3.googleusercontent.com/p/AF1QipPg2oyPxlBfkmPuructv5nFzfsyL6PCbPSlIj1r=w1600-h1000-k-no,,"{""Monday"": ""Closed"", ""Tuesday"": ""4-11PM"", ""Wednesday"": ""4-11PM"", ""Thursday"": ""4-11PM"", ""Friday"": ""1PM-12AM"", ""Saturday"": ""1PM-12AM"", ""Sunday"": ""1-11PM""}",Monday:Closed|Tuesday:4-11PM|Wednesday:4-11PM|Thursday:4-11PM|Friday:1PM-12AM|Saturday:1PM-12AM|Sunday:1-11PM,,,OPERATIONAL,"{""From the business"": {""Small business"": true}, ""Service options"": {""Delivery"": true, ""In-store pickup"": true, ""In-store shopping"": true, ""Onsite services"": true, ""Takeout"": true}, ""Popular for"": {""Solo dining"": true}, ""Accessibility"": {""Wheelchair accessible parking lot"": false}, ""Offerings"": {""Coffee"": true}, ""Atmosphere"": {""Casual"": true, ""Trendy"": true}, ""Crowd"": {""Family-friendly"": true}, ""Planning"": {""Quick visit"": true}, ""Payments"": {""Credit cards"": true, ""Debit cards"": true, ""NFC mobile payments"": true}, ""Children"": {""Good for kids"": true}}",$$,,https://lh5.googleusercontent.com/-1Et3PBnrUIc/AAAAAAAAAAI/AAAAAAAAAAA/pTjMAc7wv2o/s44-p-k-no-ns-nd/photo.jpg,"Petite ice cream parlor supplying generous shakes & bubble teas, some served in glass mason jars.",,True,106478105698637886242,Surreal Creamery,https://www.google.com/maps/contrib/106478105698637886242,,"https://www.google.com/viewer/chooseprovider?mid=/g/11mxwt4gk6&g2lbs=AAEPWCtB8Kk9hkuqaktfhnRsSbIEViL3Dfn6JvWNvgBLdhG6e9rv6SGD8PBoQ3NGCNknrmn92S1zJJKZLBVooZVU8enevOz8tQ%3D%3D&hl=en-US&gl=us&fo_m=MfohQo559jFvMUOzJVpjPL1YMfZ3bInYwBDuMfaXTPp5KXh-&utm_source=tactile&gei=hWgJaMPFAojf1sQPwcnrIQ&ei=hWgJaMPFAojf1sQPwcnrIQ&fo_s=OA,SOE&opi=79508299&ebb=1&cs=0&foub=mcpp",,,"https://www.google.com/maps/place/Surreal+Creamery/@40.7300775,-74.00033479999999,14z/data=!4m8!1m2!2m1!1sSurreal+Creamery!3m4!1s0x89c2594c960bb0cf:0x5fd676e2891e9df3!8m2!3d40.7300775!4d-74.00033479999999","https://www.google.com/maps/place/Surreal+Creamery/@40.7300775,-74.00033479999999,13.99z/data=!4m16!1m7!3m6!1s0x89c2594c960bb0cf:0x5fd676e2891e9df3!2sSurreal+Creamery!8m2!3d40.7300775!4d-74.00033479999999!16s%2Fg%2F11ckvg1dmb!3m7!1s0x89c2594c960bb0cf:0x5fd676e2891e9df3!8m2!3d40.7300775!4d-74.00033479999999!9m1!1b1!16s%2Fg%2F11ckvg1dmb?entry=ttu",ChIJz7ALlkxZwokR850eieJ21l8,0x89c2594c960bb0cf:0x5fd676e2891e9df3,6905837793954405875,/g/11mxwt4gk6,6905837793954405875,,surrealcreamery@gmail.com,RECEIVING,Verified,,,,,,,,,,,,,,,,,,,,,,6465903575,6463558577,6463898867,https://www.facebook.com/surrealcreamery/,,,,,,,,,,,,,,,Surreal Creamery,,,,False,False
"bubble tea store, 10024, New York, NY, US",Joe & The Juice,Joe And The Juice,https://www.joejuice.com/,"Cafe, Juice shop, Coffee shop, Fast food restaurant, Gluten-free restaurant, Health food restaurant, Takeout Restaurant, Sandwich shop, Vegan restaurant",Juice shop,Cafe,+1 646-741-8640,"247 Columbus Ave Street, New York, NY 10023",Manhattan,247 Columbus Ave Street,New York,10023,New York,New York,United States of America,US,40.776896799999996,-73.97893619999999,892a1008ba3ffff,America/New_York,,False,3.8,324,"https://search.google.com/local/reviews?placeid=ChIJ81E6oYtYwokRpcYzexTsP-U&q=bubble+tea+store,+10024,+New+York,+NY,+US&authuser=0&hl=en&gl=US",,,53.0,21.0,28.0,66.0,156.0,358,https://lh3.googleusercontent.com/p/AF1QipOAxSaNJVAT1-5wJy7snmzCjo1RcOQtVfdn0feQ=w800-h500-k-no,https://lh3.googleusercontent.com/p/AF1QipOAxSaNJVAT1-5wJy7snmzCjo1RcOQtVfdn0feQ=w1600-h1000-k-no,,"{""Monday"": ""7AM-8PM"", ""Tuesday"": ""7AM-8PM"", ""Wednesday"": ""7AM-8PM"", ""Thursday"": ""7AM-8PM"", ""Friday"": ""7AM-8PM"", ""Saturday"": ""7AM-8PM"", ""Sunday"": ""7AM-8PM""}",Monday:7AM-8PM|Tuesday:7AM-8PM|Wednesday:7AM-8PM|Thursday:7AM-8PM|Friday:7AM-8PM|Saturday:7AM-8PM|Sunday:7AM-8PM,,,OPERATIONAL,"{""Service options"": {""Delivery"": true, ""Onsite services"": true, ""Takeout"": true, ""Dine-in"": true}, ""Popular for"": {""Solo dining"": true}, ""Accessibility"": {""Wheelchair accessible entrance"": true, ""Wheelchair accessible restroom"": true, ""Wheelchair accessible parking lot"": false}, ""Dining options"": {""Dessert"": true, ""Seating"": true}, ""Amenities"": {""Restroom"": true, ""Wi-Fi"": true}, ""Atmosphere"": {""Casual"": true, ""Cozy"": true, ""Trendy"": true}, ""Payments"": {""Credit cards"": true, ""Debit cards"": true, ""NFC mobile payments"": true}}",$$,,https://lh5.googleusercontent.com/-ZkJ6Z7LzNyA/AAAAAAAAAAI/AAAAAAAAAAA/IC1Gc3UZeAk/s44-p-k-no-ns-nd/photo.jpg,,,True,102570562817006301554,JOE & THE JUICE,https://www.google.com/maps/contrib/102570562817006301554,,"https://www.google.com/viewer/chooseprovider?mid=/g/11dxcvdh8z&g2lbs=AAEPWCuHSSjV6UXC3xhOTWOxMYr13DSqTfMY-6IzHXZ-eQuMn8VeNWPq30iH0S3D1X9wl63Fv4FNoHv_6sJdqNjOsLvH0YQ1ZA%3D%3D&hl=en-US&gl=us&fo_m=MfohQo559jFvMUOzJVpjPL1YMfZ3bInYwBDuMfaXTPp5KXh-&utm_source=tactile&gei=hWgJaMPFAojf1sQPwcnrIQ&ei=hWgJaMPFAojf1sQPwcnrIQ&fo_s=OA,SOE&opi=79508299&ebb=1&cs=0&foub=mcpp",,,"https://www.google.com/maps/place/JOE+%26+THE+JUICE/@40.776896799999996,-73.97893619999999,14z/data=!4m8!1m2!2m1!1sJOE+%26+THE+JUICE!3m4!1s0x89c2588ba13a51f3:0xe53fec147b33c6a5!8m2!3d40.776896799999996!4d-73.97893619999999","https://www.google.com/maps/place/JOE+%26+THE+JUICE/@40.776896799999996,-73.97893619999999,13.99z/data=!4m16!1m7!3m6!1s0x89c2588ba13a51f3:0xe53fec147b33c6a5!2sJOE+%26+THE+JUICE!8m2!3d40.776896799999996!4d-73.97893619999999!16s%2Fg%2F11ckvg1dmb!3m7!1s0x89c2588ba13a51f3:0xe53fec147b33c6a5!8m2!3d40.776896799999996!4d-73.97893619999999!9m1!1b1!16s%2Fg%2F11ckvg1dmb?entry=ttu",ChIJ81E6oYtYwokRpcYzexTsP-U,0x89c2588ba13a51f3:0xe53fec147b33c6a5,16519181530928760485,/g/11dxcvdh8z,-1927562542780791131,,kf@joejuice.com,UNKNOWN,Cannot validate,Kristian Ford,Kristian,Ford,Juicer,,gundersen@joejuice.com,INVALID,Invalid DNS,Jakob Gundersen,Jakob,Gundersen,Human Resources-Ansvarlig,,dressler@joejuice.com,RECEIVING,SMTP validated,Daniel Dressler,Daniel,Dressler,Head Of Us Legal,61415196936,14169778278,4589879708,102087419666,https://www.facebook.com/joeandthejuice/,https://www.instagram.com/joeandthejuice,https://www.linkedin.com/company/joe-%26-the-juice-uk,,,,,,,,https://twitter.com/joeandthejuice,,,,,Joe Loyalty App,,"The new JOE App is a loyalty programme that gives you benefits & gifts as you gain points through product purchases, JOE cards and achievements. Download the JOE App today!","Joe & The Juice, juice bar, healthy drinks, sandwiches, fresh food",False,True
"bubble tea store, 10024, New York, NY, US",Tidal Tea,Tidal Tea,https://www.tidalteanyc.com/,"Bubble tea store, Tea house",Tea house,Bubble tea store,+1 646-726-4868,"1520 Amsterdam Ave, New York, NY 10031",Manhattan,1520 Amsterdam Ave,New York,10031,New York,New York,United States of America,US,40.8192294,-73.95239939999999,892a1008c8fffff,America/New_York,,False,4.5,206,"https://search.google.com/local/reviews?placeid=ChIJFY_mv833wokRo8iiMC1Q58M&q=bubble+tea+store,+10024,+New+York,+NY,+US&authuser=0&hl=en&gl=US",,,10.0,7.0,17.0,18.0,154.0,106,https://lh3.googleusercontent.com/p/AF1QipOXCuuTPI6el-EQwdWOpy8Il0iFCwi7MxpLeQYB=w800-h500-k-no,https://lh3.googleusercontent.com/p/AF1QipOXCuuTPI6el-EQwdWOpy8Il0iFCwi7MxpLeQYB=w1600-h1000-k-no,,,,,,CLOSED_TEMPORARILY,"{""From the business"": {""Identifies as veteran-owned"": true}, ""Service options"": {""Delivery"": true, ""Onsite services"": true, ""Takeout"": true, ""Dine-in"": true}, ""Highlights"": {""Great tea selection"": true}, ""Accessibility"": {""Wheelchair accessible entrance"": true}, ""Other"": {""Identifies as veteran-owned"": true}}",$,,https://lh5.googleusercontent.com/-eBkv-cWkWD8/AAAAAAAAAAI/AAAAAAAAAAA/1whpdBp07Ug/s44-p-k-no-ns-nd/photo.jpg,,,True,108082665583313476904,Tidal Tea,https://www.google.com/maps/contrib/108082665583313476904,,,,,"https://www.google.com/maps/place/Tidal+Tea/@40.8192294,-73.95239939999999,14z/data=!4m8!1m2!2m1!1sTidal+Tea!3m4!1s0x89c2f7cdbfe68f15:0xc3e7502d30a2c8a3!8m2!3d40.8192294!4d-73.95239939999999","https://www.google.com/maps/place/Tidal+Tea/@40.8192294,-73.95239939999999,13.99z/data=!4m16!1m7!3m6!1s0x89c2f7cdbfe68f15:0xc3e7502d30a2c8a3!2sTidal+Tea!8m2!3d40.8192294!4d-73.95239939999999!16s%2Fg%2F11ckvg1dmb!3m7!1s0x89c2f7cdbfe68f15:0xc3e7502d30a2c8a3!8m2!3d40.8192294!4d-73.95239939999999!9m1!1b1!16s%2Fg%2F11ckvg1dmb?entry=ttu",ChIJFY_mv833wokRo8iiMC1Q58M,0x89c2f7cdbfe68f15:0xc3e7502d30a2c8a3,14116339712035834019,/g/11fmp9rmjq,-4330404361673717597,,tidaltea.jobs@gmail.com,RECEIVING,SMTP validated,,,,,,,,,,,,,,,,,,,,,,16467264868,,,https://www.facebook.com/tidalteanyc/,https://www.instagram.com/tidaltea_nyc,,,,,,,,,,,,,,Tidal Tea,,,,False,False
"boba tea, 10060, New York, NY, US",HEYTEA (Herald Square),Heytea Herald Square,https://heytea.com/,Tea house,Tea house,Tea house,+1 646-360-3767,"1293 Broadway, New York, NY 10001",Manhattan,1293 Broadway,New York,10001,New York,New York,United States of America,US,40.7495903,-73.98845639999999,892a100d2c3ffff,America/New_York,,False,4.8,700,"https://search.google.com/local/reviews?placeid=ChIJpwijuxtZwokROzgDDMymA4Y&q=boba+tea,+10060,+New+York,+NY,+US&authuser=0&hl=en&gl=US",,,28.0,7.0,10.0,18.0,637.0,721,https://lh3.googleusercontent.com/p/AF1QipM8_G_RUIJHEwwpVbyt7Awl6LSHjKZG5TbLvCg4=w800-h500-k-no,https://lh3.googleusercontent.com/p/AF1QipM8_G_RUIJHEwwpVbyt7Awl6LSHjKZG5TbLvCg4=w1600-h1000-k-no,,"{""Monday"": ""11AM-10PM"", ""Tuesday"": ""11AM-10PM"", ""Wednesday"": ""11AM-10PM"", ""Thursday"": ""11AM-10PM"", ""Friday"": ""11AM-10PM"", ""Saturday"": ""11AM-10PM"", ""Sunday"": ""11AM-10PM""}",Monday:11AM-10PM|Tuesday:11AM-10PM|Wednesday:11AM-10PM|Thursday:11AM-10PM|Friday:11AM-10PM|Saturday:11AM-10PM|Sunday:11AM-10PM,,,OPERATIONAL,"{""Service options"": {""Onsite services"": true, ""Takeout"": true, ""Dine-in"": true}, ""Highlights"": {""Great tea selection"": true}, ""Accessibility"": {""Wheelchair accessible entrance"": true, ""Wheelchair accessible parking lot"": false}}",$,,https://lh5.googleusercontent.com/-T6ZKY-8u2xU/AAAAAAAAAAI/AAAAAAAAAAA/5m80iY29inI/s44-p-k-no-ns-nd/photo.jpg,,,True,116823011750724186507,HEYTEA,https://www.google.com/maps/contrib/116823011750724186507,,"https://www.google.com/viewer/chooseprovider?mid=/g/11lnnmf_2j&g2lbs=AAEPWCsYVJtTU4f_dltYhjJGNGjHUhrwvBgJK5iInXfUADvSov7_yOHJ_p9oy5XjFmPh0wRUaYKc_0-_5-uqUYD1lI8WYprt-A%3D%3D&hl=en-US&gl=us&fo_m=MfohQo559jFvMUOzJVpjPL1YMfZ3bInYwBDuMfaXTPp5KXh-&utm_source=tactile&gei=i2gJaOKFIfWpkdUPnd_l8AM&ei=i2gJaOKFIfWpkdUPnd_l8AM&fo_s=OA,SOE&opi=79508299&ebb=1&cs=0&foub=mcpp",,,"https://www.google.com/maps/place/HEYTEA+%28Herald+Square%29/@40.7495903,-73.98845639999999,14z/data=!4m8!1m2!2m1!1sHEYTEA+%28Herald+Square%29!3m4!1s0x89c2591bbba308a7:0x8603a6cc0c03383b!8m2!3d40.7495903!4d-73.98845639999999","https://www.google.com/maps/place/HEYTEA+%28Herald+Square%29/@40.7495903,-73.98845639999999,13.99z/data=!4m16!1m7!3m6!1s0x89c2591bbba308a7:0x8603a6cc0c03383b!2sHEYTEA+%28Herald+Square%29!8m2!3d40.7495903!4d-73.98845639999999!16s%2Fg%2F11ckvg1dmb!3m7!1s0x89c2591bbba308a7:0x8603a6cc0c03383b!8m2!3d40.7495903!4d-73.98845639999999!9m1!1b1!16s%2Fg%2F11ckvg1dmb?entry=ttu",ChIJpwijuxtZwokROzgDDMymA4Y,0x89c2591bbba308a7:0x8603a6cc0c03383b,9656745421317552187,/g/11lnnmf_2j,-8789998652391999429,,pr@heytea.com,RECEIVING,SMTP validated,,,,,,,,,,,,,,,,,,,,,,,84826139488,,https://www.facebook.com/109361585307020,,https://www.linkedin.com/company/深圳美西西餐饮管理有限公司,,,,,,,,http://twitter.com/heyteaofficial,,,,,喜茶HEYTEA--唯一官网,,,"喜茶HEYTEA,灵感之茶，一杯茶激发一份灵感！",,
"boba tea, 10060, New York, NY, US",Yi Fang Taiwan Fruit Tea,Yi Fang Taiwan Fruit Tea,https://yifangteausa.com/,"Bubble tea store, Tea house",Bubble tea store,Bubble tea store,+1 347-738-4143,"44-68 21st St, Long Island City, NY 11101",Long Island City,44-68 21st St,Long Island City,11101,New York,New York,United States of America,US,40.7478366,-73.9476873,892a100d083ffff,America/New_York,,False,4.0,152,"https://search.google.com/local/reviews?placeid=ChIJBRIgI2hZwokR0V8-H6fCikk&q=boba+tea,+10060,+New+York,+NY,+US&authuser=0&hl=en&gl=US",,,22.0,7.0,11.0,21.0,91.0,380,https://lh3.googleusercontent.com/p/AF1QipPRoLRpzVZfFEf97f7WQU5OJYTM9YFhYBwo7pjn=w800-h500-k-no,https://lh3.googleusercontent.com/p/AF1QipPRoLRpzVZfFEf97f7WQU5OJYTM9YFhYBwo7pjn=w1600-h1000-k-no,,"{""Monday"": ""12-9PM"", ""Tuesday"": ""12-9PM"", ""Wednesday"": ""12-9PM"", ""Thursday"": ""12-9PM"", ""Friday"": ""12-9PM"", ""Saturday"": ""12-9PM"", ""Sunday"": ""12-9PM""}",Monday:12-9PM|Tuesday:12-9PM|Wednesday:12-9PM|Thursday:12-9PM|Friday:12-9PM|Saturday:12-9PM|Sunday:12-9PM,,,OPERATIONAL,"{""Service options"": {""No-contact delivery"": true, ""Delivery"": true, ""Onsite services"": true, ""Takeout"": true, ""Dine-in"": true}, ""Highlights"": {""Great tea selection"": true}, ""Accessibility"": {""Wheelchair accessible entrance"": true, ""Wheelchair accessible parking lot"": false}, ""Parking"": {""Paid street parking"": true}}",$,,https://lh3.googleusercontent.com/-Y2pzJ7CpJhk/AAAAAAAAAAI/AAAAAAAAAAA/PASQSgHd-z4/s44-p-k-no-ns-nd/photo.jpg,"NYC outpost of a bubble tea chain serving traditional & fruit teas, tea lattes & warm bubble tea.",,True,109588185096895476869,Yi Fang Taiwan Fruit Tea,https://www.google.com/maps/contrib/109588185096895476869,https://www.ubereats.com/store/yi-fang-taiwan-fruit-tea-%E4%B8%80%E8%8A%B3%E5%8F%B0%E7%81%A3%E6%B0%B4%E6%9E%9C%E8%8C%B6/L_qC8or6SXyEqq9szuvXNQ?diningMode=DELIVERY,"https://www.google.com/viewer/chooseprovider?mid=/g/11h6rxv0hk&g2lbs=AAEPWCun6q5R27UERwR42dfMurcKArFHkft-JUUHiJqkFBN0WMwzPIA3WDHVEvRdJQc_XAYi3V-lOhCMVz4cK1eEX7Ro9aORMw%3D%3D&hl=en-US&gl=us&fo_m=MfohQo559jFvMUOzJVpjPL1YMfZ3bInYwBDuMfaXTPp5KXh-&utm_source=tactile&gei=jGgJaNWyH4eG9u8PkIHFqQU&ei=jGgJaNWyH4eG9u8PkIHFqQU&fo_s=OA,SOE&opi=79508299&ebb=1&cs=0&foub=mcpp",,https://www.ubereats.com/store/yi-fang-taiwan-fruit-tea-%E4%B8%80%E8%8A%B3%E5%8F%B0%E7%81%A3%E6%B0%B4%E6%9E%9C%E8%8C%B6/L_qC8or6SXyEqq9szuvXNQ?diningMode=DELIVERY,"https://www.google.com/maps/place/Yi+Fang+Taiwan+Fruit+Tea/@40.7478366,-73.9476873,14z/data=!4m8!1m2!2m1!1sYi+Fang+Taiwan+Fruit+Tea!3m4!1s0x89c2596823201205:0x498ac2a71f3e5fd1!8m2!3d40.7478366!4d-73.9476873","https://www.google.com/maps/place/Yi+Fang+Taiwan+Fruit+Tea/@40.7478366,-73.9476873,13.99z/data=!4m16!1m7!3m6!1s0x89c2596823201205:0x498ac2a71f3e5fd1!2sYi+Fang+Taiwan+Fruit+Tea!8m2!3d40.7478366!4d-73.9476873!16s%2Fg%2F11ckvg1dmb!3m7!1s0x89c2596823201205:0x498ac2a71f3e5fd1!8m2!3d40.7478366!4d-73.9476873!9m1!1b1!16s%2Fg%2F11ckvg1dmb?entry=ttu",ChIJBRIgI2hZwokR0V8-H6fCikk,0x89c2596823201205:0x498ac2a71f3e5fd1,5299261934594318289,/g/11h6rxv0hk,5299261934594318289,,info@yifangteausa.com,RECEIVING,SMTP validated,,,,,,team@latofonts.com,RECEIVING,Catch All,,,,,,yifangnorcal@gmail.com,RECEIVING,SMTP validated,,,,,,+1 510-616-1671,15106161671,14158729618,https://www.facebook.com/yifangUSA/,http://instagram.com/yifang.cal,https://www.linkedin.com/company/yifangusa,,,,,,,,,,,,,Yifang Taiwan Fruit Tea Northern California,Starfield Technologies; Go Daddy Website Builder 8.0.0000,,,,
"boba tea, 10060, New York, NY, US",Mon Tea,Mon Tea,http://montea.us/,"Bubble tea store, Tea house",Tea house,Bubble tea store,+1 845-239-4072,"102 North St Ste C, Middletown, NY 10940",None,102 North St Ste C,Middletown,10940,New York,New York,United States of America,US,41.4483351,-74.4190825,892a1631aafffff,America/New_York,,False,4.6,105,"https://search.google.com/local/reviews?placeid=ChIJ4VdpQJAzw4kR1Z9RujniqC8&q=boba+tea,+10060,+New+York,+NY,+US&authuser=0&hl=en&gl=US",,,6.0,2.0,2.0,7.0,88.0,96,https://lh3.googleusercontent.com/gps-proxy/ALd4DhFIzYB2AowOOPRD38jCwp-sfxIu8V-ts-jynOx7DMplHndlawlrgzpogtjRPR8nWBD1NxbAoNy9xnq4QxCS-v-UYGQm8zMLkEte3bh8Xu6_e9Yy5I09FSHqyxjDzfUigZT63O_LHNiPItl46rsce64cgxHswaoQGW350EDg6txxcGT9R0Q1BnIR=w800-h500-k-no,https://lh3.googleusercontent.com/gps-proxy/ALd4DhFIzYB2AowOOPRD38jCwp-sfxIu8V-ts-jynOx7DMplHndlawlrgzpogtjRPR8nWBD1NxbAoNy9xnq4QxCS-v-UYGQm8zMLkEte3bh8Xu6_e9Yy5I09FSHqyxjDzfUigZT63O_LHNiPItl46rsce64cgxHswaoQGW350EDg6txxcGT9R0Q1BnIR=w1600-h1000-k-no,,"{""Monday"": ""11AM-8PM"", ""Tuesday"": ""11AM-8PM"", ""Wednesday"": ""11AM-8PM"", ""Thursday"": ""11AM-8PM"", ""Friday"": ""11AM-8PM"", ""Saturday"": ""10:30AM-8:30PM"", ""Sunday"": ""10:30AM-8:30PM""}",Monday:11AM-8PM|Tuesday:11AM-8PM|Wednesday:11AM-8PM|Thursday:11AM-8PM|Friday:11AM-8PM|Saturday:10:30AM-8:30PM|Sunday:10:30AM-8:30PM,,,OPERATIONAL,"{""Service options"": {""Delivery"": true, ""Onsite services"": true, ""Takeout"": true, ""Dine-in"": true}, ""Highlights"": {""Great tea selection"": true}, ""Accessibility"": {""Wheelchair accessible entrance"": true, ""Wheelchair accessible parking lot"": true}}",$,,https://lh4.googleusercontent.com/-piy4l90hhpE/AAAAAAAAAAI/AAAAAAAAAAA/T9cqGGHyyWU/s44-p-k-no-ns-nd/photo.jpg,,,True,101336991612053564894,Mon Tea,https://www.google.com/maps/contrib/101336991612053564894,,"https://www.google.com/viewer/chooseprovider?mid=/g/11kqvx0k2t&g2lbs=AAEPWCsqf0of-LcgmnskNEhxarmUYXoP2TwKEgBbnT3VOMLh7zTEBlmpU84FpQq5O-aKEVa3ETa1hiNyF8M5-LQWlWOO16v4Fg%3D%3D&hl=en-US&gl=us&fo_m=MfohQo559jFvMUOzJVpjPL1YMfZ3bInYwBDuMfaXTPp5KXh-&utm_source=tactile&gei=kGgJaJG-C9mMhbIP4vvrsQE&ei=kGgJaJG-C9mMhbIP4vvrsQE&fo_s=OA,SOE&opi=79508299&ebb=1&cs=0&foub=mcpp",,,"https://www.google.com/maps/place/Mon+Tea/@41.4483351,-74.4190825,14z/data=!4m8!1m2!2m1!1sMon+Tea!3m4!1s0x89c33390406957e1:0x2fa8e239ba519fd5!8m2!3d41.4483351!4d-74.4190825","https://www.google.com/maps/place/Mon+Tea/@41.4483351,-74.4190825,13.99z/data=!4m16!1m7!3m6!1s0x89c33390406957e1:0x2fa8e239ba519fd5!2sMon+Tea!8m2!3d41.4483351!4d-74.4190825!16s%2Fg%2F11ckvg1dmb!3m7!1s0x89c33390406957e1:0x2fa8e239ba519fd5!8m2!3d41.4483351!4d-74.4190825!9m1!1b1!16s%2Fg%2F11ckvg1dmb?entry=ttu",ChIJ4VdpQJAzw4kR1Z9RujniqC8,0x89c33390406957e1:0x2fa8e239ba519fd5,3434243453436927957,/g/11kqvx0k2t,3434243453436927957,,,,,,,,,,,,,,,,,,,,,,,,,,,,,,,,,,,,,,,,,,,,"Mon Tea | bubble tea | 102 North St suite c, Middletown, NY 10940, USA",Wix.com Website Builder,"Experience the best bubble tea in Middletown, NY, at Mon Tea! Satisfy your cravings with our delicious and customizable bubble tea options.",,False,False
"bubble tea store, 10276, New York, NY, US",T Shop,T Shop,http://tshopny.com/,Tea store,Tea store,Tea store,,"247 Elizabeth St, New York, NY 10012",Manhattan,247 Elizabeth St,New York,10012,New York,New York,United States of America,US,40.723474499999995,-73.9940988,892a1072cbbffff,America/New_York,,False,4.6,107,"https://search.google.com/local/reviews?placeid=ChIJzTqejYVZwokRLXD1PbE620w&q=bubble+tea+store,+10276,+New+York,+NY,+US&authuser=0&hl=en&gl=US",,,5.0,1.0,3.0,12.0,86.0,72,https://lh3.googleusercontent.com/gps-cs-s/AB5caB-Fvxhwb7BrqUnlWtWuEgUdcUVH2vOo3xrlu6QNUWuVjzwEBjY6OocanrqEXM4aguQmB00AU5m4eaKOvumFhA8kOzjIiZFqcsepPOTFXilKW3L3W5meUAcwbILeUdD2-tRzPRZx=w800-h500-k-no,https://lh3.googleusercontent.com/gps-cs-s/AB5caB-Fvxhwb7BrqUnlWtWuEgUdcUVH2vOo3xrlu6QNUWuVjzwEBjY6OocanrqEXM4aguQmB00AU5m4eaKOvumFhA8kOzjIiZFqcsepPOTFXilKW3L3W5meUAcwbILeUdD2-tRzPRZx=w1600-h1000-k-no,,"{""Monday"": ""1-7PM"", ""Tuesday"": ""Closed"", ""Wednesday"": ""Closed"", ""Thursday"": ""1-7PM"", ""Friday"": ""1-7PM"", ""Saturday"": ""1-7PM"", ""Sunday"": ""1-7PM""}",Monday:1-7PM|Tuesday:Closed|Wednesday:Closed|Thursday:1-7PM|Friday:1-7PM|Saturday:1-7PM|Sunday:1-7PM,,,OPERATIONAL,"{""Service options"": {""Onsite services"": true, ""Delivery"": false, ""Same-day delivery"": false}, ""Accessibility"": {""Wheelchair accessible parking lot"": false}, ""Planning"": {""Quick visit"": true}, ""Payments"": {""Credit cards"": true, ""Debit cards"": true, ""NFC mobile payments"": true}}",,,https://lh5.googleusercontent.com/-3u-ig26citc/AAAAAAAAAAI/AAAAAAAAAAA/V0TvGGb8qNM/s44-p-k-no-ns-nd/photo.jpg,"Relaxed tea house offering cups, pots & tastings of specialty teas, plus classes such as chair yoga.",,True,112641765097258146306,T Shop,https://www.google.com/maps/contrib/112641765097258146306,,,,,"https://www.google.com/maps/place/T+Shop/@40.723474499999995,-73.9940988,14z/data=!4m8!1m2!2m1!1sT+Shop!3m4!1s0x89c259858d9e3acd:0x4cdb3ab13df5702d!8m2!3d40.723474499999995!4d-73.9940988","https://www.google.com/maps/place/T+Shop/@40.723474499999995,-73.9940988,13.99z/data=!4m16!1m7!3m6!1s0x89c259858d9e3acd:0x4cdb3ab13df5702d!2sT+Shop!8m2!3d40.723474499999995!4d-73.9940988!16s%2Fg%2F11ckvg1dmb!3m7!1s0x89c259858d9e3acd:0x4cdb3ab13df5702d!8m2!3d40.723474499999995!4d-73.9940988!9m1!1b1!16s%2Fg%2F11ckvg1dmb?entry=ttu",ChIJzTqejYVZwokRLXD1PbE620w,0x89c259858d9e3acd:0x4cdb3ab13df5702d,5538084699705274413,/g/11btlw6pr7,5538084699705274413,,tshopny@gmail.com,RECEIVING,SMTP validated,,,,,,,,,,,,,,,,,,,,,,,,,https://www.facebook.com/tshopny,https://www.instagram.com/tshopny,,,,,,,,,,,,,,T SHOP,,"The best tea house in New York for fine loose leaf tea and teaware. Buy tea 
online and visit our NYC tasting room for events.",,False,True
"bubble tea store, 10276, New York, NY, US",Juicy Cube,Juicy Cube,http://www.juicy-cube.com/,"Bubble tea store, Açaí shop, Juice shop",Juice shop,Bubble tea store,+1 212-888-2188,"674 Lexington Ave, New York, NY 10022",Manhattan,674 Lexington Ave,New York,10022,New York,New York,United States of America,US,40.760182,-73.969887,892a100d617ffff,America/New_York,,False,4.6,362,"https://search.google.com/local/reviews?placeid=ChIJB1x25-RYwokR_Pn4qyxWvlo&q=bubble+tea+store,+10276,+New+York,+NY,+US&authuser=0&hl=en&gl=US",,,11.0,8.0,11.0,38.0,294.0,152,https://lh3.googleusercontent.com/p/AF1QipNkxElrEBzgqmPYbeqaUjt6mCdDYkaPwIFUBjCM=w800-h500-k-no,https://lh3.googleusercontent.com/p/AF1QipNkxElrEBzgqmPYbeqaUjt6mCdDYkaPwIFUBjCM=w1600-h1000-k-no,,"{""Monday"": ""7AM-7PM"", ""Tuesday"": ""7AM-7PM"", ""Wednesday"": ""7AM-7PM"", ""Thursday"": ""7AM-7PM"", ""Friday"": ""7AM-5PM"", ""Saturday"": ""9:30AM-5PM"", ""Sunday"": ""9:30AM-5PM""}",Monday:7AM-7PM|Tuesday:7AM-7PM|Wednesday:7AM-7PM|Thursday:7AM-7PM|Friday:7AM-5PM|Saturday:9:30AM-5PM|Sunday:9:30AM-5PM,,,OPERATIONAL,"{""Service options"": {""Delivery"": true, ""Onsite services"": true, ""Takeout"": true, ""Dine-in"": true}, ""Popular for"": {""Solo dining"": true}, ""Accessibility"": {""Wheelchair accessible entrance"": true}, ""Dining options"": {""Dessert"": true, ""Seating"": true}, ""Amenities"": {""Restroom"": false}, ""Atmosphere"": {""Casual"": true, ""Trendy"": true}, ""Payments"": {""Credit cards"": true, ""Debit cards"": true, ""NFC mobile payments"": true}, ""Children"": {""Good for kids"": true, ""Kids' menu"": true}}",$,,https://lh3.googleusercontent.com/-_iCS06F926w/AAAAAAAAAAI/AAAAAAAAAAA/EdhJFPH3yew/s44-p-k-no-ns-nd/photo.jpg,"Fruit & vegetable juices, bubble teas & smoothies pair with vegan snacks in this small, upbeat spot.",,True,100420009419298601138,Juicy Cube,https://www.google.com/maps/contrib/100420009419298601138,,"https://www.google.com/viewer/chooseprovider?mid=/g/1261m53w0&g2lbs=AAEPWCv1EB_24GZsy4IXUFjstjxFzIpzP92oewuQKa2-aal4S1usKy-uSzQP6xoKMPmdCtrOQxXzCoF8DnthImumidxzF3x8yg%3D%3D&hl=en-US&gl=us&fo_m=MfohQo559jFvMUOzJVpjPL1YMfZ3bInYwBDuMfaXTPp5KXh-&utm_source=tactile&gei=lGgJaJ-AMKmakdUP-pL2yQE&ei=lGgJaJ-AMKmakdUP-pL2yQE&fo_s=OA,SOE&opi=79508299&ebb=1&cs=0&foub=mcpp",,,"https://www.google.com/maps/place/Juicy+Cube/@40.760182,-73.969887,14z/data=!4m8!1m2!2m1!1sJuicy+Cube!3m4!1s0x89c258e4e7765c07:0x5abe562cabf8f9fc!8m2!3d40.760182!4d-73.969887","https://www.google.com/maps/place/Juicy+Cube/@40.760182,-73.969887,13.99z/data=!4m16!1m7!3m6!1s0x89c258e4e7765c07:0x5abe562cabf8f9fc!2sJuicy+Cube!8m2!3d40.760182!4d-73.969887!16s%2Fg%2F11ckvg1dmb!3m7!1s0x89c258e4e7765c07:0x5abe562cabf8f9fc!8m2!3d40.760182!4d-73.969887!9m1!1b1!16s%2Fg%2F11ckvg1dmb?entry=ttu",ChIJB1x25-RYwokR_Pn4qyxWvlo,0x89c258e4e7765c07:0x5abe562cabf8f9fc,6538758458852309500,/g/1261m53w0,6538758458852309500,,juicycubeinc@gmail.com,RECEIVING,Verified,,,,,,,,,,,,,,,,,,,,,,,,,,,,,,,,,,,,,,,,Smoothies | Acai Bowl | Bubble Tea | Fresh | JuicyCube,Wix.com Website Builder,"JuicyCube, a premium juice bar serves freshly made vegetable juices, superfood smoothie, acai bowls, bubble teas & more.","acai bowl, bubble teas, juice bar, smoothies",False,False
"bubble tea store, 10276, New York, NY, US",Cha-An,Cha An,https://www.chaanteahouse.com/,"Tea house, Cafe, Japanese restaurant",Tea house,Tea house,+1 212-228-8030,"230 E 9th St 2nd FL, New York, NY 10003",Manhattan,230 E 9th St 2nd FL,New York,10003,New York,New York,United States of America,US,40.7294074,-73.9881681,892a1072c97ffff,America/New_York,,False,4.3,1219,"https://search.google.com/local/reviews?placeid=ChIJK_ojbpxZwokR6hv_SRNgG9Q&q=bubble+tea+store,+10276,+New+York,+NY,+US&authuser=0&hl=en&gl=US",,,60.0,57.0,109.0,279.0,714.0,2247,https://lh3.googleusercontent.com/p/AF1QipMf2_3kB_-9zgG1Kwi6V3Mf_NOsp8MktgNHdgTE=w800-h500-k-no,https://lh3.googleusercontent.com/p/AF1QipMf2_3kB_-9zgG1Kwi6V3Mf_NOsp8MktgNHdgTE=w1600-h1000-k-no,,"{""Monday"": ""3-8PM"", ""Tuesday"": ""Closed"", ""Wednesday"": ""Closed"", ""Thursday"": ""2-8PM"", ""Friday"": ""2-9PM"", ""Saturday"": ""1-9PM"", ""Sunday"": ""1-7PM""}",Monday:3-8PM|Tuesday:Closed|Wednesday:Closed|Thursday:2-8PM|Friday:2-9PM|Saturday:1-9PM|Sunday:1-7PM,,,OPERATIONAL,"{""From the business"": {""Identifies as women-owned"": true}, ""Service options"": {""Takeout"": true, ""Dine-in"": true}, ""Highlights"": {""Great tea selection"": true}, ""Accessibility"": {""Wheelchair accessible entrance"": false, ""Wheelchair accessible parking lot"": false}, ""Other"": {""Identifies as women-owned"": true}}",$$,,https://lh3.googleusercontent.com/-DfbW9k29-GU/AAAAAAAAAAI/AAAAAAAAAAA/KJBcL9DDpZg/s44-p-k-no-ns-nd/photo.jpg,"Extensive tea list, unique sweets, and snacks are served a la carte or in formal tea ceremonies.",,True,104799378671377009516,Cha-An,https://www.google.com/maps/contrib/104799378671377009516,,"https://www.google.com/viewer/chooseprovider?mid=/g/1wd3wzdg&g2lbs=AAEPWCubxOtN4eNx17yS6deku4fiMf0-lBU0V9RLzSzdLzoyeVuN8NwM71gHNOVBMf6rwtheNxlbVmYYZ4463cmdaGn8kKcFww%3D%3D&hl=en-US&gl=us&fo_m=MfohQo559jFvMUOzJVpjPL1YMfZ3bInYwBDuMfaXTPp5KXh-&utm_source=tactile&gei=lmgJaK_PENvwi-gP4ZGZuQk&ei=lmgJaK_PENvwi-gP4ZGZuQk&fo_s=OA,SOE&opi=79508299&ebb=1&cs=0&foub=mcpp",,,"https://www.google.com/maps/place/Cha-An/@40.7294074,-73.9881681,14z/data=!4m8!1m2!2m1!1sCha-An!3m4!1s0x89c2599c6e23fa2b:0xd41b601349ff1bea!8m2!3d40.7294074!4d-73.9881681","https://www.google.com/maps/place/Cha-An/@40.7294074,-73.9881681,13.99z/data=!4m16!1m7!3m6!1s0x89c2599c6e23fa2b:0xd41b601349ff1bea!2sCha-An!8m2!3d40.7294074!4d-73.9881681!16s%2Fg%2F11ckvg1dmb!3m7!1s0x89c2599c6e23fa2b:0xd41b601349ff1bea!8m2!3d40.7294074!4d-73.9881681!9m1!1b1!16s%2Fg%2F11ckvg1dmb?entry=ttu",ChIJK_ojbpxZwokR6hv_SRNgG9Q,0x89c2599c6e23fa2b:0xd41b601349ff1bea,15283915396374010858,/g/1wd3wzdg,-3162828677335540758,,info@chaanteahouse.com,RECEIVING,SMTP validated,Bon Y.,Bon,Y.,,12122288030,classes@chaanteahouse.com,RECEIVING,SMTP validated,,,,,,events@chaanteahouse.com,RECEIVING,SMTP validated,,,,,,2122283030,16466699785,12122288030,https://www.facebook.com/chaanteahouse/,http://instagram.com/chaanteahouse,,,,,,,,,,,,,,Cha-An BONBON — Cha-an Teahouse,,,,False,False
"bubble tea store, 10276, New York, NY, US",Chihiro Tea Downtown Brooklyn,Chihiro Tea Downtown Brooklyn,https://chihirotea.com/,Bubble tea store,Bubble tea store,Bubble tea store,,"94 Willoughby St, Brooklyn, NY 11201",Downtown Brooklyn,94 Willoughby St,Brooklyn,11201,New York,New York,United States of America,US,40.691946,-73.98495199999999,892a100da5bffff,America/New_York,,False,4.5,56,"https://search.google.com/local/reviews?placeid=ChIJm2cWselbwokRINnfPZZI2eY&q=bubble+tea+store,+10276,+New+York,+NY,+US&authuser=0&hl=en&gl=US",,,1.0,4.0,3.0,4.0,44.0,186,https://lh3.googleusercontent.com/p/AF1QipPz4WZvsY1g0FNBfN_2yHs0X0yYfwkx6189d8KR=w800-h500-k-no,https://lh3.googleusercontent.com/p/AF1QipPz4WZvsY1g0FNBfN_2yHs0X0yYfwkx6189d8KR=w1600-h1000-k-no,,"{""Monday"": ""12-9PM"", ""Tuesday"": ""12-9PM"", ""Wednesday"": ""12-9PM"", ""Thursday"": ""12-9PM"", ""Friday"": ""12-9PM"", ""Saturday"": ""12-9PM"", ""Sunday"": ""12-9PM""}",Monday:12-9PM|Tuesday:12-9PM|Wednesday:12-9PM|Thursday:12-9PM|Friday:12-9PM|Saturday:12-9PM|Sunday:12-9PM,,,OPERATIONAL,"{""From the business"": {""Identifies as Asian-owned"": true, ""Identifies as women-owned"": true}, ""Service options"": {""Delivery"": true, ""Onsite services"": true, ""Takeout"": true, ""Dine-in"": true}, ""Highlights"": {""Great tea selection"": true}, ""Accessibility"": {""Wheelchair accessible entrance"": true, ""Assistive hearing loop"": false, ""Wheelchair accessible parking lot"": false, ""Wheelchair accessible restroom"": false, ""Wheelchair accessible seating"": false}, ""Crowd"": {""LGBTQ+ friendly"": true, ""Transgender safespace"": true}, ""Parking"": {""Paid street parking"": true}, ""Other"": {""LGBTQ+ friendly"": true, ""Identifies as women-owned"": true, ""Identifies as Asian-owned"": true}}",$,,https://lh5.googleusercontent.com/-raxxpjycmpA/AAAAAAAAAAI/AAAAAAAAAAA/LUsL7cT0C_w/s44-p-k-no-ns-nd/photo.jpg,,,True,102871649823434658202,Chihiro Tea Downtown Brooklyn,https://www.google.com/maps/contrib/102871649823434658202,,"https://www.google.com/viewer/chooseprovider?mid=/g/11vry_wl6n&g2lbs=AAEPWCs3UP26Fvb4lLqjOgCHxM-KEiAxBSe3Lt-6QC4VNjhwSEtBvqVK4II37l9SiwX1rVx7A2vR_z9aV2ERqeVmn7_Dh8cNGA%3D%3D&hl=en-US&gl=us&fo_m=MfohQo559jFvMUOzJVpjPL1YMfZ3bInYwBDuMfaXTPp5KXh-&utm_source=tactile&gei=lmgJaK_PENvwi-gP4ZGZuQk&ei=lmgJaK_PENvwi-gP4ZGZuQk&fo_s=OA,SOE&opi=79508299&ebb=1&cs=0&foub=mcpp",,,"https://www.google.com/maps/place/Chihiro+Tea+Downtown+Brooklyn/@40.691946,-73.98495199999999,14z/data=!4m8!1m2!2m1!1sChihiro+Tea+Downtown+Brooklyn!3m4!1s0x89c25be9b116679b:0xe6d948963ddfd920!8m2!3d40.691946!4d-73.98495199999999","https://www.google.com/maps/place/Chihiro+Tea+Downtown+Brooklyn/@40.691946,-73.98495199999999,13.99z/data=!4m16!1m7!3m6!1s0x89c25be9b116679b:0xe6d948963ddfd920!2sChihiro+Tea+Downtown+Brooklyn!8m2!3d40.691946!4d-73.98495199999999!16s%2Fg%2F11ckvg1dmb!3m7!1s0x89c25be9b116679b:0xe6d948963ddfd920!8m2!3d40.691946!4d-73.98495199999999!9m1!1b1!16s%2Fg%2F11ckvg1dmb?entry=ttu",ChIJm2cWselbwokRINnfPZZI2eY,0x89c25be9b116679b:0xe6d948963ddfd920,16634406508790012192,/g/11vry_wl6n,-1812337564919539424,,info@chihirotea.com,RECEIVING,Role,,,,,,chihiroteainc@gmail.com,RECEIVING,SMTP validated,,,,,,,,,,,,,,,,,,,,,,,,,,,,,,,,Chihiro Tea - Be your best all day,Wix.com Website Builder,Chihiro Tea has made a successful debut in New York City. It is a Taiwanese bubble tea style that has been improved with new ingredients and unique recipes.,,False,False
"bubble tea store, 10276, New York, NY, US",Chill Chick,Chill Chick,http://www.chillchick666.com/,"Bubble tea store, Fried chicken takeaway",Fried chicken takeaway,Bubble tea store,+1 646-966-2629,"106 Bowery, New York, NY 10013",Manhattan,106 Bowery,New York,10013,New York,New York,United States of America,US,40.7179589,-73.9953807,892a1072c33ffff,America/New_York,,False,4.7,6,"https://search.google.com/local/reviews?placeid=ChIJq5LJeQBZwokRzknrbIJYtpQ&q=bubble+tea+store,+10276,+New+York,+NY,+US&authuser=0&hl=en&gl=US",,,0.0,0.0,1.0,0.0,5.0,97,https://lh3.googleusercontent.com/p/AF1QipPKYMZficPvPrz5CR-hy8eAmZ2j7JFx9x7BCtVe=w800-h500-k-no,https://lh3.googleusercontent.com/p/AF1QipPKYMZficPvPrz5CR-hy8eAmZ2j7JFx9x7BCtVe=w1600-h1000-k-no,,,,,,CLOSED_TEMPORARILY,"{""Service options"": {""Curbside pickup"": true, ""Delivery"": true, ""Takeout"": true, ""Dine-in"": false}, ""Dining options"": {""Seating"": true}, ""Children"": {""Kids' menu"": true}}",$,,https://lh4.googleusercontent.com/-oYqqLPCi-aU/AAAAAAAAAAI/AAAAAAAAAAA/k9QW-rqCFz4/s44-p-k-no-ns-nd/photo.jpg,,,True,111435157246768251985,Chill Chick,https://www.google.com/maps/contrib/111435157246768251985,,,,,"https://www.google.com/maps/place/Chill+Chick/@40.7179589,-73.9953807,14z/data=!4m8!1m2!2m1!1sChill+Chick!3m4!1s0x89c2590079c992ab:0x94b658826ceb49ce!8m2!3d40.7179589!4d-73.9953807","https://www.google.com/maps/place/Chill+Chick/@40.7179589,-73.9953807,13.99z/data=!4m16!1m7!3m6!1s0x89c2590079c992ab:0x94b658826ceb49ce!2sChill+Chick!8m2!3d40.7179589!4d-73.9953807!16s%2Fg%2F11ckvg1dmb!3m7!1s0x89c2590079c992ab:0x94b658826ceb49ce!8m2!3d40.7179589!4d-73.9953807!9m1!1b1!16s%2Fg%2F11ckvg1dmb?entry=ttu",ChIJq5LJeQBZwokRzknrbIJYtpQ,0x89c2590079c992ab:0x94b658826ceb49ce,10715849680571025870,/g/11whbmytw5,-7730894393138525746,,,,,,,,,,,,,,,,,,,,,,,,,,,,,,,,,,,,,,,,,,,,Home - Chill Chick,Divi v.4.19.2,,,False,False
"bubble tea store, 10167, New York, NY, US",Julieat's Bubble Tea & Dessert Cafe,Julieats Bubble Tea And Dessert Cafe,http://julieats.com/,"Bubble tea store, Beer store, Dessert shop, Wine bar",Bubble tea store,Bubble tea store,+1 718-374-3342,"102-13 Metropolitan Ave, Queens, NY 11375",Forest Hills,102-13 Metropolitan Ave,Queens,11375,New York,New York,United States of America,US,40.710500599999996,-73.8501438,892a100ea4bffff,America/New_York,,False,4.6,298,"https://search.google.com/local/reviews?placeid=ChIJF1vEaWVfwokRrUFV0zTa42Y&q=bubble+tea+store,+10167,+New+York,+NY,+US&authuser=0&hl=en&gl=US",,,18.0,2.0,7.0,15.0,256.0,438,https://lh3.googleusercontent.com/gps-cs-s/AB5caB-tppDnNjtT_qKSDifwGv7gp6rvlSPir9OGn_gTz1eHZHq71irIDBGiJxiHt_3jDftZU5d9qoM-6SiBdCwj6dlLI8X_OyhzaYOgAKptB8Tlm_ixZcuWTvi6GeFDMlAxWd-psAM=w800-h500-k-no,https://lh3.googleusercontent.com/gps-cs-s/AB5caB-tppDnNjtT_qKSDifwGv7gp6rvlSPir9OGn_gTz1eHZHq71irIDBGiJxiHt_3jDftZU5d9qoM-6SiBdCwj6dlLI8X_OyhzaYOgAKptB8Tlm_ixZcuWTvi6GeFDMlAxWd-psAM=w1600-h1000-k-no,,"{""Monday"": ""11:30AM-1AM"", ""Tuesday"": ""11:30AM-1AM"", ""Wednesday"": ""11:30AM-1AM"", ""Thursday"": ""11:30AM-1AM"", ""Friday"": ""11:30AM-2AM"", ""Saturday"": ""11:30AM-2AM"", ""Sunday"": ""11:30AM-1AM""}",Monday:11:30AM-1AM|Tuesday:11:30AM-1AM|Wednesday:11:30AM-1AM|Thursday:11:30AM-1AM|Friday:11:30AM-2AM|Saturday:11:30AM-2AM|Sunday:11:30AM-1AM,,,OPERATIONAL,"{""Service options"": {""Delivery"": true, ""Takeout"": true, ""Dine-in"": true}, ""Highlights"": {""Great tea selection"": true}, ""Accessibility"": {""Wheelchair accessible entrance"": true, ""Wheelchair accessible parking lot"": false}}",$$,,https://lh6.googleusercontent.com/-0KDtR08x4Ig/AAAAAAAAAAI/AAAAAAAAAAA/ltlHNIhq0JA/s44-p-k-no-ns-nd/photo.jpg,,,True,117162404527121269951,Julieat's Bubble Tea & Dessert Cafe,https://www.google.com/maps/contrib/117162404527121269951,,"https://www.google.com/viewer/chooseprovider?mid=/g/11v0t0yjy9&g2lbs=AAEPWCuGQw8q1p94OociUDLjCLP2Kyqhk4Q2Lav2g-QR-ltK1xu86SqQUmUCxil_dLCzyY5fQWu4MIktWhA-rRnHtf81U4lxDQ%3D%3D&hl=en-US&gl=us&fo_m=MfohQo559jFvMUOzJVpjPL1YMfZ3bInYwBDuMfaXTPp5KXh-&utm_source=tactile&gei=m2gJaJnoHIXykPIP16StuQU&ei=m2gJaJnoHIXykPIP16StuQU&fo_s=OA,SOE&opi=79508299&ebb=1&cs=0&foub=mcpp",,,"https://www.google.com/maps/place/Julieat%27s+Bubble+Tea+%26+Dessert+Cafe/@40.710500599999996,-73.8501438,14z/data=!4m8!1m2!2m1!1sJulieat%27s+Bubble+Tea+%26+Dessert+Cafe!3m4!1s0x89c25f6569c45b17:0x66e3da34d35541ad!8m2!3d40.710500599999996!4d-73.8501438","https://www.google.com/maps/place/Julieat%27s+Bubble+Tea+%26+Dessert+Cafe/@40.710500599999996,-73.8501438,13.99z/data=!4m16!1m7!3m6!1s0x89c25f6569c45b17:0x66e3da34d35541ad!2sJulieat%27s+Bubble+Tea+%26+Dessert+Cafe!8m2!3d40.710500599999996!4d-73.8501438!16s%2Fg%2F11ckvg1dmb!3m7!1s0x89c25f6569c45b17:0x66e3da34d35541ad!8m2!3d40.710500599999996!4d-73.8501438!9m1!1b1!16s%2Fg%2F11ckvg1dmb?entry=ttu",ChIJF1vEaWVfwokRrUFV0zTa42Y,0x89c25f6569c45b17:0x66e3da34d35541ad,7414009332000702893,/g/11v0t0yjy9,7414009332000702893,,hello@julieats.com,RECEIVING,SMTP validated,,,,,,,,,,,,,,,,,,,,,,,,,,,,,,,,,,,,,,,,Julieat's Dessert Cafe,,"At Julieat's, we believe that satisfying your sweet tooth is a key to a 
sweet life. It’s our hope that through our treats, our customers can add 
some pep to their step during their weary day. Those who need a little pick 
me up from busy city life, studying and tough motherhood, can come to 
Julieat’s for a hug in a cup. Unlike Trix, Julieat’s is not just for kids!",,False,False