query,name,name_for_emails,site,subtypes,category,type,phone,full_address,borough,street,city,postal_code,state,us_state,country,country_code,latitude,longitude,h3,time_zone,plus_code,area_service,rating,reviews,reviews_link,reviews_tags,reviews_per_score,reviews_per_score_1,reviews_per_score_2,reviews_per_score_3,reviews_per_score_4,reviews_per_score_5,photos_count,photo,street_view,located_in,working_hours,working_hours_old_format,other_hours,popular_times,business_status,about,range,posts,logo,description,typical_time_spent,verified,owner_id,owner_title,owner_link,reservation_links,booking_appointment_link,menu_link,order_links,location_link,location_reviews_link,place_id,google_id,cid,kgmid,reviews_id,located_google_id,email_1,email_1.emails_validator.status,email_1.emails_validator.status_details,email_1_full_name,email_1_first_name,email_1_last_name,email_1_title,email_1_phone,email_2,email_2.emails_validator.status,email_2.emails_validator.status_details,email_2_full_name,email_2_first_name,email_2_last_name,email_2_title,email_2_phone,email_3,email_3.emails_validator.status,email_3.emails_validator.status_details,email_3_full_name,email_3_first_name,email_3_last_name,email_3_title,email_3_phone,phone_1,phone_2,phone_3,facebook,instagram,linkedin,tiktok,medium,reddit,skype,snapchat,telegram,whatsapp,twitter,vimeo,youtube,github,crunchbase,website_title,website_generator,website_description,website_keywords,website_has_fb_pixel,website_has_google_tag
"boba tea, 19185, Philadelphia, PA, US",BB TEE HOUSE,Bb Tee House,https://www.bbteehouse.com/,"Bubble tea store, Fast food restaurant, Coffee store, Dessert shop",restaurants,Bubble tea store,+1 215-944-4838,"1122 Washington Ave # D, Philadelphia, PA 19147",South Philadelphia,1122 Washington Ave # D,Philadelphia,19147,Pennsylvania,Pennsylvania,United States of America,US,39.936978599999996,-75.1629136,892a134d0d7ffff,America/New_York,,False,4.6,114,"https://search.google.com/local/reviews?placeid=ChIJ_bZAtdTHxokR4-Oj_AUw-LI&q=boba+tea,+19185,+Philadelphia,+PA,+US&authuser=0&hl=en&gl=US",,,1.0,6.0,3.0,12.0,92.0,205,https://lh3.googleusercontent.com/p/AF1QipNlekGl85hV8agKVGfsGQW22wNkkPd1VTnI2rAN=w800-h500-k-no,https://lh3.googleusercontent.com/p/AF1QipNlekGl85hV8agKVGfsGQW22wNkkPd1VTnI2rAN=w1600-h1000-k-no,,"{""Monday"": ""8:30AM-8:30PM"", ""Tuesday"": ""8:30AM-8:30PM"", ""Wednesday"": ""8:30AM-8:30PM"", ""Thursday"": ""8:30AM-7PM"", ""Friday"": ""8:30AM-8:30PM"", ""Saturday"": ""8:30AM-8:30PM"", ""Sunday"": ""8:30AM-8:30PM""}",Monday:8:30AM-8:30PM|Tuesday:8:30AM-8:30PM|Wednesday:8:30AM-8:30PM|Thursday:8:30AM-7PM|Friday:8:30AM-8:30PM|Saturday:8:30AM-8:30PM|Sunday:8:30AM-8:30PM,,,OPERATIONAL,"{""From the business"": {""Identifies as Asian-owned"": true, ""Identifies as women-owned"": true}, ""Service options"": {""Delivery"": true, ""Takeout"": true, ""Dine-in"": true}, ""Popular for"": {""Breakfast"": true, ""Lunch"": true, ""Solo dining"": true}, ""Accessibility"": {""Wheelchair accessible entrance"": true, ""Wheelchair accessible restroom"": true, ""Assistive hearing loop"": false, ""Wheelchair accessible parking lot"": false, ""Wheelchair accessible seating"": false}, ""Offerings"": {""Coffee"": true, ""Quick bite"": true, ""Vegan options"": true, ""Vegetarian options"": true}, ""Dining options"": {""Breakfast"": true, ""Lunch"": true, ""Dinner"": true, ""Catering"": true, ""Dessert"": true, ""Seating"": true}, ""Amenities"": {""Gender-neutral restroom"": true, ""Restroom"": true}, ""Atmosphere"": {""Casual"": true}, ""Crowd"": {""Family-friendly"": true, ""LGBTQ+ friendly"": true, ""Transgender safespace"": true}, ""Payments"": {""Credit cards"": true, ""Debit cards"": true, ""NFC mobile payments"": true}, ""Children"": {""Good for kids"": true, ""Kids' menu"": true}, ""Parking"": {""Free parking lot"": true, ""Parking"": true}, ""Pets"": {""Dogs allowed outside"": true}, ""Other"": {""LGBTQ+ friendly"": true, ""Identifies as women-owned"": true, ""Identifies as Asian-owned"": true}}",$,,https://lh4.googleusercontent.com/-L4pxc_APJyk/AAAAAAAAAAI/AAAAAAAAAAA/6mJfYiaAJSk/s44-p-k-no-ns-nd/photo.jpg,,,True,112301122968286091881,BB TEE HOUSE,https://www.google.com/maps/contrib/112301122968286091881,,"https://www.google.com/viewer/chooseprovider?mid=/g/11v6t2fg5x&g2lbs=AAEPWCuoKKnjBlRsWgRIkMfi6Wslp0Hbqvw-dJ8RGrpp2xFaOopXvDN7GPcnRtLBLTOJNsxv8_FmpRSLIpwdKU1fBTG27G6-jQ%3D%3D&hl=en-US&gl=us&fo_m=MfohQo559jFvMUOzJVpjPL1YMfZ3bInYwBDuMfaXTPp5KXh-&utm_source=tactile&gei=CHwCaLb5J-K9kdUP4KjM2Aw&ei=CHwCaLb5J-K9kdUP4KjM2Aw&fo_s=OA,SOE&opi=79508299&ebb=1&cs=0&foub=mcpp",,,"https://www.google.com/maps/place/BB+TEE+HOUSE/@39.936978599999996,-75.1629136,14z/data=!4m8!1m2!2m1!1sBB+TEE+HOUSE!3m4!1s0x89c6c7d4b540b6fd:0xb2f83005fca3e3e3!8m2!3d39.936978599999996!4d-75.1629136","https://www.google.com/maps/place/BB+TEE+HOUSE/@39.936978599999996,-75.1629136,13.99z/data=!4m16!1m7!3m6!1s0x89c6c7d4b540b6fd:0xb2f83005fca3e3e3!2sBB+TEE+HOUSE!8m2!3d39.936978599999996!4d-75.1629136!16s%2Fg%2F11ckvg1dmb!3m7!1s0x89c6c7d4b540b6fd:0xb2f83005fca3e3e3!8m2!3d39.936978599999996!4d-75.1629136!9m1!1b1!16s%2Fg%2F11ckvg1dmb?entry=ttu",ChIJ_bZAtdTHxokR4-Oj_AUw-LI,0x89c6c7d4b540b6fd:0xb2f83005fca3e3e3,12896110335246984163,/g/11v6t2fg5x,-5550633738462567453,,bbteehouse@gmail.com,RECEIVING,SMTP validated,,,,,,,,,,,,,,,,,,,,,,18563558555,,,https://www.facebook.com/BBTeeHouse,https://www.instagram.com/bbtee.house&h=AT2yD6L81tMf_iRhM7u9g7et3l8GO5tlabGXrO4-L5aPTXP50VicKJjxBmfueyHauZM-VqjYrYkn_fqb_p1TC8_bhdY30G3BbR8n8Hj9mdXplfWuwDvDa4FSY7GEgHiSMMoiDFqaAEI-7w,,,,,,,,,,,,,,BB Tee House,,"BB TEE HOUSE It is a combination of black tea, milk, a sweetener of some sort, and tapioca pearls. Although there are a few classic preparations, there are",,False,False
"boba tea, 19185, Philadelphia, PA, US",Boba Island,Boba Island,https://order.bobaisland.net/,Bubble tea store,Bubble tea store,Bubble tea store,+1 267-303-9192,"2497 Aramingo Ave, Philadelphia, PA 19125",Olde Richmond,2497 Aramingo Ave,Philadelphia,19125,Pennsylvania,Pennsylvania,United States of America,US,39.9753298,-75.1196932,892a134f627ffff,America/New_York,,False,4.4,15,"https://search.google.com/local/reviews?placeid=ChIJnxTslorJxokRN8fbppKefzo&q=boba+tea,+19185,+Philadelphia,+PA,+US&authuser=0&hl=en&gl=US",,,1.0,0.0,0.0,5.0,9.0,20,https://lh3.googleusercontent.com/p/AF1QipPVvejoO1c0bI3CrpjPW0k43ft673mZPQFiFx8y=w800-h500-k-no,https://lh3.googleusercontent.com/p/AF1QipPVvejoO1c0bI3CrpjPW0k43ft673mZPQFiFx8y=w1600-h1000-k-no,,"{""Monday"": ""10AM-5:30PM"", ""Tuesday"": ""10AM-5:30PM"", ""Wednesday"": ""10AM-5:30PM"", ""Thursday"": ""10AM-5:30PM"", ""Friday"": ""10AM-5:30PM"", ""Saturday"": ""10AM-5:30PM"", ""Sunday"": ""10AM-5:30PM""}",Monday:10AM-5:30PM|Tuesday:10AM-5:30PM|Wednesday:10AM-5:30PM|Thursday:10AM-5:30PM|Friday:10AM-5:30PM|Saturday:10AM-5:30PM|Sunday:10AM-5:30PM,,,OPERATIONAL,"{""From the business"": {""Identifies as Asian-owned"": true}, ""Service options"": {""Takeout"": true, ""Delivery"": false}, ""Highlights"": {""Great tea selection"": true}, ""Other"": {""Identifies as Asian-owned"": true}}",,,https://lh5.googleusercontent.com/-WzJLGBdB9w8/AAAAAAAAAAI/AAAAAAAAAAA/8iGPOAFMvMI/s44-p-k-no-ns-nd/photo.jpg,,,True,113347515096614723298,Boba Island,https://www.google.com/maps/contrib/113347515096614723298,,,,,"https://www.google.com/maps/place/Boba+Island/@39.9753298,-75.1196932,14z/data=!4m8!1m2!2m1!1sBoba+Island!3m4!1s0x89c6c98a96ec149f:0x3a7f9e92a6dbc737!8m2!3d39.9753298!4d-75.1196932","https://www.google.com/maps/place/Boba+Island/@39.9753298,-75.1196932,13.99z/data=!4m16!1m7!3m6!1s0x89c6c98a96ec149f:0x3a7f9e92a6dbc737!2sBoba+Island!8m2!3d39.9753298!4d-75.1196932!16s%2Fg%2F11ckvg1dmb!3m7!1s0x89c6c98a96ec149f:0x3a7f9e92a6dbc737!8m2!3d39.9753298!4d-75.1196932!9m1!1b1!16s%2Fg%2F11ckvg1dmb?entry=ttu",ChIJnxTslorJxokRN8fbppKefzo,0x89c6c98a96ec149f:0x3a7f9e92a6dbc737,4215262128943908663,/g/11k3g782y5,4215262128943908663,,,,,,,,,,,,,,,,,,,,,,,,,,,,,,,,,,,,,,,,,,,,Togo Order,,,,False,False
"boba tea, 19185, Philadelphia, PA, US",Brew Boba at Brewerytown Bakery,Brew Boba At Brewerytown Bakery,https://brewboba.com/,Bubble tea store,Bubble tea store,Bubble tea store,+1 215-200-9686,"2949 W Girard Ave, Philadelphia, PA 19121",North Philadelphia,2949 W Girard Ave,Philadelphia,19121,Pennsylvania,Pennsylvania,United States of America,US,39.974935599999995,-75.18498319999999,892a1348b93ffff,America/New_York,,False,5.0,17,"https://search.google.com/local/reviews?placeid=ChIJQ0JMGD_HxokRnMnVvvts5mA&q=boba+tea,+19185,+Philadelphia,+PA,+US&authuser=0&hl=en&gl=US",,,0.0,0.0,0.0,0.0,17.0,9,https://lh3.googleusercontent.com/p/AF1QipOP49QMJIJoaRHa51AAV8TH1bj-jDOE6N4d_-BT=w800-h500-k-no,https://lh3.googleusercontent.com/p/AF1QipOP49QMJIJoaRHa51AAV8TH1bj-jDOE6N4d_-BT=w1600-h1000-k-no,,"{""Monday"": ""Closed"", ""Tuesday"": ""Closed"", ""Wednesday"": ""8AM-1PM,5-7PM"", ""Thursday"": ""8AM-1PM,5-7PM"", ""Friday"": ""8AM-1PM,5-7PM"", ""Saturday"": ""8AM-3PM"", ""Sunday"": ""8AM-3PM""}","Monday:Closed|Tuesday:Closed|Wednesday:8AM-1PM,5-7PM|Thursday:8AM-1PM,5-7PM|Friday:8AM-1PM,5-7PM|Saturday:8AM-3PM|Sunday:8AM-3PM",,,OPERATIONAL,"{""Service options"": {""Takeout"": true, ""Dine-in"": true}, ""Highlights"": {""Great tea selection"": true}}",,,https://lh4.googleusercontent.com/-7ALofThgQmQ/AAAAAAAAAAI/AAAAAAAAAAA/nY9XuQ36DtA/s44-p-k-no-ns-nd/photo.jpg,,,True,107452488418318440250,Brew Boba at Brewerytown Bakery,https://www.google.com/maps/contrib/107452488418318440250,,,,,"https://www.google.com/maps/place/Brew+Boba+at+Brewerytown+Bakery/@39.974935599999995,-75.18498319999999,14z/data=!4m8!1m2!2m1!1sBrew+Boba+at+Brewerytown+Bakery!3m4!1s0x89c6c73f184c4243:0x60e66cfbbed5c99c!8m2!3d39.974935599999995!4d-75.18498319999999","https://www.google.com/maps/place/Brew+Boba+at+Brewerytown+Bakery/@39.974935599999995,-75.18498319999999,13.99z/data=!4m16!1m7!3m6!1s0x89c6c73f184c4243:0x60e66cfbbed5c99c!2sBrew+Boba+at+Brewerytown+Bakery!8m2!3d39.974935599999995!4d-75.18498319999999!16s%2Fg%2F11ckvg1dmb!3m7!1s0x89c6c73f184c4243:0x60e66cfbbed5c99c!8m2!3d39.974935599999995!4d-75.18498319999999!9m1!1b1!16s%2Fg%2F11ckvg1dmb?entry=ttu",ChIJQ0JMGD_HxokRnMnVvvts5mA,0x89c6c73f184c4243:0x60e66cfbbed5c99c,6982388100778805660,/g/11vm2zk0zq,6982388100778805660,,info@brewboba.com,RECEIVING,SMTP validated,,,,,,,,,,,,,,,,,,,,,,,,,,http://instagram.com/brew.boba,,,,,,,,,,,,,,Brew Boba,,,,False,False
"boba tea, 19185, Philadelphia, PA, US",Boba King,Boba King,http://www.bobakingusa.com/,"Bubble tea store, Cafe",Bubble tea store,Bubble tea store,+1 215-307-3106,"3200 Chestnut St, Philadelphia, PA 19104",West Philadelphia,3200 Chestnut St,Philadelphia,19104,Pennsylvania,Pennsylvania,United States of America,US,39.9538094,-75.18849449999999,892a134d653ffff,America/New_York,,False,4.2,205,"https://search.google.com/local/reviews?placeid=ChIJ92cf8uTHxokRk6Y-FX6uogs&q=boba+tea,+19185,+Philadelphia,+PA,+US&authuser=0&hl=en&gl=US",,,20.0,9.0,18.0,28.0,130.0,255,https://lh3.googleusercontent.com/gps-cs-s/AB5caB9mJIDRqcobrlPkZPnH5iOpBox2nkl6HVr3v8KBNk4zYD34Z5Bpvq8N1urBxH6a5fYQQy58CMXXv9VaWwuWLuMTFTsAvQdyFrGz6E4qN9jTB93WwnmN3E9ubtE78P5vphx_9jvo=w800-h500-k-no,https://lh3.googleusercontent.com/gps-cs-s/AB5caB9mJIDRqcobrlPkZPnH5iOpBox2nkl6HVr3v8KBNk4zYD34Z5Bpvq8N1urBxH6a5fYQQy58CMXXv9VaWwuWLuMTFTsAvQdyFrGz6E4qN9jTB93WwnmN3E9ubtE78P5vphx_9jvo=w1600-h1000-k-no,,"{""Monday"": ""11AM-9PM"", ""Tuesday"": ""11AM-9PM"", ""Wednesday"": ""11AM-9PM"", ""Thursday"": ""11AM-9PM"", ""Friday"": ""11AM-9PM"", ""Saturday"": ""11AM-9PM"", ""Sunday"": ""11AM-9PM""}",Monday:11AM-9PM|Tuesday:11AM-9PM|Wednesday:11AM-9PM|Thursday:11AM-9PM|Friday:11AM-9PM|Saturday:11AM-9PM|Sunday:11AM-9PM,,,OPERATIONAL,"{""Service options"": {""No-contact delivery"": true, ""Delivery"": true, ""Onsite services"": true, ""Takeout"": true, ""Dine-in"": true}, ""Highlights"": {""Great tea selection"": true}}",$$,,https://lh5.googleusercontent.com/-e7zWlwnLilI/AAAAAAAAAAI/AAAAAAAAAAA/ObRFiwy1MUc/s44-p-k-no-ns-nd/photo.jpg,,,True,100266387770155314043,Boba King,https://www.google.com/maps/contrib/100266387770155314043,,"https://www.google.com/viewer/chooseprovider?mid=/g/11qqx72511&g2lbs=AAEPWCuRzHI3zAEEPHLQeJWNoa9kPDhuyWZ-o-CdMvWA8o46zTU3DSDn25oq7s5HOJVsrNuFE3wsnvkAEdLRHFASx6ZatjtlRw%3D%3D&hl=en-US&gl=us&fo_m=MfohQo559jFvMUOzJVpjPL1YMfZ3bInYwBDuMfaXTPp5KXh-&utm_source=tactile&gei=CHwCaLb5J-K9kdUP4KjM2Aw&ei=CHwCaLb5J-K9kdUP4KjM2Aw&fo_s=OA,SOE&opi=79508299&ebb=1&cs=0&foub=mcpp",,,"https://www.google.com/maps/place/Boba+King/@39.9538094,-75.18849449999999,14z/data=!4m8!1m2!2m1!1sBoba+King!3m4!1s0x89c6c7e4f21f67f7:0xba2ae7e153ea693!8m2!3d39.9538094!4d-75.18849449999999","https://www.google.com/maps/place/Boba+King/@39.9538094,-75.18849449999999,13.99z/data=!4m16!1m7!3m6!1s0x89c6c7e4f21f67f7:0xba2ae7e153ea693!2sBoba+King!8m2!3d39.9538094!4d-75.18849449999999!16s%2Fg%2F11ckvg1dmb!3m7!1s0x89c6c7e4f21f67f7:0xba2ae7e153ea693!8m2!3d39.9538094!4d-75.18849449999999!9m1!1b1!16s%2Fg%2F11ckvg1dmb?entry=ttu",ChIJ92cf8uTHxokRk6Y-FX6uogs,0x89c6c7e4f21f67f7:0xba2ae7e153ea693,838424337189873299,/g/11qqx72511,838424337189873299,,,,,,,,,,,,,,,,,,,,,,,,,,,,,https://www.facebook.com/bobakingusa/,https://www.instagram.com/bobaking.usa,,,,,,,,,,,,,,BOBAKING |,WordPress 5.3.9,,,,
"boba tea, 19185, Philadelphia, PA, US",Hue Boba Cafe,Hue Boba Cafe,https://www.huebobacafe.com/,Coffee shop,coffee shops,Coffee shop,+1 267-233-7150,"4600 Woodland Ave, Philadelphia, PA 19143",West Philadelphia,4600 Woodland Ave,Philadelphia,19143,Pennsylvania,Pennsylvania,United States of America,US,39.9441777,-75.209649,892aacb250fffff,America/New_York,,False,4.9,116,"https://search.google.com/local/reviews?placeid=ChIJ_7W5fn7HxokRicqC7TWwfeQ&q=boba+tea,+19185,+Philadelphia,+PA,+US&authuser=0&hl=en&gl=US",,,1.0,0.0,0.0,2.0,113.0,125,https://lh3.googleusercontent.com/gps-cs-s/AB5caB-QRdUr0GEuZ0njNB039RIjCvbNGu6_sLg_Z0Fh7WPZEHMso9qEzi6T4_YxOL1gQcETXRaMyXz0VeE62SC9N0U1dtPXyuTHWNr62Crwd2kosHk2va7G73vwU3cSFmy6CJviNOcF=w800-h500-k-no,https://lh3.googleusercontent.com/gps-cs-s/AB5caB-QRdUr0GEuZ0njNB039RIjCvbNGu6_sLg_Z0Fh7WPZEHMso9qEzi6T4_YxOL1gQcETXRaMyXz0VeE62SC9N0U1dtPXyuTHWNr62Crwd2kosHk2va7G73vwU3cSFmy6CJviNOcF=w1600-h1000-k-no,,"{""Monday"": ""9AM-6PM"", ""Tuesday"": ""9AM-6PM"", ""Wednesday"": ""9AM-6PM"", ""Thursday"": ""9AM-6PM"", ""Friday"": ""9AM-6PM"", ""Saturday"": ""9AM-6PM"", ""Sunday"": ""Closed""}",Monday:9AM-6PM|Tuesday:9AM-6PM|Wednesday:9AM-6PM|Thursday:9AM-6PM|Friday:9AM-6PM|Saturday:9AM-6PM|Sunday:Closed,,,OPERATIONAL,"{""Service options"": {""Takeout"": true, ""Dine-in"": true}, ""Highlights"": {""Great coffee"": true, ""Great tea selection"": true}, ""Popular for"": {""Solo dining"": true}, ""Offerings"": {""Coffee"": true, ""Quick bite"": true}, ""Dining options"": {""Dessert"": true, ""Seating"": true}, ""Amenities"": {""Gender-neutral restroom"": true, ""Restroom"": true, ""Wi-Fi"": true}, ""Atmosphere"": {""Casual"": true, ""Cozy"": true, ""Trendy"": true}, ""Crowd"": {""College students"": true}, ""Payments"": {""Checks"": true, ""Credit cards"": true, ""Debit cards"": true, ""NFC mobile payments"": true}, ""Children"": {""Good for kids"": true, ""High chairs"": true, ""Kids' menu"": true}, ""Parking"": {""Free street parking"": true, ""Parking"": true}, ""Pets"": {""Dogs allowed outside"": true}}",,,https://lh3.googleusercontent.com/-V7mFvox4gDE/AAAAAAAAAAI/AAAAAAAAAAA/NG5reQuqbqM/s44-p-k-no-ns-nd/photo.jpg,,,True,102554583634187186381,Hue Boba Cafe,https://www.google.com/maps/contrib/102554583634187186381,,,,,"https://www.google.com/maps/place/Hue+Boba+Cafe/@39.9441777,-75.209649,14z/data=!4m8!1m2!2m1!1sHue+Boba+Cafe!3m4!1s0x89c6c77e7eb9b5ff:0xe47db035ed82ca89!8m2!3d39.9441777!4d-75.209649","https://www.google.com/maps/place/Hue+Boba+Cafe/@39.9441777,-75.209649,13.99z/data=!4m16!1m7!3m6!1s0x89c6c77e7eb9b5ff:0xe47db035ed82ca89!2sHue+Boba+Cafe!8m2!3d39.9441777!4d-75.209649!16s%2Fg%2F11ckvg1dmb!3m7!1s0x89c6c77e7eb9b5ff:0xe47db035ed82ca89!8m2!3d39.9441777!4d-75.209649!9m1!1b1!16s%2Fg%2F11ckvg1dmb?entry=ttu",ChIJ_7W5fn7HxokRicqC7TWwfeQ,0x89c6c77e7eb9b5ff:0xe47db035ed82ca89,16464509558400928393,/g/11st8pt7_p,-1982234515308623223,,huebobacafe@gmail.com,RECEIVING,SMTP validated,,,,,,,,,,,,,,,,,,,,,,,,,,,,,,,,,,,,,,,,"Hue Boba Cafe | boba | 4600 Woodland Avenue, Philadelphia, PA, USA",Wix.com Website Builder,"Hue Boba Cafe, has everything you need for delicious Vietnamese style beverages and cuisine.",,False,False
"boba tea, 19185, Philadelphia, PA, US",Boba King (Center City),Boba King Center City,http://www.bobakingusa.com/,"Bubble tea store, Cafe",Bubble tea store,Bubble tea store,+1 215-309-2170,"1232 Chestnut St, Philadelphia, PA 19107",Center City East,1232 Chestnut St,Philadelphia,19107,Pennsylvania,Pennsylvania,United States of America,US,39.9504911,-75.1616691,892a134d443ffff,America/New_York,,False,4.0,109,"https://search.google.com/local/reviews?placeid=ChIJS10HPBjHxokRagLTQrA7x1Q&q=boba+tea,+19185,+Philadelphia,+PA,+US&authuser=0&hl=en&gl=US",,,18.0,2.0,6.0,19.0,64.0,120,https://lh3.googleusercontent.com/gps-cs-s/AB5caB8RoqTsimT3QXNUO9neppEhCAN2orfrC3MljpRUuYcLuT-e8t30dSHJP6oWSFA5qrmBGnxa5CHOt6XDs0t8nQOLg4ZIplWAsirynEA0x6z-CX3uVELlwv4artDvFTZWwbnipKVJFA=w800-h500-k-no,https://lh3.googleusercontent.com/gps-cs-s/AB5caB8RoqTsimT3QXNUO9neppEhCAN2orfrC3MljpRUuYcLuT-e8t30dSHJP6oWSFA5qrmBGnxa5CHOt6XDs0t8nQOLg4ZIplWAsirynEA0x6z-CX3uVELlwv4artDvFTZWwbnipKVJFA=w1600-h1000-k-no,,"{""Monday"": ""11AM-9PM"", ""Tuesday"": ""11AM-9PM"", ""Wednesday"": ""11AM-9PM"", ""Thursday"": ""11AM-9PM"", ""Friday"": ""11AM-10PM"", ""Saturday"": ""11AM-10PM"", ""Sunday"": ""11AM-9PM""}",Monday:11AM-9PM|Tuesday:11AM-9PM|Wednesday:11AM-9PM|Thursday:11AM-9PM|Friday:11AM-10PM|Saturday:11AM-10PM|Sunday:11AM-9PM,,,OPERATIONAL,"{""From the business"": {""Identifies as Asian-owned"": true}, ""Service options"": {""Delivery"": true, ""Takeout"": true, ""Dine-in"": true}, ""Highlights"": {""Great tea selection"": true}, ""Accessibility"": {""Wheelchair accessible entrance"": true, ""Wheelchair accessible restroom"": true, ""Wheelchair accessible seating"": true}, ""Crowd"": {""LGBTQ+ friendly"": true, ""Transgender safespace"": true}, ""Other"": {""LGBTQ+ friendly"": true, ""Identifies as Asian-owned"": true}}",$,,https://lh5.googleusercontent.com/-3apDdzEHJXk/AAAAAAAAAAI/AAAAAAAAAAA/dzO61It9qzs/s44-p-k-no-ns-nd/photo.jpg,,,True,114942469240451015468,Boba King,https://www.google.com/maps/contrib/114942469240451015468,,"https://www.google.com/viewer/chooseprovider?mid=/g/11k3hxjzv9&g2lbs=AAEPWCvrJ2EEtHQcfHJX5oOEOwo_ugXZd8vPIo54P_beABbHae8rxSJfONDECcABwZTn1F2tawf46EM4q9H3XlTkIKiPnBBayQ%3D%3D&hl=en-US&gl=us&fo_m=MfohQo559jFvMUOzJVpjPL1YMfZ3bInYwBDuMfaXTPp5KXh-&utm_source=tactile&gei=CHwCaLb5J-K9kdUP4KjM2Aw&ei=CHwCaLb5J-K9kdUP4KjM2Aw&fo_s=OA,SOE&opi=79508299&ebb=1&cs=0&foub=mcpp",,,"https://www.google.com/maps/place/Boba+King+%28Center+City%29/@39.9504911,-75.1616691,14z/data=!4m8!1m2!2m1!1sBoba+King+%28Center+City%29!3m4!1s0x89c6c7183c075d4b:0x54c73bb042d3026a!8m2!3d39.9504911!4d-75.1616691","https://www.google.com/maps/place/Boba+King+%28Center+City%29/@39.9504911,-75.1616691,13.99z/data=!4m16!1m7!3m6!1s0x89c6c7183c075d4b:0x54c73bb042d3026a!2sBoba+King+%28Center+City%29!8m2!3d39.9504911!4d-75.1616691!16s%2Fg%2F11ckvg1dmb!3m7!1s0x89c6c7183c075d4b:0x54c73bb042d3026a!8m2!3d39.9504911!4d-75.1616691!9m1!1b1!16s%2Fg%2F11ckvg1dmb?entry=ttu",ChIJS10HPBjHxokRagLTQrA7x1Q,0x89c6c7183c075d4b:0x54c73bb042d3026a,6108917047772775018,/g/11k3hxjzv9,6108917047772775018,,,,,,,,,,,,,,,,,,,,,,,,,,,,,https://www.facebook.com/bobakingusa/,https://www.instagram.com/bobaking.usa,,,,,,,,,,,,,,BOBAKING |,WordPress 5.3.9,,,,
"boba tea, 19185, Philadelphia, PA, US",Bubble Tea Room,Bubble Tea Room,https://www.bubbletearoomphilly.com/,"Bubble tea store, Asian restaurant",restaurants,Bubble tea store,+1 267-324-5546,"319 Market St, Philadelphia, PA 19106",Center City East,319 Market St,Philadelphia,19106,Pennsylvania,Pennsylvania,United States of America,US,39.9504248,-75.1463656,892a134d417ffff,America/New_York,,False,4.3,48,"https://search.google.com/local/reviews?placeid=ChIJldk9Y87JxokRtuDd-3ouHQQ&q=boba+tea,+19185,+Philadelphia,+PA,+US&authuser=0&hl=en&gl=US",,,3.0,2.0,6.0,2.0,35.0,284,https://lh3.googleusercontent.com/gps-proxy/ALd4DhGrvKpr_zRZIohia41-WKEEF_fMPzwcOeIpyZP0aRt0tI8a-lj2fNUMAvmcero4pubBaNPNxeUsCdlmDzLahuLqaPLjV4Ij7_dnl6fm_bpvSMwu9FTeEDEIiLc8G2okHGeehubZ6nMUDewEXuhgj_ozcXQvG-3TA7CPVjFroJ_Jycn_EcNU_mTr=w800-h500-k-no,https://lh3.googleusercontent.com/gps-proxy/ALd4DhGrvKpr_zRZIohia41-WKEEF_fMPzwcOeIpyZP0aRt0tI8a-lj2fNUMAvmcero4pubBaNPNxeUsCdlmDzLahuLqaPLjV4Ij7_dnl6fm_bpvSMwu9FTeEDEIiLc8G2okHGeehubZ6nMUDewEXuhgj_ozcXQvG-3TA7CPVjFroJ_Jycn_EcNU_mTr=w1600-h1000-k-no,,"{""Monday"": ""9AM-9PM"", ""Tuesday"": ""9AM-9PM"", ""Wednesday"": ""9AM-9PM"", ""Thursday"": ""9AM-9PM"", ""Friday"": ""9AM-9PM"", ""Saturday"": ""9AM-9PM"", ""Sunday"": ""9AM-9PM""}",Monday:9AM-9PM|Tuesday:9AM-9PM|Wednesday:9AM-9PM|Thursday:9AM-9PM|Friday:9AM-9PM|Saturday:9AM-9PM|Sunday:9AM-9PM,,,OPERATIONAL,"{""Service options"": {""Delivery"": true, ""Takeout"": true, ""Dine-in"": true}, ""Highlights"": {""Great tea selection"": true}, ""Popular for"": {""Solo dining"": true}, ""Accessibility"": {""Wheelchair accessible entrance"": true}, ""Offerings"": {""Coffee"": true, ""Quick bite"": true}, ""Dining options"": {""Lunch"": true, ""Dinner"": true}, ""Amenities"": {""Restroom"": true}, ""Atmosphere"": {""Casual"": true, ""Cozy"": true, ""Trendy"": true}, ""Planning"": {""Accepts reservations"": true}, ""Payments"": {""Credit cards"": true}}",$,,https://lh3.googleusercontent.com/-hh44ZtTeh6o/AAAAAAAAAAI/AAAAAAAAAAA/ZW6aIQz9xKw/s44-p-k-no-ns-nd/photo.jpg,,,True,117640407290237398739,Bubble Tea Room,https://www.google.com/maps/contrib/117640407290237398739,,"https://www.google.com/viewer/chooseprovider?mid=/g/11vr3jylyr&g2lbs=AAEPWCtl2nj66fJroopUnH2H3UfuFoo4rOMktR6smvl9aOFkHX4F_I_Jp9jeF7IaJ6SrKw0uc0ZtOgJSRZBYPqxy9GL1yyhdaA%3D%3D&hl=en-US&gl=us&fo_m=MfohQo559jFvMUOzJVpjPL1YMfZ3bInYwBDuMfaXTPp5KXh-&utm_source=tactile&gei=CHwCaLb5J-K9kdUP4KjM2Aw&ei=CHwCaLb5J-K9kdUP4KjM2Aw&fo_s=OA,SOE&opi=79508299&ebb=1&cs=0&foub=mcpp",,,"https://www.google.com/maps/place/Bubble+Tea+Room/@39.9504248,-75.1463656,14z/data=!4m8!1m2!2m1!1sBubble+Tea+Room!3m4!1s0x89c6c9ce633dd995:0x41d2e7afbdde0b6!8m2!3d39.9504248!4d-75.1463656","https://www.google.com/maps/place/Bubble+Tea+Room/@39.9504248,-75.1463656,13.99z/data=!4m16!1m7!3m6!1s0x89c6c9ce633dd995:0x41d2e7afbdde0b6!2sBubble+Tea+Room!8m2!3d39.9504248!4d-75.1463656!16s%2Fg%2F11ckvg1dmb!3m7!1s0x89c6c9ce633dd995:0x41d2e7afbdde0b6!8m2!3d39.9504248!4d-75.1463656!9m1!1b1!16s%2Fg%2F11ckvg1dmb?entry=ttu",ChIJldk9Y87JxokRtuDd-3ouHQQ,0x89c6c9ce633dd995:0x41d2e7afbdde0b6,296444256222830774,/g/11vr3jylyr,296444256222830774,,,,,,,,,,,,,,,,,,,,,,,,,,2673245546,,,,,,,,,,,,,,,,,,"BUBBLE TEA ROOM - Philadelphia, PA | Order Online | Japanese & Chinese Takeout",Gatsby 3.14.6,"We offer delicious tasting Asian cuisine, Poke Bowl, and Bubble Tea in Philadelphia, PA. Order online for pickup and enjoy your favorite dishes in the comfort of your home.","bubble tea room restaurant, bubble tea room, bubble tea room philadelphia, bubble tea room menu, philadelphia japanese takeout, philadelphia japanese food, philadelphia japanese restaurants, japanese takeout, best japanese food in philadelphia, japanese restaurants in philadelphia, japanese restaurants near me, japanese food near me, philadelphia chinese takeout, philadelphia chinese food, philadelphia chinese restaurants, chinese takeout, best chinese food in philadelphia, chinese restaurants in philadelphia, chinese restaurants near me, chinese food near me",False,True
"boba tea, 19185, Philadelphia, PA, US",Shing Tea 79,Shing Tea 79,https://shingtea79.com/,Bubble tea store,Bubble tea store,Bubble tea store,+1 484-358-5124,"1601 Cecil B. Moore Ave, Philadelphia, PA 19121",North Philadelphia,1601 Cecil B. Moore Ave,Philadelphia,19121,Pennsylvania,Pennsylvania,United States of America,US,39.9793246,-75.16123569999999,892a1348d63ffff,America/New_York,,False,4.8,56,"https://search.google.com/local/reviews?placeid=ChIJa-qpc9vHxokRjblK0QZEPvU&q=boba+tea,+19185,+Philadelphia,+PA,+US&authuser=0&hl=en&gl=US",,,2.0,0.0,0.0,2.0,52.0,213,https://lh3.googleusercontent.com/gps-cs-s/AB5caB-SwyAmJTU7a9TG-OH1rQgsxw9x6l38EtCaleq02mYsnoiV1X6-KNiSL6evCUnLCt_tXoeqQm7lvJc6U-WVl0ZFCVVzV7mVe904NWmc3AF30ngcN-8otDp1BHh5l2trthncL240=w800-h500-k-no,https://lh3.googleusercontent.com/gps-cs-s/AB5caB-SwyAmJTU7a9TG-OH1rQgsxw9x6l38EtCaleq02mYsnoiV1X6-KNiSL6evCUnLCt_tXoeqQm7lvJc6U-WVl0ZFCVVzV7mVe904NWmc3AF30ngcN-8otDp1BHh5l2trthncL240=w1600-h1000-k-no,,"{""Monday"": ""11:30AM-8PM"", ""Tuesday"": ""11:30AM-8PM"", ""Wednesday"": ""11:30AM-8PM"", ""Thursday"": ""11:30AM-8PM"", ""Friday"": ""11:30AM-8PM"", ""Saturday"": ""11:30AM-8PM"", ""Sunday"": ""Closed""}",Monday:11:30AM-8PM|Tuesday:11:30AM-8PM|Wednesday:11:30AM-8PM|Thursday:11:30AM-8PM|Friday:11:30AM-8PM|Saturday:11:30AM-8PM|Sunday:Closed,,,OPERATIONAL,"{""Service options"": {""Curbside pickup"": true, ""No-contact delivery"": true, ""Delivery"": true, ""Takeout"": true, ""Dine-in"": true}, ""Highlights"": {""Great tea selection"": true}}",$,,https://lh3.googleusercontent.com/-Dw3SkFcaTLI/AAAAAAAAAAI/AAAAAAAAAAA/TCrUv1VFyPM/s44-p-k-no-ns-nd/photo.jpg,,,True,107588268111689083075,Shing Tea 79,https://www.google.com/maps/contrib/107588268111689083075,,"https://www.google.com/viewer/chooseprovider?mid=/g/11k4j1py2n&g2lbs=AAEPWCtG0E9ctfhgIWpt4SM7-nggdfpygfuzgyuscLLjqWpmk-_Kp_3L0KlE2OCx3oCCPE22pBjFmcRqVOqAisbo5uRq8BnO6g%3D%3D&hl=en-US&gl=us&fo_m=MfohQo559jFvMUOzJVpjPL1YMfZ3bInYwBDuMfaXTPp5KXh-&utm_source=tactile&gei=CHwCaLb5J-K9kdUP4KjM2Aw&ei=CHwCaLb5J-K9kdUP4KjM2Aw&fo_s=OA,SOE&opi=79508299&ebb=1&cs=0&foub=mcpp",,,"https://www.google.com/maps/place/Shing+Tea+79/@39.9793246,-75.16123569999999,14z/data=!4m8!1m2!2m1!1sShing+Tea+79!3m4!1s0x89c6c7db73a9ea6b:0xf53e4406d14ab98d!8m2!3d39.9793246!4d-75.16123569999999","https://www.google.com/maps/place/Shing+Tea+79/@39.9793246,-75.16123569999999,13.99z/data=!4m16!1m7!3m6!1s0x89c6c7db73a9ea6b:0xf53e4406d14ab98d!2sShing+Tea+79!8m2!3d39.9793246!4d-75.16123569999999!16s%2Fg%2F11ckvg1dmb!3m7!1s0x89c6c7db73a9ea6b:0xf53e4406d14ab98d!8m2!3d39.9793246!4d-75.16123569999999!9m1!1b1!16s%2Fg%2F11ckvg1dmb?entry=ttu",ChIJa-qpc9vHxokRjblK0QZEPvU,0x89c6c7db73a9ea6b:0xf53e4406d14ab98d,17671636783920232845,/g/11k4j1py2n,-775107289789318771,,shingtea79@gmail.com,RECEIVING,SMTP validated,,,,,,,,,,,,,,,,,,,,,,14843585124,,,https://www.facebook.com/people/Shing-Tea-79/100090504968805/,https://www.instagram.com/shingtea79,,,,,,,,,,,,,,ShingTea 79 – All about Tea!,"Elementor 3.16.5; features: e_dom_optimization, e_optimized_assets_loading, e_optimized_css_loading, additional_custom_breakpoints; settings: css_print_method-external, google_font-enabled, font_display-auto",,,False,False
"boba tea, 19185, Philadelphia, PA, US",Gong Cha Philly - Wing Phat Plaza,Gong Cha Philly Wing Phat Plaza,https://gongchausa.com/,Bubble tea store,Bubble tea store,Bubble tea store,+1 215-551-2055,"1122 Washington Ave, Philadelphia, PA 19147",South Philadelphia,1122 Washington Ave,Philadelphia,19147,Pennsylvania,Pennsylvania,United States of America,US,39.937190099999995,-75.16272169999999,892a134d0d7ffff,America/New_York,,False,4.5,68,"https://search.google.com/local/reviews?placeid=ChIJ9yJg3UTHxokREeABXGTTGTo&q=boba+tea,+19185,+Philadelphia,+PA,+US&authuser=0&hl=en&gl=US",,,7.0,1.0,1.0,4.0,55.0,113,https://lh3.googleusercontent.com/gps-cs-s/AB5caB-qRUuUFVnwlgchDILNJFp2vALLvfgFSh7Xvrc5L2V_vBe42_ciZF8e2QeiF5TNU7ESLVYt5hlotRiWpDFrCQSYZYH4TZiGgH1ZGWJiQbHHeXOQHDCKkLmq3weFchFPsC4TZx0=w800-h500-k-no,https://lh3.googleusercontent.com/gps-cs-s/AB5caB-qRUuUFVnwlgchDILNJFp2vALLvfgFSh7Xvrc5L2V_vBe42_ciZF8e2QeiF5TNU7ESLVYt5hlotRiWpDFrCQSYZYH4TZiGgH1ZGWJiQbHHeXOQHDCKkLmq3weFchFPsC4TZx0=w1600-h1000-k-no,,"{""Monday"": ""11AM-8:30PM"", ""Tuesday"": ""11AM-8:30PM"", ""Wednesday"": ""11AM-8:30PM"", ""Thursday"": ""11AM-8:30PM"", ""Friday"": ""11AM-8:30PM"", ""Saturday"": ""11AM-8:30PM"", ""Sunday"": ""11AM-8:30PM""}",Monday:11AM-8:30PM|Tuesday:11AM-8:30PM|Wednesday:11AM-8:30PM|Thursday:11AM-8:30PM|Friday:11AM-8:30PM|Saturday:11AM-8:30PM|Sunday:11AM-8:30PM,,,OPERATIONAL,"{""Service options"": {""Takeout"": true, ""Dine-in"": true}, ""Highlights"": {""Great tea selection"": true}, ""Accessibility"": {""Wheelchair accessible entrance"": true}}",$,,https://lh5.googleusercontent.com/-w3daIrOxBjY/AAAAAAAAAAI/AAAAAAAAAAA/vJGWB9FRxIM/s44-p-k-no-ns-nd/photo.jpg,,,True,116109659267935464896,Gong Cha Philly - Wing Phat Plaza,https://www.google.com/maps/contrib/116109659267935464896,,"https://www.google.com/viewer/chooseprovider?mid=/g/11pzh638r4&g2lbs=AAEPWCtefycFdLGou6piPbp5AATxb_P0e9HXFaORKMaybRgR0a54FkpKVvNjmA62ulYzPifaeCd_-emC5332H8-zYkQ5VAVXNQ%3D%3D&hl=en-US&gl=us&fo_m=MfohQo559jFvMUOzJVpjPL1YMfZ3bInYwBDuMfaXTPp5KXh-&utm_source=tactile&gei=CHwCaLb5J-K9kdUP4KjM2Aw&ei=CHwCaLb5J-K9kdUP4KjM2Aw&fo_s=OA,SOE&opi=79508299&ebb=1&cs=0&foub=mcpp",,,"https://www.google.com/maps/place/Gong+Cha+Philly+-+Wing+Phat+Plaza/@39.937190099999995,-75.16272169999999,14z/data=!4m8!1m2!2m1!1sGong+Cha+Philly+-+Wing+Phat+Plaza!3m4!1s0x89c6c744dd6022f7:0x3a19d3645c01e011!8m2!3d39.937190099999995!4d-75.16272169999999","https://www.google.com/maps/place/Gong+Cha+Philly+-+Wing+Phat+Plaza/@39.937190099999995,-75.16272169999999,13.99z/data=!4m16!1m7!3m6!1s0x89c6c744dd6022f7:0x3a19d3645c01e011!2sGong+Cha+Philly+-+Wing+Phat+Plaza!8m2!3d39.937190099999995!4d-75.16272169999999!16s%2Fg%2F11ckvg1dmb!3m7!1s0x89c6c744dd6022f7:0x3a19d3645c01e011!8m2!3d39.937190099999995!4d-75.16272169999999!9m1!1b1!16s%2Fg%2F11ckvg1dmb?entry=ttu",ChIJ9yJg3UTHxokREeABXGTTGTo,0x89c6c744dd6022f7:0x3a19d3645c01e011,4186609756611403793,/g/11pzh638r4,4186609756611403793,,inquiries@gongchausa.com,RECEIVING,SMTP validated,Anchal Lamba,Anchal,Lamba,Managing Member,12123982716,anchal@gongchausa.com,RECEIVING,SMTP validated,Anchal Lamba,Anchal,Lamba,President,15163839000,rborgia@gongchausa.com,INVALID,Invalid SMTP,Robert Borgia,Robert,Borgia,Could Not Locate,15167496919,5168135642,15624748745,14697099380,https://www.facebook.com/gongchatea/,http://instagram.com/gongchatea,https://www.linkedin.com/company/gong-cha,https://www.tiktok.com/@gongcha.bubbletea,,,,,,,https://twitter.com/gongchatea,,,,,New Jersey – Jersey City - Gong cha,All in One SEO (AIOSEO) 4.7.7.2,Premium Quality Bubble Tea,,False,False
"boba tea, 19185, Philadelphia, PA, US",Soyu Coffee Shop,Soyu Coffee Shop,http://www.soyucoffee.com/,"Bubble tea store, Coffee shop",Bubble tea store,Bubble tea store,+1 215-975-0018,"4415 Chestnut St, Philadelphia, PA 19104",West Philadelphia,4415 Chestnut St,Philadelphia,19104,Pennsylvania,Pennsylvania,United States of America,US,39.9567524,-75.2102874,892aacb25d3ffff,America/New_York,,False,4.8,24,"https://search.google.com/local/reviews?placeid=ChIJE9BU30LHxokRBTMUDEhx7eI&q=boba+tea,+19185,+Philadelphia,+PA,+US&authuser=0&hl=en&gl=US",,,0.0,0.0,1.0,2.0,21.0,20,https://lh3.googleusercontent.com/gps-cs-s/AB5caB80hEa4PHMKQ_vQWc7Ocz3qsw0V9GzacllG5RHClhUdwn61LHc_N1k8HasssdUf9UqlVt6j6hovbaMSvLJBTZJUU5L8LZXtHTh9ZUS8ekXkF-RgW3webyYnrDSHwGQaovYn-lA=w800-h500-k-no,https://lh3.googleusercontent.com/gps-cs-s/AB5caB80hEa4PHMKQ_vQWc7Ocz3qsw0V9GzacllG5RHClhUdwn61LHc_N1k8HasssdUf9UqlVt6j6hovbaMSvLJBTZJUU5L8LZXtHTh9ZUS8ekXkF-RgW3webyYnrDSHwGQaovYn-lA=w1600-h1000-k-no,,"{""Monday"": ""7AM-7PM"", ""Tuesday"": ""7AM-7PM"", ""Wednesday"": ""7AM-7PM"", ""Thursday"": ""7AM-7PM"", ""Friday"": ""7AM-7PM"", ""Saturday"": ""7AM-7PM"", ""Sunday"": ""7AM-7PM""}",Monday:7AM-7PM|Tuesday:7AM-7PM|Wednesday:7AM-7PM|Thursday:7AM-7PM|Friday:7AM-7PM|Saturday:7AM-7PM|Sunday:7AM-7PM,,,OPERATIONAL,"{""Service options"": {""Takeout"": true}}",,,https://lh4.googleusercontent.com/-cDqCd-CW2vQ/AAAAAAAAAAI/AAAAAAAAAAA/ik6dnyPcpow/s44-p-k-no-ns-nd/photo.jpg,,,True,118268178931342552013,Soyu Coffee Shop,https://www.google.com/maps/contrib/118268178931342552013,,"https://www.google.com/viewer/chooseprovider?mid=/g/11yb_dmlhh&g2lbs=AAEPWCuecZvOUymPD4NSm9YiCjixOPeCoi5FAg642JmO-nLvo-7yKwwnRiwF52Xmdwt-AnRuv1KiO3GQmGGcVTdthB1S2ILhuA%3D%3D&hl=en-US&gl=us&fo_m=MfohQo559jFvMUOzJVpjPL1YMfZ3bInYwBDuMfaXTPp5KXh-&utm_source=tactile&gei=CHwCaLb5J-K9kdUP4KjM2Aw&ei=CHwCaLb5J-K9kdUP4KjM2Aw&fo_s=OA,SOE&opi=79508299&orderType=2&ebb=1&cs=0&foub=mcpp",,,"https://www.google.com/maps/place/Soyu+Coffee+Shop/@39.9567524,-75.2102874,14z/data=!4m8!1m2!2m1!1sSoyu+Coffee+Shop!3m4!1s0x89c6c742df54d013:0xe2ed71480c143305!8m2!3d39.9567524!4d-75.2102874","https://www.google.com/maps/place/Soyu+Coffee+Shop/@39.9567524,-75.2102874,13.99z/data=!4m16!1m7!3m6!1s0x89c6c742df54d013:0xe2ed71480c143305!2sSoyu+Coffee+Shop!8m2!3d39.9567524!4d-75.2102874!16s%2Fg%2F11ckvg1dmb!3m7!1s0x89c6c742df54d013:0xe2ed71480c143305!8m2!3d39.9567524!4d-75.2102874!9m1!1b1!16s%2Fg%2F11ckvg1dmb?entry=ttu",ChIJE9BU30LHxokRBTMUDEhx7eI,0x89c6c742df54d013:0xe2ed71480c143305,16351850376306373381,/g/11yb_dmlhh,-2094893697403178235,,,,,,,,,,,,,,,,,,,,,,,,,,,,,,,,,,,,,,,,,,,,,,,,,
"boba tea, 19185, Philadelphia, PA, US",Tea Do,Tea Do,http://tea-do.com/,"Bubble tea store, Cafe, Tea house",cafes,Bubble tea store,+1 215-925-8889,"132 N 10th St, Philadelphia, PA 19107",Center City East,132 N 10th St,Philadelphia,19107,Pennsylvania,Pennsylvania,United States of America,US,39.9545996,-75.1562232,892a134d4cfffff,America/New_York,,False,4.4,1253,"https://search.google.com/local/reviews?placeid=ChIJM7f0QCrGxokRKyePicHuv3M&q=boba+tea,+19185,+Philadelphia,+PA,+US&authuser=0&hl=en&gl=US",,,47.0,21.0,80.0,282.0,823.0,512,https://lh3.googleusercontent.com/gps-cs-s/AB5caB9in9_2IUvb1MpbjL-SzQTQS2OSxCHb5FpImbXweL7Bh1FNUrLH0F85m0Q6TD-JNnaGPfd6kJoNYBGGLQZmD2O92zR8QBsmtx12at7RovzIINlbiFwzCEEB-mM0PsBKibyRvy_XcQ=w800-h500-k-no,https://lh3.googleusercontent.com/gps-cs-s/AB5caB9in9_2IUvb1MpbjL-SzQTQS2OSxCHb5FpImbXweL7Bh1FNUrLH0F85m0Q6TD-JNnaGPfd6kJoNYBGGLQZmD2O92zR8QBsmtx12at7RovzIINlbiFwzCEEB-mM0PsBKibyRvy_XcQ=w1600-h1000-k-no,,"{""Monday"": ""10:30AM-10:30PM"", ""Tuesday"": ""10:30AM-10:30PM"", ""Wednesday"": ""10:30AM-10:30PM"", ""Thursday"": ""10:30AM-10:30PM"", ""Friday"": ""10:30AM-11:30PM"", ""Saturday"": ""10:30AM-11:30PM"", ""Sunday"": ""10:30AM-10:30PM""}",Monday:10:30AM-10:30PM|Tuesday:10:30AM-10:30PM|Wednesday:10:30AM-10:30PM|Thursday:10:30AM-10:30PM|Friday:10:30AM-11:30PM|Saturday:10:30AM-11:30PM|Sunday:10:30AM-10:30PM,,,OPERATIONAL,"{""Service options"": {""No-contact delivery"": true, ""Delivery"": true, ""Takeout"": true, ""Dine-in"": true}, ""Highlights"": {""Great coffee"": true, ""Great tea selection"": true}, ""Popular for"": {""Solo dining"": true}, ""Accessibility"": {""Wheelchair accessible entrance"": false, ""Wheelchair accessible parking lot"": false, ""Wheelchair accessible seating"": false}, ""Offerings"": {""Coffee"": true, ""Comfort food"": true, ""Late-night food"": true, ""Quick bite"": true, ""Small plates"": true}, ""Dining options"": {""Dessert"": true, ""Seating"": true}, ""Amenities"": {""Restroom"": true, ""Wi-Fi"": true}, ""Atmosphere"": {""Casual"": true, ""Cozy"": true, ""Trendy"": true}, ""Crowd"": {""College students"": true, ""Groups"": true, ""Tourists"": true}, ""Planning"": {""Usually a wait"": true, ""Accepts reservations"": false}, ""Payments"": {""Credit cards"": true, ""Debit cards"": true, ""NFC mobile payments"": true}, ""Children"": {""Good for kids"": true, ""High chairs"": true, ""Kids' menu"": true}}",$,,https://lh5.googleusercontent.com/-srNxRpVN2Zc/AAAAAAAAAAI/AAAAAAAAAAA/2H-JkVZu2Ss/s44-p-k-no-ns-nd/photo.jpg,"Modern, bustling teahouse with lots of beverages, including boba drinks, plus some Asian nibbles.",,True,116572456657959818860,Tea Do,https://www.google.com/maps/contrib/116572456657959818860,,"https://www.google.com/viewer/chooseprovider?mid=/g/1ptw9ppzw&g2lbs=AAEPWCsUlSEKtHNA3qYrbw46X8Iu0uhUC8VW0imNu_KszhAvj47ZWivkPp00D4GxzczYfn1C2idRsRL5C4iJqoLKeMFpDVfekQ%3D%3D&hl=en-US&gl=us&fo_m=MfohQo559jFvMUOzJVpjPL1YMfZ3bInYwBDuMfaXTPp5KXh-&utm_source=tactile&gei=CHwCaLb5J-K9kdUP4KjM2Aw&ei=CHwCaLb5J-K9kdUP4KjM2Aw&fo_s=OA,SOE&opi=79508299&ebb=1&cs=0&foub=mcpp",,,"https://www.google.com/maps/place/Tea+Do/@39.9545996,-75.1562232,14z/data=!4m8!1m2!2m1!1sTea+Do!3m4!1s0x89c6c62a40f4b733:0x73bfeec1898f272b!8m2!3d39.9545996!4d-75.1562232","https://www.google.com/maps/place/Tea+Do/@39.9545996,-75.1562232,13.99z/data=!4m16!1m7!3m6!1s0x89c6c62a40f4b733:0x73bfeec1898f272b!2sTea+Do!8m2!3d39.9545996!4d-75.1562232!16s%2Fg%2F11ckvg1dmb!3m7!1s0x89c6c62a40f4b733:0x73bfeec1898f272b!8m2!3d39.9545996!4d-75.1562232!9m1!1b1!16s%2Fg%2F11ckvg1dmb?entry=ttu",ChIJM7f0QCrGxokRKyePicHuv3M,0x89c6c62a40f4b733:0x73bfeec1898f272b,8340647549917407019,/g/1ptw9ppzw,8340647549917407019,,contact@tea-do.com,RECEIVING,SMTP validated,Info [Not Provided],Info,[Not Provided],,12159258889,,,,,,,,,,,,,,,,,,,,https://www.facebook.com/PhillyTeaDo,,,,,,,,,,,,,,,,,,,,
"boba tea, 19185, Philadelphia, PA, US",Gong cha-University City,Gong Cha University City,http://www.gongchausa.com/,Bubble tea store,Bubble tea store,Bubble tea store,+1 267-292-2490,"3925 Walnut St Ste 136, Philadelphia, PA 19104",West Philadelphia,3925 Walnut St Ste 136,Philadelphia,19104,Pennsylvania,Pennsylvania,United States of America,US,39.954269,-75.2015359,892aacb2593ffff,America/New_York,,False,4.9,150,"https://search.google.com/local/reviews?placeid=ChIJf9kwycPHxokRhSkqCiDmA88&q=boba+tea,+19185,+Philadelphia,+PA,+US&authuser=0&hl=en&gl=US",,,2.0,0.0,2.0,6.0,140.0,117,https://lh3.googleusercontent.com/gps-cs-s/AB5caB8PtDki4oGjrvnyeth3HSUhG-nEEX22erySOVIh7oItrXaMgY805-U7tA7pe6WOStRAOQdLBhNVdDC1nyB88LmldXU2mwVtA6mEbw2lkGcoxhDUtdBenry_bQKiZTYDHD1JL4wf_Q=w800-h500-k-no,https://lh3.googleusercontent.com/gps-cs-s/AB5caB8PtDki4oGjrvnyeth3HSUhG-nEEX22erySOVIh7oItrXaMgY805-U7tA7pe6WOStRAOQdLBhNVdDC1nyB88LmldXU2mwVtA6mEbw2lkGcoxhDUtdBenry_bQKiZTYDHD1JL4wf_Q=w1600-h1000-k-no,,"{""Monday"": ""11:30AM-9:30PM"", ""Tuesday"": ""11:30AM-9:30PM"", ""Wednesday"": ""11:30AM-9:30PM"", ""Thursday"": ""11:30AM-9:30PM"", ""Friday"": ""11:30AM-9:30PM"", ""Saturday"": ""11:30AM-9:30PM"", ""Sunday"": ""11:30AM-9:30PM""}",Monday:11:30AM-9:30PM|Tuesday:11:30AM-9:30PM|Wednesday:11:30AM-9:30PM|Thursday:11:30AM-9:30PM|Friday:11:30AM-9:30PM|Saturday:11:30AM-9:30PM|Sunday:11:30AM-9:30PM,,,OPERATIONAL,"{""Service options"": {""No-contact delivery"": true, ""Delivery"": true, ""Takeout"": true, ""Dine-in"": true}, ""Highlights"": {""Great tea selection"": true}}",$,,https://lh5.googleusercontent.com/-ilU_ITYn9oI/AAAAAAAAAAI/AAAAAAAAAAA/VV4KwkofgKs/s44-p-k-no-ns-nd/photo.jpg,,,True,117464111857472380676,Gong cha-University City,https://www.google.com/maps/contrib/117464111857472380676,,"https://www.google.com/viewer/chooseprovider?mid=/g/11v06120zx&g2lbs=AAEPWCuG3ZB9uFFvmdfgEF4YNYXBnAERyynywEFEf2PGT2JdJFHzztJEQVr84-Em5kUTsA-q5Dlmj5rgegwgOjbVGvnEZNrdYg%3D%3D&hl=en-US&gl=us&fo_m=MfohQo559jFvMUOzJVpjPL1YMfZ3bInYwBDuMfaXTPp5KXh-&utm_source=tactile&gei=CHwCaLb5J-K9kdUP4KjM2Aw&ei=CHwCaLb5J-K9kdUP4KjM2Aw&fo_s=OA,SOE&opi=79508299&ebb=1&cs=0&foub=mcpp",,,"https://www.google.com/maps/place/Gong+cha-University+City/@39.954269,-75.2015359,14z/data=!4m8!1m2!2m1!1sGong+cha-University+City!3m4!1s0x89c6c7c3c930d97f:0xcf03e6200a2a2985!8m2!3d39.954269!4d-75.2015359","https://www.google.com/maps/place/Gong+cha-University+City/@39.954269,-75.2015359,13.99z/data=!4m16!1m7!3m6!1s0x89c6c7c3c930d97f:0xcf03e6200a2a2985!2sGong+cha-University+City!8m2!3d39.954269!4d-75.2015359!16s%2Fg%2F11ckvg1dmb!3m7!1s0x89c6c7c3c930d97f:0xcf03e6200a2a2985!8m2!3d39.954269!4d-75.2015359!9m1!1b1!16s%2Fg%2F11ckvg1dmb?entry=ttu",ChIJf9kwycPHxokRhSkqCiDmA88,0x89c6c7c3c930d97f:0xcf03e6200a2a2985,14917019416065091973,/g/11v06120zx,-3529724657644459643,,inquiries@gongchausa.com,RECEIVING,SMTP validated,Anchal Lamba,Anchal,Lamba,Managing Member,12123982716,anchal@gongchausa.com,RECEIVING,SMTP validated,Anchal Lamba,Anchal,Lamba,President,15163839000,rborgia@gongchausa.com,INVALID,Invalid SMTP,Robert Borgia,Robert,Borgia,Could Not Locate,15167496919,5168135642,15624748745,14697099380,https://www.facebook.com/gongchatea/,http://instagram.com/gongchatea,https://www.linkedin.com/company/gong-cha,https://www.tiktok.com/@gongcha.bubbletea,,,,,,,https://twitter.com/gongchatea,,,,,New Jersey – Jersey City - Gong cha,All in One SEO (AIOSEO) 4.7.7.2,Premium Quality Bubble Tea,,False,False
"boba tea, 19185, Philadelphia, PA, US",Gong cha - Chinatown,Gong Cha Chinatown,http://www.gongchausa.com/,Bubble tea store,Bubble tea store,Bubble tea store,+1 267-606-7797,"917 Arch St, Philadelphia, PA 19107",Center City East,917 Arch St,Philadelphia,19107,Pennsylvania,Pennsylvania,United States of America,US,39.9535717,-75.1555516,892a134d4cfffff,America/New_York,,False,4.7,248,"https://search.google.com/local/reviews?placeid=ChIJl0Au14HHxokRLOf-kRzocgA&q=boba+tea,+19185,+Philadelphia,+PA,+US&authuser=0&hl=en&gl=US",,,8.0,6.0,3.0,16.0,215.0,118,https://lh3.googleusercontent.com/gps-cs-s/AB5caB9_1BVtQRV8JoRqlLayO22_YRPfKRqDHe906SZqrp_bx53LGSYGtr0-Q-DC-2mu9o5iCynE4olVI41gIJJ0VcJJDxpVuO6ts5NgALwMMu2YTSGuAsRTijM1gf-6yj4OGJ1LxXzUgA=w800-h500-k-no,https://lh3.googleusercontent.com/gps-cs-s/AB5caB9_1BVtQRV8JoRqlLayO22_YRPfKRqDHe906SZqrp_bx53LGSYGtr0-Q-DC-2mu9o5iCynE4olVI41gIJJ0VcJJDxpVuO6ts5NgALwMMu2YTSGuAsRTijM1gf-6yj4OGJ1LxXzUgA=w1600-h1000-k-no,,"{""Monday"": ""11AM-9PM"", ""Tuesday"": ""11AM-9PM"", ""Wednesday"": ""11AM-9PM"", ""Thursday"": ""11AM-9PM"", ""Friday"": ""11AM-10PM"", ""Saturday"": ""11AM-10PM"", ""Sunday"": ""11AM-9PM""}",Monday:11AM-9PM|Tuesday:11AM-9PM|Wednesday:11AM-9PM|Thursday:11AM-9PM|Friday:11AM-10PM|Saturday:11AM-10PM|Sunday:11AM-9PM,,,OPERATIONAL,"{""Service options"": {""No-contact delivery"": true, ""Delivery"": true, ""Onsite services"": true, ""Takeout"": true, ""Dine-in"": true}, ""Highlights"": {""Great tea selection"": true}}",$,,https://lh4.googleusercontent.com/-igvQO5yB_dM/AAAAAAAAAAI/AAAAAAAAAAA/oXDB8Orlhwo/s44-p-k-no-ns-nd/photo.jpg,,,True,111303082064495193073,Gong cha - Chinatown,https://www.google.com/maps/contrib/111303082064495193073,,"https://www.google.com/viewer/chooseprovider?mid=/g/11t0w3km7f&g2lbs=AAEPWCsgi8OVlVwRIEaiT_hRkDepQyzUnEOLsIyvwnQvEdmt6-QN-2ztF3TY_kHuiUVBehc0Tbmgug5EFCfmihWYn8wFQiMXbg%3D%3D&hl=en-US&gl=us&fo_m=MfohQo559jFvMUOzJVpjPL1YMfZ3bInYwBDuMfaXTPp5KXh-&utm_source=tactile&gei=CHwCaLb5J-K9kdUP4KjM2Aw&ei=CHwCaLb5J-K9kdUP4KjM2Aw&fo_s=OA,SOE&opi=79508299&ebb=1&cs=0&foub=mcpp",,,"https://www.google.com/maps/place/Gong+cha+-+Chinatown/@39.9535717,-75.1555516,14z/data=!4m8!1m2!2m1!1sGong+cha+-+Chinatown!3m4!1s0x89c6c781d72e4097:0x72e81c91fee72c!8m2!3d39.9535717!4d-75.1555516","https://www.google.com/maps/place/Gong+cha+-+Chinatown/@39.9535717,-75.1555516,13.99z/data=!4m16!1m7!3m6!1s0x89c6c781d72e4097:0x72e81c91fee72c!2sGong+cha+-+Chinatown!8m2!3d39.9535717!4d-75.1555516!16s%2Fg%2F11ckvg1dmb!3m7!1s0x89c6c781d72e4097:0x72e81c91fee72c!8m2!3d39.9535717!4d-75.1555516!9m1!1b1!16s%2Fg%2F11ckvg1dmb?entry=ttu",ChIJl0Au14HHxokRLOf-kRzocgA,0x89c6c781d72e4097:0x72e81c91fee72c,32343356751144748,/g/11t0w3km7f,32343356751144748,,inquiries@gongchausa.com,RECEIVING,SMTP validated,Anchal Lamba,Anchal,Lamba,Managing Member,12123982716,anchal@gongchausa.com,RECEIVING,SMTP validated,Anchal Lamba,Anchal,Lamba,President,15163839000,rborgia@gongchausa.com,INVALID,Invalid SMTP,Robert Borgia,Robert,Borgia,Could Not Locate,15167496919,5168135642,15624748745,14697099380,https://www.facebook.com/gongchatea/,http://instagram.com/gongchatea,https://www.linkedin.com/company/gong-cha,https://www.tiktok.com/@gongcha.bubbletea,,,,,,,https://twitter.com/gongchatea,,,,,New Jersey – Jersey City - Gong cha,All in One SEO (AIOSEO) 4.7.7.2,Premium Quality Bubble Tea,,False,False
"boba tea, 19185, Philadelphia, PA, US",CHICHA San Chen,Chicha San Chen,https://www.chichasanchenpa.com/,"Bubble tea store, Tea store",Bubble tea store,Bubble tea store,,"932 Race St, Philadelphia, PA 19107",Center City East,932 Race St,Philadelphia,19107,Pennsylvania,Pennsylvania,United States of America,US,39.9551912,-75.15556409999999,892a134d4cfffff,America/New_York,,False,4.4,306,"https://search.google.com/local/reviews?placeid=ChIJ0Rbl-0vHxokRUqMLqlG4dm4&q=boba+tea,+19185,+Philadelphia,+PA,+US&authuser=0&hl=en&gl=US",,,18.0,10.0,20.0,31.0,227.0,388,https://lh3.googleusercontent.com/gps-proxy/ALd4DhG_obgz0mci9oqO1vff4NhZZRYBAzHmIpg0AtUZWt7XGxm5KnkkBoVFn6BHhCt0DOqAyRxWXofAZSuiLP5L_nbU6xJYNcS0ifMTO460sQB77WyxeLlnYfP4vltY57lbOAHWq8VX11K-rJB-0CbhYe9mk3zMseERMW9ScKhsAbF8IiQCfOD3vg_-WQ=w800-h500-k-no,https://lh3.googleusercontent.com/gps-proxy/ALd4DhG_obgz0mci9oqO1vff4NhZZRYBAzHmIpg0AtUZWt7XGxm5KnkkBoVFn6BHhCt0DOqAyRxWXofAZSuiLP5L_nbU6xJYNcS0ifMTO460sQB77WyxeLlnYfP4vltY57lbOAHWq8VX11K-rJB-0CbhYe9mk3zMseERMW9ScKhsAbF8IiQCfOD3vg_-WQ=w1600-h1000-k-no,,"{""Monday"": ""12-9PM"", ""Tuesday"": ""12-9PM"", ""Wednesday"": ""12-9PM"", ""Thursday"": ""12-9PM"", ""Friday"": ""12-9:30PM"", ""Saturday"": ""12-9:30PM"", ""Sunday"": ""12-9PM""}",Monday:12-9PM|Tuesday:12-9PM|Wednesday:12-9PM|Thursday:12-9PM|Friday:12-9:30PM|Saturday:12-9:30PM|Sunday:12-9PM,,,OPERATIONAL,"{""Service options"": {""Onsite services"": true, ""Takeout"": true, ""Dine-in"": true, ""Delivery"": false}, ""Highlights"": {""Great tea selection"": true}, ""Accessibility"": {""Wheelchair accessible parking lot"": false}}",$,,https://lh5.googleusercontent.com/-njfqPpOpRl8/AAAAAAAAAAI/AAAAAAAAAAA/6IWjTrmplRM/s44-p-k-no-ns-nd/photo.jpg,,,True,113110037746369384653,CHICHA San Chen,https://www.google.com/maps/contrib/113110037746369384653,,"https://www.google.com/viewer/chooseprovider?mid=/g/11txl78gjr&g2lbs=AAEPWCuP2JQi3zvSWijhWHnmO5wbZISDIFTIXS05FFI88OCChu6fF0Na6daKQx-CDw-NJ4f0-T1YpISVR5vwAvR0layXFD1faw%3D%3D&hl=en-US&gl=us&fo_m=MfohQo559jFvMUOzJVpjPL1YMfZ3bInYwBDuMfaXTPp5KXh-&utm_source=tactile&gei=CHwCaLb5J-K9kdUP4KjM2Aw&ei=CHwCaLb5J-K9kdUP4KjM2Aw&fo_s=OA,SOE&opi=79508299&ebb=1&cs=0&foub=mcpp",,,"https://www.google.com/maps/place/CHICHA+San+Chen/@39.9551912,-75.15556409999999,14z/data=!4m8!1m2!2m1!1sCHICHA+San+Chen!3m4!1s0x89c6c74bfbe516d1:0x6e76b851aa0ba352!8m2!3d39.9551912!4d-75.15556409999999","https://www.google.com/maps/place/CHICHA+San+Chen/@39.9551912,-75.15556409999999,13.99z/data=!4m16!1m7!3m6!1s0x89c6c74bfbe516d1:0x6e76b851aa0ba352!2sCHICHA+San+Chen!8m2!3d39.9551912!4d-75.15556409999999!16s%2Fg%2F11ckvg1dmb!3m7!1s0x89c6c74bfbe516d1:0x6e76b851aa0ba352!8m2!3d39.9551912!4d-75.15556409999999!9m1!1b1!16s%2Fg%2F11ckvg1dmb?entry=ttu",ChIJ0Rbl-0vHxokRUqMLqlG4dm4,0x89c6c74bfbe516d1:0x6e76b851aa0ba352,7959752052308681554,/g/11txl78gjr,7959752052308681554,,,,,,,,,,,,,,,,,,,,,,,,,,,,,,,,,,,,,,,,,,,,,,,,,
"boba tea, 19185, Philadelphia, PA, US",Tea-Do,Tea Do,https://www.teadocafe.com/,"Bubble tea store, Cafe",cafes,Bubble tea store,+1 215-796-9357,"3816-36 Chestnut St #36, Philadelphia, PA 19104",West Philadelphia,3816-36 Chestnut St #36,Philadelphia,19104,Pennsylvania,Pennsylvania,United States of America,US,39.9546378,-75.1999359,892aacb2593ffff,America/New_York,,False,4.4,139,"https://search.google.com/local/reviews?placeid=ChIJGQVzTgbHxokRFkvjzyzjRGo&q=boba+tea,+19185,+Philadelphia,+PA,+US&authuser=0&hl=en&gl=US",,,12.0,1.0,8.0,21.0,97.0,55,https://lh3.googleusercontent.com/gps-cs-s/AB5caB_uR4IAg8Xn8XH9FbMSgDbtGuev9m5x2NoDns6PLSvLQcco2i02sf3DMp3kMBpSJtgLAa-XODeRYY0OUU5TluGrBUH0A8w-xQ2VHEW1WhZG2sIhzdch73neBpO-LZNN-CYviT8=w800-h500-k-no,https://lh3.googleusercontent.com/gps-cs-s/AB5caB_uR4IAg8Xn8XH9FbMSgDbtGuev9m5x2NoDns6PLSvLQcco2i02sf3DMp3kMBpSJtgLAa-XODeRYY0OUU5TluGrBUH0A8w-xQ2VHEW1WhZG2sIhzdch73neBpO-LZNN-CYviT8=w1600-h1000-k-no,,"{""Monday"": ""12-10PM"", ""Tuesday"": ""12-10PM"", ""Wednesday"": ""12-10PM"", ""Thursday"": ""12-10PM"", ""Friday"": ""12-10PM"", ""Saturday"": ""12-10PM"", ""Sunday"": ""12-10PM""}",Monday:12-10PM|Tuesday:12-10PM|Wednesday:12-10PM|Thursday:12-10PM|Friday:12-10PM|Saturday:12-10PM|Sunday:12-10PM,"[{""delivery"": {""Monday"": ""11 AM-9:20 PM"", ""Tuesday"": ""11 AM-9:20 PM"", ""Wednesday"": ""11 AM-9:20 PM"", ""Thursday"": ""11 AM-9:20 PM"", ""Friday"": ""11 AM-9:20 PM"", ""Saturday"": ""11 AM-9:20 PM"", ""Sunday"": ""11 AM-9:20 PM""}}]",,OPERATIONAL,"{""Service options"": {""Delivery"": true, ""Takeout"": true}, ""Highlights"": {""Great tea selection"": true, ""Sports"": true}, ""Popular for"": {""Solo dining"": true}, ""Accessibility"": {""Wheelchair accessible entrance"": true, ""Wheelchair accessible restroom"": true, ""Wheelchair accessible seating"": true}, ""Offerings"": {""Coffee"": true, ""Quick bite"": true}, ""Dining options"": {""Dessert"": true, ""Seating"": true}, ""Amenities"": {""Restroom"": true, ""Wi-Fi"": true}, ""Atmosphere"": {""Casual"": true, ""Cozy"": true, ""Trendy"": true}, ""Crowd"": {""College students"": true, ""Family-friendly"": true}, ""Planning"": {""Accepts reservations"": false}, ""Payments"": {""Credit cards"": true, ""Debit cards"": true, ""NFC mobile payments"": true}, ""Children"": {""Good for kids"": true, ""High chairs"": true}, ""Pets"": {""Dogs allowed"": true}}",$,,https://lh6.googleusercontent.com/-c_RwllVq5Yc/AAAAAAAAAAI/AAAAAAAAAAA/2H9bYbnvz4o/s44-p-k-no-ns-nd/photo.jpg,,,True,106318787685682891544,Tea-Do,https://www.google.com/maps/contrib/106318787685682891544,,"https://www.google.com/viewer/chooseprovider?mid=/g/11fl0wqzrd&g2lbs=AAEPWCtwOnQYOVaIYvQLvSzW3tErthaLEHhi60EjKOQiE6eRp0AD77lmnbJexfcw12aMx39lJy8AX2HREC4Wxk1TvF_lB3gJpQ%3D%3D&hl=en-US&gl=us&fo_m=MfohQo559jFvMUOzJVpjPL1YMfZ3bInYwBDuMfaXTPp5KXh-&utm_source=tactile&gei=CHwCaLb5J-K9kdUP4KjM2Aw&ei=CHwCaLb5J-K9kdUP4KjM2Aw&fo_s=OA,SOE&opi=79508299&ebb=1&cs=0&foub=mcpp",,,"https://www.google.com/maps/place/Tea-Do/@39.9546378,-75.1999359,14z/data=!4m8!1m2!2m1!1sTea-Do!3m4!1s0x89c6c7064e730519:0x6a44e32ccfe34b16!8m2!3d39.9546378!4d-75.1999359","https://www.google.com/maps/place/Tea-Do/@39.9546378,-75.1999359,13.99z/data=!4m16!1m7!3m6!1s0x89c6c7064e730519:0x6a44e32ccfe34b16!2sTea-Do!8m2!3d39.9546378!4d-75.1999359!16s%2Fg%2F11ckvg1dmb!3m7!1s0x89c6c7064e730519:0x6a44e32ccfe34b16!8m2!3d39.9546378!4d-75.1999359!9m1!1b1!16s%2Fg%2F11ckvg1dmb?entry=ttu",ChIJGQVzTgbHxokRFkvjzyzjRGo,0x89c6c7064e730519:0x6a44e32ccfe34b16,7657495048042531606,/g/11fl0wqzrd,7657495048042531606,,,,,,,,,,,,,,,,,,,,,,,,,,,,,,,,,,,,,,,,,,,,Home | teado,Wix.com Website Builder,,,False,False
"boba tea, 19185, Philadelphia, PA, US",Kung Fu Tea,Kung Fu Tea,https://www.kungfutea.com/,"Bubble tea store, Tea house",Bubble tea store,Bubble tea store,+1 215-798-6788,"2453 Grant Ave, Philadelphia, PA 19114",Northeast Philadelphia,2453 Grant Ave,Philadelphia,19114,Pennsylvania,Pennsylvania,United States of America,US,40.0802998,-75.0259967,892a134330fffff,America/New_York,,False,4.5,91,"https://search.google.com/local/reviews?placeid=ChIJ7VEv8wWzxokRLgfT6nwpLb4&q=boba+tea,+19185,+Philadelphia,+PA,+US&authuser=0&hl=en&gl=US",,,6.0,5.0,1.0,9.0,70.0,380,https://lh3.googleusercontent.com/gps-proxy/ALd4DhFklmw2c7GVjQ_RpcKDzy2C5sbUtRn49SplI7Ab8YVveSEs7tPrcxt6Nce2-L-ueoI4-qmlNx2Q9_bKeg3e2NiWoivybzHtc9tzlTv95BdmxkwmJAL0m7BxXuQLY9AC_zaq02GREhxa6BQEzsoX14023w3nyhckmqwUxl-9C4_jivHriF--FyE=w800-h500-k-no,https://lh3.googleusercontent.com/gps-proxy/ALd4DhFklmw2c7GVjQ_RpcKDzy2C5sbUtRn49SplI7Ab8YVveSEs7tPrcxt6Nce2-L-ueoI4-qmlNx2Q9_bKeg3e2NiWoivybzHtc9tzlTv95BdmxkwmJAL0m7BxXuQLY9AC_zaq02GREhxa6BQEzsoX14023w3nyhckmqwUxl-9C4_jivHriF--FyE=w1600-h1000-k-no,,"{""Monday"": ""11AM-10PM"", ""Tuesday"": ""11AM-10PM"", ""Wednesday"": ""11AM-10PM"", ""Thursday"": ""11AM-10PM"", ""Friday"": ""11AM-10PM"", ""Saturday"": ""11AM-10PM"", ""Sunday"": ""11AM-10PM""}",Monday:11AM-10PM|Tuesday:11AM-10PM|Wednesday:11AM-10PM|Thursday:11AM-10PM|Friday:11AM-10PM|Saturday:11AM-10PM|Sunday:11AM-10PM,,,OPERATIONAL,"{""Service options"": {""Delivery"": true, ""Takeout"": true, ""Dine-in"": true}, ""Highlights"": {""Great tea selection"": true}, ""Accessibility"": {""Wheelchair accessible entrance"": true, ""Wheelchair accessible restroom"": true}}",$,,https://lh5.googleusercontent.com/-qO91A2gTUzw/AAAAAAAAAAI/AAAAAAAAAAA/n9OXBy3j8H0/s44-p-k-no-ns-nd/photo.jpg,"Bubble tea specialist with a selection of other hot & cold drinks, including coffee & slushes.",,True,116680582201799482695,Kung Fu Tea,https://www.google.com/maps/contrib/116680582201799482695,,"https://www.google.com/viewer/chooseprovider?mid=/g/11pcndbk57&g2lbs=AAEPWCsOVtfqrurreljIzxbcYixJ7Lz862xk2M4g6sLxOT_EwAmzC2qZQOi7_cjyLPM2YUgLudsH7wEv7L98gGkkBMxtQdwdBA%3D%3D&hl=en-US&gl=us&fo_m=MfohQo559jFvMUOzJVpjPL1YMfZ3bInYwBDuMfaXTPp5KXh-&utm_source=tactile&gei=CHwCaLb5J-K9kdUP4KjM2Aw&ei=CHwCaLb5J-K9kdUP4KjM2Aw&fo_s=OA,SOE&opi=79508299&ebb=1&cs=0&foub=mcpp",,,"https://www.google.com/maps/place/Kung+Fu+Tea/@40.0802998,-75.0259967,14z/data=!4m8!1m2!2m1!1sKung+Fu+Tea!3m4!1s0x89c6b305f32f51ed:0xbe2d297cead3072e!8m2!3d40.0802998!4d-75.0259967","https://www.google.com/maps/place/Kung+Fu+Tea/@40.0802998,-75.0259967,13.99z/data=!4m16!1m7!3m6!1s0x89c6b305f32f51ed:0xbe2d297cead3072e!2sKung+Fu+Tea!8m2!3d40.0802998!4d-75.0259967!16s%2Fg%2F11ckvg1dmb!3m7!1s0x89c6b305f32f51ed:0xbe2d297cead3072e!8m2!3d40.0802998!4d-75.0259967!9m1!1b1!16s%2Fg%2F11ckvg1dmb?entry=ttu",ChIJ7VEv8wWzxokRLgfT6nwpLb4,0x89c6b305f32f51ed:0xbe2d297cead3072e,13703654857650669358,/g/11pcndbk57,-4743089216058882258,,support@armsglobalinc.com,RECEIVING,Role,,,,,,marketing@kfteausa.com,RECEIVING,SMTP validated,,,,,,delivery_help@grubhub.com,RECEIVING,SMTP validated,,,,,,+1 724-544-6367,+1 855-538-9888,15402175182,https://www.facebook.com/kungfuteausa/,https://www.instagram.com/kungfuteausa,https://www.linkedin.com/company/kung-fu-tea,https://www.tiktok.com/@kungfutea,,,,,,,https://twitter.com/kfteausa,,,,,Menu — Kung Fu Tea | Fresh - Innovative - Fearless leading tea brand,WordPress 6.3,"Menu At Kung Fu Tea, every beverage is made-to-order with real Kung Fu. Our tea is freshly brewed every 3 hours using premium tea leaves. You can choose from classic teas, milk teas, fruit teas, slushies and more. Each drink is customized by you! You get to pick your toppings,…",,False,True
"boba tea, 19185, Philadelphia, PA, US",Kung Fu Tea,Kung Fu Tea,https://kungfutea.com/,"Bubble tea store, Beverage distributor, Cafe, Chicken wings restaurant, Fast food restaurant",Bubble tea store,Bubble tea store,+1 267-344-8073,"2222 Cottman Ave, Philadelphia, PA 19149",Northeast Philadelphia,2222 Cottman Ave,Philadelphia,19149,Pennsylvania,Pennsylvania,United States of America,US,40.048564999999996,-75.061782,892a1341153ffff,America/New_York,,False,4.2,513,"https://search.google.com/local/reviews?placeid=ChIJjQ4PZaC2xokR5XMCYNVeTPw&q=boba+tea,+19185,+Philadelphia,+PA,+US&authuser=0&hl=en&gl=US",,,54.0,11.0,40.0,90.0,318.0,477,https://lh3.googleusercontent.com/p/AF1QipM4QEKY2OK550lWrmoM_tZt4Ol6XzU-NFcPYSmy=w800-h500-k-no,https://lh3.googleusercontent.com/p/AF1QipM4QEKY2OK550lWrmoM_tZt4Ol6XzU-NFcPYSmy=w1600-h1000-k-no,,"{""Monday"": ""11AM-10PM"", ""Tuesday"": ""11AM-10PM"", ""Wednesday"": ""11AM-10PM"", ""Thursday"": ""11AM-10PM"", ""Friday"": ""11AM-10PM"", ""Saturday"": ""11AM-10PM"", ""Sunday"": ""11AM-10PM""}",Monday:11AM-10PM|Tuesday:11AM-10PM|Wednesday:11AM-10PM|Thursday:11AM-10PM|Friday:11AM-10PM|Saturday:11AM-10PM|Sunday:11AM-10PM,,,OPERATIONAL,"{""Service options"": {""Takeout"": true, ""Dine-in"": true, ""Delivery"": false}, ""Highlights"": {""Great tea selection"": true}, ""Accessibility"": {""Wheelchair accessible entrance"": true, ""Wheelchair accessible restroom"": true}, ""Parking"": {""Free street parking"": true}}",$,,https://lh5.googleusercontent.com/-IwI_YM9D-KY/AAAAAAAAAAI/AAAAAAAAAAA/k1IfjnfNS-g/s44-p-k-no-ns-nd/photo.jpg,"Bubble tea specialist with a selection of other hot & cold drinks, including coffee & slushes.",,True,116074179746948835549,Kung Fu Tea,https://www.google.com/maps/contrib/116074179746948835549,,"https://www.google.com/viewer/chooseprovider?mid=/g/11b6_f8b_w&g2lbs=AAEPWCtT7sgmAY3p0ZClOTfTTEcVazK3fKXgE5GG5pLtOzkqDoIZbPE1ArkVzqybsk8xt59Hp17bqW7j_JtOIGn3UfcAzreFig%3D%3D&hl=en-US&gl=us&fo_m=MfohQo559jFvMUOzJVpjPL1YMfZ3bInYwBDuMfaXTPp5KXh-&utm_source=tactile&gei=CHwCaLb5J-K9kdUP4KjM2Aw&ei=CHwCaLb5J-K9kdUP4KjM2Aw&fo_s=OA,SOE&opi=79508299&ebb=1&cs=0&foub=mcpp",,,"https://www.google.com/maps/place/Kung+Fu+Tea/@40.048564999999996,-75.061782,14z/data=!4m8!1m2!2m1!1sKung+Fu+Tea!3m4!1s0x89c6b6a0650f0e8d:0xfc4c5ed5600273e5!8m2!3d40.048564999999996!4d-75.061782","https://www.google.com/maps/place/Kung+Fu+Tea/@40.048564999999996,-75.061782,13.99z/data=!4m16!1m7!3m6!1s0x89c6b6a0650f0e8d:0xfc4c5ed5600273e5!2sKung+Fu+Tea!8m2!3d40.048564999999996!4d-75.061782!16s%2Fg%2F11ckvg1dmb!3m7!1s0x89c6b6a0650f0e8d:0xfc4c5ed5600273e5!8m2!3d40.048564999999996!4d-75.061782!9m1!1b1!16s%2Fg%2F11ckvg1dmb?entry=ttu",ChIJjQ4PZaC2xokR5XMCYNVeTPw,0x89c6b6a0650f0e8d:0xfc4c5ed5600273e5,18180010066319668197,/g/11b6_f8b_w,-266734007389883419,,support@armsglobalinc.com,RECEIVING,Role,,,,,,marketing@kfteausa.com,RECEIVING,SMTP validated,,,,,,delivery_help@grubhub.com,RECEIVING,SMTP validated,,,,,,+1 724-544-6367,+1 855-538-9888,15402175182,https://www.facebook.com/kungfuteausa/,https://www.instagram.com/kungfuteausa,https://www.linkedin.com/company/kung-fu-tea,https://www.tiktok.com/@kungfutea,,,,,,,https://twitter.com/kfteausa,,,,,Menu — Kung Fu Tea | Fresh - Innovative - Fearless leading tea brand,WordPress 6.3,"Menu At Kung Fu Tea, every beverage is made-to-order with real Kung Fu. Our tea is freshly brewed every 3 hours using premium tea leaves. You can choose from classic teas, milk teas, fruit teas, slushies and more. Each drink is customized by you! You get to pick your toppings,…",,False,True
"boba tea, 19185, Philadelphia, PA, US",T.UNI Tea Cafe,T Uni Tea Cafe,http://www.yifangphilly.com/,Bubble tea store,Bubble tea store,Bubble tea store,+1 267-352-6700,"3401 Walnut St, Philadelphia, PA 19104",West Philadelphia,3401 Walnut St,Philadelphia,19104,Pennsylvania,Pennsylvania,United States of America,US,39.9529913,-75.1922872,892a134d65bffff,America/New_York,,False,3.6,24,"https://search.google.com/local/reviews?placeid=ChIJXTL7s_THxokRn6MEgcDJfsc&q=boba+tea,+19185,+Philadelphia,+PA,+US&authuser=0&hl=en&gl=US",,,7.0,1.0,1.0,0.0,15.0,40,https://lh3.googleusercontent.com/p/AF1QipOcG_A-iu-1nTwvxHzBqptZzJ_aIOp362MQ2i_K=w800-h500-k-no,https://lh3.googleusercontent.com/p/AF1QipOcG_A-iu-1nTwvxHzBqptZzJ_aIOp362MQ2i_K=w1600-h1000-k-no,,"{""Monday"": ""11AM-8PM"", ""Tuesday"": ""11AM-8PM"", ""Wednesday"": ""11AM-8PM"", ""Thursday"": ""11AM-8PM"", ""Friday"": ""11AM-8PM"", ""Saturday"": ""12-6PM"", ""Sunday"": ""Closed""}",Monday:11AM-8PM|Tuesday:11AM-8PM|Wednesday:11AM-8PM|Thursday:11AM-8PM|Friday:11AM-8PM|Saturday:12-6PM|Sunday:Closed,,,OPERATIONAL,"{""Service options"": {""No-contact delivery"": true, ""Delivery"": true, ""Takeout"": true, ""Dine-in"": true}, ""Highlights"": {""Great tea selection"": true}}",$,,https://lh3.googleusercontent.com/-GLUBG2vctTE/AAAAAAAAAAI/AAAAAAAAAAA/0h5TZXw_6Hc/s44-p-k-no-ns-nd/photo.jpg,,,True,111345838025801055226,T.UNI Tea Cafe,https://www.google.com/maps/contrib/111345838025801055226,,"https://www.google.com/viewer/chooseprovider?mid=/g/11tsv8480c&g2lbs=AAEPWCvQ26rycFo81cWn5JP7yQOSXc5hXrMr8OoXA5s3LNeJzAxO--cay5VVDIZMfbIaRhN-mwqWE4EQPhGIQUgPDtzZ-Jk7-A%3D%3D&hl=en-US&gl=us&fo_m=MfohQo559jFvMUOzJVpjPL1YMfZ3bInYwBDuMfaXTPp5KXh-&utm_source=tactile&gei=CXwCaPjxMp2bkdUPsOLnkQw&ei=CXwCaPjxMp2bkdUPsOLnkQw&fo_s=OA,SOE&opi=79508299&orderType=2&ebb=1&cs=0&foub=mcpp",,,"https://www.google.com/maps/place/T.UNI+Tea+Cafe/@39.9529913,-75.1922872,14z/data=!4m8!1m2!2m1!1sT.UNI+Tea+Cafe!3m4!1s0x89c6c7f4b3fb325d:0xc77ec9c08104a39f!8m2!3d39.9529913!4d-75.1922872","https://www.google.com/maps/place/T.UNI+Tea+Cafe/@39.9529913,-75.1922872,13.99z/data=!4m16!1m7!3m6!1s0x89c6c7f4b3fb325d:0xc77ec9c08104a39f!2sT.UNI+Tea+Cafe!8m2!3d39.9529913!4d-75.1922872!16s%2Fg%2F11ckvg1dmb!3m7!1s0x89c6c7f4b3fb325d:0xc77ec9c08104a39f!8m2!3d39.9529913!4d-75.1922872!9m1!1b1!16s%2Fg%2F11ckvg1dmb?entry=ttu",ChIJXTL7s_THxokRn6MEgcDJfsc,0x89c6c7f4b3fb325d:0xc77ec9c08104a39f,14375148889248670623,/g/11tsv8480c,-4071595184460880993,,1501kkone@gmail.com,RECEIVING,SMTP validated,,,,,,,,,,,,,,,,,,,,,,,,,,,,,,,,,,,,,,,,"Yifang Taiwan Fruit Tea | Order Now for Refreshing Fruit Tea Delights | Taiwan Fruit Tea Shop in Philadelphia, PA",Wix.com Website Builder,"Quench your thirst with the vibrant flavors of Taiwan Fruit Tea at Yifang! Order now to experience the refreshing blend of premium teas and fresh fruits at our shop located at 1501 North Broad Street, Philadelphia, PA 19122. Indulge in the unique taste of authentic Taiwan Fruit Tea, expertly crafted to perfection. Join us for a delightful journey of flavors that will transport you to the streets of Taiwan.",,False,False
"boba tea, 19185, Philadelphia, PA, US",Gong Cha - Old City,Gong Cha Old City,https://gongchausa.com/,"Bubble tea store, Cafe, Coffee shop",Bubble tea store,Bubble tea store,+1 215-315-9130,"130 Chestnut St Suite 1, Philadelphia, PA 19106",Center City East,130 Chestnut St Suite 1,Philadelphia,19106,Pennsylvania,Pennsylvania,United States of America,US,39.9482923,-75.1436595,892a134d4bbffff,America/New_York,,False,4.8,87,"https://search.google.com/local/reviews?placeid=ChIJN6N9Y9PJxokRiNY1JwVJeV0&q=boba+tea,+19185,+Philadelphia,+PA,+US&authuser=0&hl=en&gl=US",,,3.0,0.0,0.0,3.0,81.0,165,https://lh3.googleusercontent.com/gps-cs-s/AB5caB_w1u41IWl03Uh9Bt8qRzvypiGRM5x31v8AHtzXuGI6vUD89qZ7_LzAi4sMYANi_TmyFwSdGiPCfPYtl5OUMO1yg_lP3-fpsvIVLlYGWGfjwuVACmpvjDf41-kR3NOARjn0o8s=w800-h500-k-no,https://lh3.googleusercontent.com/gps-cs-s/AB5caB_w1u41IWl03Uh9Bt8qRzvypiGRM5x31v8AHtzXuGI6vUD89qZ7_LzAi4sMYANi_TmyFwSdGiPCfPYtl5OUMO1yg_lP3-fpsvIVLlYGWGfjwuVACmpvjDf41-kR3NOARjn0o8s=w1600-h1000-k-no,,"{""Monday"": ""12-8:30PM"", ""Tuesday"": ""12-8:30PM"", ""Wednesday"": ""12-8:30PM"", ""Thursday"": ""12-8:30PM"", ""Friday"": ""12-9:30PM"", ""Saturday"": ""11AM-9:30PM"", ""Sunday"": ""11AM-9:30PM""}",Monday:12-8:30PM|Tuesday:12-8:30PM|Wednesday:12-8:30PM|Thursday:12-8:30PM|Friday:12-9:30PM|Saturday:11AM-9:30PM|Sunday:11AM-9:30PM,,,OPERATIONAL,"{""Service options"": {""Curbside pickup"": true, ""No-contact delivery"": true, ""Onsite services"": true, ""Takeout"": true, ""Dine-in"": true}, ""Highlights"": {""Great tea selection"": true}, ""Accessibility"": {""Wheelchair accessible restroom"": true}}",$,,https://lh4.googleusercontent.com/-Vu5IBB3CRho/AAAAAAAAAAI/AAAAAAAAAAA/vnIYfi3oYRI/s44-p-k-no-ns-nd/photo.jpg,,,True,102129335082274019890,Gong Cha - Old City,https://www.google.com/maps/contrib/102129335082274019890,,"https://www.google.com/viewer/chooseprovider?mid=/g/11t_skdsfm&g2lbs=AAEPWCtXj7Ftmg4JhdHifUxNs6tfpxJ4AoIeLgfhThsy31sorEMhQMO0sF6b7CYvqDYa-rp_AUcPqNHbog7QfJZ3G7vl891qeg%3D%3D&hl=en-US&gl=us&fo_m=MfohQo559jFvMUOzJVpjPL1YMfZ3bInYwBDuMfaXTPp5KXh-&utm_source=tactile&gei=CXwCaPjxMp2bkdUPsOLnkQw&ei=CXwCaPjxMp2bkdUPsOLnkQw&fo_s=OA,SOE&opi=79508299&ebb=1&cs=0&foub=mcpp",,,"https://www.google.com/maps/place/Gong+Cha+-+Old+City/@39.9482923,-75.1436595,14z/data=!4m8!1m2!2m1!1sGong+Cha+-+Old+City!3m4!1s0x89c6c9d3637da337:0x5d7949052735d688!8m2!3d39.9482923!4d-75.1436595","https://www.google.com/maps/place/Gong+Cha+-+Old+City/@39.9482923,-75.1436595,13.99z/data=!4m16!1m7!3m6!1s0x89c6c9d3637da337:0x5d7949052735d688!2sGong+Cha+-+Old+City!8m2!3d39.9482923!4d-75.1436595!16s%2Fg%2F11ckvg1dmb!3m7!1s0x89c6c9d3637da337:0x5d7949052735d688!8m2!3d39.9482923!4d-75.1436595!9m1!1b1!16s%2Fg%2F11ckvg1dmb?entry=ttu",ChIJN6N9Y9PJxokRiNY1JwVJeV0,0x89c6c9d3637da337:0x5d7949052735d688,6735495004190791304,/g/11t_skdsfm,6735495004190791304,,inquiries@gongchausa.com,RECEIVING,SMTP validated,Anchal Lamba,Anchal,Lamba,Managing Member,12123982716,anchal@gongchausa.com,RECEIVING,SMTP validated,Anchal Lamba,Anchal,Lamba,President,15163839000,rborgia@gongchausa.com,INVALID,Invalid SMTP,Robert Borgia,Robert,Borgia,Could Not Locate,15167496919,5168135642,15624748745,14697099380,https://www.facebook.com/gongchatea/,http://instagram.com/gongchatea,https://www.linkedin.com/company/gong-cha,https://www.tiktok.com/@gongcha.bubbletea,,,,,,,https://twitter.com/gongchatea,,,,,New Jersey – Jersey City - Gong cha,All in One SEO (AIOSEO) 4.7.7.2,Premium Quality Bubble Tea,,False,False
"boba tea, 19185, Philadelphia, PA, US",Mr. Wish Northeast,Mr Wish Northeast,http://www.mr-wish.com/,"Bubble tea store, Tea house",Bubble tea store,Bubble tea store,+1 267-938-3861,"6846 Bustleton Ave, Philadelphia, PA 19149",Northeast Philadelphia,6846 Bustleton Ave,Philadelphia,19149,Pennsylvania,Pennsylvania,United States of America,US,40.041706399999995,-75.0647209,892a134117bffff,America/New_York,,False,4.4,375,"https://search.google.com/local/reviews?placeid=ChIJvXP8J5y2xokR8s6gqpre94o&q=boba+tea,+19185,+Philadelphia,+PA,+US&authuser=0&hl=en&gl=US",,,19.0,8.0,23.0,79.0,246.0,231,https://lh3.googleusercontent.com/gps-proxy/ALd4DhHGTUd2Ok8-NTvp821mNpPOYC7vTKfBCWK2vemrlf6eEgLME_Hm8Cnu1v1mz_xwRZx7NjyO5jkWYJWryT4lrprpXphNXf7N6dRvsicWavluZSvD-qYFjcaLyOXjfzXi4UlT3byCaCiJncfqiUAjCD89yUHw8KtEjgHAQNi8_ulKS7kNr7z0L1Ganw=w800-h500-k-no,https://lh3.googleusercontent.com/gps-proxy/ALd4DhHGTUd2Ok8-NTvp821mNpPOYC7vTKfBCWK2vemrlf6eEgLME_Hm8Cnu1v1mz_xwRZx7NjyO5jkWYJWryT4lrprpXphNXf7N6dRvsicWavluZSvD-qYFjcaLyOXjfzXi4UlT3byCaCiJncfqiUAjCD89yUHw8KtEjgHAQNi8_ulKS7kNr7z0L1Ganw=w1600-h1000-k-no,,"{""Monday"": ""10AM-9PM"", ""Tuesday"": ""10AM-9PM"", ""Wednesday"": ""10AM-9PM"", ""Thursday"": ""10AM-9PM"", ""Friday"": ""10AM-10PM"", ""Saturday"": ""10AM-10PM"", ""Sunday"": ""10AM-10PM""}",Monday:10AM-9PM|Tuesday:10AM-9PM|Wednesday:10AM-9PM|Thursday:10AM-9PM|Friday:10AM-10PM|Saturday:10AM-10PM|Sunday:10AM-10PM,,,OPERATIONAL,"{""Service options"": {""Delivery"": true, ""Takeout"": true, ""Dine-in"": true}, ""Highlights"": {""Great tea selection"": true}, ""Accessibility"": {""Wheelchair accessible entrance"": true}}",$,,https://lh4.googleusercontent.com/-SxkQDX0Cw_o/AAAAAAAAAAI/AAAAAAAAAAA/JeyjY3FswNc/s44-p-k-no-ns-nd/photo.jpg,,,True,109342415261010162498,Mr. Wish Northeast,https://www.google.com/maps/contrib/109342415261010162498,,"https://www.google.com/viewer/chooseprovider?mid=/g/11bt_jjy9q&g2lbs=AAEPWCuzpWXLs5djOwZfJ2bRN-WKpJELf8tLLXRxkraBt9-rODqqrbofN-GYHYjANXN_SVvLmLkDznFcguMXWlGZmyPHg-yQuQ%3D%3D&hl=en-US&gl=us&fo_m=MfohQo559jFvMUOzJVpjPL1YMfZ3bInYwBDuMfaXTPp5KXh-&utm_source=tactile&gei=CXwCaPjxMp2bkdUPsOLnkQw&ei=CXwCaPjxMp2bkdUPsOLnkQw&fo_s=OA,SOE&opi=79508299&ebb=1&cs=0&foub=mcpp",,,"https://www.google.com/maps/place/Mr.+Wish+Northeast/@40.041706399999995,-75.0647209,14z/data=!4m8!1m2!2m1!1sMr.+Wish+Northeast!3m4!1s0x89c6b69c27fc73bd:0x8af7de9aaaa0cef2!8m2!3d40.041706399999995!4d-75.0647209","https://www.google.com/maps/place/Mr.+Wish+Northeast/@40.041706399999995,-75.0647209,13.99z/data=!4m16!1m7!3m6!1s0x89c6b69c27fc73bd:0x8af7de9aaaa0cef2!2sMr.+Wish+Northeast!8m2!3d40.041706399999995!4d-75.0647209!16s%2Fg%2F11ckvg1dmb!3m7!1s0x89c6b69c27fc73bd:0x8af7de9aaaa0cef2!8m2!3d40.041706399999995!4d-75.0647209!9m1!1b1!16s%2Fg%2F11ckvg1dmb?entry=ttu",ChIJvXP8J5y2xokR8s6gqpre94o,0x89c6b69c27fc73bd:0x8af7de9aaaa0cef2,10013717052350582514,/g/11bt_jjy9q,-8433027021358969102,,,,,,,,,,,,,,,,,,,,,,,,,,886968630793,88662675178,886426623792,https://www.facebook.com/107583704141312,https://www.instagram.com/mr.wish_tw,,https://www.tiktok.com/@maysun_boy,,,,,,,,,,,,Mr.Wish 鮮果茶玩家,,以「鮮果茶玩家」打響名號，保持原有理念且加上專業創新，我們花了十年找到了味蕾品嘗自然滋味的最佳比例，請走進我們堅持品質的WISH果子工作坊,Mr.Wish Mrwish mrwish 果茶 手搖飲 水果茶 加盟 連鎖 創業,True,True
"boba tea, 19185, Philadelphia, PA, US",Mr. Wish South Philly,Mr Wish South Philly,http://mrwishusa.com/,Bubble tea store,Bubble tea store,Bubble tea store,+1 215-454-6684,"1100 Washington Ave Unit G, Philadelphia, PA 19147",South Philadelphia,1100 Washington Ave Unit G,Philadelphia,19147,Pennsylvania,Pennsylvania,United States of America,US,39.9363124,-75.1620133,892a134d08bffff,America/New_York,,False,4.3,190,"https://search.google.com/local/reviews?placeid=ChIJ-1q0HxnGxokROfd3lDhQi7o&q=boba+tea,+19185,+Philadelphia,+PA,+US&authuser=0&hl=en&gl=US",,,17.0,6.0,10.0,31.0,126.0,128,https://lh3.googleusercontent.com/gps-cs-s/AB5caB_9_L0gMcv7LAdkWoO_IgUYl87ul47ZeaDToiBncxHbUcNrHwO9D0VVyaGi7vUEYLjNfWOMHfvfieRwV71qinBB36TqSkXCwwmpSch50O88QHQggEm-xhIdWiJT5cMkdFf6j8aIqQ=w800-h500-k-no,https://lh3.googleusercontent.com/gps-cs-s/AB5caB_9_L0gMcv7LAdkWoO_IgUYl87ul47ZeaDToiBncxHbUcNrHwO9D0VVyaGi7vUEYLjNfWOMHfvfieRwV71qinBB36TqSkXCwwmpSch50O88QHQggEm-xhIdWiJT5cMkdFf6j8aIqQ=w1600-h1000-k-no,,"{""Monday"": ""10AM-9PM"", ""Tuesday"": ""10AM-9PM"", ""Wednesday"": ""10AM-9PM"", ""Thursday"": ""10AM-9PM"", ""Friday"": ""10AM-10PM"", ""Saturday"": ""10AM-10PM"", ""Sunday"": ""10AM-9PM""}",Monday:10AM-9PM|Tuesday:10AM-9PM|Wednesday:10AM-9PM|Thursday:10AM-9PM|Friday:10AM-10PM|Saturday:10AM-10PM|Sunday:10AM-9PM,,,OPERATIONAL,"{""Service options"": {""No-contact delivery"": true, ""Delivery"": true, ""Takeout"": true}, ""Highlights"": {""Great tea selection"": true}, ""Accessibility"": {""Wheelchair accessible entrance"": true, ""Wheelchair accessible parking lot"": true, ""Wheelchair accessible restroom"": true}}",$,,https://lh4.googleusercontent.com/-ySCxxBhYKn8/AAAAAAAAAAI/AAAAAAAAAAA/ZG_khkD9TYI/s44-p-k-no-ns-nd/photo.jpg,,,True,101679775061987961699,Mr. Wish South Philly,https://www.google.com/maps/contrib/101679775061987961699,,"https://www.google.com/viewer/chooseprovider?mid=/g/11fxxy65tk&g2lbs=AAEPWCs7O-c49fYTj0sVVcbAIbA-Sn0agB05swYPdaDNT-p6Ff3vSdbKNQVwf1QX-hWvGSHDSNzAAnWNudX0yf0x93Ey0fDXbA%3D%3D&hl=en-US&gl=us&fo_m=MfohQo559jFvMUOzJVpjPL1YMfZ3bInYwBDuMfaXTPp5KXh-&utm_source=tactile&gei=CXwCaPjxMp2bkdUPsOLnkQw&ei=CXwCaPjxMp2bkdUPsOLnkQw&fo_s=OA,SOE&opi=79508299&ebb=1&cs=0&foub=mcpp",,,"https://www.google.com/maps/place/Mr.+Wish+South+Philly/@39.9363124,-75.1620133,14z/data=!4m8!1m2!2m1!1sMr.+Wish+South+Philly!3m4!1s0x89c6c6191fb45afb:0xba8b50389477f739!8m2!3d39.9363124!4d-75.1620133","https://www.google.com/maps/place/Mr.+Wish+South+Philly/@39.9363124,-75.1620133,13.99z/data=!4m16!1m7!3m6!1s0x89c6c6191fb45afb:0xba8b50389477f739!2sMr.+Wish+South+Philly!8m2!3d39.9363124!4d-75.1620133!16s%2Fg%2F11ckvg1dmb!3m7!1s0x89c6c6191fb45afb:0xba8b50389477f739!8m2!3d39.9363124!4d-75.1620133!9m1!1b1!16s%2Fg%2F11ckvg1dmb?entry=ttu",ChIJ-1q0HxnGxokROfd3lDhQi7o,0x89c6c6191fb45afb:0xba8b50389477f739,13441925716756657977,/g/11fxxy65tk,-5004818356952893639,,info@mrwishusa.com,RECEIVING,SMTP validated,,,,,,mrwishtexas@gmail.com,RECEIVING,SMTP validated,,,,,,,,,,,,,,12819741848,16513339008,13024823125,https://www.facebook.com/mrwishhouston/,,,,,,,,,,,,,,,Mr. Wish | Fruit Tea | mrwishusa,Wix.com Website Builder,"Mr. Wish is the No. 1 Fruit Tea Frachise from Taiwan. It is Natural, Healthy, Fresh, and Authenthic. Make you Wish come true. mrwishusa","bubble tea, fruit tea, mrwish, mrwishusa, mrwishusa.com",False,False
"boba tea, 19185, Philadelphia, PA, US",Tiger Sugar,Tiger Sugar,https://order.mealkeyway.com/merchant/6d456c484c425476654a75344d4b47314735786659773d3d/main,"Bubble tea store, Soft drinks shop, Tea house",Bubble tea store,Bubble tea store,+1 215-403-7177,"6201 N Front St, Philadelphia, PA 19120",Olney-Oak Lane,6201 N Front St,Philadelphia,19120,Pennsylvania,Pennsylvania,United States of America,US,40.0450077,-75.1175037,892a134ac57ffff,America/New_York,,False,3.8,55,"https://search.google.com/local/reviews?placeid=ChIJlTdXv3C3xokRZpGoh6GCJqo&q=boba+tea,+19185,+Philadelphia,+PA,+US&authuser=0&hl=en&gl=US",,,14.0,2.0,1.0,2.0,36.0,81,https://lh3.googleusercontent.com/gps-cs-s/AB5caB89ONxcNQeMgcYhSBzR_R3pUlp5PhV9K7iFWIGDfBJ-GwZ3atjS7K619aTS2X1wpxxw0og5yrpsqp6-E1HpNJ2OoFVSzGaKZuQsMaYntXaV9AFtS2xLzJG8j3uZyvET0hc2Z8wW=w800-h500-k-no,https://lh3.googleusercontent.com/gps-cs-s/AB5caB89ONxcNQeMgcYhSBzR_R3pUlp5PhV9K7iFWIGDfBJ-GwZ3atjS7K619aTS2X1wpxxw0og5yrpsqp6-E1HpNJ2OoFVSzGaKZuQsMaYntXaV9AFtS2xLzJG8j3uZyvET0hc2Z8wW=w1600-h1000-k-no,,"{""Monday"": ""11AM-9PM"", ""Tuesday"": ""11AM-9PM"", ""Wednesday"": ""11AM-9PM"", ""Thursday"": ""11AM-9PM"", ""Friday"": ""11AM-9PM"", ""Saturday"": ""11AM-9PM"", ""Sunday"": ""11AM-9PM""}",Monday:11AM-9PM|Tuesday:11AM-9PM|Wednesday:11AM-9PM|Thursday:11AM-9PM|Friday:11AM-9PM|Saturday:11AM-9PM|Sunday:11AM-9PM,,,OPERATIONAL,"{""Service options"": {""Onsite services"": true, ""Takeout"": true, ""Dine-in"": true, ""Delivery"": false}, ""Highlights"": {""Great tea selection"": true}, ""Accessibility"": {""Wheelchair accessible entrance"": true, ""Wheelchair accessible parking lot"": true, ""Wheelchair accessible restroom"": true, ""Wheelchair accessible seating"": true}, ""Crowd"": {""LGBTQ+ friendly"": true}, ""Other"": {""LGBTQ+ friendly"": true}}",$,,https://lh4.googleusercontent.com/-vaxZJ1SQdkc/AAAAAAAAAAI/AAAAAAAAAAA/DDaYXj8_RlA/s44-p-k-no-ns-nd/photo.jpg,,,True,114365229327971639061,Tiger Sugar,https://www.google.com/maps/contrib/114365229327971639061,,"https://www.google.com/viewer/chooseprovider?mid=/g/11nnqp61_1&g2lbs=AAEPWCua_cdYYB-7Q8Bj0ev6zRQ7tEz-2Ni-NQtSKMeM-kKIGMYBxdWqTVNu7F9Y10bXXmF__yrU6xg32ZWeBLKiKKarsF7jBQ%3D%3D&hl=en-US&gl=us&fo_m=MfohQo559jFvMUOzJVpjPL1YMfZ3bInYwBDuMfaXTPp5KXh-&utm_source=tactile&gei=CXwCaPjxMp2bkdUPsOLnkQw&ei=CXwCaPjxMp2bkdUPsOLnkQw&fo_s=OA,SOE&opi=79508299&ebb=1&cs=0&foub=mcpp",,,"https://www.google.com/maps/place/Tiger+Sugar/@40.0450077,-75.1175037,14z/data=!4m8!1m2!2m1!1sTiger+Sugar!3m4!1s0x89c6b770bf573795:0xaa2682a187a89166!8m2!3d40.0450077!4d-75.1175037","https://www.google.com/maps/place/Tiger+Sugar/@40.0450077,-75.1175037,13.99z/data=!4m16!1m7!3m6!1s0x89c6b770bf573795:0xaa2682a187a89166!2sTiger+Sugar!8m2!3d40.0450077!4d-75.1175037!16s%2Fg%2F11ckvg1dmb!3m7!1s0x89c6b770bf573795:0xaa2682a187a89166!8m2!3d40.0450077!4d-75.1175037!9m1!1b1!16s%2Fg%2F11ckvg1dmb?entry=ttu",ChIJlTdXv3C3xokRZpGoh6GCJqo,0x89c6b770bf573795:0xaa2682a187a89166,12260630665840071014,/g/11nnqp61_1,-6186113407869480602,,joybowlwestspringfield@gmail.com,RECEIVING,Verified,,,,,,princeteahousenyc@gmail.com,RECEIVING,SMTP validated,,,,,,thebobaplace1981@gmail.com,RECEIVING,SMTP validated,,,,,,16468923160,17145193510,13059647706,https://www.facebook.com/poketeacutlerbay/,,,,,,,,,,,,,,,MenuSifu Online Order,,,,False,True
"boba tea, 19185, Philadelphia, PA, US",Kung Fu Tea,Kung Fu Tea,https://kungfutea.com/,"Bubble tea store, Beverage distributor, Cafe, Chicken wings restaurant, Fast food restaurant",Bubble tea store,Bubble tea store,+1 267-758-2871,"1006 Arch St, Philadelphia, PA 19107",Center City East,1006 Arch St,Philadelphia,19107,Pennsylvania,Pennsylvania,United States of America,US,39.9534848,-75.1567553,892a134d4cfffff,America/New_York,,False,4.4,900,"https://search.google.com/local/reviews?placeid=ChIJ6ZWDhynGxokRgQNZL_NpSbg&q=boba+tea,+19185,+Philadelphia,+PA,+US&authuser=0&hl=en&gl=US",,,27.0,21.0,58.0,229.0,565.0,679,https://lh3.googleusercontent.com/p/AF1QipMwinYyFrpw8Zuy4dSRNrAkAZC8C4fF6RB4OjC5=w800-h500-k-no,https://lh3.googleusercontent.com/p/AF1QipMwinYyFrpw8Zuy4dSRNrAkAZC8C4fF6RB4OjC5=w1600-h1000-k-no,,"{""Monday"": ""11AM-11PM"", ""Tuesday"": ""11AM-11PM"", ""Wednesday"": ""11AM-11PM"", ""Thursday"": ""11AM-11PM"", ""Friday"": ""11AM-11PM"", ""Saturday"": ""11AM-11PM"", ""Sunday"": ""11AM-11PM""}",Monday:11AM-11PM|Tuesday:11AM-11PM|Wednesday:11AM-11PM|Thursday:11AM-11PM|Friday:11AM-11PM|Saturday:11AM-11PM|Sunday:11AM-11PM,,,OPERATIONAL,"{""Service options"": {""Takeout"": true, ""Dine-in"": true, ""Delivery"": false}, ""Highlights"": {""Great tea selection"": true}, ""Accessibility"": {""Wheelchair accessible entrance"": false}}",$,,https://lh6.googleusercontent.com/-YVwe3zBNjvs/AAAAAAAAAAI/AAAAAAAAAAA/FtL1SW1lQCY/s44-p-k-no-ns-nd/photo.jpg,"Bubble tea specialist with a selection of other hot & cold drinks, including coffee & slushes.",,True,113730661437260865953,Kung Fu Tea,https://www.google.com/maps/contrib/113730661437260865953,,"https://www.google.com/viewer/chooseprovider?mid=/g/11bbrj_ffx&g2lbs=AAEPWCsqAT-YucNAlMU1Byt24ELUjDv19cjynxxoVcmUozZI_IQTUfP4jKuWdiHFGkgbBrtlY9crJoO3yqrNgaCqu8G8v6aYOQ%3D%3D&hl=en-US&gl=us&fo_m=MfohQo559jFvMUOzJVpjPL1YMfZ3bInYwBDuMfaXTPp5KXh-&utm_source=tactile&gei=CXwCaPjxMp2bkdUPsOLnkQw&ei=CXwCaPjxMp2bkdUPsOLnkQw&fo_s=OA,SOE&opi=79508299&ebb=1&cs=0&foub=mcpp",,,"https://www.google.com/maps/place/Kung+Fu+Tea/@39.9534848,-75.1567553,14z/data=!4m8!1m2!2m1!1sKung+Fu+Tea!3m4!1s0x89c6c629878395e9:0xb84969f32f590381!8m2!3d39.9534848!4d-75.1567553","https://www.google.com/maps/place/Kung+Fu+Tea/@39.9534848,-75.1567553,13.99z/data=!4m16!1m7!3m6!1s0x89c6c629878395e9:0xb84969f32f590381!2sKung+Fu+Tea!8m2!3d39.9534848!4d-75.1567553!16s%2Fg%2F11ckvg1dmb!3m7!1s0x89c6c629878395e9:0xb84969f32f590381!8m2!3d39.9534848!4d-75.1567553!9m1!1b1!16s%2Fg%2F11ckvg1dmb?entry=ttu",ChIJ6ZWDhynGxokRgQNZL_NpSbg,0x89c6c629878395e9:0xb84969f32f590381,13279261469470950273,/g/11bbrj_ffx,-5167482604238601343,,support@armsglobalinc.com,RECEIVING,Role,,,,,,marketing@kfteausa.com,RECEIVING,SMTP validated,,,,,,delivery_help@grubhub.com,RECEIVING,SMTP validated,,,,,,+1 724-544-6367,+1 855-538-9888,15402175182,https://www.facebook.com/kungfuteausa/,https://www.instagram.com/kungfuteausa,https://www.linkedin.com/company/kung-fu-tea,https://www.tiktok.com/@kungfutea,,,,,,,https://twitter.com/kfteausa,,,,,Menu — Kung Fu Tea | Fresh - Innovative - Fearless leading tea brand,WordPress 6.3,"Menu At Kung Fu Tea, every beverage is made-to-order with real Kung Fu. Our tea is freshly brewed every 3 hours using premium tea leaves. You can choose from classic teas, milk teas, fruit teas, slushies and more. Each drink is customized by you! You get to pick your toppings,…",,False,True
"boba tea, 19185, Philadelphia, PA, US",Vivi Bubble Tea,Vivi Bubble Tea,http://www.vivibubbletea.com/,Bubble tea store,Bubble tea store,Bubble tea store,+1 267-318-7384,"145 N 10th St, Philadelphia, PA 19107",Center City East,145 N 10th St,Philadelphia,19107,Pennsylvania,Pennsylvania,United States of America,US,39.954824599999995,-75.1558981,892a134d4cfffff,America/New_York,,False,4.4,889,"https://search.google.com/local/reviews?placeid=ChIJd4RYQCrGxokRC-o_qabjORo&q=boba+tea,+19185,+Philadelphia,+PA,+US&authuser=0&hl=en&gl=US",,,37.0,19.0,60.0,198.0,575.0,661,https://lh3.googleusercontent.com/gps-cs-s/AB5caB9HVuOdFIf9EBVxgq5PblQB4haiokq5hghy1DJna6vSronjDF9G6OuOzvumL2U_urXIC7SxYuAiWfsRXvo942Ci-VvCu4xqjw_ZlIohf3QczYyJuUTGlVO_rTqg3Nu-rw47EuCI=w800-h500-k-no,https://lh3.googleusercontent.com/gps-cs-s/AB5caB9HVuOdFIf9EBVxgq5PblQB4haiokq5hghy1DJna6vSronjDF9G6OuOzvumL2U_urXIC7SxYuAiWfsRXvo942Ci-VvCu4xqjw_ZlIohf3QczYyJuUTGlVO_rTqg3Nu-rw47EuCI=w1600-h1000-k-no,,"{""Monday"": ""10:30AM-11PM"", ""Tuesday"": ""10:30AM-11PM"", ""Wednesday"": ""10:30AM-11PM"", ""Thursday"": ""10:30AM-11PM"", ""Friday"": ""10:30AM-11PM"", ""Saturday"": ""10:30AM-11PM"", ""Sunday"": ""10:30AM-11PM""}",Monday:10:30AM-11PM|Tuesday:10:30AM-11PM|Wednesday:10:30AM-11PM|Thursday:10:30AM-11PM|Friday:10:30AM-11PM|Saturday:10:30AM-11PM|Sunday:10:30AM-11PM,,,OPERATIONAL,"{""Service options"": {""Delivery"": true, ""Onsite services"": true, ""Takeout"": true, ""Dine-in"": true}, ""Highlights"": {""Great tea selection"": true}, ""Accessibility"": {""Wheelchair accessible entrance"": false, ""Wheelchair accessible parking lot"": false}}",$,,,"Bubble tea shop offering hot & cold versions, plus a variety of flavors & a simple snack menu.",,False,None,Vivi Bubble Tea,,,"https://www.google.com/viewer/chooseprovider?mid=/g/11cm5c9hcl&g2lbs=AAEPWCts4-oDWIEdaISbyf147_LPooLv0GhXFnxzq1bLPOWw7qkmOWSabGYc48bOyGfISJoaHNVHIr6FIYtz4Oi-rMOWevkSMA%3D%3D&hl=en-US&gl=us&fo_m=MfohQo559jFvMUOzJVpjPL1YMfZ3bInYwBDuMfaXTPp5KXh-&utm_source=tactile&gei=CXwCaPjxMp2bkdUPsOLnkQw&ei=CXwCaPjxMp2bkdUPsOLnkQw&fo_s=OA,SOE&opi=79508299&ebb=1&cs=0&foub=mcpp",,,"https://www.google.com/maps/place/Vivi+Bubble+Tea/@39.954824599999995,-75.1558981,14z/data=!4m8!1m2!2m1!1sVivi+Bubble+Tea!3m4!1s0x89c6c62a40588477:0x1a39e3a6a93fea0b!8m2!3d39.954824599999995!4d-75.1558981","https://www.google.com/maps/place/Vivi+Bubble+Tea/@39.954824599999995,-75.1558981,13.99z/data=!4m16!1m7!3m6!1s0x89c6c62a40588477:0x1a39e3a6a93fea0b!2sVivi+Bubble+Tea!8m2!3d39.954824599999995!4d-75.1558981!16s%2Fg%2F11ckvg1dmb!3m7!1s0x89c6c62a40588477:0x1a39e3a6a93fea0b!8m2!3d39.954824599999995!4d-75.1558981!9m1!1b1!16s%2Fg%2F11ckvg1dmb?entry=ttu",ChIJd4RYQCrGxokRC-o_qabjORo,0x89c6c62a40588477:0x1a39e3a6a93fea0b,1889791823602248203,/g/11cm5c9hcl,1889791823602248203,,vivibubbleteanj@gmail.com,RECEIVING,Verified,,,,,,,,,,,,,,,,,,,,,,+1 212-566-6833,14696618801,13472236792,https://www.facebook.com/vivibubbleteanyc,https://www.instagram.com/vivibubbletea,https://www.linkedin.com/company/vivi-bubble-tea,,,,,,,,,,,,,vivibubbletea,WordPress 6.0.2,,,False,True
"boba tea, 19185, Philadelphia, PA, US",Kung Fu Tea,Kung Fu Tea,http://www.kungfutea.com/,Bubble tea store,Bubble tea store,Bubble tea store,+1 215-271-9888,"600 Washington Ave Unit 16, Philadelphia, PA 19147",South Philadelphia,600 Washington Ave Unit 16,Philadelphia,19147,Pennsylvania,Pennsylvania,United States of America,US,39.9349132,-75.1550601,892a134d083ffff,America/New_York,,False,4.2,84,"https://search.google.com/local/reviews?placeid=ChIJC3wAZmTHxokRS9F3N1uDWfU&q=boba+tea,+19185,+Philadelphia,+PA,+US&authuser=0&hl=en&gl=US",,,11.0,2.0,4.0,9.0,58.0,458,https://lh3.googleusercontent.com/gps-proxy/ALd4DhFklmw2c7GVjQ_RpcKDzy2C5sbUtRn49SplI7Ab8YVveSEs7tPrcxt6Nce2-L-ueoI4-qmlNx2Q9_bKeg3e2NiWoivybzHtc9tzlTv95BdmxkwmJAL0m7BxXuQLY9AC_zaq02GREhxa6BQEzsoX14023w3nyhckmqwUxl-9C4_jivHriF--FyE=w800-h500-k-no,https://lh3.googleusercontent.com/gps-proxy/ALd4DhFklmw2c7GVjQ_RpcKDzy2C5sbUtRn49SplI7Ab8YVveSEs7tPrcxt6Nce2-L-ueoI4-qmlNx2Q9_bKeg3e2NiWoivybzHtc9tzlTv95BdmxkwmJAL0m7BxXuQLY9AC_zaq02GREhxa6BQEzsoX14023w3nyhckmqwUxl-9C4_jivHriF--FyE=w1600-h1000-k-no,,"{""Monday"": ""9AM-8PM"", ""Tuesday"": ""9AM-8PM"", ""Wednesday"": ""9AM-8PM"", ""Thursday"": ""9AM-8PM"", ""Friday"": ""9AM-8PM"", ""Saturday"": ""9AM-9PM"", ""Sunday"": ""9AM-9PM""}",Monday:9AM-8PM|Tuesday:9AM-8PM|Wednesday:9AM-8PM|Thursday:9AM-8PM|Friday:9AM-8PM|Saturday:9AM-9PM|Sunday:9AM-9PM,,,OPERATIONAL,"{""Service options"": {""Delivery"": true, ""Takeout"": true, ""Dine-in"": true}, ""Highlights"": {""Great tea selection"": true}, ""Accessibility"": {""Wheelchair accessible entrance"": true}}",$,,https://lh6.googleusercontent.com/-ek_iYHNAGqM/AAAAAAAAAAI/AAAAAAAAAAA/jwYlc2MNaP8/s44-p-k-no-ns-nd/photo.jpg,"Bubble tea specialist with a selection of other hot & cold drinks, including coffee & slushes.",,True,108089577937022097601,Kung Fu Tea,https://www.google.com/maps/contrib/108089577937022097601,,"https://www.google.com/viewer/chooseprovider?mid=/g/11j4gf2py_&g2lbs=AAEPWCud3cJ9jcNl7tpaFKBb2Bc9RZvW0Qv7WgctULC3T1HhWtxnI2YO91nebaIsoprqTaYWnDFYEqlCMwBzsRJ_NIDFO86_Aw%3D%3D&hl=en-US&gl=us&fo_m=MfohQo559jFvMUOzJVpjPL1YMfZ3bInYwBDuMfaXTPp5KXh-&utm_source=tactile&gei=CXwCaPjxMp2bkdUPsOLnkQw&ei=CXwCaPjxMp2bkdUPsOLnkQw&fo_s=OA,SOE&opi=79508299&ebb=1&cs=0&foub=mcpp",,,"https://www.google.com/maps/place/Kung+Fu+Tea/@39.9349132,-75.1550601,14z/data=!4m8!1m2!2m1!1sKung+Fu+Tea!3m4!1s0x89c6c76466007c0b:0xf559835b3777d14b!8m2!3d39.9349132!4d-75.1550601","https://www.google.com/maps/place/Kung+Fu+Tea/@39.9349132,-75.1550601,13.99z/data=!4m16!1m7!3m6!1s0x89c6c76466007c0b:0xf559835b3777d14b!2sKung+Fu+Tea!8m2!3d39.9349132!4d-75.1550601!16s%2Fg%2F11ckvg1dmb!3m7!1s0x89c6c76466007c0b:0xf559835b3777d14b!8m2!3d39.9349132!4d-75.1550601!9m1!1b1!16s%2Fg%2F11ckvg1dmb?entry=ttu",ChIJC3wAZmTHxokRS9F3N1uDWfU,0x89c6c76466007c0b:0xf559835b3777d14b,17679306240015454539,/g/11j4gf2py_,-767437833694097077,,support@armsglobalinc.com,RECEIVING,Role,,,,,,marketing@kfteausa.com,RECEIVING,SMTP validated,,,,,,delivery_help@grubhub.com,RECEIVING,SMTP validated,,,,,,+1 724-544-6367,+1 855-538-9888,15402175182,https://www.facebook.com/kungfuteausa/,https://www.instagram.com/kungfuteausa,https://www.linkedin.com/company/kung-fu-tea,https://www.tiktok.com/@kungfutea,,,,,,,https://twitter.com/kfteausa,,,,,Menu — Kung Fu Tea | Fresh - Innovative - Fearless leading tea brand,WordPress 6.3,"Menu At Kung Fu Tea, every beverage is made-to-order with real Kung Fu. Our tea is freshly brewed every 3 hours using premium tea leaves. You can choose from classic teas, milk teas, fruit teas, slushies and more. Each drink is customized by you! You get to pick your toppings,…",,False,True
"boba tea, 19185, Philadelphia, PA, US",Tsaocaa,Tsaocaa,https://tsaocaamanayunk.hrpos.heartland.us/menu,"Bubble tea store, Fried chicken takeaway, Frozen yogurt shop",Bubble tea store,Bubble tea store,+1 267-583-8000,"4415 Main St, Philadelphia, PA 19127",Roxborough-Manayunk,4415 Main St,Philadelphia,19127,Pennsylvania,Pennsylvania,United States of America,US,40.026242499999995,-75.225287,892a1348227ffff,America/New_York,,False,4.5,207,"https://search.google.com/local/reviews?placeid=ChIJhRkFf825xokR5FIb8d9k6Mg&q=boba+tea,+19185,+Philadelphia,+PA,+US&authuser=0&hl=en&gl=US",,,5.0,6.0,12.0,32.0,152.0,241,https://lh3.googleusercontent.com/gps-cs-s/AB5caB-4mvvevW2QGucxZ_6JZg8yTNKUkEhm9f8Htr0oeAsiaaRkogLmBqHmIv8O42_tEd8SQU2_dd5r2JfFnYMWuxsOjqR2EuICbr5gzcNkNoQiLPxQlbdlzjHr5ZIm0xHnMYCxUnW0=w800-h500-k-no,https://lh3.googleusercontent.com/gps-cs-s/AB5caB-4mvvevW2QGucxZ_6JZg8yTNKUkEhm9f8Htr0oeAsiaaRkogLmBqHmIv8O42_tEd8SQU2_dd5r2JfFnYMWuxsOjqR2EuICbr5gzcNkNoQiLPxQlbdlzjHr5ZIm0xHnMYCxUnW0=w1600-h1000-k-no,,"{""Monday"": ""11:30AM-8PM"", ""Tuesday"": ""11:30AM-8PM"", ""Wednesday"": ""11:30AM-8PM"", ""Thursday"": ""11:30AM-8PM"", ""Friday"": ""11:30AM-9PM"", ""Saturday"": ""11:30AM-9PM"", ""Sunday"": ""11:30AM-8PM""}",Monday:11:30AM-8PM|Tuesday:11:30AM-8PM|Wednesday:11:30AM-8PM|Thursday:11:30AM-8PM|Friday:11:30AM-9PM|Saturday:11:30AM-9PM|Sunday:11:30AM-8PM,,,OPERATIONAL,"{""Service options"": {""No-contact delivery"": true, ""Delivery"": true, ""Onsite services"": true, ""Takeout"": true, ""Dine-in"": true}, ""Highlights"": {""Great tea selection"": true}, ""Accessibility"": {""Wheelchair accessible entrance"": true, ""Wheelchair accessible restroom"": true, ""Assistive hearing loop"": false, ""Wheelchair accessible parking lot"": false, ""Wheelchair accessible seating"": false}, ""Amenities"": {""Gender-neutral restroom"": true}, ""Crowd"": {""LGBTQ+ friendly"": true, ""Transgender safespace"": true}, ""Other"": {""LGBTQ+ friendly"": true}}",$,,https://lh3.googleusercontent.com/-h8HXtCWjeos/AAAAAAAAAAI/AAAAAAAAAAA/FPU43yrFWAE/s44-p-k-no-ns-nd/photo.jpg,,,True,117040114164183871757,Tsaocaa,https://www.google.com/maps/contrib/117040114164183871757,,"https://www.google.com/viewer/chooseprovider?mid=/g/11fpft6s__&g2lbs=AAEPWCt9WUDSSvqjw3041Hdz3p6R7uYZkKXITgBd2X4SBqYbgXgpiBWql4Xgfkmwd1mzPjO4F0rKbNcKnCQ7stJIKBEXk_6cfA%3D%3D&hl=en-US&gl=us&fo_m=MfohQo559jFvMUOzJVpjPL1YMfZ3bInYwBDuMfaXTPp5KXh-&utm_source=tactile&gei=CXwCaPjxMp2bkdUPsOLnkQw&ei=CXwCaPjxMp2bkdUPsOLnkQw&fo_s=OA,SOE&opi=79508299&ebb=1&cs=0&foub=mcpp",,,"https://www.google.com/maps/place/Tsaocaa/@40.026242499999995,-75.225287,14z/data=!4m8!1m2!2m1!1sTsaocaa!3m4!1s0x89c6b9cd7f051985:0xc8e864dff11b52e4!8m2!3d40.026242499999995!4d-75.225287","https://www.google.com/maps/place/Tsaocaa/@40.026242499999995,-75.225287,13.99z/data=!4m16!1m7!3m6!1s0x89c6b9cd7f051985:0xc8e864dff11b52e4!2sTsaocaa!8m2!3d40.026242499999995!4d-75.225287!16s%2Fg%2F11ckvg1dmb!3m7!1s0x89c6b9cd7f051985:0xc8e864dff11b52e4!8m2!3d40.026242499999995!4d-75.225287!9m1!1b1!16s%2Fg%2F11ckvg1dmb?entry=ttu",ChIJhRkFf825xokR5FIb8d9k6Mg,0x89c6b9cd7f051985:0xc8e864dff11b52e4,14476931915168043748,/g/11fpft6s__,-3969812158541507868,,tsaocaa.manayunk@gmail.com,RECEIVING,SMTP validated,,,,,,,,,,,,,,,,,,,,,,12675838000,,,https://www.facebook.com/tsaocaa.manayunk/,,,,,,,,,,,,,,,Proof Of Access,,,,False,False
"boba tea, 19185, Philadelphia, PA, US",Kung Fu Tea,Kung Fu Tea,https://www.kungfutea.com/,Bubble tea store,Bubble tea store,Bubble tea store,+1 267-703-2888,"3175 John F Kennedy Blvd, Philadelphia, PA 19104",West Philadelphia,3175 John F Kennedy Blvd,Philadelphia,19104,Pennsylvania,Pennsylvania,United States of America,US,39.9560716,-75.18805139999999,892a134d6cbffff,America/New_York,,False,4.0,169,"https://search.google.com/local/reviews?placeid=ChIJcZSHZdrHxokRwV_JjriLL6k&q=boba+tea,+19185,+Philadelphia,+PA,+US&authuser=0&hl=en&gl=US",,,23.0,7.0,7.0,37.0,95.0,203,https://lh3.googleusercontent.com/p/AF1QipP8LyAgTJYy9OTTyEgLnQL6nq7-PAbv1UlClvM=w800-h500-k-no,https://lh3.googleusercontent.com/p/AF1QipP8LyAgTJYy9OTTyEgLnQL6nq7-PAbv1UlClvM=w1600-h1000-k-no,,"{""Monday"": ""11AM-11PM"", ""Tuesday"": ""11AM-11PM"", ""Wednesday"": ""11AM-11PM"", ""Thursday"": ""11AM-11PM"", ""Friday"": ""11AM-11PM"", ""Saturday"": ""11AM-11PM"", ""Sunday"": ""11AM-11PM""}",Monday:11AM-11PM|Tuesday:11AM-11PM|Wednesday:11AM-11PM|Thursday:11AM-11PM|Friday:11AM-11PM|Saturday:11AM-11PM|Sunday:11AM-11PM,,,OPERATIONAL,"{""Service options"": {""Delivery"": true, ""Takeout"": true, ""Dine-in"": true}, ""Highlights"": {""Great tea selection"": true}, ""Accessibility"": {""Wheelchair accessible entrance"": true}}",$,,https://lh3.googleusercontent.com/-AOVjKuZnhc4/AAAAAAAAAAI/AAAAAAAAAAA/U4fzW3v8jkg/s44-p-k-no-ns-nd/photo.jpg,"Bubble tea specialist with a selection of other hot & cold drinks, including coffee & slushes.",,True,107433422502267612949,Kung Fu Tea,https://www.google.com/maps/contrib/107433422502267612949,,"https://www.google.com/viewer/chooseprovider?mid=/g/11jpygv989&g2lbs=AAEPWCvUWm4eVUGBfUpadwNzUMpTWiwYP1_74XJZeSrbcI9MQJzPJSfiZfLbpNbsY8Se_Zs34vrzp0vS4ZI9C8ptn381Xb933g%3D%3D&hl=en-US&gl=us&fo_m=MfohQo559jFvMUOzJVpjPL1YMfZ3bInYwBDuMfaXTPp5KXh-&utm_source=tactile&gei=CXwCaPjxMp2bkdUPsOLnkQw&ei=CXwCaPjxMp2bkdUPsOLnkQw&fo_s=OA,SOE&opi=79508299&ebb=1&cs=0&foub=mcpp",,,"https://www.google.com/maps/place/Kung+Fu+Tea/@39.9560716,-75.18805139999999,14z/data=!4m8!1m2!2m1!1sKung+Fu+Tea!3m4!1s0x89c6c7da65879471:0xa92f8bb88ec95fc1!8m2!3d39.9560716!4d-75.18805139999999","https://www.google.com/maps/place/Kung+Fu+Tea/@39.9560716,-75.18805139999999,13.99z/data=!4m16!1m7!3m6!1s0x89c6c7da65879471:0xa92f8bb88ec95fc1!2sKung+Fu+Tea!8m2!3d39.9560716!4d-75.18805139999999!16s%2Fg%2F11ckvg1dmb!3m7!1s0x89c6c7da65879471:0xa92f8bb88ec95fc1!8m2!3d39.9560716!4d-75.18805139999999!9m1!1b1!16s%2Fg%2F11ckvg1dmb?entry=ttu",ChIJcZSHZdrHxokRwV_JjriLL6k,0x89c6c7da65879471:0xa92f8bb88ec95fc1,12191116341101027265,/g/11jpygv989,-6255627732608524351,,support@armsglobalinc.com,RECEIVING,Role,,,,,,marketing@kfteausa.com,RECEIVING,SMTP validated,,,,,,delivery_help@grubhub.com,RECEIVING,SMTP validated,,,,,,+1 724-544-6367,+1 855-538-9888,15402175182,https://www.facebook.com/kungfuteausa/,https://www.instagram.com/kungfuteausa,https://www.linkedin.com/company/kung-fu-tea,https://www.tiktok.com/@kungfutea,,,,,,,https://twitter.com/kfteausa,,,,,Menu — Kung Fu Tea | Fresh - Innovative - Fearless leading tea brand,WordPress 6.3,"Menu At Kung Fu Tea, every beverage is made-to-order with real Kung Fu. Our tea is freshly brewed every 3 hours using premium tea leaves. You can choose from classic teas, milk teas, fruit teas, slushies and more. Each drink is customized by you! You get to pick your toppings,…",,False,True
"boba tea, 19185, Philadelphia, PA, US",Kung Fu Tea,Kung Fu Tea,http://www.kungfutea.com/,Bubble tea store,Bubble tea store,Bubble tea store,+1 215-921-9082,"4500 City Ave, Philadelphia, PA 19131",West Philadelphia,4500 City Ave,Philadelphia,19131,Pennsylvania,Pennsylvania,United States of America,US,40.0030201,-75.2214924,892a1349d8fffff,America/New_York,,False,3.8,94,"https://search.google.com/local/reviews?placeid=ChIJ_y9gBuDHxokRR_SNKuEy9c0&q=boba+tea,+19185,+Philadelphia,+PA,+US&authuser=0&hl=en&gl=US",,,16.0,6.0,10.0,10.0,52.0,160,https://lh3.googleusercontent.com/gps-proxy/ALd4DhFklmw2c7GVjQ_RpcKDzy2C5sbUtRn49SplI7Ab8YVveSEs7tPrcxt6Nce2-L-ueoI4-qmlNx2Q9_bKeg3e2NiWoivybzHtc9tzlTv95BdmxkwmJAL0m7BxXuQLY9AC_zaq02GREhxa6BQEzsoX14023w3nyhckmqwUxl-9C4_jivHriF--FyE=w800-h500-k-no,https://lh3.googleusercontent.com/gps-proxy/ALd4DhFklmw2c7GVjQ_RpcKDzy2C5sbUtRn49SplI7Ab8YVveSEs7tPrcxt6Nce2-L-ueoI4-qmlNx2Q9_bKeg3e2NiWoivybzHtc9tzlTv95BdmxkwmJAL0m7BxXuQLY9AC_zaq02GREhxa6BQEzsoX14023w3nyhckmqwUxl-9C4_jivHriF--FyE=w1600-h1000-k-no,,"{""Monday"": ""11AM-9PM"", ""Tuesday"": ""11AM-9PM"", ""Wednesday"": ""11AM-9PM"", ""Thursday"": ""11AM-9PM"", ""Friday"": ""11AM-10PM"", ""Saturday"": ""11AM-10PM"", ""Sunday"": ""11AM-9PM""}",Monday:11AM-9PM|Tuesday:11AM-9PM|Wednesday:11AM-9PM|Thursday:11AM-9PM|Friday:11AM-10PM|Saturday:11AM-10PM|Sunday:11AM-9PM,,,OPERATIONAL,"{""Service options"": {""Takeout"": true, ""Dine-in"": true, ""Delivery"": false}, ""Highlights"": {""Great tea selection"": true}, ""Accessibility"": {""Wheelchair accessible entrance"": true, ""Wheelchair accessible parking lot"": true, ""Wheelchair accessible restroom"": true}}",$,,https://lh6.googleusercontent.com/-w6KIKbzE7SA/AAAAAAAAAAI/AAAAAAAAAAA/38FNuxZHQ7U/s44-p-k-no-ns-nd/photo.jpg,"Bubble tea specialist with a selection of other hot & cold drinks, including coffee & slushes.",,True,101063588358983328981,Kung Fu Tea,https://www.google.com/maps/contrib/101063588358983328981,,"https://www.google.com/viewer/chooseprovider?mid=/g/11j259b1n2&g2lbs=AAEPWCs5eKmBJV5nBFqTS-W5H0ZwZtMYwI5JbPO6jqfiYlNzjvB6YC9t3DAGW5gOfv0hZB3xatei4T22ytXaRMW2ABPT1xq_0A%3D%3D&hl=en-US&gl=us&fo_m=MfohQo559jFvMUOzJVpjPL1YMfZ3bInYwBDuMfaXTPp5KXh-&utm_source=tactile&gei=CXwCaPjxMp2bkdUPsOLnkQw&ei=CXwCaPjxMp2bkdUPsOLnkQw&fo_s=OA,SOE&opi=79508299&ebb=1&cs=0&foub=mcpp",,,"https://www.google.com/maps/place/Kung+Fu+Tea/@40.0030201,-75.2214924,14z/data=!4m8!1m2!2m1!1sKung+Fu+Tea!3m4!1s0x89c6c7e006602fff:0xcdf532e12a8df447!8m2!3d40.0030201!4d-75.2214924","https://www.google.com/maps/place/Kung+Fu+Tea/@40.0030201,-75.2214924,13.99z/data=!4m16!1m7!3m6!1s0x89c6c7e006602fff:0xcdf532e12a8df447!2sKung+Fu+Tea!8m2!3d40.0030201!4d-75.2214924!16s%2Fg%2F11ckvg1dmb!3m7!1s0x89c6c7e006602fff:0xcdf532e12a8df447!8m2!3d40.0030201!4d-75.2214924!9m1!1b1!16s%2Fg%2F11ckvg1dmb?entry=ttu",ChIJ_y9gBuDHxokRR_SNKuEy9c0,0x89c6c7e006602fff:0xcdf532e12a8df447,14840824089732314183,/g/11j259b1n2,-3605919983977237433,,support@armsglobalinc.com,RECEIVING,Role,,,,,,marketing@kfteausa.com,RECEIVING,SMTP validated,,,,,,delivery_help@grubhub.com,RECEIVING,SMTP validated,,,,,,+1 724-544-6367,+1 855-538-9888,15402175182,https://www.facebook.com/kungfuteausa/,https://www.instagram.com/kungfuteausa,https://www.linkedin.com/company/kung-fu-tea,https://www.tiktok.com/@kungfutea,,,,,,,https://twitter.com/kfteausa,,,,,Menu — Kung Fu Tea | Fresh - Innovative - Fearless leading tea brand,WordPress 6.3,"Menu At Kung Fu Tea, every beverage is made-to-order with real Kung Fu. Our tea is freshly brewed every 3 hours using premium tea leaves. You can choose from classic teas, milk teas, fruit teas, slushies and more. Each drink is customized by you! You get to pick your toppings,…",,False,True
"boba tea, 19185, Philadelphia, PA, US",Tiger Sugar,Tiger Sugar,https://www.tigersugarpa.com/,Bubble tea store,Bubble tea store,Bubble tea store,+1 267-639-6094,"122 N 10th St, Philadelphia, PA 19107",Center City East,122 N 10th St,Philadelphia,19107,Pennsylvania,Pennsylvania,United States of America,US,39.954228199999996,-75.1562308,892a134d4cfffff,America/New_York,,False,4.2,216,"https://search.google.com/local/reviews?placeid=ChIJg-JhkK7HxokRbsuZjU97AO8&q=boba+tea,+19185,+Philadelphia,+PA,+US&authuser=0&hl=en&gl=US",,,26.0,3.0,14.0,40.0,133.0,266,https://lh3.googleusercontent.com/gps-cs-s/AB5caB9NdeoHjEFO6R1eWiA6OtGMkq1WNWjoJ7aDNUdOMMp9ix4LgH9cvlX07chRFQvr9292OONcFxbPAWM29Xo5skLkV5ItdDiBJLLwz_Z8q1MnwjVtetzI4eXAY1DpL6h5U73gj64=w800-h500-k-no,https://lh3.googleusercontent.com/gps-cs-s/AB5caB9NdeoHjEFO6R1eWiA6OtGMkq1WNWjoJ7aDNUdOMMp9ix4LgH9cvlX07chRFQvr9292OONcFxbPAWM29Xo5skLkV5ItdDiBJLLwz_Z8q1MnwjVtetzI4eXAY1DpL6h5U73gj64=w1600-h1000-k-no,,"{""Monday"": ""11AM-10PM"", ""Tuesday"": ""11AM-10PM"", ""Wednesday"": ""11AM-10PM"", ""Thursday"": ""11AM-10PM"", ""Friday"": ""11AM-11PM"", ""Saturday"": ""11AM-11PM"", ""Sunday"": ""11AM-10PM""}",Monday:11AM-10PM|Tuesday:11AM-10PM|Wednesday:11AM-10PM|Thursday:11AM-10PM|Friday:11AM-11PM|Saturday:11AM-11PM|Sunday:11AM-10PM,,,OPERATIONAL,"{""Service options"": {""Delivery"": true, ""Takeout"": true, ""Dine-in"": true}, ""Highlights"": {""Great tea selection"": true}, ""Accessibility"": {""Wheelchair accessible entrance"": false, ""Wheelchair accessible parking lot"": false}}",$,,https://lh3.googleusercontent.com/-_1jq1-fwxtU/AAAAAAAAAAI/AAAAAAAAAAA/yK8nmgHPif4/s44-p-k-no-ns-nd/photo.jpg,,,True,109140515762936588088,Tiger Sugar,https://www.google.com/maps/contrib/109140515762936588088,https://order.mealkeyway.com/merchant/64716b4b77624a734868382b756661486c4f6a734d513d3d/main,"https://www.google.com/viewer/chooseprovider?mid=/g/11lgwkrwg_&g2lbs=AAEPWCvdgSQzD3QySnYnqzIzpDm4O_DR5i9HReY_p2TP8MOxZOA5ltOaiSHA3U04YMrXClb8JiUGEKMMZNCegEJbIvLAKhP6zQ%3D%3D&hl=en-US&gl=us&fo_m=MfohQo559jFvMUOzJVpjPL1YMfZ3bInYwBDuMfaXTPp5KXh-&utm_source=tactile&gei=CXwCaPjxMp2bkdUPsOLnkQw&ei=CXwCaPjxMp2bkdUPsOLnkQw&fo_s=OA,SOE&opi=79508299&ebb=1&cs=0&foub=mcpp",,https://order.mealkeyway.com/merchant/64716b4b77624a734868382b756661486c4f6a734d513d3d/main,"https://www.google.com/maps/place/Tiger+Sugar/@39.954228199999996,-75.1562308,14z/data=!4m8!1m2!2m1!1sTiger+Sugar!3m4!1s0x89c6c7ae9061e283:0xef007b4f8d99cb6e!8m2!3d39.954228199999996!4d-75.1562308","https://www.google.com/maps/place/Tiger+Sugar/@39.954228199999996,-75.1562308,13.99z/data=!4m16!1m7!3m6!1s0x89c6c7ae9061e283:0xef007b4f8d99cb6e!2sTiger+Sugar!8m2!3d39.954228199999996!4d-75.1562308!16s%2Fg%2F11ckvg1dmb!3m7!1s0x89c6c7ae9061e283:0xef007b4f8d99cb6e!8m2!3d39.954228199999996!4d-75.1562308!9m1!1b1!16s%2Fg%2F11ckvg1dmb?entry=ttu",ChIJg-JhkK7HxokRbsuZjU97AO8,0x89c6c7ae9061e283:0xef007b4f8d99cb6e,17221900556673076078,/g/11lgwkrwg_,-1224843517036475538,,,,,,,,,,,,,,,,,,,,,,,,,,,,,,,,,,,,,,,,,,,,Tiger Sugar - Bubble Tea Store | Online Order | Philadelphia | PA,Divi v.4.19.2,,,False,True
"boba tea, 19185, Philadelphia, PA, US",Teazzi Tea Shop,Teazzi Tea Shop,https://www.clover.com/online-ordering/teazzi-philadelphia,Bubble tea store,Bubble tea store,Bubble tea store,+1 215-419-5906,"1026 Arch St Unit 101, Philadelphia, PA 19107",Center City East,1026 Arch St Unit 101,Philadelphia,19107,Pennsylvania,Pennsylvania,United States of America,US,39.953587399999996,-75.1573985,892a134d453ffff,America/New_York,,False,4.7,248,"https://search.google.com/local/reviews?placeid=ChIJW5NclDzHxokRSECmU7NXg_g&q=boba+tea,+19185,+Philadelphia,+PA,+US&authuser=0&hl=en&gl=US",,,9.0,5.0,8.0,17.0,209.0,232,https://lh3.googleusercontent.com/gps-cs-s/AB5caB96fn_m9d3WZDAvuQ0V51zDqJRLsKBPrywvlyV7OahG7ntzCSpuNtnUWJVcwFGwvk5ah29KfKIXTlPm2qAswvyGrQpc5sqU6Iy89ourlWP9q5SA0FmB17F2ji7T02KPcg1tizDnhA=w800-h500-k-no,https://lh3.googleusercontent.com/gps-cs-s/AB5caB96fn_m9d3WZDAvuQ0V51zDqJRLsKBPrywvlyV7OahG7ntzCSpuNtnUWJVcwFGwvk5ah29KfKIXTlPm2qAswvyGrQpc5sqU6Iy89ourlWP9q5SA0FmB17F2ji7T02KPcg1tizDnhA=w1600-h1000-k-no,,"{""Monday"": ""10AM-10PM"", ""Tuesday"": ""10AM-10PM"", ""Wednesday"": ""10AM-10PM"", ""Thursday"": ""10AM-10PM"", ""Friday"": ""10AM-10:30PM"", ""Saturday"": ""10AM-10:30PM"", ""Sunday"": ""10AM-10PM""}",Monday:10AM-10PM|Tuesday:10AM-10PM|Wednesday:10AM-10PM|Thursday:10AM-10PM|Friday:10AM-10:30PM|Saturday:10AM-10:30PM|Sunday:10AM-10PM,,,OPERATIONAL,"{""Service options"": {""Delivery"": true, ""Takeout"": true, ""Dine-in"": true}, ""Highlights"": {""Great tea selection"": true}}",$,,https://lh3.googleusercontent.com/-8Cim-_Mc26c/AAAAAAAAAAI/AAAAAAAAAAA/5BWDbDc0S14/s44-p-k-no-ns-nd/photo.jpg,,,True,116296616305463391163,Teazzi Tea Shop,https://www.google.com/maps/contrib/116296616305463391163,,"https://www.google.com/viewer/chooseprovider?mid=/g/11y1swch2h&g2lbs=AAEPWCudKus0i6xksZzGXVbhCj6NFFSRWafKekXTyj11E6ORQeI69PUEImj4zcv5tchci3CMdMnDigF_66hyEQaREc8zjtlcdQ%3D%3D&hl=en-US&gl=us&fo_m=MfohQo559jFvMUOzJVpjPL1YMfZ3bInYwBDuMfaXTPp5KXh-&utm_source=tactile&gei=CXwCaPjxMp2bkdUPsOLnkQw&ei=CXwCaPjxMp2bkdUPsOLnkQw&fo_s=OA,SOE&opi=79508299&ebb=1&cs=0&foub=mcpp",,,"https://www.google.com/maps/place/Teazzi+Tea+Shop/@39.953587399999996,-75.1573985,14z/data=!4m8!1m2!2m1!1sTeazzi+Tea+Shop!3m4!1s0x89c6c73c945c935b:0xf88357b353a64048!8m2!3d39.953587399999996!4d-75.1573985","https://www.google.com/maps/place/Teazzi+Tea+Shop/@39.953587399999996,-75.1573985,13.99z/data=!4m16!1m7!3m6!1s0x89c6c73c945c935b:0xf88357b353a64048!2sTeazzi+Tea+Shop!8m2!3d39.953587399999996!4d-75.1573985!16s%2Fg%2F11ckvg1dmb!3m7!1s0x89c6c73c945c935b:0xf88357b353a64048!8m2!3d39.953587399999996!4d-75.1573985!9m1!1b1!16s%2Fg%2F11ckvg1dmb?entry=ttu",ChIJW5NclDzHxokRSECmU7NXg_g,0x89c6c73c945c935b:0xf88357b353a64048,17907252971069390920,/g/11y1swch2h,-539491102640160696,,ansu@clover.com,RECEIVING,Catch All,Ansu Vyas,Ansu,Vyas,Vice President Business Operations,,gbedwell@clover.com,INVALID,Invalid SMTP,Glenn Bedwell,Glenn,Bedwell,Software Engineer,,mhampton@clover.com,INVALID,Invalid SMTP,Michael R Hampton,Michael,R Hampton,Software Engineer,,+1 515-255-3700,+1 360-217-7075,+1 573-335-0366,https://www.facebook.com/recklessrolls/,http://instagram.com/donatopsizzact,https://www.linkedin.com/company/clovernetwork,,,,,,,,http://twitter.com/cloverpos,,,,,Online Ordering | Clover,,,,False,False
"boba tea, 19185, Philadelphia, PA, US",Mr. Wish Drexel,Mr Wish Drexel,https://instagram.com/mr.wishdrexel,Bubble tea store,Bubble tea store,Bubble tea store,+1 215-402-3371,"Retail Space, 3630 Lancaster Ave #5, Philadelphia, PA 19104",West Philadelphia,"Retail Space, 3630 Lancaster Ave #5",Philadelphia,19104,Pennsylvania,Pennsylvania,United States of America,US,39.958967699999995,-75.19465679999999,892a1348b23ffff,America/New_York,,False,4.4,55,"https://search.google.com/local/reviews?placeid=ChIJWTtrtBDHxokR_xm9GhY0qW4&q=boba+tea,+19185,+Philadelphia,+PA,+US&authuser=0&hl=en&gl=US",,,4.0,2.0,3.0,6.0,40.0,202,https://lh3.googleusercontent.com/gps-proxy/ALd4DhGsX0b4q81-rkunpZw6PWU7YgZAekjKro8FiRb5dVXaAO5-9DYgtJ-FT2ujm-ilEjcDVUQNa1ONwtYXSYAzi4NRQ5mzUPGYqZKsr1NmCELypMefpsLgzQgSEtCX3ZdyqlT0GhKfZGVlMnfc2h8mcQaWvv3g9gbngtg1_A7RydKZGEQBw_oFE4Du2Q=w800-h500-k-no,https://lh3.googleusercontent.com/gps-proxy/ALd4DhGsX0b4q81-rkunpZw6PWU7YgZAekjKro8FiRb5dVXaAO5-9DYgtJ-FT2ujm-ilEjcDVUQNa1ONwtYXSYAzi4NRQ5mzUPGYqZKsr1NmCELypMefpsLgzQgSEtCX3ZdyqlT0GhKfZGVlMnfc2h8mcQaWvv3g9gbngtg1_A7RydKZGEQBw_oFE4Du2Q=w1600-h1000-k-no,,"{""Monday"": ""10AM-9PM"", ""Tuesday"": ""10AM-9PM"", ""Wednesday"": ""10AM-9PM"", ""Thursday"": ""10AM-9PM"", ""Friday"": ""10AM-9PM"", ""Saturday"": ""10AM-9PM"", ""Sunday"": ""10AM-9PM""}",Monday:10AM-9PM|Tuesday:10AM-9PM|Wednesday:10AM-9PM|Thursday:10AM-9PM|Friday:10AM-9PM|Saturday:10AM-9PM|Sunday:10AM-9PM,,,OPERATIONAL,"{""Service options"": {""No-contact delivery"": true, ""Delivery"": true, ""Takeout"": true, ""Dine-in"": true}, ""Highlights"": {""Great tea selection"": true}}",$,,https://lh3.googleusercontent.com/-XM4guDkcFng/AAAAAAAAAAI/AAAAAAAAAAA/_TbND3ceTOg/s44-p-k-no-ns-nd/photo.jpg,,,True,109359914864827963153,Mr. Wish Drexel,https://www.google.com/maps/contrib/109359914864827963153,,"https://www.google.com/viewer/chooseprovider?mid=/g/11qn0ggnhy&g2lbs=AAEPWCv9A-ZDxnkfXx-fEMIbG2tCUXA3OER-9Yd91ckRpI0usgUceyPZtdZaC_GPM5_GptKFFbptCXSsAD10-79igVU-NiD5ag%3D%3D&hl=en-US&gl=us&fo_m=MfohQo559jFvMUOzJVpjPL1YMfZ3bInYwBDuMfaXTPp5KXh-&utm_source=tactile&gei=CXwCaPjxMp2bkdUPsOLnkQw&ei=CXwCaPjxMp2bkdUPsOLnkQw&fo_s=OA,SOE&opi=79508299&ebb=1&cs=0&foub=mcpp",,,"https://www.google.com/maps/place/Mr.+Wish+Drexel/@39.958967699999995,-75.19465679999999,14z/data=!4m8!1m2!2m1!1sMr.+Wish+Drexel!3m4!1s0x89c6c710b46b3b59:0x6ea934161abd19ff!8m2!3d39.958967699999995!4d-75.19465679999999","https://www.google.com/maps/place/Mr.+Wish+Drexel/@39.958967699999995,-75.19465679999999,13.99z/data=!4m16!1m7!3m6!1s0x89c6c710b46b3b59:0x6ea934161abd19ff!2sMr.+Wish+Drexel!8m2!3d39.958967699999995!4d-75.19465679999999!16s%2Fg%2F11ckvg1dmb!3m7!1s0x89c6c710b46b3b59:0x6ea934161abd19ff!8m2!3d39.958967699999995!4d-75.19465679999999!9m1!1b1!16s%2Fg%2F11ckvg1dmb?entry=ttu",ChIJWTtrtBDHxokR_xm9GhY0qW4,0x89c6c710b46b3b59:0x6ea934161abd19ff,7973961884778699263,/g/11qn0ggnhy,7973961884778699263,,mr.wishdrexel@yahoo.com,RECEIVING,SMTP validated,,,,,,,,,,,,,,,,,,,,,,12154023371,,,https://www.facebook.com/Mr.WishDrexel/about/,,,,,,,,,,,,,,,,,,,,
"boba tea, 19185, Philadelphia, PA, US",Kung Fu Tea,Kung Fu Tea,http://www.kungfutea.com/,Bubble tea store,Bubble tea store,Bubble tea store,+1 814-407-3250,"2000 Hamilton St Unit 107, Philadelphia, PA 19130",Center City,2000 Hamilton St Unit 107,Philadelphia,19130,Pennsylvania,Pennsylvania,United States of America,US,39.962189699999996,-75.1721985,892a1348977ffff,America/New_York,,False,4.4,38,"https://search.google.com/local/reviews?placeid=ChIJLRsq7kHHxokRwrwaJd222X8&q=boba+tea,+19185,+Philadelphia,+PA,+US&authuser=0&hl=en&gl=US",,,1.0,2.0,3.0,6.0,26.0,344,https://lh3.googleusercontent.com/gps-cs-s/AB5caB_3q3ky8n0uSWo1bU-VOMMx4P_u1ULJMt1PAmFaFMUXOrt5MLm37Pe8zBCT3wN5j0oG49CLhgU21q7ed_Y_PCV5FVcHIJ9UNxHO9nNzH35AdMQNleZ5mr4tLvb6tXHl0v7Mp1U=w800-h500-k-no,https://lh3.googleusercontent.com/gps-cs-s/AB5caB_3q3ky8n0uSWo1bU-VOMMx4P_u1ULJMt1PAmFaFMUXOrt5MLm37Pe8zBCT3wN5j0oG49CLhgU21q7ed_Y_PCV5FVcHIJ9UNxHO9nNzH35AdMQNleZ5mr4tLvb6tXHl0v7Mp1U=w1600-h1000-k-no,,"{""Monday"": ""11AM-8:30PM"", ""Tuesday"": ""11AM-8:30PM"", ""Wednesday"": ""11AM-8:30PM"", ""Thursday"": ""11AM-8:30PM"", ""Friday"": ""11AM-8:30PM"", ""Saturday"": ""11AM-8:30PM"", ""Sunday"": ""11AM-8:30PM""}",Monday:11AM-8:30PM|Tuesday:11AM-8:30PM|Wednesday:11AM-8:30PM|Thursday:11AM-8:30PM|Friday:11AM-8:30PM|Saturday:11AM-8:30PM|Sunday:11AM-8:30PM,,,OPERATIONAL,"{""Service options"": {""Delivery"": true, ""Takeout"": true, ""Dine-in"": true}, ""Highlights"": {""Great tea selection"": true}, ""Accessibility"": {""Wheelchair accessible restroom"": true}}",$,,https://lh6.googleusercontent.com/-ruNkHultgVE/AAAAAAAAAAI/AAAAAAAAAAA/UErAsrt8GmU/s44-p-k-no-ns-nd/photo.jpg,"Bubble tea specialist with a selection of other hot & cold drinks, including coffee & slushes.",,True,107543327448753386531,Kung Fu Tea,https://www.google.com/maps/contrib/107543327448753386531,,"https://www.google.com/viewer/chooseprovider?mid=/g/11t809476s&g2lbs=AAEPWCunY8IXYBq3LDKaljiRLZCVwhP8K6KNEUaC0f5W_t9PYcOrqtKzSdyfMZWi_McKJBomns-iYgQUcHwWN4O2g-i4XR3bTA%3D%3D&hl=en-US&gl=us&fo_m=MfohQo559jFvMUOzJVpjPL1YMfZ3bInYwBDuMfaXTPp5KXh-&utm_source=tactile&gei=CXwCaPjxMp2bkdUPsOLnkQw&ei=CXwCaPjxMp2bkdUPsOLnkQw&fo_s=OA,SOE&opi=79508299&ebb=1&cs=0&foub=mcpp",,,"https://www.google.com/maps/place/Kung+Fu+Tea/@39.962189699999996,-75.1721985,14z/data=!4m8!1m2!2m1!1sKung+Fu+Tea!3m4!1s0x89c6c741ee2a1b2d:0x7fd9b6dd251abcc2!8m2!3d39.962189699999996!4d-75.1721985","https://www.google.com/maps/place/Kung+Fu+Tea/@39.962189699999996,-75.1721985,13.99z/data=!4m16!1m7!3m6!1s0x89c6c741ee2a1b2d:0x7fd9b6dd251abcc2!2sKung+Fu+Tea!8m2!3d39.962189699999996!4d-75.1721985!16s%2Fg%2F11ckvg1dmb!3m7!1s0x89c6c741ee2a1b2d:0x7fd9b6dd251abcc2!8m2!3d39.962189699999996!4d-75.1721985!9m1!1b1!16s%2Fg%2F11ckvg1dmb?entry=ttu",ChIJLRsq7kHHxokRwrwaJd222X8,0x89c6c741ee2a1b2d:0x7fd9b6dd251abcc2,9212595573689597122,/g/11t809476s,9212595573689597122,,support@armsglobalinc.com,RECEIVING,Role,,,,,,marketing@kfteausa.com,RECEIVING,SMTP validated,,,,,,delivery_help@grubhub.com,RECEIVING,SMTP validated,,,,,,+1 724-544-6367,+1 855-538-9888,15402175182,https://www.facebook.com/kungfuteausa/,https://www.instagram.com/kungfuteausa,https://www.linkedin.com/company/kung-fu-tea,https://www.tiktok.com/@kungfutea,,,,,,,https://twitter.com/kfteausa,,,,,Menu — Kung Fu Tea | Fresh - Innovative - Fearless leading tea brand,WordPress 6.3,"Menu At Kung Fu Tea, every beverage is made-to-order with real Kung Fu. Our tea is freshly brewed every 3 hours using premium tea leaves. You can choose from classic teas, milk teas, fruit teas, slushies and more. Each drink is customized by you! You get to pick your toppings,…",,False,True
"boba tea, 19185, Philadelphia, PA, US",Tan Tea & Knight Club,Tan Tea And Knight Club,https://www.tanchiknightclub.com/,"Bubble tea store, Coffee shop, Dessert shop",Bubble tea store,Bubble tea store,+1 215-798-6506,"116 N 9th St, Philadelphia, PA 19107",Center City East,116 N 9th St,Philadelphia,19107,Pennsylvania,Pennsylvania,United States of America,US,39.9539967,-75.15483449999999,892a134d4cfffff,America/New_York,,False,3.6,31,"https://search.google.com/local/reviews?placeid=ChIJ9clsbX7HxokRCf94VJjClps&q=boba+tea,+19185,+Philadelphia,+PA,+US&authuser=0&hl=en&gl=US",,,8.0,0.0,4.0,4.0,15.0,115,https://lh3.googleusercontent.com/gps-proxy/ALd4DhGfWsJjzCIij54BQjtS5L58BLaU6qxvgNUagaV6SqxGTf605zRhOvY1e_AbzSAvvifWUvVK1BmrT2GgV8HLLk0YIQIlNdZk3BDAaDq4Eppp02XTkMh7Or7XNqMLYSJvRD2hdq92hS2wIqhF_amDuBCi4Kf49r4Uue6X1I81Ov3IogPLXzbVwNKV=w800-h500-k-no,https://lh3.googleusercontent.com/gps-proxy/ALd4DhGfWsJjzCIij54BQjtS5L58BLaU6qxvgNUagaV6SqxGTf605zRhOvY1e_AbzSAvvifWUvVK1BmrT2GgV8HLLk0YIQIlNdZk3BDAaDq4Eppp02XTkMh7Or7XNqMLYSJvRD2hdq92hS2wIqhF_amDuBCi4Kf49r4Uue6X1I81Ov3IogPLXzbVwNKV=w1600-h1000-k-no,,"{""Monday"": ""3PM-1AM"", ""Tuesday"": ""3PM-1AM"", ""Wednesday"": ""3PM-1AM"", ""Thursday"": ""Closed"", ""Friday"": ""3PM-1AM"", ""Saturday"": ""3PM-1AM"", ""Sunday"": ""3PM-1AM""}",Monday:3PM-1AM|Tuesday:3PM-1AM|Wednesday:3PM-1AM|Thursday:Closed|Friday:3PM-1AM|Saturday:3PM-1AM|Sunday:3PM-1AM,,,OPERATIONAL,"{""Service options"": {""Delivery"": true, ""Takeout"": true, ""Dine-in"": true}, ""Highlights"": {""Great tea selection"": true}}",$,,https://lh6.googleusercontent.com/-8tCCY7p-za4/AAAAAAAAAAI/AAAAAAAAAAA/hOFoTYr0cyU/s44-p-k-no-ns-nd/photo.jpg,,,True,103231714193069900277,Tan Tea & Knight Club,https://www.google.com/maps/contrib/103231714193069900277,,"https://www.google.com/viewer/chooseprovider?mid=/g/11mhgj7cpp&g2lbs=AAEPWCs9ZJ7RwgEyA9O1ZRh9ykeYSMKYqMrEt_gJAkW_OP50tT0HrUxqVQrbouRrEASuhJdVW7aR6f6aE-IlkQizuQRyPsezMA%3D%3D&hl=en-US&gl=us&fo_m=MfohQo559jFvMUOzJVpjPL1YMfZ3bInYwBDuMfaXTPp5KXh-&utm_source=tactile&gei=CXwCaPjxMp2bkdUPsOLnkQw&ei=CXwCaPjxMp2bkdUPsOLnkQw&fo_s=OA,SOE&opi=79508299&ebb=1&cs=0&foub=mcpp",,,"https://www.google.com/maps/place/Tan+Tea+%26+Knight+Club/@39.9539967,-75.15483449999999,14z/data=!4m8!1m2!2m1!1sTan+Tea+%26+Knight+Club!3m4!1s0x89c6c77e6d6cc9f5:0x9b96c2985478ff09!8m2!3d39.9539967!4d-75.15483449999999","https://www.google.com/maps/place/Tan+Tea+%26+Knight+Club/@39.9539967,-75.15483449999999,13.99z/data=!4m16!1m7!3m6!1s0x89c6c77e6d6cc9f5:0x9b96c2985478ff09!2sTan+Tea+%26+Knight+Club!8m2!3d39.9539967!4d-75.15483449999999!16s%2Fg%2F11ckvg1dmb!3m7!1s0x89c6c77e6d6cc9f5:0x9b96c2985478ff09!8m2!3d39.9539967!4d-75.15483449999999!9m1!1b1!16s%2Fg%2F11ckvg1dmb?entry=ttu",ChIJ9clsbX7HxokRCf94VJjClps,0x89c6c77e6d6cc9f5:0x9b96c2985478ff09,11211362281893461769,/g/11mhgj7cpp,-7235381791816089847,,lj6267418@yahoo.com,RECEIVING,SMTP validated,,,,,,,,,,,,,,,,,,,,,,12157986506,,,,,,,,,,,,,,,,,,Tan Tea & Knight Club | Order Online | Philadelphia,,"Tan Tea & Knight Club,116 N 9th St(comm 2),Philadelphia,PA 19107, Take Out, Dine In,deliver.","Tan Tea & Knight Club,Order Online ,Philadelphia Restaurant,Restaurant,
	Tea,
Smoothies,
Milk Tea,
Fruit Tea,
Snack,
Dessert,
Special,
	Take Out, Dine In,deliver.",False,False
"boba tea, 19185, Philadelphia, PA, US",Mystea Boba,Mystea Boba,http://mysteaboba.com/,"Bubble tea store, Chop bar",Bubble tea store,Bubble tea store,+1 856-685-6789,"8 Kings Ct, Haddonfield, NJ 08033",None,8 Kings Ct,Haddonfield,08033,New Jersey,New Jersey,United States of America,US,39.8973836,-75.03218849999999,892a134eab3ffff,America/New_York,,False,5.0,12,"https://search.google.com/local/reviews?placeid=ChIJDyJTmyLNxokRRkdvRwiaqpk&q=boba+tea,+19185,+Philadelphia,+PA,+US&authuser=0&hl=en&gl=US",,,0.0,0.0,0.0,0.0,12.0,24,https://lh3.googleusercontent.com/gps-cs-s/AB5caB8A8g6g-GxTJCzR55y53XCFfpnNTshiXPKROKwl3swuSFzpbb9pPc7R99PzXdKcVNjzxa0AcUt4mE1dpF1u9qnyclSy20Hg_SWTu7xjxgmk-xXD-9srNbEyijI1q428p_bhLBMQ=w800-h500-k-no,https://lh3.googleusercontent.com/gps-cs-s/AB5caB8A8g6g-GxTJCzR55y53XCFfpnNTshiXPKROKwl3swuSFzpbb9pPc7R99PzXdKcVNjzxa0AcUt4mE1dpF1u9qnyclSy20Hg_SWTu7xjxgmk-xXD-9srNbEyijI1q428p_bhLBMQ=w1600-h1000-k-no,,"{""Monday"": ""11AM-9:30PM"", ""Tuesday"": ""11AM-9:30PM"", ""Wednesday"": ""11AM-9:30PM"", ""Thursday"": ""11AM-9:30PM"", ""Friday"": ""11AM-9:30PM"", ""Saturday"": ""11AM-9:30PM"", ""Sunday"": ""11AM-9:30PM""}",Monday:11AM-9:30PM|Tuesday:11AM-9:30PM|Wednesday:11AM-9:30PM|Thursday:11AM-9:30PM|Friday:11AM-9:30PM|Saturday:11AM-9:30PM|Sunday:11AM-9:30PM,,,OPERATIONAL,"{""Service options"": {""Delivery"": true, ""Takeout"": true, ""Dine-in"": true}}",,,https://lh4.googleusercontent.com/-Hh-0VXdabQQ/AAAAAAAAAAI/AAAAAAAAAAA/MDpp8CHyBWo/s44-p-k-no-ns-nd/photo.jpg,,,True,108910194156912531953,Mystea Boba,https://www.google.com/maps/contrib/108910194156912531953,,"https://www.google.com/viewer/chooseprovider?mid=/g/11y9xv1_qm&g2lbs=AAEPWCsObGka8Oo2NxbC9Nx60RxaTMZ7p-wlJp9mjU9lPG0LIDJp-T0c2NTOY6UFtsz_-Alp5jpJAN7TIEDa95ldafcpey0sEw%3D%3D&hl=en-US&gl=us&fo_m=MfohQo559jFvMUOzJVpjPL1YMfZ3bInYwBDuMfaXTPp5KXh-&utm_source=tactile&gei=CnwCaNHrOt2chbIPheG_yA4&ei=CnwCaNHrOt2chbIPheG_yA4&fo_s=OA,SOE&opi=79508299&ebb=1&cs=0&foub=mcpp",,,"https://www.google.com/maps/place/Mystea+Boba/@39.8973836,-75.03218849999999,14z/data=!4m8!1m2!2m1!1sMystea+Boba!3m4!1s0x89c6cd229b53220f:0x99aa9a08476f4746!8m2!3d39.8973836!4d-75.03218849999999","https://www.google.com/maps/place/Mystea+Boba/@39.8973836,-75.03218849999999,13.99z/data=!4m16!1m7!3m6!1s0x89c6cd229b53220f:0x99aa9a08476f4746!2sMystea+Boba!8m2!3d39.8973836!4d-75.03218849999999!16s%2Fg%2F11ckvg1dmb!3m7!1s0x89c6cd229b53220f:0x99aa9a08476f4746!8m2!3d39.8973836!4d-75.03218849999999!9m1!1b1!16s%2Fg%2F11ckvg1dmb?entry=ttu",ChIJDyJTmyLNxokRRkdvRwiaqpk,0x89c6cd229b53220f:0x99aa9a08476f4746,11072831994192676678,/g/11y9xv1_qm,-7373912079516874938,,,,,,,,,,,,,,,,,,,,,,,,,,,,,,,,,,,,,,,,,,,,,,,,,
"boba tea, 19185, Philadelphia, PA, US",Mr. Wish Chinatown,Mr Wish Chinatown,http://www.mrwishusa.com/,"Bubble tea store, Tea house",Bubble tea store,Bubble tea store,+1 267-457-2650,"216 N 10th St, Philadelphia, PA 19107",Center City East,216 N 10th St,Philadelphia,19107,Pennsylvania,Pennsylvania,United States of America,US,39.9559269,-75.1559137,892a134d4cbffff,America/New_York,,False,4.3,415,"https://search.google.com/local/reviews?placeid=ChIJzaIdiyrGxokR4cIgkJP38KE&q=boba+tea,+19185,+Philadelphia,+PA,+US&authuser=0&hl=en&gl=US",,,25.0,7.0,27.0,97.0,259.0,390,https://lh3.googleusercontent.com/gps-cs-s/AB5caB_4hcA_MGzqTt1r_mfF4p_xs885IU-fb0e4fl7nDcBTwZ_S950RzuvWRWCiBXJwuZyScElbApupQtHWTmfAIxZg6iHNxSs0uv7ExwgTQrNe5tRyAShuQmEVswFImNV7hLdN9Lah=w800-h500-k-no,https://lh3.googleusercontent.com/gps-cs-s/AB5caB_4hcA_MGzqTt1r_mfF4p_xs885IU-fb0e4fl7nDcBTwZ_S950RzuvWRWCiBXJwuZyScElbApupQtHWTmfAIxZg6iHNxSs0uv7ExwgTQrNe5tRyAShuQmEVswFImNV7hLdN9Lah=w1600-h1000-k-no,,"{""Monday"": ""10AM-9PM"", ""Tuesday"": ""10AM-9PM"", ""Wednesday"": ""10AM-9PM"", ""Thursday"": ""10AM-9PM"", ""Friday"": ""10AM-10PM"", ""Saturday"": ""10AM-10PM"", ""Sunday"": ""10AM-10PM""}",Monday:10AM-9PM|Tuesday:10AM-9PM|Wednesday:10AM-9PM|Thursday:10AM-9PM|Friday:10AM-10PM|Saturday:10AM-10PM|Sunday:10AM-10PM,,,OPERATIONAL,"{""Service options"": {""No-contact delivery"": true, ""Delivery"": true, ""Onsite services"": true, ""Takeout"": true, ""Dine-in"": true}, ""Highlights"": {""Great tea selection"": true}, ""Accessibility"": {""Wheelchair accessible entrance"": false, ""Wheelchair accessible parking lot"": false}}",$,,https://lh3.googleusercontent.com/-xKvzVe7PDCk/AAAAAAAAAAI/AAAAAAAAAAA/jj2gdgCYwZk/s44-p-k-no-ns-nd/photo.jpg,An array of options for build-your-own bubble or fruit teas alongside classic coffee shop beverages.,,True,112212426603907706244,Mr. Wish Chinatown,https://www.google.com/maps/contrib/112212426603907706244,,"https://www.google.com/viewer/chooseprovider?mid=/g/11bw4xsr5h&g2lbs=AAEPWCvBULNTYk1azenKDTCeNCUD38c-sQWakdRu_T2_EdpAZwnFx_XxhywPwG1YrBs_rEVQTwTn2H8K9e4rjIZIz6JOiHZuIg%3D%3D&hl=en-US&gl=us&fo_m=MfohQo559jFvMUOzJVpjPL1YMfZ3bInYwBDuMfaXTPp5KXh-&utm_source=tactile&gei=CnwCaNHrOt2chbIPheG_yA4&ei=CnwCaNHrOt2chbIPheG_yA4&fo_s=OA,SOE&opi=79508299&ebb=1&cs=0&foub=mcpp",,,"https://www.google.com/maps/place/Mr.+Wish+Chinatown/@39.9559269,-75.1559137,14z/data=!4m8!1m2!2m1!1sMr.+Wish+Chinatown!3m4!1s0x89c6c62a8b1da2cd:0xa1f0f7939020c2e1!8m2!3d39.9559269!4d-75.1559137","https://www.google.com/maps/place/Mr.+Wish+Chinatown/@39.9559269,-75.1559137,13.99z/data=!4m16!1m7!3m6!1s0x89c6c62a8b1da2cd:0xa1f0f7939020c2e1!2sMr.+Wish+Chinatown!8m2!3d39.9559269!4d-75.1559137!16s%2Fg%2F11ckvg1dmb!3m7!1s0x89c6c62a8b1da2cd:0xa1f0f7939020c2e1!8m2!3d39.9559269!4d-75.1559137!9m1!1b1!16s%2Fg%2F11ckvg1dmb?entry=ttu",ChIJzaIdiyrGxokR4cIgkJP38KE,0x89c6c62a8b1da2cd:0xa1f0f7939020c2e1,11669098847667274465,/g/11bw4xsr5h,-6777645226042277151,,info@mrwishusa.com,RECEIVING,SMTP validated,,,,,,mrwishtexas@gmail.com,RECEIVING,SMTP validated,,,,,,,,,,,,,,12819741848,16513339008,13024823125,https://www.facebook.com/mrwishhouston/,,,,,,,,,,,,,,,Mr. Wish | Fruit Tea | mrwishusa,Wix.com Website Builder,"Mr. Wish is the No. 1 Fruit Tea Frachise from Taiwan. It is Natural, Healthy, Fresh, and Authenthic. Make you Wish come true. mrwishusa","bubble tea, fruit tea, mrwish, mrwishusa, mrwishusa.com",False,False
"boba tea, 19185, Philadelphia, PA, US",Sharetea South Philly,Sharetea South Philly,https://pos.chowbus.com/online-ordering/store/sharetea/21739,"Bubble tea store, Restaurant",restaurants,Bubble tea store,+1 267-991-8888,"600 Washington Ave # 5, Philadelphia, PA 19147",South Philadelphia,600 Washington Ave # 5,Philadelphia,19147,Pennsylvania,Pennsylvania,United States of America,US,39.9345557,-75.1547403,892a134d087ffff,America/New_York,,False,4.3,113,"https://search.google.com/local/reviews?placeid=ChIJ86rhio7HxokRO5FAkhZbIxs&q=boba+tea,+19185,+Philadelphia,+PA,+US&authuser=0&hl=en&gl=US",,,13.0,3.0,2.0,12.0,83.0,289,https://lh3.googleusercontent.com/gps-cs-s/AB5caB9S38uDGPShs_K7uxObxTykY_b6PnoCzfq7YXdI8kkCNdx4qbhYLfN42WHEcLoIdIFp7YXRsI4JeQGFeP29OmLzPc02HXi24XMo241GYWtSqm0uepyFqBg9WCb48fED9tUfcNUj=w800-h500-k-no,https://lh3.googleusercontent.com/gps-cs-s/AB5caB9S38uDGPShs_K7uxObxTykY_b6PnoCzfq7YXdI8kkCNdx4qbhYLfN42WHEcLoIdIFp7YXRsI4JeQGFeP29OmLzPc02HXi24XMo241GYWtSqm0uepyFqBg9WCb48fED9tUfcNUj=w1600-h1000-k-no,,"{""Monday"": ""10:30AM-9PM"", ""Tuesday"": ""10:30AM-9PM"", ""Wednesday"": ""10:30AM-9PM"", ""Thursday"": ""10:30AM-9PM"", ""Friday"": ""10:30AM-10PM"", ""Saturday"": ""10:30AM-10PM"", ""Sunday"": ""10:30AM-10PM""}",Monday:10:30AM-9PM|Tuesday:10:30AM-9PM|Wednesday:10:30AM-9PM|Thursday:10:30AM-9PM|Friday:10:30AM-10PM|Saturday:10:30AM-10PM|Sunday:10:30AM-10PM,,,OPERATIONAL,"{""Service options"": {""No-contact delivery"": true, ""Delivery"": true, ""Takeout"": true, ""Dine-in"": true}, ""Highlights"": {""Great tea selection"": true}, ""Accessibility"": {""Wheelchair accessible entrance"": true}, ""Offerings"": {""Coffee"": true}, ""Dining options"": {""Dessert"": true, ""Seating"": true}, ""Amenities"": {""Gender-neutral restroom"": true}, ""Atmosphere"": {""Casual"": true, ""Trendy"": true}, ""Crowd"": {""College students"": true, ""Family-friendly"": true, ""Tourists"": true}, ""Payments"": {""Credit cards"": true, ""Debit cards"": true, ""NFC mobile payments"": true}, ""Children"": {""Good for kids"": true, ""High chairs"": true}, ""Parking"": {""Free parking lot"": true, ""Free street parking"": true}}",$,,https://lh5.googleusercontent.com/-P-tSED_ebBI/AAAAAAAAAAI/AAAAAAAAAAA/7lIShxRVKXg/s44-p-k-no-ns-nd/photo.jpg,,,True,104201831797616867905,Sharetea South Philly,https://www.google.com/maps/contrib/104201831797616867905,,"https://www.google.com/viewer/chooseprovider?mid=/g/11hvq9rk3p&g2lbs=AAEPWCunxGnCHq-uGFQhWb6Tyi2xbzn9lvpwU-Ulg7EuaP4MVMptwVaxNC1auSpwQirM8dDV1SkzHfXoQl1cTDu5OKuF-29P1w%3D%3D&hl=en-US&gl=us&fo_m=MfohQo559jFvMUOzJVpjPL1YMfZ3bInYwBDuMfaXTPp5KXh-&utm_source=tactile&gei=CnwCaNHrOt2chbIPheG_yA4&ei=CnwCaNHrOt2chbIPheG_yA4&fo_s=OA,SOE&opi=79508299&ebb=1&cs=0&foub=mcpp",,,"https://www.google.com/maps/place/Sharetea+South+Philly/@39.9345557,-75.1547403,14z/data=!4m8!1m2!2m1!1sSharetea+South+Philly!3m4!1s0x89c6c78e8ae1aaf3:0x1b235b169240913b!8m2!3d39.9345557!4d-75.1547403","https://www.google.com/maps/place/Sharetea+South+Philly/@39.9345557,-75.1547403,13.99z/data=!4m16!1m7!3m6!1s0x89c6c78e8ae1aaf3:0x1b235b169240913b!2sSharetea+South+Philly!8m2!3d39.9345557!4d-75.1547403!16s%2Fg%2F11ckvg1dmb!3m7!1s0x89c6c78e8ae1aaf3:0x1b235b169240913b!8m2!3d39.9345557!4d-75.1547403!9m1!1b1!16s%2Fg%2F11ckvg1dmb?entry=ttu",ChIJ86rhio7HxokRO5FAkhZbIxs,0x89c6c78e8ae1aaf3:0x1b235b169240913b,1955506815710040379,/g/11hvq9rk3p,1955506815710040379,,joel.stump@chowbus.com,RECEIVING,Catch All,,,,,,,,,,,,,,,,,,,,,,19045793913,,,https://www.facebook.com/1876735259269202,,https://www.linkedin.com/company/chowbus,,,,,,,,,,,,,"The Pan Kitchen, 1145 Lindero Canyon Rd d 11,  | Online Ordering | Chowbus POS",,The Pan Kitchen | Online Ordering | Chowbus POS,Restaurant POS Systems,False,False
"boba tea, 19185, Philadelphia, PA, US",Mr. Wish Temple Hospital,Mr Wish Temple Hospital,https://www.mrwishusa.com/,Bubble tea store,Bubble tea store,Bubble tea store,+1 267-876-8347,"3508 Germantown Ave, Philadelphia, PA 19140",North Philadelphia East,3508 Germantown Ave,Philadelphia,19140,Pennsylvania,Pennsylvania,United States of America,US,40.0062083,-75.1500609,892a134ab43ffff,America/New_York,,False,4.8,16,"https://search.google.com/local/reviews?placeid=ChIJ71Q94ia3xokR0jmcyDDyjr0&q=boba+tea,+19185,+Philadelphia,+PA,+US&authuser=0&hl=en&gl=US",,,0.0,1.0,0.0,0.0,15.0,61,https://lh3.googleusercontent.com/p/AF1QipP1C_nIR6SVLFZgqsFpDrX89Fyj2rYxgN746hfV=w800-h500-k-no,https://lh3.googleusercontent.com/p/AF1QipP1C_nIR6SVLFZgqsFpDrX89Fyj2rYxgN746hfV=w1600-h1000-k-no,,"{""Monday"": ""10AM-7PM"", ""Tuesday"": ""10AM-7PM"", ""Wednesday"": ""10AM-7PM"", ""Thursday"": ""10AM-7PM"", ""Friday"": ""10AM-7PM"", ""Saturday"": ""10AM-6PM"", ""Sunday"": ""Closed""}",Monday:10AM-7PM|Tuesday:10AM-7PM|Wednesday:10AM-7PM|Thursday:10AM-7PM|Friday:10AM-7PM|Saturday:10AM-6PM|Sunday:Closed,,,OPERATIONAL,"{""Service options"": {""Delivery"": true, ""Takeout"": true, ""Dine-in"": true}, ""Highlights"": {""Great tea selection"": true}}",$,,https://lh6.googleusercontent.com/-N44tiTychAk/AAAAAAAAAAI/AAAAAAAAAAA/c1XA2iL71L4/s44-p-k-no-ns-nd/photo.jpg,,,True,103908717617593367949,Mr. Wish Temple Hospital,https://www.google.com/maps/contrib/103908717617593367949,,"https://www.google.com/viewer/chooseprovider?mid=/g/11vcq_qp4_&g2lbs=AAEPWCskFZMFfj4fmIb3FVJB6RbL3dS0lo-tuUCaVsIBoK_QZUPefq3q7dvml3rsWaEgYXMKrLH0XaK9rADSNTghN7y3aBWRsw%3D%3D&hl=en-US&gl=us&fo_m=MfohQo559jFvMUOzJVpjPL1YMfZ3bInYwBDuMfaXTPp5KXh-&utm_source=tactile&gei=CnwCaNHrOt2chbIPheG_yA4&ei=CnwCaNHrOt2chbIPheG_yA4&fo_s=OA,SOE&opi=79508299&ebb=1&cs=0&foub=mcpp",,,"https://www.google.com/maps/place/Mr.+Wish+Temple+Hospital/@40.0062083,-75.1500609,14z/data=!4m8!1m2!2m1!1sMr.+Wish+Temple+Hospital!3m4!1s0x89c6b726e23d54ef:0xbd8ef230c89c39d2!8m2!3d40.0062083!4d-75.1500609","https://www.google.com/maps/place/Mr.+Wish+Temple+Hospital/@40.0062083,-75.1500609,13.99z/data=!4m16!1m7!3m6!1s0x89c6b726e23d54ef:0xbd8ef230c89c39d2!2sMr.+Wish+Temple+Hospital!8m2!3d40.0062083!4d-75.1500609!16s%2Fg%2F11ckvg1dmb!3m7!1s0x89c6b726e23d54ef:0xbd8ef230c89c39d2!8m2!3d40.0062083!4d-75.1500609!9m1!1b1!16s%2Fg%2F11ckvg1dmb?entry=ttu",ChIJ71Q94ia3xokR0jmcyDDyjr0,0x89c6b726e23d54ef:0xbd8ef230c89c39d2,13659121011199326674,/g/11vcq_qp4_,-4787623062510224942,,info@mrwishusa.com,RECEIVING,SMTP validated,,,,,,mrwishtexas@gmail.com,RECEIVING,SMTP validated,,,,,,,,,,,,,,12819741848,16513339008,13024823125,https://www.facebook.com/mrwishhouston/,,,,,,,,,,,,,,,Mr. Wish | Fruit Tea | mrwishusa,Wix.com Website Builder,"Mr. Wish is the No. 1 Fruit Tea Frachise from Taiwan. It is Natural, Healthy, Fresh, and Authenthic. Make you Wish come true. mrwishusa","bubble tea, fruit tea, mrwish, mrwishusa, mrwishusa.com",False,False
"boba tea, 19185, Philadelphia, PA, US",I Tea,I Tea,http://www.iteapa.com/menu.asp,"Bubble tea store, Asian restaurant, Chinese restaurant, Ice cream shop",restaurants,Bubble tea store,+1 215-665-8886,"1537 Spring Garden St, Philadelphia, PA 19130",Fairmount,1537 Spring Garden St,Philadelphia,19130,Pennsylvania,Pennsylvania,United States of America,US,39.963014099999995,-75.16417779999999,892a1348907ffff,America/New_York,,False,4.6,256,"https://search.google.com/local/reviews?placeid=ChIJK1SFR9LHxokRUHGWFhKib9c&q=boba+tea,+19185,+Philadelphia,+PA,+US&authuser=0&hl=en&gl=US",,,4.0,2.0,15.0,58.0,177.0,109,https://lh3.googleusercontent.com/gps-cs-s/AB5caB_JxezHw1bOfDJMjWEZ_sz5uaDtvn2i2RnytvVsjdWcJd5TfTehUEPvnutJhbSkXQ8JHrXZ7ov3XexUtJ3qhY6gnIDfnv9Cnjt_m-TkorBvdSFPnkXqiDWOKenR7Q0P-kYL13_BVw=w800-h500-k-no,https://lh3.googleusercontent.com/gps-cs-s/AB5caB_JxezHw1bOfDJMjWEZ_sz5uaDtvn2i2RnytvVsjdWcJd5TfTehUEPvnutJhbSkXQ8JHrXZ7ov3XexUtJ3qhY6gnIDfnv9Cnjt_m-TkorBvdSFPnkXqiDWOKenR7Q0P-kYL13_BVw=w1600-h1000-k-no,,"{""Monday"": ""10:30AM-10PM"", ""Tuesday"": ""10:30AM-10PM"", ""Wednesday"": ""10:30AM-10PM"", ""Thursday"": ""10:30AM-10PM"", ""Friday"": ""10:30AM-10PM"", ""Saturday"": ""11AM-11PM"", ""Sunday"": ""Closed""}",Monday:10:30AM-10PM|Tuesday:10:30AM-10PM|Wednesday:10:30AM-10PM|Thursday:10:30AM-10PM|Friday:10:30AM-10PM|Saturday:11AM-11PM|Sunday:Closed,,,OPERATIONAL,"{""Service options"": {""Delivery"": true, ""Takeout"": true, ""Dine-in"": true}, ""Highlights"": {""Great tea selection"": true}, ""Popular for"": {""Lunch"": true, ""Dinner"": true, ""Solo dining"": true}, ""Accessibility"": {""Wheelchair accessible entrance"": false, ""Wheelchair accessible parking lot"": false, ""Wheelchair accessible seating"": false}, ""Offerings"": {""Comfort food"": true, ""Healthy options"": true, ""Late-night food"": true, ""Quick bite"": true, ""Small plates"": true, ""Vegetarian options"": true}, ""Dining options"": {""Lunch"": true, ""Dinner"": true, ""Dessert"": true}, ""Atmosphere"": {""Casual"": true, ""Cozy"": true, ""Trendy"": true}, ""Crowd"": {""College students"": true, ""Groups"": true}, ""Planning"": {""Accepts reservations"": true}, ""Payments"": {""Credit cards"": true, ""Debit cards"": true, ""NFC mobile payments"": true}, ""Children"": {""Good for kids"": true}}",$,,https://lh5.googleusercontent.com/-NCSJKTk-XcY/AAAAAAAAAAI/AAAAAAAAAAA/niESXQDpGX8/s44-p-k-no-ns-nd/photo.jpg,"Petite place for Asian food, including Korean fried chicken, plus bubble tea & ice cream.",,True,100811544862117895194,I Tea,https://www.google.com/maps/contrib/100811544862117895194,http://www.iteapa.com/,"https://www.google.com/viewer/chooseprovider?mid=/g/12qfjd_7r&g2lbs=AAEPWCt5WyG_Al0BBMK72U4-tyGTW8BhWalxfxLOM9vX5l-FCOilLyneyAd4jDP_ewkKvaqUCrpHiN-wZGaPmteRK2Gruy-QYw%3D%3D&hl=en-US&gl=us&fo_m=MfohQo559jFvMUOzJVpjPL1YMfZ3bInYwBDuMfaXTPp5KXh-&utm_source=tactile&gei=CnwCaNHrOt2chbIPheG_yA4&ei=CnwCaNHrOt2chbIPheG_yA4&fo_s=OA,SOE&opi=79508299&ebb=1&cs=0&foub=mcpp",,http://www.iteapa.com/,"https://www.google.com/maps/place/I+Tea/@39.963014099999995,-75.16417779999999,14z/data=!4m8!1m2!2m1!1sI+Tea!3m4!1s0x89c6c7d24785542b:0xd76fa21216967150!8m2!3d39.963014099999995!4d-75.16417779999999","https://www.google.com/maps/place/I+Tea/@39.963014099999995,-75.16417779999999,13.99z/data=!4m16!1m7!3m6!1s0x89c6c7d24785542b:0xd76fa21216967150!2sI+Tea!8m2!3d39.963014099999995!4d-75.16417779999999!16s%2Fg%2F11ckvg1dmb!3m7!1s0x89c6c7d24785542b:0xd76fa21216967150!8m2!3d39.963014099999995!4d-75.16417779999999!9m1!1b1!16s%2Fg%2F11ckvg1dmb?entry=ttu",ChIJK1SFR9LHxokRUHGWFhKib9c,0x89c6c7d24785542b:0xd76fa21216967150,15523804639141458256,/g/12qfjd_7r,-2922939434568093360,,,,,,,,,,,,,,,,,,,,,,,,,,,,,,,,,,,,,,,,,,,,"I Tea | Order Online | Philadelphia, 19130  | Chinese",,"I Tea,Restaurnat,Asian Cuisine,Menu","I Tea,Restaurnat,Asian Cuisine,Menu",False,False
"boba tea, 19185, Philadelphia, PA, US",Mr Wish Olney,Mr Wish Olney,https://instagram.com/mr.wisholney?igshid=oowxatogku0g,Bubble tea store,Bubble tea store,Bubble tea store,+1 267-703-2232,"6201 N Front St suite 117, Philadelphia, PA 19120",Olney-Oak Lane,6201 N Front St suite 117,Philadelphia,19120,Pennsylvania,Pennsylvania,United States of America,US,40.045656799999996,-75.11772069999999,892a134ac57ffff,America/New_York,,False,3.7,68,"https://search.google.com/local/reviews?placeid=ChIJJ4mF6x-3xokRnMJXIfBYycE&q=boba+tea,+19185,+Philadelphia,+PA,+US&authuser=0&hl=en&gl=US",,,16.0,3.0,4.0,6.0,39.0,129,https://lh3.googleusercontent.com/gps-cs-s/AB5caB-XBL14xcarY-YbVFASIKfd5C9F9mpF38pNLNFFB-T24P6zV6-2jSTAvQvcbaNrcQ48NTAsikZB0rd-dP78tKDCpw-xrSI5z0xVGP6TwzRQS894j84PABS00zkuqYHN2kPdRaBC=w800-h500-k-no,https://lh3.googleusercontent.com/gps-cs-s/AB5caB-XBL14xcarY-YbVFASIKfd5C9F9mpF38pNLNFFB-T24P6zV6-2jSTAvQvcbaNrcQ48NTAsikZB0rd-dP78tKDCpw-xrSI5z0xVGP6TwzRQS894j84PABS00zkuqYHN2kPdRaBC=w1600-h1000-k-no,,"{""Monday"": ""10AM-9PM"", ""Tuesday"": ""10AM-9PM"", ""Wednesday"": ""10AM-9PM"", ""Thursday"": ""10AM-9PM"", ""Friday"": ""10AM-9PM"", ""Saturday"": ""10AM-9PM"", ""Sunday"": ""10AM-9PM""}",Monday:10AM-9PM|Tuesday:10AM-9PM|Wednesday:10AM-9PM|Thursday:10AM-9PM|Friday:10AM-9PM|Saturday:10AM-9PM|Sunday:10AM-9PM,,,OPERATIONAL,"{""Service options"": {""No-contact delivery"": true, ""Delivery"": true, ""Takeout"": true, ""Dine-in"": true}, ""Highlights"": {""Great tea selection"": true}}",$,,https://lh3.googleusercontent.com/-oTCen7_wXHA/AAAAAAAAAAI/AAAAAAAAAAA/PRyQkDzQ1Kk/s44-p-k-no-ns-nd/photo.jpg,,,True,110656150934115354698,Mr Wish Olney,https://www.google.com/maps/contrib/110656150934115354698,,"https://www.google.com/viewer/chooseprovider?mid=/g/11q_jqs27j&g2lbs=AAEPWCtVm7GKmFwuN1QLMHV6FXQSB-AsbVUYVKFT_gHBb1McxUnm__4Kj3gS9BVfF0ktRi7myBwXesVR-SH4cLs6pSroh5kvbg%3D%3D&hl=en-US&gl=us&fo_m=MfohQo559jFvMUOzJVpjPL1YMfZ3bInYwBDuMfaXTPp5KXh-&utm_source=tactile&gei=CnwCaNHrOt2chbIPheG_yA4&ei=CnwCaNHrOt2chbIPheG_yA4&fo_s=OA,SOE&opi=79508299&ebb=1&cs=0&foub=mcpp",,,"https://www.google.com/maps/place/Mr+Wish+Olney/@40.045656799999996,-75.11772069999999,14z/data=!4m8!1m2!2m1!1sMr+Wish+Olney!3m4!1s0x89c6b71feb858927:0xc1c958f02157c29c!8m2!3d40.045656799999996!4d-75.11772069999999","https://www.google.com/maps/place/Mr+Wish+Olney/@40.045656799999996,-75.11772069999999,13.99z/data=!4m16!1m7!3m6!1s0x89c6b71feb858927:0xc1c958f02157c29c!2sMr+Wish+Olney!8m2!3d40.045656799999996!4d-75.11772069999999!16s%2Fg%2F11ckvg1dmb!3m7!1s0x89c6b71feb858927:0xc1c958f02157c29c!8m2!3d40.045656799999996!4d-75.11772069999999!9m1!1b1!16s%2Fg%2F11ckvg1dmb?entry=ttu",ChIJJ4mF6x-3xokRnMJXIfBYycE,0x89c6b71feb858927:0xc1c958f02157c29c,13963789908013728412,/g/11q_jqs27j,-4482954165695823204,,,,,,,,,,,,,,,,,,,,,,,,,,,,,,,,,,,,,,,,,,,,,,,,,
"boba tea, 19185, Philadelphia, PA, US",Mi 'N Tea,Mi N Tea,http://www.mi-n-tea.com/,Vietnamese restaurant,restaurants,Vietnamese restaurant,+1 267-297-7257,"4229 Main St, Philadelphia, PA 19127",Roxborough-Manayunk,4229 Main St,Philadelphia,19127,Pennsylvania,Pennsylvania,United States of America,US,40.024338199999995,-75.22075079999999,892a13483cfffff,America/New_York,,False,4.7,318,"https://search.google.com/local/reviews?placeid=ChIJ4RTXsuW5xokRbhwvLkW_LoM&q=boba+tea,+19185,+Philadelphia,+PA,+US&authuser=0&hl=en&gl=US",,,11.0,3.0,4.0,36.0,264.0,540,https://lh3.googleusercontent.com/gps-cs-s/AB5caB_uCc2vseH3JfNtfxND3aIcMExfzbQ92Vmaxk9qv4kHS8OXOJP0BwXHyDVBMwg6evtr-OReh4kcZuhb2DHQTYALPy2zBmFs99J6NYcu1szBbYg1VdMtS4llvmahgmmE0kBjs-nkSw=w800-h500-k-no,https://lh3.googleusercontent.com/gps-cs-s/AB5caB_uCc2vseH3JfNtfxND3aIcMExfzbQ92Vmaxk9qv4kHS8OXOJP0BwXHyDVBMwg6evtr-OReh4kcZuhb2DHQTYALPy2zBmFs99J6NYcu1szBbYg1VdMtS4llvmahgmmE0kBjs-nkSw=w1600-h1000-k-no,,"{""Monday"": ""Closed"", ""Tuesday"": ""11AM-8PM"", ""Wednesday"": ""11AM-8PM"", ""Thursday"": ""11AM-8PM"", ""Friday"": ""11AM-8PM"", ""Saturday"": ""11AM-8PM"", ""Sunday"": ""11AM-6PM""}",Monday:Closed|Tuesday:11AM-8PM|Wednesday:11AM-8PM|Thursday:11AM-8PM|Friday:11AM-8PM|Saturday:11AM-8PM|Sunday:11AM-6PM,,,OPERATIONAL,"{""From the business"": {""Identifies as Asian-owned"": true}, ""Service options"": {""Outdoor seating"": true, ""Delivery"": true, ""Takeout"": true, ""Dine-in"": true}, ""Highlights"": {""Great tea selection"": true}, ""Popular for"": {""Lunch"": true, ""Dinner"": true, ""Solo dining"": true}, ""Offerings"": {""Coffee"": true, ""Comfort food"": true, ""Healthy options"": true, ""Quick bite"": true, ""Vegetarian options"": true}, ""Dining options"": {""Lunch"": true, ""Dinner"": true, ""Catering"": true, ""Dessert"": true, ""Seating"": true}, ""Amenities"": {""Restroom"": true, ""Wi-Fi"": true}, ""Atmosphere"": {""Casual"": true, ""Cozy"": true, ""Trendy"": true}, ""Crowd"": {""College students"": true, ""Family-friendly"": true, ""LGBTQ+ friendly"": true}, ""Planning"": {""Accepts reservations"": true}, ""Payments"": {""Credit cards"": true, ""Debit cards"": true, ""NFC mobile payments"": true}, ""Children"": {""Good for kids"": true}, ""Parking"": {""Paid street parking"": true, ""Parking"": true}, ""Pets"": {""Dogs allowed outside"": true}, ""Other"": {""LGBTQ+ friendly"": true, ""Identifies as Asian-owned"": true}}",$,,https://lh6.googleusercontent.com/-muyYLz3xDss/AAAAAAAAAAI/AAAAAAAAAAA/w6CdUG0xDPY/s44-p-k-no-ns-nd/photo.jpg,,,True,117400345982469742717,Mi 'N Tea,https://www.google.com/maps/contrib/117400345982469742717,,"https://www.google.com/viewer/chooseprovider?mid=/g/11j4xy_7_p&g2lbs=AAEPWCu_yObSpGh5zH-r1RivHWkFTn-feA8voXdZkfqjx-Vrqt2ZYbTKOUNKYFN5ju-WOqL0qLClW0DEwaSM9YpEw4q-M8-xRw%3D%3D&hl=en-US&gl=us&fo_m=MfohQo559jFvMUOzJVpjPL1YMfZ3bInYwBDuMfaXTPp5KXh-&utm_source=tactile&gei=CnwCaNHrOt2chbIPheG_yA4&ei=CnwCaNHrOt2chbIPheG_yA4&fo_s=OA,SOE&opi=79508299&ebb=1&cs=0&foub=mcpp",,,"https://www.google.com/maps/place/Mi+%27N+Tea/@40.024338199999995,-75.22075079999999,14z/data=!4m8!1m2!2m1!1sMi+%27N+Tea!3m4!1s0x89c6b9e5b2d714e1:0x832ebf452e2f1c6e!8m2!3d40.024338199999995!4d-75.22075079999999","https://www.google.com/maps/place/Mi+%27N+Tea/@40.024338199999995,-75.22075079999999,13.99z/data=!4m16!1m7!3m6!1s0x89c6b9e5b2d714e1:0x832ebf452e2f1c6e!2sMi+%27N+Tea!8m2!3d40.024338199999995!4d-75.22075079999999!16s%2Fg%2F11ckvg1dmb!3m7!1s0x89c6b9e5b2d714e1:0x832ebf452e2f1c6e!8m2!3d40.024338199999995!4d-75.22075079999999!9m1!1b1!16s%2Fg%2F11ckvg1dmb?entry=ttu",ChIJ4RTXsuW5xokRbhwvLkW_LoM,0x89c6b9e5b2d714e1:0x832ebf452e2f1c6e,9452702971745737838,/g/11j4xy_7_p,-8994041101963813778,,meetme@mi-n-tea.com,INVALID,Undeliverable,,,,,,,,,,,,,,,,,,,,,,,,,,,,,,,,,,,,,,,,Banh Mi and Bubble Tea | Mi 'N Tea | United States,Wix.com Website Builder,"A family-owned café serving traditional Vietnamese bánh mì with a twist and fresh-brewed, premium bubble tea.",,,
"boba tea, 19185, Philadelphia, PA, US",Mr. Wish Rittenhouse Square,Mr Wish Rittenhouse Square,http://mrwishusa.com/,"Bubble tea store, Tea house",Bubble tea store,Bubble tea store,+1 267-534-3815,"2100 Walnut St, Philadelphia, PA 19103",Center City,2100 Walnut St,Philadelphia,19103,Pennsylvania,Pennsylvania,United States of America,US,39.9507098,-75.1760272,892a134d613ffff,America/New_York,,False,4.2,131,"https://search.google.com/local/reviews?placeid=ChIJkRiHeG3HxokR9rOkKSsWyh8&q=boba+tea,+19185,+Philadelphia,+PA,+US&authuser=0&hl=en&gl=US",,,15.0,6.0,7.0,16.0,87.0,111,https://lh3.googleusercontent.com/gps-cs-s/AB5caB-dz99rIJOm_PdV2p1IEU84a0jxXXihkD2-T_GSeNQ40AusoJE5_njcqBrNzsdUWP6WFLXO07sjtH7mTx-weyZ3KgC7mWtLAr4S-qMVpezTo53WZeyaIaNOJlBNR7pg3tg8Kf-j=w800-h500-k-no,https://lh3.googleusercontent.com/gps-cs-s/AB5caB-dz99rIJOm_PdV2p1IEU84a0jxXXihkD2-T_GSeNQ40AusoJE5_njcqBrNzsdUWP6WFLXO07sjtH7mTx-weyZ3KgC7mWtLAr4S-qMVpezTo53WZeyaIaNOJlBNR7pg3tg8Kf-j=w1600-h1000-k-no,,"{""Monday"": ""11:30AM-9PM"", ""Tuesday"": ""11:30AM-9PM"", ""Wednesday"": ""11:30AM-9PM"", ""Thursday"": ""11:30AM-9PM"", ""Friday"": ""11:30AM-9PM"", ""Saturday"": ""11:30AM-9PM"", ""Sunday"": ""11:30AM-9PM""}",Monday:11:30AM-9PM|Tuesday:11:30AM-9PM|Wednesday:11:30AM-9PM|Thursday:11:30AM-9PM|Friday:11:30AM-9PM|Saturday:11:30AM-9PM|Sunday:11:30AM-9PM,,,OPERATIONAL,"{""Service options"": {""No-contact delivery"": true, ""Delivery"": true, ""Takeout"": true}, ""Highlights"": {""Great tea selection"": true}}",$,,https://lh3.googleusercontent.com/-LxF7rt5qCAA/AAAAAAAAAAI/AAAAAAAAAAA/NVtqMvrKLnM/s44-p-k-no-ns-nd/photo.jpg,,,True,107657663327367584709,Mr. Wish Rittenhouse Square,https://www.google.com/maps/contrib/107657663327367584709,,"https://www.google.com/viewer/chooseprovider?mid=/g/11hyzbfv3c&g2lbs=AAEPWCtG-eqYt-9FC5E2klxqiD7TzV2wv8tGxoz-pPA-xv8N-zuTGWykHxUp9KVy2RUs_WHhS5goMko2R9bYh3FCcTIKbkm6cA%3D%3D&hl=en-US&gl=us&fo_m=MfohQo559jFvMUOzJVpjPL1YMfZ3bInYwBDuMfaXTPp5KXh-&utm_source=tactile&gei=CnwCaNHrOt2chbIPheG_yA4&ei=CnwCaNHrOt2chbIPheG_yA4&fo_s=OA,SOE&opi=79508299&ebb=1&cs=0&foub=mcpp",,,"https://www.google.com/maps/place/Mr.+Wish+Rittenhouse+Square/@39.9507098,-75.1760272,14z/data=!4m8!1m2!2m1!1sMr.+Wish+Rittenhouse+Square!3m4!1s0x89c6c76d78871891:0x1fca162b29a4b3f6!8m2!3d39.9507098!4d-75.1760272","https://www.google.com/maps/place/Mr.+Wish+Rittenhouse+Square/@39.9507098,-75.1760272,13.99z/data=!4m16!1m7!3m6!1s0x89c6c76d78871891:0x1fca162b29a4b3f6!2sMr.+Wish+Rittenhouse+Square!8m2!3d39.9507098!4d-75.1760272!16s%2Fg%2F11ckvg1dmb!3m7!1s0x89c6c76d78871891:0x1fca162b29a4b3f6!8m2!3d39.9507098!4d-75.1760272!9m1!1b1!16s%2Fg%2F11ckvg1dmb?entry=ttu",ChIJkRiHeG3HxokR9rOkKSsWyh8,0x89c6c76d78871891:0x1fca162b29a4b3f6,2290667735109383158,/g/11hyzbfv3c,2290667735109383158,,info@mrwishusa.com,RECEIVING,SMTP validated,,,,,,mrwishtexas@gmail.com,RECEIVING,SMTP validated,,,,,,,,,,,,,,12819741848,16513339008,13024823125,https://www.facebook.com/mrwishhouston/,,,,,,,,,,,,,,,Mr. Wish | Fruit Tea | mrwishusa,Wix.com Website Builder,"Mr. Wish is the No. 1 Fruit Tea Frachise from Taiwan. It is Natural, Healthy, Fresh, and Authenthic. Make you Wish come true. mrwishusa","bubble tea, fruit tea, mrwish, mrwishusa, mrwishusa.com",False,False
"boba tea, 19185, Philadelphia, PA, US",Mr. Wish Oregon Ave,Mr Wish Oregon Ave,https://www.mrwishusa.com/,Bubble tea store,Bubble tea store,Bubble tea store,+1 267-606-6868,"Inside the Oregon Market, 320 Oregon Ave, Philadelphia, PA 19148",South Philadelphia East,"Inside the Oregon Market, 320 Oregon Ave",Philadelphia,19148,Pennsylvania,Pennsylvania,United States of America,US,39.912866199999996,-75.1537847,892a134d10bffff,America/New_York,,False,4.2,417,"https://search.google.com/local/reviews?placeid=ChIJq5fRpKnPxokRT50xfUE2Y1c&q=boba+tea,+19185,+Philadelphia,+PA,+US&authuser=0&hl=en&gl=US",,,17.0,12.0,61.0,125.0,202.0,241,https://lh3.googleusercontent.com/gps-cs-s/AB5caB-ECGvHmsCQpzuypcArFwNWgkL41AFPWAzejtNHLxXpU6uH56lK84DvRku7IJc3e_iMCrkg7F2y8fLs0MANYdZhJABSkvwQp4Zicoj8PBceGfexUZ2fg7eBxi_by7rm85eTBKVR=w800-h500-k-no,https://lh3.googleusercontent.com/gps-cs-s/AB5caB-ECGvHmsCQpzuypcArFwNWgkL41AFPWAzejtNHLxXpU6uH56lK84DvRku7IJc3e_iMCrkg7F2y8fLs0MANYdZhJABSkvwQp4Zicoj8PBceGfexUZ2fg7eBxi_by7rm85eTBKVR=w1600-h1000-k-no,,"{""Monday"": ""11AM-7:30PM"", ""Tuesday"": ""11AM-7:30PM"", ""Wednesday"": ""11AM-7:30PM"", ""Thursday"": ""11AM-7:30PM"", ""Friday"": ""11AM-7:30PM"", ""Saturday"": ""10AM-7:30PM"", ""Sunday"": ""10AM-7:30PM""}",Monday:11AM-7:30PM|Tuesday:11AM-7:30PM|Wednesday:11AM-7:30PM|Thursday:11AM-7:30PM|Friday:11AM-7:30PM|Saturday:10AM-7:30PM|Sunday:10AM-7:30PM,,,OPERATIONAL,"{""Service options"": {""No-contact delivery"": true, ""Delivery"": true, ""Takeout"": true}, ""Highlights"": {""Great tea selection"": true}, ""Accessibility"": {""Wheelchair accessible entrance"": true, ""Wheelchair accessible parking lot"": true}}",$,,https://lh4.googleusercontent.com/-bgohz9SLX1Q/AAAAAAAAAAI/AAAAAAAAAAA/Gq9sBbHHG30/s44-p-k-no-ns-nd/photo.jpg,"Supermarket focusing on imported Asian condiments, beverages & other groceries, plus fresh fish.",,True,101471088647568866813,Mr. Wish Oregon Ave,https://www.google.com/maps/contrib/101471088647568866813,,"https://www.google.com/viewer/chooseprovider?mid=/g/1tdd66r6&g2lbs=AAEPWCuNE2wy0-_rW7oNqS93dwRtbKy5p77whQjfCYHtIDGDh7o-N43WEaGxEe9yldp1_d9JZuRwi1HNn6Tmj2pbh6XcGNnong%3D%3D&hl=en-US&gl=us&fo_m=MfohQo559jFvMUOzJVpjPL1YMfZ3bInYwBDuMfaXTPp5KXh-&utm_source=tactile&gei=CnwCaNHrOt2chbIPheG_yA4&ei=CnwCaNHrOt2chbIPheG_yA4&fo_s=OA,SOE&opi=79508299&ebb=1&cs=0&foub=mcpp",,,"https://www.google.com/maps/place/Mr.+Wish+Oregon+Ave/@39.912866199999996,-75.1537847,14z/data=!4m8!1m2!2m1!1sMr.+Wish+Oregon+Ave!3m4!1s0x89c6cfa9a4d197ab:0x576336417d319d4f!8m2!3d39.912866199999996!4d-75.1537847","https://www.google.com/maps/place/Mr.+Wish+Oregon+Ave/@39.912866199999996,-75.1537847,13.99z/data=!4m16!1m7!3m6!1s0x89c6cfa9a4d197ab:0x576336417d319d4f!2sMr.+Wish+Oregon+Ave!8m2!3d39.912866199999996!4d-75.1537847!16s%2Fg%2F11ckvg1dmb!3m7!1s0x89c6cfa9a4d197ab:0x576336417d319d4f!8m2!3d39.912866199999996!4d-75.1537847!9m1!1b1!16s%2Fg%2F11ckvg1dmb?entry=ttu",ChIJq5fRpKnPxokRT50xfUE2Y1c,0x89c6cfa9a4d197ab:0x576336417d319d4f,6296936358895263055,/g/1tdd66r6,6296936358895263055,,info@mrwishusa.com,RECEIVING,SMTP validated,,,,,,mrwishtexas@gmail.com,RECEIVING,SMTP validated,,,,,,,,,,,,,,12819741848,16513339008,13024823125,https://www.facebook.com/mrwishhouston/,,,,,,,,,,,,,,,Mr. Wish | Fruit Tea | mrwishusa,Wix.com Website Builder,"Mr. Wish is the No. 1 Fruit Tea Frachise from Taiwan. It is Natural, Healthy, Fresh, and Authenthic. Make you Wish come true. mrwishusa","bubble tea, fruit tea, mrwish, mrwishusa, mrwishusa.com",False,False
"boba tea, 19185, Philadelphia, PA, US",Prince Tea House,Prince Tea House,http://www.princeteahouse.com/,Tea house,Tea house,Tea house,+1 215-560-8912,"203 N 9th St, Philadelphia, PA 19107",Center City East,203 N 9th St,Philadelphia,19107,Pennsylvania,Pennsylvania,United States of America,US,39.9553671,-75.1541091,892a134d4cfffff,America/New_York,,False,4.5,399,"https://search.google.com/local/reviews?placeid=ChIJd1GAoTHJxokRBeVt8GK9S4I&q=boba+tea,+19185,+Philadelphia,+PA,+US&authuser=0&hl=en&gl=US",,,18.0,13.0,19.0,47.0,302.0,990,https://lh3.googleusercontent.com/gps-cs-s/AB5caB-xBIIJD6VIDL9Awji8pO54BFLFx918JW5mvq7BxCaovo8f5nZnsJceUYocFZYOZ7qM-KV2xil2-xfsUmQCjKRlp3qK4eigmQ1HOR9f9qiOdZcIvKFwbH7C6Z0J_E9q2q7-eRNx=w800-h500-k-no,https://lh3.googleusercontent.com/gps-cs-s/AB5caB-xBIIJD6VIDL9Awji8pO54BFLFx918JW5mvq7BxCaovo8f5nZnsJceUYocFZYOZ7qM-KV2xil2-xfsUmQCjKRlp3qK4eigmQ1HOR9f9qiOdZcIvKFwbH7C6Z0J_E9q2q7-eRNx=w1600-h1000-k-no,,"{""Monday"": ""12-10PM"", ""Tuesday"": ""Closed"", ""Wednesday"": ""12-10PM"", ""Thursday"": ""12-10PM"", ""Friday"": ""12-11PM"", ""Saturday"": ""12-11PM"", ""Sunday"": ""12-10PM""}",Monday:12-10PM|Tuesday:Closed|Wednesday:12-10PM|Thursday:12-10PM|Friday:12-11PM|Saturday:12-11PM|Sunday:12-10PM,,,OPERATIONAL,"{""Service options"": {""Delivery"": true, ""Takeout"": true, ""Dine-in"": true}, ""Highlights"": {""Great tea selection"": true}, ""Accessibility"": {""Wheelchair accessible restroom"": true, ""Wheelchair accessible seating"": true, ""Wheelchair accessible parking lot"": false}}",$$,,https://lh6.googleusercontent.com/-QwmS7bYrCxw/AAAAAAAAAAI/AAAAAAAAAAA/zrG8UVCuGoc/s44-p-k-no-ns-nd/photo.jpg,,,True,114886678461464549688,Prince Tea House,https://www.google.com/maps/contrib/114886678461464549688,,"https://www.google.com/viewer/chooseprovider?mid=/g/11fmsgl459&g2lbs=AAEPWCvtwgm8R95hO0Ae0XLSnqxFwR710tSdJfxR7GJVzqaH9Fpwnh3OTge-fYe0BqVmIg-VqNX4Tx6caz8LG3-bNtY63BKQDg%3D%3D&hl=en-US&gl=us&fo_m=MfohQo559jFvMUOzJVpjPL1YMfZ3bInYwBDuMfaXTPp5KXh-&utm_source=tactile&gei=CnwCaNHrOt2chbIPheG_yA4&ei=CnwCaNHrOt2chbIPheG_yA4&fo_s=OA,SOE&opi=79508299&ebb=1&cs=0&foub=mcpp",,,"https://www.google.com/maps/place/Prince+Tea+House/@39.9553671,-75.1541091,14z/data=!4m8!1m2!2m1!1sPrince+Tea+House!3m4!1s0x89c6c931a1805177:0x824bbd62f06de505!8m2!3d39.9553671!4d-75.1541091","https://www.google.com/maps/place/Prince+Tea+House/@39.9553671,-75.1541091,13.99z/data=!4m16!1m7!3m6!1s0x89c6c931a1805177:0x824bbd62f06de505!2sPrince+Tea+House!8m2!3d39.9553671!4d-75.1541091!16s%2Fg%2F11ckvg1dmb!3m7!1s0x89c6c931a1805177:0x824bbd62f06de505!8m2!3d39.9553671!4d-75.1541091!9m1!1b1!16s%2Fg%2F11ckvg1dmb?entry=ttu",ChIJd1GAoTHJxokRBeVt8GK9S4I,0x89c6c931a1805177:0x824bbd62f06de505,9388806080822109445,/g/11fmsgl459,-9057937992887442171,,nfo@princeteahouse.com,INVALID,Invalid SMTP,,,,,,,,,,,,,,,,,,,,,,19293654625,,,https://www.facebook.com/100838709330248,,,,,,,,,,,,,,,NY Tea House | Dessert | Coffee | Fruit Tea | Waffle - Prince Tea House,Wix.com Website Builder,,,,
"boba tea, 19185, Philadelphia, PA, US",Mr. Wish City Ave,Mr Wish City Ave,https://www.mrwishusa.com/,Bubble tea store,Bubble tea store,Bubble tea store,+1 610-934-4167,"179 City Ave, Bala Cynwyd, PA 19004",None,179 City Ave,Bala Cynwyd,19004,Pennsylvania,Pennsylvania,United States of America,US,39.997572,-75.2347281,892a1349d73ffff,America/New_York,,False,4.8,31,"https://search.google.com/local/reviews?placeid=ChIJh7XVmTrHxokR-cFK-PsfBic&q=boba+tea,+19185,+Philadelphia,+PA,+US&authuser=0&hl=en&gl=US",,,1.0,0.0,0.0,2.0,28.0,49,https://lh3.googleusercontent.com/gps-cs-s/AB5caB8DKPAXsAwE0uQvY4zjUudww4FZUPXSe40QIFn4yXi6JwL86NkMwTnROwhM5D9GLOUTy3TdGJkKHUtMBIgAeztZXYBFUM5sNpcO1rYXf33hRzQtjaW9sRwdh8AsQJorOkSpSq84=w800-h500-k-no,https://lh3.googleusercontent.com/gps-cs-s/AB5caB8DKPAXsAwE0uQvY4zjUudww4FZUPXSe40QIFn4yXi6JwL86NkMwTnROwhM5D9GLOUTy3TdGJkKHUtMBIgAeztZXYBFUM5sNpcO1rYXf33hRzQtjaW9sRwdh8AsQJorOkSpSq84=w1600-h1000-k-no,,"{""Monday"": ""11AM-9PM"", ""Tuesday"": ""11AM-9PM"", ""Wednesday"": ""11AM-9PM"", ""Thursday"": ""11AM-9PM"", ""Friday"": ""11AM-9PM"", ""Saturday"": ""11AM-9PM"", ""Sunday"": ""11AM-9PM""}",Monday:11AM-9PM|Tuesday:11AM-9PM|Wednesday:11AM-9PM|Thursday:11AM-9PM|Friday:11AM-9PM|Saturday:11AM-9PM|Sunday:11AM-9PM,,,OPERATIONAL,"{""Service options"": {""Curbside pickup"": true, ""No-contact delivery"": true, ""Delivery"": true, ""Takeout"": true, ""Dine-in"": true}, ""Highlights"": {""Great tea selection"": true}, ""Accessibility"": {""Wheelchair accessible entrance"": true, ""Wheelchair accessible parking lot"": true, ""Wheelchair accessible restroom"": true, ""Wheelchair accessible seating"": true}, ""Amenities"": {""Gender-neutral restroom"": true}, ""Parking"": {""Free street parking"": true}}",$,,https://lh4.googleusercontent.com/-RVXHophO8_k/AAAAAAAAAAI/AAAAAAAAAAA/lqhhEuI5INw/s44-p-k-no-ns-nd/photo.jpg,,,True,110942269241076805653,Mr. Wish City Ave,https://www.google.com/maps/contrib/110942269241076805653,,"https://www.google.com/viewer/chooseprovider?mid=/g/11vqwzy34z&g2lbs=AAEPWCuZbu-W1U7vbtU4tGshbDThUJZNoE33ZBfPquPSk2OxAFy8ZMbYtM0-KBNtsbXK_EhjXs8M24ThsXZF92KfRUgY2vUczw%3D%3D&hl=en-US&gl=us&fo_m=MfohQo559jFvMUOzJVpjPL1YMfZ3bInYwBDuMfaXTPp5KXh-&utm_source=tactile&gei=CnwCaNHrOt2chbIPheG_yA4&ei=CnwCaNHrOt2chbIPheG_yA4&fo_s=OA,SOE&opi=79508299&ebb=1&cs=0&foub=mcpp",,,"https://www.google.com/maps/place/Mr.+Wish+City+Ave/@39.997572,-75.2347281,14z/data=!4m8!1m2!2m1!1sMr.+Wish+City+Ave!3m4!1s0x89c6c73a99d5b587:0x27061ffbf84ac1f9!8m2!3d39.997572!4d-75.2347281","https://www.google.com/maps/place/Mr.+Wish+City+Ave/@39.997572,-75.2347281,13.99z/data=!4m16!1m7!3m6!1s0x89c6c73a99d5b587:0x27061ffbf84ac1f9!2sMr.+Wish+City+Ave!8m2!3d39.997572!4d-75.2347281!16s%2Fg%2F11ckvg1dmb!3m7!1s0x89c6c73a99d5b587:0x27061ffbf84ac1f9!8m2!3d39.997572!4d-75.2347281!9m1!1b1!16s%2Fg%2F11ckvg1dmb?entry=ttu",ChIJh7XVmTrHxokR-cFK-PsfBic,0x89c6c73a99d5b587:0x27061ffbf84ac1f9,2811970184402354681,/g/11vqwzy34z,2811970184402354681,,info@mrwishusa.com,RECEIVING,SMTP validated,,,,,,mrwishtexas@gmail.com,RECEIVING,SMTP validated,,,,,,,,,,,,,,12819741848,16513339008,13024823125,https://www.facebook.com/mrwishhouston/,,,,,,,,,,,,,,,Mr. Wish | Fruit Tea | mrwishusa,Wix.com Website Builder,"Mr. Wish is the No. 1 Fruit Tea Frachise from Taiwan. It is Natural, Healthy, Fresh, and Authenthic. Make you Wish come true. mrwishusa","bubble tea, fruit tea, mrwish, mrwishusa, mrwishusa.com",False,False
"boba tea, 19185, Philadelphia, PA, US",Mango Mango Dessert,Mango Mango Dessert,http://mangomangodessert.com/,"Bubble tea store, Dessert shop, Creperie, Ice cream shop, Juice shop",Dessert shop,Bubble tea store,+1 215-987-6762,"6830 Bustleton Ave, Philadelphia, PA 19149",Northeast Philadelphia,6830 Bustleton Ave,Philadelphia,19149,Pennsylvania,Pennsylvania,United States of America,US,40.0413901,-75.0650252,892a134117bffff,America/New_York,,False,4.8,360,"https://search.google.com/local/reviews?placeid=ChIJ3xnfZ_G3xokRTGhyl1wvXKY&q=boba+tea,+19185,+Philadelphia,+PA,+US&authuser=0&hl=en&gl=US",,,5.0,5.0,8.0,38.0,304.0,285,https://lh3.googleusercontent.com/gps-cs-s/AB5caB9Vvh7lk2K4Z-Ja3n8OBPmaREjfY1_pNxT3rWHlX8vFqWRGXJ8uH0HahSCwKDaysEnPJT4993JahJ3hVrSISD4MytKxD3YIIotUtKD7V-tgjzUYiod9YR7ov5olk-9snGBLMhB3=w800-h500-k-no,https://lh3.googleusercontent.com/gps-cs-s/AB5caB9Vvh7lk2K4Z-Ja3n8OBPmaREjfY1_pNxT3rWHlX8vFqWRGXJ8uH0HahSCwKDaysEnPJT4993JahJ3hVrSISD4MytKxD3YIIotUtKD7V-tgjzUYiod9YR7ov5olk-9snGBLMhB3=w1600-h1000-k-no,,"{""Monday"": ""12-9PM"", ""Tuesday"": ""12-9PM"", ""Wednesday"": ""12-9PM"", ""Thursday"": ""12-9PM"", ""Friday"": ""12-10PM"", ""Saturday"": ""12-10PM"", ""Sunday"": ""12-9PM""}",Monday:12-9PM|Tuesday:12-9PM|Wednesday:12-9PM|Thursday:12-9PM|Friday:12-10PM|Saturday:12-10PM|Sunday:12-9PM,,,OPERATIONAL,"{""Service options"": {""No-contact delivery"": true, ""Delivery"": true, ""In-store pickup"": true, ""Takeout"": true, ""Dine-in"": true}, ""Accessibility"": {""Wheelchair accessible entrance"": true}, ""Planning"": {""Quick visit"": true}, ""Payments"": {""Credit cards"": true, ""Debit cards"": true, ""NFC mobile payments"": true}}",$,,https://lh4.googleusercontent.com/-rXmXeckoKJU/AAAAAAAAAAI/AAAAAAAAAAA/PdbBY_Dvkd4/s44-p-k-no-ns-nd/photo.jpg,,,True,104955607621176009139,Mango Mango Dessert,https://www.google.com/maps/contrib/104955607621176009139,,"https://www.google.com/viewer/chooseprovider?mid=/g/11qp88y_1f&g2lbs=AAEPWCtWyO__ft0K0gd7JwrdK6GeF2XE_JQdZQey3UT-bYKNHWy53UVr6Ub3182g0KfCEC-G5_98a13MO763tdqQGriLIlG0vw%3D%3D&hl=en-US&gl=us&fo_m=MfohQo559jFvMUOzJVpjPL1YMfZ3bInYwBDuMfaXTPp5KXh-&utm_source=tactile&gei=CnwCaNHrOt2chbIPheG_yA4&ei=CnwCaNHrOt2chbIPheG_yA4&fo_s=OA,SOE&opi=79508299&ebb=1&cs=0&foub=mcpp",,,"https://www.google.com/maps/place/Mango+Mango+Dessert/@40.0413901,-75.0650252,14z/data=!4m8!1m2!2m1!1sMango+Mango+Dessert!3m4!1s0x89c6b7f167df19df:0xa65c2f5c9772684c!8m2!3d40.0413901!4d-75.0650252","https://www.google.com/maps/place/Mango+Mango+Dessert/@40.0413901,-75.0650252,13.99z/data=!4m16!1m7!3m6!1s0x89c6b7f167df19df:0xa65c2f5c9772684c!2sMango+Mango+Dessert!8m2!3d40.0413901!4d-75.0650252!16s%2Fg%2F11ckvg1dmb!3m7!1s0x89c6b7f167df19df:0xa65c2f5c9772684c!8m2!3d40.0413901!4d-75.0650252!9m1!1b1!16s%2Fg%2F11ckvg1dmb?entry=ttu",ChIJ3xnfZ_G3xokRTGhyl1wvXKY,0x89c6b7f167df19df:0xa65c2f5c9772684c,11987508382877771852,/g/11qp88y_1f,-6459235690831779764,,mangomangodessert@live.com,RECEIVING,SMTP validated,,,,,,,,,,,,,,,,,,,,,,17038528222,16783957094,17038258222,https://www.facebook.com/mmdEdenCenter/,,,,,,,,,,,,,,,HOME | Mango Mango Desserts,Wix.com Website Builder,,,False,False
"boba tea, 19185, Philadelphia, PA, US",Dodo Bakery,Dodo Bakery,http://www.dodobakery.co/,"Bubble tea store, Asian restaurant, Bakery, Cafe, Chinese bakery, Chinese restaurant, Coffee shop, Dessert shop, Takeout Restaurant, Restaurant",Bakery,Bubble tea store,+1 215-820-9804,"2653 S 11th St, Philadelphia, PA 19148",Lower Moyamensing,2653 S 11th St,Philadelphia,19148,Pennsylvania,Pennsylvania,United States of America,US,39.9163107,-75.1658587,892a134d397ffff,America/New_York,,False,4.8,217,"https://search.google.com/local/reviews?placeid=ChIJXym_l6zFxokR-AP-H35G2X4&q=boba+tea,+19185,+Philadelphia,+PA,+US&authuser=0&hl=en&gl=US",,,7.0,0.0,6.0,11.0,193.0,330,https://lh3.googleusercontent.com/gps-proxy/ALd4DhEFoWMk8dKRIJX8e1cCp6D6A2hsTdw-Omn_D0xe9Pm3fOEXq8XTNwYsMCCUNrJ9iFJDu8LYcfMz9XfhQf322Hbs4QfayalEObyAHvHZRtOyBjY25WsPeY6WC3Fq0ZcDS6supRMvxlPf6MbVV5LtX2uqAA9ojbBxeGO5XTsF7vAgRBaL_gx9cJoo=w800-h500-k-no,https://lh3.googleusercontent.com/gps-proxy/ALd4DhEFoWMk8dKRIJX8e1cCp6D6A2hsTdw-Omn_D0xe9Pm3fOEXq8XTNwYsMCCUNrJ9iFJDu8LYcfMz9XfhQf322Hbs4QfayalEObyAHvHZRtOyBjY25WsPeY6WC3Fq0ZcDS6supRMvxlPf6MbVV5LtX2uqAA9ojbBxeGO5XTsF7vAgRBaL_gx9cJoo=w1600-h1000-k-no,,"{""Monday"": ""7:30AM-7PM"", ""Tuesday"": ""7:30AM-7PM"", ""Wednesday"": ""Closed"", ""Thursday"": ""7:30AM-7PM"", ""Friday"": ""7:30AM-7PM"", ""Saturday"": ""7:30AM-7PM"", ""Sunday"": ""7:30AM-6PM""}",Monday:7:30AM-7PM|Tuesday:7:30AM-7PM|Wednesday:Closed|Thursday:7:30AM-7PM|Friday:7:30AM-7PM|Saturday:7:30AM-7PM|Sunday:7:30AM-6PM,,,OPERATIONAL,"{""From the business"": {""Identifies as Asian-owned"": true, ""Identifies as women-owned"": true, ""Small business"": true}, ""Service options"": {""Curbside pickup"": true, ""Delivery"": true, ""In-store pickup"": true, ""In-store shopping"": true, ""Onsite services"": true, ""Takeout"": true, ""Same-day delivery"": true, ""Dine-in"": false}, ""Offerings"": {""Coffee"": true}, ""Dining options"": {""Breakfast"": true}, ""Amenities"": {""Restroom"": false}, ""Crowd"": {""LGBTQ+ friendly"": true, ""Transgender safespace"": true}, ""Planning"": {""Quick visit"": true}, ""Payments"": {""Credit cards"": true, ""Debit cards"": true, ""NFC mobile payments"": true}, ""Other"": {""LGBTQ+ friendly"": true, ""Identifies as women-owned"": true, ""Identifies as Asian-owned"": true}}",$$,,https://lh3.googleusercontent.com/-8qmjXBIUT98/AAAAAAAAAAI/AAAAAAAAAAA/xjxKjnDuvH4/s44-p-k-no-ns-nd/photo.jpg,,,True,107498087084802275006,Dodo Bakery,https://www.google.com/maps/contrib/107498087084802275006,,"https://www.google.com/viewer/chooseprovider?mid=/g/11qg051gcs&g2lbs=AAEPWCsG8OrKHJa4nR3WrdH79ucugsQtHaGkOHk8HWT4YN-Kv2VgOjLUXT4nX5pdiGx57QjSQvZ_I0KWYoSkza1-_SNd4Z3FHQ%3D%3D&hl=en-US&gl=us&fo_m=MfohQo559jFvMUOzJVpjPL1YMfZ3bInYwBDuMfaXTPp5KXh-&utm_source=tactile&gei=CnwCaNHrOt2chbIPheG_yA4&ei=CnwCaNHrOt2chbIPheG_yA4&fo_s=OA,SOE&opi=79508299&ebb=1&cs=0&foub=mcpp",,,"https://www.google.com/maps/place/Dodo+Bakery/@39.9163107,-75.1658587,14z/data=!4m8!1m2!2m1!1sDodo+Bakery!3m4!1s0x89c6c5ac97bf295f:0x7ed9467e1ffe03f8!8m2!3d39.9163107!4d-75.1658587","https://www.google.com/maps/place/Dodo+Bakery/@39.9163107,-75.1658587,13.99z/data=!4m16!1m7!3m6!1s0x89c6c5ac97bf295f:0x7ed9467e1ffe03f8!2sDodo+Bakery!8m2!3d39.9163107!4d-75.1658587!16s%2Fg%2F11ckvg1dmb!3m7!1s0x89c6c5ac97bf295f:0x7ed9467e1ffe03f8!8m2!3d39.9163107!4d-75.1658587!9m1!1b1!16s%2Fg%2F11ckvg1dmb?entry=ttu",ChIJXym_l6zFxokR-AP-H35G2X4,0x89c6c5ac97bf295f:0x7ed9467e1ffe03f8,9140414426241696760,/g/11qg051gcs,9140414426241696760,,info@dodobakery.co,RECEIVING,SMTP validated,,,,,,,,,,,,,,,,,,,,,,2158209804,12158209804,,https://www.facebook.com/thedodobakery,https://www.instagram.com/thedodobakery,,,,,,,,,,,,,,Dodo Bakery - Delicious Boba and Fresh Buns!,,,,,
"boba tea, 19185, Philadelphia, PA, US",Pelicana Chicken and Boba Tea - University City,Pelicana Chicken And Boba Tea University City,https://www.pelicanausa.com/online-ordering,"Bubble tea store, Restaurant, Chicken restaurant, Dessert shop, Korean restaurant",restaurants,Bubble tea store,+1 267-969-6956,"4002 Spruce St, Philadelphia, PA 19104",West Philadelphia,4002 Spruce St,Philadelphia,19104,Pennsylvania,Pennsylvania,United States of America,US,39.9516348,-75.2032916,892aacb2583ffff,America/New_York,,False,4.0,160,"https://search.google.com/local/reviews?placeid=ChIJ3QmFXZrHxokRVDCtC9MoDKA&q=boba+tea,+19185,+Philadelphia,+PA,+US&authuser=0&hl=en&gl=US",,,25.0,5.0,12.0,29.0,89.0,106,https://lh3.googleusercontent.com/gps-cs-s/AB5caB96dzfHLbKiuIAFk_DNanCPouozM5WqVW_WQI8cBqVhGoQ4XWCS3HXH5uK0yWE0KIo1opFZMRn2ygdJdgAkWTJiJuJQVrwz6aDyoR8raq-AIZsJxA6WHwUhmRXOgg3AbmBbK-tG=w800-h500-k-no,https://lh3.googleusercontent.com/gps-cs-s/AB5caB96dzfHLbKiuIAFk_DNanCPouozM5WqVW_WQI8cBqVhGoQ4XWCS3HXH5uK0yWE0KIo1opFZMRn2ygdJdgAkWTJiJuJQVrwz6aDyoR8raq-AIZsJxA6WHwUhmRXOgg3AbmBbK-tG=w1600-h1000-k-no,,"{""Monday"": ""11:30AM-12AM"", ""Tuesday"": ""11:30AM-12AM"", ""Wednesday"": ""11:30AM-12AM"", ""Thursday"": ""11:30AM-12AM"", ""Friday"": ""11:30AM-1AM"", ""Saturday"": ""11:30AM-1AM"", ""Sunday"": ""11:30AM-12AM""}",Monday:11:30AM-12AM|Tuesday:11:30AM-12AM|Wednesday:11:30AM-12AM|Thursday:11:30AM-12AM|Friday:11:30AM-1AM|Saturday:11:30AM-1AM|Sunday:11:30AM-12AM,,,OPERATIONAL,"{""Service options"": {""No-contact delivery"": true, ""Delivery"": true, ""Takeout"": true, ""Dine-in"": true}, ""Highlights"": {""Fast service"": true}, ""Popular for"": {""Lunch"": true, ""Dinner"": true, ""Solo dining"": true}, ""Offerings"": {""Alcohol"": true, ""Beer"": true, ""Cocktails"": true, ""Comfort food"": true, ""Hard liquor"": true, ""Late-night food"": true, ""Quick bite"": true, ""Small plates"": true}, ""Dining options"": {""Lunch"": true, ""Dinner"": true, ""Dessert"": true, ""Seating"": true}, ""Amenities"": {""Bar onsite"": true}, ""Atmosphere"": {""Casual"": true, ""Trendy"": true}, ""Crowd"": {""Groups"": true}, ""Planning"": {""Accepts reservations"": true}, ""Payments"": {""Credit cards"": true, ""Debit cards"": true, ""NFC mobile payments"": true}, ""Children"": {""High chairs"": true}}",$$,,https://lh6.googleusercontent.com/-o6nJJ4nTB_w/AAAAAAAAAAI/AAAAAAAAAAA/wRF9mjh0-eE/s44-p-k-no-ns-nd/photo.jpg,,,True,110103659710904795322,Pelicana Chicken and Boba Tea - University City,https://www.google.com/maps/contrib/110103659710904795322,,"https://www.google.com/viewer/chooseprovider?mid=/g/11h6npdxmn&g2lbs=AAEPWCuFiGByWg1gp658Qk5yJsJ_WNFc9jF59OBJbNKgVc4xRsfD3y2pMTKDVeXNbJ-NPzXqMr0XI9bI_IrK70Oo_9mauM6jgg%3D%3D&hl=en-US&gl=us&fo_m=MfohQo559jFvMUOzJVpjPL1YMfZ3bInYwBDuMfaXTPp5KXh-&utm_source=tactile&gei=CnwCaNHrOt2chbIPheG_yA4&ei=CnwCaNHrOt2chbIPheG_yA4&fo_s=OA,SOE&opi=79508299&ebb=1&cs=0&foub=mcpp",,,"https://www.google.com/maps/place/Pelicana+Chicken+and+Boba+Tea+-+University+City/@39.9516348,-75.2032916,14z/data=!4m8!1m2!2m1!1sPelicana+Chicken+and+Boba+Tea+-+University+City!3m4!1s0x89c6c79a5d8509dd:0xa00c28d30bad3054!8m2!3d39.9516348!4d-75.2032916","https://www.google.com/maps/place/Pelicana+Chicken+and+Boba+Tea+-+University+City/@39.9516348,-75.2032916,13.99z/data=!4m16!1m7!3m6!1s0x89c6c79a5d8509dd:0xa00c28d30bad3054!2sPelicana+Chicken+and+Boba+Tea+-+University+City!8m2!3d39.9516348!4d-75.2032916!16s%2Fg%2F11ckvg1dmb!3m7!1s0x89c6c79a5d8509dd:0xa00c28d30bad3054!8m2!3d39.9516348!4d-75.2032916!9m1!1b1!16s%2Fg%2F11ckvg1dmb?entry=ttu",ChIJ3QmFXZrHxokRVDCtC9MoDKA,0x89c6c79a5d8509dd:0xa00c28d30bad3054,11532637632688107604,/g/11h6npdxmn,-6914106441021444012,,pelicanaryan@gmail.com,RECEIVING,Verified,,,,,,info.pelicanausa@gmail.com,RECEIVING,SMTP validated,,,,,,frywithus@gmail.com,RECEIVING,SMTP validated,,,,,,6467915766,+1 718-255-6650,15627748181,https://www.facebook.com/pelicanausa/,,,,,,,,,,,,,,,Home | Pelicana Chicken,Wix.com Website Builder,,,False,False
"boba tea, 19185, Philadelphia, PA, US",Bambū,Bambū,http://www.drinkbambu.com/,"Dessert shop, Vietnamese restaurant",Dessert shop,Dessert shop,+1 267-687-7163,"600 Washington Ave #9, Philadelphia, PA 19147",South Philadelphia,600 Washington Ave #9,Philadelphia,19147,Pennsylvania,Pennsylvania,United States of America,US,39.9344939,-75.15506049999999,892a134d083ffff,America/New_York,,False,4.4,288,"https://search.google.com/local/reviews?placeid=ChIJd32bnKDIxokR7Dc9N42M8bg&q=boba+tea,+19185,+Philadelphia,+PA,+US&authuser=0&hl=en&gl=US",,,19.0,6.0,18.0,50.0,195.0,156,https://lh3.googleusercontent.com/gps-cs-s/AB5caB-k4BE9Kr5NRsw68fpveujUufGBpIhQFjktf57Eo_7le06DjvC3R99_5HGUSMDHfgwV3aU1FO4UaVv3wzaoR01KEV-QSd9LF0bb3VuRXOSUj_tofX3wkgwCQHHnHKRXVA2mzSog5g=w800-h500-k-no,https://lh3.googleusercontent.com/gps-cs-s/AB5caB-k4BE9Kr5NRsw68fpveujUufGBpIhQFjktf57Eo_7le06DjvC3R99_5HGUSMDHfgwV3aU1FO4UaVv3wzaoR01KEV-QSd9LF0bb3VuRXOSUj_tofX3wkgwCQHHnHKRXVA2mzSog5g=w1600-h1000-k-no,,"{""Monday"": ""9AM-8PM"", ""Tuesday"": ""9AM-8PM"", ""Wednesday"": ""9AM-8PM"", ""Thursday"": ""9AM-8PM"", ""Friday"": ""9AM-8PM"", ""Saturday"": ""9AM-9PM"", ""Sunday"": ""9AM-9PM""}",Monday:9AM-8PM|Tuesday:9AM-8PM|Wednesday:9AM-8PM|Thursday:9AM-8PM|Friday:9AM-8PM|Saturday:9AM-9PM|Sunday:9AM-9PM,,,OPERATIONAL,"{""Service options"": {""Takeout"": true}, ""Accessibility"": {""Wheelchair accessible entrance"": true, ""Wheelchair accessible parking lot"": true}, ""Planning"": {""Quick visit"": true}, ""Payments"": {""Credit cards"": true, ""Debit cards"": true, ""NFC mobile payments"": true}}",$,,,"Cafe chain serving coffee drinks, milk tea & Asian desserts, including Vietnamese che.",,False,None,Bambū,,,,,,"https://www.google.com/maps/place/Bamb%C5%AB/@39.9344939,-75.15506049999999,14z/data=!4m8!1m2!2m1!1sBamb%C5%AB!3m4!1s0x89c6c8a09c9b7d77:0xb8f18c8d373d37ec!8m2!3d39.9344939!4d-75.15506049999999","https://www.google.com/maps/place/Bamb%C5%AB/@39.9344939,-75.15506049999999,13.99z/data=!4m16!1m7!3m6!1s0x89c6c8a09c9b7d77:0xb8f18c8d373d37ec!2sBamb%C5%AB!8m2!3d39.9344939!4d-75.15506049999999!16s%2Fg%2F11ckvg1dmb!3m7!1s0x89c6c8a09c9b7d77:0xb8f18c8d373d37ec!8m2!3d39.9344939!4d-75.15506049999999!9m1!1b1!16s%2Fg%2F11ckvg1dmb?entry=ttu",ChIJd32bnKDIxokR7Dc9N42M8bg,0x89c6c8a09c9b7d77:0xb8f18c8d373d37ec,13326587310511044588,/g/11b7k8c353,-5120156763198507028,,scott@drinkbambu.com,UNKNOWN,Cannot validate,Scott Bachman,Scott,Bachman,President,0,tony@drinkbambu.com,INVALID,Cannot validate,Tony Ngyuen,Tony,Ngyuen,Founder,,rockford@drinkbambu.com,INVALID,Cannot validate,Tien Nguyen,Tien,Nguyen,Owner,18157936190,13158022866,14082839666,17279548031,https://www.facebook.com/104343772403218,,https://www.linkedin.com/company/bambulowell,,,,,,,,,,,,,Bambu Tracy | Drinkbambu,Wix.com Website Builder,"Bambu is the only franchise that delivers authentic Vietnamese dessert drinks. We also serve incredible Asian-inspired smoothies, coffees, teas, and yogurts made to order from fresh ingredients ""just the way you love it"".",,False,False
"boba tea, 19185, Philadelphia, PA, US",Ray's Cafe & Tea House,Rays Cafe And Tea House,http://rayscafephilly.com/,"Cafe, Chinese restaurant, Coffee shop",cafes,Cafe,+1 215-922-5122,"141 N 9th St, Philadelphia, PA 19107",Center City East,141 N 9th St,Philadelphia,19107,Pennsylvania,Pennsylvania,United States of America,US,39.9546303,-75.1542576,892a134d4cfffff,America/New_York,,False,4.5,469,"https://search.google.com/local/reviews?placeid=ChIJ5zLf2IHIxokRYGZIfAYoMXs&q=boba+tea,+19185,+Philadelphia,+PA,+US&authuser=0&hl=en&gl=US",,,29.0,10.0,22.0,37.0,371.0,446,https://lh3.googleusercontent.com/p/AF1QipMgF5utEu9iUn7TH9mw_jfaA20tveEoX1CPhrlM=w800-h500-k-no,https://lh3.googleusercontent.com/p/AF1QipMgF5utEu9iUn7TH9mw_jfaA20tveEoX1CPhrlM=w1600-h1000-k-no,,"{""Monday"": ""8AM-5PM"", ""Tuesday"": ""8AM-5PM"", ""Wednesday"": ""8AM-5PM"", ""Thursday"": ""8AM-5PM"", ""Friday"": ""8AM-5PM"", ""Saturday"": ""11:30AM-5PM"", ""Sunday"": ""Closed""}",Monday:8AM-5PM|Tuesday:8AM-5PM|Wednesday:8AM-5PM|Thursday:8AM-5PM|Friday:8AM-5PM|Saturday:11:30AM-5PM|Sunday:Closed,,,OPERATIONAL,"{""From the business"": {""Identifies as women-owned"": true}, ""Service options"": {""Delivery"": true, ""Onsite services"": true, ""Takeout"": true, ""Dine-in"": true}, ""Highlights"": {""Great coffee"": true, ""Great dessert"": true, ""Great tea selection"": true}, ""Popular for"": {""Breakfast"": true, ""Lunch"": true, ""Solo dining"": true, ""Good for working on laptop"": true}, ""Accessibility"": {""Wheelchair accessible parking lot"": false}, ""Offerings"": {""Coffee"": true, ""Comfort food"": true, ""Healthy options"": true, ""Prepared foods"": true, ""Quick bite"": true, ""Small plates"": true, ""Vegetarian options"": true}, ""Dining options"": {""Breakfast"": true, ""Brunch"": true, ""Lunch"": true, ""Dessert"": true, ""Seating"": true}, ""Amenities"": {""Restroom"": true}, ""Atmosphere"": {""Casual"": true, ""Cozy"": true, ""Trendy"": true}, ""Crowd"": {""Tourists"": true}, ""Planning"": {""Accepts reservations"": true}, ""Payments"": {""Credit cards"": true, ""Debit cards"": true, ""NFC mobile payments"": true}, ""Parking"": {""Paid street parking"": true, ""Parking"": true}, ""Other"": {""Identifies as women-owned"": true}}",$,,https://lh4.googleusercontent.com/-7nzP7d2WPiE/AAAAAAAAAAI/AAAAAAAAAAA/iq9N29gfw_E/s44-p-k-no-ns-nd/photo.jpg,Strong coffee brewed with a siphon & Taiwanese teas plus full Chinese lunch & dinner menus.,,True,115220925753354594454,Ray's Cafe & Tea House,https://www.google.com/maps/contrib/115220925753354594454,,"https://www.google.com/viewer/chooseprovider?mid=/g/1tfkrqyj&g2lbs=AAEPWCuV7LtOjF_yFZA-CmIcn9jbxxf3_KxOnFjIE2zvd_eN7qLTpXanLWtDwIU8GF_RkTWGC2tnG_BjqoxNTisRLLBufSRDLg%3D%3D&hl=en-US&gl=us&fo_m=MfohQo559jFvMUOzJVpjPL1YMfZ3bInYwBDuMfaXTPp5KXh-&utm_source=tactile&gei=DHwCaIiLHKfcxc8P4r2H4Qc&ei=DHwCaIiLHKfcxc8P4r2H4Qc&fo_s=OA,SOE&opi=79508299&ebb=1&cs=0&foub=mcpp",,,"https://www.google.com/maps/place/Ray%27s+Cafe+%26+Tea+House/@39.9546303,-75.1542576,14z/data=!4m8!1m2!2m1!1sRay%27s+Cafe+%26+Tea+House!3m4!1s0x89c6c881d8df32e7:0x7b3128067c486660!8m2!3d39.9546303!4d-75.1542576","https://www.google.com/maps/place/Ray%27s+Cafe+%26+Tea+House/@39.9546303,-75.1542576,13.99z/data=!4m16!1m7!3m6!1s0x89c6c881d8df32e7:0x7b3128067c486660!2sRay%27s+Cafe+%26+Tea+House!8m2!3d39.9546303!4d-75.1542576!16s%2Fg%2F11ckvg1dmb!3m7!1s0x89c6c881d8df32e7:0x7b3128067c486660!8m2!3d39.9546303!4d-75.1542576!9m1!1b1!16s%2Fg%2F11ckvg1dmb?entry=ttu",ChIJ5zLf2IHIxokRYGZIfAYoMXs,0x89c6c881d8df32e7:0x7b3128067c486660,8876920348843992672,/g/1tfkrqyj,8876920348843992672,,rayscafephilly@gmail.com,RECEIVING,SMTP validated,,,,,,,,,,,,,,,,,,,,,,12159225122,2159225122,,,https://www.instagram.com/rayscafephilly,,,,,,,,,https://twitter.com/intent/,,,,,Ray's Cafe / 小蜜蜂,,,,,
"boba tea, 19185, Philadelphia, PA, US",Bubble Bear Tea (Deptford),Bubble Bear Tea Deptford,https://bubblebearusa.com/,Bubble tea store,Bubble tea store,Bubble tea store,+1 516-369-3141,"1750 Deptford Center Rd F001, Deptford, NJ 08096",None,1750 Deptford Center Rd F001,Deptford,08096,New Jersey,New Jersey,United States of America,US,39.8310124,-75.0972384,892aacb65d7ffff,America/New_York,,False,4.9,176,"https://search.google.com/local/reviews?placeid=ChIJFb64P1bPxokR_Grg7wwb1H8&q=boba+tea,+19185,+Philadelphia,+PA,+US&authuser=0&hl=en&gl=US",,,2.0,1.0,0.0,6.0,167.0,57,https://lh3.googleusercontent.com/p/AF1QipN5zxGwHtY131EbzTGLWaGAvyQnQegd0N0Dc1cY=w800-h500-k-no,https://lh3.googleusercontent.com/p/AF1QipN5zxGwHtY131EbzTGLWaGAvyQnQegd0N0Dc1cY=w1600-h1000-k-no,,"{""Monday"": ""10AM-8PM"", ""Tuesday"": ""10AM-8PM"", ""Wednesday"": ""10AM-8PM"", ""Thursday"": ""10AM-8PM"", ""Friday"": ""10AM-9PM"", ""Saturday"": ""10AM-9PM"", ""Sunday"": ""11AM-6PM""}",Monday:10AM-8PM|Tuesday:10AM-8PM|Wednesday:10AM-8PM|Thursday:10AM-8PM|Friday:10AM-9PM|Saturday:10AM-9PM|Sunday:11AM-6PM,,,OPERATIONAL,"{""Service options"": {""Onsite services"": true, ""Takeout"": true, ""Dine-in"": true, ""Delivery"": false}, ""Highlights"": {""Great tea selection"": true}, ""Accessibility"": {""Wheelchair accessible entrance"": true, ""Wheelchair accessible parking lot"": true}, ""Parking"": {""Free parking lot"": true, ""On-site parking"": true}}",$,,https://lh4.googleusercontent.com/-awB7_uoyUPs/AAAAAAAAAAI/AAAAAAAAAAA/FNn8OhKdFeQ/s44-p-k-no-ns-nd/photo.jpg,,,True,113330292979379518485,Bubble Bear Tea,https://www.google.com/maps/contrib/113330292979379518485,,"https://www.google.com/viewer/chooseprovider?mid=/g/11vq_1l1fn&g2lbs=AAEPWCvAPsQtC94uwRqszmQGkh1_ReedlQrAmEqg_kIXGZo-kN-PNOdIqzbJMZjoeolidqwn94xCua1_idk86Vpwwy3n2VqcBA%3D%3D&hl=en-US&gl=us&fo_m=MfohQo559jFvMUOzJVpjPL1YMfZ3bInYwBDuMfaXTPp5KXh-&utm_source=tactile&gei=DHwCaIiLHKfcxc8P4r2H4Qc&ei=DHwCaIiLHKfcxc8P4r2H4Qc&fo_s=OA,SOE&opi=79508299&ebb=1&cs=0&foub=mcpp",,,"https://www.google.com/maps/place/Bubble+Bear+Tea+%28Deptford%29/@39.8310124,-75.0972384,14z/data=!4m8!1m2!2m1!1sBubble+Bear+Tea+%28Deptford%29!3m4!1s0x89c6cf563fb8be15:0x7fd41b0cefe06afc!8m2!3d39.8310124!4d-75.0972384","https://www.google.com/maps/place/Bubble+Bear+Tea+%28Deptford%29/@39.8310124,-75.0972384,13.99z/data=!4m16!1m7!3m6!1s0x89c6cf563fb8be15:0x7fd41b0cefe06afc!2sBubble+Bear+Tea+%28Deptford%29!8m2!3d39.8310124!4d-75.0972384!16s%2Fg%2F11ckvg1dmb!3m7!1s0x89c6cf563fb8be15:0x7fd41b0cefe06afc!8m2!3d39.8310124!4d-75.0972384!9m1!1b1!16s%2Fg%2F11ckvg1dmb?entry=ttu",ChIJFb64P1bPxokR_Grg7wwb1H8,0x89c6cf563fb8be15:0x7fd41b0cefe06afc,9211016880257526524,/g/11vq_1l1fn,9211016880257526524,,info@bubblebearusa.com,RECEIVING,SMTP validated,,,,,,wweeiihhuuaanngg@gmail.com,RECEIVING,Verified,,,,,,,,,,,,,,,,,,https://www.instagram.com/bubblebearusa,,,,,,,,,,,,https://github.com/JulietaUla/,,Bubble Bear Tea,Starfield Technologies; Go Daddy Website Builder 8.0.0000,,,False,False
"boba tea, 19185, Philadelphia, PA, US",Tsaocaa,Tsaocaa,http://tsaocaatea.com/,"Bubble tea store, Tea house",Tea house,Bubble tea store,+1 215-273-9193,"1715 Chestnut St, Philadelphia, PA 19103",Center City,1715 Chestnut St,Philadelphia,19103,Pennsylvania,Pennsylvania,United States of America,US,39.951752,-75.169324,892a134d687ffff,America/New_York,,False,3.6,40,"https://search.google.com/local/reviews?placeid=ChIJi245PVnHxokRQ36lCbkKcQQ&q=boba+tea,+19185,+Philadelphia,+PA,+US&authuser=0&hl=en&gl=US",,,11.0,0.0,3.0,6.0,20.0,4,https://lh3.googleusercontent.com/p/AF1QipPXYu_KuruRxaWXTO348nNWcjf2nvnpN5keojs1=w800-h500-k-no,https://lh3.googleusercontent.com/p/AF1QipPXYu_KuruRxaWXTO348nNWcjf2nvnpN5keojs1=w1600-h1000-k-no,,"{""Monday"": ""5PM-1:45AM"", ""Tuesday"": ""5PM-1:45AM"", ""Wednesday"": ""5PM-1:45AM"", ""Thursday"": ""5PM-1:45AM"", ""Friday"": ""5PM-1:45AM"", ""Saturday"": ""5PM-1:45AM"", ""Sunday"": ""5PM-1:45AM""}",Monday:5PM-1:45AM|Tuesday:5PM-1:45AM|Wednesday:5PM-1:45AM|Thursday:5PM-1:45AM|Friday:5PM-1:45AM|Saturday:5PM-1:45AM|Sunday:5PM-1:45AM,,,OPERATIONAL,"{""Service options"": {""Delivery"": true, ""Takeout"": true, ""Dine-in"": true}, ""Highlights"": {""Great tea selection"": true}}",,,,,,False,None,Tsaocaa,,,"https://www.google.com/viewer/chooseprovider?mid=/g/11h41n0r2h&g2lbs=AAEPWCsBR6gZR1jV81jvbxiZeFp5ci5OLcRBAkRX63yM0Gg0HvtzTC6DMncyu_jKVsQjnbEtJTvXPqhpjLf-_TX1PTawuMaE7A%3D%3D&hl=en-US&gl=us&fo_m=MfohQo559jFvMUOzJVpjPL1YMfZ3bInYwBDuMfaXTPp5KXh-&utm_source=tactile&gei=DHwCaIiLHKfcxc8P4r2H4Qc&ei=DHwCaIiLHKfcxc8P4r2H4Qc&fo_s=OA,SOE&opi=79508299&ebb=1&cs=0&foub=mcpp",,,"https://www.google.com/maps/place/Tsaocaa/@39.951752,-75.169324,14z/data=!4m8!1m2!2m1!1sTsaocaa!3m4!1s0x89c6c7593d396e8b:0x4710ab909a57e43!8m2!3d39.951752!4d-75.169324","https://www.google.com/maps/place/Tsaocaa/@39.951752,-75.169324,13.99z/data=!4m16!1m7!3m6!1s0x89c6c7593d396e8b:0x4710ab909a57e43!2sTsaocaa!8m2!3d39.951752!4d-75.169324!16s%2Fg%2F11ckvg1dmb!3m7!1s0x89c6c7593d396e8b:0x4710ab909a57e43!8m2!3d39.951752!4d-75.169324!9m1!1b1!16s%2Fg%2F11ckvg1dmb?entry=ttu",ChIJi245PVnHxokRQ36lCbkKcQQ,0x89c6c7593d396e8b:0x4710ab909a57e43,320048838367084099,/g/11h41n0r2h,320048838367084099,,tsaocaausa@gmail.com,RECEIVING,SMTP validated,,,,,,info@tsaocha.com,RECEIVING,SMTP validated,,,,,,,,,,,,,,,,,,,,,,,,,,,,,,,,朝茶 TSAō·CHA,,As the story goes - there was a group of people that found it extremely difficult to be able to drink a good cup of pure tea which not only tasted great but consisted of pure/natural ingredients.,,False,False
"boba tea, 19185, Philadelphia, PA, US",Yum Cha Bubble Tea,Yum Cha Bubble Tea,https://www.toasttab.com/yum-cha-bubble-tea-1117-lincoln-ave,Bubble tea store,Bubble tea store,Bubble tea store,+1 610-288-3596,"1117 Lincoln Ave STORE, Prospect Park, PA 19076",None,1117 Lincoln Ave STORE,Prospect Park,19076,Pennsylvania,Pennsylvania,United States of America,US,39.8874485,-75.3095972,892aacb0303ffff,America/New_York,,False,4.9,68,"https://search.google.com/local/reviews?placeid=ChIJFS-NBIzDxokR11ARiZYwWdg&q=boba+tea,+19185,+Philadelphia,+PA,+US&authuser=0&hl=en&gl=US",,,0.0,1.0,0.0,1.0,66.0,50,https://lh3.googleusercontent.com/p/AF1QipN1lFwlm8QKTuVS9fvN9zo0SpfuAJhqXlKYqMhY=w800-h500-k-no,https://lh3.googleusercontent.com/p/AF1QipN1lFwlm8QKTuVS9fvN9zo0SpfuAJhqXlKYqMhY=w1600-h1000-k-no,,"{""Monday"": ""6AM-9:30PM"", ""Tuesday"": ""6AM-9:30PM"", ""Wednesday"": ""6AM-9:30PM"", ""Thursday"": ""6AM-9:30PM"", ""Friday"": ""6AM-9:30PM"", ""Saturday"": ""8AM-9:30PM"", ""Sunday"": ""8AM-9:30PM""}",Monday:6AM-9:30PM|Tuesday:6AM-9:30PM|Wednesday:6AM-9:30PM|Thursday:6AM-9:30PM|Friday:6AM-9:30PM|Saturday:8AM-9:30PM|Sunday:8AM-9:30PM,,,OPERATIONAL,"{""Service options"": {""No-contact delivery"": true, ""Delivery"": true, ""Onsite services"": true, ""Takeout"": true}, ""Highlights"": {""Great tea selection"": true}, ""Accessibility"": {""Wheelchair accessible entrance"": true, ""Wheelchair accessible parking lot"": true, ""Wheelchair accessible restroom"": true}, ""Parking"": {""Free parking lot"": true, ""Free street parking"": true, ""On-site parking"": true}}",$,,https://lh5.googleusercontent.com/-RS2IZU5niKY/AAAAAAAAAAI/AAAAAAAAAAA/7R9JmdKSApo/s44-p-k-no-ns-nd/photo.jpg,,,True,117217340907659054981,Yum Cha Bubble Tea,https://www.google.com/maps/contrib/117217340907659054981,,"https://www.google.com/viewer/chooseprovider?mid=/g/11wjgntscm&g2lbs=AAEPWCvuuIHcAypmbdn10SW2gLFujkV0S4wdJ_eQ9y_fpk--DelYgd2Z8uW7a6OSebG6MPRhSSKOLQPQyTDrfZ46k9TiJRXU_g%3D%3D&hl=en-US&gl=us&fo_m=MfohQo559jFvMUOzJVpjPL1YMfZ3bInYwBDuMfaXTPp5KXh-&utm_source=tactile&gei=DHwCaIiLHKfcxc8P4r2H4Qc&ei=DHwCaIiLHKfcxc8P4r2H4Qc&fo_s=OA,SOE&opi=79508299&ebb=1&cs=0&foub=mcpp",,,"https://www.google.com/maps/place/Yum+Cha+Bubble+Tea/@39.8874485,-75.3095972,14z/data=!4m8!1m2!2m1!1sYum+Cha+Bubble+Tea!3m4!1s0x89c6c38c048d2f15:0xd8593096891150d7!8m2!3d39.8874485!4d-75.3095972","https://www.google.com/maps/place/Yum+Cha+Bubble+Tea/@39.8874485,-75.3095972,13.99z/data=!4m16!1m7!3m6!1s0x89c6c38c048d2f15:0xd8593096891150d7!2sYum+Cha+Bubble+Tea!8m2!3d39.8874485!4d-75.3095972!16s%2Fg%2F11ckvg1dmb!3m7!1s0x89c6c38c048d2f15:0xd8593096891150d7!8m2!3d39.8874485!4d-75.3095972!9m1!1b1!16s%2Fg%2F11ckvg1dmb?entry=ttu",ChIJFS-NBIzDxokR11ARiZYwWdg,0x89c6c38c048d2f15:0xd8593096891150d7,15589545008222523607,/g/11wjgntscm,-2857199065487028009,,casey@toasttab.com,RECEIVING,Catch All,Casey Woo,Casey,Woo,Principal Senior Account Executive,19204746601,achambers@toasttab.com,RECEIVING,SMTP validated,Alexis Chambers,Alexis,Chambers,Senior Sales Manager,16176820225,jmcwilliams@toasttab.com,INVALID,Invalid SMTP,Jarvis Mcwilliams,Jarvis,Mcwilliams,Senior Implementation Engineer,,6623286889,5123685700,6192914695,https://www.facebook.com/BurritoBros.2016/,https://www.instagram.com/nonglacafe,http://www.linkedin.com/company/5102948,,,,,,,,https://platform.twitter.com/widgets,,,,,Mountain Pizza & Taproom - Gift Cards Unavailable,,,,False,False
"boba tea, 19185, Philadelphia, PA, US",Kung Fu Tea,Kung Fu Tea,http://www.kungfutea.com/,Bubble tea store,Bubble tea store,Bubble tea store,+1 856-314-8254,"195 Route 130 South, Suite 127C, Cinnaminson, NJ 08077",None,"195 Route 130 South, Suite 127C",Cinnaminson,08077,NJ,New Jersey,United States of America,US,39.9891844,-75.0092638,892a1340a0fffff,America/New_York,,False,4.6,86,"https://search.google.com/local/reviews?placeid=ChIJEyJpxuq1xokRfULgwhs0y5Y&q=boba+tea,+19185,+Philadelphia,+PA,+US&authuser=0&hl=en&gl=US",,,5.0,0.0,7.0,4.0,70.0,318,https://lh3.googleusercontent.com/p/AF1QipNCn1sE-gzVOJhq14VnTnCnJ9g7LPmzatowi3I=w800-h500-k-no,https://lh3.googleusercontent.com/p/AF1QipNCn1sE-gzVOJhq14VnTnCnJ9g7LPmzatowi3I=w1600-h1000-k-no,,"{""Monday"": ""11AM-9PM"", ""Tuesday"": ""11AM-9PM"", ""Wednesday"": ""11AM-9PM"", ""Thursday"": ""11AM-9PM"", ""Friday"": ""11AM-9PM"", ""Saturday"": ""11AM-9PM"", ""Sunday"": ""11AM-9PM""}",Monday:11AM-9PM|Tuesday:11AM-9PM|Wednesday:11AM-9PM|Thursday:11AM-9PM|Friday:11AM-9PM|Saturday:11AM-9PM|Sunday:11AM-9PM,,,OPERATIONAL,"{""Service options"": {""No-contact delivery"": true, ""Delivery"": true, ""Takeout"": true, ""Dine-in"": true}, ""Highlights"": {""Great tea selection"": true}, ""Accessibility"": {""Wheelchair accessible entrance"": true, ""Wheelchair accessible parking lot"": true, ""Wheelchair accessible restroom"": true, ""Wheelchair accessible seating"": true}, ""Amenities"": {""Gender-neutral restroom"": true}, ""Crowd"": {""LGBTQ+ friendly"": true}, ""Other"": {""LGBTQ+ friendly"": true}}",$,,https://lh4.googleusercontent.com/-DcvVjWGpKfk/AAAAAAAAAAI/AAAAAAAAAAA/8_i2d8-EYNc/s44-p-k-no-ns-nd/photo.jpg,"Bubble tea specialist with a selection of other hot & cold drinks, including coffee & slushes.",,True,115051476919659453794,Kung Fu Tea,https://www.google.com/maps/contrib/115051476919659453794,,"https://www.google.com/viewer/chooseprovider?mid=/g/11rctypmcb&g2lbs=AAEPWCukDUxC3KxswmfbWmjK6I9hku8MQmy5A-bdUTAOjuJbxDbPk0XSO6aEw6-Bh8SBWccfRbIZ-Ji9OAy0Pk17InReUjxytw%3D%3D&hl=en-US&gl=us&fo_m=MfohQo559jFvMUOzJVpjPL1YMfZ3bInYwBDuMfaXTPp5KXh-&utm_source=tactile&gei=DHwCaIiLHKfcxc8P4r2H4Qc&ei=DHwCaIiLHKfcxc8P4r2H4Qc&fo_s=OA,SOE&opi=79508299&ebb=1&cs=0&foub=mcpp",,,"https://www.google.com/maps/place/Kung+Fu+Tea/@39.9891844,-75.0092638,14z/data=!4m8!1m2!2m1!1sKung+Fu+Tea!3m4!1s0x89c6b5eac6692213:0x96cb341bc2e0427d!8m2!3d39.9891844!4d-75.0092638","https://www.google.com/maps/place/Kung+Fu+Tea/@39.9891844,-75.0092638,13.99z/data=!4m16!1m7!3m6!1s0x89c6b5eac6692213:0x96cb341bc2e0427d!2sKung+Fu+Tea!8m2!3d39.9891844!4d-75.0092638!16s%2Fg%2F11ckvg1dmb!3m7!1s0x89c6b5eac6692213:0x96cb341bc2e0427d!8m2!3d39.9891844!4d-75.0092638!9m1!1b1!16s%2Fg%2F11ckvg1dmb?entry=ttu",ChIJEyJpxuq1xokRfULgwhs0y5Y,0x89c6b5eac6692213:0x96cb341bc2e0427d,10865835819799691901,/g/11rctypmcb,-7580908253909859715,,support@armsglobalinc.com,RECEIVING,Role,,,,,,marketing@kfteausa.com,RECEIVING,SMTP validated,,,,,,delivery_help@grubhub.com,RECEIVING,SMTP validated,,,,,,+1 724-544-6367,+1 855-538-9888,15402175182,https://www.facebook.com/kungfuteausa/,https://www.instagram.com/kungfuteausa,https://www.linkedin.com/company/kung-fu-tea,https://www.tiktok.com/@kungfutea,,,,,,,https://twitter.com/kfteausa,,,,,Menu — Kung Fu Tea | Fresh - Innovative - Fearless leading tea brand,WordPress 6.3,"Menu At Kung Fu Tea, every beverage is made-to-order with real Kung Fu. Our tea is freshly brewed every 3 hours using premium tea leaves. You can choose from classic teas, milk teas, fruit teas, slushies and more. Each drink is customized by you! You get to pick your toppings,…",,False,True
"boba tea, 19185, Philadelphia, PA, US",TBaar,Tbaar,http://tbaar.com/,Bubble tea store,Bubble tea store,Bubble tea store,+1 609-269-2616,"1871 Marlton Pike East, Cherry Hill Township, NJ 08003",Greentree,1871 Marlton Pike East,Cherry Hill Township,08003,New Jersey,New Jersey,United States of America,US,39.9033009,-74.9714588,892a1345e4bffff,America/New_York,,False,4.6,44,"https://search.google.com/local/reviews?placeid=ChIJNSWLH1rLxokR33mjkpb8pCs&q=boba+tea,+19185,+Philadelphia,+PA,+US&authuser=0&hl=en&gl=US",,,1.0,0.0,3.0,8.0,32.0,44,https://lh3.googleusercontent.com/p/AF1QipNnjvP6z6aikEoOaPVhu9r3uokVr63iV9PjvIpb=w800-h500-k-no,https://lh3.googleusercontent.com/p/AF1QipNnjvP6z6aikEoOaPVhu9r3uokVr63iV9PjvIpb=w1600-h1000-k-no,,"{""Monday"": ""12-9:30PM"", ""Tuesday"": ""12-9:30PM"", ""Wednesday"": ""12-9:30PM"", ""Thursday"": ""12-9:30PM"", ""Friday"": ""12-10PM"", ""Saturday"": ""12-10PM"", ""Sunday"": ""12-9:30PM""}",Monday:12-9:30PM|Tuesday:12-9:30PM|Wednesday:12-9:30PM|Thursday:12-9:30PM|Friday:12-10PM|Saturday:12-10PM|Sunday:12-9:30PM,,,OPERATIONAL,"{""Service options"": {""Delivery"": true, ""Takeout"": true, ""Dine-in"": true}, ""Highlights"": {""Great tea selection"": true}, ""Accessibility"": {""Wheelchair accessible entrance"": true, ""Wheelchair accessible parking lot"": true}}",$,,,,,False,None,TBaar,,,"https://www.google.com/viewer/chooseprovider?mid=/g/11rg543p0r&g2lbs=AAEPWCvqHV9KxYkD75P4YBJZR0qnMDY2kkfNTIQKG2T8y9BZK0PCjHmGZ84yaT9BzxyRIbzYWz8Too8dYNbfpXmRGpeaP-m9Yw%3D%3D&hl=en-US&gl=us&fo_m=MfohQo559jFvMUOzJVpjPL1YMfZ3bInYwBDuMfaXTPp5KXh-&utm_source=tactile&gei=DHwCaIiLHKfcxc8P4r2H4Qc&ei=DHwCaIiLHKfcxc8P4r2H4Qc&fo_s=OA,SOE&opi=79508299&ebb=1&cs=0&foub=mcpp",,,"https://www.google.com/maps/place/TBaar/@39.9033009,-74.9714588,14z/data=!4m8!1m2!2m1!1sTBaar!3m4!1s0x89c6cb5a1f8b2535:0x2ba4fc9692a379df!8m2!3d39.9033009!4d-74.9714588","https://www.google.com/maps/place/TBaar/@39.9033009,-74.9714588,13.99z/data=!4m16!1m7!3m6!1s0x89c6cb5a1f8b2535:0x2ba4fc9692a379df!2sTBaar!8m2!3d39.9033009!4d-74.9714588!16s%2Fg%2F11ckvg1dmb!3m7!1s0x89c6cb5a1f8b2535:0x2ba4fc9692a379df!8m2!3d39.9033009!4d-74.9714588!9m1!1b1!16s%2Fg%2F11ckvg1dmb?entry=ttu",ChIJNSWLH1rLxokR33mjkpb8pCs,0x89c6cb5a1f8b2535:0x2ba4fc9692a379df,3144916163446929887,/g/11rg543p0r,3144916163446929887,,info@tbaar.com,RECEIVING,Role,Unknown,Unknown,,Cafes,13473503522,,,,,,,,,,,,,,,,,16174812786,13128889475,12674238709,https://www.facebook.com/tbaarinc/,https://www.instagram.com/tbaarinc,,,,,,,,,,,,,,TBaar - CreativiTEA is Brewing,Wix.com Website Builder,"Adapting a new slogan of ‘creativiTEA is Brewing’, we strive to embrace vibrant colors in the TBaar experience to create a young, fun, and energetic ambiance. As true believers of no limitation in creativity, we keep the spirits high through drink innovations and partnerships with the creative forces.","Bubble tea, smoothie, tea, milk tea, honey, milk shake",False,False
"boba tea, 19185, Philadelphia, PA, US",Matcha Cafe Maiko,Matcha Cafe Maiko,https://www.matchacafe-maiko.com/eng/,Cafe,cafes,Cafe,+1 267-861-0251,"923 Race St, Philadelphia, PA 19107",Center City East,923 Race St,Philadelphia,19107,Pennsylvania,Pennsylvania,United States of America,US,39.9555635,-75.15510809999999,892a134d4cfffff,America/New_York,,False,4.7,235,"https://search.google.com/local/reviews?placeid=ChIJs-QeBbfHxokRWBSPk1VJvSA&q=boba+tea,+19185,+Philadelphia,+PA,+US&authuser=0&hl=en&gl=US",,,5.0,3.0,6.0,30.0,191.0,322,https://lh3.googleusercontent.com/p/AF1QipMXsmjvVMhpRftTbpR6ytC3ng48nLPGhSQEoYtg=w800-h500-k-no,https://lh3.googleusercontent.com/p/AF1QipMXsmjvVMhpRftTbpR6ytC3ng48nLPGhSQEoYtg=w1600-h1000-k-no,,"{""Monday"": ""11AM-9PM"", ""Tuesday"": ""11AM-9PM"", ""Wednesday"": ""11AM-9PM"", ""Thursday"": ""11AM-9PM"", ""Friday"": ""11AM-10PM"", ""Saturday"": ""11AM-10PM"", ""Sunday"": ""11AM-9PM""}",Monday:11AM-9PM|Tuesday:11AM-9PM|Wednesday:11AM-9PM|Thursday:11AM-9PM|Friday:11AM-10PM|Saturday:11AM-10PM|Sunday:11AM-9PM,,,OPERATIONAL,"{""Service options"": {""Delivery"": true, ""Takeout"": true, ""Dine-in"": true}, ""Highlights"": {""Great dessert"": true, ""Great tea selection"": true}, ""Popular for"": {""Solo dining"": true}, ""Offerings"": {""Quick bite"": true}, ""Dining options"": {""Dinner"": true, ""Dessert"": true, ""Seating"": true}, ""Amenities"": {""Gender-neutral restroom"": true, ""Restroom"": true, ""Wi-Fi"": true}, ""Atmosphere"": {""Casual"": true, ""Cozy"": true, ""Trendy"": true}, ""Crowd"": {""College students"": true, ""Family-friendly"": true, ""Tourists"": true}, ""Planning"": {""Accepts reservations"": false}, ""Payments"": {""Credit cards"": true, ""Debit cards"": true}, ""Children"": {""Good for kids"": true}, ""Parking"": {""Paid parking lot"": true, ""Paid street parking"": true}}",$,,https://lh3.googleusercontent.com/-jgmXXpsVaqw/AAAAAAAAAAI/AAAAAAAAAAA/vwaVIhpYWps/s44-p-k-no-ns-nd/photo.jpg,,,True,102865659317737563807,Matcha Cafe Maiko,https://www.google.com/maps/contrib/102865659317737563807,,"https://www.google.com/viewer/chooseprovider?mid=/g/11q8jh59w9&g2lbs=AAEPWCvwp7DnkwGe636LIxQJ1aCo6d1MUj0h85f3WuMFgEwLzcdbg_rgpXeR4yuamCUNSmPEXvGn8p87O-gEe08Vwr0xbPTrlw%3D%3D&hl=en-US&gl=us&fo_m=MfohQo559jFvMUOzJVpjPL1YMfZ3bInYwBDuMfaXTPp5KXh-&utm_source=tactile&gei=DHwCaIiLHKfcxc8P4r2H4Qc&ei=DHwCaIiLHKfcxc8P4r2H4Qc&fo_s=OA,SOE&opi=79508299&ebb=1&cs=0&foub=mcpp",,,"https://www.google.com/maps/place/Matcha+Cafe+Maiko/@39.9555635,-75.15510809999999,14z/data=!4m8!1m2!2m1!1sMatcha+Cafe+Maiko!3m4!1s0x89c6c7b7051ee4b3:0x20bd4955938f1458!8m2!3d39.9555635!4d-75.15510809999999","https://www.google.com/maps/place/Matcha+Cafe+Maiko/@39.9555635,-75.15510809999999,13.99z/data=!4m16!1m7!3m6!1s0x89c6c7b7051ee4b3:0x20bd4955938f1458!2sMatcha+Cafe+Maiko!8m2!3d39.9555635!4d-75.15510809999999!16s%2Fg%2F11ckvg1dmb!3m7!1s0x89c6c7b7051ee4b3:0x20bd4955938f1458!8m2!3d39.9555635!4d-75.15510809999999!9m1!1b1!16s%2Fg%2F11ckvg1dmb?entry=ttu",ChIJs-QeBbfHxokRWBSPk1VJvSA,0x89c6c7b7051ee4b3:0x20bd4955938f1458,2359122411708683352,/g/11q8jh59w9,2359122411708683352,,info@matchacafe-maiko.com,RECEIVING,SMTP validated,,,,,,matchamaiko@shaw.ca,INVALID,Invalid SMTP,,,,,,,,,,,,,,18083698031,14703596152,105058073749,https://www.facebook.com/matchacafemaikohawaii,https://www.instagram.com/matchastand_maiko,,,,,,,,,,,,,,Matcha Cafe Maiko: Tasty matcha treats straight from Japan,,"Located in Hawaii, Matcha Cafe Maiko offers a variety of unique, tasty matcha sweet drinks. Our products come all the way from Harima Garden, which is located in Kyoto, Japan so you can ensure getting the authentic Japanese taste.","matcha, cafe, hawaii,green tea",False,False
"boba tea, 19185, Philadelphia, PA, US",Kung Fu Tea,Kung Fu Tea,https://www.kungfutea.com/,Bubble tea store,Bubble tea store,Bubble tea store,+1 215-885-1037,"1129 Old York Rd, Abington, PA 19001",Abington,1129 Old York Rd,Abington,19001,Pennsylvania,Pennsylvania,United States of America,US,40.1154793,-75.12099789999999,892a1358a0bffff,America/New_York,,False,4.4,485,"https://search.google.com/local/reviews?placeid=ChIJYVGlaliwxokRZ1xHCRE30W8&q=boba+tea,+19185,+Philadelphia,+PA,+US&authuser=0&hl=en&gl=US",,,28.0,7.0,33.0,92.0,325.0,422,https://lh3.googleusercontent.com/p/AF1QipP5mSk1KJS5ipiElYv6o2uOnjwTKnQH4lh0140=w800-h500-k-no,https://lh3.googleusercontent.com/p/AF1QipP5mSk1KJS5ipiElYv6o2uOnjwTKnQH4lh0140=w1600-h1000-k-no,,"{""Monday"": ""11AM-9PM"", ""Tuesday"": ""11AM-9PM"", ""Wednesday"": ""11AM-9PM"", ""Thursday"": ""11AM-9PM"", ""Friday"": ""11AM-10PM"", ""Saturday"": ""11AM-10PM"", ""Sunday"": ""11AM-9PM""}",Monday:11AM-9PM|Tuesday:11AM-9PM|Wednesday:11AM-9PM|Thursday:11AM-9PM|Friday:11AM-10PM|Saturday:11AM-10PM|Sunday:11AM-9PM,,,OPERATIONAL,"{""Service options"": {""Curbside pickup"": true, ""No-contact delivery"": true, ""Delivery"": true, ""Onsite services"": true, ""Takeout"": true, ""Dine-in"": true}, ""Highlights"": {""Great tea selection"": true}, ""Accessibility"": {""Wheelchair accessible entrance"": true, ""Wheelchair accessible parking lot"": true, ""Wheelchair accessible restroom"": true}, ""Amenities"": {""Gender-neutral restroom"": true}}",$,,https://lh5.googleusercontent.com/-nK4XVt48P-E/AAAAAAAAAAI/AAAAAAAAAAA/I0RFZ4jvJjw/s44-p-k-no-ns-nd/photo.jpg,"Bubble tea specialist with a selection of other hot & cold drinks, including coffee & slushes.",,True,110456114015111565657,Kung Fu Tea,https://www.google.com/maps/contrib/110456114015111565657,,"https://www.google.com/viewer/chooseprovider?mid=/g/11gnnmp1m3&g2lbs=AAEPWCuNSnEK2Ab7hxRuPBcLw4efeA9X7EEnpb9MRJ2inHJcOWASaYrr4-5NCyoncwR_L4pneQ_wLN-iQQ4Ub40dVC0y9LtA6g%3D%3D&hl=en-US&gl=us&fo_m=MfohQo559jFvMUOzJVpjPL1YMfZ3bInYwBDuMfaXTPp5KXh-&utm_source=tactile&gei=DHwCaIiLHKfcxc8P4r2H4Qc&ei=DHwCaIiLHKfcxc8P4r2H4Qc&fo_s=OA,SOE&opi=79508299&ebb=1&cs=0&foub=mcpp",,,"https://www.google.com/maps/place/Kung+Fu+Tea/@40.1154793,-75.12099789999999,14z/data=!4m8!1m2!2m1!1sKung+Fu+Tea!3m4!1s0x89c6b0586aa55161:0x6fd1371109475c67!8m2!3d40.1154793!4d-75.12099789999999","https://www.google.com/maps/place/Kung+Fu+Tea/@40.1154793,-75.12099789999999,13.99z/data=!4m16!1m7!3m6!1s0x89c6b0586aa55161:0x6fd1371109475c67!2sKung+Fu+Tea!8m2!3d40.1154793!4d-75.12099789999999!16s%2Fg%2F11ckvg1dmb!3m7!1s0x89c6b0586aa55161:0x6fd1371109475c67!8m2!3d40.1154793!4d-75.12099789999999!9m1!1b1!16s%2Fg%2F11ckvg1dmb?entry=ttu",ChIJYVGlaliwxokRZ1xHCRE30W8,0x89c6b0586aa55161:0x6fd1371109475c67,8057281754652171367,/g/11gnnmp1m3,8057281754652171367,,support@armsglobalinc.com,RECEIVING,Role,,,,,,marketing@kfteausa.com,RECEIVING,SMTP validated,,,,,,delivery_help@grubhub.com,RECEIVING,SMTP validated,,,,,,+1 724-544-6367,+1 855-538-9888,15402175182,https://www.facebook.com/kungfuteausa/,https://www.instagram.com/kungfuteausa,https://www.linkedin.com/company/kung-fu-tea,https://www.tiktok.com/@kungfutea,,,,,,,https://twitter.com/kfteausa,,,,,Menu — Kung Fu Tea | Fresh - Innovative - Fearless leading tea brand,WordPress 6.3,"Menu At Kung Fu Tea, every beverage is made-to-order with real Kung Fu. Our tea is freshly brewed every 3 hours using premium tea leaves. You can choose from classic teas, milk teas, fruit teas, slushies and more. Each drink is customized by you! You get to pick your toppings,…",,False,True
"boba tea, 19185, Philadelphia, PA, US",Cake and Joe,Cake And Joe,http://www.cakeandjoe.com/,Coffee shop,coffee shops,Coffee shop,+1 215-220-4599,"1401 E Moyamensing Ave, Philadelphia, PA 19147",Pennsport,1401 E Moyamensing Ave,Philadelphia,19147,Pennsylvania,Pennsylvania,United States of America,US,39.9304146,-75.1495444,892a134d0b3ffff,America/New_York,,False,4.5,215,"https://search.google.com/local/reviews?placeid=ChIJv5t3hP3JxokRpyBrVsNqgDE&q=boba+tea,+19185,+Philadelphia,+PA,+US&authuser=0&hl=en&gl=US",,,6.0,10.0,13.0,20.0,166.0,251,https://lh3.googleusercontent.com/p/AF1QipNoRTEks4NA3pirQvIJBLIQ3z7ZTrD8HBROsaS2=w800-h500-k-no,https://lh3.googleusercontent.com/p/AF1QipNoRTEks4NA3pirQvIJBLIQ3z7ZTrD8HBROsaS2=w1600-h1000-k-no,,"{""Monday"": ""7:30AM-7PM"", ""Tuesday"": ""7:30AM-7PM"", ""Wednesday"": ""7:30AM-7PM"", ""Thursday"": ""7:30AM-7PM"", ""Friday"": ""7:30AM-7PM"", ""Saturday"": ""7:30AM-7PM"", ""Sunday"": ""7:30AM-7PM""}",Monday:7:30AM-7PM|Tuesday:7:30AM-7PM|Wednesday:7:30AM-7PM|Thursday:7:30AM-7PM|Friday:7:30AM-7PM|Saturday:7:30AM-7PM|Sunday:7:30AM-7PM,,,OPERATIONAL,"{""Service options"": {""Delivery"": true, ""Onsite services"": true, ""Takeout"": true, ""Dine-in"": true}, ""Popular for"": {""Lunch"": true, ""Solo dining"": true}, ""Offerings"": {""Coffee"": true, ""Comfort food"": true, ""Quick bite"": true}, ""Dining options"": {""Breakfast"": true, ""Brunch"": true, ""Lunch"": true, ""Catering"": true, ""Dessert"": true, ""Seating"": true}, ""Amenities"": {""Restroom"": true}, ""Atmosphere"": {""Casual"": true, ""Trendy"": true}, ""Payments"": {""Credit cards"": true, ""Debit cards"": true, ""NFC mobile payments"": true}, ""Children"": {""Good for kids"": true, ""High chairs"": true}, ""Parking"": {""Free street parking"": true, ""Parking"": true}, ""Pets"": {""Dogs allowed outside"": true}}",$$,,https://lh6.googleusercontent.com/-ZefSYp2-Wjc/AAAAAAAAAAI/AAAAAAAAAAA/StKSvQ-F1a0/s44-p-k-no-ns-nd/photo.jpg,,,True,116791209299468594612,Cake and Joe,https://www.google.com/maps/contrib/116791209299468594612,,"https://www.google.com/viewer/chooseprovider?mid=/g/11mv32ghv4&g2lbs=AAEPWCv6K-8s6B8PiArQvWKH1AJ5sWJy9-2wDlFFXJotl0hXKTknmtvrCoIv-xSeJScdg0y6D5NMTrKLnxIGkPtOUVxiXiUtqA%3D%3D&hl=en-US&gl=us&fo_m=MfohQo559jFvMUOzJVpjPL1YMfZ3bInYwBDuMfaXTPp5KXh-&utm_source=tactile&gei=DHwCaIiLHKfcxc8P4r2H4Qc&ei=DHwCaIiLHKfcxc8P4r2H4Qc&fo_s=OA,SOE&opi=79508299&ebb=1&cs=0&foub=mcpp",,,"https://www.google.com/maps/place/Cake+and+Joe/@39.9304146,-75.1495444,14z/data=!4m8!1m2!2m1!1sCake+and+Joe!3m4!1s0x89c6c9fd84779bbf:0x31806ac3566b20a7!8m2!3d39.9304146!4d-75.1495444","https://www.google.com/maps/place/Cake+and+Joe/@39.9304146,-75.1495444,13.99z/data=!4m16!1m7!3m6!1s0x89c6c9fd84779bbf:0x31806ac3566b20a7!2sCake+and+Joe!8m2!3d39.9304146!4d-75.1495444!16s%2Fg%2F11ckvg1dmb!3m7!1s0x89c6c9fd84779bbf:0x31806ac3566b20a7!8m2!3d39.9304146!4d-75.1495444!9m1!1b1!16s%2Fg%2F11ckvg1dmb?entry=ttu",ChIJv5t3hP3JxokRpyBrVsNqgDE,0x89c6c9fd84779bbf:0x31806ac3566b20a7,3566968292078461095,/g/11mv32ghv4,3566968292078461095,,cakeandjoe@gmail.com,RECEIVING,SMTP validated,,,,,,,,,,,,,,,,,,,,,,12152204599,,,https://facebook.com/cakeandjoephilly,https://www.instagram.com/cakeandjoephilly,,,,,,,,,,,,,,Cake & Joe - Gourmet coffee & French style desserts,,"Gourmet Coffee, French style desserts and brunch all in one place.",,,
"boba tea, 19185, Philadelphia, PA, US",Mr. Wish Deptford,Mr Wish Deptford,https://www.mrwishusa.com/,Bubble tea store,Bubble tea store,Bubble tea store,+1 609-509-8634,"1135 Hurffville Rd, Deptford, NJ 08096",None,1135 Hurffville Rd,Deptford,08096,New Jersey,New Jersey,United States of America,US,39.8354582,-75.0871361,892a134cb77ffff,America/New_York,,False,4.9,110,"https://search.google.com/local/reviews?placeid=ChIJf3Iv6srPxokRIS_HgzrGRMc&q=boba+tea,+19185,+Philadelphia,+PA,+US&authuser=0&hl=en&gl=US",,,2.0,0.0,0.0,5.0,103.0,152,https://lh3.googleusercontent.com/p/AF1QipO9Qoui4OvdbxlIOB6lHJW50R0eEiTMmeuNt-e2=w800-h500-k-no,https://lh3.googleusercontent.com/p/AF1QipO9Qoui4OvdbxlIOB6lHJW50R0eEiTMmeuNt-e2=w1600-h1000-k-no,,"{""Monday"": ""11AM-9PM"", ""Tuesday"": ""11AM-9PM"", ""Wednesday"": ""11AM-9PM"", ""Thursday"": ""11AM-9PM"", ""Friday"": ""11AM-10PM"", ""Saturday"": ""11AM-10PM"", ""Sunday"": ""11AM-9PM""}",Monday:11AM-9PM|Tuesday:11AM-9PM|Wednesday:11AM-9PM|Thursday:11AM-9PM|Friday:11AM-10PM|Saturday:11AM-10PM|Sunday:11AM-9PM,,,OPERATIONAL,"{""Service options"": {""Delivery"": true, ""Takeout"": true, ""Dine-in"": true}, ""Highlights"": {""Great tea selection"": true}, ""Accessibility"": {""Wheelchair accessible entrance"": true, ""Wheelchair accessible parking lot"": true}}",$,,https://lh4.googleusercontent.com/-vAGtuu9WTn8/AAAAAAAAAAI/AAAAAAAAAAA/8pJesVZsaZw/s44-p-k-no-ns-nd/photo.jpg,,,True,115558079309698706726,Mr. Wish Deptford,https://www.google.com/maps/contrib/115558079309698706726,,"https://www.google.com/viewer/chooseprovider?mid=/g/11pvp5scd8&g2lbs=AAEPWCvMgOQEicicfKt0ddrb6-Wa8H8ir0krcTx1kp_dTEHycCH1_CDtzseKwxmskge72XADBy3B4kEbBJay_44HXuTQWEDSAA%3D%3D&hl=en-US&gl=us&fo_m=MfohQo559jFvMUOzJVpjPL1YMfZ3bInYwBDuMfaXTPp5KXh-&utm_source=tactile&gei=DHwCaIiLHKfcxc8P4r2H4Qc&ei=DHwCaIiLHKfcxc8P4r2H4Qc&fo_s=OA,SOE&opi=79508299&ebb=1&cs=0&foub=mcpp",,,"https://www.google.com/maps/place/Mr.+Wish+Deptford/@39.8354582,-75.0871361,14z/data=!4m8!1m2!2m1!1sMr.+Wish+Deptford!3m4!1s0x89c6cfcaea2f727f:0xc744c63a83c72f21!8m2!3d39.8354582!4d-75.0871361","https://www.google.com/maps/place/Mr.+Wish+Deptford/@39.8354582,-75.0871361,13.99z/data=!4m16!1m7!3m6!1s0x89c6cfcaea2f727f:0xc744c63a83c72f21!2sMr.+Wish+Deptford!8m2!3d39.8354582!4d-75.0871361!16s%2Fg%2F11ckvg1dmb!3m7!1s0x89c6cfcaea2f727f:0xc744c63a83c72f21!8m2!3d39.8354582!4d-75.0871361!9m1!1b1!16s%2Fg%2F11ckvg1dmb?entry=ttu",ChIJf3Iv6srPxokRIS_HgzrGRMc,0x89c6cfcaea2f727f:0xc744c63a83c72f21,14358819466585255713,/g/11pvp5scd8,-4087924607124295903,,info@mrwishusa.com,RECEIVING,SMTP validated,,,,,,mrwishtexas@gmail.com,RECEIVING,SMTP validated,,,,,,,,,,,,,,12819741848,16513339008,13024823125,https://www.facebook.com/mrwishhouston/,,,,,,,,,,,,,,,Mr. Wish | Fruit Tea | mrwishusa,Wix.com Website Builder,"Mr. Wish is the No. 1 Fruit Tea Frachise from Taiwan. It is Natural, Healthy, Fresh, and Authenthic. Make you Wish come true. mrwishusa","bubble tea, fruit tea, mrwish, mrwishusa, mrwishusa.com",False,False
"boba tea, 19185, Philadelphia, PA, US",B2 Cafe,B2 Cafe,https://www.b2cafepa.com/,Coffee shop,coffee shops,Coffee shop,+1 215-271-5520,"1500 E Passyunk Ave, Philadelphia, PA 19147",South Philadelphia,1500 E Passyunk Ave,Philadelphia,19147,Pennsylvania,Pennsylvania,United States of America,US,39.9308669,-75.1624279,892a134d003ffff,America/New_York,,False,4.3,229,"https://search.google.com/local/reviews?placeid=ChIJK5_nDxvGxokRvK65I0ysPow&q=boba+tea,+19185,+Philadelphia,+PA,+US&authuser=0&hl=en&gl=US",,,11.0,7.0,20.0,48.0,143.0,305,https://lh3.googleusercontent.com/p/AF1QipMlsJM3UVswNhDVVLyhNAtAM78tDNqCIDJSlj2W=w800-h500-k-no,https://lh3.googleusercontent.com/p/AF1QipMlsJM3UVswNhDVVLyhNAtAM78tDNqCIDJSlj2W=w1600-h1000-k-no,,"{""Monday"": ""7AM-7PM"", ""Tuesday"": ""7AM-7PM"", ""Wednesday"": ""7AM-7PM"", ""Thursday"": ""7AM-7PM"", ""Friday"": ""7AM-7PM"", ""Saturday"": ""7AM-7PM"", ""Sunday"": ""7AM-7PM""}",Monday:7AM-7PM|Tuesday:7AM-7PM|Wednesday:7AM-7PM|Thursday:7AM-7PM|Friday:7AM-7PM|Saturday:7AM-7PM|Sunday:7AM-7PM,,,OPERATIONAL,"{""Service options"": {""Outdoor seating"": true, ""Curbside pickup"": true, ""No-contact delivery"": true, ""Delivery"": true, ""Onsite services"": true, ""Takeout"": true, ""Dine-in"": true}, ""Highlights"": {""Great coffee"": true, ""Great tea selection"": true}, ""Popular for"": {""Breakfast"": true, ""Lunch"": true, ""Solo dining"": true, ""Good for working on laptop"": true}, ""Accessibility"": {""Wheelchair accessible entrance"": false, ""Wheelchair accessible parking lot"": false}, ""Offerings"": {""Coffee"": true, ""Healthy options"": true, ""Quick bite"": true}, ""Dining options"": {""Breakfast"": true, ""Brunch"": true, ""Lunch"": true, ""Catering"": true, ""Dessert"": true, ""Seating"": true}, ""Amenities"": {""Restroom"": true, ""Wi-Fi"": true}, ""Atmosphere"": {""Casual"": true, ""Cozy"": true, ""Trendy"": true}, ""Crowd"": {""College students"": true}, ""Planning"": {""Accepts reservations"": true}, ""Payments"": {""Credit cards"": true, ""Debit cards"": true, ""NFC mobile payments"": true}, ""Children"": {""High chairs"": true}, ""Pets"": {""Dogs allowed outside"": true}}",$,,https://lh3.googleusercontent.com/-15eTivaqxtI/AAAAAAAAAAI/AAAAAAAAAAA/vcClYqjdzvc/s44-p-k-no-ns-nd/photo.jpg,"Cozy choice offering coffee, smoothies & homestyle fare with vegan-friendly & gluten-free options.",,True,113747256330363863652,B2 Cafe,https://www.google.com/maps/contrib/113747256330363863652,https://order.mealkeyway.com/merchant/756862543133496d503332456f30474b4134717766673d3d/main,"https://www.google.com/viewer/chooseprovider?mid=/g/1tg691n2&g2lbs=AAEPWCuEXAeZ8BQs1KWeX568Si0Naf8imdYTl2fY8cjlPzCC_5x3_omrLbR7gcx99_brR1Fu7cW8KqeGnIz7drxE3XW03lq4qA%3D%3D&hl=en-US&gl=us&fo_m=MfohQo559jFvMUOzJVpjPL1YMfZ3bInYwBDuMfaXTPp5KXh-&utm_source=tactile&gei=DHwCaIiLHKfcxc8P4r2H4Qc&ei=DHwCaIiLHKfcxc8P4r2H4Qc&fo_s=OA,SOE&opi=79508299&ebb=1&cs=0&foub=mcpp",,https://order.mealkeyway.com/merchant/756862543133496d503332456f30474b4134717766673d3d/main,"https://www.google.com/maps/place/B2+Cafe/@39.9308669,-75.1624279,14z/data=!4m8!1m2!2m1!1sB2+Cafe!3m4!1s0x89c6c61b0fe79f2b:0x8c3eac4c23b9aebc!8m2!3d39.9308669!4d-75.1624279","https://www.google.com/maps/place/B2+Cafe/@39.9308669,-75.1624279,13.99z/data=!4m16!1m7!3m6!1s0x89c6c61b0fe79f2b:0x8c3eac4c23b9aebc!2sB2+Cafe!8m2!3d39.9308669!4d-75.1624279!16s%2Fg%2F11ckvg1dmb!3m7!1s0x89c6c61b0fe79f2b:0x8c3eac4c23b9aebc!8m2!3d39.9308669!4d-75.1624279!9m1!1b1!16s%2Fg%2F11ckvg1dmb?entry=ttu",ChIJK5_nDxvGxokRvK65I0ysPow,0x89c6c61b0fe79f2b:0x8c3eac4c23b9aebc,10105704056882835132,/g/1tg691n2,-8341040016826716484,,b2atpassyunk2017@gmail.com,RECEIVING,SMTP validated,,,,,,,,,,,,,,,,,,,,,,12152715520,,,https://www.facebook.com/b2passyunk/about/,,,,,,,,,,,,,,,B2 Cafe｜Online Order｜Philadelphia｜PA,Divi v.4.19.2,,,False,False
"boba tea, 19185, Philadelphia, PA, US",Mr. Wish Abington,Mr Wish Abington,https://www.mrwishusa.com/products,"Bubble tea store, Tea store",Bubble tea store,Bubble tea store,+1 215-753-5909,"1533 Old York Rd Unit 2, Abington, PA 19001",Abington,1533 Old York Rd Unit 2,Abington,19001,Pennsylvania,Pennsylvania,United States of America,US,40.1270072,-75.1168963,892a1358ad3ffff,America/New_York,,False,4.7,195,"https://search.google.com/local/reviews?placeid=ChIJ90sak0yxxokR08twP1dge1E&q=boba+tea,+19185,+Philadelphia,+PA,+US&authuser=0&hl=en&gl=US",,,6.0,3.0,2.0,28.0,156.0,98,https://lh3.googleusercontent.com/p/AF1QipNrqTZ0qbEW-3OCl3VmTaWO6pxmy60seRWoMTKL=w800-h500-k-no,https://lh3.googleusercontent.com/p/AF1QipNrqTZ0qbEW-3OCl3VmTaWO6pxmy60seRWoMTKL=w1600-h1000-k-no,,"{""Monday"": ""11AM-8PM"", ""Tuesday"": ""11AM-8PM"", ""Wednesday"": ""11AM-8PM"", ""Thursday"": ""11AM-8PM"", ""Friday"": ""11AM-9PM"", ""Saturday"": ""11AM-9PM"", ""Sunday"": ""11AM-8PM""}",Monday:11AM-8PM|Tuesday:11AM-8PM|Wednesday:11AM-8PM|Thursday:11AM-8PM|Friday:11AM-9PM|Saturday:11AM-9PM|Sunday:11AM-8PM,,,OPERATIONAL,"{""Service options"": {""No-contact delivery"": true, ""Delivery"": true, ""Takeout"": true, ""Dine-in"": true}, ""Highlights"": {""Great tea selection"": true}, ""Accessibility"": {""Wheelchair accessible entrance"": true, ""Wheelchair accessible parking lot"": true, ""Wheelchair accessible restroom"": true}, ""Amenities"": {""Gender-neutral restroom"": true}}",$,,https://lh4.googleusercontent.com/-3mbFc5OY338/AAAAAAAAAAI/AAAAAAAAAAA/i3r6P-4GYdY/s44-p-k-no-ns-nd/photo.jpg,,,True,108428232768944987654,Mr. Wish Abington,https://www.google.com/maps/contrib/108428232768944987654,,"https://www.google.com/viewer/chooseprovider?mid=/g/11q_5xwxxh&g2lbs=AAEPWCtLcDY7buUVsIwtVQmb4T58mzhDUjf4u0dLEaY0C0bs3WgUygRsSiwiMliAkFHmg8VtEzNoaP5wwJd7qgj_vqdjiKx2Xw%3D%3D&hl=en-US&gl=us&fo_m=MfohQo559jFvMUOzJVpjPL1YMfZ3bInYwBDuMfaXTPp5KXh-&utm_source=tactile&gei=DHwCaIiLHKfcxc8P4r2H4Qc&ei=DHwCaIiLHKfcxc8P4r2H4Qc&fo_s=OA,SOE&opi=79508299&ebb=1&cs=0&foub=mcpp",,,"https://www.google.com/maps/place/Mr.+Wish+Abington/@40.1270072,-75.1168963,14z/data=!4m8!1m2!2m1!1sMr.+Wish+Abington!3m4!1s0x89c6b14c931a4bf7:0x517b60573f70cbd3!8m2!3d40.1270072!4d-75.1168963","https://www.google.com/maps/place/Mr.+Wish+Abington/@40.1270072,-75.1168963,13.99z/data=!4m16!1m7!3m6!1s0x89c6b14c931a4bf7:0x517b60573f70cbd3!2sMr.+Wish+Abington!8m2!3d40.1270072!4d-75.1168963!16s%2Fg%2F11ckvg1dmb!3m7!1s0x89c6b14c931a4bf7:0x517b60573f70cbd3!8m2!3d40.1270072!4d-75.1168963!9m1!1b1!16s%2Fg%2F11ckvg1dmb?entry=ttu",ChIJ90sak0yxxokR08twP1dge1E,0x89c6b14c931a4bf7:0x517b60573f70cbd3,5871392467050351571,/g/11q_5xwxxh,5871392467050351571,,info@mrwishusa.com,RECEIVING,SMTP validated,,,,,,mrwishtexas@gmail.com,RECEIVING,SMTP validated,,,,,,,,,,,,,,12819741848,16513339008,13024823125,https://www.facebook.com/mrwishhouston/,,,,,,,,,,,,,,,Mr. Wish | Fruit Tea | mrwishusa,Wix.com Website Builder,"Mr. Wish is the No. 1 Fruit Tea Frachise from Taiwan. It is Natural, Healthy, Fresh, and Authenthic. Make you Wish come true. mrwishusa","bubble tea, fruit tea, mrwish, mrwishusa, mrwishusa.com",False,False
"boba tea, 19185, Philadelphia, PA, US",Kung Fu Tea,Kung Fu Tea,https://www.kungfutea.com/,Bubble tea store,Bubble tea store,Bubble tea store,+1 610-222-5888,"22 W Lancaster Ave, Ardmore, PA 19003",None,22 W Lancaster Ave,Ardmore,19003,Pennsylvania,Pennsylvania,United States of America,US,40.008164199999996,-75.2918692,892a1349adbffff,America/New_York,,False,4.2,165,"https://search.google.com/local/reviews?placeid=ChIJ-QrzrgrBxokRQvbiZdOCOiY&q=boba+tea,+19185,+Philadelphia,+PA,+US&authuser=0&hl=en&gl=US",,,19.0,1.0,9.0,37.0,99.0,352,https://lh3.googleusercontent.com/p/AF1QipNkoPzOj-KQOlHx00g_-BTnbPSVemChDnRfcRtW=w800-h500-k-no,https://lh3.googleusercontent.com/p/AF1QipNkoPzOj-KQOlHx00g_-BTnbPSVemChDnRfcRtW=w1600-h1000-k-no,,"{""Monday"": ""11:30AM-8:30PM"", ""Tuesday"": ""11:30AM-8:30PM"", ""Wednesday"": ""11:30AM-8:30PM"", ""Thursday"": ""11:30AM-8:30PM"", ""Friday"": ""11:30AM-9PM"", ""Saturday"": ""11:30AM-9PM"", ""Sunday"": ""11:30AM-8:30PM""}",Monday:11:30AM-8:30PM|Tuesday:11:30AM-8:30PM|Wednesday:11:30AM-8:30PM|Thursday:11:30AM-8:30PM|Friday:11:30AM-9PM|Saturday:11:30AM-9PM|Sunday:11:30AM-8:30PM,,,OPERATIONAL,"{""Service options"": {""Delivery"": true, ""Takeout"": true, ""Dine-in"": true}, ""Highlights"": {""Great tea selection"": true}, ""Accessibility"": {""Wheelchair accessible entrance"": true, ""Wheelchair accessible parking lot"": true, ""Wheelchair accessible restroom"": true}}",$,,https://lh5.googleusercontent.com/-zfX1pqjq4N4/AAAAAAAAAAI/AAAAAAAAAAA/DGQO1NsxGNI/s44-p-k-no-ns-nd/photo.jpg,"Bubble tea specialist with a selection of other hot & cold drinks, including coffee & slushes.",,True,102630753953618112502,Kung Fu Tea,https://www.google.com/maps/contrib/102630753953618112502,,"https://www.google.com/viewer/chooseprovider?mid=/g/11fk409c26&g2lbs=AAEPWCtkHgsFE2Cpi1gFjlxDxWeLdc1Rww7SGcW0lGsIVNWijxNl7hysWhUiNSZiG3IxBd5PyqiqZHpVOshGIwUB6zWFo2H8Gg%3D%3D&hl=en-US&gl=us&fo_m=MfohQo559jFvMUOzJVpjPL1YMfZ3bInYwBDuMfaXTPp5KXh-&utm_source=tactile&gei=DHwCaIiLHKfcxc8P4r2H4Qc&ei=DHwCaIiLHKfcxc8P4r2H4Qc&fo_s=OA,SOE&opi=79508299&ebb=1&cs=0&foub=mcpp",,,"https://www.google.com/maps/place/Kung+Fu+Tea/@40.008164199999996,-75.2918692,14z/data=!4m8!1m2!2m1!1sKung+Fu+Tea!3m4!1s0x89c6c10aaef30af9:0x263a82d365e2f642!8m2!3d40.008164199999996!4d-75.2918692","https://www.google.com/maps/place/Kung+Fu+Tea/@40.008164199999996,-75.2918692,13.99z/data=!4m16!1m7!3m6!1s0x89c6c10aaef30af9:0x263a82d365e2f642!2sKung+Fu+Tea!8m2!3d40.008164199999996!4d-75.2918692!16s%2Fg%2F11ckvg1dmb!3m7!1s0x89c6c10aaef30af9:0x263a82d365e2f642!8m2!3d40.008164199999996!4d-75.2918692!9m1!1b1!16s%2Fg%2F11ckvg1dmb?entry=ttu",ChIJ-QrzrgrBxokRQvbiZdOCOiY,0x89c6c10aaef30af9:0x263a82d365e2f642,2754657966549562946,/g/11fk409c26,2754657966549562946,,support@armsglobalinc.com,RECEIVING,Role,,,,,,marketing@kfteausa.com,RECEIVING,SMTP validated,,,,,,delivery_help@grubhub.com,RECEIVING,SMTP validated,,,,,,+1 724-544-6367,+1 855-538-9888,15402175182,https://www.facebook.com/kungfuteausa/,https://www.instagram.com/kungfuteausa,https://www.linkedin.com/company/kung-fu-tea,https://www.tiktok.com/@kungfutea,,,,,,,https://twitter.com/kfteausa,,,,,Menu — Kung Fu Tea | Fresh - Innovative - Fearless leading tea brand,WordPress 6.3,"Menu At Kung Fu Tea, every beverage is made-to-order with real Kung Fu. Our tea is freshly brewed every 3 hours using premium tea leaves. You can choose from classic teas, milk teas, fruit teas, slushies and more. Each drink is customized by you! You get to pick your toppings,…",,False,True
"boba tea, 19185, Philadelphia, PA, US",MOCHI TEA,Mochi Tea,http://mochiteanj.com/,"Bubble tea store, Dessert shop, Donut shop, Fried chicken takeaway",Bubble tea store,Bubble tea store,+1 856-302-5933,"1500 Almonesson Rd Ste 15, Deptford, NJ 08096",None,1500 Almonesson Rd Ste 15,Deptford,08096,New Jersey,New Jersey,United States of America,US,39.826006,-75.1030162,892aacb6557ffff,America/New_York,,False,4.8,29,"https://search.google.com/local/reviews?placeid=ChIJEZsn-1zRxokRuYAtQjMd3eQ&q=boba+tea,+19185,+Philadelphia,+PA,+US&authuser=0&hl=en&gl=US",,,1.0,0.0,1.0,1.0,26.0,83,https://lh3.googleusercontent.com/p/AF1QipMMs-3tN5lEAL6vBcRmQHrzLpu4R81RVE-0jPIU=w800-h500-k-no,https://lh3.googleusercontent.com/p/AF1QipMMs-3tN5lEAL6vBcRmQHrzLpu4R81RVE-0jPIU=w1600-h1000-k-no,,"{""Monday"": ""11AM-8PM"", ""Tuesday"": ""11AM-8PM"", ""Wednesday"": ""11AM-8PM"", ""Thursday"": ""11AM-8PM"", ""Friday"": ""11AM-8PM"", ""Saturday"": ""11AM-8PM"", ""Sunday"": ""11AM-8PM""}",Monday:11AM-8PM|Tuesday:11AM-8PM|Wednesday:11AM-8PM|Thursday:11AM-8PM|Friday:11AM-8PM|Saturday:11AM-8PM|Sunday:11AM-8PM,,,OPERATIONAL,"{""Service options"": {""Takeout"": true, ""Dine-in"": true}, ""Highlights"": {""Great tea selection"": true}, ""Accessibility"": {""Wheelchair accessible entrance"": true, ""Wheelchair accessible parking lot"": true}, ""Parking"": {""Free parking lot"": true, ""Free street parking"": true}}",$,,https://lh6.googleusercontent.com/-UG8tshYMTyA/AAAAAAAAAAI/AAAAAAAAAAA/eCQSkB3HFfc/s44-p-k-no-ns-nd/photo.jpg,,,True,103748295901187618182,MOCHI TEA,https://www.google.com/maps/contrib/103748295901187618182,,"https://www.google.com/viewer/chooseprovider?mid=/g/11wmx0_wg0&g2lbs=AAEPWCtB_tz5v9aQMnZY5UK3YOkSMUCa57iL0LmKMvPSWxeFtbX6beV8UCQEEPE5Bvv4zyYv2EHKRSl09H2cF9IoGxIv-5Ph4g%3D%3D&hl=en-US&gl=us&fo_m=MfohQo559jFvMUOzJVpjPL1YMfZ3bInYwBDuMfaXTPp5KXh-&utm_source=tactile&gei=DHwCaIiLHKfcxc8P4r2H4Qc&ei=DHwCaIiLHKfcxc8P4r2H4Qc&fo_s=OA,SOE&opi=79508299&ebb=1&cs=0&foub=mcpp",,,"https://www.google.com/maps/place/MOCHI+TEA/@39.826006,-75.1030162,14z/data=!4m8!1m2!2m1!1sMOCHI+TEA!3m4!1s0x89c6d15cfb279b11:0xe4dd1d33422d80b9!8m2!3d39.826006!4d-75.1030162","https://www.google.com/maps/place/MOCHI+TEA/@39.826006,-75.1030162,13.99z/data=!4m16!1m7!3m6!1s0x89c6d15cfb279b11:0xe4dd1d33422d80b9!2sMOCHI+TEA!8m2!3d39.826006!4d-75.1030162!16s%2Fg%2F11ckvg1dmb!3m7!1s0x89c6d15cfb279b11:0xe4dd1d33422d80b9!8m2!3d39.826006!4d-75.1030162!9m1!1b1!16s%2Fg%2F11ckvg1dmb?entry=ttu",ChIJEZsn-1zRxokRuYAtQjMd3eQ,0x89c6d15cfb279b11:0xe4dd1d33422d80b9,16491369516491440313,/g/11wmx0_wg0,-1955374557218111303,,,,,,,,,,,,,,,,,,,,,,,,,,,,,,,,,,,,,,,,,,,,Home - Mochi Tea,Divi v.4.19.2,,,False,False
"boba tea, 19185, Philadelphia, PA, US",Mango Mango Dessert,Mango Mango Dessert,http://mangomangodessert.com/,"Bubble tea store, Dessert shop, Cake shop, Creperie, Ice cream shop, Juice shop, Pastry shop",Dessert shop,Bubble tea store,+1 215-922-2233,"1013 Cherry St, Philadelphia, PA 19107",Center City East,1013 Cherry St,Philadelphia,19107,Pennsylvania,Pennsylvania,United States of America,US,39.9546231,-75.156606,892a134d4cfffff,America/New_York,,False,4.6,1041,"https://search.google.com/local/reviews?placeid=ChIJD8aWRyrGxokRe8c8QLqrZ2I&q=boba+tea,+19185,+Philadelphia,+PA,+US&authuser=0&hl=en&gl=US",,,27.0,17.0,45.0,192.0,760.0,1426,https://lh3.googleusercontent.com/p/AF1QipP97QrqrJcUb-8FN_lAW47wv6Uvd2NyIry-c4NF=w800-h500-k-no,https://lh3.googleusercontent.com/p/AF1QipP97QrqrJcUb-8FN_lAW47wv6Uvd2NyIry-c4NF=w1600-h1000-k-no,,"{""Monday"": ""12-11PM"", ""Tuesday"": ""12-11PM"", ""Wednesday"": ""12-11PM"", ""Thursday"": ""12-11PM"", ""Friday"": ""12-11PM"", ""Saturday"": ""12-11PM"", ""Sunday"": ""12-11PM""}",Monday:12-11PM|Tuesday:12-11PM|Wednesday:12-11PM|Thursday:12-11PM|Friday:12-11PM|Saturday:12-11PM|Sunday:12-11PM,,,OPERATIONAL,"{""Service options"": {""Delivery"": true, ""In-store pickup"": true, ""Onsite services"": true, ""Takeout"": true, ""Dine-in"": true}, ""Accessibility"": {""Wheelchair accessible entrance"": true, ""Wheelchair accessible parking lot"": false}, ""Amenities"": {""Wi-Fi"": true}, ""Planning"": {""Quick visit"": true}, ""Payments"": {""Credit cards"": true, ""Debit cards"": true, ""NFC mobile payments"": true}, ""Parking"": {""Free street parking"": true, ""Paid street parking"": true}}",$,,https://lh3.googleusercontent.com/-dodncoGAt5E/AAAAAAAAAAI/AAAAAAAAAAA/s1Zh_Qs9_VA/s44-p-k-no-ns-nd/photo.jpg,,,True,115861997109908140420,Mango Mango Dessert,https://www.google.com/maps/contrib/115861997109908140420,,"https://www.google.com/viewer/chooseprovider?mid=/g/11f5771f7c&g2lbs=AAEPWCuVivRhVGJbnO_wr1izEJ7Pxbo1Bm79v-tM6GzSIYszBfJrQK6Sudzx38wPygjEHXP7VHLmT8X700SS7v2igFctDfoq3A%3D%3D&hl=en-US&gl=us&fo_m=MfohQo559jFvMUOzJVpjPL1YMfZ3bInYwBDuMfaXTPp5KXh-&utm_source=tactile&gei=DHwCaIiLHKfcxc8P4r2H4Qc&ei=DHwCaIiLHKfcxc8P4r2H4Qc&fo_s=OA,SOE&opi=79508299&ebb=1&cs=0&foub=mcpp",,,"https://www.google.com/maps/place/Mango+Mango+Dessert/@39.9546231,-75.156606,14z/data=!4m8!1m2!2m1!1sMango+Mango+Dessert!3m4!1s0x89c6c62a4796c60f:0x6267abba403cc77b!8m2!3d39.9546231!4d-75.156606","https://www.google.com/maps/place/Mango+Mango+Dessert/@39.9546231,-75.156606,13.99z/data=!4m16!1m7!3m6!1s0x89c6c62a4796c60f:0x6267abba403cc77b!2sMango+Mango+Dessert!8m2!3d39.9546231!4d-75.156606!16s%2Fg%2F11ckvg1dmb!3m7!1s0x89c6c62a4796c60f:0x6267abba403cc77b!8m2!3d39.9546231!4d-75.156606!9m1!1b1!16s%2Fg%2F11ckvg1dmb?entry=ttu",ChIJD8aWRyrGxokRe8c8QLqrZ2I,0x89c6c62a4796c60f:0x6267abba403cc77b,7090824954748127099,/g/11f5771f7c,7090824954748127099,,mangomangodessert@live.com,RECEIVING,SMTP validated,,,,,,,,,,,,,,,,,,,,,,17038528222,16783957094,17038258222,https://www.facebook.com/mmdEdenCenter/,,,,,,,,,,,,,,,HOME | Mango Mango Desserts,Wix.com Website Builder,,,False,False
"boba tea, 19185, Philadelphia, PA, US",Tea Tank (Tea&Crepe),Tea Tank Tea And Crepe,https://www.instagram.com/teatank_us/,"Bubble tea store, Creperie, Dessert shop",Bubble tea store,Bubble tea store,+1 856-818-8883,"5851 NJ-42 #17, Blackwood, NJ 08012",Blackwood,5851 NJ-42 #17,Blackwood,08012,New Jersey,New Jersey,United States of America,US,39.762502,-75.0500872,892a1379e23ffff,America/New_York,,False,4.8,193,"https://search.google.com/local/reviews?placeid=ChIJTRkL7NHTxokRAQ7IhwlnpcU&q=boba+tea,+19185,+Philadelphia,+PA,+US&authuser=0&hl=en&gl=US",,,2.0,3.0,3.0,6.0,179.0,123,https://lh3.googleusercontent.com/p/AF1QipMNRBUJlFeUpRwbbr1AxhcA6zxJAKGtsTJ1-2TV=w800-h500-k-no,https://lh3.googleusercontent.com/p/AF1QipMNRBUJlFeUpRwbbr1AxhcA6zxJAKGtsTJ1-2TV=w1600-h1000-k-no,,"{""Monday"": ""11AM-9PM"", ""Tuesday"": ""11AM-9PM"", ""Wednesday"": ""11AM-9PM"", ""Thursday"": ""11AM-9PM"", ""Friday"": ""11AM-9PM"", ""Saturday"": ""11AM-9PM"", ""Sunday"": ""11AM-9PM""}",Monday:11AM-9PM|Tuesday:11AM-9PM|Wednesday:11AM-9PM|Thursday:11AM-9PM|Friday:11AM-9PM|Saturday:11AM-9PM|Sunday:11AM-9PM,,,OPERATIONAL,"{""Service options"": {""Delivery"": true, ""Takeout"": true, ""Dine-in"": true}, ""Highlights"": {""Great tea selection"": true}, ""Accessibility"": {""Wheelchair accessible entrance"": true, ""Wheelchair accessible parking lot"": true, ""Wheelchair accessible restroom"": true, ""Wheelchair accessible seating"": true, ""Assistive hearing loop"": false}, ""Amenities"": {""Gender-neutral restroom"": true}, ""Crowd"": {""LGBTQ+ friendly"": true, ""Transgender safespace"": true}, ""Parking"": {""Free parking lot"": true, ""Free street parking"": true}, ""Other"": {""LGBTQ+ friendly"": true}}",$,,https://lh4.googleusercontent.com/-tBYP8sbsjNw/AAAAAAAAAAI/AAAAAAAAAAA/0JdGUTnHN94/s44-p-k-no-ns-nd/photo.jpg,,,True,115466973908450712988,Tea Tank,https://www.google.com/maps/contrib/115466973908450712988,,"https://www.google.com/viewer/chooseprovider?mid=/g/11pz39gxlk&g2lbs=AAEPWCvwUxFAVOUuTQBSxgY-wzmyJpoyGRPmZrdHaZDD_rgeBTmcoUMWzz88h0kh5Wqnl5WtRwVJSZObGv9IVTLe2jR43_-IDA%3D%3D&hl=en-US&gl=us&fo_m=MfohQo559jFvMUOzJVpjPL1YMfZ3bInYwBDuMfaXTPp5KXh-&utm_source=tactile&gei=DHwCaIiLHKfcxc8P4r2H4Qc&ei=DHwCaIiLHKfcxc8P4r2H4Qc&fo_s=OA,SOE&opi=79508299&ebb=1&cs=0&foub=mcpp",,,"https://www.google.com/maps/place/Tea+Tank+%28Tea%26Crepe%29/@39.762502,-75.0500872,14z/data=!4m8!1m2!2m1!1sTea+Tank+%28Tea%26Crepe%29!3m4!1s0x89c6d3d1ec0b194d:0xc5a5670987c80e01!8m2!3d39.762502!4d-75.0500872","https://www.google.com/maps/place/Tea+Tank+%28Tea%26Crepe%29/@39.762502,-75.0500872,13.99z/data=!4m16!1m7!3m6!1s0x89c6d3d1ec0b194d:0xc5a5670987c80e01!2sTea+Tank+%28Tea%26Crepe%29!8m2!3d39.762502!4d-75.0500872!16s%2Fg%2F11ckvg1dmb!3m7!1s0x89c6d3d1ec0b194d:0xc5a5670987c80e01!8m2!3d39.762502!4d-75.0500872!9m1!1b1!16s%2Fg%2F11ckvg1dmb?entry=ttu",ChIJTRkL7NHTxokRAQ7IhwlnpcU,0x89c6d3d1ec0b194d:0xc5a5670987c80e01,14241902687259463169,/g/11pz39gxlk,-4204841386450088447,,,,,,,,,,,,,,,,,,,,,,,,,,,,,,,,,,,,,,,,,,,,,,,,,
"boba tea, 19185, Philadelphia, PA, US",A La Mousse,A La Mousse,https://alamousse.com/,"Cafe, Dessert shop",Dessert shop,Cafe,+1 215-546-3888,"1622 South St, Philadelphia, PA 19146",Southwest Center City,1622 South St,Philadelphia,19146,Pennsylvania,Pennsylvania,United States of America,US,39.9440439,-75.1695652,892a134d6afffff,America/New_York,,False,4.7,291,"https://search.google.com/local/reviews?placeid=ChIJKxF0HZDHxokRs8HMrKgaCZY&q=boba+tea,+19185,+Philadelphia,+PA,+US&authuser=0&hl=en&gl=US",,,13.0,4.0,6.0,16.0,252.0,907,https://lh3.googleusercontent.com/p/AF1QipMqNs8okjm0H_yv4UtrWmZpu8sEJ3kn_S9JTI4W=w800-h500-k-no,https://lh3.googleusercontent.com/p/AF1QipMqNs8okjm0H_yv4UtrWmZpu8sEJ3kn_S9JTI4W=w1600-h1000-k-no,,"{""Monday"": ""11AM-9PM"", ""Tuesday"": ""11AM-9PM"", ""Wednesday"": ""11AM-9PM"", ""Thursday"": ""11AM-9PM"", ""Friday"": ""11AM-10PM"", ""Saturday"": ""11AM-10PM"", ""Sunday"": ""11AM-9PM""}",Monday:11AM-9PM|Tuesday:11AM-9PM|Wednesday:11AM-9PM|Thursday:11AM-9PM|Friday:11AM-10PM|Saturday:11AM-10PM|Sunday:11AM-9PM,,,OPERATIONAL,"{""Service options"": {""Delivery"": true, ""In-store pickup"": true, ""Takeout"": true, ""Dine-in"": true}, ""Planning"": {""Quick visit"": true}, ""Payments"": {""Credit cards"": true, ""Debit cards"": true, ""NFC mobile payments"": true}}",$,,https://lh6.googleusercontent.com/-fmEaBsZoFDs/AAAAAAAAAAI/AAAAAAAAAAA/T6psZwdrPWI/s44-p-k-no-ns-nd/photo.jpg,,,True,104485060385526149418,A La Mousse,https://www.google.com/maps/contrib/104485060385526149418,,"https://www.google.com/viewer/chooseprovider?mid=/g/11j1d3_nrm&g2lbs=AAEPWCtcaY-Z-1vLoJi0XkzZ4p10PGuafw-LkSaSsiVKNBIkoZH8GJu5UFNHHbaRdp2lVBk5HYIMXxOw0nXw92qbX7fKkQgYdA%3D%3D&hl=en-US&gl=us&fo_m=MfohQo559jFvMUOzJVpjPL1YMfZ3bInYwBDuMfaXTPp5KXh-&utm_source=tactile&gei=DXwCaLfgJ7P1i-gPkdbT-QI&ei=DXwCaLfgJ7P1i-gPkdbT-QI&fo_s=OA,SOE&opi=79508299&ebb=1&cs=0&foub=mcpp",,,"https://www.google.com/maps/place/A+La+Mousse/@39.9440439,-75.1695652,14z/data=!4m8!1m2!2m1!1sA+La+Mousse!3m4!1s0x89c6c7901d74112b:0x96091aa8acccc1b3!8m2!3d39.9440439!4d-75.1695652","https://www.google.com/maps/place/A+La+Mousse/@39.9440439,-75.1695652,13.99z/data=!4m16!1m7!3m6!1s0x89c6c7901d74112b:0x96091aa8acccc1b3!2sA+La+Mousse!8m2!3d39.9440439!4d-75.1695652!16s%2Fg%2F11ckvg1dmb!3m7!1s0x89c6c7901d74112b:0x96091aa8acccc1b3!8m2!3d39.9440439!4d-75.1695652!9m1!1b1!16s%2Fg%2F11ckvg1dmb?entry=ttu",ChIJKxF0HZDHxokRs8HMrKgaCZY,0x89c6c7901d74112b:0x96091aa8acccc1b3,10811201692235514291,/g/11j1d3_nrm,-7635542381474037325,,info@alamousse.com,INVALID,Cannot validate,,,,,,,,,,,,,,,,,,,,,,12152389100,,,https://www.facebook.com/847953425312738,,,,,,,,,,,,,,,,,,,,
"boba tea, 19185, Philadelphia, PA, US",A La Mousse,A La Mousse,http://alamousse.com/,"Cafe, Dessert restaurant, Pastry shop",cafes,Cafe,+1 215-238-9100,"145 N 11th St, Philadelphia, PA 19107",Center City East,145 N 11th St,Philadelphia,19107,Pennsylvania,Pennsylvania,United States of America,US,39.9551684,-75.1573086,892a134d4cbffff,America/New_York,,False,4.6,1361,"https://search.google.com/local/reviews?placeid=ChIJ-58PTSrGxokR_qvFeGvon30&q=boba+tea,+19185,+Philadelphia,+PA,+US&authuser=0&hl=en&gl=US",,,47.0,24.0,51.0,194.0,1045.0,2428,https://lh3.googleusercontent.com/p/AF1QipO-weOrNpj1Cy6xXfk3CKGfTEw4_mq5XwdtuWS7=w800-h500-k-no,https://lh3.googleusercontent.com/p/AF1QipO-weOrNpj1Cy6xXfk3CKGfTEw4_mq5XwdtuWS7=w1600-h1000-k-no,,"{""Monday"": ""12-11PM"", ""Tuesday"": ""12-11PM"", ""Wednesday"": ""12-11PM"", ""Thursday"": ""12-11PM"", ""Friday"": ""12PM-12AM"", ""Saturday"": ""12PM-12AM"", ""Sunday"": ""12-11PM""}",Monday:12-11PM|Tuesday:12-11PM|Wednesday:12-11PM|Thursday:12-11PM|Friday:12PM-12AM|Saturday:12PM-12AM|Sunday:12-11PM,,,OPERATIONAL,"{""Service options"": {""Delivery"": true, ""Onsite services"": true, ""Takeout"": true, ""Dine-in"": true}, ""Highlights"": {""Great coffee"": true, ""Great dessert"": true, ""Great tea selection"": true}, ""Popular for"": {""Solo dining"": true, ""Good for working on laptop"": true}, ""Accessibility"": {""Wheelchair accessible parking lot"": false}, ""Offerings"": {""Coffee"": true, ""Comfort food"": true, ""Late-night food"": true, ""Quick bite"": true, ""Small plates"": true}, ""Dining options"": {""Dessert"": true, ""Seating"": true}, ""Amenities"": {""Restroom"": true}, ""Atmosphere"": {""Casual"": true, ""Cozy"": true, ""Trendy"": true}, ""Crowd"": {""College students"": true, ""Groups"": true, ""Tourists"": true}, ""Planning"": {""Accepts reservations"": true}, ""Payments"": {""Credit cards"": true, ""Debit cards"": true, ""NFC mobile payments"": true}, ""Children"": {""Good for kids"": true, ""High chairs"": true}, ""Parking"": {""Free street parking"": true, ""Paid street parking"": true}}",$$,,https://lh4.googleusercontent.com/-5z9qRr96Cio/AAAAAAAAAAI/AAAAAAAAAAA/7lOPJnA51L0/s44-p-k-no-ns-nd/photo.jpg,"Modern, cozy dessert shop serving housemade treats like matcha cake, plus tea & coffee.",,True,107600183297615205493,A La Mousse,https://www.google.com/maps/contrib/107600183297615205493,,"https://www.google.com/viewer/chooseprovider?mid=/g/11bw67p20n&g2lbs=AAEPWCvt8q4PTrx-5evV5fNYKmP2sYSQTByOns_fUymWF1mIAGGoqhJycMPMWlNBJ8WUwRUBd161RThZwb5dfOxR6sShEhO9Rw%3D%3D&hl=en-US&gl=us&fo_m=MfohQo559jFvMUOzJVpjPL1YMfZ3bInYwBDuMfaXTPp5KXh-&utm_source=tactile&gei=DXwCaLfgJ7P1i-gPkdbT-QI&ei=DXwCaLfgJ7P1i-gPkdbT-QI&fo_s=OA,SOE&opi=79508299&ebb=1&cs=0&foub=mcpp",,,"https://www.google.com/maps/place/A+La+Mousse/@39.9551684,-75.1573086,14z/data=!4m8!1m2!2m1!1sA+La+Mousse!3m4!1s0x89c6c62a4d0f9ffb:0x7d9fe86b78c5abfe!8m2!3d39.9551684!4d-75.1573086","https://www.google.com/maps/place/A+La+Mousse/@39.9551684,-75.1573086,13.99z/data=!4m16!1m7!3m6!1s0x89c6c62a4d0f9ffb:0x7d9fe86b78c5abfe!2sA+La+Mousse!8m2!3d39.9551684!4d-75.1573086!16s%2Fg%2F11ckvg1dmb!3m7!1s0x89c6c62a4d0f9ffb:0x7d9fe86b78c5abfe!8m2!3d39.9551684!4d-75.1573086!9m1!1b1!16s%2Fg%2F11ckvg1dmb?entry=ttu",ChIJ-58PTSrGxokR_qvFeGvon30,0x89c6c62a4d0f9ffb:0x7d9fe86b78c5abfe,9052209324323351550,/g/11bw67p20n,9052209324323351550,,info@alamousse.com,INVALID,Cannot validate,,,,,,,,,,,,,,,,,,,,,,12152389100,,,https://www.facebook.com/847953425312738,,,,,,,,,,,,,,,,,,,,
"boba tea, 19185, Philadelphia, PA, US",Kung Fu Tea,Kung Fu Tea,https://kungfutea.com/,"Bubble tea store, Beverage distributor, Cafe, Chicken wings restaurant, Fast food restaurant",Bubble tea store,Bubble tea store,+1 856-532-0044,"826 Haddonfield Rd, Cherry Hill Township, NJ 08002",Golden Triangle,826 Haddonfield Rd,Cherry Hill Township,08002,New Jersey,New Jersey,United States of America,US,39.9265605,-75.0320797,892a134eed3ffff,America/New_York,,False,4.5,798,"https://search.google.com/local/reviews?placeid=ChIJF0wlqr7LxokR9FzqX1QSKic&q=boba+tea,+19185,+Philadelphia,+PA,+US&authuser=0&hl=en&gl=US",,,32.0,13.0,33.0,146.0,574.0,472,https://lh3.googleusercontent.com/p/AF1QipOW2hL6UTyjlhWQqrZBBKWiNzpZ-9v0Pe5IcmU_=w800-h500-k-no,https://lh3.googleusercontent.com/p/AF1QipOW2hL6UTyjlhWQqrZBBKWiNzpZ-9v0Pe5IcmU_=w1600-h1000-k-no,,"{""Monday"": ""11AM-11PM"", ""Tuesday"": ""11AM-11PM"", ""Wednesday"": ""11AM-11PM"", ""Thursday"": ""11AM-11PM"", ""Friday"": ""11AM-11PM"", ""Saturday"": ""11AM-11PM"", ""Sunday"": ""11AM-11PM""}",Monday:11AM-11PM|Tuesday:11AM-11PM|Wednesday:11AM-11PM|Thursday:11AM-11PM|Friday:11AM-11PM|Saturday:11AM-11PM|Sunday:11AM-11PM,,,OPERATIONAL,"{""Service options"": {""Onsite services"": true, ""Takeout"": true, ""Dine-in"": true, ""Delivery"": false}, ""Highlights"": {""Great tea selection"": true}, ""Accessibility"": {""Wheelchair accessible entrance"": true, ""Wheelchair accessible parking lot"": true, ""Wheelchair accessible restroom"": true}, ""Parking"": {""Free parking lot"": true, ""Free street parking"": true}}",$,,https://lh3.googleusercontent.com/-sn4bDmVDFE8/AAAAAAAAAAI/AAAAAAAAAAA/vB3cWdfpNBc/s44-p-k-no-ns-nd/photo.jpg,"Bubble tea specialist with a selection of other hot & cold drinks, including coffee & slushes.",,True,102197825052158300731,Kung Fu Tea,https://www.google.com/maps/contrib/102197825052158300731,,"https://www.google.com/viewer/chooseprovider?mid=/g/11c1xdtf8p&g2lbs=AAEPWCtwCRgTTw0Ktv7W9EzPref1mn2rDwWwzEmOhxI5ioqg3QTeT84o7mZEn6Urpmde07tG0_UCrZk68gXDeLEBVfbIal7Z0w%3D%3D&hl=en-US&gl=us&fo_m=MfohQo559jFvMUOzJVpjPL1YMfZ3bInYwBDuMfaXTPp5KXh-&utm_source=tactile&gei=DXwCaLfgJ7P1i-gPkdbT-QI&ei=DXwCaLfgJ7P1i-gPkdbT-QI&fo_s=OA,SOE&opi=79508299&ebb=1&cs=0&foub=mcpp",,,"https://www.google.com/maps/place/Kung+Fu+Tea/@39.9265605,-75.0320797,14z/data=!4m8!1m2!2m1!1sKung+Fu+Tea!3m4!1s0x89c6cbbeaa254c17:0x272a12545fea5cf4!8m2!3d39.9265605!4d-75.0320797","https://www.google.com/maps/place/Kung+Fu+Tea/@39.9265605,-75.0320797,13.99z/data=!4m16!1m7!3m6!1s0x89c6cbbeaa254c17:0x272a12545fea5cf4!2sKung+Fu+Tea!8m2!3d39.9265605!4d-75.0320797!16s%2Fg%2F11ckvg1dmb!3m7!1s0x89c6cbbeaa254c17:0x272a12545fea5cf4!8m2!3d39.9265605!4d-75.0320797!9m1!1b1!16s%2Fg%2F11ckvg1dmb?entry=ttu",ChIJF0wlqr7LxokR9FzqX1QSKic,0x89c6cbbeaa254c17:0x272a12545fea5cf4,2822088270096784628,/g/11c1xdtf8p,2822088270096784628,,support@armsglobalinc.com,RECEIVING,Role,,,,,,marketing@kfteausa.com,RECEIVING,SMTP validated,,,,,,delivery_help@grubhub.com,RECEIVING,SMTP validated,,,,,,+1 724-544-6367,+1 855-538-9888,15402175182,https://www.facebook.com/kungfuteausa/,https://www.instagram.com/kungfuteausa,https://www.linkedin.com/company/kung-fu-tea,https://www.tiktok.com/@kungfutea,,,,,,,https://twitter.com/kfteausa,,,,,Menu — Kung Fu Tea | Fresh - Innovative - Fearless leading tea brand,WordPress 6.3,"Menu At Kung Fu Tea, every beverage is made-to-order with real Kung Fu. Our tea is freshly brewed every 3 hours using premium tea leaves. You can choose from classic teas, milk teas, fruit teas, slushies and more. Each drink is customized by you! You get to pick your toppings,…",,False,True
"boba tea, 19185, Philadelphia, PA, US",LULU CAFE,Lulu Cafe,http://www.lulucafeusa.com/,"Bubble tea store, Cafe, Restaurant, Taiwanese restaurant",cafes,Bubble tea store,+1 215-222-6688,"28-30 S 40th St, Philadelphia, PA 19104",West Philadelphia,28-30 S 40th St,Philadelphia,19104,Pennsylvania,Pennsylvania,United States of America,US,39.956331999999996,-75.20237999999999,892a1348b67ffff,America/New_York,,False,4.4,189,"https://search.google.com/local/reviews?placeid=ChIJFcVwBfDGxokRx8c8B5o52rM&q=boba+tea,+19185,+Philadelphia,+PA,+US&authuser=0&hl=en&gl=US",,,11.0,4.0,8.0,36.0,130.0,336,https://lh3.googleusercontent.com/p/AF1QipNW-eFovs0wVEstTg4hM8_-rsohZq-kS4KP4cVs=w800-h500-k-no,https://lh3.googleusercontent.com/p/AF1QipNW-eFovs0wVEstTg4hM8_-rsohZq-kS4KP4cVs=w1600-h1000-k-no,,,,,,CLOSED_TEMPORARILY,"{""Service options"": {""No-contact delivery"": true, ""Delivery"": true, ""Takeout"": true}, ""Offerings"": {""Coffee"": true, ""Comfort food"": true, ""Small plates"": true, ""Vegetarian options"": true}, ""Dining options"": {""Catering"": true, ""Dessert"": true, ""Seating"": true}, ""Amenities"": {""Gender-neutral restroom"": true, ""Wi-Fi"": true}, ""Planning"": {""Accepts reservations"": true}, ""Payments"": {""Debit cards"": true, ""NFC mobile payments"": true, ""Credit cards"": true}, ""Children"": {""Good for kids"": true}}",$,,https://lh5.googleusercontent.com/-rGG8QZDCyrA/AAAAAAAAAAI/AAAAAAAAAAA/1PjyMN-PlGM/s44-p-k-no-ns-nd/photo.jpg,"Taiwanese street snacks & a variety of beverages, including coffee & bubble tea, in cozy quarters.",,True,118207951004629271673,LULU CAFE,https://www.google.com/maps/contrib/118207951004629271673,,,,,"https://www.google.com/maps/place/LULU+CAFE/@39.956331999999996,-75.20237999999999,14z/data=!4m8!1m2!2m1!1sLULU+CAFE!3m4!1s0x89c6c6f00570c515:0xb3da399a073cc7c7!8m2!3d39.956331999999996!4d-75.20237999999999","https://www.google.com/maps/place/LULU+CAFE/@39.956331999999996,-75.20237999999999,13.99z/data=!4m16!1m7!3m6!1s0x89c6c6f00570c515:0xb3da399a073cc7c7!2sLULU+CAFE!8m2!3d39.956331999999996!4d-75.20237999999999!16s%2Fg%2F11ckvg1dmb!3m7!1s0x89c6c6f00570c515:0xb3da399a073cc7c7!8m2!3d39.956331999999996!4d-75.20237999999999!9m1!1b1!16s%2Fg%2F11ckvg1dmb?entry=ttu",ChIJFcVwBfDGxokRx8c8B5o52rM,0x89c6c6f00570c515:0xb3da399a073cc7c7,12959734211421194183,/g/11ckr4w7j7,-5487009862288357433,,lulu@lulucafeusa.com,RECEIVING,SMTP validated,,,,,,,,,,,,,,,,,,,,,,,,,,,,,,,,,,,,,,,,,,,,,
"bubble tea store, 19146, Philadelphia, PA, US",Tea Leaf Reading Terminal Market,Tea Leaf Reading Terminal Market,https://readingterminalmarket.org/merchant/tea-leaf/,Tea store,Tea store,Tea store,+1 215-629-0988,"1136 Arch St unit 408, Philadelphia, PA 19107",Center City East,1136 Arch St unit 408,Philadelphia,19107,Pennsylvania,Pennsylvania,United States of America,US,39.9531914,-75.1594066,892a134d453ffff,America/New_York,,False,4.1,46,"https://search.google.com/local/reviews?placeid=ChIJi4m6WinGxokRIQlkoKFHK4Y&q=bubble+tea+store,+19146,+Philadelphia,+PA,+US&authuser=0&hl=en&gl=US",,,5.0,3.0,2.0,8.0,28.0,15,https://lh3.googleusercontent.com/p/AF1QipNyvMbmciOnn7hmdftTHIQpp4NCsfS2dyRMXkv9=w800-h500-k-no,https://lh3.googleusercontent.com/p/AF1QipNyvMbmciOnn7hmdftTHIQpp4NCsfS2dyRMXkv9=w1600-h1000-k-no,,"{""Monday"": ""9AM-6PM"", ""Tuesday"": ""Closed"", ""Wednesday"": ""9AM-6PM"", ""Thursday"": ""9AM-6PM"", ""Friday"": ""9AM-6PM"", ""Saturday"": ""9AM-6PM"", ""Sunday"": ""9AM-6PM""}",Monday:9AM-6PM|Tuesday:Closed|Wednesday:9AM-6PM|Thursday:9AM-6PM|Friday:9AM-6PM|Saturday:9AM-6PM|Sunday:9AM-6PM,,,OPERATIONAL,"{""Service options"": {""Delivery"": true, ""Takeout"": true}, ""Accessibility"": {""Wheelchair accessible entrance"": true}, ""Planning"": {""Quick visit"": true}, ""Payments"": {""Credit cards"": true, ""Debit cards"": true, ""NFC mobile payments"": true}}",,,,,,False,None,Tea Leaf Reading Terminal Market,,,,,,"https://www.google.com/maps/place/Tea+Leaf+Reading+Terminal+Market/@39.9531914,-75.1594066,14z/data=!4m8!1m2!2m1!1sTea+Leaf+Reading+Terminal+Market!3m4!1s0x89c6c6295aba898b:0x862b47a1a0640921!8m2!3d39.9531914!4d-75.1594066","https://www.google.com/maps/place/Tea+Leaf+Reading+Terminal+Market/@39.9531914,-75.1594066,13.99z/data=!4m16!1m7!3m6!1s0x89c6c6295aba898b:0x862b47a1a0640921!2sTea+Leaf+Reading+Terminal+Market!8m2!3d39.9531914!4d-75.1594066!16s%2Fg%2F11ckvg1dmb!3m7!1s0x89c6c6295aba898b:0x862b47a1a0640921!8m2!3d39.9531914!4d-75.1594066!9m1!1b1!16s%2Fg%2F11ckvg1dmb?entry=ttu",ChIJi4m6WinGxokRIQlkoKFHK4Y,0x89c6c6295aba898b:0x862b47a1a0640921,9667899784587118881,/g/113j_d85n,-8778844289122432735,,paul.steikne@readingterminalmarket.org,RECEIVING,SMTP validated,Paul Steinke,Paul,Steinke,Business Manager,,mc-anthony@readingterminalmarket.org,RECEIVING,SMTP validated,Michael Anthony,Michael,Anthony,Operation Manager,,s-levitsky@readingterminalmarket.org,RECEIVING,SMTP validated,Sarah Levitsky,Sarah,Levitsky,Marketing And Special Events Manager,,2675344707,+1 215-922-2317,12153517412,https://www.facebook.com/readingterminalmarket/,https://www.instagram.com/rdgterminalmkt,http://www.linkedin.com/company/8706832,,,,,,,,https://twitter.com/RdgTerminalMkt,,https://www.youtube.com/channel/UCT2cxS_MQgOMeXfJAlL1xvA,,,"Reading Terminal Market is Open Daily! - Philadelphia, PA",WordPress 6.0.2,"Welcome to the Reading Terminal Market. Famous indoor farmer's market providing Philadelphia with grocery, dining & shopping needs!",,True,True
"bubble tea store, 19146, Philadelphia, PA, US",Yi's Boba,Yis Boba,https://www.facebook.com/yisboba,Bubble tea store,Bubble tea store,Bubble tea store,+1 318-294-2361,"24 Lancaster Ave, Ardmore, PA 19003",None,24 Lancaster Ave,Ardmore,19003,Pennsylvania,Pennsylvania,United States of America,US,40.0072124,-75.2899527,892a1349ac3ffff,America/New_York,,False,4.8,281,"https://search.google.com/local/reviews?placeid=ChIJJR2na4bAxokRLddwDe7Cn_M&q=bubble+tea+store,+19146,+Philadelphia,+PA,+US&authuser=0&hl=en&gl=US",,,6.0,4.0,6.0,19.0,246.0,75,https://lh3.googleusercontent.com/p/AF1QipMt-SjGGJCtqQdc66U_7J_zlUlOuKY66HYJpA39=w800-h500-k-no,https://lh3.googleusercontent.com/p/AF1QipMt-SjGGJCtqQdc66U_7J_zlUlOuKY66HYJpA39=w1600-h1000-k-no,,"{""Monday"": ""10AM-9:30PM"", ""Tuesday"": ""10AM-9:30PM"", ""Wednesday"": ""10AM-9:30PM"", ""Thursday"": ""10AM-9:30PM"", ""Friday"": ""10AM-10PM"", ""Saturday"": ""10AM-10PM"", ""Sunday"": ""10AM-9:30PM""}",Monday:10AM-9:30PM|Tuesday:10AM-9:30PM|Wednesday:10AM-9:30PM|Thursday:10AM-9:30PM|Friday:10AM-10PM|Saturday:10AM-10PM|Sunday:10AM-9:30PM,,,OPERATIONAL,"{""Service options"": {""Delivery"": true, ""Onsite services"": true, ""Takeout"": true, ""Dine-in"": true}, ""Highlights"": {""Great tea selection"": true}, ""Accessibility"": {""Wheelchair accessible parking lot"": true}}",$,,,,,False,None,Yi's Boba,,,"https://www.google.com/viewer/chooseprovider?mid=/g/11f_j2ffgc&g2lbs=AAEPWCsEtgsLnVwxcRlOpKLnNb6hBR69BIFahuXF7I6uAkjC18JAG-9GRP2fgI98uDQtl1ltG58cVzMfuK3qe9-_QnOjm7QkPg%3D%3D&hl=en-US&gl=us&fo_m=MfohQo559jFvMUOzJVpjPL1YMfZ3bInYwBDuMfaXTPp5KXh-&utm_source=tactile&gei=FHwCaIKZC_OM7NYPma7VuAw&ei=FHwCaIKZC_OM7NYPma7VuAw&fo_s=OA,SOE&opi=79508299&ebb=1&cs=0&foub=mcpp",,,"https://www.google.com/maps/place/Yi%27s+Boba/@40.0072124,-75.2899527,14z/data=!4m8!1m2!2m1!1sYi%27s+Boba!3m4!1s0x89c6c0866ba71d25:0xf39fc2ee0d70d72d!8m2!3d40.0072124!4d-75.2899527","https://www.google.com/maps/place/Yi%27s+Boba/@40.0072124,-75.2899527,13.99z/data=!4m16!1m7!3m6!1s0x89c6c0866ba71d25:0xf39fc2ee0d70d72d!2sYi%27s+Boba!8m2!3d40.0072124!4d-75.2899527!16s%2Fg%2F11ckvg1dmb!3m7!1s0x89c6c0866ba71d25:0xf39fc2ee0d70d72d!8m2!3d40.0072124!4d-75.2899527!9m1!1b1!16s%2Fg%2F11ckvg1dmb?entry=ttu",ChIJJR2na4bAxokRLddwDe7Cn_M,0x89c6c0866ba71d25:0xf39fc2ee0d70d72d,17554964200196986669,/g/11f_j2ffgc,-891779873512564947,,wamgyi950512@gmail.com,INVALID,Cannot validate,,,,,,,,,,,,,,,,,,,,,,,,,https://www.facebook.com/yisboba,,,,,,,,,,,,,,,,,,,,
"bubble tea store, 19146, Philadelphia, PA, US",Mr. Wish Upper Darby,Mr Wish Upper Darby,http://www.mrwishusa.com/,Bubble tea store,Bubble tea store,Bubble tea store,+1 484-463-8957,"7050 Terminal Square, Upper Darby Township, PA 19082",None,7050 Terminal Square,Upper Darby Township,19082,Pennsylvania,Pennsylvania,United States of America,US,39.9612738,-75.26284869999999,892aacb2673ffff,America/New_York,,False,4.1,39,"https://search.google.com/local/reviews?placeid=ChIJo2eT9-bBxokRrIrEyD9-sW4&q=bubble+tea+store,+19146,+Philadelphia,+PA,+US&authuser=0&hl=en&gl=US",,,4.0,3.0,4.0,4.0,24.0,135,https://lh3.googleusercontent.com/p/AF1QipMIcgx2aFzANZ-aoPRq150tHZpTKwUFRSLDVTdC=w800-h500-k-no,https://lh3.googleusercontent.com/p/AF1QipMIcgx2aFzANZ-aoPRq150tHZpTKwUFRSLDVTdC=w1600-h1000-k-no,,"{""Monday"": ""10AM-7:45PM"", ""Tuesday"": ""10AM-7:45PM"", ""Wednesday"": ""10AM-7:45PM"", ""Thursday"": ""10AM-7:45PM"", ""Friday"": ""10AM-7:45PM"", ""Saturday"": ""10AM-7:45PM"", ""Sunday"": ""10AM-7:45PM""}",Monday:10AM-7:45PM|Tuesday:10AM-7:45PM|Wednesday:10AM-7:45PM|Thursday:10AM-7:45PM|Friday:10AM-7:45PM|Saturday:10AM-7:45PM|Sunday:10AM-7:45PM,,,OPERATIONAL,"{""Service options"": {""No-contact delivery"": true, ""Delivery"": true, ""Takeout"": true, ""Dine-in"": true}, ""Highlights"": {""Great tea selection"": true}, ""Accessibility"": {""Wheelchair accessible entrance"": true, ""Wheelchair accessible parking lot"": true}}",$,,https://lh6.googleusercontent.com/-4IBcg00QJeY/AAAAAAAAAAI/AAAAAAAAAAA/HesP7jEgbO8/s44-p-k-no-ns-nd/photo.jpg,,,True,107973860062825521833,Mr. Wish Upper Darby,https://www.google.com/maps/contrib/107973860062825521833,,"https://www.google.com/viewer/chooseprovider?mid=/g/11fnc_n3px&g2lbs=AAEPWCs-kwP8q2HgGmgSZSE2u4ZMpamnwPC0zhgC0NiW_bMWrCxv7o3Bbc0adoZGJWxcO6jSZ8B87gMZnlQlHAbayAH1PcxXgg%3D%3D&hl=en-US&gl=us&fo_m=MfohQo559jFvMUOzJVpjPL1YMfZ3bInYwBDuMfaXTPp5KXh-&utm_source=tactile&gei=FHwCaIKZC_OM7NYPma7VuAw&ei=FHwCaIKZC_OM7NYPma7VuAw&fo_s=OA,SOE&opi=79508299&ebb=1&cs=0&foub=mcpp",,,"https://www.google.com/maps/place/Mr.+Wish+Upper+Darby/@39.9612738,-75.26284869999999,14z/data=!4m8!1m2!2m1!1sMr.+Wish+Upper+Darby!3m4!1s0x89c6c1e6f79367a3:0x6eb17e3fc8c48aac!8m2!3d39.9612738!4d-75.26284869999999","https://www.google.com/maps/place/Mr.+Wish+Upper+Darby/@39.9612738,-75.26284869999999,13.99z/data=!4m16!1m7!3m6!1s0x89c6c1e6f79367a3:0x6eb17e3fc8c48aac!2sMr.+Wish+Upper+Darby!8m2!3d39.9612738!4d-75.26284869999999!16s%2Fg%2F11ckvg1dmb!3m7!1s0x89c6c1e6f79367a3:0x6eb17e3fc8c48aac!8m2!3d39.9612738!4d-75.26284869999999!9m1!1b1!16s%2Fg%2F11ckvg1dmb?entry=ttu",ChIJo2eT9-bBxokRrIrEyD9-sW4,0x89c6c1e6f79367a3:0x6eb17e3fc8c48aac,7976295227466222252,/g/11fnc_n3px,7976295227466222252,,info@mrwishusa.com,RECEIVING,SMTP validated,,,,,,mrwishtexas@gmail.com,RECEIVING,SMTP validated,,,,,,,,,,,,,,12819741848,16513339008,13024823125,https://www.facebook.com/mrwishhouston/,,,,,,,,,,,,,,,Mr. Wish | Fruit Tea | mrwishusa,Wix.com Website Builder,"Mr. Wish is the No. 1 Fruit Tea Frachise from Taiwan. It is Natural, Healthy, Fresh, and Authenthic. Make you Wish come true. mrwishusa","bubble tea, fruit tea, mrwish, mrwishusa, mrwishusa.com",False,False
"bubble tea store, 19146, Philadelphia, PA, US",Paris Baguette,Paris Baguette,https://parisbaguette.com/locations/pa/philadelphia/923-arch-street/,"Cafe, Bakery, Cake shop, Coffee shop, Dessert shop",Bakery,Cafe,+1 215-928-8888,"923 Arch St, Philadelphia, PA 19107",Center City East,923 Arch St,Philadelphia,19107,Pennsylvania,Pennsylvania,United States of America,US,39.95363,-75.155733,892a134d4cfffff,America/New_York,,False,4.5,429,"https://search.google.com/local/reviews?placeid=ChIJOU5fFyrGxokR-ebYnXsWcWc&q=bubble+tea+store,+19146,+Philadelphia,+PA,+US&authuser=0&hl=en&gl=US",,,24.0,7.0,20.0,76.0,302.0,1321,https://lh3.googleusercontent.com/p/AF1QipO9e-MHU5eUBsTvou_ZMSYsESUFz6ddipFnuKZL=w800-h500-k-no,https://lh3.googleusercontent.com/p/AF1QipO9e-MHU5eUBsTvou_ZMSYsESUFz6ddipFnuKZL=w1600-h1000-k-no,,"{""Monday"": ""7:30AM-9PM"", ""Tuesday"": ""7:30AM-9PM"", ""Wednesday"": ""7:30AM-9PM"", ""Thursday"": ""7:30AM-9PM"", ""Friday"": ""7:30AM-9PM"", ""Saturday"": ""7:30AM-9PM"", ""Sunday"": ""7:30AM-9PM""}",Monday:7:30AM-9PM|Tuesday:7:30AM-9PM|Wednesday:7:30AM-9PM|Thursday:7:30AM-9PM|Friday:7:30AM-9PM|Saturday:7:30AM-9PM|Sunday:7:30AM-9PM,,,OPERATIONAL,"{""Service options"": {""Curbside pickup"": true, ""Delivery"": true, ""In-store pickup"": true, ""In-store shopping"": true, ""Onsite services"": true, ""Takeout"": true, ""Dine-in"": true, ""Same-day delivery"": false}, ""Accessibility"": {""Wheelchair accessible entrance"": true}, ""Offerings"": {""Coffee"": true}, ""Amenities"": {""Wi-Fi"": true}, ""Planning"": {""Quick visit"": true}, ""Payments"": {""Credit cards"": true, ""Debit cards"": true, ""NFC mobile payments"": true}}",$$,,https://lh4.googleusercontent.com/-WgQSqqZJxjA/AAAAAAAAAAI/AAAAAAAAAAA/Ot7uI7dNM3g/s44-p-k-no-ns-nd/photo.jpg,"Cafe & bakery chain serving French pastries, bread, cakes & sandwiches, plus tea & coffee drinks.",,True,104801238089992847780,Paris Baguette,https://www.google.com/maps/contrib/104801238089992847780,,"https://www.google.com/viewer/chooseprovider?mid=/g/11gf0n6y34&g2lbs=AAEPWCuB1v5n_NWFRFr6KGonuR3KBw9M0RnwJyDdoiv6cMzDaV0UKf8TAi1cT2qqEuz2T5OOzFG-7BLiDgxv80NgZTBCx3UP0A%3D%3D&hl=en-US&gl=us&fo_m=MfohQo559jFvMUOzJVpjPL1YMfZ3bInYwBDuMfaXTPp5KXh-&utm_source=tactile&gei=FHwCaIKZC_OM7NYPma7VuAw&ei=FHwCaIKZC_OM7NYPma7VuAw&fo_s=OA,SOE&opi=79508299&ebb=1&cs=0&foub=mcpp",,,"https://www.google.com/maps/place/Paris+Baguette/@39.95363,-75.155733,14z/data=!4m8!1m2!2m1!1sParis+Baguette!3m4!1s0x89c6c62a175f4e39:0x6771167b9dd8e6f9!8m2!3d39.95363!4d-75.155733","https://www.google.com/maps/place/Paris+Baguette/@39.95363,-75.155733,13.99z/data=!4m16!1m7!3m6!1s0x89c6c62a175f4e39:0x6771167b9dd8e6f9!2sParis+Baguette!8m2!3d39.95363!4d-75.155733!16s%2Fg%2F11ckvg1dmb!3m7!1s0x89c6c62a175f4e39:0x6771167b9dd8e6f9!8m2!3d39.95363!4d-75.155733!9m1!1b1!16s%2Fg%2F11ckvg1dmb?entry=ttu",ChIJOU5fFyrGxokR-ebYnXsWcWc,0x89c6c62a175f4e39:0x6771167b9dd8e6f9,7453763578459907833,/g/11gf0n6y34,7453763578459907833,,jackmoran@parisbaguette.com,RECEIVING,Verified,Jack Moran,Jack,Moran,Global Chief Executive Officer North America,,ihwang@parisbaguette.com,INVALID,Cannot validate,Ike Hwang,Ike,Hwang,Quality Control Manager,,angel@parisbaguette.com,RECEIVING,SMTP validated,Angel Huezo,Angel,Huezo,Sales Cashier,,10319524986,17033455077,16177143062,https://www.facebook.com/parisbaguetteus/,https://www.instagram.com/parisbaguette_usa,https://www.linkedin.com/company/paris-baguette/,https://www.tiktok.com/@parisbaguette_us,,,,,,,https://twitter.com/ParisBaguetteUS,,,,,"Paris Baguette at 1919 West Main Street, Mesa, AZ | Cakes, Coffee, Pastries",wordpress,"Stop by Paris Baguette at 1919 West Main Street in Mesa, AZ for handcrafted cakes, freshly baked pastries and breads, delicious Lavazza coffee, and more.",,True,True
"bubble tea store, 19137, Philadelphia, PA, US",TBaar Philadelphia,Tbaar Philadelphia,http://tbaar.com/,"Bubble tea store, Coffee store, Juice shop",Bubble tea store,Bubble tea store,+1 267-423-8709,"2842 St Vincent St, Philadelphia, PA 19149",Northeast Philadelphia,2842 St Vincent St,Philadelphia,19149,Pennsylvania,Pennsylvania,United States of America,US,40.041377499999996,-75.0546717,892a134110fffff,America/New_York,,False,4.3,106,"https://search.google.com/local/reviews?placeid=ChIJJQCU4CO0xokR3v3rsuR4BLM&q=bubble+tea+store,+19137,+Philadelphia,+PA,+US&authuser=0&hl=en&gl=US",,,10.0,4.0,4.0,18.0,70.0,156,https://lh3.googleusercontent.com/p/AF1QipOGpQFXewC8URCyMW0lpyT0v9n4H3By5O8RZqqq=w800-h500-k-no,https://lh3.googleusercontent.com/p/AF1QipOGpQFXewC8URCyMW0lpyT0v9n4H3By5O8RZqqq=w1600-h1000-k-no,,"{""Monday"": ""11AM-8PM"", ""Tuesday"": ""11AM-8PM"", ""Wednesday"": ""11AM-8PM"", ""Thursday"": ""11AM-8PM"", ""Friday"": ""11AM-8PM"", ""Saturday"": ""11AM-8PM"", ""Sunday"": ""11AM-8PM""}",Monday:11AM-8PM|Tuesday:11AM-8PM|Wednesday:11AM-8PM|Thursday:11AM-8PM|Friday:11AM-8PM|Saturday:11AM-8PM|Sunday:11AM-8PM,,,OPERATIONAL,"{""Service options"": {""Delivery"": true, ""Takeout"": true, ""Dine-in"": true}, ""Highlights"": {""Great tea selection"": true}, ""Accessibility"": {""Wheelchair accessible entrance"": true, ""Wheelchair accessible parking lot"": true}}",$,,https://lh4.googleusercontent.com/-_fX3sDjfYH8/AAAAAAAAAAI/AAAAAAAAAAA/YLpci63GZx0/s44-p-k-no-ns-nd/photo.jpg,,,True,109877649297501296702,TBaar Philadelphia,https://www.google.com/maps/contrib/109877649297501296702,,"https://www.google.com/viewer/chooseprovider?mid=/g/11cn2jmkvt&g2lbs=AAEPWCvqhkNR2UfNrAw2aajA6h1RhzA1B_x5oZQfhiyukTJYcVX2C1MzPPXGLu-Aeen_6siIshOXeEgPAEmJpEwduONFl9XAPw%3D%3D&hl=en-US&gl=us&fo_m=MfohQo559jFvMUOzJVpjPL1YMfZ3bInYwBDuMfaXTPp5KXh-&utm_source=tactile&gei=FnwCaOiiDLuYkdUPhKWNqQU&ei=FnwCaOiiDLuYkdUPhKWNqQU&fo_s=OA,SOE&opi=79508299&ebb=1&cs=0&foub=mcpp",,,"https://www.google.com/maps/place/TBaar+Philadelphia/@40.041377499999996,-75.0546717,14z/data=!4m8!1m2!2m1!1sTBaar+Philadelphia!3m4!1s0x89c6b423e0940025:0xb30478e4b2ebfdde!8m2!3d40.041377499999996!4d-75.0546717","https://www.google.com/maps/place/TBaar+Philadelphia/@40.041377499999996,-75.0546717,13.99z/data=!4m16!1m7!3m6!1s0x89c6b423e0940025:0xb30478e4b2ebfdde!2sTBaar+Philadelphia!8m2!3d40.041377499999996!4d-75.0546717!16s%2Fg%2F11ckvg1dmb!3m7!1s0x89c6b423e0940025:0xb30478e4b2ebfdde!8m2!3d40.041377499999996!4d-75.0546717!9m1!1b1!16s%2Fg%2F11ckvg1dmb?entry=ttu",ChIJJQCU4CO0xokR3v3rsuR4BLM,0x89c6b423e0940025:0xb30478e4b2ebfdde,12899568156345630174,/g/11cn2jmkvt,-5547175917363921442,,info@tbaar.com,RECEIVING,Role,Unknown,Unknown,,Cafes,13473503522,,,,,,,,,,,,,,,,,16174812786,13128889475,12674238709,https://www.facebook.com/tbaarinc/,https://www.instagram.com/tbaarinc,,,,,,,,,,,,,,TBaar - CreativiTEA is Brewing,Wix.com Website Builder,"Adapting a new slogan of ‘creativiTEA is Brewing’, we strive to embrace vibrant colors in the TBaar experience to create a young, fun, and energetic ambiance. As true believers of no limitation in creativity, we keep the spirits high through drink innovations and partnerships with the creative forces.","Bubble tea, smoothie, tea, milk tea, honey, milk shake",False,False
"bubble tea store, 19137, Philadelphia, PA, US",Mr. Sun Tea - Willow Grove,Mr Sun Tea Willow Grove,https://mrsunteapa.dine.online/,Bubble tea store,Bubble tea store,Bubble tea store,+1 267-609-0590,"101 E Moreland Rd ste h, Willow Grove, PA 19090",None,101 E Moreland Rd ste h,Willow Grove,19090,Pennsylvania,Pennsylvania,United States of America,US,40.1394916,-75.1131703,892a1358e53ffff,America/New_York,,False,5.0,37,"https://search.google.com/local/reviews?placeid=ChIJTaVu_tixxokRWPx_UWLD35Q&q=bubble+tea+store,+19137,+Philadelphia,+PA,+US&authuser=0&hl=en&gl=US",,,0.0,0.0,0.0,0.0,37.0,69,https://lh3.googleusercontent.com/p/AF1QipPGOYcLryXtSW2mAKDM--UAiN9Fbh1lOyTI1yQI=w800-h500-k-no,https://lh3.googleusercontent.com/p/AF1QipPGOYcLryXtSW2mAKDM--UAiN9Fbh1lOyTI1yQI=w1600-h1000-k-no,,"{""Monday"": ""11AM-8PM"", ""Tuesday"": ""11AM-8PM"", ""Wednesday"": ""11AM-8PM"", ""Thursday"": ""11AM-8PM"", ""Friday"": ""11AM-9PM"", ""Saturday"": ""11AM-9PM"", ""Sunday"": ""11AM-8PM""}",Monday:11AM-8PM|Tuesday:11AM-8PM|Wednesday:11AM-8PM|Thursday:11AM-8PM|Friday:11AM-9PM|Saturday:11AM-9PM|Sunday:11AM-8PM,,,OPERATIONAL,"{""From the business"": {""Identifies as Asian-owned"": true, ""Identifies as women-owned"": true}, ""Service options"": {""No-contact delivery"": true, ""Delivery"": true, ""Takeout"": true, ""Dine-in"": true}, ""Highlights"": {""Great tea selection"": true}, ""Accessibility"": {""Wheelchair accessible entrance"": true, ""Wheelchair accessible parking lot"": true, ""Wheelchair accessible restroom"": true, ""Wheelchair accessible seating"": true}, ""Parking"": {""Free parking lot"": true, ""Free street parking"": true, ""On-site parking"": true}, ""Other"": {""Identifies as women-owned"": true, ""Identifies as Asian-owned"": true}}",$,,https://lh6.googleusercontent.com/-uBLkWbBkYJE/AAAAAAAAAAI/AAAAAAAAAAA/CeGd3lCyEoY/s44-p-k-no-ns-nd/photo.jpg,,,True,102958775348833954101,Mr. Sun Tea - Willow Grove,https://www.google.com/maps/contrib/102958775348833954101,,"https://www.google.com/viewer/chooseprovider?mid=/g/11ltkb7flp&g2lbs=AAEPWCtaTnyTmN3fLm1wcb4GUmiXVIn5rmCIiRBiz49VMlaYhlb5e41Pjzn8aPXUyUsBCexYasQnjjU5pmc76AzGsHMQE4thog%3D%3D&hl=en-US&gl=us&fo_m=MfohQo559jFvMUOzJVpjPL1YMfZ3bInYwBDuMfaXTPp5KXh-&utm_source=tactile&gei=FnwCaOiiDLuYkdUPhKWNqQU&ei=FnwCaOiiDLuYkdUPhKWNqQU&fo_s=OA,SOE&opi=79508299&ebb=1&cs=0&foub=mcpp",,,"https://www.google.com/maps/place/Mr.+Sun+Tea+-+Willow+Grove/@40.1394916,-75.1131703,14z/data=!4m8!1m2!2m1!1sMr.+Sun+Tea+-+Willow+Grove!3m4!1s0x89c6b1d8fe6ea54d:0x94dfc362517ffc58!8m2!3d40.1394916!4d-75.1131703","https://www.google.com/maps/place/Mr.+Sun+Tea+-+Willow+Grove/@40.1394916,-75.1131703,13.99z/data=!4m16!1m7!3m6!1s0x89c6b1d8fe6ea54d:0x94dfc362517ffc58!2sMr.+Sun+Tea+-+Willow+Grove!8m2!3d40.1394916!4d-75.1131703!16s%2Fg%2F11ckvg1dmb!3m7!1s0x89c6b1d8fe6ea54d:0x94dfc362517ffc58!8m2!3d40.1394916!4d-75.1131703!9m1!1b1!16s%2Fg%2F11ckvg1dmb?entry=ttu",ChIJTaVu_tixxokRWPx_UWLD35Q,0x89c6b1d8fe6ea54d:0x94dfc362517ffc58,10727507664461364312,/g/11ltkb7flp,-7719236409248187304,,,,,,,,,,,,,,,,,,,,,,,,,,,,,,,,,,,,,,,,,,,,Order Online,,,,False,False
"bubble tea store, 19137, Philadelphia, PA, US",Gong Cha,Gong Cha,https://gongchausa.com/pennsylvania-elkins-park/,Bubble tea store,Bubble tea store,Bubble tea store,+1 215-996-8060,"7320 Old York Rd #224A, Elkins Park, PA 19027",None,7320 Old York Rd #224A,Elkins Park,19027,Pennsylvania,Pennsylvania,United States of America,US,40.0629992,-75.1370359,892a134a143ffff,America/New_York,,False,3.9,18,"https://search.google.com/local/reviews?placeid=ChIJ____I0S3xokRo6x6Mrc7hbM&q=bubble+tea+store,+19137,+Philadelphia,+PA,+US&authuser=0&hl=en&gl=US",,,5.0,0.0,0.0,0.0,13.0,77,https://lh3.googleusercontent.com/p/AF1QipPe2aA4jwvGquOOVTZ2rO5YR40oElig6o2havY=w800-h500-k-no,https://lh3.googleusercontent.com/p/AF1QipPe2aA4jwvGquOOVTZ2rO5YR40oElig6o2havY=w1600-h1000-k-no,,"{""Monday"": ""10:30AM-7:30PM"", ""Tuesday"": ""10:30AM-7:30PM"", ""Wednesday"": ""10:30AM-7:30PM"", ""Thursday"": ""10:30AM-7:30PM"", ""Friday"": ""10:30AM-7:30PM"", ""Saturday"": ""10:30AM-7:30PM"", ""Sunday"": ""10:30AM-7:30PM""}",Monday:10:30AM-7:30PM|Tuesday:10:30AM-7:30PM|Wednesday:10:30AM-7:30PM|Thursday:10:30AM-7:30PM|Friday:10:30AM-7:30PM|Saturday:10:30AM-7:30PM|Sunday:10:30AM-7:30PM,,,OPERATIONAL,"{""Service options"": {""Takeout"": true}, ""Highlights"": {""Great tea selection"": true}, ""Accessibility"": {""Wheelchair accessible entrance"": true}}",$,,,,,False,None,Gong Cha,,,"https://www.google.com/viewer/chooseprovider?mid=/g/11lm9pblc5&g2lbs=AAEPWCuaxxnDxSOAjCiXkRFQFNHTO1q5HGlEZ3gseSdTjz6_jmUwyB-ykl57uIrt-kdfOmpkvcTdMtjV4YS03RpWJLRIrLIq7A%3D%3D&hl=en-US&gl=us&fo_m=MfohQo559jFvMUOzJVpjPL1YMfZ3bInYwBDuMfaXTPp5KXh-&utm_source=tactile&gei=F3wCaPzvK9zX1sQPvsrAsQk&ei=F3wCaPzvK9zX1sQPvsrAsQk&fo_s=OA,SOE&opi=79508299&ebb=1&cs=0&foub=mcpp",,,"https://www.google.com/maps/place/Gong+Cha/@40.0629992,-75.1370359,14z/data=!4m8!1m2!2m1!1sGong+Cha!3m4!1s0x89c6b74423ffffff:0xb3853bb7327aaca3!8m2!3d40.0629992!4d-75.1370359","https://www.google.com/maps/place/Gong+Cha/@40.0629992,-75.1370359,13.99z/data=!4m16!1m7!3m6!1s0x89c6b74423ffffff:0xb3853bb7327aaca3!2sGong+Cha!8m2!3d40.0629992!4d-75.1370359!16s%2Fg%2F11ckvg1dmb!3m7!1s0x89c6b74423ffffff:0xb3853bb7327aaca3!8m2!3d40.0629992!4d-75.1370359!9m1!1b1!16s%2Fg%2F11ckvg1dmb?entry=ttu",ChIJ____I0S3xokRo6x6Mrc7hbM,0x89c6b74423ffffff:0xb3853bb7327aaca3,12935811162703572131,/g/11lm9pblc5,-5510932911005979485,,inquiries@gongchausa.com,RECEIVING,SMTP validated,Anchal Lamba,Anchal,Lamba,Managing Member,12123982716,anchal@gongchausa.com,RECEIVING,SMTP validated,Anchal Lamba,Anchal,Lamba,President,15163839000,rborgia@gongchausa.com,INVALID,Invalid SMTP,Robert Borgia,Robert,Borgia,Could Not Locate,15167496919,5168135642,15624748745,14697099380,https://www.facebook.com/gongchatea/,http://instagram.com/gongchatea,https://www.linkedin.com/company/gong-cha,https://www.tiktok.com/@gongcha.bubbletea,,,,,,,https://twitter.com/gongchatea,,,,,New Jersey – Jersey City - Gong cha,All in One SEO (AIOSEO) 4.7.7.2,Premium Quality Bubble Tea,,False,False
"bubble tea store, 19137, Philadelphia, PA, US",Bambu,Bambu,https://www.drinkbambu.com/,"Bubble tea store, Vietnamese restaurant, Frozen yogurt shop, Juice shop, Tea house",restaurants,Bubble tea store,+1 267-343-5763,"5520 Whitaker Ave STE 6, Philadelphia, PA 19124",Northeast Philadelphia,5520 Whitaker Ave STE 6,Philadelphia,19124,Pennsylvania,Pennsylvania,United States of America,US,40.035550099999995,-75.10004359999999,892a134addbffff,America/New_York,,False,4.3,89,"https://search.google.com/local/reviews?placeid=ChIJ9awoQ_m2xokRWyYI3H7r1bc&q=bubble+tea+store,+19137,+Philadelphia,+PA,+US&authuser=0&hl=en&gl=US",,,7.0,0.0,8.0,20.0,54.0,61,https://lh3.googleusercontent.com/p/AF1QipPqmAnv8awPxKxBCqmC3rdKDoBWuI7sX_2n2jgL=w800-h500-k-no,https://lh3.googleusercontent.com/p/AF1QipPqmAnv8awPxKxBCqmC3rdKDoBWuI7sX_2n2jgL=w1600-h1000-k-no,,"{""Monday"": ""10AM-6PM"", ""Tuesday"": ""10AM-6PM"", ""Wednesday"": ""10AM-6PM"", ""Thursday"": ""10AM-6PM"", ""Friday"": ""10AM-6PM"", ""Saturday"": ""10AM-6PM"", ""Sunday"": ""10AM-5PM""}",Monday:10AM-6PM|Tuesday:10AM-6PM|Wednesday:10AM-6PM|Thursday:10AM-6PM|Friday:10AM-6PM|Saturday:10AM-6PM|Sunday:10AM-5PM,,,OPERATIONAL,"{""Service options"": {""Outdoor seating"": true, ""No-contact delivery"": true, ""Delivery"": true, ""Onsite services"": true, ""Takeout"": true, ""Dine-in"": true}, ""Highlights"": {""Great coffee"": true, ""Great dessert"": true, ""Great tea selection"": true, ""Sports"": true}, ""Popular for"": {""Solo dining"": true}, ""Accessibility"": {""Wheelchair accessible entrance"": true, ""Wheelchair accessible parking lot"": true, ""Wheelchair accessible restroom"": true}, ""Offerings"": {""Coffee"": true, ""Quick bite"": true}, ""Dining options"": {""Counter service"": true, ""Dessert"": true, ""Seating"": true}, ""Amenities"": {""Restroom"": true, ""Wi-Fi"": true}, ""Atmosphere"": {""Casual"": true, ""Trendy"": true}, ""Crowd"": {""College students"": true, ""Family-friendly"": true, ""LGBTQ+ friendly"": true}, ""Planning"": {""Accepts reservations"": false}, ""Payments"": {""Credit cards"": true, ""Debit cards"": true, ""NFC mobile payments"": true}, ""Children"": {""Good for kids"": true}, ""Other"": {""LGBTQ+ friendly"": true}}",$,,https://lh3.googleusercontent.com/-vclt3Wc7DCk/AAAAAAAAAAI/AAAAAAAAAAA/3Yv4z2vzG3E/s44-p-k-no-ns-nd/photo.jpg,"Cafe chain serving coffee drinks, milk tea & Asian desserts, including Vietnamese che.",,True,111410068775696376609,Bambu,https://www.google.com/maps/contrib/111410068775696376609,,"https://www.google.com/viewer/chooseprovider?mid=/g/11b6gdw0c9&g2lbs=AAEPWCsX_lbCm-abYpuFxYFnq6P8zOp-oihXk-gOBXzYlozeSWi0m_ttLiFKNkDn5ehcolVEZPhgkSonetVpX8SHsYUXQE9LLw%3D%3D&hl=en-US&gl=us&fo_m=MfohQo559jFvMUOzJVpjPL1YMfZ3bInYwBDuMfaXTPp5KXh-&utm_source=tactile&gei=F3wCaPzvK9zX1sQPvsrAsQk&ei=F3wCaPzvK9zX1sQPvsrAsQk&fo_s=OA,SOE&opi=79508299&ebb=1&cs=0&foub=mcpp",,,"https://www.google.com/maps/place/Bambu/@40.035550099999995,-75.10004359999999,14z/data=!4m8!1m2!2m1!1sBambu!3m4!1s0x89c6b6f94328acf5:0xb7d5eb7edc08265b!8m2!3d40.035550099999995!4d-75.10004359999999","https://www.google.com/maps/place/Bambu/@40.035550099999995,-75.10004359999999,13.99z/data=!4m16!1m7!3m6!1s0x89c6b6f94328acf5:0xb7d5eb7edc08265b!2sBambu!8m2!3d40.035550099999995!4d-75.10004359999999!16s%2Fg%2F11ckvg1dmb!3m7!1s0x89c6b6f94328acf5:0xb7d5eb7edc08265b!8m2!3d40.035550099999995!4d-75.10004359999999!9m1!1b1!16s%2Fg%2F11ckvg1dmb?entry=ttu",ChIJ9awoQ_m2xokRWyYI3H7r1bc,0x89c6b6f94328acf5:0xb7d5eb7edc08265b,13246752809070110299,/g/11b6gdw0c9,-5199991264639441317,,scott@drinkbambu.com,UNKNOWN,Cannot validate,Scott Bachman,Scott,Bachman,President,0,tony@drinkbambu.com,INVALID,Cannot validate,Tony Ngyuen,Tony,Ngyuen,Founder,,rockford@drinkbambu.com,INVALID,Cannot validate,Tien Nguyen,Tien,Nguyen,Owner,18157936190,13158022866,14082839666,17279548031,https://www.facebook.com/104343772403218,,https://www.linkedin.com/company/bambulowell,,,,,,,,,,,,,Bambu Tracy | Drinkbambu,Wix.com Website Builder,"Bambu is the only franchise that delivers authentic Vietnamese dessert drinks. We also serve incredible Asian-inspired smoothies, coffees, teas, and yogurts made to order from fresh ingredients ""just the way you love it"".",,False,False
"bubble tea store, 19137, Philadelphia, PA, US",Mr. Wish Grant Ave,Mr Wish Grant Ave,http://www.mrwishusa.com/,Bubble tea store,Bubble tea store,Bubble tea store,+1 267-927-8818,"1619 Grant Ave Ste 4A, Philadelphia, PA 19115",Northeast Philadelphia,1619 Grant Ave Ste 4A,Philadelphia,19115,Pennsylvania,Pennsylvania,United States of America,US,40.0875449,-75.0396399,892a134335bffff,America/New_York,,False,4.4,95,"https://search.google.com/local/reviews?placeid=ChIJey7bZSazxokRQq2fmESE32w&q=bubble+tea+store,+19137,+Philadelphia,+PA,+US&authuser=0&hl=en&gl=US",,,10.0,1.0,2.0,6.0,76.0,138,https://lh3.googleusercontent.com/p/AF1QipOrbNzzlzaRQb9Wf6t-pB-pNfNzy4aAxK7fcUu6=w800-h500-k-no,https://lh3.googleusercontent.com/p/AF1QipOrbNzzlzaRQb9Wf6t-pB-pNfNzy4aAxK7fcUu6=w1600-h1000-k-no,,"{""Monday"": ""10AM-8:30PM"", ""Tuesday"": ""10AM-8:30PM"", ""Wednesday"": ""10AM-8:30PM"", ""Thursday"": ""10AM-8:30PM"", ""Friday"": ""10AM-8:30PM"", ""Saturday"": ""10AM-8:30PM"", ""Sunday"": ""10AM-8:30PM""}",Monday:10AM-8:30PM|Tuesday:10AM-8:30PM|Wednesday:10AM-8:30PM|Thursday:10AM-8:30PM|Friday:10AM-8:30PM|Saturday:10AM-8:30PM|Sunday:10AM-8:30PM,,,OPERATIONAL,"{""Service options"": {""Delivery"": true, ""Takeout"": true, ""Dine-in"": true}, ""Highlights"": {""Great tea selection"": true}, ""Accessibility"": {""Wheelchair accessible entrance"": true}}",$,,https://lh5.googleusercontent.com/-sCnC8osXvD8/AAAAAAAAAAI/AAAAAAAAAAA/fKH6PyvCS-E/s44-p-k-no-ns-nd/photo.jpg,,,True,110771709075924972146,Mr. Wish Grant Ave,https://www.google.com/maps/contrib/110771709075924972146,,"https://www.google.com/viewer/chooseprovider?mid=/g/11pvb05w_h&g2lbs=AAEPWCvB9pvB_nlSs-a_g1-mZe7HCDCdrOhHNt8MMU659bWmep_O08Au-fnBihWNd4b01Yp6xtvNM2pTiaqctbOabSbC5uawEg%3D%3D&hl=en-US&gl=us&fo_m=MfohQo559jFvMUOzJVpjPL1YMfZ3bInYwBDuMfaXTPp5KXh-&utm_source=tactile&gei=GHwCaIi1Nsy3xc8P9JC0kQ0&ei=GHwCaIi1Nsy3xc8P9JC0kQ0&fo_s=OA,SOE&opi=79508299&ebb=1&cs=0&foub=mcpp",,,"https://www.google.com/maps/place/Mr.+Wish+Grant+Ave/@40.0875449,-75.0396399,14z/data=!4m8!1m2!2m1!1sMr.+Wish+Grant+Ave!3m4!1s0x89c6b32665db2e7b:0x6cdf8444989fad42!8m2!3d40.0875449!4d-75.0396399","https://www.google.com/maps/place/Mr.+Wish+Grant+Ave/@40.0875449,-75.0396399,13.99z/data=!4m16!1m7!3m6!1s0x89c6b32665db2e7b:0x6cdf8444989fad42!2sMr.+Wish+Grant+Ave!8m2!3d40.0875449!4d-75.0396399!16s%2Fg%2F11ckvg1dmb!3m7!1s0x89c6b32665db2e7b:0x6cdf8444989fad42!8m2!3d40.0875449!4d-75.0396399!9m1!1b1!16s%2Fg%2F11ckvg1dmb?entry=ttu",ChIJey7bZSazxokRQq2fmESE32w,0x89c6b32665db2e7b:0x6cdf8444989fad42,7845134506055937346,/g/11pvb05w_h,7845134506055937346,,info@mrwishusa.com,RECEIVING,SMTP validated,,,,,,mrwishtexas@gmail.com,RECEIVING,SMTP validated,,,,,,,,,,,,,,12819741848,16513339008,13024823125,https://www.facebook.com/mrwishhouston/,,,,,,,,,,,,,,,Mr. Wish | Fruit Tea | mrwishusa,Wix.com Website Builder,"Mr. Wish is the No. 1 Fruit Tea Frachise from Taiwan. It is Natural, Healthy, Fresh, and Authenthic. Make you Wish come true. mrwishusa","bubble tea, fruit tea, mrwish, mrwishusa, mrwishusa.com",False,False
"bubble tea store, 19137, Philadelphia, PA, US",Mochi Ring Donut and Bubble Tea,Mochi Ring Donut And Bubble Tea,https://www.mochi-ring-jenkintown.com/,"Bubble tea store, Donut shop, Cafe, Chicken shop, Chicken wings restaurant, Fried chicken takeaway, Hot dog restaurant, Restaurant",Donut shop,Bubble tea store,+1 215-690-4276,"501 Old York Rd # 3, Jenkintown, PA 19046",None,501 Old York Rd # 3,Jenkintown,19046,Pennsylvania,Pennsylvania,United States of America,US,40.099046799999996,-75.12658069999999,892a134a413ffff,America/New_York,,False,4.6,156,"https://search.google.com/local/reviews?placeid=ChIJb8sz8xexxokR9QKi9OSHoms&q=bubble+tea+store,+19137,+Philadelphia,+PA,+US&authuser=0&hl=en&gl=US",,,4.0,2.0,10.0,13.0,127.0,284,https://lh3.googleusercontent.com/p/AF1QipNM1YrdloaizEbVuqDiko8ZXr2AXxGDtgaH9YFw=w800-h500-k-no,https://lh3.googleusercontent.com/p/AF1QipNM1YrdloaizEbVuqDiko8ZXr2AXxGDtgaH9YFw=w1600-h1000-k-no,,"{""Monday"": ""11AM-5PM"", ""Tuesday"": ""11AM-5PM"", ""Wednesday"": ""11AM-5PM"", ""Thursday"": ""11AM-5PM"", ""Friday"": ""11AM-5PM"", ""Saturday"": ""11AM-5PM"", ""Sunday"": ""Closed""}",Monday:11AM-5PM|Tuesday:11AM-5PM|Wednesday:11AM-5PM|Thursday:11AM-5PM|Friday:11AM-5PM|Saturday:11AM-5PM|Sunday:Closed,,,OPERATIONAL,"{""Service options"": {""Delivery"": true, ""In-store pickup"": true, ""Onsite services"": true, ""Takeout"": true, ""Same-day delivery"": true}, ""Popular for"": {""Solo dining"": true}, ""Accessibility"": {""Wheelchair accessible entrance"": true, ""Wheelchair accessible parking lot"": true}, ""Offerings"": {""Coffee"": true}, ""Dining options"": {""Dessert"": true}, ""Amenities"": {""Restroom"": true}, ""Atmosphere"": {""Casual"": true}, ""Planning"": {""Quick visit"": true}, ""Payments"": {""Credit cards"": true, ""Debit cards"": true, ""NFC mobile payments"": true}, ""Parking"": {""Free street parking"": true}}",$,,https://lh3.googleusercontent.com/-rmgkC6pcHyA/AAAAAAAAAAI/AAAAAAAAAAA/TE-fvYU-H_g/s44-p-k-no-ns-nd/photo.jpg,,,True,103243192020171600031,Mochi Ring Donut and Bubble Tea,https://www.google.com/maps/contrib/103243192020171600031,,"https://www.google.com/viewer/chooseprovider?mid=/g/11q84w23sj&g2lbs=AAEPWCvYFsre5TTryZmPzlRKZ8YixjTYN0UA72_RmcWpNKkPEsXt-ANyvFIIAkVKvheAN42AF34VlblTcOGeFCQLsZfiy42A1g%3D%3D&hl=en-US&gl=us&fo_m=MfohQo559jFvMUOzJVpjPL1YMfZ3bInYwBDuMfaXTPp5KXh-&utm_source=tactile&gei=GnwCaLeoDPyF9u8PhrzymQI&ei=GnwCaLeoDPyF9u8PhrzymQI&fo_s=OA,SOE&opi=79508299&ebb=1&cs=0&foub=mcpp",,,"https://www.google.com/maps/place/Mochi+Ring+Donut+and+Bubble+Tea/@40.099046799999996,-75.12658069999999,14z/data=!4m8!1m2!2m1!1sMochi+Ring+Donut+and+Bubble+Tea!3m4!1s0x89c6b117f333cb6f:0x6ba287e4f4a202f5!8m2!3d40.099046799999996!4d-75.12658069999999","https://www.google.com/maps/place/Mochi+Ring+Donut+and+Bubble+Tea/@40.099046799999996,-75.12658069999999,13.99z/data=!4m16!1m7!3m6!1s0x89c6b117f333cb6f:0x6ba287e4f4a202f5!2sMochi+Ring+Donut+and+Bubble+Tea!8m2!3d40.099046799999996!4d-75.12658069999999!16s%2Fg%2F11ckvg1dmb!3m7!1s0x89c6b117f333cb6f:0x6ba287e4f4a202f5!8m2!3d40.099046799999996!4d-75.12658069999999!9m1!1b1!16s%2Fg%2F11ckvg1dmb?entry=ttu",ChIJb8sz8xexxokR9QKi9OSHoms,0x89c6b117f333cb6f:0x6ba287e4f4a202f5,7755910925711966965,/g/11q84w23sj,7755910925711966965,,,,,,,,,,,,,,,,,,,,,,,,,,,,,,,,,,,,,,,,,,,,"Mochi Ring | Mochi Donuts in Jenkintown | 501 Old York Rd, Jenkintown, PA 19046, USA",Wix.com Website Builder,"Mochi Ring - the best mochi donuts in Jenkintown! Visit us for donuts, bubble tea, Korean corn dogs & more!",,False,False
"bubble tea store, 19137, Philadelphia, PA, US",Boba Tea House,Boba Tea House,https://www.bobateahousenj.com/,"Bubble tea store, Ramen restaurant",Bubble tea store,Bubble tea store,+1 856-885-2988,"7811 Maple Ave, Pennsauken Township, NJ 08109",None,7811 Maple Ave,Pennsauken Township,08109,New Jersey,New Jersey,United States of America,US,39.953182,-75.0261352,892a134e0bbffff,America/New_York,,False,4.2,163,"https://search.google.com/local/reviews?placeid=ChIJEc6VbQbLxokRW0MWxapp3LI&q=bubble+tea+store,+19137,+Philadelphia,+PA,+US&authuser=0&hl=en&gl=US",,,22.0,3.0,7.0,20.0,111.0,265,https://lh3.googleusercontent.com/p/AF1QipNWluyRg_uu-HNqscG7OPSRvCEjEyPiAL7w0gCk=w800-h500-k-no,https://lh3.googleusercontent.com/p/AF1QipNWluyRg_uu-HNqscG7OPSRvCEjEyPiAL7w0gCk=w1600-h1000-k-no,,"{""Monday"": ""11AM-9PM"", ""Tuesday"": ""11AM-9PM"", ""Wednesday"": ""11AM-9PM"", ""Thursday"": ""11AM-9PM"", ""Friday"": ""11AM-10PM"", ""Saturday"": ""11AM-10PM"", ""Sunday"": ""11AM-10PM""}",Monday:11AM-9PM|Tuesday:11AM-9PM|Wednesday:11AM-9PM|Thursday:11AM-9PM|Friday:11AM-10PM|Saturday:11AM-10PM|Sunday:11AM-10PM,,,OPERATIONAL,"{""Service options"": {""Delivery"": true, ""Onsite services"": true, ""Takeout"": true, ""Dine-in"": true}, ""Highlights"": {""Great tea selection"": true}, ""Accessibility"": {""Wheelchair accessible entrance"": true, ""Wheelchair accessible parking lot"": true, ""Wheelchair accessible restroom"": true}, ""Parking"": {""Free parking lot"": true, ""Free street parking"": true}}",$,,https://lh4.googleusercontent.com/-_yyvtqf_eCc/AAAAAAAAAAI/AAAAAAAAAAA/HFEH2C_SShQ/s44-p-k-no-ns-nd/photo.jpg,,,True,108161227078250364339,Boba Tea House,https://www.google.com/maps/contrib/108161227078250364339,,"https://www.google.com/viewer/chooseprovider?mid=/g/11t28ff0xw&g2lbs=AAEPWCsPuD98bzO0C2WRS1VqhHEoNnEXaF5xs6Llt5SRjG0s2LmUwE6zQFRULvzBU_DrYEuHzJ1X1AGd7tOpwcOMFaiqkdfbnA%3D%3D&hl=en-US&gl=us&fo_m=MfohQo559jFvMUOzJVpjPL1YMfZ3bInYwBDuMfaXTPp5KXh-&utm_source=tactile&gei=GnwCaLeoDPyF9u8PhrzymQI&ei=GnwCaLeoDPyF9u8PhrzymQI&fo_s=OA,SOE&opi=79508299&ebb=1&cs=0&foub=mcpp",,,"https://www.google.com/maps/place/Boba+Tea+House/@39.953182,-75.0261352,14z/data=!4m8!1m2!2m1!1sBoba+Tea+House!3m4!1s0x89c6cb066d95ce11:0xb2dc69aac516435b!8m2!3d39.953182!4d-75.0261352","https://www.google.com/maps/place/Boba+Tea+House/@39.953182,-75.0261352,13.99z/data=!4m16!1m7!3m6!1s0x89c6cb066d95ce11:0xb2dc69aac516435b!2sBoba+Tea+House!8m2!3d39.953182!4d-75.0261352!16s%2Fg%2F11ckvg1dmb!3m7!1s0x89c6cb066d95ce11:0xb2dc69aac516435b!8m2!3d39.953182!4d-75.0261352!9m1!1b1!16s%2Fg%2F11ckvg1dmb?entry=ttu",ChIJEc6VbQbLxokRW0MWxapp3LI,0x89c6cb066d95ce11:0xb2dc69aac516435b,12888292415799444315,/g/11t28ff0xw,-5558451657910107301,,,,,,,,,,,,,,,,,,,,,,,,,,18568852988,,,https://www.facebook.com/104045402380162,,,,,,,,,,,,,,,Boba Tea House - Soft Drinks Shop | Online Order | Pennsauken Township | NJ,Divi v.4.19.2,"Welcome to Our Restaurant, We serve Classic Tea, Milk Tea, Fruit Tea, Slushies, Latte, Yogurt, Expresso, Topping, Appetizer, Rice Ball, Popcorn Chicken, Desserts and so on, Online Order, Near me",,False,False
"bubble tea store, 19137, Philadelphia, PA, US",Cafe Clover Philly,Cafe Clover Philly,http://www.cafecloverphilly.com/,"Coffee shop, Cafe, Dessert shop",coffee shops,Coffee shop,+1 215-635-3071,"1333 W Cheltenham Ave # 103, Elkins Park, PA 19027",None,1333 W Cheltenham Ave # 103,Elkins Park,19027,Pennsylvania,Pennsylvania,United States of America,US,40.0630782,-75.1376592,892a134a143ffff,America/New_York,,False,4.2,355,"https://search.google.com/local/reviews?placeid=ChIJq6oaO0S3xokRUBdTUN8rRK4&q=bubble+tea+store,+19137,+Philadelphia,+PA,+US&authuser=0&hl=en&gl=US",,,30.0,12.0,25.0,65.0,223.0,297,https://lh3.googleusercontent.com/p/AF1QipOZzhpBFhcg5CNj8MYQj7rSqklAcKsOQ62rhDEx=w800-h500-k-no,https://lh3.googleusercontent.com/p/AF1QipOZzhpBFhcg5CNj8MYQj7rSqklAcKsOQ62rhDEx=w1600-h1000-k-no,,"{""Monday"": ""Closed"", ""Tuesday"": ""10AM-8PM"", ""Wednesday"": ""10AM-8PM"", ""Thursday"": ""10AM-8PM"", ""Friday"": ""10AM-9PM"", ""Saturday"": ""10AM-9PM"", ""Sunday"": ""9AM-8PM""}",Monday:Closed|Tuesday:10AM-8PM|Wednesday:10AM-8PM|Thursday:10AM-8PM|Friday:10AM-9PM|Saturday:10AM-9PM|Sunday:9AM-8PM,,,OPERATIONAL,"{""From the business"": {""Identifies as Asian-owned"": true, ""Identifies as women-owned"": true, ""Small business"": true}, ""Service options"": {""Takeout"": true, ""Dine-in"": true, ""Delivery"": false}, ""Accessibility"": {""Wheelchair accessible entrance"": true}, ""Offerings"": {""Coffee"": true, ""Comfort food"": true, ""Happy hour food"": true, ""Small plates"": true, ""Vegetarian options"": true}, ""Dining options"": {""Breakfast"": true, ""Lunch"": true, ""Dessert"": true, ""Seating"": true}, ""Amenities"": {""Restroom"": true, ""Wi-Fi"": true}, ""Crowd"": {""Family-friendly"": true}, ""Payments"": {""Credit cards"": true, ""Debit cards"": true, ""NFC mobile payments"": true}, ""Children"": {""Good for kids"": true, ""High chairs"": true}, ""Parking"": {""Free parking lot"": true, ""Parking"": true}, ""Other"": {""Identifies as women-owned"": true, ""Identifies as Asian-owned"": true}}",,,https://lh5.googleusercontent.com/-1QRSq97jSog/AAAAAAAAAAI/AAAAAAAAAAA/koWPGUeW46A/s44-p-k-no-ns-nd/photo.jpg,Coffeehouse chain with a relaxed European vibe & a menu of sweet treats & sandwiches.,,True,117300533687773398963,Cafe Clover Philly,https://www.google.com/maps/contrib/117300533687773398963,,,,,"https://www.google.com/maps/place/Cafe+Clover+Philly/@40.0630782,-75.1376592,14z/data=!4m8!1m2!2m1!1sCafe+Clover+Philly!3m4!1s0x89c6b7443b1aaaab:0xae442bdf50531750!8m2!3d40.0630782!4d-75.1376592","https://www.google.com/maps/place/Cafe+Clover+Philly/@40.0630782,-75.1376592,13.99z/data=!4m16!1m7!3m6!1s0x89c6b7443b1aaaab:0xae442bdf50531750!2sCafe+Clover+Philly!8m2!3d40.0630782!4d-75.1376592!16s%2Fg%2F11ckvg1dmb!3m7!1s0x89c6b7443b1aaaab:0xae442bdf50531750!8m2!3d40.0630782!4d-75.1376592!9m1!1b1!16s%2Fg%2F11ckvg1dmb?entry=ttu",ChIJq6oaO0S3xokRUBdTUN8rRK4,0x89c6b7443b1aaaab:0xae442bdf50531750,12557209899141109584,/g/11hcv575d5,-5889534174568442032,,cafecloverphilly@gmail.com,RECEIVING,SMTP validated,,,,,,,,,,,,,,,,,,,,,,,,,,,,,,,,,,,,,,,,Cafe | Cafe Clover Philly | United States,Wix.com Website Builder,"Cafe Clover Philly is passionate about serving our guests high quality coffee, desserts, and sandwiches with a focus on authentic Korean desserts.","Bingsoo, Bingsu, Cafe, Cafe Clover, Clover, Coffee, Dessert",False,False
"bubble tea store, 19137, Philadelphia, PA, US",V&M crepe & bubble tea,V And M Crepe And Bubble Tea,http://www.crepe-bubble.com/,Restaurant,restaurants,Restaurant,+1 267-534-5871,"418 South St, Philadelphia, PA 19147",Southwark,418 South St,Philadelphia,19147,Pennsylvania,Pennsylvania,United States of America,US,39.9415688,-75.1499877,892a134d423ffff,America/New_York,,False,5.0,22,"https://search.google.com/local/reviews?placeid=ChIJd-OLsVPJxokRt4JgC94-_f0&q=bubble+tea+store,+19137,+Philadelphia,+PA,+US&authuser=0&hl=en&gl=US",,,0.0,0.0,0.0,1.0,21.0,118,https://lh3.googleusercontent.com/p/AF1QipMhCBRa3p6Dglu9QLmGaNJMUGUSQlGb3aO7WKFc=w800-h500-k-no,https://lh3.googleusercontent.com/p/AF1QipMhCBRa3p6Dglu9QLmGaNJMUGUSQlGb3aO7WKFc=w1600-h1000-k-no,,"{""Monday"": ""12-8PM"", ""Tuesday"": ""12-8PM"", ""Wednesday"": ""12-8PM"", ""Thursday"": ""12-8PM"", ""Friday"": ""12-8PM"", ""Saturday"": ""12-8PM"", ""Sunday"": ""12-8PM""}",Monday:12-8PM|Tuesday:12-8PM|Wednesday:12-8PM|Thursday:12-8PM|Friday:12-8PM|Saturday:12-8PM|Sunday:12-8PM,,,OPERATIONAL,"{""From the business"": {""Identifies as Asian-owned"": true}, ""Service options"": {""No-contact delivery"": true, ""Delivery"": true, ""Onsite services"": true, ""Takeout"": true, ""Dine-in"": true}, ""Highlights"": {""Great dessert"": true, ""Great tea selection"": true}, ""Popular for"": {""Solo dining"": true}, ""Accessibility"": {""Wheelchair accessible entrance"": true, ""Wheelchair accessible restroom"": true, ""Assistive hearing loop"": false, ""Wheelchair accessible parking lot"": false, ""Wheelchair accessible seating"": false}, ""Offerings"": {""Coffee"": true, ""Comfort food"": true, ""Late-night food"": true, ""Quick bite"": true, ""Vegan options"": true, ""Vegetarian options"": true}, ""Dining options"": {""Counter service"": true, ""Dessert"": true, ""Seating"": true}, ""Amenities"": {""Restroom"": true, ""Wi-Fi"": true}, ""Atmosphere"": {""Casual"": true, ""Trendy"": true}, ""Crowd"": {""Family-friendly"": true}, ""Planning"": {""Accepts reservations"": false}, ""Payments"": {""Credit cards"": true, ""Debit cards"": true}, ""Children"": {""Good for kids"": true}, ""Parking"": {""On-site parking"": true, ""Paid parking garage"": true, ""Paid parking lot"": true, ""Paid street parking"": true}, ""Pets"": {""Dogs allowed outside"": true}, ""Other"": {""Identifies as Asian-owned"": true}}",,,https://lh6.googleusercontent.com/-Nn5dYwo-fdM/AAAAAAAAAAI/AAAAAAAAAAA/-xHfr63XXuA/s44-p-k-no-ns-nd/photo.jpg,,,True,109832779908709948782,V&M crepe & bubble tea,https://www.google.com/maps/contrib/109832779908709948782,,"https://www.google.com/viewer/chooseprovider?mid=/g/11y83gsqc_&g2lbs=AAEPWCuq8XQs6fk_9em8vpH-Pxq2HNLnttVFeNyq8uGNTdCKSzACOVDK9QdwR3fHK8P95dDsNVMJ1nlcbjJ-GY-JazzXfx9gOA%3D%3D&hl=en-US&gl=us&fo_m=MfohQo559jFvMUOzJVpjPL1YMfZ3bInYwBDuMfaXTPp5KXh-&utm_source=tactile&gei=GnwCaLeoDPyF9u8PhrzymQI&ei=GnwCaLeoDPyF9u8PhrzymQI&fo_s=OA,SOE&opi=79508299&ebb=1&cs=0&foub=mcpp",,,"https://www.google.com/maps/place/V%26M+crepe+%26+bubble+tea/@39.9415688,-75.1499877,14z/data=!4m8!1m2!2m1!1sV%26M+crepe+%26+bubble+tea!3m4!1s0x89c6c953b18be377:0xfdfd3ede0b6082b7!8m2!3d39.9415688!4d-75.1499877","https://www.google.com/maps/place/V%26M+crepe+%26+bubble+tea/@39.9415688,-75.1499877,13.99z/data=!4m16!1m7!3m6!1s0x89c6c953b18be377:0xfdfd3ede0b6082b7!2sV%26M+crepe+%26+bubble+tea!8m2!3d39.9415688!4d-75.1499877!16s%2Fg%2F11ckvg1dmb!3m7!1s0x89c6c953b18be377:0xfdfd3ede0b6082b7!8m2!3d39.9415688!4d-75.1499877!9m1!1b1!16s%2Fg%2F11ckvg1dmb?entry=ttu",ChIJd-OLsVPJxokRt4JgC94-_f0,0x89c6c953b18be377:0xfdfd3ede0b6082b7,18301853584098099895,/g/11y83gsqc_,-144890489611451721,,,,,,,,,,,,,,,,,,,,,,,,,,12675345871,,,,,,,,,,,,,,,,,,V & M | Order Online | Crepe & Bubble Tea | Philadelphia,,"V & M,418 South St, Philadelphia, PA 19147, Take Out, Dine In,crepe-bubble.com.","V & M,Order Online,Crepe & Bubble Tea，Philadelphia Restaurant,Restaurant,
	Milk Tea,
Fruit Tea,
Slush,
Fresh Brewed Tea,
Sweet Crepe,
Savory Crepe,
	Take Out, Dine In,crepe-bubble.com.",False,False
"bubble tea store, 17959, New Philadelphia, PA, US",Riverco Tea Bar,Riverco Tea Bar,http://instagram.com/rivercoteabar,Bubble tea store,Bubble tea store,Bubble tea store,,"105 Broadway, Jim Thorpe, PA 18229",None,105 Broadway,Jim Thorpe,18229,Pennsylvania,Pennsylvania,United States of America,US,40.863898999999996,-75.74151739999999,892a1240d73ffff,America/New_York,,False,4.7,47,"https://search.google.com/local/reviews?placeid=ChIJ30UC_uuzxYkRSrYWweQaPDk&q=bubble+tea+store,+17959,+New+Philadelphia,+PA,+US&authuser=0&hl=en&gl=US",,,1.0,2.0,2.0,2.0,40.0,88,https://lh3.googleusercontent.com/gps-cs-s/AB5caB_XyUSr0Vn4Mg7LDdtchvjGRnXCVQd3c4eqslOzebZYf1Tt6AToRQ-ibbJMCicYCYIk64wn9P8tb3Rb8vKPHC9nMwXueTdRZyg1P-FNWzbpk529iHhbOAVsz610uNSIr3qhhNel=w800-h500-k-no,https://lh3.googleusercontent.com/gps-cs-s/AB5caB_XyUSr0Vn4Mg7LDdtchvjGRnXCVQd3c4eqslOzebZYf1Tt6AToRQ-ibbJMCicYCYIk64wn9P8tb3Rb8vKPHC9nMwXueTdRZyg1P-FNWzbpk529iHhbOAVsz610uNSIr3qhhNel=w1600-h1000-k-no,,"{""Monday"": ""11AM-3PM"", ""Tuesday"": ""Closed"", ""Wednesday"": ""Closed"", ""Thursday"": ""Closed"", ""Friday"": ""11AM-3PM"", ""Saturday"": ""11AM-4PM"", ""Sunday"": ""11AM-4PM""}",Monday:11AM-3PM|Tuesday:Closed|Wednesday:Closed|Thursday:Closed|Friday:11AM-3PM|Saturday:11AM-4PM|Sunday:11AM-4PM,,,OPERATIONAL,"{""Service options"": {""Takeout"": true, ""Dine-in"": true, ""Delivery"": false}, ""Highlights"": {""Great tea selection"": true}}",,,https://lh5.googleusercontent.com/-UBpPpjJj1FM/AAAAAAAAAAI/AAAAAAAAAAA/n6yV4dD5A8Y/s44-p-k-no-ns-nd/photo.jpg,,,True,111267165388497176695,Riverco Tea Bar,https://www.google.com/maps/contrib/111267165388497176695,,,,,"https://www.google.com/maps/place/Riverco+Tea+Bar/@40.863898999999996,-75.74151739999999,14z/data=!4m8!1m2!2m1!1sRiverco+Tea+Bar!3m4!1s0x89c5b3ebfe0245df:0x393c1ae4c116b64a!8m2!3d40.863898999999996!4d-75.74151739999999","https://www.google.com/maps/place/Riverco+Tea+Bar/@40.863898999999996,-75.74151739999999,13.99z/data=!4m16!1m7!3m6!1s0x89c5b3ebfe0245df:0x393c1ae4c116b64a!2sRiverco+Tea+Bar!8m2!3d40.863898999999996!4d-75.74151739999999!16s%2Fg%2F11ckvg1dmb!3m7!1s0x89c5b3ebfe0245df:0x393c1ae4c116b64a!8m2!3d40.863898999999996!4d-75.74151739999999!9m1!1b1!16s%2Fg%2F11ckvg1dmb?entry=ttu",ChIJ30UC_uuzxYkRSrYWweQaPDk,0x89c5b3ebfe0245df:0x393c1ae4c116b64a,4124200928558888522,/g/11txzgzy9p,4124200928558888522,,,,,,,,,,,,,,,,,,,,,,,,,,,,,,,,,,,,,,,,,,,,,,,,,
"bubble tea store, 17959, New Philadelphia, PA, US",Lovey Poke & Tea House,Lovey Poke And Tea House,http://loveypoketeahouse.com/,"Bubble tea store, Poke bar",Poke bar,Bubble tea store,+1 215-398-3388,"31 S State St, Newtown, PA 18940",None,31 S State St,Newtown,18940,Pennsylvania,Pennsylvania,United States of America,US,40.2283273,-74.936644,892a13532afffff,America/New_York,,False,4.8,49,"https://search.google.com/local/reviews?placeid=ChIJUW2LF1BVwYkRTnAk3_UqoF8&q=bubble+tea+store,+17959,+New+Philadelphia,+PA,+US&authuser=0&hl=en&gl=US",,,1.0,1.0,0.0,2.0,45.0,73,https://lh3.googleusercontent.com/p/AF1QipNqB-on3Q-zFgRhcNxkUcgSK9B-yT-rg0Yu3y1h=w800-h500-k-no,https://lh3.googleusercontent.com/p/AF1QipNqB-on3Q-zFgRhcNxkUcgSK9B-yT-rg0Yu3y1h=w1600-h1000-k-no,,"{""Monday"": ""Closed"", ""Tuesday"": ""11AM-8:30PM"", ""Wednesday"": ""11AM-8:30PM"", ""Thursday"": ""11AM-8:30PM"", ""Friday"": ""11AM-9PM"", ""Saturday"": ""11AM-9PM"", ""Sunday"": ""11AM-8:30PM""}",Monday:Closed|Tuesday:11AM-8:30PM|Wednesday:11AM-8:30PM|Thursday:11AM-8:30PM|Friday:11AM-9PM|Saturday:11AM-9PM|Sunday:11AM-8:30PM,,,OPERATIONAL,"{""Service options"": {""Delivery"": true, ""Takeout"": true, ""Dine-in"": true}, ""Highlights"": {""Fast service"": true, ""Great tea selection"": true}, ""Popular for"": {""Lunch"": true, ""Dinner"": true, ""Solo dining"": true}, ""Accessibility"": {""Wheelchair accessible entrance"": true, ""Wheelchair accessible parking lot"": true}, ""Offerings"": {""Food"": true, ""Healthy options"": true, ""Quick bite"": true}, ""Dining options"": {""Lunch"": true, ""Dinner"": true, ""Dessert"": true}, ""Atmosphere"": {""Casual"": true, ""Cozy"": true, ""Trendy"": true}, ""Crowd"": {""College students"": true}, ""Payments"": {""Credit cards"": true, ""Debit cards"": true, ""NFC mobile payments"": true}, ""Children"": {""Good for kids"": true}, ""Parking"": {""Free parking lot"": true, ""Free street parking"": true}}",,,https://lh6.googleusercontent.com/-QkbiCf8mnxI/AAAAAAAAAAI/AAAAAAAAAAA/5aRZZWFaLIg/s44-p-k-no-ns-nd/photo.jpg,,,True,115037012746987866407,Lovey Poke & Tea House,https://www.google.com/maps/contrib/115037012746987866407,,"https://www.google.com/viewer/chooseprovider?mid=/g/11l1ncvz2t&g2lbs=AAEPWCufnKJg2tFjYQkoQW8xyOsOQFKSC_2lD4psIFpNKrZRCzE2xtJ1iLY7DgGcLVVVcx4XmFxT5cUMBkFdJwFF6okWT9kbJw%3D%3D&hl=en-US&gl=us&fo_m=MfohQo559jFvMUOzJVpjPL1YMfZ3bInYwBDuMfaXTPp5KXh-&utm_source=tactile&gei=G3wCaILpHNyP7NYP64HO8QM&ei=G3wCaILpHNyP7NYP64HO8QM&fo_s=OA,SOE&opi=79508299&ebb=1&cs=0&foub=mcpp",,,"https://www.google.com/maps/place/Lovey+Poke+%26+Tea+House/@40.2283273,-74.936644,14z/data=!4m8!1m2!2m1!1sLovey+Poke+%26+Tea+House!3m4!1s0x89c15550178b6d51:0x5fa02af5df24704e!8m2!3d40.2283273!4d-74.936644","https://www.google.com/maps/place/Lovey+Poke+%26+Tea+House/@40.2283273,-74.936644,13.99z/data=!4m16!1m7!3m6!1s0x89c15550178b6d51:0x5fa02af5df24704e!2sLovey+Poke+%26+Tea+House!8m2!3d40.2283273!4d-74.936644!16s%2Fg%2F11ckvg1dmb!3m7!1s0x89c15550178b6d51:0x5fa02af5df24704e!8m2!3d40.2283273!4d-74.936644!9m1!1b1!16s%2Fg%2F11ckvg1dmb?entry=ttu",ChIJUW2LF1BVwYkRTnAk3_UqoF8,0x89c15550178b6d51:0x5fa02af5df24704e,6890554665375920206,/g/11l1ncvz2t,6890554665375920206,,,,,,,,,,,,,,,,,,,,,,,,,,12153983388,,,,,,,,,,,,,,,,,,Lovey Poke & Tea House | Order Online | Bubble Tea | Fried Rice & Poke Bowl & Milk Tea | Newtown,,"Lovey Poke & Tea House,Bubble Tea,31 South State St, Newtown, PA 18940, Take Out, Dine In,loveypoketeahouse.com.","Lovey Poke & Tea House,Order Online,Fried Rice & Poke Bowl & Milk Tea，Newtown Restaurant,Restaurant,
	Bubble Tea,Appetizers,
Fried Rice,
Poke Bowl,
Signature Lovey Poke,
Dessert,
Milk Tea,
Slush,
Refreshing Tea,
Yogurt Juice,
Smoothie,
Hot & Cold Brew Tea,
Lovey House Specialties,
	Take Out, Dine In,loveypoketeahouse.com.",False,False
"bubble tea store, 17959, New Philadelphia, PA, US",CHAAVA,Chaava,http://chaava.us/,Cafe,cafes,Cafe,+1 609-422-2622,"4310 Dearborn Cir, Mt Laurel Township, NJ 08054",None,4310 Dearborn Cir,Mt Laurel Township,08054,New Jersey,New Jersey,United States of America,US,39.9698159,-74.9032295,892a134702bffff,America/New_York,,False,4.8,45,"https://search.google.com/local/reviews?placeid=ChIJ-SQpv7dLwYkR6ONEj16Umo4&q=bubble+tea+store,+17959,+New+Philadelphia,+PA,+US&authuser=0&hl=en&gl=US",,,1.0,0.0,2.0,1.0,41.0,87,https://lh3.googleusercontent.com/gps-cs-s/AB5caB-JWOgtHPdRjM06Z7xqv28hZVqdq0YiJsk12NxybH53z3X4_c1BvznQE_7ZkInI8LXu6VNFFYpZPkcNGGbewA029A4E9791KAEFLPXvqTevBo7pxeoPrFv_huAY0zNFxJIpoMsT=w800-h500-k-no,https://lh3.googleusercontent.com/gps-cs-s/AB5caB-JWOgtHPdRjM06Z7xqv28hZVqdq0YiJsk12NxybH53z3X4_c1BvznQE_7ZkInI8LXu6VNFFYpZPkcNGGbewA029A4E9791KAEFLPXvqTevBo7pxeoPrFv_huAY0zNFxJIpoMsT=w1600-h1000-k-no,,"{""Monday"": ""10AM-9PM"", ""Tuesday"": ""10AM-9PM"", ""Wednesday"": ""10AM-9PM"", ""Thursday"": ""10AM-9PM"", ""Friday"": ""10AM-9PM"", ""Saturday"": ""10AM-9PM"", ""Sunday"": ""Closed""}",Monday:10AM-9PM|Tuesday:10AM-9PM|Wednesday:10AM-9PM|Thursday:10AM-9PM|Friday:10AM-9PM|Saturday:10AM-9PM|Sunday:Closed,,,OPERATIONAL,"{""From the business"": {""Identifies as women-owned"": true}, ""Service options"": {""Takeout"": true, ""Dine-in"": true, ""Delivery"": false}, ""Highlights"": {""Great dessert"": true, ""Great tea selection"": true}, ""Popular for"": {""Solo dining"": true}, ""Accessibility"": {""Wheelchair accessible entrance"": true, ""Wheelchair accessible parking lot"": true, ""Wheelchair accessible restroom"": true, ""Wheelchair accessible seating"": true}, ""Offerings"": {""Coffee"": true, ""Comfort food"": true, ""Quick bite"": true, ""Vegetarian options"": true}, ""Dining options"": {""Catering"": true, ""Dessert"": true, ""Seating"": true}, ""Amenities"": {""Restroom"": true}, ""Atmosphere"": {""Casual"": true, ""Cozy"": true, ""Quiet"": true, ""Trendy"": true}, ""Crowd"": {""College students"": true, ""Family-friendly"": true}, ""Planning"": {""Accepts reservations"": false}, ""Payments"": {""Credit cards"": true, ""Debit cards"": true, ""NFC mobile payments"": true}, ""Children"": {""Good for kids"": true, ""Kids' menu"": true}, ""Parking"": {""Free parking lot"": true, ""Free street parking"": true, ""On-site parking"": true, ""Parking"": true}, ""Other"": {""Identifies as women-owned"": true}}",,,https://lh6.googleusercontent.com/-v6z-gVpIPaU/AAAAAAAAAAI/AAAAAAAAAAA/u72L1AYff9A/s44-p-k-no-ns-nd/photo.jpg,,,True,117719576175520146682,CHAAVA,https://www.google.com/maps/contrib/117719576175520146682,,"https://www.google.com/viewer/chooseprovider?mid=/g/11lnzllty_&g2lbs=AAEPWCsEuQrIiyAlENV3J2fQCZbsIPw1uoQPandadbPHA87u6683kkDjc_m7wXlVnz5o5ty4EiIRMGt23ilHM2HPi6nN0BbUiQ%3D%3D&hl=en-US&gl=us&fo_m=MfohQo559jFvMUOzJVpjPL1YMfZ3bInYwBDuMfaXTPp5KXh-&utm_source=tactile&gei=G3wCaILpHNyP7NYP64HO8QM&ei=G3wCaILpHNyP7NYP64HO8QM&fo_s=OA,SOE&opi=79508299&orderType=2&ebb=1&cs=0&foub=mcpp",,,"https://www.google.com/maps/place/CHAAVA/@39.9698159,-74.9032295,14z/data=!4m8!1m2!2m1!1sCHAAVA!3m4!1s0x89c14bb7bf2924f9:0x8e9a945e8f44e3e8!8m2!3d39.9698159!4d-74.9032295","https://www.google.com/maps/place/CHAAVA/@39.9698159,-74.9032295,13.99z/data=!4m16!1m7!3m6!1s0x89c14bb7bf2924f9:0x8e9a945e8f44e3e8!2sCHAAVA!8m2!3d39.9698159!4d-74.9032295!16s%2Fg%2F11ckvg1dmb!3m7!1s0x89c14bb7bf2924f9:0x8e9a945e8f44e3e8!8m2!3d39.9698159!4d-74.9032295!9m1!1b1!16s%2Fg%2F11ckvg1dmb?entry=ttu",ChIJ-SQpv7dLwYkR6ONEj16Umo4,0x89c14bb7bf2924f9:0x8e9a945e8f44e3e8,10275688633650701288,/g/11lnzllty_,-8171055440058850328,,chaava.us@gmail.com,RECEIVING,SMTP validated,,,,,,,,,,,,,,,,,,,,,,167712444227,8564222622,,,,,,,,,,,,,,,,,Chaava – Boba Tea – Smoothies – Desserts,WordPress 6.6.2,,,False,False
"bubble tea store, 17959, New Philadelphia, PA, US",T-BUBBLES (Green),T Bubbles Green,https://www.t-bubbles.com/,Bubble tea store,Bubble tea store,Bubble tea store,+1 330-563-4040,"3700 Massillon Rd #90, Uniontown, OH 44685",None,3700 Massillon Rd #90,Uniontown,44685,Ohio,Ohio,United States of America,US,40.9603667,-81.46671309999999,892a86d946fffff,America/New_York,,False,4.7,21,"https://search.google.com/local/reviews?placeid=ChIJj5deli_VNogRW_45mp5-lcQ&q=bubble+tea+store,+17959,+New+Philadelphia,+PA,+US&authuser=0&hl=en&gl=US",,,1.0,0.0,0.0,2.0,18.0,11,https://lh3.googleusercontent.com/p/AF1QipM-Sr2b6pIaSAnsw3I_bUm914tnuXPm1_n0Bo98=w800-h500-k-no,https://lh3.googleusercontent.com/p/AF1QipM-Sr2b6pIaSAnsw3I_bUm914tnuXPm1_n0Bo98=w1600-h1000-k-no,,"{""Monday"": ""11AM-8:30PM"", ""Tuesday"": ""11AM-8:30PM"", ""Wednesday"": ""11AM-8:30PM"", ""Thursday"": ""11AM-8:30PM"", ""Friday"": ""11AM-9PM"", ""Saturday"": ""11AM-9PM"", ""Sunday"": ""12-7PM""}",Monday:11AM-8:30PM|Tuesday:11AM-8:30PM|Wednesday:11AM-8:30PM|Thursday:11AM-8:30PM|Friday:11AM-9PM|Saturday:11AM-9PM|Sunday:12-7PM,,,OPERATIONAL,"{""From the business"": {""Identifies as Asian-owned"": true}, ""Service options"": {""No-contact delivery"": true, ""Delivery"": true, ""Onsite services"": true, ""Takeout"": true, ""Dine-in"": true}, ""Highlights"": {""Great tea selection"": true}, ""Accessibility"": {""Wheelchair accessible entrance"": true, ""Wheelchair accessible parking lot"": true, ""Wheelchair accessible restroom"": true, ""Wheelchair accessible seating"": true}, ""Amenities"": {""Gender-neutral restroom"": true}, ""Parking"": {""Free parking lot"": true}, ""Other"": {""Identifies as Asian-owned"": true}}",$,,,,,False,None,T-BUBBLES,,,,,,"https://www.google.com/maps/place/T-BUBBLES+%28Green%29/@40.9603667,-81.46671309999999,14z/data=!4m8!1m2!2m1!1sT-BUBBLES+%28Green%29!3m4!1s0x8836d52f965e978f:0xc4957e9e9a39fe5b!8m2!3d40.9603667!4d-81.46671309999999","https://www.google.com/maps/place/T-BUBBLES+%28Green%29/@40.9603667,-81.46671309999999,13.99z/data=!4m16!1m7!3m6!1s0x8836d52f965e978f:0xc4957e9e9a39fe5b!2sT-BUBBLES+%28Green%29!8m2!3d40.9603667!4d-81.46671309999999!16s%2Fg%2F11ckvg1dmb!3m7!1s0x8836d52f965e978f:0xc4957e9e9a39fe5b!8m2!3d40.9603667!4d-81.46671309999999!9m1!1b1!16s%2Fg%2F11ckvg1dmb?entry=ttu",ChIJj5deli_VNogRW_45mp5-lcQ,0x8836d52f965e978f:0xc4957e9e9a39fe5b,14165367422621187675,/g/11fn9616pp,-4281376651088363941,,,,,,,,,,,,,,,,,,,,,,,,,,3305634040,2342089355,,,,,,,,,,,,,,,,,Home - T-BUBBLES,,Online ordering menu for T-BUBBLES.,,False,True
"bubble tea store, 17959, New Philadelphia, PA, US",Kung Fu Tea,Kung Fu Tea,http://www.kungfutea.com/,Bubble tea store,Bubble tea store,Bubble tea store,+1 215-348-8000,"6 W State St, Doylestown, PA 18901",None,6 W State St,Doylestown,18901,Pennsylvania,Pennsylvania,United States of America,US,40.3098094,-75.1307274,892a122ecd3ffff,America/New_York,,False,4.4,100,"https://search.google.com/local/reviews?placeid=ChIJC37gyFKpxokRwCQuqQdEJ5o&q=bubble+tea+store,+17959,+New+Philadelphia,+PA,+US&authuser=0&hl=en&gl=US",,,11.0,2.0,2.0,10.0,75.0,326,https://lh3.googleusercontent.com/gps-cs-s/AB5caB8RTa8YXbmXNumsa5MqtO1-u65XJyDBsaBd33Po7gf6cmiDsVY9kE1huYObDhB-fux6cwPwD3oBcUtxtOMZQWpyO8kbajaO7OZgG6pi4FFt8mhIVNRGl1hLbniSrft_uFKuhpTnAA=w800-h500-k-no,https://lh3.googleusercontent.com/gps-cs-s/AB5caB8RTa8YXbmXNumsa5MqtO1-u65XJyDBsaBd33Po7gf6cmiDsVY9kE1huYObDhB-fux6cwPwD3oBcUtxtOMZQWpyO8kbajaO7OZgG6pi4FFt8mhIVNRGl1hLbniSrft_uFKuhpTnAA=w1600-h1000-k-no,,"{""Monday"": ""Closed"", ""Tuesday"": ""11AM-9PM"", ""Wednesday"": ""11AM-9PM"", ""Thursday"": ""11AM-9PM"", ""Friday"": ""11AM-9PM"", ""Saturday"": ""11AM-9PM"", ""Sunday"": ""11AM-9PM""}",Monday:Closed|Tuesday:11AM-9PM|Wednesday:11AM-9PM|Thursday:11AM-9PM|Friday:11AM-9PM|Saturday:11AM-9PM|Sunday:11AM-9PM,,,OPERATIONAL,"{""Service options"": {""Delivery"": true, ""Takeout"": true, ""Dine-in"": true}, ""Highlights"": {""Great tea selection"": true}, ""Accessibility"": {""Wheelchair accessible entrance"": true, ""Wheelchair accessible restroom"": true, ""Wheelchair accessible seating"": true}, ""Amenities"": {""Gender-neutral restroom"": true}}",$,,https://lh3.googleusercontent.com/-LyUPwrvN2rw/AAAAAAAAAAI/AAAAAAAAAAA/hCSSoCenJmc/s44-p-k-no-ns-nd/photo.jpg,"Bubble tea specialist with a selection of other hot & cold drinks, including coffee & slushes.",,True,101395126103218127210,Kung Fu Tea,https://www.google.com/maps/contrib/101395126103218127210,,"https://www.google.com/viewer/chooseprovider?mid=/g/11ft07scsf&g2lbs=AAEPWCuDPw5WQC9u79g6UWuOSL2PHayJAsWLvcvxsgocZNlfUnoyAMQZ2I5a60N9LZxm0Lfm95lUOrdfXehmltBxOrSBZ5r8nA%3D%3D&hl=en-US&gl=us&fo_m=MfohQo559jFvMUOzJVpjPL1YMfZ3bInYwBDuMfaXTPp5KXh-&utm_source=tactile&gei=G3wCaILpHNyP7NYP64HO8QM&ei=G3wCaILpHNyP7NYP64HO8QM&fo_s=OA,SOE&opi=79508299&ebb=1&cs=0&foub=mcpp",,,"https://www.google.com/maps/place/Kung+Fu+Tea/@40.3098094,-75.1307274,14z/data=!4m8!1m2!2m1!1sKung+Fu+Tea!3m4!1s0x89c6a952c8e07e0b:0x9a274407a92e24c0!8m2!3d40.3098094!4d-75.1307274","https://www.google.com/maps/place/Kung+Fu+Tea/@40.3098094,-75.1307274,13.99z/data=!4m16!1m7!3m6!1s0x89c6a952c8e07e0b:0x9a274407a92e24c0!2sKung+Fu+Tea!8m2!3d40.3098094!4d-75.1307274!16s%2Fg%2F11ckvg1dmb!3m7!1s0x89c6a952c8e07e0b:0x9a274407a92e24c0!8m2!3d40.3098094!4d-75.1307274!9m1!1b1!16s%2Fg%2F11ckvg1dmb?entry=ttu",ChIJC37gyFKpxokRwCQuqQdEJ5o,0x89c6a952c8e07e0b:0x9a274407a92e24c0,11107921805626451136,/g/11ft07scsf,-7338822268083100480,,support@armsglobalinc.com,RECEIVING,Role,,,,,,marketing@kfteausa.com,RECEIVING,SMTP validated,,,,,,delivery_help@grubhub.com,RECEIVING,SMTP validated,,,,,,+1 724-544-6367,+1 855-538-9888,15402175182,https://www.facebook.com/kungfuteausa/,https://www.instagram.com/kungfuteausa,https://www.linkedin.com/company/kung-fu-tea,https://www.tiktok.com/@kungfutea,,,,,,,https://twitter.com/kfteausa,,,,,Menu — Kung Fu Tea | Fresh - Innovative - Fearless leading tea brand,WordPress 6.3,"Menu At Kung Fu Tea, every beverage is made-to-order with real Kung Fu. Our tea is freshly brewed every 3 hours using premium tea leaves. You can choose from classic teas, milk teas, fruit teas, slushies and more. Each drink is customized by you! You get to pick your toppings,…",,False,True
"bubble tea store, 17959, New Philadelphia, PA, US",BobaTea,Bobatea,http://facebook.com/AltoonaBobaTea/,Bubble tea store,Bubble tea store,Bubble tea store,+1 814-201-2289,"533 E 25th Ave, Altoona, PA 16601",None,533 E 25th Ave,Altoona,16601,Pennsylvania,Pennsylvania,United States of America,US,40.5366406,-78.3995583,892aa372117ffff,America/New_York,,False,4.8,198,"https://search.google.com/local/reviews?placeid=ChIJtTATKfCPy4kRdSjMm7as9BA&q=bubble+tea+store,+17959,+New+Philadelphia,+PA,+US&authuser=0&hl=en&gl=US",,,3.0,1.0,3.0,9.0,182.0,123,https://lh3.googleusercontent.com/gps-cs-s/AB5caB_6gthkJ7QOL7e46DWXVk0rkGbnM2hGdH_3H-m9HgctNeCBgkiFwWJfHA7z-cytwsB_A1kxQR_dzH95iLJxUUh_f_jTh3R926jo5YwdIGhZN8jVGNi5lpX6Ec4LN4JvNOUVZrnr=w800-h500-k-no,https://lh3.googleusercontent.com/gps-cs-s/AB5caB_6gthkJ7QOL7e46DWXVk0rkGbnM2hGdH_3H-m9HgctNeCBgkiFwWJfHA7z-cytwsB_A1kxQR_dzH95iLJxUUh_f_jTh3R926jo5YwdIGhZN8jVGNi5lpX6Ec4LN4JvNOUVZrnr=w1600-h1000-k-no,,,,,,CLOSED_TEMPORARILY,"{""Service options"": {""Delivery"": true, ""Onsite services"": true, ""Takeout"": true, ""Dine-in"": true}, ""Highlights"": {""Great tea selection"": true}, ""Accessibility"": {""Wheelchair accessible entrance"": true, ""Wheelchair accessible parking lot"": true, ""Wheelchair accessible seating"": true}, ""Crowd"": {""LGBTQ+ friendly"": true, ""Transgender safespace"": true}, ""Other"": {""LGBTQ+ friendly"": true}}",$,,https://lh6.googleusercontent.com/-RzNBmlKWlm0/AAAAAAAAAAI/AAAAAAAAAAA/5ltFMPqVx5I/s44-p-k-no-ns-nd/photo.jpg,,,True,102076469487881968158,BobaTea,https://www.google.com/maps/contrib/102076469487881968158,,,,,"https://www.google.com/maps/place/BobaTea/@40.5366406,-78.3995583,14z/data=!4m8!1m2!2m1!1sBobaTea!3m4!1s0x89cb8ff0291330b5:0x10f4acb69bcc2875!8m2!3d40.5366406!4d-78.3995583","https://www.google.com/maps/place/BobaTea/@40.5366406,-78.3995583,13.99z/data=!4m16!1m7!3m6!1s0x89cb8ff0291330b5:0x10f4acb69bcc2875!2sBobaTea!8m2!3d40.5366406!4d-78.3995583!16s%2Fg%2F11ckvg1dmb!3m7!1s0x89cb8ff0291330b5:0x10f4acb69bcc2875!8m2!3d40.5366406!4d-78.3995583!9m1!1b1!16s%2Fg%2F11ckvg1dmb?entry=ttu",ChIJtTATKfCPy4kRdSjMm7as9BA,0x89cb8ff0291330b5:0x10f4acb69bcc2875,1221791299222120565,/g/11nn48f0rq,1221791299222120565,,,,,,,,,,,,,,,,,,,,,,,,,,,,,,,,,,,,,,,,,,,,,,,,,
"bubble tea store, 19105, Philadelphia, PA, US",Matcha Panda Cafe,Matcha Panda Cafe,http://matchapanda.com/menu,Dessert shop,Dessert shop,Dessert shop,+1 215-352-3335,"202 N 9th St, Philadelphia, PA 19107",Center City East,202 N 9th St,Philadelphia,19107,Pennsylvania,Pennsylvania,United States of America,US,39.9553565,-75.1544241,892a134d4cfffff,America/New_York,,False,4.8,420,"https://search.google.com/local/reviews?placeid=ChIJh_StwuzJxokR04BQeSceTnk&q=bubble+tea+store,+19105,+Philadelphia,+PA,+US&authuser=0&hl=en&gl=US",,,7.0,2.0,15.0,33.0,363.0,649,https://lh3.googleusercontent.com/p/AF1QipMuUlzGeKXxTLX_qtFuxfe2S1FFu4Si1lMZdO17=w800-h500-k-no,https://lh3.googleusercontent.com/p/AF1QipMuUlzGeKXxTLX_qtFuxfe2S1FFu4Si1lMZdO17=w1600-h1000-k-no,,"{""Monday"": ""12-10PM"", ""Tuesday"": ""12-10PM"", ""Wednesday"": ""12-10PM"", ""Thursday"": ""12-10PM"", ""Friday"": ""12-10:30PM"", ""Saturday"": ""12-11PM"", ""Sunday"": ""12-10PM""}",Monday:12-10PM|Tuesday:12-10PM|Wednesday:12-10PM|Thursday:12-10PM|Friday:12-10:30PM|Saturday:12-11PM|Sunday:12-10PM,,,OPERATIONAL,"{""Service options"": {""Delivery"": true, ""In-store pickup"": true, ""Onsite services"": true, ""Takeout"": true, ""Dine-in"": true, ""Same-day delivery"": false}, ""Planning"": {""Quick visit"": true}, ""Payments"": {""Credit cards"": true, ""Debit cards"": true, ""NFC mobile payments"": true}}",$,,https://lh4.googleusercontent.com/-aPy-tUvzIRA/AAAAAAAAAAI/AAAAAAAAAAA/v22IkkJpdk0/s44-p-k-no-ns-nd/photo.jpg,,,True,108154348983414847495,Matcha Panda Cafe,https://www.google.com/maps/contrib/108154348983414847495,,"https://www.google.com/viewer/chooseprovider?mid=/g/11q3rdydlm&g2lbs=AAEPWCu29i3g-r_Ag3XOZYxJCa_QoCQZTPHaOwibUsjIoRJWJ_Cs7ij8VaIXkAk0GFulChcNhYdDUmRBga-DTVbSpukyfTK71w%3D%3D&hl=en-US&gl=us&fo_m=MfohQo559jFvMUOzJVpjPL1YMfZ3bInYwBDuMfaXTPp5KXh-&utm_source=tactile&gei=HXwCaMO2Os2Q9u8PoPbe4A0&ei=HXwCaMO2Os2Q9u8PoPbe4A0&fo_s=OA,SOE&opi=79508299&ebb=1&cs=0&foub=mcpp",,,"https://www.google.com/maps/place/Matcha+Panda+Cafe/@39.9553565,-75.1544241,14z/data=!4m8!1m2!2m1!1sMatcha+Panda+Cafe!3m4!1s0x89c6c9ecc2adf487:0x794e1e27795080d3!8m2!3d39.9553565!4d-75.1544241","https://www.google.com/maps/place/Matcha+Panda+Cafe/@39.9553565,-75.1544241,13.99z/data=!4m16!1m7!3m6!1s0x89c6c9ecc2adf487:0x794e1e27795080d3!2sMatcha+Panda+Cafe!8m2!3d39.9553565!4d-75.1544241!16s%2Fg%2F11ckvg1dmb!3m7!1s0x89c6c9ecc2adf487:0x794e1e27795080d3!8m2!3d39.9553565!4d-75.1544241!9m1!1b1!16s%2Fg%2F11ckvg1dmb?entry=ttu",ChIJh_StwuzJxokR04BQeSceTnk,0x89c6c9ecc2adf487:0x794e1e27795080d3,8740957081660588243,/g/11q3rdydlm,8740957081660588243,,,,,,,,,,,,,,,,,,,,,,,,,,12677101166,,,https://www.facebook.com/110128828317527,,,,,,,,,,,,,,,Matcha Ice Cream | Matcha Panda Cafe | Specialty Coffee | Philadelphia,Wix.com Website Builder,"Matcha panda specialize in (but are not limited to) Matcha drinks, Mille crepe Cakes, Cream Puffs, Iced drip teas, Bubble tea, Matcha Ice cream and Freshly ground specialty coffees",,False,False
"bubble tea store, 19105, Philadelphia, PA, US",Mochiatsu Donut Philly,Mochiatsu Donut Philly,https://s.fronttab.com/Xmj87u,"Bubble tea store, Donut shop, Coffee shop",Donut shop,Bubble tea store,+1 215-279-7901,"132 S 11th St, Philadelphia, PA 19107",Center City East,132 S 11th St,Philadelphia,19107,Pennsylvania,Pennsylvania,United States of America,US,39.949146999999996,-75.159053,892a134d447ffff,America/New_York,,False,4.7,79,"https://search.google.com/local/reviews?placeid=ChIJOzQKMcXHxokRJxIe3624KD8&q=bubble+tea+store,+19105,+Philadelphia,+PA,+US&authuser=0&hl=en&gl=US",,,2.0,3.0,2.0,5.0,67.0,214,https://lh3.googleusercontent.com/gps-cs-s/AB5caB9ZdUwl8_S_SWjYhzxrApmvJUOPi3H56pgJQZo0KCXgju1rQ4poyj8wTeQPLuiSmB030ihlHfJt-Bh_9qLoTHakOFJvfE0dhISu-7S_TqzyDUDIX9xVLWCSQSAv76ensd_R_eii=w800-h500-k-no,https://lh3.googleusercontent.com/gps-cs-s/AB5caB9ZdUwl8_S_SWjYhzxrApmvJUOPi3H56pgJQZo0KCXgju1rQ4poyj8wTeQPLuiSmB030ihlHfJt-Bh_9qLoTHakOFJvfE0dhISu-7S_TqzyDUDIX9xVLWCSQSAv76ensd_R_eii=w1600-h1000-k-no,,"{""Monday"": ""9AM-7PM"", ""Tuesday"": ""9AM-7PM"", ""Wednesday"": ""9AM-7PM"", ""Thursday"": ""9AM-7PM"", ""Friday"": ""9AM-7PM"", ""Saturday"": ""9AM-7PM"", ""Sunday"": ""10AM-7PM""}",Monday:9AM-7PM|Tuesday:9AM-7PM|Wednesday:9AM-7PM|Thursday:9AM-7PM|Friday:9AM-7PM|Saturday:9AM-7PM|Sunday:10AM-7PM,,,OPERATIONAL,"{""Service options"": {""Delivery"": true, ""Takeout"": true}, ""Popular for"": {""Solo dining"": true}, ""Accessibility"": {""Wheelchair accessible entrance"": true}, ""Offerings"": {""Coffee"": true}, ""Dining options"": {""Dessert"": true}, ""Atmosphere"": {""Casual"": true}, ""Planning"": {""Quick visit"": true}, ""Payments"": {""Credit cards"": true}}",$$,,https://lh3.googleusercontent.com/-5yxeOGlDKwk/AAAAAAAAAAI/AAAAAAAAAAA/0I5BMzg64yo/s44-p-k-no-ns-nd/photo.jpg,,,True,103813462968397966932,Mochiatsu Donut Philly,https://www.google.com/maps/contrib/103813462968397966932,,"https://www.google.com/viewer/chooseprovider?mid=/g/11v143j46x&g2lbs=AAEPWCt6985TAjICsuQ3gN5iIP69_kZiChclTIjG33IqDCuDqkJDQAK89P7OlXygFrWjnCA-1OsBs2Ti_95dbmSAqAuNn4iNmQ%3D%3D&hl=en-US&gl=us&fo_m=MfohQo559jFvMUOzJVpjPL1YMfZ3bInYwBDuMfaXTPp5KXh-&utm_source=tactile&gei=InwCaJCSE-qfkPIPkpuL6Ag&ei=InwCaJCSE-qfkPIPkpuL6Ag&fo_s=OA,SOE&opi=79508299&ebb=1&cs=0&foub=mcpp",,,"https://www.google.com/maps/place/Mochiatsu+Donut+Philly/@39.949146999999996,-75.159053,14z/data=!4m8!1m2!2m1!1sMochiatsu+Donut+Philly!3m4!1s0x89c6c7c5310a343b:0x3f28b8addf1e1227!8m2!3d39.949146999999996!4d-75.159053","https://www.google.com/maps/place/Mochiatsu+Donut+Philly/@39.949146999999996,-75.159053,13.99z/data=!4m16!1m7!3m6!1s0x89c6c7c5310a343b:0x3f28b8addf1e1227!2sMochiatsu+Donut+Philly!8m2!3d39.949146999999996!4d-75.159053!16s%2Fg%2F11ckvg1dmb!3m7!1s0x89c6c7c5310a343b:0x3f28b8addf1e1227!8m2!3d39.949146999999996!4d-75.159053!9m1!1b1!16s%2Fg%2F11ckvg1dmb?entry=ttu",ChIJOzQKMcXHxokRJxIe3624KD8,0x89c6c7c5310a343b:0x3f28b8addf1e1227,4551090480370029095,/g/11v143j46x,4551090480370029095,,,,,,,,,,,,,,,,,,,,,,,,,,,,,,,,,,,,,,,,,,,,,,,,,
"bubble tea store, 19105, Philadelphia, PA, US",Café Couleur Banh mì,Café Couleur Banh Mì,https://www.facebook.com/cafecouleurphilly,Coffee shop,coffee shops,Coffee shop,+1 215-370-7538,"323 Arch St, Philadelphia, PA 19106",Center City East,323 Arch St,Philadelphia,19106,Pennsylvania,Pennsylvania,United States of America,US,39.9524015,-75.1461989,892a134d48fffff,America/New_York,,False,4.9,168,"https://search.google.com/local/reviews?placeid=ChIJDakpzv3JxokRAiXuWydA6OU&q=bubble+tea+store,+19105,+Philadelphia,+PA,+US&authuser=0&hl=en&gl=US",,,1.0,1.0,0.0,2.0,164.0,85,https://lh3.googleusercontent.com/gps-cs-s/AB5caB9jfkDpfsQ01QbQFJTzhEUO1vkHeLHqVqW0BB03Aax4gjHRoO_SUeChgYT_-2W06gjQjc296OctJAC6OvL-A9SZDcblUj8UNxmySK9ehPdIvO0fUEXNjWX_JNh-bb_0Tfmziv9mSw=w800-h500-k-no,https://lh3.googleusercontent.com/gps-cs-s/AB5caB9jfkDpfsQ01QbQFJTzhEUO1vkHeLHqVqW0BB03Aax4gjHRoO_SUeChgYT_-2W06gjQjc296OctJAC6OvL-A9SZDcblUj8UNxmySK9ehPdIvO0fUEXNjWX_JNh-bb_0Tfmziv9mSw=w1600-h1000-k-no,,"{""Monday"": ""11:30AM-5PM"", ""Tuesday"": ""11:30AM-5PM"", ""Wednesday"": ""11:30AM-5PM"", ""Thursday"": ""11:30AM-5PM"", ""Friday"": ""11:30AM-5PM"", ""Saturday"": ""Closed"", ""Sunday"": ""Closed""}",Monday:11:30AM-5PM|Tuesday:11:30AM-5PM|Wednesday:11:30AM-5PM|Thursday:11:30AM-5PM|Friday:11:30AM-5PM|Saturday:Closed|Sunday:Closed,,,OPERATIONAL,"{""From the business"": {""Identifies as Asian-owned"": true}, ""Service options"": {""Takeout"": true, ""Dine-in"": true, ""Delivery"": false}, ""Highlights"": {""Great coffee"": true, ""Great tea selection"": true}, ""Popular for"": {""Breakfast"": true, ""Lunch"": true, ""Solo dining"": true}, ""Offerings"": {""Coffee"": true, ""Comfort food"": true, ""Prepared foods"": true, ""Quick bite"": true, ""Vegetarian options"": true}, ""Dining options"": {""Breakfast"": true, ""Lunch"": true, ""Seating"": true}, ""Amenities"": {""Gender-neutral restroom"": true, ""Restroom"": false}, ""Atmosphere"": {""Casual"": true, ""Cozy"": true, ""Trendy"": true}, ""Payments"": {""Credit cards"": true, ""Debit cards"": true, ""NFC mobile payments"": true}, ""Other"": {""Identifies as Asian-owned"": true}}",,,https://lh4.googleusercontent.com/-c6oqzNpRPe0/AAAAAAAAAAI/AAAAAAAAAAA/cJthx5mh_sY/s44-p-k-no-ns-nd/photo.jpg,,,True,105783130497403914293,Café Couleur Banh mì,https://www.google.com/maps/contrib/105783130497403914293,,,,,"https://www.google.com/maps/place/Caf%C3%A9+Couleur+Banh+m%C3%AC/@39.9524015,-75.1461989,14z/data=!4m8!1m2!2m1!1sCaf%C3%A9+Couleur+Banh+m%C3%AC!3m4!1s0x89c6c9fdce29a90d:0xe5e840275bee2502!8m2!3d39.9524015!4d-75.1461989","https://www.google.com/maps/place/Caf%C3%A9+Couleur+Banh+m%C3%AC/@39.9524015,-75.1461989,13.99z/data=!4m16!1m7!3m6!1s0x89c6c9fdce29a90d:0xe5e840275bee2502!2sCaf%C3%A9+Couleur+Banh+m%C3%AC!8m2!3d39.9524015!4d-75.1461989!16s%2Fg%2F11ckvg1dmb!3m7!1s0x89c6c9fdce29a90d:0xe5e840275bee2502!8m2!3d39.9524015!4d-75.1461989!9m1!1b1!16s%2Fg%2F11ckvg1dmb?entry=ttu",ChIJDakpzv3JxokRAiXuWydA6OU,0x89c6c9fdce29a90d:0xe5e840275bee2502,16566561767072605442,/g/11qp7g5vqg,-1880182306636946174,,,,,,,,,,,,,,,,,,,,,,,,,,12153707538,,,https://www.facebook.com/cafecouleurphilly,,,,,,,,,,,,,,,,,,,,
"bubble tea store, 19105, Philadelphia, PA, US",Avril 50,Avril 50,http://www.avril50.com/,"Tea store, Tobacco shop",Tea store,Tea store,+1 215-222-6108,"3406 Sansom St, Philadelphia, PA 19104",West Philadelphia,3406 Sansom St,Philadelphia,19104,Pennsylvania,Pennsylvania,United States of America,US,39.9535493,-75.1925466,892a134d65bffff,America/New_York,,False,4.6,90,"https://search.google.com/local/reviews?placeid=ChIJhVuZh1DGxokR-Nefzbzb6uE&q=bubble+tea+store,+19105,+Philadelphia,+PA,+US&authuser=0&hl=en&gl=US",,,5.0,1.0,1.0,8.0,75.0,16,https://lh3.googleusercontent.com/gps-cs-s/AB5caB_BsQDv3Rtzf8hpOEcpqxkXyBY9ERX9o734GPbi2vS3moBZKD4-1JISWJxlP4IkUiYzvoO_OrUbkjvygwOSqBBK_S-WxKm-glXMtnnAJPpmZkidnaBKhnvA8saSAXgCP1nvl-Q9=w800-h500-k-no,https://lh3.googleusercontent.com/gps-cs-s/AB5caB_BsQDv3Rtzf8hpOEcpqxkXyBY9ERX9o734GPbi2vS3moBZKD4-1JISWJxlP4IkUiYzvoO_OrUbkjvygwOSqBBK_S-WxKm-glXMtnnAJPpmZkidnaBKhnvA8saSAXgCP1nvl-Q9=w1600-h1000-k-no,,"{""Monday"": ""7:30AM-6PM"", ""Tuesday"": ""7:30AM-6PM"", ""Wednesday"": ""7:30AM-6PM"", ""Thursday"": ""7:30AM-6PM"", ""Friday"": ""7:30AM-6PM"", ""Saturday"": ""10AM-5PM"", ""Sunday"": ""10AM-5PM""}",Monday:7:30AM-6PM|Tuesday:7:30AM-6PM|Wednesday:7:30AM-6PM|Thursday:7:30AM-6PM|Friday:7:30AM-6PM|Saturday:10AM-5PM|Sunday:10AM-5PM,,,OPERATIONAL,"{""Service options"": {""Takeout"": true, ""Delivery"": false}, ""Accessibility"": {""Wheelchair accessible entrance"": false, ""Wheelchair accessible parking lot"": false}, ""Planning"": {""Quick visit"": true}, ""Payments"": {""Credit cards"": true, ""Debit cards"": true, ""NFC mobile payments"": true}}",,,,"Eclectic shop for gourmet coffees & teas by the cup or pound, international publications & more.",,False,None,Avril 50,,,,,,"https://www.google.com/maps/place/Avril+50/@39.9535493,-75.1925466,14z/data=!4m8!1m2!2m1!1sAvril+50!3m4!1s0x89c6c65087995b85:0xe1eadbbccd9fd7f8!8m2!3d39.9535493!4d-75.1925466","https://www.google.com/maps/place/Avril+50/@39.9535493,-75.1925466,13.99z/data=!4m16!1m7!3m6!1s0x89c6c65087995b85:0xe1eadbbccd9fd7f8!2sAvril+50!8m2!3d39.9535493!4d-75.1925466!16s%2Fg%2F11ckvg1dmb!3m7!1s0x89c6c65087995b85:0xe1eadbbccd9fd7f8!8m2!3d39.9535493!4d-75.1925466!9m1!1b1!16s%2Fg%2F11ckvg1dmb?entry=ttu",ChIJhVuZh1DGxokR-Nefzbzb6uE,0x89c6c65087995b85:0xe1eadbbccd9fd7f8,16279065407034218488,/g/1tgqkcnb,-2167678666675333128,,info@avril50.com,RECEIVING,SMTP validated,,,,,,,,,,,,,,,,,,,,,,12152226108,,,https://www.facebook.com/169758957786,,,,,,,,,,,,,,,"Avril 50 Homepage • International Publications, Fine Cards, Gourmet Coffee and Tobacco • 3406 Sansom Street, Philadelphia, PA 19104 • ph (215) 222-6108",,"Avril 50 - International Publications, Fine Cards, Gourmet Coffee and Tobacco",,,
"bubble tea store, 19105, Philadelphia, PA, US","The Ground Coffee, Plants & Gifts",The Ground Coffee Plants And Gifts,http://www.thegroundcpg.com/,Coffee shop,coffee shops,Coffee shop,+1 215-867-4581,"2000 N 2nd St C-1, Philadelphia, PA 19122",North Philadelphia East,2000 N 2nd St C-1,Philadelphia,19122,Pennsylvania,Pennsylvania,United States of America,US,39.980748999999996,-75.1372806,892a134f66bffff,America/New_York,,False,4.8,145,"https://search.google.com/local/reviews?placeid=ChIJQ5X_MczJxokRSdSsCwPggjs&q=bubble+tea+store,+19105,+Philadelphia,+PA,+US&authuser=0&hl=en&gl=US",,,3.0,2.0,5.0,8.0,127.0,251,https://lh3.googleusercontent.com/p/AF1QipO-pxG_aVtNCYq1IgsP3DBZds6Zyz62LSpYWtVX=w800-h500-k-no,https://lh3.googleusercontent.com/p/AF1QipO-pxG_aVtNCYq1IgsP3DBZds6Zyz62LSpYWtVX=w1600-h1000-k-no,,"{""Monday"": ""7:30AM-4PM"", ""Tuesday"": ""7:30AM-4PM"", ""Wednesday"": ""7:30AM-4PM"", ""Thursday"": ""7:30AM-4PM"", ""Friday"": ""7:30AM-4PM"", ""Saturday"": ""8AM-4PM"", ""Sunday"": ""Closed""}",Monday:7:30AM-4PM|Tuesday:7:30AM-4PM|Wednesday:7:30AM-4PM|Thursday:7:30AM-4PM|Friday:7:30AM-4PM|Saturday:8AM-4PM|Sunday:Closed,,,OPERATIONAL,"{""From the business"": {""Identifies as women-owned"": true}, ""Service options"": {""Outdoor seating"": true, ""Delivery"": true, ""Onsite services"": true, ""Takeout"": true, ""Dine-in"": true}, ""Highlights"": {""Great coffee"": true, ""Great tea selection"": true}, ""Popular for"": {""Solo dining"": true}, ""Accessibility"": {""Wheelchair accessible entrance"": true, ""Wheelchair accessible restroom"": true, ""Wheelchair accessible seating"": true}, ""Offerings"": {""Coffee"": true, ""Quick bite"": true, ""Small plates"": true, ""Vegetarian options"": true}, ""Dining options"": {""Breakfast"": true, ""Dessert"": true, ""Seating"": true}, ""Amenities"": {""Gender-neutral restroom"": true, ""Restroom"": true, ""Wi-Fi"": true}, ""Atmosphere"": {""Casual"": true, ""Cozy"": true, ""Trendy"": true}, ""Crowd"": {""Family-friendly"": true, ""LGBTQ+ friendly"": true, ""Transgender safespace"": true}, ""Planning"": {""Accepts reservations"": false}, ""Payments"": {""Credit cards"": true, ""Debit cards"": true, ""NFC mobile payments"": true}, ""Children"": {""Good for kids"": true}, ""Parking"": {""Free street parking"": true, ""Parking"": true}, ""Other"": {""LGBTQ+ friendly"": true, ""Identifies as women-owned"": true}}",$$,,https://lh6.googleusercontent.com/-sPmoxGA4L74/AAAAAAAAAAI/AAAAAAAAAAA/UINkxN6x0YE/s44-p-k-no-ns-nd/photo.jpg,,,True,107368948983040665981,"The Ground Coffee, Plants & Gifts",https://www.google.com/maps/contrib/107368948983040665981,,"https://www.google.com/viewer/chooseprovider?mid=/g/11sw_lrrn0&g2lbs=AAEPWCs98aRX72zDqzRc6-a5tEK7_V-rUMxo3-c6sT9AO1SNlBzM879dm1yxLUPMMPjOwIxPMuX3UspNMNLoyYfZVQ1BPnkVLA%3D%3D&hl=en-US&gl=us&fo_m=MfohQo559jFvMUOzJVpjPL1YMfZ3bInYwBDuMfaXTPp5KXh-&utm_source=tactile&gei=InwCaJCSE-qfkPIPkpuL6Ag&ei=InwCaJCSE-qfkPIPkpuL6Ag&fo_s=OA,SOE&opi=79508299&ebb=1&cs=0&foub=mcpp",,,"https://www.google.com/maps/place/The+Ground+Coffee%2C+Plants+%26+Gifts/@39.980748999999996,-75.1372806,14z/data=!4m8!1m2!2m1!1sThe+Ground+Coffee%2C+Plants+%26+Gifts!3m4!1s0x89c6c9cc31ff9543:0x3b82e0030bacd449!8m2!3d39.980748999999996!4d-75.1372806","https://www.google.com/maps/place/The+Ground+Coffee%2C+Plants+%26+Gifts/@39.980748999999996,-75.1372806,13.99z/data=!4m16!1m7!3m6!1s0x89c6c9cc31ff9543:0x3b82e0030bacd449!2sThe+Ground+Coffee%2C+Plants+%26+Gifts!8m2!3d39.980748999999996!4d-75.1372806!16s%2Fg%2F11ckvg1dmb!3m7!1s0x89c6c9cc31ff9543:0x3b82e0030bacd449!8m2!3d39.980748999999996!4d-75.1372806!9m1!1b1!16s%2Fg%2F11ckvg1dmb?entry=ttu",ChIJQ5X_MczJxokRSdSsCwPggjs,0x89c6c9cc31ff9543:0x3b82e0030bacd449,4288236098895533129,/g/11sw_lrrn0,4288236098895533129,,thejawn@thegroundcpg.com,RECEIVING,SMTP validated,,,,,,,,,,,,,,,,,,,,,,,,,,,,,,,,,,,,,,,,The Ground Coffee Plants & Gifts,,"The Ground Coffee Plants & Gifts at The Gotham. Cafe featuring drinks, 
treats, plants and unique gifts with a focus on local vendors.",,False,False
"bubble tea store, 19105, Philadelphia, PA, US",Bubblefish,Bubblefish,https://www.bubblefishpa.com/,"Japanese restaurant, Restaurant",restaurants,Japanese restaurant,+1 267-930-7634,"909 Arch St, Philadelphia, PA 19107",Center City East,909 Arch St,Philadelphia,19107,Pennsylvania,Pennsylvania,United States of America,US,39.9535553,-75.1551492,892a134d4cfffff,America/New_York,,False,4.4,972,"https://search.google.com/local/reviews?placeid=ChIJPzRyBSrGxokRD8QKzbavJfI&q=bubble+tea+store,+19105,+Philadelphia,+PA,+US&authuser=0&hl=en&gl=US",,,47.0,34.0,58.0,214.0,619.0,1356,https://lh3.googleusercontent.com/gps-cs-s/AB5caB8_89Ult-CbJuUHXJo9q6EezXB8LSyhCkTo51JWuXDljSlccRjg_fci8gfCnVdUQ4s6MENY55LWlexOMBOLhRPi6_yGiqliRr6djGovwncVBd1P_UK9jPxlO-qPREkt_hgMl7gd=w800-h500-k-no,https://lh3.googleusercontent.com/gps-cs-s/AB5caB8_89Ult-CbJuUHXJo9q6EezXB8LSyhCkTo51JWuXDljSlccRjg_fci8gfCnVdUQ4s6MENY55LWlexOMBOLhRPi6_yGiqliRr6djGovwncVBd1P_UK9jPxlO-qPREkt_hgMl7gd=w1600-h1000-k-no,,"{""Monday"": ""11AM-10PM"", ""Tuesday"": ""11AM-10PM"", ""Wednesday"": ""11AM-10PM"", ""Thursday"": ""11AM-10PM"", ""Friday"": ""11AM-10:30PM"", ""Saturday"": ""11AM-10:30PM"", ""Sunday"": ""11AM-10PM""}",Monday:11AM-10PM|Tuesday:11AM-10PM|Wednesday:11AM-10PM|Thursday:11AM-10PM|Friday:11AM-10:30PM|Saturday:11AM-10:30PM|Sunday:11AM-10PM,,,OPERATIONAL,"{""Service options"": {""Delivery"": true, ""Takeout"": true, ""Dine-in"": true}, ""Highlights"": {""Fast service"": true, ""Great dessert"": true, ""Great tea selection"": true}, ""Popular for"": {""Lunch"": true, ""Dinner"": true, ""Solo dining"": true}, ""Accessibility"": {""Wheelchair accessible entrance"": true, ""Wheelchair accessible seating"": true}, ""Offerings"": {""Alcohol"": true, ""Beer"": true, ""Cocktails"": true, ""Coffee"": true, ""Comfort food"": true, ""Hard liquor"": true, ""Healthy options"": true, ""Late-night food"": true, ""Small plates"": true, ""Wine"": true}, ""Dining options"": {""Lunch"": true, ""Dinner"": true, ""Dessert"": true}, ""Amenities"": {""Restroom"": true}, ""Atmosphere"": {""Casual"": true, ""Cozy"": true, ""Trendy"": true}, ""Crowd"": {""College students"": true, ""Groups"": true, ""Tourists"": true}, ""Planning"": {""Accepts reservations"": true}, ""Payments"": {""Credit cards"": true, ""Debit cards"": true, ""NFC mobile payments"": true}, ""Children"": {""Good for kids"": true}, ""Parking"": {""Paid parking garage"": true, ""Paid parking lot"": true, ""Paid street parking"": true}}",$$,,https://lh6.googleusercontent.com/-IStqtK-guBY/AAAAAAAAAAI/AAAAAAAAAAA/wvrx53xJQf8/s44-p-k-no-ns-nd/photo.jpg,"Sleek, modern outpost offering a wide choice of bubble teas, plus original sushi & Taiwanese snacks.",,True,108507294280697886528,Bubblefish,https://www.google.com/maps/contrib/108507294280697886528,https://www.opentable.com/restaurant/profile/1410220?ref=1068,https://www.opentable.com/restaurant/profile/1410220?ref=1068,,https://www.opentable.com/restaurant/profile/1410220?ref=1068,"https://www.google.com/maps/place/Bubblefish/@39.9535553,-75.1551492,14z/data=!4m8!1m2!2m1!1sBubblefish!3m4!1s0x89c6c62a0572343f:0xf225afb6cd0ac40f!8m2!3d39.9535553!4d-75.1551492","https://www.google.com/maps/place/Bubblefish/@39.9535553,-75.1551492,13.99z/data=!4m16!1m7!3m6!1s0x89c6c62a0572343f:0xf225afb6cd0ac40f!2sBubblefish!8m2!3d39.9535553!4d-75.1551492!16s%2Fg%2F11ckvg1dmb!3m7!1s0x89c6c62a0572343f:0xf225afb6cd0ac40f!8m2!3d39.9535553!4d-75.1551492!9m1!1b1!16s%2Fg%2F11ckvg1dmb?entry=ttu",ChIJPzRyBSrGxokRD8QKzbavJfI,0x89c6c62a0572343f:0xf225afb6cd0ac40f,17448545530975798287,/g/11cjhp4784,-998198542733753329,,info@chinesemenuonline.com,RECEIVING,Role,,,,,,,,,,,,,,,,,,,,,,2679307634,,,,,,,,,,,,,,,,,,"Bubblefish Restaurant | Order Online | 909 Arch St, Philadelphia, PA | Bubble Tea, Sushi, and Taiwanese food for Takeout",,"Order Japanese online from Bubblefish - Philadelphia in Philadelphia, PA for takeout. Browse our menu and easily choose and modify your selection.","bubblefish, bubblefish philly, bubblefish menu, philly sushi takeout, philly sushi, philly sushi restaurants, sushi takeout, best sushi, in philly, sushi restaurants in philly, sushi restaurants near me, sushi near me, philly taiwanese food, philly taiwanese restaurants, bubble teas in philly, philly bubble teas, bubble teas near me",False,True
"bubble tea store, 19105, Philadelphia, PA, US",Top Hat Coffee Lounge,Top Hat Coffee Lounge,https://www.instagram.com/tophat.coffeelounge/,Coffee shop,coffee shops,Coffee shop,+1 609-707-3862,"3131 Walnut St, Philadelphia, PA 19104",West Philadelphia,3131 Walnut St,Philadelphia,19104,Pennsylvania,Pennsylvania,United States of America,US,39.9524605,-75.18728639999999,892a134d653ffff,America/New_York,,False,4.8,182,"https://search.google.com/local/reviews?placeid=ChIJ5z7JxbDHxokRsGbC91MWxi0&q=bubble+tea+store,+19105,+Philadelphia,+PA,+US&authuser=0&hl=en&gl=US",,,2.0,1.0,4.0,17.0,158.0,207,https://lh3.googleusercontent.com/gps-cs-s/AB5caB-dlUfUcpCdMhXPFZDuIEtj7tMnCjBOxAa_ZqzhGq8ZufiOr3k4Y-Lfw_IdfDq12bQUtzHSW7ImvwwqmEfFb909Dmb8oMyWCRd4xrcc0Le2mji2TLox2kGKN9YDj8V6dPAFn60yLA=w800-h500-k-no,https://lh3.googleusercontent.com/gps-cs-s/AB5caB-dlUfUcpCdMhXPFZDuIEtj7tMnCjBOxAa_ZqzhGq8ZufiOr3k4Y-Lfw_IdfDq12bQUtzHSW7ImvwwqmEfFb909Dmb8oMyWCRd4xrcc0Le2mji2TLox2kGKN9YDj8V6dPAFn60yLA=w1600-h1000-k-no,,"{""Monday"": ""7AM-3PM"", ""Tuesday"": ""7AM-3PM"", ""Wednesday"": ""7AM-3PM"", ""Thursday"": ""7AM-3PM"", ""Friday"": ""7AM-3PM"", ""Saturday"": ""9AM-4PM"", ""Sunday"": ""Closed""}",Monday:7AM-3PM|Tuesday:7AM-3PM|Wednesday:7AM-3PM|Thursday:7AM-3PM|Friday:7AM-3PM|Saturday:9AM-4PM|Sunday:Closed,,,OPERATIONAL,"{""Service options"": {""Delivery"": true, ""Takeout"": true, ""Dine-in"": true}, ""Highlights"": {""Great coffee"": true, ""Great tea selection"": true}, ""Popular for"": {""Breakfast"": true, ""Solo dining"": true, ""Good for working on laptop"": true}, ""Offerings"": {""Coffee"": true, ""Quick bite"": true}, ""Dining options"": {""Breakfast"": true, ""Brunch"": true, ""Lunch"": true, ""Catering"": true, ""Dessert"": true, ""Seating"": true}, ""Amenities"": {""Wi-Fi"": true}, ""Atmosphere"": {""Casual"": true, ""Cozy"": true, ""Trendy"": true}, ""Crowd"": {""College students"": true}, ""Planning"": {""Accepts reservations"": false}, ""Payments"": {""Credit cards"": true, ""Debit cards"": true, ""NFC mobile payments"": true}, ""Parking"": {""Paid street parking"": true}}",$$,,https://lh4.googleusercontent.com/-4HL0EQZ0wxk/AAAAAAAAAAI/AAAAAAAAAAA/QGE8iFSUz8U/s44-p-k-no-ns-nd/photo.jpg,,,True,116719224668930295822,Top Hat Coffee Lounge,https://www.google.com/maps/contrib/116719224668930295822,,"https://www.google.com/viewer/chooseprovider?mid=/g/11sqtwt72g&g2lbs=AAEPWCtUjkgz6zaQIX_Ls2GwmMaUXN9nG_TT9y0r2G82rDMMlqJB0Js3uNwF5FsPsQiLHAtKXI4u7ZzdfVUZ3fgn1c7MUXzg_Q%3D%3D&hl=en-US&gl=us&fo_m=MfohQo559jFvMUOzJVpjPL1YMfZ3bInYwBDuMfaXTPp5KXh-&utm_source=tactile&gei=InwCaJCSE-qfkPIPkpuL6Ag&ei=InwCaJCSE-qfkPIPkpuL6Ag&fo_s=OA,SOE&opi=79508299&ebb=1&cs=0&foub=mcpp",,,"https://www.google.com/maps/place/Top+Hat+Coffee+Lounge/@39.9524605,-75.18728639999999,14z/data=!4m8!1m2!2m1!1sTop+Hat+Coffee+Lounge!3m4!1s0x89c6c7b0c5c93ee7:0x2dc61653f7c266b0!8m2!3d39.9524605!4d-75.18728639999999","https://www.google.com/maps/place/Top+Hat+Coffee+Lounge/@39.9524605,-75.18728639999999,13.99z/data=!4m16!1m7!3m6!1s0x89c6c7b0c5c93ee7:0x2dc61653f7c266b0!2sTop+Hat+Coffee+Lounge!8m2!3d39.9524605!4d-75.18728639999999!16s%2Fg%2F11ckvg1dmb!3m7!1s0x89c6c7b0c5c93ee7:0x2dc61653f7c266b0!8m2!3d39.9524605!4d-75.18728639999999!9m1!1b1!16s%2Fg%2F11ckvg1dmb?entry=ttu",ChIJ5z7JxbDHxokRsGbC91MWxi0,0x89c6c7b0c5c93ee7:0x2dc61653f7c266b0,3298348326990276272,/g/11sqtwt72g,3298348326990276272,,,,,,,,,,,,,,,,,,,,,,,,,,,,,,,,,,,,,,,,,,,,,,,,,
"boba tea, 19154, Philadelphia, PA, US",Real Fruit Bubble Tea,Real Fruit Bubble Tea,http://realfruitbubbletea.com/,Bubble tea store,Bubble tea store,Bubble tea store,+1 888-896-1829,"1455 Franklin Mills Cir, Philadelphia, PA 19154",Northeast Philadelphia,1455 Franklin Mills Cir,Philadelphia,19154,Pennsylvania,Pennsylvania,United States of America,US,40.0872957,-74.9614271,892a134228fffff,America/New_York,,False,4.8,24,"https://search.google.com/local/reviews?placeid=ChIJk1oS3mtNwYkRMvOtMMhR3qE&q=boba+tea,+19154,+Philadelphia,+PA,+US&authuser=0&hl=en&gl=US",,,1.0,0.0,0.0,0.0,23.0,62,https://lh3.googleusercontent.com/gps-proxy/ALd4DhGOQ5n2d8PpFsk2-Y4CbGBifo_mWxtyCUU4NjNFWEebGZtNVWBXp1KXEFDBGGirgRDv-4AfSolYeUNGg8TXABkPLpft30raUJpE65CGlHHwn0DsoT7JjC6aIZd0welrW-4z5cMeS39iCdWhS7PvsjuT2j_54dlHpzfSV4xgUHLOqGtHQ7d3kMw31Q=w800-h500-k-no,https://lh3.googleusercontent.com/gps-proxy/ALd4DhGOQ5n2d8PpFsk2-Y4CbGBifo_mWxtyCUU4NjNFWEebGZtNVWBXp1KXEFDBGGirgRDv-4AfSolYeUNGg8TXABkPLpft30raUJpE65CGlHHwn0DsoT7JjC6aIZd0welrW-4z5cMeS39iCdWhS7PvsjuT2j_54dlHpzfSV4xgUHLOqGtHQ7d3kMw31Q=w1600-h1000-k-no,,"{""Monday"": ""11AM-7PM"", ""Tuesday"": ""11AM-7PM"", ""Wednesday"": ""11AM-7PM"", ""Thursday"": ""11AM-7PM"", ""Friday"": ""10AM-8PM"", ""Saturday"": ""10AM-8PM"", ""Sunday"": ""11AM-6PM""}",Monday:11AM-7PM|Tuesday:11AM-7PM|Wednesday:11AM-7PM|Thursday:11AM-7PM|Friday:10AM-8PM|Saturday:10AM-8PM|Sunday:11AM-6PM,,,OPERATIONAL,"{""Service options"": {""Delivery"": true, ""Takeout"": true, ""Dine-in"": true}, ""Highlights"": {""Great tea selection"": true}}",$,,https://lh4.googleusercontent.com/-O8slhmGu_AA/AAAAAAAAAAI/AAAAAAAAAAA/R7VSm20om0k/s44-p-k-no-ns-nd/photo.jpg,,,True,114342125184485688762,Real Fruit Bubble Tea,https://www.google.com/maps/contrib/114342125184485688762,,"https://www.google.com/viewer/chooseprovider?mid=/g/11y30_wqlr&g2lbs=AAEPWCvp0EiHNdKav7ZCuqYTXmxDRNNK2ZvfDfBXpggUYlSAa1x0fgFRmh-1HNnxF2SSaS3muXH3mAe1oQMo6N4d-FXd-H6f0A%3D%3D&hl=en-US&gl=us&fo_m=MfohQo559jFvMUOzJVpjPL1YMfZ3bInYwBDuMfaXTPp5KXh-&utm_source=tactile&gei=JHwCaO6zFYGIxc8PxeyPqQc&ei=JHwCaO6zFYGIxc8PxeyPqQc&fo_s=OA,SOE&opi=79508299&ebb=1&cs=0&foub=mcpp",,,"https://www.google.com/maps/place/Real+Fruit+Bubble+Tea/@40.0872957,-74.9614271,14z/data=!4m8!1m2!2m1!1sReal+Fruit+Bubble+Tea!3m4!1s0x89c14d6bde125a93:0xa1de51c830adf332!8m2!3d40.0872957!4d-74.9614271","https://www.google.com/maps/place/Real+Fruit+Bubble+Tea/@40.0872957,-74.9614271,13.99z/data=!4m16!1m7!3m6!1s0x89c14d6bde125a93:0xa1de51c830adf332!2sReal+Fruit+Bubble+Tea!8m2!3d40.0872957!4d-74.9614271!16s%2Fg%2F11ckvg1dmb!3m7!1s0x89c14d6bde125a93:0xa1de51c830adf332!8m2!3d40.0872957!4d-74.9614271!9m1!1b1!16s%2Fg%2F11ckvg1dmb?entry=ttu",ChIJk1oS3mtNwYkRMvOtMMhR3qE,0x89c14d6bde125a93:0xa1de51c830adf332,11663850005188178738,/g/11y30_wqlr,-6782894068521372878,,info@realfruitbubbletea.com,RECEIVING,SMTP validated,,,,,,qian.w@realfruitbubbletea.com,RECEIVING,SMTP validated,,,,,,will@realfruitbubbletea.com,INVALID,Invalid SMTP,Will Yang,Will,Yang,,6479941849,,18888961829,4167857930,https://www.facebook.com/RealFruitBubbleTea/,https://www.instagram.com/officialrealfruitbubbletea,,,,,,,,,,,,,,Home - Real Fruit,,"Mango chunks, fresh tapioca, no artificial preservative or additives. Perfect combination of fruit smoothie and bubble tea, our journey began when we first created the mango diamond slush here in Toronto. Like the city itself: inclusive, diverse, authentic, yet full of synergy. Throughout the years, we have committed to creating more real fruit based drinks for everyone to enjoy.","Real Fruit Bubble Tea, Real Fruit, Bubble Tea, Fruit Tea, Hot Tea, Real Tea, Toronto Bubble Tea, Markham Bubble Tea, Scarborough Bubble Tea, Mississauga Bubble Tea",True,True
"boba tea, 19154, Philadelphia, PA, US",Mr. Wish Franklin Mills,Mr Wish Franklin Mills,http://www.mrwishusa.com/,Bubble tea store,Bubble tea store,Bubble tea store,+1 267-854-2017,"189 Franklin Mills Blvd, Philadelphia, PA 19154",Northeast Philadelphia,189 Franklin Mills Blvd,Philadelphia,19154,Pennsylvania,Pennsylvania,United States of America,US,40.088604499999995,-74.9660267,892a13422c7ffff,America/New_York,,False,4.4,125,"https://search.google.com/local/reviews?placeid=ChIJbwQkzaNNwYkR8p6LJSg-zCY&q=boba+tea,+19154,+Philadelphia,+PA,+US&authuser=0&hl=en&gl=US",,,9.0,6.0,3.0,13.0,94.0,131,https://lh3.googleusercontent.com/p/AF1QipOunQzpJ19OCxpzKjClKdtxyW2ORUPBZNxLAu5d=w800-h500-k-no,https://lh3.googleusercontent.com/p/AF1QipOunQzpJ19OCxpzKjClKdtxyW2ORUPBZNxLAu5d=w1600-h1000-k-no,,"{""Monday"": ""11AM-8PM"", ""Tuesday"": ""11AM-8PM"", ""Wednesday"": ""11AM-8PM"", ""Thursday"": ""11AM-8PM"", ""Friday"": ""11AM-9PM"", ""Saturday"": ""11AM-9PM"", ""Sunday"": ""11AM-8PM""}",Monday:11AM-8PM|Tuesday:11AM-8PM|Wednesday:11AM-8PM|Thursday:11AM-8PM|Friday:11AM-9PM|Saturday:11AM-9PM|Sunday:11AM-8PM,,,OPERATIONAL,"{""Service options"": {""No-contact delivery"": true, ""Delivery"": true, ""Takeout"": true, ""Dine-in"": true}, ""Highlights"": {""Great tea selection"": true}, ""Accessibility"": {""Wheelchair accessible entrance"": true, ""Wheelchair accessible parking lot"": true, ""Wheelchair accessible restroom"": true}}",$,,https://lh3.googleusercontent.com/-fa_PhcSos8c/AAAAAAAAAAI/AAAAAAAAAAA/8Krz93VnVvY/s44-p-k-no-ns-nd/photo.jpg,,,True,113952074839455070200,Mr. Wish Franklin Mills,https://www.google.com/maps/contrib/113952074839455070200,,"https://www.google.com/viewer/chooseprovider?mid=/g/11qn0c715h&g2lbs=AAEPWCtfImnBFh0glxjaBfteT_C8uYvFVlmXbwwEcdoFQFeGELLrfiMcc8P498br4RxigfoHVk-k3f2QQKdRatYHZvdnHvNvng%3D%3D&hl=en-US&gl=us&fo_m=MfohQo559jFvMUOzJVpjPL1YMfZ3bInYwBDuMfaXTPp5KXh-&utm_source=tactile&gei=JHwCaO6zFYGIxc8PxeyPqQc&ei=JHwCaO6zFYGIxc8PxeyPqQc&fo_s=OA,SOE&opi=79508299&ebb=1&cs=0&foub=mcpp",,,"https://www.google.com/maps/place/Mr.+Wish+Franklin+Mills/@40.088604499999995,-74.9660267,14z/data=!4m8!1m2!2m1!1sMr.+Wish+Franklin+Mills!3m4!1s0x89c14da3cd24046f:0x26cc3e28258b9ef2!8m2!3d40.088604499999995!4d-74.9660267","https://www.google.com/maps/place/Mr.+Wish+Franklin+Mills/@40.088604499999995,-74.9660267,13.99z/data=!4m16!1m7!3m6!1s0x89c14da3cd24046f:0x26cc3e28258b9ef2!2sMr.+Wish+Franklin+Mills!8m2!3d40.088604499999995!4d-74.9660267!16s%2Fg%2F11ckvg1dmb!3m7!1s0x89c14da3cd24046f:0x26cc3e28258b9ef2!8m2!3d40.088604499999995!4d-74.9660267!9m1!1b1!16s%2Fg%2F11ckvg1dmb?entry=ttu",ChIJbwQkzaNNwYkR8p6LJSg-zCY,0x89c14da3cd24046f:0x26cc3e28258b9ef2,2795677810839756530,/g/11qn0c715h,2795677810839756530,,info@mrwishusa.com,RECEIVING,SMTP validated,,,,,,mrwishtexas@gmail.com,RECEIVING,SMTP validated,,,,,,,,,,,,,,12819741848,16513339008,13024823125,https://www.facebook.com/mrwishhouston/,,,,,,,,,,,,,,,Mr. Wish | Fruit Tea | mrwishusa,Wix.com Website Builder,"Mr. Wish is the No. 1 Fruit Tea Frachise from Taiwan. It is Natural, Healthy, Fresh, and Authenthic. Make you Wish come true. mrwishusa","bubble tea, fruit tea, mrwish, mrwishusa, mrwishusa.com",False,False
"boba tea, 19154, Philadelphia, PA, US",7-Cup,7 Cup,https://www.7cupbobapa.com/,Bubble tea store,Bubble tea store,Bubble tea store,+1 267-523-5123,"1982 Street Rd, Bensalem, PA 19020",Bensalem,1982 Street Rd,Bensalem,19020,Pennsylvania,Pennsylvania,United States of America,US,40.0972499,-74.9463349,892a13426afffff,America/New_York,,False,4.7,15,"https://search.google.com/local/reviews?placeid=ChIJSXA0uF9NwYkRxVMxtknuBwc&q=boba+tea,+19154,+Philadelphia,+PA,+US&authuser=0&hl=en&gl=US",,,0.0,0.0,0.0,4.0,11.0,3,https://lh3.googleusercontent.com/p/AF1QipN2EjZDxzsBp_FO6ZI3F-JSSJk_6BP9jSWCFFuo=w800-h500-k-no,https://lh3.googleusercontent.com/p/AF1QipN2EjZDxzsBp_FO6ZI3F-JSSJk_6BP9jSWCFFuo=w1600-h1000-k-no,,"{""Monday"": ""11AM-9PM"", ""Tuesday"": ""11AM-9PM"", ""Wednesday"": ""11AM-9PM"", ""Thursday"": ""11AM-9PM"", ""Friday"": ""11AM-10PM"", ""Saturday"": ""11AM-10PM"", ""Sunday"": ""12-9PM""}",Monday:11AM-9PM|Tuesday:11AM-9PM|Wednesday:11AM-9PM|Thursday:11AM-9PM|Friday:11AM-10PM|Saturday:11AM-10PM|Sunday:12-9PM,,,OPERATIONAL,"{""Service options"": {""Delivery"": true, ""Takeout"": true, ""Dine-in"": true}, ""Highlights"": {""Great tea selection"": true}, ""Accessibility"": {""Wheelchair accessible entrance"": true, ""Wheelchair accessible parking lot"": true}}",$,,,,,False,None,7-Cup,,,,,,"https://www.google.com/maps/place/7-Cup/@40.0972499,-74.9463349,14z/data=!4m8!1m2!2m1!1s7-Cup!3m4!1s0x89c14d5fb8347049:0x707ee49b63153c5!8m2!3d40.0972499!4d-74.9463349","https://www.google.com/maps/place/7-Cup/@40.0972499,-74.9463349,13.99z/data=!4m16!1m7!3m6!1s0x89c14d5fb8347049:0x707ee49b63153c5!2s7-Cup!8m2!3d40.0972499!4d-74.9463349!16s%2Fg%2F11ckvg1dmb!3m7!1s0x89c14d5fb8347049:0x707ee49b63153c5!8m2!3d40.0972499!4d-74.9463349!9m1!1b1!16s%2Fg%2F11ckvg1dmb?entry=ttu",ChIJSXA0uF9NwYkRxVMxtknuBwc,0x89c14d5fb8347049:0x707ee49b63153c5,506635483459179461,/g/11k0z3kfp1,506635483459179461,,,,,,,,,,,,,,,,,,,,,,,,,,2675235123,,,,,,,,,,,,,,,,,,Home - 7-Cup,,"Online ordering menu for 7-Cup. Here at 7-Cup, we serve cuisine such as Lemon Cheesecake with Blueberry Crumble, Honey Jasmine, Green Milk Tea, Thai Milk Tea, and Sun Blossom. We are located Street Road! We're not far from Patel Brothers. Order online for carryout or delivery!",,False,True
"boba tea, 19154, Philadelphia, PA, US",The Whale Tea,The Whale Tea,https://www.thewhaletea174.com/,"Bubble tea store, Asian fusion restaurant, Cafe",Bubble tea store,Bubble tea store,+1 267-684-6455,"174 E Street Rd, Feasterville, PA 19053",None,174 E Street Rd,Feasterville,19053,Pennsylvania,Pennsylvania,United States of America,US,40.148744099999995,-74.99759329999999,892a135ad23ffff,America/New_York,,False,4.5,88,"https://search.google.com/local/reviews?placeid=ChIJ6bwcmLitxokR1s3E-V6NeuY&q=boba+tea,+19154,+Philadelphia,+PA,+US&authuser=0&hl=en&gl=US",,,7.0,2.0,3.0,8.0,68.0,192,https://lh3.googleusercontent.com/p/AF1QipMJiyZeSxJKlwehvXjJ9OwkhkwJJ8HYFWQqgL3k=w800-h500-k-no,https://lh3.googleusercontent.com/p/AF1QipMJiyZeSxJKlwehvXjJ9OwkhkwJJ8HYFWQqgL3k=w1600-h1000-k-no,,"{""Monday"": ""11AM-9:30PM"", ""Tuesday"": ""11AM-9:30PM"", ""Wednesday"": ""11AM-9:30PM"", ""Thursday"": ""11AM-9:30PM"", ""Friday"": ""11AM-9:30PM"", ""Saturday"": ""11AM-9:30PM"", ""Sunday"": ""11AM-9:30PM""}",Monday:11AM-9:30PM|Tuesday:11AM-9:30PM|Wednesday:11AM-9:30PM|Thursday:11AM-9:30PM|Friday:11AM-9:30PM|Saturday:11AM-9:30PM|Sunday:11AM-9:30PM,,,OPERATIONAL,"{""Service options"": {""No-contact delivery"": true, ""Delivery"": true, ""Onsite services"": true, ""Takeout"": true, ""Dine-in"": true}, ""Highlights"": {""Great tea selection"": true}, ""Accessibility"": {""Wheelchair accessible entrance"": true, ""Wheelchair accessible parking lot"": true}, ""Parking"": {""Free parking lot"": true, ""Free street parking"": true}}",$,,https://lh5.googleusercontent.com/--MgeUTJYIBc/AAAAAAAAAAI/AAAAAAAAAAA/IWS4VGY8d-4/s44-p-k-no-ns-nd/photo.jpg,,,True,100154307448875254568,The Whale Tea,https://www.google.com/maps/contrib/100154307448875254568,"https://order.mealkeyway.com/merchant/354c486e69662f3941796966553473477151374b4f513d3d/main, https://www.thewhaletea174.com/, https://www.thewhaleteapa.com/","https://www.google.com/viewer/chooseprovider?mid=/g/11q4629q84&g2lbs=AAEPWCu3VN_qfCc3Ehxn8K3N87aisNColvhoqnpGE_CMvG5kffNY5bdk6xvKu9RCw1bFeyLgSHRgSYTkke5mo7-muuxIpARGzg%3D%3D&hl=en-US&gl=us&fo_m=MfohQo559jFvMUOzJVpjPL1YMfZ3bInYwBDuMfaXTPp5KXh-&utm_source=tactile&gei=JHwCaO6zFYGIxc8PxeyPqQc&ei=JHwCaO6zFYGIxc8PxeyPqQc&fo_s=OA,SOE&opi=79508299&ebb=1&cs=0&foub=mcpp",,"https://order.mealkeyway.com/merchant/354c486e69662f3941796966553473477151374b4f513d3d/main, https://www.thewhaletea174.com/, https://www.thewhaleteapa.com/","https://www.google.com/maps/place/The+Whale+Tea/@40.148744099999995,-74.99759329999999,14z/data=!4m8!1m2!2m1!1sThe+Whale+Tea!3m4!1s0x89c6adb8981cbce9:0xe67a8d5ef9c4cdd6!8m2!3d40.148744099999995!4d-74.99759329999999","https://www.google.com/maps/place/The+Whale+Tea/@40.148744099999995,-74.99759329999999,13.99z/data=!4m16!1m7!3m6!1s0x89c6adb8981cbce9:0xe67a8d5ef9c4cdd6!2sThe+Whale+Tea!8m2!3d40.148744099999995!4d-74.99759329999999!16s%2Fg%2F11ckvg1dmb!3m7!1s0x89c6adb8981cbce9:0xe67a8d5ef9c4cdd6!8m2!3d40.148744099999995!4d-74.99759329999999!9m1!1b1!16s%2Fg%2F11ckvg1dmb?entry=ttu",ChIJ6bwcmLitxokR1s3E-V6NeuY,0x89c6adb8981cbce9:0xe67a8d5ef9c4cdd6,16607742014938992086,/g/11q4629q84,-1839002058770559530,,,,,,,,,,,,,,,,,,,,,,,,,,,,,https://www.facebook.com/feastervillewhaletea,,,,,,,,,,,,,,,The Whale Tea - Bubble Tea Store | Online Order | Feasterville-Trevose | PA,Divi v.4.19.2,"Welcome to Our Restaurant, We serve Fresh Fruit Milk Series, Creme Brulee Series, Slush Series, Oolong Tea Series, Classic Milk Tea Series, Whale Crystal Series, Fresh Milk Tea Series, Fresh Fruit Tea Series, Milk Foam Fresh Tea Series, Dessert Menu and so on, Online Order, Near me",,False,True
"boba tea, 19154, Philadelphia, PA, US",Kung Fu Tea,Kung Fu Tea,http://www.kungfutea.com/,Bubble tea store,Bubble tea store,Bubble tea store,+1 445-255-7195,"1045-2 Bustleton Pike, Feasterville, PA 19053",None,1045-2 Bustleton Pike,Feasterville,19053,Pennsylvania,Pennsylvania,United States of America,US,40.151617,-75.0002411,892a135ad3bffff,America/New_York,,False,4.4,47,"https://search.google.com/local/reviews?placeid=ChIJBcBMSoWtxokR-elZ9iiGVIY&q=boba+tea,+19154,+Philadelphia,+PA,+US&authuser=0&hl=en&gl=US",,,4.0,0.0,2.0,6.0,35.0,201,https://lh3.googleusercontent.com/p/AF1QipPG5HHmLuc-3zq3_xEiwu3F-XTRSoKX6kkOeL6p=w800-h500-k-no,https://lh3.googleusercontent.com/p/AF1QipPG5HHmLuc-3zq3_xEiwu3F-XTRSoKX6kkOeL6p=w1600-h1000-k-no,,"{""Monday"": ""11AM-8:30PM"", ""Tuesday"": ""11AM-8:30PM"", ""Wednesday"": ""11AM-8:30PM"", ""Thursday"": ""11AM-8:30PM"", ""Friday"": ""11AM-9:30PM"", ""Saturday"": ""11AM-9:30PM"", ""Sunday"": ""11AM-8:30PM""}",Monday:11AM-8:30PM|Tuesday:11AM-8:30PM|Wednesday:11AM-8:30PM|Thursday:11AM-8:30PM|Friday:11AM-9:30PM|Saturday:11AM-9:30PM|Sunday:11AM-8:30PM,,,OPERATIONAL,"{""Service options"": {""Delivery"": true, ""Takeout"": true, ""Dine-in"": true}, ""Highlights"": {""Great tea selection"": true}, ""Accessibility"": {""Wheelchair accessible entrance"": true, ""Wheelchair accessible parking lot"": true, ""Wheelchair accessible restroom"": true}}",$,,https://lh5.googleusercontent.com/-LDVlwRTP2qM/AAAAAAAAAAI/AAAAAAAAAAA/39vCdt-fez0/s44-p-k-no-ns-nd/photo.jpg,"Bubble tea specialist with a selection of other hot & cold drinks, including coffee & slushes.",,True,102726625135712284747,Kung Fu Tea,https://www.google.com/maps/contrib/102726625135712284747,,"https://www.google.com/viewer/chooseprovider?mid=/g/11tfdb417f&g2lbs=AAEPWCs6zgtIf5M186i-eYtHNsQ2EgntYq97RF6q0FLww75XmH0EBczNChaXca09ttAVA__DtxRnJLd6jLel5PJ0hmN4CuqU9A%3D%3D&hl=en-US&gl=us&fo_m=MfohQo559jFvMUOzJVpjPL1YMfZ3bInYwBDuMfaXTPp5KXh-&utm_source=tactile&gei=JHwCaO6zFYGIxc8PxeyPqQc&ei=JHwCaO6zFYGIxc8PxeyPqQc&fo_s=OA,SOE&opi=79508299&ebb=1&cs=0&foub=mcpp",,,"https://www.google.com/maps/place/Kung+Fu+Tea/@40.151617,-75.0002411,14z/data=!4m8!1m2!2m1!1sKung+Fu+Tea!3m4!1s0x89c6ad854a4cc005:0x86548628f659e9f9!8m2!3d40.151617!4d-75.0002411","https://www.google.com/maps/place/Kung+Fu+Tea/@40.151617,-75.0002411,13.99z/data=!4m16!1m7!3m6!1s0x89c6ad854a4cc005:0x86548628f659e9f9!2sKung+Fu+Tea!8m2!3d40.151617!4d-75.0002411!16s%2Fg%2F11ckvg1dmb!3m7!1s0x89c6ad854a4cc005:0x86548628f659e9f9!8m2!3d40.151617!4d-75.0002411!9m1!1b1!16s%2Fg%2F11ckvg1dmb?entry=ttu",ChIJBcBMSoWtxokR-elZ9iiGVIY,0x89c6ad854a4cc005:0x86548628f659e9f9,9679509009615940089,/g/11tfdb417f,-8767235064093611527,,support@armsglobalinc.com,RECEIVING,Role,,,,,,marketing@kfteausa.com,RECEIVING,SMTP validated,,,,,,delivery_help@grubhub.com,RECEIVING,SMTP validated,,,,,,+1 724-544-6367,+1 855-538-9888,15402175182,https://www.facebook.com/kungfuteausa/,https://www.instagram.com/kungfuteausa,https://www.linkedin.com/company/kung-fu-tea,https://www.tiktok.com/@kungfutea,,,,,,,https://twitter.com/kfteausa,,,,,Menu — Kung Fu Tea | Fresh - Innovative - Fearless leading tea brand,WordPress 6.3,"Menu At Kung Fu Tea, every beverage is made-to-order with real Kung Fu. Our tea is freshly brewed every 3 hours using premium tea leaves. You can choose from classic teas, milk teas, fruit teas, slushies and more. Each drink is customized by you! You get to pick your toppings,…",,False,True
"bubble tea store, 19152, Philadelphia, PA, US",Gong cha - Willow Grove Mall,Gong Cha Willow Grove Mall,http://www.gongchausa.com/,Bubble tea store,Bubble tea store,Bubble tea store,+1 215-830-8888,"2500 W Moreland Rd Ste 1020, Willow Grove, PA 19090",None,2500 W Moreland Rd Ste 1020,Willow Grove,19090,Pennsylvania,Pennsylvania,United States of America,US,40.140673899999996,-75.1241405,892a1359d93ffff,America/New_York,,False,4.5,79,"https://search.google.com/local/reviews?placeid=ChIJwUF8S9yxxokROQ8DCwguhyI&q=bubble+tea+store,+19152,+Philadelphia,+PA,+US&authuser=0&hl=en&gl=US",,,6.0,3.0,0.0,5.0,65.0,25,https://lh3.googleusercontent.com/p/AF1QipN_JtpwTmHqk_Ak_4Nqf_UGUoULYHgiQsd_SSZm=w800-h500-k-no,https://lh3.googleusercontent.com/p/AF1QipN_JtpwTmHqk_Ak_4Nqf_UGUoULYHgiQsd_SSZm=w1600-h1000-k-no,,"{""Monday"": ""11AM-8PM"", ""Tuesday"": ""11AM-8PM"", ""Wednesday"": ""11AM-8PM"", ""Thursday"": ""11AM-8PM"", ""Friday"": ""10AM-9PM"", ""Saturday"": ""10AM-9PM"", ""Sunday"": ""11AM-6PM""}",Monday:11AM-8PM|Tuesday:11AM-8PM|Wednesday:11AM-8PM|Thursday:11AM-8PM|Friday:10AM-9PM|Saturday:10AM-9PM|Sunday:11AM-6PM,,,OPERATIONAL,"{""Service options"": {""Delivery"": true, ""Takeout"": true, ""Dine-in"": true}, ""Highlights"": {""Great tea selection"": true}, ""Accessibility"": {""Wheelchair accessible entrance"": true, ""Wheelchair accessible parking lot"": true}}",$,,https://lh4.googleusercontent.com/-6JAaeXsSSnk/AAAAAAAAAAI/AAAAAAAAAAA/BJn2-0RY7Bw/s44-p-k-no-ns-nd/photo.jpg,,,True,109257513677455051733,Gong cha - Willow Grove Mall,https://www.google.com/maps/contrib/109257513677455051733,,"https://www.google.com/viewer/chooseprovider?mid=/g/11tds4d1lr&g2lbs=AAEPWCuZqFAIaNh4kJXGMZmYJ3RzdmYDbHHeJ3hxrPqDlEqO72SUJ4H1j71glh1tEtdO0VTwU98Qtu1WAhoFoK2xBTGKs8Ysbg%3D%3D&hl=en-US&gl=us&fo_m=MfohQo559jFvMUOzJVpjPL1YMfZ3bInYwBDuMfaXTPp5KXh-&utm_source=tactile&gei=JnwCaNyVDJWNxc8PxtGZyAc&ei=JnwCaNyVDJWNxc8PxtGZyAc&fo_s=OA,SOE&opi=79508299&ebb=1&cs=0&foub=mcpp",,,"https://www.google.com/maps/place/Gong+cha+-+Willow+Grove+Mall/@40.140673899999996,-75.1241405,14z/data=!4m8!1m2!2m1!1sGong+cha+-+Willow+Grove+Mall!3m4!1s0x89c6b1dc4b7c41c1:0x22872e080b030f39!8m2!3d40.140673899999996!4d-75.1241405","https://www.google.com/maps/place/Gong+cha+-+Willow+Grove+Mall/@40.140673899999996,-75.1241405,13.99z/data=!4m16!1m7!3m6!1s0x89c6b1dc4b7c41c1:0x22872e080b030f39!2sGong+cha+-+Willow+Grove+Mall!8m2!3d40.140673899999996!4d-75.1241405!16s%2Fg%2F11ckvg1dmb!3m7!1s0x89c6b1dc4b7c41c1:0x22872e080b030f39!8m2!3d40.140673899999996!4d-75.1241405!9m1!1b1!16s%2Fg%2F11ckvg1dmb?entry=ttu",ChIJwUF8S9yxxokROQ8DCwguhyI,0x89c6b1dc4b7c41c1:0x22872e080b030f39,2488007931224854329,/g/11tds4d1lr,2488007931224854329,,inquiries@gongchausa.com,RECEIVING,SMTP validated,Anchal Lamba,Anchal,Lamba,Managing Member,12123982716,anchal@gongchausa.com,RECEIVING,SMTP validated,Anchal Lamba,Anchal,Lamba,President,15163839000,rborgia@gongchausa.com,INVALID,Invalid SMTP,Robert Borgia,Robert,Borgia,Could Not Locate,15167496919,5168135642,15624748745,14697099380,https://www.facebook.com/gongchatea/,http://instagram.com/gongchatea,https://www.linkedin.com/company/gong-cha,https://www.tiktok.com/@gongcha.bubbletea,,,,,,,https://twitter.com/gongchatea,,,,,New Jersey – Jersey City - Gong cha,All in One SEO (AIOSEO) 4.7.7.2,Premium Quality Bubble Tea,,False,False