query,name,name_for_emails,site,subtypes,category,type,phone,full_address,borough,street,city,postal_code,state,us_state,country,country_code,latitude,longitude,h3,time_zone,plus_code,area_service,rating,reviews,reviews_link,reviews_tags,reviews_per_score,reviews_per_score_1,reviews_per_score_2,reviews_per_score_3,reviews_per_score_4,reviews_per_score_5,photos_count,photo,street_view,located_in,working_hours,working_hours_old_format,other_hours,popular_times,business_status,about,range,posts,logo,description,typical_time_spent,verified,owner_id,owner_title,owner_link,reservation_links,booking_appointment_link,menu_link,order_links,location_link,location_reviews_link,place_id,google_id,cid,kgmid,reviews_id,located_google_id,email_1,email_1.emails_validator.status,email_1.emails_validator.status_details,email_1_full_name,email_1_first_name,email_1_last_name,email_1_title,email_1_phone,email_2,email_2.emails_validator.status,email_2.emails_validator.status_details,email_2_full_name,email_2_first_name,email_2_last_name,email_2_title,email_2_phone,email_3,email_3.emails_validator.status,email_3.emails_validator.status_details,email_3_full_name,email_3_first_name,email_3_last_name,email_3_title,email_3_phone,phone_1,phone_2,phone_3,facebook,instagram,linkedin,tiktok,medium,reddit,skype,snapchat,telegram,whatsapp,twitter,vimeo,youtube,github,crunchbase,website_title,website_generator,website_description,website_keywords,website_has_fb_pixel,website_has_google_tag
"boba tea, 98433, Tacoma, WA, US",BobaLust Tacoma,Bobalust Tacoma,http://bobalustteahouse.com/,Bubble tea store,Bubble tea store,Bubble tea store,,"4027 Tacoma Mall Blvd, Tacoma, WA 98409",South Tacoma,4027 Tacoma Mall Blvd,Tacoma,98409,Washington,Washington,United States of America,US,47.2215595,-122.4662639,8928d5c250fffff,America/Los_Angeles,,False,4.4,122,"https://search.google.com/local/reviews?placeid=ChIJk2JijiL_kFQRsGMb9Fjsrhw&q=boba+tea,+98433,+Tacoma,+WA,+US&authuser=0&hl=en&gl=US",,,10.0,2.0,2.0,18.0,90.0,76,https://lh3.googleusercontent.com/gps-cs-s/AB5caB8D3xkMDI_D3pkrecQgVSpks_5fNz9-f2vk225eCDLDCHweYx5zpAsa9jO9A3py2KHvMFJh7poF_oV3nI-Q8XCfc_7V9bQmw_rl7sSjaWOELfID2Ct1-GHeh0m5gtv4VG4rG0nRwQ=w800-h500-k-no,https://lh3.googleusercontent.com/gps-cs-s/AB5caB8D3xkMDI_D3pkrecQgVSpks_5fNz9-f2vk225eCDLDCHweYx5zpAsa9jO9A3py2KHvMFJh7poF_oV3nI-Q8XCfc_7V9bQmw_rl7sSjaWOELfID2Ct1-GHeh0m5gtv4VG4rG0nRwQ=w1600-h1000-k-no,,"{""Monday"": ""1-10PM"", ""Tuesday"": ""1-10PM"", ""Wednesday"": ""1-10PM"", ""Thursday"": ""1-10PM"", ""Friday"": ""1-11PM"", ""Saturday"": ""1-11PM"", ""Sunday"": ""1-10PM""}",Monday:1-10PM|Tuesday:1-10PM|Wednesday:1-10PM|Thursday:1-10PM|Friday:1-11PM|Saturday:1-11PM|Sunday:1-10PM,,,OPERATIONAL,"{""Service options"": {""Takeout"": true, ""Dine-in"": true, ""Delivery"": false}, ""Highlights"": {""Great tea selection"": true}, ""Accessibility"": {""Wheelchair accessible entrance"": true, ""Wheelchair accessible parking lot"": true, ""Wheelchair accessible restroom"": true}}",,,https://lh6.googleusercontent.com/-7Uw6OLosDbU/AAAAAAAAAAI/AAAAAAAAAAA/q3ozmWKZ0aQ/s44-p-k-no-ns-nd/photo.jpg,,,True,115443691597832461390,BobaLust Tacoma,https://www.google.com/maps/contrib/115443691597832461390,,,,,"https://www.google.com/maps/place/BobaLust+Tacoma/@47.2215595,-122.4662639,14z/data=!4m8!1m2!2m1!1sBobaLust+Tacoma!3m4!1s0x5490ff228e626293:0x1caeec58f41b63b0!8m2!3d47.2215595!4d-122.4662639","https://www.google.com/maps/place/BobaLust+Tacoma/@47.2215595,-122.4662639,13.99z/data=!4m16!1m7!3m6!1s0x5490ff228e626293:0x1caeec58f41b63b0!2sBobaLust+Tacoma!8m2!3d47.2215595!4d-122.4662639!16s%2Fg%2F11ckvg1dmb!3m7!1s0x5490ff228e626293:0x1caeec58f41b63b0!8m2!3d47.2215595!4d-122.4662639!9m1!1b1!16s%2Fg%2F11ckvg1dmb?entry=ttu",ChIJk2JijiL_kFQRsGMb9Fjsrhw,0x5490ff228e626293:0x1caeec58f41b63b0,2066849145806349232,/g/11n70nh4sn,2066849145806349232,,jobs@bobalust.com,RECEIVING,SMTP validated,,,,,,,,,,,,,,,,,,,,,,,,,https://www.facebook.com/105840394553388,,,,,,,,,,,,,,,HOME | bobalust,Wix.com Website Builder,,,False,False
"boba tea, 98433, Tacoma, WA, US",S Level Tea-Tacoma,S Level Tea Tacoma,https://slevelteaus.com/locations/,Bubble tea store,Bubble tea store,Bubble tea store,+1 253-627-2111,"1724 Pacific Ave, Tacoma, WA 98402",New Tacoma,1724 Pacific Ave,Tacoma,98402,Washington,Washington,United States of America,US,47.2461741,-122.43722389999999,8928d5c23d7ffff,America/Los_Angeles,,False,4.8,59,"https://search.google.com/local/reviews?placeid=ChIJYwa3ka9VkFQR2jRrsGNkOTo&q=boba+tea,+98433,+Tacoma,+WA,+US&authuser=0&hl=en&gl=US",,,1.0,1.0,0.0,2.0,55.0,172,https://lh3.googleusercontent.com/gps-proxy/ALd4DhH45f22pomA5x0r2Ud8M-xjm4c1vg76ICjZrU7utScWmMSkckp53DiSef9IVh6HDySotpnqJI7jbQYEZn_J7p2SgzDQ9v6LBK4omjyKn_X9zr-8qgKjyujuKhsyoYP7-AeJWb-mPjsW3GHLzke5VL5oH6wIxsAB6nOWRFp0jbx-V88Pmp4LLBo=w800-h500-k-no,https://lh3.googleusercontent.com/gps-proxy/ALd4DhH45f22pomA5x0r2Ud8M-xjm4c1vg76ICjZrU7utScWmMSkckp53DiSef9IVh6HDySotpnqJI7jbQYEZn_J7p2SgzDQ9v6LBK4omjyKn_X9zr-8qgKjyujuKhsyoYP7-AeJWb-mPjsW3GHLzke5VL5oH6wIxsAB6nOWRFp0jbx-V88Pmp4LLBo=w1600-h1000-k-no,,"{""Monday"": ""11AM-8PM"", ""Tuesday"": ""11AM-8PM"", ""Wednesday"": ""11AM-8PM"", ""Thursday"": ""11AM-8PM"", ""Friday"": ""11AM-8PM"", ""Saturday"": ""11AM-8PM"", ""Sunday"": ""Closed""}",Monday:11AM-8PM|Tuesday:11AM-8PM|Wednesday:11AM-8PM|Thursday:11AM-8PM|Friday:11AM-8PM|Saturday:11AM-8PM|Sunday:Closed,,,OPERATIONAL,"{""From the business"": {""Identifies as Asian-owned"": true}, ""Service options"": {""Curbside pickup"": true, ""No-contact delivery"": true, ""Delivery"": true, ""Takeout"": true, ""Dine-in"": true}, ""Highlights"": {""Great tea selection"": true}, ""Accessibility"": {""Wheelchair accessible entrance"": true, ""Wheelchair accessible parking lot"": true, ""Wheelchair accessible restroom"": true}, ""Amenities"": {""Gender-neutral restroom"": true}, ""Parking"": {""Free street parking"": true, ""Paid street parking"": true}, ""Other"": {""Identifies as Asian-owned"": true}}",$,,https://lh6.googleusercontent.com/-wRHFOoKRIuY/AAAAAAAAAAI/AAAAAAAAAAA/sRzmAI7Rhcg/s44-p-k-no-ns-nd/photo.jpg,,,True,115756703958717987888,S Level Tea-Tacoma,https://www.google.com/maps/contrib/115756703958717987888,,"https://www.google.com/viewer/chooseprovider?mid=/g/11vwpqzltz&g2lbs=AAEPWCv4uYMNvMV3txGxbWpicN6clDMS7C1_ZD9ngAUaCVrg10SLC73yXCeb6ouxyeFWSqQ7LYKpVhpb_A4YmbYSmJVqXyktZw%3D%3D&hl=en-US&gl=us&fo_m=MfohQo559jFvMUOzJVpjPL1YMfZ3bInYwBDuMfaXTPp5KXh-&utm_source=tactile&gei=NNcCaJzJA8unhbIP4vDciQQ&ei=NNcCaJzJA8unhbIP4vDciQQ&fo_s=OA,SOE&opi=79508299&ebb=1&cs=0&foub=mcpp",,,"https://www.google.com/maps/place/S+Level+Tea-Tacoma/@47.2461741,-122.43722389999999,14z/data=!4m8!1m2!2m1!1sS+Level+Tea-Tacoma!3m4!1s0x549055af91b70663:0x3a396463b06b34da!8m2!3d47.2461741!4d-122.43722389999999","https://www.google.com/maps/place/S+Level+Tea-Tacoma/@47.2461741,-122.43722389999999,13.99z/data=!4m16!1m7!3m6!1s0x549055af91b70663:0x3a396463b06b34da!2sS+Level+Tea-Tacoma!8m2!3d47.2461741!4d-122.43722389999999!16s%2Fg%2F11ckvg1dmb!3m7!1s0x549055af91b70663:0x3a396463b06b34da!8m2!3d47.2461741!4d-122.43722389999999!9m1!1b1!16s%2Fg%2F11ckvg1dmb?entry=ttu",ChIJYwa3ka9VkFQR2jRrsGNkOTo,0x549055af91b70663:0x3a396463b06b34da,4195494907196683482,/g/11vwpqzltz,4195494907196683482,,sleveltea@gmail.com,RECEIVING,Verified,,,,,,,,,,,,,,,,,,,,,,,,,,,,,,,,,,,,,,,,Slevelteaus,WordPress 6.6.1,,,False,False
"boba tea, 98433, Tacoma, WA, US",Jade Lounge,Jade Lounge,http://jadelounge253.com/,Bubble tea store,Bubble tea store,Bubble tea store,,"2421 S Union Ave, Tacoma, WA 98405",Central Tacoma,2421 S Union Ave,Tacoma,98405,Washington,Washington,United States of America,US,47.2379235,-122.4812929,8928d5c21a3ffff,America/Los_Angeles,,False,4.5,195,"https://search.google.com/local/reviews?placeid=ChIJc--UcK5VkFQRRvH0Bu-VzXA&q=boba+tea,+98433,+Tacoma,+WA,+US&authuser=0&hl=en&gl=US",,,8.0,11.0,6.0,12.0,158.0,174,https://lh3.googleusercontent.com/gps-cs-s/AB5caB9ctzJdErHFwymCpYIA5Hl7XXABB44InGDkBgdrYJqjXGhZJTNWhz2yNGBsSkM-N50ZyMXJyN03W0CyGzpMcHhA6dP0mOzq3diWxFE1AJcpoRoJguIZoXblb_idLilHKb1inwXs=w800-h500-k-no,https://lh3.googleusercontent.com/gps-cs-s/AB5caB9ctzJdErHFwymCpYIA5Hl7XXABB44InGDkBgdrYJqjXGhZJTNWhz2yNGBsSkM-N50ZyMXJyN03W0CyGzpMcHhA6dP0mOzq3diWxFE1AJcpoRoJguIZoXblb_idLilHKb1inwXs=w1600-h1000-k-no,,"{""Monday"": ""10AM-10PM"", ""Tuesday"": ""10AM-10PM"", ""Wednesday"": ""10AM-10PM"", ""Thursday"": ""10AM-10PM"", ""Friday"": ""11AM-10PM"", ""Saturday"": ""11AM-10PM"", ""Sunday"": ""11AM-10PM""}",Monday:10AM-10PM|Tuesday:10AM-10PM|Wednesday:10AM-10PM|Thursday:10AM-10PM|Friday:11AM-10PM|Saturday:11AM-10PM|Sunday:11AM-10PM,,,OPERATIONAL,"{""From the business"": {""Identifies as Asian-owned"": true, ""Identifies as women-owned"": true}, ""Service options"": {""Delivery"": true, ""Onsite services"": true, ""Takeout"": true, ""Dine-in"": true}, ""Highlights"": {""Great tea selection"": true}, ""Accessibility"": {""Wheelchair accessible entrance"": true, ""Wheelchair accessible parking lot"": true, ""Wheelchair accessible restroom"": true}, ""Amenities"": {""Gender-neutral restroom"": true}, ""Crowd"": {""LGBTQ+ friendly"": true, ""Transgender safespace"": true}, ""Other"": {""LGBTQ+ friendly"": true, ""Identifies as women-owned"": true, ""Identifies as Asian-owned"": true}}",$$,,https://lh4.googleusercontent.com/-mSX20oGnpqw/AAAAAAAAAAI/AAAAAAAAAAA/2Ol88xJEu_Q/s44-p-k-no-ns-nd/photo.jpg,,,True,115921138586874966077,Jade Lounge,https://www.google.com/maps/contrib/115921138586874966077,,"https://www.google.com/viewer/chooseprovider?mid=/g/11rzdc3m2g&g2lbs=AAEPWCuqTU1Ul7H8GLIUTTusUvqnOWjW8JxMG13qyYsZ5afHMJgJsnsCYvxYWsejpdjukwnp2PfA2ORdTGxXEh42QoEblbyC2w%3D%3D&hl=en-US&gl=us&fo_m=MfohQo559jFvMUOzJVpjPL1YMfZ3bInYwBDuMfaXTPp5KXh-&utm_source=tactile&gei=NNcCaJzJA8unhbIP4vDciQQ&ei=NNcCaJzJA8unhbIP4vDciQQ&fo_s=OA,SOE&opi=79508299&ebb=1&cs=0&foub=mcpp",,,"https://www.google.com/maps/place/Jade+Lounge/@47.2379235,-122.4812929,14z/data=!4m8!1m2!2m1!1sJade+Lounge!3m4!1s0x549055ae7094ef73:0x70cd95ef06f4f146!8m2!3d47.2379235!4d-122.4812929","https://www.google.com/maps/place/Jade+Lounge/@47.2379235,-122.4812929,13.99z/data=!4m16!1m7!3m6!1s0x549055ae7094ef73:0x70cd95ef06f4f146!2sJade+Lounge!8m2!3d47.2379235!4d-122.4812929!16s%2Fg%2F11ckvg1dmb!3m7!1s0x549055ae7094ef73:0x70cd95ef06f4f146!8m2!3d47.2379235!4d-122.4812929!9m1!1b1!16s%2Fg%2F11ckvg1dmb?entry=ttu",ChIJc--UcK5VkFQRRvH0Bu-VzXA,0x549055ae7094ef73:0x70cd95ef06f4f146,8128317756320051526,/g/11rzdc3m2g,8128317756320051526,,jadelounge253@gmail.com,RECEIVING,SMTP validated,,,,,,,,,,,,,,,,,,,,,,,,,https://www.facebook.com/100265279284038,,,,,,,,,,,,,,,Home | My Site,Wix.com Website Builder,,,False,False
"boba tea, 98433, Tacoma, WA, US",Jodo Tea,Jodo Tea,http://www.jodotea.com/,Bubble tea store,Bubble tea store,Bubble tea store,,"1901 S 72nd St C36B, Tacoma, WA 98408",South End,1901 S 72nd St C36B,Tacoma,98408,Washington,Washington,United States of America,US,47.192788799999995,-122.4598836,8928d5d0bd7ffff,America/Los_Angeles,,False,4.8,46,"https://search.google.com/local/reviews?placeid=ChIJ051fgW4BkVQRGhDdAPzAgPc&q=boba+tea,+98433,+Tacoma,+WA,+US&authuser=0&hl=en&gl=US",,,1.0,1.0,0.0,1.0,43.0,55,https://lh3.googleusercontent.com/gps-cs-s/AB5caB-8GXAf7U6IxmVMz8fqrlwCEPBHPNIWIijev4OBCX6_RyTIr5-mSL81-zJzJOrMDeMYun1JpB2NYxUDFxP7h7bZajWf0N7lCFk-zfLDVr11nZz_4s8OY-vvHZU5mWfUGc3M8OTm7A=w800-h500-k-no,https://lh3.googleusercontent.com/gps-cs-s/AB5caB-8GXAf7U6IxmVMz8fqrlwCEPBHPNIWIijev4OBCX6_RyTIr5-mSL81-zJzJOrMDeMYun1JpB2NYxUDFxP7h7bZajWf0N7lCFk-zfLDVr11nZz_4s8OY-vvHZU5mWfUGc3M8OTm7A=w1600-h1000-k-no,,"{""Monday"": ""12-8PM"", ""Tuesday"": ""12-8PM"", ""Wednesday"": ""12-8PM"", ""Thursday"": ""12-8PM"", ""Friday"": ""12-8PM"", ""Saturday"": ""12-8PM"", ""Sunday"": ""12-8PM""}",Monday:12-8PM|Tuesday:12-8PM|Wednesday:12-8PM|Thursday:12-8PM|Friday:12-8PM|Saturday:12-8PM|Sunday:12-8PM,,,OPERATIONAL,"{""Service options"": {""Onsite services"": true, ""Takeout"": true, ""Dine-in"": true, ""Delivery"": false}, ""Highlights"": {""Great tea selection"": true}, ""Accessibility"": {""Wheelchair accessible entrance"": true, ""Wheelchair accessible parking lot"": true}, ""Parking"": {""Free parking lot"": true}}",,,https://lh5.googleusercontent.com/-tO55X8WEJ-Q/AAAAAAAAAAI/AAAAAAAAAAA/Quf4vTTknVA/s44-p-k-no-ns-nd/photo.jpg,,,True,100854779709897049358,JODO TEA,https://www.google.com/maps/contrib/100854779709897049358,,,,,"https://www.google.com/maps/place/JODO+TEA/@47.192788799999995,-122.4598836,14z/data=!4m8!1m2!2m1!1sJODO+TEA!3m4!1s0x5491016e815f9dd3:0xf780c0fc00dd101a!8m2!3d47.192788799999995!4d-122.4598836","https://www.google.com/maps/place/JODO+TEA/@47.192788799999995,-122.4598836,13.99z/data=!4m16!1m7!3m6!1s0x5491016e815f9dd3:0xf780c0fc00dd101a!2sJODO+TEA!8m2!3d47.192788799999995!4d-122.4598836!16s%2Fg%2F11ckvg1dmb!3m7!1s0x5491016e815f9dd3:0xf780c0fc00dd101a!8m2!3d47.192788799999995!4d-122.4598836!9m1!1b1!16s%2Fg%2F11ckvg1dmb?entry=ttu",ChIJ051fgW4BkVQRGhDdAPzAgPc,0x5491016e815f9dd3:0xf780c0fc00dd101a,17834466712965943322,/g/11vr18mjp2,-612277360743608294,,info@jodotea.com,RECEIVING,Role,,,,,,,,,,,,,,,,,,,,,,,,,,,,,,,,,,,,,,,,home | JODO TEA | tacoma,Wix.com Website Builder,Website landing for JODO TEA! Take a quick look at our menu and order in-store in Tacoma.,,False,False
"boba tea, 98433, Tacoma, WA, US",IC Boba,Ic Boba,https://icboba.my.canva.site/don-t-you-want-me-boba,Bubble tea store,Bubble tea store,Bubble tea store,+1 253-212-0971,"9104 S Tacoma Way, Lakewood, WA 98499",None,9104 S Tacoma Way,Lakewood,98499,Washington,Washington,United States of America,US,47.1747795,-122.48481389999999,8928d5d0d63ffff,America/Los_Angeles,,False,4.3,11,"https://search.google.com/local/reviews?placeid=ChIJjV2VzwUBkVQRjo9Zl41qY5s&q=boba+tea,+98433,+Tacoma,+WA,+US&authuser=0&hl=en&gl=US",,,2.0,0.0,0.0,0.0,9.0,72,https://lh3.googleusercontent.com/p/AF1QipMpQLl_v5AI1AkAWiVG_wpF5Zx5sZZ7GeudQX9E=w800-h500-k-no,https://lh3.googleusercontent.com/p/AF1QipMpQLl_v5AI1AkAWiVG_wpF5Zx5sZZ7GeudQX9E=w1600-h1000-k-no,,"{""Monday"": ""11:30AM-9PM"", ""Tuesday"": ""11:30AM-9PM"", ""Wednesday"": ""11:30AM-9PM"", ""Thursday"": ""11:30AM-9PM"", ""Friday"": ""11:30AM-9PM"", ""Saturday"": ""11:30AM-9PM"", ""Sunday"": ""11:30AM-9PM""}",Monday:11:30AM-9PM|Tuesday:11:30AM-9PM|Wednesday:11:30AM-9PM|Thursday:11:30AM-9PM|Friday:11:30AM-9PM|Saturday:11:30AM-9PM|Sunday:11:30AM-9PM,,,OPERATIONAL,"{""From the business"": {""Identifies as Asian-owned"": true}, ""Service options"": {""Delivery"": true, ""Takeout"": true, ""Dine-in"": true}, ""Highlights"": {""Great tea selection"": true}, ""Accessibility"": {""Wheelchair accessible entrance"": true, ""Wheelchair accessible parking lot"": true}, ""Other"": {""Identifies as Asian-owned"": true}}",$$,,https://lh4.googleusercontent.com/-MR0-uTvjK7s/AAAAAAAAAAI/AAAAAAAAAAA/CPBWeMr1nDE/s44-p-k-no-ns-nd/photo.jpg,,,True,104004721407305480040,IC Boba,https://www.google.com/maps/contrib/104004721407305480040,,"https://www.google.com/viewer/chooseprovider?mid=/g/11y5ffwzg5&g2lbs=AAEPWCuntwg-DBKjjq3Udtux5-LrgNjZoBoz0gOMlum6KP6PVZ-GZSpB8Fc6V3vQA9XWLq3x0wH6SNC6xXoNlCibOuafic5DWA%3D%3D&hl=en-US&gl=us&fo_m=MfohQo559jFvMUOzJVpjPL1YMfZ3bInYwBDuMfaXTPp5KXh-&utm_source=tactile&gei=NNcCaJzJA8unhbIP4vDciQQ&ei=NNcCaJzJA8unhbIP4vDciQQ&fo_s=OA,SOE&opi=79508299&ebb=1&cs=0&foub=mcpp",,,"https://www.google.com/maps/place/IC+Boba/@47.1747795,-122.48481389999999,14z/data=!4m8!1m2!2m1!1sIC+Boba!3m4!1s0x54910105cf955d8d:0x9b636a8d97598f8e!8m2!3d47.1747795!4d-122.48481389999999","https://www.google.com/maps/place/IC+Boba/@47.1747795,-122.48481389999999,13.99z/data=!4m16!1m7!3m6!1s0x54910105cf955d8d:0x9b636a8d97598f8e!2sIC+Boba!8m2!3d47.1747795!4d-122.48481389999999!16s%2Fg%2F11ckvg1dmb!3m7!1s0x54910105cf955d8d:0x9b636a8d97598f8e!8m2!3d47.1747795!4d-122.48481389999999!9m1!1b1!16s%2Fg%2F11ckvg1dmb?entry=ttu",ChIJjV2VzwUBkVQRjo9Zl41qY5s,0x54910105cf955d8d:0x9b636a8d97598f8e,11196910254935347086,/g/11y5ffwzg5,-7249833818774204530,,,,,,,,,,,,,,,,,,,,,,,,,,,,,,,,,,,,,,,,,,,,IC BOBA,,,,False,False
"boba tea, 98433, Tacoma, WA, US",Mauritius Tea,Mauritius Tea,http://mauritiusteausa.com/,Bubble tea store,Bubble tea store,Bubble tea store,+1 253-625-7905,"7320 40th St W, University Place, WA 98466",None,7320 40th St W,University Place,98466,Washington,Washington,United States of America,US,47.2205808,-122.5357573,8928d5d51cbffff,America/Los_Angeles,,False,4.9,277,"https://search.google.com/local/reviews?placeid=ChIJ5-3NI5OrkVQRwPTKSZtHKU4&q=boba+tea,+98433,+Tacoma,+WA,+US&authuser=0&hl=en&gl=US",,,5.0,4.0,2.0,4.0,262.0,263,https://lh3.googleusercontent.com/gps-cs-s/AB5caB84bSoONZovz-W-yy9vFDDr0h7diip-bq_vMK52Ep5N7EvV4q4NZnDbsq1UDI2yFCafPVSlgdD_VlLEkjUAf5Uu_I3sVKBPfgF87xiokwUovASpaTgITLKttFgGkLkfTV5S44Dq=w800-h500-k-no,https://lh3.googleusercontent.com/gps-cs-s/AB5caB84bSoONZovz-W-yy9vFDDr0h7diip-bq_vMK52Ep5N7EvV4q4NZnDbsq1UDI2yFCafPVSlgdD_VlLEkjUAf5Uu_I3sVKBPfgF87xiokwUovASpaTgITLKttFgGkLkfTV5S44Dq=w1600-h1000-k-no,,"{""Monday"": ""8AM-10PM"", ""Tuesday"": ""8AM-10PM"", ""Wednesday"": ""8AM-10PM"", ""Thursday"": ""8AM-10PM"", ""Friday"": ""8AM-12AM"", ""Saturday"": ""8AM-12AM"", ""Sunday"": ""9AM-9PM""}",Monday:8AM-10PM|Tuesday:8AM-10PM|Wednesday:8AM-10PM|Thursday:8AM-10PM|Friday:8AM-12AM|Saturday:8AM-12AM|Sunday:9AM-9PM,,,OPERATIONAL,"{""Service options"": {""No-contact delivery"": true, ""Delivery"": true, ""Takeout"": true, ""Dine-in"": true}, ""Highlights"": {""Great tea selection"": true}, ""Accessibility"": {""Wheelchair accessible entrance"": true, ""Wheelchair accessible parking lot"": true}, ""Parking"": {""Free parking lot"": true}}",$$,,https://lh3.googleusercontent.com/-zHiN7bsqN2A/AAAAAAAAAAI/AAAAAAAAAAA/6kBBRjJdyOQ/s44-p-k-no-ns-nd/photo.jpg,,,True,100866214928544593414,Mauritius Tea,https://www.google.com/maps/contrib/100866214928544593414,,"https://www.google.com/viewer/chooseprovider?mid=/g/11y44y7r8g&g2lbs=AAEPWCuoLw9OjIjmpm4nNF_Mi5-Ypld7NDzJv6iNzG_seWnpO1qhLcxIvyKW0qkh2T4UhP4C_hnO7fI-31VBPTn1uCUbea2r7w%3D%3D&hl=en-US&gl=us&fo_m=MfohQo559jFvMUOzJVpjPL1YMfZ3bInYwBDuMfaXTPp5KXh-&utm_source=tactile&gei=NNcCaJzJA8unhbIP4vDciQQ&ei=NNcCaJzJA8unhbIP4vDciQQ&fo_s=OA,SOE&opi=79508299&ebb=1&cs=0&foub=mcpp",,,"https://www.google.com/maps/place/Mauritius+Tea/@47.2205808,-122.5357573,14z/data=!4m8!1m2!2m1!1sMauritius+Tea!3m4!1s0x5491ab9323cdede7:0x4e29479b49caf4c0!8m2!3d47.2205808!4d-122.5357573","https://www.google.com/maps/place/Mauritius+Tea/@47.2205808,-122.5357573,13.99z/data=!4m16!1m7!3m6!1s0x5491ab9323cdede7:0x4e29479b49caf4c0!2sMauritius+Tea!8m2!3d47.2205808!4d-122.5357573!16s%2Fg%2F11ckvg1dmb!3m7!1s0x5491ab9323cdede7:0x4e29479b49caf4c0!8m2!3d47.2205808!4d-122.5357573!9m1!1b1!16s%2Fg%2F11ckvg1dmb?entry=ttu",ChIJ5-3NI5OrkVQRwPTKSZtHKU4,0x5491ab9323cdede7:0x4e29479b49caf4c0,5632111541287056576,/g/11y44y7r8g,5632111541287056576,,,,,,,,,,,,,,,,,,,,,,,,,,,,,,https://instagram.com/mauritiusteausa,,https://www.tiktok.com/@mauritiusteausa,,,,,,,,,,,,mauritius tea,,,,False,False
"boba tea, 98433, Tacoma, WA, US",EM Boba & Coffee,Em Boba And Coffee,https://www.embobacoffee.com/,"Bubble tea store, Dessert shop, Cafe",Dessert shop,Bubble tea store,,"5700 100th St SW #330, Lakewood, WA 98499",None,5700 100th St SW #330,Lakewood,98499,Washington,Washington,United States of America,US,47.1659667,-122.51131529999999,8928d5d72d3ffff,America/Los_Angeles,,False,5.0,29,"https://search.google.com/local/reviews?placeid=ChIJU6k0dvoBkVQROgNT-BpOpOU&q=boba+tea,+98433,+Tacoma,+WA,+US&authuser=0&hl=en&gl=US",,,0.0,0.0,0.0,1.0,28.0,30,https://lh3.googleusercontent.com/gps-cs-s/AB5caB_idk5FLf_xQ5HF8H4kl_LYYJLYMvcpAwWq1SsdHxGlySr2oH1i6vFtK2-R5Y_NrrChVs89QZsC6s07aewzLCSO4ko1uov2JJMsJxV15bWC-GcTbx0F695eF90XXOecExwqKs14=w800-h500-k-no,https://lh3.googleusercontent.com/gps-cs-s/AB5caB_idk5FLf_xQ5HF8H4kl_LYYJLYMvcpAwWq1SsdHxGlySr2oH1i6vFtK2-R5Y_NrrChVs89QZsC6s07aewzLCSO4ko1uov2JJMsJxV15bWC-GcTbx0F695eF90XXOecExwqKs14=w1600-h1000-k-no,,"{""Monday"": ""10:30AM-8:30PM"", ""Tuesday"": ""10:30AM-8:30PM"", ""Wednesday"": ""10:30AM-8:30PM"", ""Thursday"": ""10:30AM-8:30PM"", ""Friday"": ""10:30AM-8:30PM"", ""Saturday"": ""10:30AM-8:30PM"", ""Sunday"": ""10:30AM-8:30PM""}",Monday:10:30AM-8:30PM|Tuesday:10:30AM-8:30PM|Wednesday:10:30AM-8:30PM|Thursday:10:30AM-8:30PM|Friday:10:30AM-8:30PM|Saturday:10:30AM-8:30PM|Sunday:10:30AM-8:30PM,,,OPERATIONAL,"{""From the business"": {""Identifies as Asian-owned"": true}, ""Service options"": {""Curbside pickup"": true, ""No-contact delivery"": true, ""Delivery"": true, ""In-store pickup"": true, ""Takeout"": true, ""Dine-in"": true, ""Same-day delivery"": true}, ""Accessibility"": {""Wheelchair accessible entrance"": true, ""Wheelchair accessible parking lot"": true}, ""Payments"": {""Credit cards"": true, ""Debit cards"": true}, ""Parking"": {""Free parking garage"": true, ""Free parking lot"": true, ""Free street parking"": true, ""On-site parking"": true, ""Paid parking garage"": true, ""Paid parking lot"": true, ""Paid street parking"": true}, ""Other"": {""Identifies as Asian-owned"": true}}",,,https://lh4.googleusercontent.com/-3bSRydp_OR0/AAAAAAAAAAI/AAAAAAAAAAA/nM_yLB2aK3A/s44-p-k-no-ns-nd/photo.jpg,,,True,103548482849185365945,EM Boba & Coffee,https://www.google.com/maps/contrib/103548482849185365945,,"https://www.google.com/viewer/chooseprovider?mid=/g/11w336m97l&g2lbs=AAEPWCsP79zqd1kuVUam_BBrGscXY1sRgGGiw92nn8RPsv1MwcgDlABH6mUaHu45bPrVGj2-SqbED1YDM8_Ac3GukDgdtDbcpQ%3D%3D&hl=en-US&gl=us&fo_m=MfohQo559jFvMUOzJVpjPL1YMfZ3bInYwBDuMfaXTPp5KXh-&utm_source=tactile&gei=NNcCaJzJA8unhbIP4vDciQQ&ei=NNcCaJzJA8unhbIP4vDciQQ&fo_s=OA,SOE&opi=79508299&orderType=2&ebb=1&cs=0&foub=mcpp",,,"https://www.google.com/maps/place/EM+Boba+%26+Coffee/@47.1659667,-122.51131529999999,14z/data=!4m8!1m2!2m1!1sEM+Boba+%26+Coffee!3m4!1s0x549101fa7634a953:0xe5a44e1af853033a!8m2!3d47.1659667!4d-122.51131529999999","https://www.google.com/maps/place/EM+Boba+%26+Coffee/@47.1659667,-122.51131529999999,13.99z/data=!4m16!1m7!3m6!1s0x549101fa7634a953:0xe5a44e1af853033a!2sEM+Boba+%26+Coffee!8m2!3d47.1659667!4d-122.51131529999999!16s%2Fg%2F11ckvg1dmb!3m7!1s0x549101fa7634a953:0xe5a44e1af853033a!8m2!3d47.1659667!4d-122.51131529999999!9m1!1b1!16s%2Fg%2F11ckvg1dmb?entry=ttu",ChIJU6k0dvoBkVQROgNT-BpOpOU,0x549101fa7634a953:0xe5a44e1af853033a,16547436808608351034,/g/11w336m97l,-1899307265101200582,,,,,,,,,,,,,,,,,,,,,,,,,,,,,,,,,,,,,,,,,,,,Home | EM COFFEE,Wix.com Website Builder,,,False,False
"boba tea, 98433, Tacoma, WA, US",BTI (Boba T Island),Bti Boba T Island,https://www.instagram.com/bobatisland/,"Bubble tea store, Cafe, Coffee shop, Espresso bar, Restaurant, Tea house, Tea store",Bubble tea store,Bubble tea store,+1 253-983-0985,"8795 S Tacoma Way, Lakewood, WA 98499",None,8795 S Tacoma Way,Lakewood,98499,Washington,Washington,United States of America,US,47.177867,-122.48252099999999,8928d5d09d3ffff,America/Los_Angeles,,False,4.5,166,"https://search.google.com/local/reviews?placeid=ChIJT8no8FMAkVQRzp4Ax6g8E7Y&q=boba+tea,+98433,+Tacoma,+WA,+US&authuser=0&hl=en&gl=US",,,6.0,7.0,5.0,34.0,114.0,92,https://lh3.googleusercontent.com/gps-cs-s/AB5caB_uP7-q1NtqO39zYQwTW3Q42K2aESuAyFzKSxrm6CiqKqVQIOa_a25JrMq20-4Ttt4N3qlF9LP2XF-Bk14xssgK0pDELWONX7nxFOsvZ2h6IEYHKznQlXnRyGJm2a0Ixc_ixGRV=w800-h500-k-no,https://lh3.googleusercontent.com/gps-cs-s/AB5caB_uP7-q1NtqO39zYQwTW3Q42K2aESuAyFzKSxrm6CiqKqVQIOa_a25JrMq20-4Ttt4N3qlF9LP2XF-Bk14xssgK0pDELWONX7nxFOsvZ2h6IEYHKznQlXnRyGJm2a0Ixc_ixGRV=w1600-h1000-k-no,,"{""Monday"": ""10AM-9PM"", ""Tuesday"": ""10AM-9PM"", ""Wednesday"": ""10AM-9PM"", ""Thursday"": ""10AM-9PM"", ""Friday"": ""10AM-9PM"", ""Saturday"": ""10AM-9PM"", ""Sunday"": ""10AM-9PM""}",Monday:10AM-9PM|Tuesday:10AM-9PM|Wednesday:10AM-9PM|Thursday:10AM-9PM|Friday:10AM-9PM|Saturday:10AM-9PM|Sunday:10AM-9PM,"[{""breakfast"": {""Monday"": ""9 AM-9 PM"", ""Tuesday"": ""9 AM-9 PM"", ""Wednesday"": ""9 AM-9 PM"", ""Thursday"": ""9 AM-9 PM"", ""Friday"": ""9 AM-9 PM"", ""Saturday"": ""9 AM-9 PM"", ""Sunday"": ""9 AM-9 PM""}}, {""happy_hours"": {""Monday"": ""3-5 PM"", ""Tuesday"": ""3-5 PM"", ""Wednesday"": ""3-5 PM"", ""Thursday"": ""Closed"", ""Friday"": ""Closed"", ""Saturday"": ""Closed"", ""Sunday"": ""Closed""}}]",,OPERATIONAL,"{""Service options"": {""Delivery"": true, ""Onsite services"": true, ""Takeout"": true, ""Dine-in"": true}, ""Highlights"": {""Great tea selection"": true}, ""Accessibility"": {""Wheelchair accessible entrance"": true, ""Wheelchair accessible parking lot"": true, ""Wheelchair accessible restroom"": true}, ""Parking"": {""Free parking lot"": true, ""Free street parking"": true}}",$,,https://lh5.googleusercontent.com/-pRkGB1haJbY/AAAAAAAAAAI/AAAAAAAAAAA/012m5qTlmKk/s44-p-k-no-ns-nd/photo.jpg,,,True,105494415712271536396,BTI,https://www.google.com/maps/contrib/105494415712271536396,,"https://www.google.com/viewer/chooseprovider?mid=/g/1vfzdwpd&g2lbs=AAEPWCu0EfhLrRsWHACBp2es6-QMd0e9qTlu1TyKAvAieAVT6gGjt1V-qe8ZbbNtjD96q7sWPV5spi5eWeaP3srX9Lcx3r4wvQ%3D%3D&hl=en-US&gl=us&fo_m=MfohQo559jFvMUOzJVpjPL1YMfZ3bInYwBDuMfaXTPp5KXh-&utm_source=tactile&gei=NNcCaJzJA8unhbIP4vDciQQ&ei=NNcCaJzJA8unhbIP4vDciQQ&fo_s=OA,SOE&opi=79508299&ebb=1&cs=0&foub=mcpp",,,"https://www.google.com/maps/place/BTI+%28Boba+T+Island%29/@47.177867,-122.48252099999999,14z/data=!4m8!1m2!2m1!1sBTI+%28Boba+T+Island%29!3m4!1s0x54910053f0e8c94f:0xb6133ca8c7009ece!8m2!3d47.177867!4d-122.48252099999999","https://www.google.com/maps/place/BTI+%28Boba+T+Island%29/@47.177867,-122.48252099999999,13.99z/data=!4m16!1m7!3m6!1s0x54910053f0e8c94f:0xb6133ca8c7009ece!2sBTI+%28Boba+T+Island%29!8m2!3d47.177867!4d-122.48252099999999!16s%2Fg%2F11ckvg1dmb!3m7!1s0x54910053f0e8c94f:0xb6133ca8c7009ece!8m2!3d47.177867!4d-122.48252099999999!9m1!1b1!16s%2Fg%2F11ckvg1dmb?entry=ttu",ChIJT8no8FMAkVQRzp4Ax6g8E7Y,0x54910053f0e8c94f:0xb6133ca8c7009ece,13119896835051265742,/g/1vfzdwpd,-5326847238658285874,,,,,,,,,,,,,,,,,,,,,,,,,,,,,,,,,,,,,,,,,,,,,,,,,
"boba tea, 98433, Tacoma, WA, US",One Day Cafe,One Day Cafe,https://www.instagram.com/onedaycafe.wa,"Bubble tea store, Coffee shop, Cafe, Dessert shop",coffee shops,Bubble tea store,+1 253-507-8039,"9601 S Tacoma Way #101, Lakewood, WA 98499",None,9601 S Tacoma Way #101,Lakewood,98499,Washington,Washington,United States of America,US,47.169657199999996,-122.4831189,8928d5d0d47ffff,America/Los_Angeles,,False,4.8,130,"https://search.google.com/local/reviews?placeid=ChIJMU3xe54BkVQRYMnEqXf6Ve4&q=boba+tea,+98433,+Tacoma,+WA,+US&authuser=0&hl=en&gl=US",,,3.0,3.0,0.0,9.0,115.0,279,https://lh3.googleusercontent.com/gps-proxy/ALd4DhGFUAW3K_VI6rW8tJMQPJoxPHsZot-KE3bdLJoqhsRwmIvRMcaKHCmr6Lte_4PMP54LPDfR_2LeaD3C5GLx7PC1EvsM89d8pVlUv7PmCMAM4IGblbNJsPsDnAimn1WWwcs46-7WG-TfDYtSc81y1haw1IttreSRO_vK8OpPdbclfdv41DxWeGnn=w800-h500-k-no,https://lh3.googleusercontent.com/gps-proxy/ALd4DhGFUAW3K_VI6rW8tJMQPJoxPHsZot-KE3bdLJoqhsRwmIvRMcaKHCmr6Lte_4PMP54LPDfR_2LeaD3C5GLx7PC1EvsM89d8pVlUv7PmCMAM4IGblbNJsPsDnAimn1WWwcs46-7WG-TfDYtSc81y1haw1IttreSRO_vK8OpPdbclfdv41DxWeGnn=w1600-h1000-k-no,,"{""Monday"": ""10AM-9:30PM"", ""Tuesday"": ""10AM-9:30PM"", ""Wednesday"": ""10AM-9:30PM"", ""Thursday"": ""10AM-9:30PM"", ""Friday"": ""10AM-10PM"", ""Saturday"": ""10AM-10PM"", ""Sunday"": ""11AM-9PM""}",Monday:10AM-9:30PM|Tuesday:10AM-9:30PM|Wednesday:10AM-9:30PM|Thursday:10AM-9:30PM|Friday:10AM-10PM|Saturday:10AM-10PM|Sunday:11AM-9PM,,,OPERATIONAL,"{""Service options"": {""Delivery"": true, ""Takeout"": true, ""Dine-in"": true}, ""Highlights"": {""Great coffee"": true, ""Great dessert"": true, ""Great tea selection"": true}, ""Popular for"": {""Breakfast"": true, ""Solo dining"": true, ""Good for working on laptop"": true}, ""Accessibility"": {""Wheelchair accessible entrance"": true, ""Wheelchair accessible parking lot"": true, ""Wheelchair accessible seating"": true}, ""Offerings"": {""Coffee"": true, ""Comfort food"": true, ""Happy hour drinks"": true, ""Late-night food"": true, ""Organic dishes"": true, ""Prepared foods"": true, ""Quick bite"": true}, ""Dining options"": {""Breakfast"": true, ""Brunch"": true, ""Lunch"": true, ""Dinner"": true, ""Dessert"": true, ""Seating"": true}, ""Amenities"": {""Restroom"": true}, ""Atmosphere"": {""Casual"": true, ""Cozy"": true, ""Trendy"": true}, ""Crowd"": {""College students"": true, ""Family-friendly"": true, ""Groups"": true, ""LGBTQ+ friendly"": true, ""Transgender safespace"": true}, ""Payments"": {""Credit cards"": true, ""Debit cards"": true, ""NFC mobile payments"": true}, ""Children"": {""Good for kids"": true}, ""Parking"": {""Free parking lot"": true, ""Free street parking"": true, ""Parking"": true}, ""Other"": {""LGBTQ+ friendly"": true}}",$,,https://lh5.googleusercontent.com/-Dm95dwfonQw/AAAAAAAAAAI/AAAAAAAAAAA/KYV4mdIAfB0/s44-p-k-no-ns-nd/photo.jpg,,,True,104397657230613894315,One Day Cafe,https://www.google.com/maps/contrib/104397657230613894315,,"https://www.google.com/viewer/chooseprovider?mid=/g/11lcflcgcr&g2lbs=AAEPWCsCmHXAutb_MgoOCGFdbs5VrO6RSgUFfzelpssQs5T3iE7inOvUdUIG2a3acuABIalemMNrcrbYkkfLn6KHyiiUZbgLOw%3D%3D&hl=en-US&gl=us&fo_m=MfohQo559jFvMUOzJVpjPL1YMfZ3bInYwBDuMfaXTPp5KXh-&utm_source=tactile&gei=NNcCaJzJA8unhbIP4vDciQQ&ei=NNcCaJzJA8unhbIP4vDciQQ&fo_s=OA,SOE&opi=79508299&ebb=1&cs=0&foub=mcpp",,,"https://www.google.com/maps/place/One+Day+Cafe/@47.169657199999996,-122.4831189,14z/data=!4m8!1m2!2m1!1sOne+Day+Cafe!3m4!1s0x5491019e7bf14d31:0xee55fa77a9c4c960!8m2!3d47.169657199999996!4d-122.4831189","https://www.google.com/maps/place/One+Day+Cafe/@47.169657199999996,-122.4831189,13.99z/data=!4m16!1m7!3m6!1s0x5491019e7bf14d31:0xee55fa77a9c4c960!2sOne+Day+Cafe!8m2!3d47.169657199999996!4d-122.4831189!16s%2Fg%2F11ckvg1dmb!3m7!1s0x5491019e7bf14d31:0xee55fa77a9c4c960!8m2!3d47.169657199999996!4d-122.4831189!9m1!1b1!16s%2Fg%2F11ckvg1dmb?entry=ttu",ChIJMU3xe54BkVQRYMnEqXf6Ve4,0x5491019e7bf14d31:0xee55fa77a9c4c960,17173908145903552864,/g/11lcflcgcr,-1272835927805998752,,,,,,,,,,,,,,,,,,,,,,,,,,,,,,,,,,,,,,,,,,,,,,,,,
"boba tea, 98433, Tacoma, WA, US",Glow Tea (Tacoma Mall),Glow Tea Tacoma Mall,http://www.glowteainc.com/,Bubble tea store,Bubble tea store,Bubble tea store,+1 206-586-9750,"4502 S Steele St Suite 321, Tacoma, WA 98409",South Tacoma,4502 S Steele St Suite 321,Tacoma,98409,Washington,Washington,United States of America,US,47.216331,-122.465977,8928d5c2513ffff,America/Los_Angeles,,False,4.0,72,"https://search.google.com/local/reviews?placeid=ChIJBR0Y8Sf_kFQR8ByspFmBzB0&q=boba+tea,+98433,+Tacoma,+WA,+US&authuser=0&hl=en&gl=US",,,10.0,5.0,5.0,6.0,46.0,80,https://lh3.googleusercontent.com/p/AF1QipNryz-eEWG1TIrP7v-rHMARYfew8ccGrCoOmYjg=w800-h500-k-no,https://lh3.googleusercontent.com/p/AF1QipNryz-eEWG1TIrP7v-rHMARYfew8ccGrCoOmYjg=w1600-h1000-k-no,,"{""Monday"": ""10AM-8PM"", ""Tuesday"": ""10AM-8PM"", ""Wednesday"": ""10AM-8PM"", ""Thursday"": ""10AM-8PM"", ""Friday"": ""10AM-8PM"", ""Saturday"": ""10AM-8PM"", ""Sunday"": ""10AM-6PM""}",Monday:10AM-8PM|Tuesday:10AM-8PM|Wednesday:10AM-8PM|Thursday:10AM-8PM|Friday:10AM-8PM|Saturday:10AM-8PM|Sunday:10AM-6PM,,,OPERATIONAL,"{""Service options"": {""Delivery"": true, ""Takeout"": true, ""Dine-in"": true}, ""Highlights"": {""Great tea selection"": true}, ""Accessibility"": {""Wheelchair accessible entrance"": true, ""Wheelchair accessible parking lot"": true}}",$,,https://lh6.googleusercontent.com/-pLb79PIrz5M/AAAAAAAAAAI/AAAAAAAAAAA/x5iUx8Uexmc/s44-p-k-no-ns-nd/photo.jpg,,,True,115239482061828113507,Glow Tea - Tacoma Mall,https://www.google.com/maps/contrib/115239482061828113507,,"https://www.google.com/viewer/chooseprovider?mid=/g/11sjvr9c2t&g2lbs=AAEPWCtsK9t_tOW2XV7sEdSYA7rEjf4rgY6uLMe3aNieUvEWmgRCTR2RlxBTFqGUEDDV9Q6UMCLEkWWa9Su3VohaQid5_gbUjA%3D%3D&hl=en-US&gl=us&fo_m=MfohQo559jFvMUOzJVpjPL1YMfZ3bInYwBDuMfaXTPp5KXh-&utm_source=tactile&gei=NNcCaJzJA8unhbIP4vDciQQ&ei=NNcCaJzJA8unhbIP4vDciQQ&fo_s=OA,SOE&opi=79508299&ebb=1&cs=0&foub=mcpp",,,"https://www.google.com/maps/place/Glow+Tea+-+Tacoma+Mall/@47.216331,-122.465977,14z/data=!4m8!1m2!2m1!1sGlow+Tea+-+Tacoma+Mall!3m4!1s0x5490ff27f1181d05:0x1dcc8159a4ac1cf0!8m2!3d47.216331!4d-122.465977","https://www.google.com/maps/place/Glow+Tea+-+Tacoma+Mall/@47.216331,-122.465977,13.99z/data=!4m16!1m7!3m6!1s0x5490ff27f1181d05:0x1dcc8159a4ac1cf0!2sGlow+Tea+-+Tacoma+Mall!8m2!3d47.216331!4d-122.465977!16s%2Fg%2F11ckvg1dmb!3m7!1s0x5490ff27f1181d05:0x1dcc8159a4ac1cf0!8m2!3d47.216331!4d-122.465977!9m1!1b1!16s%2Fg%2F11ckvg1dmb?entry=ttu",ChIJBR0Y8Sf_kFQR8ByspFmBzB0,0x5490ff27f1181d05:0x1dcc8159a4ac1cf0,2147233344363699440,/g/11sjvr9c2t,2147233344363699440,,glowtea9@gmail.com,RECEIVING,SMTP validated,,,,,,,,,,,,,,,,,,,,,,,,,https://www.facebook.com/glowtea.lightbulb/,https://www.instagram.com/glowtea_light_bulb,,,,,,,,,,,,,,Boba tea | Glow Tea,Wix.com Website Builder,At the heart of Glow Tea you will find the highest Boba Tea that you ever had,,False,False
"boba tea, 98433, Tacoma, WA, US",FORESTea,Forestea,http://foresteaboba.com/,"Bubble tea store, Cafe, Coffee shop, Coffee store, Dessert shop, Soft drinks shop, Tea house, Tea store",Bubble tea store,Bubble tea store,+1 253-447-8228,"15127 Main St E #102, Sumner, WA 98390",None,15127 Main St E #102,Sumner,98390,Washington,Washington,United States of America,US,47.2028689,-122.22687909999999,8928d5d8483ffff,America/Los_Angeles,,False,4.9,235,"https://search.google.com/local/reviews?placeid=ChIJeSw6LSH7kFQRENecXNQNL6o&q=boba+tea,+98433,+Tacoma,+WA,+US&authuser=0&hl=en&gl=US",,,1.0,1.0,1.0,4.0,228.0,187,https://lh3.googleusercontent.com/gps-cs-s/AB5caB_hjAWJ14mrKYFz0Y9zcZlL8iFSIHPQM1EruDexx6Ko2nxTQXe6Ga4c5fYrcV4ehu4DAd1jdeq25bGJ5q1N5ecpmkLHyPJxipmPo74wSW88DFiYF4giDKtDmsiK5jt6mBijB_Mraw=w800-h500-k-no,https://lh3.googleusercontent.com/gps-cs-s/AB5caB_hjAWJ14mrKYFz0Y9zcZlL8iFSIHPQM1EruDexx6Ko2nxTQXe6Ga4c5fYrcV4ehu4DAd1jdeq25bGJ5q1N5ecpmkLHyPJxipmPo74wSW88DFiYF4giDKtDmsiK5jt6mBijB_Mraw=w1600-h1000-k-no,,"{""Monday"": ""11AM-9PM"", ""Tuesday"": ""11AM-9PM"", ""Wednesday"": ""11AM-9PM"", ""Thursday"": ""11AM-9PM"", ""Friday"": ""11AM-9PM"", ""Saturday"": ""11AM-9PM"", ""Sunday"": ""11AM-9PM""}",Monday:11AM-9PM|Tuesday:11AM-9PM|Wednesday:11AM-9PM|Thursday:11AM-9PM|Friday:11AM-9PM|Saturday:11AM-9PM|Sunday:11AM-9PM,,,OPERATIONAL,"{""Service options"": {""Delivery"": true, ""Onsite services"": true, ""Takeout"": true, ""Dine-in"": true}, ""Highlights"": {""Great tea selection"": true}, ""Accessibility"": {""Wheelchair accessible entrance"": true, ""Wheelchair accessible parking lot"": true, ""Wheelchair accessible seating"": true}, ""Crowd"": {""LGBTQ+ friendly"": true}, ""Parking"": {""Free parking lot"": true, ""Free street parking"": true}, ""Other"": {""LGBTQ+ friendly"": true}}",$,,https://lh4.googleusercontent.com/-JxNiAQ4lVu8/AAAAAAAAAAI/AAAAAAAAAAA/IvbqeGqUOMA/s44-p-k-no-ns-nd/photo.jpg,,,True,117269796145090446359,FORESTea,https://www.google.com/maps/contrib/117269796145090446359,,"https://www.google.com/viewer/chooseprovider?mid=/g/11sss5krnn&g2lbs=AAEPWCsCtdrAuACjHXVXhDOR4dQUC8X3R0tl8HoImfyhd6EWKmYgkW_tFOUnBrODDEeUzjlwXRQ5NhFZQIQonHCP4906wry28A%3D%3D&hl=en-US&gl=us&fo_m=MfohQo559jFvMUOzJVpjPL1YMfZ3bInYwBDuMfaXTPp5KXh-&utm_source=tactile&gei=NNcCaJzJA8unhbIP4vDciQQ&ei=NNcCaJzJA8unhbIP4vDciQQ&fo_s=OA,SOE&opi=79508299&ebb=1&cs=0&foub=mcpp",,,"https://www.google.com/maps/place/FORESTea/@47.2028689,-122.22687909999999,14z/data=!4m8!1m2!2m1!1sFORESTea!3m4!1s0x5490fb212d3a2c79:0xaa2f0dd45c9cd710!8m2!3d47.2028689!4d-122.22687909999999","https://www.google.com/maps/place/FORESTea/@47.2028689,-122.22687909999999,13.99z/data=!4m16!1m7!3m6!1s0x5490fb212d3a2c79:0xaa2f0dd45c9cd710!2sFORESTea!8m2!3d47.2028689!4d-122.22687909999999!16s%2Fg%2F11ckvg1dmb!3m7!1s0x5490fb212d3a2c79:0xaa2f0dd45c9cd710!8m2!3d47.2028689!4d-122.22687909999999!9m1!1b1!16s%2Fg%2F11ckvg1dmb?entry=ttu",ChIJeSw6LSH7kFQRENecXNQNL6o,0x5490fb212d3a2c79:0xaa2f0dd45c9cd710,12263035516091160336,/g/11sss5krnn,-6183708557618391280,,foresteasumner@gmail.com,RECEIVING,SMTP validated,,,,,,,,,,,,,,,,,,,,,,,,,,http://instagram.com/FORESTeaSumner,,,,,,,,,,,,,,FORESTea,,,,False,False
"boba tea, 98433, Tacoma, WA, US",Jin Jin Matcha,Jin Jin Matcha,http://www.jinjinmatcha.com/,Tea house,Tea house,Tea house,,"1019 Pacific Ave, Tacoma, WA 98402",New Tacoma,1019 Pacific Ave,Tacoma,98402,Washington,Washington,United States of America,US,47.2535689,-122.43839779999999,8928d5c230bffff,America/Los_Angeles,,False,4.9,156,"https://search.google.com/local/reviews?placeid=ChIJ83tHO_pVkFQRp5biyGbC0bo&q=boba+tea,+98433,+Tacoma,+WA,+US&authuser=0&hl=en&gl=US",,,1.0,1.0,3.0,8.0,143.0,207,https://lh3.googleusercontent.com/gps-cs-s/AB5caB8dMaT76G9w6VBA980KdskG55ppNASNhYfHu2bWgQgG9qduWkrJOZaI-wy0x61BKRemgC8ZfD6XP_6_dsOGsvVFDsu72VuCPO3HsW-8gA5hfG1ZZgaPZL9_Vw2slR4IYFmNtYWKoQ=w800-h500-k-no,https://lh3.googleusercontent.com/gps-cs-s/AB5caB8dMaT76G9w6VBA980KdskG55ppNASNhYfHu2bWgQgG9qduWkrJOZaI-wy0x61BKRemgC8ZfD6XP_6_dsOGsvVFDsu72VuCPO3HsW-8gA5hfG1ZZgaPZL9_Vw2slR4IYFmNtYWKoQ=w1600-h1000-k-no,,"{""Monday"": ""9AM-4PM"", ""Tuesday"": ""9AM-4PM"", ""Wednesday"": ""9AM-4PM"", ""Thursday"": ""9AM-4PM"", ""Friday"": ""9AM-4PM"", ""Saturday"": ""9AM-4PM"", ""Sunday"": ""9AM-4PM""}",Monday:9AM-4PM|Tuesday:9AM-4PM|Wednesday:9AM-4PM|Thursday:9AM-4PM|Friday:9AM-4PM|Saturday:9AM-4PM|Sunday:9AM-4PM,,,OPERATIONAL,"{""Service options"": {""Curbside pickup"": true, ""Onsite services"": true, ""Takeout"": true, ""Dine-in"": true, ""Delivery"": false}, ""Highlights"": {""Great tea selection"": true}, ""Accessibility"": {""Wheelchair accessible entrance"": true, ""Wheelchair accessible parking lot"": true, ""Wheelchair accessible restroom"": true}, ""Parking"": {""Paid street parking"": true}}",,,https://lh4.googleusercontent.com/-Igmg7SVTcwg/AAAAAAAAAAI/AAAAAAAAAAA/YJhqE5Ej-Zk/s44-p-k-no-ns-nd/photo.jpg,,,True,116868665001827701089,Jin Jin Matcha,https://www.google.com/maps/contrib/116868665001827701089,,"https://www.google.com/viewer/chooseprovider?mid=/g/11kbfbh9g5&g2lbs=AAEPWCsiOX2JDZxtW2hgrVm7SwL9BALyFkyNjizuWOIxy5Q82PU0dKwAmSg6PaQ62s9y2p_sx5Zl_iwvS4kyudGbCyDPMnRygA%3D%3D&hl=en-US&gl=us&fo_m=MfohQo559jFvMUOzJVpjPL1YMfZ3bInYwBDuMfaXTPp5KXh-&utm_source=tactile&gei=NNcCaJzJA8unhbIP4vDciQQ&ei=NNcCaJzJA8unhbIP4vDciQQ&fo_s=OA,SOE&opi=79508299&orderType=2&ebb=1&cs=0&foub=mcpp",,,"https://www.google.com/maps/place/Jin+Jin+Matcha/@47.2535689,-122.43839779999999,14z/data=!4m8!1m2!2m1!1sJin+Jin+Matcha!3m4!1s0x549055fa3b477bf3:0xbad1c266c8e296a7!8m2!3d47.2535689!4d-122.43839779999999","https://www.google.com/maps/place/Jin+Jin+Matcha/@47.2535689,-122.43839779999999,13.99z/data=!4m16!1m7!3m6!1s0x549055fa3b477bf3:0xbad1c266c8e296a7!2sJin+Jin+Matcha!8m2!3d47.2535689!4d-122.43839779999999!16s%2Fg%2F11ckvg1dmb!3m7!1s0x549055fa3b477bf3:0xbad1c266c8e296a7!8m2!3d47.2535689!4d-122.43839779999999!9m1!1b1!16s%2Fg%2F11ckvg1dmb?entry=ttu",ChIJ83tHO_pVkFQRp5biyGbC0bo,0x549055fa3b477bf3:0xbad1c266c8e296a7,13461754507899868839,/g/11kbfbh9g5,-4984989565809682777,,hello@jinjinmatcha.com,RECEIVING,SMTP validated,,,,,,,,,,,,,,,,,,,,,,,,,,,,,,,,,,,,,,,,matcha + tea + fun drinks,,,,False,False
"boba tea, 98433, Tacoma, WA, US",Sharetea,Sharetea,https://www.facebook.com/ShareteaTacoma,Bubble tea store,Bubble tea store,Bubble tea store,+1 253-533-3483,"4502 S Steele St Suite 1159A, Tacoma, WA 98409",South Tacoma,4502 S Steele St Suite 1159A,Tacoma,98409,Washington,Washington,United States of America,US,47.21618,-122.47091239999999,8928d5c258fffff,America/Los_Angeles,,False,3.9,203,"https://search.google.com/local/reviews?placeid=ChIJczwu90QBkVQRFoYRpG2WmT0&q=boba+tea,+98433,+Tacoma,+WA,+US&authuser=0&hl=en&gl=US",,,29.0,7.0,26.0,34.0,107.0,78,https://lh3.googleusercontent.com/p/AF1QipMaC_mMZsv6zgMsCzQ7FTUgTGvbhqKji7ZRwdWS=w800-h500-k-no,https://lh3.googleusercontent.com/p/AF1QipMaC_mMZsv6zgMsCzQ7FTUgTGvbhqKji7ZRwdWS=w1600-h1000-k-no,,"{""Monday"": ""11AM-8PM"", ""Tuesday"": ""11AM-8PM"", ""Wednesday"": ""11AM-8PM"", ""Thursday"": ""11AM-8PM"", ""Friday"": ""11AM-8PM"", ""Saturday"": ""11AM-8PM"", ""Sunday"": ""11AM-6PM""}",Monday:11AM-8PM|Tuesday:11AM-8PM|Wednesday:11AM-8PM|Thursday:11AM-8PM|Friday:11AM-8PM|Saturday:11AM-8PM|Sunday:11AM-6PM,,,OPERATIONAL,"{""From the business"": {""Identifies as women-owned"": true}, ""Service options"": {""Delivery"": true, ""Onsite services"": true, ""Takeout"": true, ""Dine-in"": true}, ""Highlights"": {""Great tea selection"": true}, ""Accessibility"": {""Wheelchair accessible entrance"": true, ""Wheelchair accessible parking lot"": true}, ""Other"": {""Identifies as women-owned"": true}}",$,,https://lh5.googleusercontent.com/-33TItuZZugw/AAAAAAAAAAI/AAAAAAAAAAA/31eqnY3Lcw8/s44-p-k-no-ns-nd/photo.jpg,,,True,113987198741027870288,Sharetea,https://www.google.com/maps/contrib/113987198741027870288,,"https://www.google.com/viewer/chooseprovider?mid=/g/11h3bnnmpn&g2lbs=AAEPWCuwmXVciSEM9jslN0gSPO3ClSLjFvE7fTuFRa8uKTRpZNF1eaAHGKF3w-vAwyysUhrylzEI8TtPLmU19tFeNbIl9E88zw%3D%3D&hl=en-US&gl=us&fo_m=MfohQo559jFvMUOzJVpjPL1YMfZ3bInYwBDuMfaXTPp5KXh-&utm_source=tactile&gei=NNcCaJzJA8unhbIP4vDciQQ&ei=NNcCaJzJA8unhbIP4vDciQQ&fo_s=OA,SOE&opi=79508299&ebb=1&cs=0&foub=mcpp",,,"https://www.google.com/maps/place/Sharetea/@47.21618,-122.47091239999999,14z/data=!4m8!1m2!2m1!1sSharetea!3m4!1s0x54910144f72e3c73:0x3d99966da4118616!8m2!3d47.21618!4d-122.47091239999999","https://www.google.com/maps/place/Sharetea/@47.21618,-122.47091239999999,13.99z/data=!4m16!1m7!3m6!1s0x54910144f72e3c73:0x3d99966da4118616!2sSharetea!8m2!3d47.21618!4d-122.47091239999999!16s%2Fg%2F11ckvg1dmb!3m7!1s0x54910144f72e3c73:0x3d99966da4118616!8m2!3d47.21618!4d-122.47091239999999!9m1!1b1!16s%2Fg%2F11ckvg1dmb?entry=ttu",ChIJczwu90QBkVQRFoYRpG2WmT0,0x54910144f72e3c73:0x3d99966da4118616,4438744305398547990,/g/11h3bnnmpn,4438744305398547990,,shareteatacoma@gmail.com,RECEIVING,Verified,,,,,,,,,,,,,,,,,,,,,,2535333483,,,https://www.facebook.com/ShareteaTacoma,,,,,,,,,,,,,,,,,,,,
"boba tea, 98433, Tacoma, WA, US",Hi Bubble Tea,Hi Bubble Tea,https://www.hibubbletea.com/online-ordering,"Bubble tea store, Cafe",Bubble tea store,Bubble tea store,+1 253-441-5237,"8510 S Tacoma Way ste f, Lakewood, WA 98499",None,8510 S Tacoma Way ste f,Lakewood,98499,Washington,Washington,United States of America,US,47.1799708,-122.48445299999999,8928d5d09d3ffff,America/Los_Angeles,,False,4.6,419,"https://search.google.com/local/reviews?placeid=ChIJF-gATawBkVQRDfRB1H-wD-I&q=boba+tea,+98433,+Tacoma,+WA,+US&authuser=0&hl=en&gl=US",,,18.0,5.0,12.0,65.0,319.0,210,https://lh3.googleusercontent.com/gps-cs-s/AB5caB_m7UPy7n_crmb9IqtYF0-ncAeqXrV4cJ2tywj88XrP1FsDnb2OuJ4ngjNhkDroY-NEGhz04s87JScT2xzlkzDRLn8Lt_xBGvQxqBrymvqHea7pB3tpFEkiYJ-Y_171hslcBE7O=w800-h500-k-no,https://lh3.googleusercontent.com/gps-cs-s/AB5caB_m7UPy7n_crmb9IqtYF0-ncAeqXrV4cJ2tywj88XrP1FsDnb2OuJ4ngjNhkDroY-NEGhz04s87JScT2xzlkzDRLn8Lt_xBGvQxqBrymvqHea7pB3tpFEkiYJ-Y_171hslcBE7O=w1600-h1000-k-no,,"{""Monday"": ""11:30AM-9PM"", ""Tuesday"": ""11:30AM-9PM"", ""Wednesday"": ""11:30AM-9PM"", ""Thursday"": ""11:30AM-9PM"", ""Friday"": ""11:30AM-9:30PM"", ""Saturday"": ""11:30AM-9:30PM"", ""Sunday"": ""11:30AM-9PM""}",Monday:11:30AM-9PM|Tuesday:11:30AM-9PM|Wednesday:11:30AM-9PM|Thursday:11:30AM-9PM|Friday:11:30AM-9:30PM|Saturday:11:30AM-9:30PM|Sunday:11:30AM-9PM,,,OPERATIONAL,"{""Service options"": {""Takeout"": true, ""Dine-in"": true}, ""Highlights"": {""Great tea selection"": true}, ""Accessibility"": {""Wheelchair accessible entrance"": true, ""Wheelchair accessible parking lot"": true, ""Wheelchair accessible seating"": true}, ""Parking"": {""Free parking lot"": true, ""Free street parking"": true}}",$,,https://lh3.googleusercontent.com/--oYEq55XT_E/AAAAAAAAAAI/AAAAAAAAAAA/wdmgnqmuEVs/s44-p-k-no-ns-nd/photo.jpg,,,True,116963183921029439933,Hi Bubble Tea,https://www.google.com/maps/contrib/116963183921029439933,,"https://www.google.com/viewer/chooseprovider?mid=/g/11j2xjzmrw&g2lbs=AAEPWCtHkVKQDM141hiFDPac3JipmZHNwHieF8vE7cv67F4IxbcYnkfAGI_ZHiXYop1faJKKjRDt2zY83OZuba_08KSSb0by6Q%3D%3D&hl=en-US&gl=us&fo_m=MfohQo559jFvMUOzJVpjPL1YMfZ3bInYwBDuMfaXTPp5KXh-&utm_source=tactile&gei=NNcCaJzJA8unhbIP4vDciQQ&ei=NNcCaJzJA8unhbIP4vDciQQ&fo_s=OA,SOE&opi=79508299&ebb=1&cs=0&foub=mcpp",,,"https://www.google.com/maps/place/Hi+Bubble+Tea/@47.1799708,-122.48445299999999,14z/data=!4m8!1m2!2m1!1sHi+Bubble+Tea!3m4!1s0x549101ac4d00e817:0xe20fb07fd441f40d!8m2!3d47.1799708!4d-122.48445299999999","https://www.google.com/maps/place/Hi+Bubble+Tea/@47.1799708,-122.48445299999999,13.99z/data=!4m16!1m7!3m6!1s0x549101ac4d00e817:0xe20fb07fd441f40d!2sHi+Bubble+Tea!8m2!3d47.1799708!4d-122.48445299999999!16s%2Fg%2F11ckvg1dmb!3m7!1s0x549101ac4d00e817:0xe20fb07fd441f40d!8m2!3d47.1799708!4d-122.48445299999999!9m1!1b1!16s%2Fg%2F11ckvg1dmb?entry=ttu",ChIJF-gATawBkVQRDfRB1H-wD-I,0x549101ac4d00e817:0xe20fb07fd441f40d,16289432440290800653,/g/11j2xjzmrw,-2157311633418750963,,hibubbletea.wa@gmail.com,RECEIVING,SMTP validated,,,,,,privacy@wix.com,RECEIVING,SMTP validated,,,,,,support@wix.com,RECEIVING,Catch All,,,,,,,,,,,,,,,,,,,,,,,,Welcome to HiBubbleTea.com | Washington,Wix.com Website Builder,"It's Time For Tea. HiBubbleTea serves traditional fruit tea and tapioca pearl bubble teas made with only natural ingredients, using fresh milk.","Hi Bubble Tea, Tea, Bubble, Boba, Green Tea, Black Tea, Fresh Tea",,
"boba tea, 98433, Tacoma, WA, US",Bobaholic Cafe Point Ruston,Bobaholic Cafe Point Ruston,https://www.orderbobaholiccafe.com/,"Bubble tea store, Coffee shop",Bubble tea store,Bubble tea store,+1 206-922-9341,"5101 Yacht Club Rd, Tacoma, WA 98407",None,5101 Yacht Club Rd,Tacoma,98407,Washington,Washington,United States of America,US,47.2991733,-122.5068316,8928d5c0d97ffff,America/Los_Angeles,,False,4.6,48,"https://search.google.com/local/reviews?placeid=ChIJzSnglglTkFQRgaY2T6bxwRI&q=boba+tea,+98433,+Tacoma,+WA,+US&authuser=0&hl=en&gl=US",,,4.0,1.0,0.0,2.0,41.0,56,https://lh3.googleusercontent.com/gps-proxy/ALd4DhEbXRqfJvqO3MxzKg-GYdl9dF4yPuQDNXuZv7GMWzugXUSDemtwoAzuU_EEznYaCMr53bjuBv9_gW3mtuMNQCgOPn8BAop-zVZjYarjInM2Sn24yzKZmnveeNk4hjb7ppOqlIHxUNEi_o7Ek8xL8A6js-JjWLs-iLsuU2abGQEUMdnem86FDuU8=w800-h500-k-no,https://lh3.googleusercontent.com/gps-proxy/ALd4DhEbXRqfJvqO3MxzKg-GYdl9dF4yPuQDNXuZv7GMWzugXUSDemtwoAzuU_EEznYaCMr53bjuBv9_gW3mtuMNQCgOPn8BAop-zVZjYarjInM2Sn24yzKZmnveeNk4hjb7ppOqlIHxUNEi_o7Ek8xL8A6js-JjWLs-iLsuU2abGQEUMdnem86FDuU8=w1600-h1000-k-no,,"{""Monday"": ""10AM-6PM"", ""Tuesday"": ""10AM-6PM"", ""Wednesday"": ""10AM-6PM"", ""Thursday"": ""10AM-6PM"", ""Friday"": ""10AM-6PM"", ""Saturday"": ""10AM-6PM"", ""Sunday"": ""10AM-6PM""}",Monday:10AM-6PM|Tuesday:10AM-6PM|Wednesday:10AM-6PM|Thursday:10AM-6PM|Friday:10AM-6PM|Saturday:10AM-6PM|Sunday:10AM-6PM,"[{""pickup"": {""Monday"": ""10 AM-6 PM"", ""Tuesday"": ""10 AM-6 PM"", ""Wednesday"": ""10 AM-6 PM"", ""Thursday"": ""10 AM-6 PM"", ""Friday"": ""10 AM-6 PM"", ""Saturday"": ""10 AM-6 PM"", ""Sunday"": ""10 AM-6 PM""}}]",,OPERATIONAL,"{""Service options"": {""Delivery"": true, ""Takeout"": true, ""Dine-in"": true}, ""Highlights"": {""Great tea selection"": true}, ""Accessibility"": {""Wheelchair accessible entrance"": true, ""Wheelchair accessible parking lot"": true, ""Wheelchair accessible restroom"": true, ""Wheelchair accessible seating"": true}, ""Crowd"": {""LGBTQ+ friendly"": true, ""Transgender safespace"": true}, ""Parking"": {""Free parking garage"": true, ""Free parking lot"": true, ""Free street parking"": true}, ""Other"": {""LGBTQ+ friendly"": true}}",$,,https://lh5.googleusercontent.com/-BlcZ9AWDseQ/AAAAAAAAAAI/AAAAAAAAAAA/26EzpBzdwIs/s44-p-k-no-ns-nd/photo.jpg,,,True,105860136962765988792,Bobaholic Cafe Point Ruston,https://www.google.com/maps/contrib/105860136962765988792,,"https://www.google.com/viewer/chooseprovider?mid=/g/11lcn2v296&g2lbs=AAEPWCup9eziJbRK-jbpQ2BFNmZW4_Rn_jcwEKUPXQ2A6NeCoFO58bJe7gWlW5W2Jwv1GVKzO2Oaftoki0MOYlmwI_YqpzH6Vg%3D%3D&hl=en-US&gl=us&fo_m=MfohQo559jFvMUOzJVpjPL1YMfZ3bInYwBDuMfaXTPp5KXh-&utm_source=tactile&gei=NdcCaMSWDMKtxc8P6Z2Z0Ao&ei=NdcCaMSWDMKtxc8P6Z2Z0Ao&fo_s=OA,SOE&opi=79508299&ebb=1&cs=0&foub=mcpp",,,"https://www.google.com/maps/place/Bobaholic+Cafe+Point+Ruston/@47.2991733,-122.5068316,14z/data=!4m8!1m2!2m1!1sBobaholic+Cafe+Point+Ruston!3m4!1s0x5490530996e029cd:0x12c1f1a64f36a681!8m2!3d47.2991733!4d-122.5068316","https://www.google.com/maps/place/Bobaholic+Cafe+Point+Ruston/@47.2991733,-122.5068316,13.99z/data=!4m16!1m7!3m6!1s0x5490530996e029cd:0x12c1f1a64f36a681!2sBobaholic+Cafe+Point+Ruston!8m2!3d47.2991733!4d-122.5068316!16s%2Fg%2F11ckvg1dmb!3m7!1s0x5490530996e029cd:0x12c1f1a64f36a681!8m2!3d47.2991733!4d-122.5068316!9m1!1b1!16s%2Fg%2F11ckvg1dmb?entry=ttu",ChIJzSnglglTkFQRgaY2T6bxwRI,0x5490530996e029cd:0x12c1f1a64f36a681,1351627059783706241,/g/11lcn2v296,1351627059783706241,,hi@mystore.com,INVALID,Undeliverable,,,,,,bobaholiccafe@yahoo.com,RECEIVING,Verified,,,,,,,,,,,,,,,,,,,,,,,,,,,,,,,,Bobaholic Cafe Point Ruston | Bobaholic Cafe,Square Online,Bubble tea/Vietnamese coffee shop in Tacoma. Order online pickup or delivery. Boba catering available to Greater Seattle area.,,False,False
"boba tea, 98433, Tacoma, WA, US",Happy Lemon (Tacoma),Happy Lemon Tacoma,https://happylemonusa.com/,Bubble tea store,Bubble tea store,Bubble tea store,+1 253-301-3138,"2505 S 38th St a114, Tacoma, WA 98409",South Tacoma,2505 S 38th St a114,Tacoma,98409,Washington,Washington,United States of America,US,47.223411399999996,-122.46983089999999,8928d5c253bffff,America/Los_Angeles,,False,4.1,133,"https://search.google.com/local/reviews?placeid=ChIJU81FathVkFQRSdWVLrunp4M&q=boba+tea,+98433,+Tacoma,+WA,+US&authuser=0&hl=en&gl=US",,,17.0,5.0,8.0,16.0,87.0,181,https://lh3.googleusercontent.com/p/AF1QipNH1GNyrOaEmceIra62-OfUjb7qBoggIIN15c-K=w800-h500-k-no,https://lh3.googleusercontent.com/p/AF1QipNH1GNyrOaEmceIra62-OfUjb7qBoggIIN15c-K=w1600-h1000-k-no,,"{""Monday"": ""11AM-10PM"", ""Tuesday"": ""11AM-10PM"", ""Wednesday"": ""11AM-10PM"", ""Thursday"": ""11AM-10PM"", ""Friday"": ""11AM-10PM"", ""Saturday"": ""11AM-10PM"", ""Sunday"": ""11AM-10PM""}",Monday:11AM-10PM|Tuesday:11AM-10PM|Wednesday:11AM-10PM|Thursday:11AM-10PM|Friday:11AM-10PM|Saturday:11AM-10PM|Sunday:11AM-10PM,,,OPERATIONAL,"{""From the business"": {""Identifies as women-owned"": true}, ""Service options"": {""No-contact delivery"": true, ""Delivery"": true, ""Takeout"": true, ""Dine-in"": true}, ""Highlights"": {""Great tea selection"": true}, ""Accessibility"": {""Wheelchair accessible entrance"": true, ""Wheelchair accessible parking lot"": true, ""Wheelchair accessible restroom"": true}, ""Amenities"": {""Gender-neutral restroom"": true}, ""Crowd"": {""LGBTQ+ friendly"": true, ""Transgender safespace"": true}, ""Other"": {""LGBTQ+ friendly"": true, ""Identifies as women-owned"": true}}",$,,https://lh4.googleusercontent.com/-wQU1SoyWCXY/AAAAAAAAAAI/AAAAAAAAAAA/X3xVs8Q61g8/s44-p-k-no-ns-nd/photo.jpg,,,True,102525865091565767681,Happy Lemon - Tacoma,https://www.google.com/maps/contrib/102525865091565767681,,"https://www.google.com/viewer/chooseprovider?mid=/g/11t64n1x8d&g2lbs=AAEPWCukCF1WDiUZj83YzJA2REocaOBv6hZieMhDS_Mug_vk8UkU6s3vxLCLsrwaB5Z3BD8x_yPNNkduUP5O9YGrheggKsxGCA%3D%3D&hl=en-US&gl=us&fo_m=MfohQo559jFvMUOzJVpjPL1YMfZ3bInYwBDuMfaXTPp5KXh-&utm_source=tactile&gei=NdcCaMSWDMKtxc8P6Z2Z0Ao&ei=NdcCaMSWDMKtxc8P6Z2Z0Ao&fo_s=OA,SOE&opi=79508299&ebb=1&cs=0&foub=mcpp",,,"https://www.google.com/maps/place/Happy+Lemon+-+Tacoma/@47.223411399999996,-122.46983089999999,14z/data=!4m8!1m2!2m1!1sHappy+Lemon+-+Tacoma!3m4!1s0x549055d86a45cd53:0x83a7a7bb2e95d549!8m2!3d47.223411399999996!4d-122.46983089999999","https://www.google.com/maps/place/Happy+Lemon+-+Tacoma/@47.223411399999996,-122.46983089999999,13.99z/data=!4m16!1m7!3m6!1s0x549055d86a45cd53:0x83a7a7bb2e95d549!2sHappy+Lemon+-+Tacoma!8m2!3d47.223411399999996!4d-122.46983089999999!16s%2Fg%2F11ckvg1dmb!3m7!1s0x549055d86a45cd53:0x83a7a7bb2e95d549!8m2!3d47.223411399999996!4d-122.46983089999999!9m1!1b1!16s%2Fg%2F11ckvg1dmb?entry=ttu",ChIJU81FathVkFQRSdWVLrunp4M,0x549055d86a45cd53:0x83a7a7bb2e95d549,9486735562461533513,/g/11t64n1x8d,-8960008511248018103,,info@happylemonusa.com,INVALID,Invalid DNS,,,,,,portland@happylemonusa.com,UNKNOWN,Cannot validate,,,,,,fashionisland@happylemonusa.com,UNKNOWN,Cannot validate,,,,,,12814070946,,,https://www.facebook.com/happylemonglobal,https://www.instagram.com/happylemon.usa,,,,,,,,,,,,,,Happy Lemon USA - HAPPY LEMON USA,All in One SEO (AIOSEO) 4.4.8,"HAPPY LEMON's SUCCESS STORY ENJOY THE WORLD's YUMMIEST DRINK Happy Lemon is a world-leading beverage chain founded in 2006 by the Yummy-Town Group, a publicly listed tea culture company originating in Taiwan. They are the elite pioneers who originally brought and expanded the tea culture to Mainland China and Hong Kong. In 2014, Happy Lemon",,False,False
"boba tea, 98433, Tacoma, WA, US",Boba & Beyond,Boba And Beyond,https://www.bobabeyond.com/,"Bubble tea store, Cafe, Restaurant",Bubble tea store,Bubble tea store,+1 360-915-6748,"1401 Marvin Rd NE Suite 103, Lacey, WA 98516",None,1401 Marvin Rd NE Suite 103,Lacey,98516,Washington,Washington,United States of America,US,47.0590662,-122.7664358,8928d59b5a3ffff,America/Los_Angeles,,False,4.8,132,"https://search.google.com/local/reviews?placeid=ChIJJYizAF4LkVQRUjzB6PFDnlU&q=boba+tea,+98433,+Tacoma,+WA,+US&authuser=0&hl=en&gl=US",,,4.0,0.0,4.0,3.0,121.0,68,https://lh3.googleusercontent.com/p/AF1QipNrdVwjduTrkKmHimq_A3nNgbhBsrgxDQ3QzYd8=w800-h500-k-no,https://lh3.googleusercontent.com/p/AF1QipNrdVwjduTrkKmHimq_A3nNgbhBsrgxDQ3QzYd8=w1600-h1000-k-no,,"{""Monday"": ""12-8PM"", ""Tuesday"": ""12-8PM"", ""Wednesday"": ""12-8PM"", ""Thursday"": ""12-8PM"", ""Friday"": ""11AM-8PM"", ""Saturday"": ""11AM-8PM"", ""Sunday"": ""11AM-8PM""}",Monday:12-8PM|Tuesday:12-8PM|Wednesday:12-8PM|Thursday:12-8PM|Friday:11AM-8PM|Saturday:11AM-8PM|Sunday:11AM-8PM,,,OPERATIONAL,"{""Service options"": {""Onsite services"": true, ""Takeout"": true, ""Dine-in"": true, ""Delivery"": false}, ""Highlights"": {""Great tea selection"": true}, ""Accessibility"": {""Wheelchair accessible entrance"": true, ""Wheelchair accessible parking lot"": true}, ""Parking"": {""Free parking lot"": true, ""Free street parking"": true}}",,,https://lh5.googleusercontent.com/-JO_cP1nPZNA/AAAAAAAAAAI/AAAAAAAAAAA/KYxSdrUur5I/s44-p-k-no-ns-nd/photo.jpg,,,True,110077133258385305172,BOBA & BEYOND,https://www.google.com/maps/contrib/110077133258385305172,,,,,"https://www.google.com/maps/place/BOBA+%26+BEYOND/@47.0590662,-122.7664358,14z/data=!4m8!1m2!2m1!1sBOBA+%26+BEYOND!3m4!1s0x54910b5e00b38825:0x559e43f1e8c13c52!8m2!3d47.0590662!4d-122.7664358","https://www.google.com/maps/place/BOBA+%26+BEYOND/@47.0590662,-122.7664358,13.99z/data=!4m16!1m7!3m6!1s0x54910b5e00b38825:0x559e43f1e8c13c52!2sBOBA+%26+BEYOND!8m2!3d47.0590662!4d-122.7664358!16s%2Fg%2F11ckvg1dmb!3m7!1s0x54910b5e00b38825:0x559e43f1e8c13c52!8m2!3d47.0590662!4d-122.7664358!9m1!1b1!16s%2Fg%2F11ckvg1dmb?entry=ttu",ChIJJYizAF4LkVQRUjzB6PFDnlU,0x54910b5e00b38825:0x559e43f1e8c13c52,6169443245815315538,/g/11wjddwh_k,6169443245815315538,,info@bobabeyond.com,RECEIVING,Role,,,,,,,,,,,,,,,,,,,,,,112223333,,,,,,,,,,,,,,,,,,Boba and Beyond,,Boba and Beyond,,False,False
"boba tea, 98433, Tacoma, WA, US",TeaLand Boba Cafe,Tealand Boba Cafe,https://www.clover.com/online-ordering/tealand-lacey,Bubble tea store,Bubble tea store,Bubble tea store,+1 360-688-4484,"700 Sleater Kinney Rd SE Suite I, Lacey, WA 98503",None,700 Sleater Kinney Rd SE Suite I,Lacey,98503,Washington,Washington,United States of America,US,47.0409825,-122.83197779999999,8928d59a5c7ffff,America/Los_Angeles,,False,4.9,48,"https://search.google.com/local/reviews?placeid=ChIJvU2XkyoLkVQRj8cE_70kKI8&q=boba+tea,+98433,+Tacoma,+WA,+US&authuser=0&hl=en&gl=US",,,0.0,1.0,0.0,4.0,43.0,17,https://lh3.googleusercontent.com/p/AF1QipO9rO6qUHCtax13QAzgYQgmPTUGBhS9zG3mAjWL=w800-h500-k-no,https://lh3.googleusercontent.com/p/AF1QipO9rO6qUHCtax13QAzgYQgmPTUGBhS9zG3mAjWL=w1600-h1000-k-no,,"{""Monday"": ""11AM-8:30PM"", ""Tuesday"": ""11AM-8:30PM"", ""Wednesday"": ""11AM-8:30PM"", ""Thursday"": ""11AM-8:30PM"", ""Friday"": ""11AM-9:30PM"", ""Saturday"": ""11AM-9:30PM"", ""Sunday"": ""11AM-8:30PM""}",Monday:11AM-8:30PM|Tuesday:11AM-8:30PM|Wednesday:11AM-8:30PM|Thursday:11AM-8:30PM|Friday:11AM-9:30PM|Saturday:11AM-9:30PM|Sunday:11AM-8:30PM,,,OPERATIONAL,"{""From the business"": {""Identifies as Asian-owned"": true, ""Identifies as women-owned"": true}, ""Service options"": {""Takeout"": true, ""Dine-in"": true}, ""Highlights"": {""Great tea selection"": true}, ""Accessibility"": {""Wheelchair accessible entrance"": true, ""Wheelchair accessible parking lot"": true, ""Wheelchair accessible restroom"": true, ""Wheelchair accessible seating"": true}, ""Amenities"": {""Gender-neutral restroom"": true}, ""Parking"": {""Free parking garage"": true, ""Free parking lot"": true, ""Paid parking lot"": true}, ""Other"": {""Identifies as women-owned"": true, ""Identifies as Asian-owned"": true}}",$,,https://lh3.googleusercontent.com/-73cyMhew1oM/AAAAAAAAAAI/AAAAAAAAAAA/AcAN3KtRyrg/s44-p-k-no-ns-nd/photo.jpg,,,True,100480543206310052582,TeaLand Boba Cafe,https://www.google.com/maps/contrib/100480543206310052582,,"https://www.google.com/viewer/chooseprovider?mid=/g/11whf45pn8&g2lbs=AAEPWCuzn9KGQaxt6et-cu7h5wyLZ-byGf7iPEQQGeGkhCyuzH4Yj0n05VTHxFwU-I8bPlvVeyJuMZ8xTKJNIHk7Vd4lOiXozw%3D%3D&hl=en-US&gl=us&fo_m=MfohQo559jFvMUOzJVpjPL1YMfZ3bInYwBDuMfaXTPp5KXh-&utm_source=tactile&gei=NdcCaMSWDMKtxc8P6Z2Z0Ao&ei=NdcCaMSWDMKtxc8P6Z2Z0Ao&fo_s=OA,SOE&opi=79508299&ebb=1&cs=0&foub=mcpp",,,"https://www.google.com/maps/place/TeaLand+Boba+Cafe/@47.0409825,-122.83197779999999,14z/data=!4m8!1m2!2m1!1sTeaLand+Boba+Cafe!3m4!1s0x54910b2a93974dbd:0x8f2824bdff04c78f!8m2!3d47.0409825!4d-122.83197779999999","https://www.google.com/maps/place/TeaLand+Boba+Cafe/@47.0409825,-122.83197779999999,13.99z/data=!4m16!1m7!3m6!1s0x54910b2a93974dbd:0x8f2824bdff04c78f!2sTeaLand+Boba+Cafe!8m2!3d47.0409825!4d-122.83197779999999!16s%2Fg%2F11ckvg1dmb!3m7!1s0x54910b2a93974dbd:0x8f2824bdff04c78f!8m2!3d47.0409825!4d-122.83197779999999!9m1!1b1!16s%2Fg%2F11ckvg1dmb?entry=ttu",ChIJvU2XkyoLkVQRj8cE_70kKI8,0x54910b2a93974dbd:0x8f2824bdff04c78f,10315535344938043279,/g/11whf45pn8,-8131208728771508337,,ansu@clover.com,RECEIVING,Catch All,Ansu Vyas,Ansu,Vyas,Vice President Business Operations,,gbedwell@clover.com,INVALID,Invalid SMTP,Glenn Bedwell,Glenn,Bedwell,Software Engineer,,mhampton@clover.com,INVALID,Invalid SMTP,Michael R Hampton,Michael,R Hampton,Software Engineer,,+1 515-255-3700,+1 360-217-7075,+1 573-335-0366,https://www.facebook.com/recklessrolls/,http://instagram.com/donatopsizzact,https://www.linkedin.com/company/clovernetwork,,,,,,,,http://twitter.com/cloverpos,,,,,Online Ordering | Clover,,,,False,False
"boba tea, 98433, Tacoma, WA, US",Laboba,Laboba,http://labobamilktea.com/,Coffee shop,coffee shops,Coffee shop,,"2614 N Proctor St, Tacoma, WA 98407",North End,2614 N Proctor St,Tacoma,98407,Washington,Washington,United States of America,US,47.2716153,-122.4890827,8928d5c2847ffff,America/Los_Angeles,,False,4.7,50,"https://search.google.com/local/reviews?placeid=ChIJwe52LgBVkFQRqzUz0zrAdv8&q=boba+tea,+98433,+Tacoma,+WA,+US&authuser=0&hl=en&gl=US",,,2.0,1.0,0.0,4.0,43.0,72,https://lh3.googleusercontent.com/gps-proxy/ALd4DhE-KkPp_X6NauKYzk5EB2xHaO18664HYok8Ozrf5uE5nwECbhwdh3ZJFhhnEDcxvFOs9ugPTjNIJhFA9-lIc_qr0C9KR22RinvhnPXEKT8yJUeGvgSAqgdRGETPqua--tm3Jwi6FahX4rTEh3AJDwVRq8HFnwXdtpju7AvS3qzSN0yORPIlJc98TA=w800-h500-k-no,https://lh3.googleusercontent.com/gps-proxy/ALd4DhE-KkPp_X6NauKYzk5EB2xHaO18664HYok8Ozrf5uE5nwECbhwdh3ZJFhhnEDcxvFOs9ugPTjNIJhFA9-lIc_qr0C9KR22RinvhnPXEKT8yJUeGvgSAqgdRGETPqua--tm3Jwi6FahX4rTEh3AJDwVRq8HFnwXdtpju7AvS3qzSN0yORPIlJc98TA=w1600-h1000-k-no,,"{""Monday"": ""11AM-9PM"", ""Tuesday"": ""11AM-9PM"", ""Wednesday"": ""11AM-9PM"", ""Thursday"": ""11AM-9PM"", ""Friday"": ""11AM-9PM"", ""Saturday"": ""9AM-9PM"", ""Sunday"": ""11AM-9PM""}",Monday:11AM-9PM|Tuesday:11AM-9PM|Wednesday:11AM-9PM|Thursday:11AM-9PM|Friday:11AM-9PM|Saturday:9AM-9PM|Sunday:11AM-9PM,,,OPERATIONAL,"{""Service options"": {""Takeout"": true, ""Dine-in"": true}, ""Highlights"": {""Great coffee"": true, ""Great tea selection"": true}, ""Popular for"": {""Solo dining"": true, ""Good for working on laptop"": true}, ""Accessibility"": {""Wheelchair accessible entrance"": true, ""Wheelchair accessible parking lot"": true, ""Wheelchair accessible seating"": true}, ""Offerings"": {""Coffee"": true, ""Quick bite"": true}, ""Dining options"": {""Dessert"": true}, ""Amenities"": {""Wi-Fi"": true}, ""Atmosphere"": {""Casual"": true, ""Cozy"": true, ""Trendy"": true}, ""Crowd"": {""College students"": true, ""Groups"": true}, ""Payments"": {""Credit cards"": true}, ""Children"": {""Good for kids"": true}, ""Parking"": {""Free parking lot"": true, ""Free street parking"": true, ""Parking"": true}}",$,,https://lh5.googleusercontent.com/-gqOgJCax7dM/AAAAAAAAAAI/AAAAAAAAAAA/o23ZKoQoSJk/s44-p-k-no-ns-nd/photo.jpg,,,True,102401376477998947249,Laboba,https://www.google.com/maps/contrib/102401376477998947249,,"https://www.google.com/viewer/chooseprovider?mid=/g/11vwyg8ncd&g2lbs=AAEPWCsHeH3AECirXyd5nFO6CHj8HtQ3K4Ow3xnNGhm4VccNoA83jDLVAKVvp1PzWygcLAPwj_FIv0tsVBjAwTr1iFurccqvKQ%3D%3D&hl=en-US&gl=us&fo_m=MfohQo559jFvMUOzJVpjPL1YMfZ3bInYwBDuMfaXTPp5KXh-&utm_source=tactile&gei=NdcCaMSWDMKtxc8P6Z2Z0Ao&ei=NdcCaMSWDMKtxc8P6Z2Z0Ao&fo_s=OA,SOE&opi=79508299&ebb=1&cs=0&foub=mcpp",,,"https://www.google.com/maps/place/Laboba/@47.2716153,-122.4890827,14z/data=!4m8!1m2!2m1!1sLaboba!3m4!1s0x549055002e76eec1:0xff76c03ad33335ab!8m2!3d47.2716153!4d-122.4890827","https://www.google.com/maps/place/Laboba/@47.2716153,-122.4890827,13.99z/data=!4m16!1m7!3m6!1s0x549055002e76eec1:0xff76c03ad33335ab!2sLaboba!8m2!3d47.2716153!4d-122.4890827!16s%2Fg%2F11ckvg1dmb!3m7!1s0x549055002e76eec1:0xff76c03ad33335ab!8m2!3d47.2716153!4d-122.4890827!9m1!1b1!16s%2Fg%2F11ckvg1dmb?entry=ttu",ChIJwe52LgBVkFQRqzUz0zrAdv8,0x549055002e76eec1:0xff76c03ad33335ab,18408111885807465899,/g/11vwyg8ncd,-38632187902085717,,info@mysite.com,RECEIVING,Confirmed,,,,,,,,,,,,,,,,,,,,,,,,,,,,,,,,,,,,,,,,HOME | La Boba Milk Tea,Wix.com Website Builder,,,False,False
"boba tea, 98433, Tacoma, WA, US",Bambu Tacoma,Bambu Tacoma,https://www.drinkbambu.com/,"Cafe, Dessert shop",Dessert shop,Cafe,+1 253-212-3882,"773 S 38th St, Tacoma, WA 98418",South End,773 S 38th St,Tacoma,98418,Washington,Washington,United States of America,US,47.2232415,-122.4429018,8928d5c2093ffff,America/Los_Angeles,,False,4.6,537,"https://search.google.com/local/reviews?placeid=ChIJ__8OcPP_kFQR9rkmGm1ahvY&q=boba+tea,+98433,+Tacoma,+WA,+US&authuser=0&hl=en&gl=US",,,19.0,11.0,15.0,77.0,415.0,1250,https://lh3.googleusercontent.com/p/AF1QipPY3T1JgyVpNmsNT6ZhKWUIQa1YvTyWwhzg_NBT=w800-h500-k-no,https://lh3.googleusercontent.com/p/AF1QipPY3T1JgyVpNmsNT6ZhKWUIQa1YvTyWwhzg_NBT=w1600-h1000-k-no,,"{""Monday"": ""Closed"", ""Tuesday"": ""11AM-6PM"", ""Wednesday"": ""11AM-6PM"", ""Thursday"": ""11AM-6PM"", ""Friday"": ""11AM-6PM"", ""Saturday"": ""11AM-7PM"", ""Sunday"": ""11AM-7PM""}",Monday:Closed|Tuesday:11AM-6PM|Wednesday:11AM-6PM|Thursday:11AM-6PM|Friday:11AM-6PM|Saturday:11AM-7PM|Sunday:11AM-7PM,,,OPERATIONAL,"{""From the business"": {""Identifies as Asian-owned"": true, ""Identifies as women-owned"": true}, ""Service options"": {""No-contact delivery"": true, ""Delivery"": true, ""In-store pickup"": true, ""In-store shopping"": true, ""Onsite services"": true, ""Takeout"": true, ""Dine-in"": true, ""Same-day delivery"": false}, ""Accessibility"": {""Wheelchair accessible entrance"": true, ""Wheelchair accessible parking lot"": true, ""Wheelchair accessible restroom"": true}, ""Amenities"": {""Gender-neutral restroom"": true, ""Restroom"": true, ""Wi-Fi"": true}, ""Crowd"": {""LGBTQ+ friendly"": true}, ""Planning"": {""Quick visit"": true}, ""Payments"": {""Credit cards"": true, ""Debit cards"": true, ""NFC mobile payments"": true}, ""Parking"": {""Free street parking"": true}, ""Other"": {""LGBTQ+ friendly"": true, ""Identifies as women-owned"": true, ""Identifies as Asian-owned"": true}}",$,,https://lh3.googleusercontent.com/-DVBac0kk6ZE/AAAAAAAAAAI/AAAAAAAAAAA/oDh_ploMMBM/s44-p-k-no-ns-nd/photo.jpg,"Cafe chain serving coffee drinks, milk tea & Asian desserts, including Vietnamese che.",,True,118279395729194596694,Bambu Tacoma,https://www.google.com/maps/contrib/118279395729194596694,,"https://www.google.com/viewer/chooseprovider?mid=/g/11g6x89_vf&g2lbs=AAEPWCuqfajLVyMUX1uvXnNNmC0gjkDSo209w5HurY7e8lBVig7-3fmd4IbwD1AcE9GsvVXgnpVgg3vM1V_6J7UwFAGOUHwTOA%3D%3D&hl=en-US&gl=us&fo_m=MfohQo559jFvMUOzJVpjPL1YMfZ3bInYwBDuMfaXTPp5KXh-&utm_source=tactile&gei=NdcCaMSWDMKtxc8P6Z2Z0Ao&ei=NdcCaMSWDMKtxc8P6Z2Z0Ao&fo_s=OA,SOE&opi=79508299&ebb=1&cs=0&foub=mcpp",,,"https://www.google.com/maps/place/Bambu+Tacoma/@47.2232415,-122.4429018,14z/data=!4m8!1m2!2m1!1sBambu+Tacoma!3m4!1s0x5490fff3700effff:0xf6865a6d1a26b9f6!8m2!3d47.2232415!4d-122.4429018","https://www.google.com/maps/place/Bambu+Tacoma/@47.2232415,-122.4429018,13.99z/data=!4m16!1m7!3m6!1s0x5490fff3700effff:0xf6865a6d1a26b9f6!2sBambu+Tacoma!8m2!3d47.2232415!4d-122.4429018!16s%2Fg%2F11ckvg1dmb!3m7!1s0x5490fff3700effff:0xf6865a6d1a26b9f6!8m2!3d47.2232415!4d-122.4429018!9m1!1b1!16s%2Fg%2F11ckvg1dmb?entry=ttu",ChIJ__8OcPP_kFQR9rkmGm1ahvY,0x5490fff3700effff:0xf6865a6d1a26b9f6,17763985204846180854,/g/11g6x89_vf,-682758868863370762,,scott@drinkbambu.com,UNKNOWN,Cannot validate,Scott Bachman,Scott,Bachman,President,0,tony@drinkbambu.com,INVALID,Cannot validate,Tony Ngyuen,Tony,Ngyuen,Founder,,rockford@drinkbambu.com,INVALID,Cannot validate,Tien Nguyen,Tien,Nguyen,Owner,18157936190,13158022866,14082839666,17279548031,https://www.facebook.com/104343772403218,,https://www.linkedin.com/company/bambulowell,,,,,,,,,,,,,Bambu Tracy | Drinkbambu,Wix.com Website Builder,"Bambu is the only franchise that delivers authentic Vietnamese dessert drinks. We also serve incredible Asian-inspired smoothies, coffees, teas, and yogurts made to order from fresh ingredients ""just the way you love it"".",,False,False
"boba tea, 98433, Tacoma, WA, US",Hippo Express Coffee,Hippo Express Coffee,https://www.instagram.com/hippoexpresscoffee?igsh=N3l2OHd5MG05c2h0,"Bubble tea store, Coffee stand, Sandwich shop",Coffee stand,Bubble tea store,,"9525 S Tacoma Way ste b, Lakewood, WA 98499",None,9525 S Tacoma Way ste b,Lakewood,98499,Washington,Washington,United States of America,US,47.1708593,-122.48312329999999,8928d5d0d47ffff,America/Los_Angeles,,False,4.8,41,"https://search.google.com/local/reviews?placeid=ChIJL_9DEAABkVQRxMUQaWgjttA&q=boba+tea,+98433,+Tacoma,+WA,+US&authuser=0&hl=en&gl=US",,,2.0,0.0,0.0,0.0,39.0,52,https://lh3.googleusercontent.com/p/AF1QipMGW9ByFgn6YCiKvUzItCf681M1LyyHeXcmZ3Ff=w800-h500-k-no,https://lh3.googleusercontent.com/p/AF1QipMGW9ByFgn6YCiKvUzItCf681M1LyyHeXcmZ3Ff=w1600-h1000-k-no,,"{""Monday"": ""5AM-8PM"", ""Tuesday"": ""5AM-8PM"", ""Wednesday"": ""5AM-8PM"", ""Thursday"": ""5AM-8PM"", ""Friday"": ""5AM-8PM"", ""Saturday"": ""6AM-8PM"", ""Sunday"": ""7AM-6PM""}",Monday:5AM-8PM|Tuesday:5AM-8PM|Wednesday:5AM-8PM|Thursday:5AM-8PM|Friday:5AM-8PM|Saturday:6AM-8PM|Sunday:7AM-6PM,,,OPERATIONAL,"{""Service options"": {""Takeout"": true, ""Delivery"": false}, ""Accessibility"": {""Wheelchair accessible parking lot"": true}, ""Parking"": {""Free parking lot"": true, ""Free street parking"": true}}",,,https://lh4.googleusercontent.com/-Mk6wJQanJkk/AAAAAAAAAAI/AAAAAAAAAAA/1ffX44SYjSM/s44-p-k-no-ns-nd/photo.jpg,,,True,102337562403138241870,Hippo Express Coffee,https://www.google.com/maps/contrib/102337562403138241870,,"https://www.google.com/viewer/chooseprovider?mid=/g/11vwxtyh5k&g2lbs=AAEPWCvqueKXoryLPW-kABmq04oNgJB1zFVHMrjE54fdZ76AzBTxzKfRIh9THfVUc8kbwduE3_y6Jf4puvSl4oGuVTGC_7B99w%3D%3D&hl=en-US&gl=us&fo_m=MfohQo559jFvMUOzJVpjPL1YMfZ3bInYwBDuMfaXTPp5KXh-&utm_source=tactile&gei=NdcCaMSWDMKtxc8P6Z2Z0Ao&ei=NdcCaMSWDMKtxc8P6Z2Z0Ao&fo_s=OA,SOE&opi=79508299&ebb=1&cs=0&foub=mcpp",,,"https://www.google.com/maps/place/Hippo+Express+Coffee/@47.1708593,-122.48312329999999,14z/data=!4m8!1m2!2m1!1sHippo+Express+Coffee!3m4!1s0x549101001043ff2f:0xd0b623686910c5c4!8m2!3d47.1708593!4d-122.48312329999999","https://www.google.com/maps/place/Hippo+Express+Coffee/@47.1708593,-122.48312329999999,13.99z/data=!4m16!1m7!3m6!1s0x549101001043ff2f:0xd0b623686910c5c4!2sHippo+Express+Coffee!8m2!3d47.1708593!4d-122.48312329999999!16s%2Fg%2F11ckvg1dmb!3m7!1s0x549101001043ff2f:0xd0b623686910c5c4!8m2!3d47.1708593!4d-122.48312329999999!9m1!1b1!16s%2Fg%2F11ckvg1dmb?entry=ttu",ChIJL_9DEAABkVQRxMUQaWgjttA,0x549101001043ff2f:0xd0b623686910c5c4,15039246936996627908,/g/11vwxtyh5k,-3407497136712923708,,,,,,,,,,,,,,,,,,,,,,,,,,,,,,,,,,,,,,,,,,,,,,,,,
"boba tea, 98433, Tacoma, WA, US",Brown's Flowers featuring Mimi's Teas,Browns Flowers Featuring Mimis Teas,http://www.mimisteas.com/,"Tea house, Gift shop, Kitchen supply store, Tea store",Tea store,Tea house,+1 253-820-8998,"620 Regents Blvd, Fircrest, WA 98466",None,620 Regents Blvd,Fircrest,98466,Washington,Washington,United States of America,US,47.237518699999995,-122.51388759999999,8928d5d5347ffff,America/Los_Angeles,,False,4.9,95,"https://search.google.com/local/reviews?placeid=ChIJs-rEh8-qkVQRPPGjgzuDsRo&q=boba+tea,+98433,+Tacoma,+WA,+US&authuser=0&hl=en&gl=US",,,1.0,0.0,0.0,3.0,91.0,62,https://lh3.googleusercontent.com/p/AF1QipPZwu1zHCOptaJEsJe5959YGCbzc6LraktG2Ep4=w800-h500-k-no,https://lh3.googleusercontent.com/p/AF1QipPZwu1zHCOptaJEsJe5959YGCbzc6LraktG2Ep4=w1600-h1000-k-no,,"{""Monday"": ""9AM-3PM"", ""Tuesday"": ""9AM-5PM"", ""Wednesday"": ""9AM-5PM"", ""Thursday"": ""9AM-5PM"", ""Friday"": ""9AM-5PM"", ""Saturday"": ""9AM-2PM"", ""Sunday"": ""Closed""}",Monday:9AM-3PM|Tuesday:9AM-5PM|Wednesday:9AM-5PM|Thursday:9AM-5PM|Friday:9AM-5PM|Saturday:9AM-2PM|Sunday:Closed,,,OPERATIONAL,"{""From the business"": {""Small business"": true}, ""Service options"": {""In-store pickup"": true, ""Onsite services"": true, ""Delivery"": false, ""Same-day delivery"": false}, ""Accessibility"": {""Wheelchair accessible entrance"": true, ""Wheelchair accessible parking lot"": true}, ""Planning"": {""Quick visit"": true}, ""Payments"": {""Credit cards"": true, ""NFC mobile payments"": true}}",,,https://lh3.googleusercontent.com/-u2YD7oI2LVg/AAAAAAAAAAI/AAAAAAAAAAA/6AgeyQCvC7s/s44-p-k-no-ns-nd/photo.jpg,,,True,108356133969612487111,Brown's Flowers featuring Mimi's Teas,https://www.google.com/maps/contrib/108356133969612487111,,,,,"https://www.google.com/maps/place/Brown%27s+Flowers+featuring+Mimi%27s+Teas/@47.237518699999995,-122.51388759999999,14z/data=!4m8!1m2!2m1!1sBrown%27s+Flowers+featuring+Mimi%27s+Teas!3m4!1s0x5491aacf87c4eab3:0x1ab1833b83a3f13c!8m2!3d47.237518699999995!4d-122.51388759999999","https://www.google.com/maps/place/Brown%27s+Flowers+featuring+Mimi%27s+Teas/@47.237518699999995,-122.51388759999999,13.99z/data=!4m16!1m7!3m6!1s0x5491aacf87c4eab3:0x1ab1833b83a3f13c!2sBrown%27s+Flowers+featuring+Mimi%27s+Teas!8m2!3d47.237518699999995!4d-122.51388759999999!16s%2Fg%2F11ckvg1dmb!3m7!1s0x5491aacf87c4eab3:0x1ab1833b83a3f13c!8m2!3d47.237518699999995!4d-122.51388759999999!9m1!1b1!16s%2Fg%2F11ckvg1dmb?entry=ttu",ChIJs-rEh8-qkVQRPPGjgzuDsRo,0x5491aacf87c4eab3:0x1ab1833b83a3f13c,1923462807498780988,/g/1q64klmrf,1923462807498780988,,,,,,,,,,,,,,,,,,,,,,,,,,12538208998,,,https://www.facebook.com/mimisteasfircrest/,,,,,,,,,,//twitter.com/intent/,,,,,Mimi's Teas in Fircrest,WordPress 5.9.3,,,,
"boba tea, 98433, Tacoma, WA, US",Toast Mi,Toast Mi,https://www.clover.com/online-ordering/toast-mi--federal-way-federal-way,"Bubble tea store, Vietnamese restaurant, Coffee shop, Fast food restaurant, Restaurant, Sandwich shop",restaurants,Bubble tea store,+1 206-212-6552,"1805 S 316th St a101, Federal Way, WA 98003",None,1805 S 316th St a101,Federal Way,98003,Washington,Washington,United States of America,US,47.3186184,-122.31080109999999,8928d5c1277ffff,America/Los_Angeles,,False,4.7,53,"https://search.google.com/local/reviews?placeid=ChIJr0OVDaVXkFQRyg_enc1yLv4&q=boba+tea,+98433,+Tacoma,+WA,+US&authuser=0&hl=en&gl=US",,,2.0,0.0,2.0,2.0,47.0,102,https://lh3.googleusercontent.com/p/AF1QipNQ2aSUoqUmW_BHaQYotBNi4eFkpUQY3kQb5X5V=w800-h500-k-no,https://lh3.googleusercontent.com/p/AF1QipNQ2aSUoqUmW_BHaQYotBNi4eFkpUQY3kQb5X5V=w1600-h1000-k-no,,"{""Monday"": ""11AM-6PM"", ""Tuesday"": ""11AM-6PM"", ""Wednesday"": ""Closed"", ""Thursday"": ""11AM-6PM"", ""Friday"": ""11AM-7PM"", ""Saturday"": ""11AM-7PM"", ""Sunday"": ""11AM-6PM""}",Monday:11AM-6PM|Tuesday:11AM-6PM|Wednesday:Closed|Thursday:11AM-6PM|Friday:11AM-7PM|Saturday:11AM-7PM|Sunday:11AM-6PM,,,OPERATIONAL,"{""Service options"": {""Delivery"": true, ""Takeout"": true, ""Dine-in"": true}, ""Highlights"": {""Great coffee"": true, ""Great tea selection"": true}, ""Popular for"": {""Breakfast"": true, ""Lunch"": true, ""Dinner"": true, ""Solo dining"": true}, ""Accessibility"": {""Wheelchair accessible entrance"": true, ""Wheelchair accessible parking lot"": true}, ""Offerings"": {""Coffee"": true, ""Comfort food"": true, ""Healthy options"": true, ""Quick bite"": true}, ""Dining options"": {""Breakfast"": true, ""Brunch"": true, ""Lunch"": true, ""Dinner"": true, ""Catering"": true, ""Counter service"": true, ""Dessert"": true, ""Seating"": true}, ""Atmosphere"": {""Casual"": true}, ""Payments"": {""Credit cards"": true, ""Debit cards"": true}, ""Children"": {""Good for kids"": true, ""High chairs"": true}, ""Parking"": {""Free parking garage"": true, ""Free parking lot"": true, ""Free street parking"": true, ""Parking"": true}, ""Pets"": {""Dogs allowed outside"": true}}",$,,https://lh5.googleusercontent.com/-BCtitCRP-EU/AAAAAAAAAAI/AAAAAAAAAAA/ajH3QcJ7vyo/s44-p-k-no-ns-nd/photo.jpg,,,True,103447562979946250956,Toast Mi,https://www.google.com/maps/contrib/103447562979946250956,,"https://www.google.com/viewer/chooseprovider?mid=/g/11vwfp06l4&g2lbs=AAEPWCtun5MnqMft4UBONroSPfTWPGuqfVmhRh9KXewZC-yWGLlU2xeieH7fEVGXgMr-XPWNph92qZ7Q8UmGjQuFv5fm2MmDmg%3D%3D&hl=en-US&gl=us&fo_m=MfohQo559jFvMUOzJVpjPL1YMfZ3bInYwBDuMfaXTPp5KXh-&utm_source=tactile&gei=NdcCaMSWDMKtxc8P6Z2Z0Ao&ei=NdcCaMSWDMKtxc8P6Z2Z0Ao&fo_s=OA,SOE&opi=79508299&ebb=1&cs=0&foub=mcpp",,,"https://www.google.com/maps/place/Toast+Mi/@47.3186184,-122.31080109999999,14z/data=!4m8!1m2!2m1!1sToast+Mi!3m4!1s0x549057a50d9543af:0xfe2e72cd9dde0fca!8m2!3d47.3186184!4d-122.31080109999999","https://www.google.com/maps/place/Toast+Mi/@47.3186184,-122.31080109999999,13.99z/data=!4m16!1m7!3m6!1s0x549057a50d9543af:0xfe2e72cd9dde0fca!2sToast+Mi!8m2!3d47.3186184!4d-122.31080109999999!16s%2Fg%2F11ckvg1dmb!3m7!1s0x549057a50d9543af:0xfe2e72cd9dde0fca!8m2!3d47.3186184!4d-122.31080109999999!9m1!1b1!16s%2Fg%2F11ckvg1dmb?entry=ttu",ChIJr0OVDaVXkFQRyg_enc1yLv4,0x549057a50d9543af:0xfe2e72cd9dde0fca,18315702962004824010,/g/11vwfp06l4,-131041111704727606,,ansu@clover.com,RECEIVING,Catch All,Ansu Vyas,Ansu,Vyas,Vice President Business Operations,,gbedwell@clover.com,INVALID,Invalid SMTP,Glenn Bedwell,Glenn,Bedwell,Software Engineer,,mhampton@clover.com,INVALID,Invalid SMTP,Michael R Hampton,Michael,R Hampton,Software Engineer,,+1 515-255-3700,+1 360-217-7075,+1 573-335-0366,https://www.facebook.com/recklessrolls/,http://instagram.com/donatopsizzact,https://www.linkedin.com/company/clovernetwork,,,,,,,,http://twitter.com/cloverpos,,,,,Online Ordering | Clover,,,,False,False
"boba tea, 98433, Tacoma, WA, US",Aloha Coffee Grindz,Aloha Coffee Grindz,https://www.instagram.com/aloha_coffeegrindz/,Coffee shop,coffee shops,Coffee shop,,"6000 Mt Tacoma Dr SW, Lakewood, WA 98499",None,6000 Mt Tacoma Dr SW,Lakewood,98499,Washington,Washington,United States of America,US,47.170088,-122.5165171,8928d5d728bffff,America/Los_Angeles,,False,4.8,17,"https://search.google.com/local/reviews?placeid=ChIJwyBvHQABkVQReJ0UCn4A1To&q=boba+tea,+98433,+Tacoma,+WA,+US&authuser=0&hl=en&gl=US",,,1.0,0.0,0.0,0.0,16.0,12,https://lh3.googleusercontent.com/p/AF1QipMF-uXooSxL4bZQEUNj6rvOOwhZi-0BLZ-FmU-b=w800-h500-k-no,https://lh3.googleusercontent.com/p/AF1QipMF-uXooSxL4bZQEUNj6rvOOwhZi-0BLZ-FmU-b=w1600-h1000-k-no,,"{""Monday"": ""5AM-5PM"", ""Tuesday"": ""5AM-5PM"", ""Wednesday"": ""5AM-5PM"", ""Thursday"": ""5AM-5PM"", ""Friday"": ""5AM-5PM"", ""Saturday"": ""7AM-5PM"", ""Sunday"": ""7AM-3PM""}",Monday:5AM-5PM|Tuesday:5AM-5PM|Wednesday:5AM-5PM|Thursday:5AM-5PM|Friday:5AM-5PM|Saturday:7AM-5PM|Sunday:7AM-3PM,,,OPERATIONAL,"{""Service options"": {""Onsite services"": true, ""Takeout"": true, ""Delivery"": false}, ""Highlights"": {""Great coffee"": true, ""Great tea selection"": true}, ""Offerings"": {""Coffee"": true}, ""Atmosphere"": {""Casual"": true, ""Trendy"": true}, ""Crowd"": {""Tourists"": true}, ""Planning"": {""Accepts reservations"": true}, ""Payments"": {""Credit cards"": true}, ""Parking"": {""Free street parking"": true}}",,,,,,False,None,Aloha Coffee Grindz,,,,,,"https://www.google.com/maps/place/Aloha+Coffee+Grindz/@47.170088,-122.5165171,14z/data=!4m8!1m2!2m1!1sAloha+Coffee+Grindz!3m4!1s0x549101001d6f20c3:0x3ad5007e0a149d78!8m2!3d47.170088!4d-122.5165171","https://www.google.com/maps/place/Aloha+Coffee+Grindz/@47.170088,-122.5165171,13.99z/data=!4m16!1m7!3m6!1s0x549101001d6f20c3:0x3ad5007e0a149d78!2sAloha+Coffee+Grindz!8m2!3d47.170088!4d-122.5165171!16s%2Fg%2F11ckvg1dmb!3m7!1s0x549101001d6f20c3:0x3ad5007e0a149d78!8m2!3d47.170088!4d-122.5165171!9m1!1b1!16s%2Fg%2F11ckvg1dmb?entry=ttu",ChIJwyBvHQABkVQReJ0UCn4A1To,0x549101001d6f20c3:0x3ad5007e0a149d78,4239295165574192504,/g/11w8m9ppd6,4239295165574192504,,,,,,,,,,,,,,,,,,,,,,,,,,,,,,,,,,,,,,,,,,,,,,,,,
"boba tea, 98433, Tacoma, WA, US",Tea Story,Tea Story,https://www.southhillmall.com/store/Tea-Story/2139004691/,Bubble tea store,Bubble tea store,Bubble tea store,+1 253-651-7811,"3500 S Meridian Ste 966, Puyallup, WA 98373",None,3500 S Meridian Ste 966,Puyallup,98373,Washington,Washington,United States of America,US,47.15829,-122.29659699999999,8928d5d1673ffff,America/Los_Angeles,,False,4.4,40,"https://search.google.com/local/reviews?placeid=ChIJz_zLNlb9kFQR68by18Kd0-Q&q=boba+tea,+98433,+Tacoma,+WA,+US&authuser=0&hl=en&gl=US",,,5.0,0.0,2.0,1.0,32.0,33,https://lh3.googleusercontent.com/p/AF1QipN-NB6eEuqEW1iRPL5pC3EbWi9DBPpT03iRVxUT=w800-h500-k-no,https://lh3.googleusercontent.com/p/AF1QipN-NB6eEuqEW1iRPL5pC3EbWi9DBPpT03iRVxUT=w1600-h1000-k-no,,"{""Monday"": ""10AM-9PM"", ""Tuesday"": ""10AM-9PM"", ""Wednesday"": ""10AM-9PM"", ""Thursday"": ""10AM-9PM"", ""Friday"": ""10AM-9PM"", ""Saturday"": ""10AM-9PM"", ""Sunday"": ""11AM-6PM""}",Monday:10AM-9PM|Tuesday:10AM-9PM|Wednesday:10AM-9PM|Thursday:10AM-9PM|Friday:10AM-9PM|Saturday:10AM-9PM|Sunday:11AM-6PM,,,OPERATIONAL,"{""Service options"": {""Takeout"": true, ""Dine-in"": true, ""Delivery"": false}, ""Highlights"": {""Great tea selection"": true}, ""Accessibility"": {""Wheelchair accessible entrance"": true, ""Wheelchair accessible parking lot"": true}}",$,,,,,False,None,Tea Story,,,,,,"https://www.google.com/maps/place/Tea+Story/@47.15829,-122.29659699999999,14z/data=!4m8!1m2!2m1!1sTea+Story!3m4!1s0x5490fd5636cbfccf:0xe4d39dc2d7f2c6eb!8m2!3d47.15829!4d-122.29659699999999","https://www.google.com/maps/place/Tea+Story/@47.15829,-122.29659699999999,13.99z/data=!4m16!1m7!3m6!1s0x5490fd5636cbfccf:0xe4d39dc2d7f2c6eb!2sTea+Story!8m2!3d47.15829!4d-122.29659699999999!16s%2Fg%2F11ckvg1dmb!3m7!1s0x5490fd5636cbfccf:0xe4d39dc2d7f2c6eb!8m2!3d47.15829!4d-122.29659699999999!9m1!1b1!16s%2Fg%2F11ckvg1dmb?entry=ttu",ChIJz_zLNlb9kFQR68by18Kd0-Q,0x5490fd5636cbfccf:0xe4d39dc2d7f2c6eb,16488696120905746155,/g/11kr88t5dp,-1958047952803805461,,d.montevideo@southhillmall.com,INVALID,Cannot validate,David Montevideo,David,Montevideo,,,marketing@southhillmall.com,RECEIVING,SMTP validated,Irene ?,Irene,?,Manager,12538402828,,,,,,,,,+1 253-840-2828,12534455108,12538402828,https://www.facebook.com/southhillmall/,http://instagram.com/southhillmall,,,,,,,,,https://twitter.com/SouthHillMall,,,,,,,,,False,False
"boba tea, 98433, Tacoma, WA, US",Pho Viet Thai,Pho Viet Thai,http://phovietthaitacoma.com/,"Bubble tea store, Asian restaurant, Vietnamese restaurant, Delivery Restaurant, Pho restaurant, Thai restaurant",restaurants,Bubble tea store,+1 253-267-1637,"3615 Steilacoom Blvd SW #102, Lakewood, WA 98499",None,3615 Steilacoom Blvd SW #102,Lakewood,98499,Washington,Washington,United States of America,US,47.176979499999995,-122.484798,8928d5d0d6bffff,America/Los_Angeles,,False,3.9,312,"https://search.google.com/local/reviews?placeid=ChIJPZpmgHkBkVQRxcr5Yy2rSQg&q=boba+tea,+98433,+Tacoma,+WA,+US&authuser=0&hl=en&gl=US",,,46.0,16.0,29.0,50.0,171.0,219,https://lh3.googleusercontent.com/p/AF1QipNg-fumnwBRyD5aOZlDgr3J4ji0jBtA2fu3qgcB=w800-h500-k-no,https://lh3.googleusercontent.com/p/AF1QipNg-fumnwBRyD5aOZlDgr3J4ji0jBtA2fu3qgcB=w1600-h1000-k-no,,"{""Monday"": ""11AM-11PM"", ""Tuesday"": ""11AM-11PM"", ""Wednesday"": ""11AM-11PM"", ""Thursday"": ""11AM-11PM"", ""Friday"": ""11AM-11PM"", ""Saturday"": ""11AM-11PM"", ""Sunday"": ""11AM-11PM""}",Monday:11AM-11PM|Tuesday:11AM-11PM|Wednesday:11AM-11PM|Thursday:11AM-11PM|Friday:11AM-11PM|Saturday:11AM-11PM|Sunday:11AM-11PM,"[{""delivery"": {""Monday"": ""11 AM-10:30 PM"", ""Tuesday"": ""11 AM-10:30 PM"", ""Wednesday"": ""11 AM-10:30 PM"", ""Thursday"": ""11 AM-10:30 PM"", ""Friday"": ""11 AM-10:30 PM"", ""Saturday"": ""11 AM-10:30 PM"", ""Sunday"": ""11 AM-10:30 PM""}}]",,OPERATIONAL,"{""From the business"": {""Identifies as Asian-owned"": true, ""Identifies as LGBTQ+ owned"": true, ""Identifies as veteran-owned"": true}, ""Service options"": {""No-contact delivery"": true, ""Delivery"": true, ""Onsite services"": true, ""Takeout"": true, ""Dine-in"": true}, ""Highlights"": {""Great tea selection"": true, ""Sports"": true}, ""Popular for"": {""Lunch"": true, ""Dinner"": true, ""Solo dining"": true}, ""Accessibility"": {""Wheelchair accessible entrance"": true, ""Wheelchair accessible parking lot"": true, ""Wheelchair accessible restroom"": true, ""Wheelchair accessible seating"": true}, ""Offerings"": {""Coffee"": true, ""Comfort food"": true, ""Healthy options"": true, ""Late-night food"": true, ""Quick bite"": true, ""Small plates"": true, ""Vegan options"": true, ""Vegetarian options"": true}, ""Dining options"": {""Breakfast"": true, ""Brunch"": true, ""Lunch"": true, ""Dinner"": true, ""Catering"": true, ""Counter service"": true, ""Seating"": true}, ""Amenities"": {""Restroom"": true, ""Wi-Fi"": true}, ""Atmosphere"": {""Casual"": true, ""Cozy"": true}, ""Crowd"": {""Family-friendly"": true, ""Groups"": true, ""LGBTQ+ friendly"": true, ""Transgender safespace"": true}, ""Planning"": {""Accepts reservations"": true}, ""Payments"": {""Credit cards"": true, ""Debit cards"": true, ""NFC mobile payments"": true}, ""Children"": {""Good for kids"": true, ""High chairs"": true, ""Kids' menu"": true}, ""Parking"": {""Free parking lot"": true, ""On-site parking"": true, ""Parking"": true}, ""Pets"": {""Dogs allowed outside"": true}, ""Other"": {""LGBTQ+ friendly"": true, ""Identifies as veteran-owned"": true, ""Identifies as Asian-owned"": true, ""Identifies as LGBTQ+ owned"": true}}",$,,https://lh4.googleusercontent.com/-6ZuO101L4Bs/AAAAAAAAAAI/AAAAAAAAAAA/9Wkkdr-_VzY/s44-p-k-no-ns-nd/photo.jpg,,,True,105012190403912962107,Pho Viet Thai,https://www.google.com/maps/contrib/105012190403912962107,,"https://www.google.com/viewer/chooseprovider?mid=/g/11j0yjs3wd&g2lbs=AAEPWCvbF_X1K41ApGEfnE5X1Rdt1f6z5ANPfLn4YF1RxYeMZSGIlJr3zNtuomsK0r30mzLBDZNFNMMXdo99GmfWFcGei0od9g%3D%3D&hl=en-US&gl=us&fo_m=MfohQo559jFvMUOzJVpjPL1YMfZ3bInYwBDuMfaXTPp5KXh-&utm_source=tactile&gei=NdcCaMSWDMKtxc8P6Z2Z0Ao&ei=NdcCaMSWDMKtxc8P6Z2Z0Ao&fo_s=OA,SOE&opi=79508299&ebb=1&cs=0&foub=mcpp",,,"https://www.google.com/maps/place/Pho+Viet+Thai/@47.176979499999995,-122.484798,14z/data=!4m8!1m2!2m1!1sPho+Viet+Thai!3m4!1s0x5491017980669a3d:0x849ab2d63f9cac5!8m2!3d47.176979499999995!4d-122.484798","https://www.google.com/maps/place/Pho+Viet+Thai/@47.176979499999995,-122.484798,13.99z/data=!4m16!1m7!3m6!1s0x5491017980669a3d:0x849ab2d63f9cac5!2sPho+Viet+Thai!8m2!3d47.176979499999995!4d-122.484798!16s%2Fg%2F11ckvg1dmb!3m7!1s0x5491017980669a3d:0x849ab2d63f9cac5!8m2!3d47.176979499999995!4d-122.484798!9m1!1b1!16s%2Fg%2F11ckvg1dmb?entry=ttu",ChIJPZpmgHkBkVQRxcr5Yy2rSQg,0x5491017980669a3d:0x849ab2d63f9cac5,597196637042494149,/g/11j0yjs3wd,597196637042494149,,hello@rfuenzalida.com,INVALID,Undeliverable,,,,,,matt@pixelspread.com,RECEIVING,Verified,,,,,,,,,,,,,,12532671637,,,https://www.facebook.com/phovietthai,,,,,,,,,,,,,https://github.com/JulietaUla/,,Pho Viet Thai,Starfield Technologies; Go Daddy Website Builder 8.0.0000,,,False,False
"boba tea, 98433, Tacoma, WA, US",Happy Lemon (Bonney Lake),Happy Lemon Bonney Lake,https://happylemonusa.com/,Bubble tea store,Bubble tea store,Bubble tea store,+1 253-447-7496,"9812 205th Ave E suite B, Bonney Lake, WA 98391",None,9812 205th Ave E suite B,Bonney Lake,98391,Washington,Washington,United States of America,US,47.1673177,-122.15544349999999,8928d5db4d3ffff,America/Los_Angeles,,False,4.0,45,"https://search.google.com/local/reviews?placeid=ChIJqyN6WKH7kFQRsdtPlNwhmEE&q=boba+tea,+98433,+Tacoma,+WA,+US&authuser=0&hl=en&gl=US",,,4.0,5.0,4.0,5.0,27.0,132,https://lh3.googleusercontent.com/p/AF1QipOABruVYdrOi9RB-Tf2J8yq_fcJ7aqizw7_5xWb=w800-h500-k-no,https://lh3.googleusercontent.com/p/AF1QipOABruVYdrOi9RB-Tf2J8yq_fcJ7aqizw7_5xWb=w1600-h1000-k-no,,"{""Monday"": ""12-8PM"", ""Tuesday"": ""Closed"", ""Wednesday"": ""12-8PM"", ""Thursday"": ""12-8PM"", ""Friday"": ""12-8PM"", ""Saturday"": ""12-8PM"", ""Sunday"": ""12-8PM""}",Monday:12-8PM|Tuesday:Closed|Wednesday:12-8PM|Thursday:12-8PM|Friday:12-8PM|Saturday:12-8PM|Sunday:12-8PM,,,OPERATIONAL,"{""Service options"": {""Curbside pickup"": true, ""No-contact delivery"": true, ""Delivery"": true, ""Takeout"": true, ""Dine-in"": true}, ""Highlights"": {""Great tea selection"": true}, ""Accessibility"": {""Wheelchair accessible entrance"": true, ""Wheelchair accessible parking lot"": true, ""Wheelchair accessible restroom"": true}}",$,,https://lh4.googleusercontent.com/-L8pSVe5d6AU/AAAAAAAAAAI/AAAAAAAAAAA/CnV_uUUIvnM/s44-p-k-no-ns-nd/photo.jpg,,,True,100209169637230163681,HAPPY LEMON - BONNEY LAKE,https://www.google.com/maps/contrib/100209169637230163681,,"https://www.google.com/viewer/chooseprovider?mid=/g/11l1jctqhd&g2lbs=AAEPWCuOJ7KD3S30Nia9G5wMSIuEnGXrbBwP9SnBtpbLHmjhYl8PpHxCVQPAC2DNTK2zYpMx4U3258H8obHs8n7zuGs5B5n3HQ%3D%3D&hl=en-US&gl=us&fo_m=MfohQo559jFvMUOzJVpjPL1YMfZ3bInYwBDuMfaXTPp5KXh-&utm_source=tactile&gei=NdcCaMSWDMKtxc8P6Z2Z0Ao&ei=NdcCaMSWDMKtxc8P6Z2Z0Ao&fo_s=OA,SOE&opi=79508299&ebb=1&cs=0&foub=mcpp",,,"https://www.google.com/maps/place/HAPPY+LEMON+-+BONNEY+LAKE/@47.1673177,-122.15544349999999,14z/data=!4m8!1m2!2m1!1sHAPPY+LEMON+-+BONNEY+LAKE!3m4!1s0x5490fba1587a23ab:0x419821dc944fdbb1!8m2!3d47.1673177!4d-122.15544349999999","https://www.google.com/maps/place/HAPPY+LEMON+-+BONNEY+LAKE/@47.1673177,-122.15544349999999,13.99z/data=!4m16!1m7!3m6!1s0x5490fba1587a23ab:0x419821dc944fdbb1!2sHAPPY+LEMON+-+BONNEY+LAKE!8m2!3d47.1673177!4d-122.15544349999999!16s%2Fg%2F11ckvg1dmb!3m7!1s0x5490fba1587a23ab:0x419821dc944fdbb1!8m2!3d47.1673177!4d-122.15544349999999!9m1!1b1!16s%2Fg%2F11ckvg1dmb?entry=ttu",ChIJqyN6WKH7kFQRsdtPlNwhmEE,0x5490fba1587a23ab:0x419821dc944fdbb1,4726565040190118833,/g/11l1jctqhd,4726565040190118833,,info@happylemonusa.com,INVALID,Invalid DNS,,,,,,portland@happylemonusa.com,UNKNOWN,Cannot validate,,,,,,fashionisland@happylemonusa.com,UNKNOWN,Cannot validate,,,,,,12814070946,,,https://www.facebook.com/happylemonglobal,https://www.instagram.com/happylemon.usa,,,,,,,,,,,,,,Happy Lemon USA - HAPPY LEMON USA,All in One SEO (AIOSEO) 4.4.8,"HAPPY LEMON's SUCCESS STORY ENJOY THE WORLD's YUMMIEST DRINK Happy Lemon is a world-leading beverage chain founded in 2006 by the Yummy-Town Group, a publicly listed tea culture company originating in Taiwan. They are the elite pioneers who originally brought and expanded the tea culture to Mainland China and Hong Kong. In 2014, Happy Lemon",,False,False
"boba tea, 98433, Tacoma, WA, US",Yummy Crepe,Yummy Crepe,http://www.shopthecommonsmall.com/store/Yummy-Crepe/2138833029,"Bubble tea store, Creperie, Restaurant",restaurants,Bubble tea store,+1 206-852-3731,"1935 S Commons, Federal Way, WA 98003",None,1935 S Commons,Federal Way,98003,Washington,Washington,United States of America,US,47.313215,-122.308077,8928d5c121bffff,America/Los_Angeles,,False,3.8,38,"https://search.google.com/local/reviews?placeid=ChIJCda11oJXkFQRzkKAKkvd_YQ&q=boba+tea,+98433,+Tacoma,+WA,+US&authuser=0&hl=en&gl=US",,,8.0,2.0,2.0,4.0,22.0,25,https://lh3.googleusercontent.com/p/AF1QipN-NXttjvUDuoBsF_S7BZ-o_nHLxRrHCyTmX8Ng=w800-h500-k-no,https://lh3.googleusercontent.com/p/AF1QipN-NXttjvUDuoBsF_S7BZ-o_nHLxRrHCyTmX8Ng=w1600-h1000-k-no,,"{""Monday"": ""10AM-7PM"", ""Tuesday"": ""10AM-7PM"", ""Wednesday"": ""10AM-7PM"", ""Thursday"": ""10AM-7PM"", ""Friday"": ""10AM-7PM"", ""Saturday"": ""10AM-7PM"", ""Sunday"": ""Closed""}",Monday:10AM-7PM|Tuesday:10AM-7PM|Wednesday:10AM-7PM|Thursday:10AM-7PM|Friday:10AM-7PM|Saturday:10AM-7PM|Sunday:Closed,,,OPERATIONAL,"{""Service options"": {""Delivery"": true, ""Takeout"": true, ""Dine-in"": true}, ""Highlights"": {""Great dessert"": true}, ""Popular for"": {""Solo dining"": true}, ""Accessibility"": {""Wheelchair accessible entrance"": true, ""Wheelchair accessible parking lot"": true, ""Wheelchair accessible seating"": true}, ""Offerings"": {""Coffee"": true, ""Comfort food"": true, ""Quick bite"": true}, ""Dining options"": {""Lunch"": true, ""Dessert"": true}, ""Atmosphere"": {""Casual"": true}, ""Crowd"": {""College students"": true}, ""Planning"": {""Quick visit"": true}, ""Payments"": {""Credit cards"": true, ""Debit cards"": true, ""NFC mobile payments"": true}, ""Children"": {""Good for kids"": true}, ""Parking"": {""Free street parking"": true}}",$,,https://lh6.googleusercontent.com/-qeAsZv-Ah10/AAAAAAAAAAI/AAAAAAAAAAA/AHzfqpKghbc/s44-p-k-no-ns-nd/photo.jpg,,,True,114624493219912393399,Yummy Crepe,https://www.google.com/maps/contrib/114624493219912393399,,"https://www.google.com/viewer/chooseprovider?mid=/g/12lsds_v1&g2lbs=AAEPWCtLz-RF44pauezTOyuJ4m36HKdH9Okx2Bq6u3WfQ9GVmHbjbLb3SLYnNCRUpZxdfEEUFi-f61HTU5ugk61mduQjChEY7A%3D%3D&hl=en-US&gl=us&fo_m=MfohQo559jFvMUOzJVpjPL1YMfZ3bInYwBDuMfaXTPp5KXh-&utm_source=tactile&gei=NtcCaMTKBZCHkdUP7eeV4Aw&ei=NtcCaMTKBZCHkdUP7eeV4Aw&fo_s=OA,SOE&opi=79508299&ebb=1&cs=0&foub=mcpp",,,"https://www.google.com/maps/place/Yummy+Crepe/@47.313215,-122.308077,14z/data=!4m8!1m2!2m1!1sYummy+Crepe!3m4!1s0x54905782d6b5d609:0x84fddd4b2a8042ce!8m2!3d47.313215!4d-122.308077","https://www.google.com/maps/place/Yummy+Crepe/@47.313215,-122.308077,13.99z/data=!4m16!1m7!3m6!1s0x54905782d6b5d609:0x84fddd4b2a8042ce!2sYummy+Crepe!8m2!3d47.313215!4d-122.308077!16s%2Fg%2F11ckvg1dmb!3m7!1s0x54905782d6b5d609:0x84fddd4b2a8042ce!8m2!3d47.313215!4d-122.308077!9m1!1b1!16s%2Fg%2F11ckvg1dmb?entry=ttu",ChIJCda11oJXkFQRzkKAKkvd_YQ,0x54905782d6b5d609:0x84fddd4b2a8042ce,9583058897019617998,/g/12lsds_v1,-8863685176689933618,,,,,,,,,,,,,,,,,,,,,,,,,,,,,,,,,,,,,,,,,,,,,,,,False,False
"boba tea, 98433, Tacoma, WA, US",BobaLust Tea Bar,Bobalust Tea Bar,http://bobalustteahouse.com/,Bubble tea store,Bubble tea store,Bubble tea store,,"1770 S 320th St, Federal Way, WA 98003",None,1770 S 320th St,Federal Way,98003,Washington,Washington,United States of America,US,47.3167614,-122.310733,8928d5c120fffff,America/Los_Angeles,,False,4.2,116,"https://search.google.com/local/reviews?placeid=ChIJRaiESbZXkFQRwxWbyPqXYbE&q=boba+tea,+98433,+Tacoma,+WA,+US&authuser=0&hl=en&gl=US",,,13.0,3.0,8.0,20.0,72.0,95,https://lh3.googleusercontent.com/p/AF1QipME8HNOEoTZ25wFJqQabYZD4Pk7s0sdFdOTKQGH=w800-h500-k-no,https://lh3.googleusercontent.com/p/AF1QipME8HNOEoTZ25wFJqQabYZD4Pk7s0sdFdOTKQGH=w1600-h1000-k-no,,"{""Monday"": ""1-10PM"", ""Tuesday"": ""1-10PM"", ""Wednesday"": ""1-10PM"", ""Thursday"": ""1-10PM"", ""Friday"": ""1-11PM"", ""Saturday"": ""1-11PM"", ""Sunday"": ""1-10PM""}",Monday:1-10PM|Tuesday:1-10PM|Wednesday:1-10PM|Thursday:1-10PM|Friday:1-11PM|Saturday:1-11PM|Sunday:1-10PM,,,OPERATIONAL,"{""Service options"": {""Takeout"": true, ""Dine-in"": true, ""Delivery"": false}, ""Highlights"": {""Great tea selection"": true}, ""Accessibility"": {""Wheelchair accessible entrance"": true, ""Wheelchair accessible parking lot"": true, ""Wheelchair accessible restroom"": true, ""Wheelchair accessible seating"": true}}",,,https://lh6.googleusercontent.com/-Sy_W9zgj53s/AAAAAAAAAAI/AAAAAAAAAAA/HWl485bIGkk/s44-p-k-no-ns-nd/photo.jpg,,,True,114293986998948268878,BobaLust Tea Bar,https://www.google.com/maps/contrib/114293986998948268878,,,,,"https://www.google.com/maps/place/BobaLust+Tea+Bar/@47.3167614,-122.310733,14z/data=!4m8!1m2!2m1!1sBobaLust+Tea+Bar!3m4!1s0x549057b64984a845:0xb16197fac89b15c3!8m2!3d47.3167614!4d-122.310733","https://www.google.com/maps/place/BobaLust+Tea+Bar/@47.3167614,-122.310733,13.99z/data=!4m16!1m7!3m6!1s0x549057b64984a845:0xb16197fac89b15c3!2sBobaLust+Tea+Bar!8m2!3d47.3167614!4d-122.310733!16s%2Fg%2F11ckvg1dmb!3m7!1s0x549057b64984a845:0xb16197fac89b15c3!8m2!3d47.3167614!4d-122.310733!9m1!1b1!16s%2Fg%2F11ckvg1dmb?entry=ttu",ChIJRaiESbZXkFQRwxWbyPqXYbE,0x549057b64984a845:0xb16197fac89b15c3,12781664320817403331,/g/11jjswqwbv,-5665079752892148285,,jobs@bobalust.com,RECEIVING,SMTP validated,,,,,,,,,,,,,,,,,,,,,,,,,https://www.facebook.com/105840394553388,,,,,,,,,,,,,,,HOME | bobalust,Wix.com Website Builder,,,False,False
"boba tea, 98433, Tacoma, WA, US",TEAlicious,Tealicious,http://www.tealiciousdd.com/,"Bubble tea store, Ice cream shop, Sandwich shop",Bubble tea store,Bubble tea store,+1 253-604-4589,"1100 N Meridian Ave, Puyallup, WA 98371",None,1100 N Meridian Ave,Puyallup,98371,Washington,Washington,United States of America,US,47.200808699999996,-122.2961153,8928d5dac7bffff,America/Los_Angeles,,False,4.4,87,"https://search.google.com/local/reviews?placeid=ChIJYYWFRnj5kFQRRbqxRxG_3VQ&q=boba+tea,+98433,+Tacoma,+WA,+US&authuser=0&hl=en&gl=US",,,8.0,4.0,2.0,8.0,65.0,166,https://lh3.googleusercontent.com/p/AF1QipMs3-pxfHILeIiW3gtJ_F6igTb6A6YXe0Uc4TpJ=w800-h500-k-no,https://lh3.googleusercontent.com/p/AF1QipMs3-pxfHILeIiW3gtJ_F6igTb6A6YXe0Uc4TpJ=w1600-h1000-k-no,,"{""Monday"": ""11AM-7PM"", ""Tuesday"": ""11AM-7PM"", ""Wednesday"": ""11AM-7PM"", ""Thursday"": ""11AM-7PM"", ""Friday"": ""11AM-8PM"", ""Saturday"": ""11AM-8PM"", ""Sunday"": ""Closed""}",Monday:11AM-7PM|Tuesday:11AM-7PM|Wednesday:11AM-7PM|Thursday:11AM-7PM|Friday:11AM-8PM|Saturday:11AM-8PM|Sunday:Closed,,,OPERATIONAL,"{""Service options"": {""Delivery"": true, ""Takeout"": true, ""Dine-in"": true}, ""Highlights"": {""Great tea selection"": true}, ""Accessibility"": {""Wheelchair accessible entrance"": true, ""Wheelchair accessible parking lot"": true, ""Wheelchair accessible seating"": true}, ""Parking"": {""Free parking lot"": true, ""Free street parking"": true}}",$,,https://lh4.googleusercontent.com/-YScO3IVmBu4/AAAAAAAAAAI/AAAAAAAAAAA/i1TYTIxN6to/s44-p-k-no-ns-nd/photo.jpg,,,True,108272926097565165570,TEAlicious,https://www.google.com/maps/contrib/108272926097565165570,,"https://www.google.com/viewer/chooseprovider?mid=/g/11tjsgs217&g2lbs=AAEPWCtF-FYkRAAJiN4wQVRPoItgt5ZUoc5vt9s74NCrZNGxnUpHLTleyTXsA-F3Iy4wWsGAPdHJ_x5dDWlL52x0iN28vnvEwg%3D%3D&hl=en-US&gl=us&fo_m=MfohQo559jFvMUOzJVpjPL1YMfZ3bInYwBDuMfaXTPp5KXh-&utm_source=tactile&gei=NtcCaMTKBZCHkdUP7eeV4Aw&ei=NtcCaMTKBZCHkdUP7eeV4Aw&fo_s=OA,SOE&opi=79508299&ebb=1&cs=0&foub=mcpp",,,"https://www.google.com/maps/place/TEAlicious/@47.200808699999996,-122.2961153,14z/data=!4m8!1m2!2m1!1sTEAlicious!3m4!1s0x5490f97846858561:0x54ddbf1147b1ba45!8m2!3d47.200808699999996!4d-122.2961153","https://www.google.com/maps/place/TEAlicious/@47.200808699999996,-122.2961153,13.99z/data=!4m16!1m7!3m6!1s0x5490f97846858561:0x54ddbf1147b1ba45!2sTEAlicious!8m2!3d47.200808699999996!4d-122.2961153!16s%2Fg%2F11ckvg1dmb!3m7!1s0x5490f97846858561:0x54ddbf1147b1ba45!8m2!3d47.200808699999996!4d-122.2961153!9m1!1b1!16s%2Fg%2F11ckvg1dmb?entry=ttu",ChIJYYWFRnj5kFQRRbqxRxG_3VQ,0x5490f97846858561:0x54ddbf1147b1ba45,6115253949977180741,/g/11tjsgs217,6115253949977180741,,,,,,,,,,,,,,,,,,,,,,,,,,2537504927,12536044589,12537504927,https://www.facebook.com/tealiciousdd/,https://www.instagram.com/tealicious_dd,,,,,,,,,,,https://www.youtube.com/channel/UCPiTTpGE_KmyKGsB-waghkw,,,TEAlicious Drinks & Desserts | Bubble Tea Bonney Lake WA | Home,wordpress,"TEAlicious is a fun, fast casual, family friendly bubble Tea café in Bonney Lake & Puyallup serving drinks, desserts, and Bánh Mì sandwiches.",,False,True
"boba tea, 98433, Tacoma, WA, US",Onit Cafe,Onit Cafe,https://www.instagram.com/onit_cafe/,"Bubble tea store, Cafe, Coffee shop, Dessert shop",Bubble tea store,Bubble tea store,+1 206-212-6463,"1066 S 320th St Bldg K STE D, Federal Way, WA 98003",None,1066 S 320th St Bldg K STE D,Federal Way,98003,Washington,Washington,United States of America,US,47.3153262,-122.3169916,8928d5c1233ffff,America/Los_Angeles,,False,4.6,246,"https://search.google.com/local/reviews?placeid=ChIJiaUu-6RXkFQRxtIIFdItcIA&q=boba+tea,+98433,+Tacoma,+WA,+US&authuser=0&hl=en&gl=US",,,11.0,4.0,9.0,27.0,195.0,641,https://lh3.googleusercontent.com/p/AF1QipMn2pXBKBaDU6DqJ1mIYdAg4kJu1NaHUQ2bUQQs=w800-h500-k-no,https://lh3.googleusercontent.com/p/AF1QipMn2pXBKBaDU6DqJ1mIYdAg4kJu1NaHUQ2bUQQs=w1600-h1000-k-no,,"{""Monday"": ""11AM-10PM"", ""Tuesday"": ""11AM-10PM"", ""Wednesday"": ""11AM-10PM"", ""Thursday"": ""11AM-10PM"", ""Friday"": ""11AM-10PM"", ""Saturday"": ""11AM-10PM"", ""Sunday"": ""11AM-10PM""}",Monday:11AM-10PM|Tuesday:11AM-10PM|Wednesday:11AM-10PM|Thursday:11AM-10PM|Friday:11AM-10PM|Saturday:11AM-10PM|Sunday:11AM-10PM,"[{""delivery"": {""Monday"": ""11 AM-10 PM"", ""Tuesday"": ""11 AM-10 PM"", ""Wednesday"": ""11 AM-10 PM"", ""Thursday"": ""11 AM-10 PM"", ""Friday"": ""11 AM-10 PM"", ""Saturday"": ""11 AM-10 PM"", ""Sunday"": ""11 AM-10 PM""}}, {""takeout"": {""Monday"": ""11 AM-10 PM"", ""Tuesday"": ""11 AM-10 PM"", ""Wednesday"": ""11 AM-10 PM"", ""Thursday"": ""11 AM-10 PM"", ""Friday"": ""11 AM-10 PM"", ""Saturday"": ""11 AM-10 PM"", ""Sunday"": ""11 AM-10 PM""}}]",,OPERATIONAL,"{""From the business"": {""Identifies as Asian-owned"": true, ""Identifies as veteran-owned"": true, ""Identifies as women-owned"": true}, ""Service options"": {""No-contact delivery"": true, ""Delivery"": true, ""Takeout"": true, ""Dine-in"": true}, ""Highlights"": {""Great tea selection"": true}, ""Accessibility"": {""Wheelchair accessible entrance"": true, ""Wheelchair accessible parking lot"": true, ""Wheelchair accessible restroom"": true}, ""Parking"": {""Free parking lot"": true, ""Free street parking"": true}, ""Other"": {""Identifies as veteran-owned"": true, ""Identifies as women-owned"": true, ""Identifies as Asian-owned"": true}}",$,,https://lh4.googleusercontent.com/-cF4R5EVdpHw/AAAAAAAAAAI/AAAAAAAAAAA/sf4qfkZnomw/s44-p-k-no-ns-nd/photo.jpg,,,True,115420574778525956470,Onit Cafe,https://www.google.com/maps/contrib/115420574778525956470,,"https://www.google.com/viewer/chooseprovider?mid=/g/11rk4h649z&g2lbs=AAEPWCvaAFgqmdxRxNT7T9NbBCdJG5K19wpZwHDQUdcwcCglShjtKtiPD9M7clj5wOlX_ng1O3ECGijyltyZG7eitoL62ATFNg%3D%3D&hl=en-US&gl=us&fo_m=MfohQo559jFvMUOzJVpjPL1YMfZ3bInYwBDuMfaXTPp5KXh-&utm_source=tactile&gei=NtcCaMTKBZCHkdUP7eeV4Aw&ei=NtcCaMTKBZCHkdUP7eeV4Aw&fo_s=OA,SOE&opi=79508299&ebb=1&cs=0&foub=mcpp",,,"https://www.google.com/maps/place/Onit+Cafe/@47.3153262,-122.3169916,14z/data=!4m8!1m2!2m1!1sOnit+Cafe!3m4!1s0x549057a4fb2ea589:0x80702dd21508d2c6!8m2!3d47.3153262!4d-122.3169916","https://www.google.com/maps/place/Onit+Cafe/@47.3153262,-122.3169916,13.99z/data=!4m16!1m7!3m6!1s0x549057a4fb2ea589:0x80702dd21508d2c6!2sOnit+Cafe!8m2!3d47.3153262!4d-122.3169916!16s%2Fg%2F11ckvg1dmb!3m7!1s0x549057a4fb2ea589:0x80702dd21508d2c6!8m2!3d47.3153262!4d-122.3169916!9m1!1b1!16s%2Fg%2F11ckvg1dmb?entry=ttu",ChIJiaUu-6RXkFQRxtIIFdItcIA,0x549057a4fb2ea589:0x80702dd21508d2c6,9254947614565651142,/g/11rk4h649z,-9191796459143900474,,,,,,,,,,,,,,,,,,,,,,,,,,,,,,,,,,,,,,,,,,,,,,,,,
"boba tea, 98433, Tacoma, WA, US",Cafe brown,Cafe Brown,https://instagram.com/cafe._brown?igshid=MmVlMjlkMTBhMg==,"Cafe, Restaurant",restaurants,Cafe,+1 253-267-0776,"8415 Steilacoom Blvd SW Suite B, Lakewood, WA 98498",None,8415 Steilacoom Blvd SW Suite B,Lakewood,98498,Washington,Washington,United States of America,US,47.1800332,-122.54954319999999,8928d5d7317ffff,America/Los_Angeles,,False,4.9,183,"https://search.google.com/local/reviews?placeid=ChIJmaO-VRQBkVQRbZ1l2xjjtm0&q=boba+tea,+98433,+Tacoma,+WA,+US&authuser=0&hl=en&gl=US",,,0.0,0.0,1.0,9.0,173.0,302,https://lh3.googleusercontent.com/p/AF1QipPQsTJDO6EalYuoJ5c71RZu23tyBoy-zRYiSyNh=w800-h500-k-no,https://lh3.googleusercontent.com/p/AF1QipPQsTJDO6EalYuoJ5c71RZu23tyBoy-zRYiSyNh=w1600-h1000-k-no,,"{""Monday"": ""Closed"", ""Tuesday"": ""11AM-9PM"", ""Wednesday"": ""11AM-9PM"", ""Thursday"": ""11AM-9PM"", ""Friday"": ""11AM-9PM"", ""Saturday"": ""11AM-9PM"", ""Sunday"": ""11AM-9PM""}",Monday:Closed|Tuesday:11AM-9PM|Wednesday:11AM-9PM|Thursday:11AM-9PM|Friday:11AM-9PM|Saturday:11AM-9PM|Sunday:11AM-9PM,,,OPERATIONAL,"{""Service options"": {""No-contact delivery"": true, ""Delivery"": true, ""Takeout"": true, ""Dine-in"": true}, ""Highlights"": {""Great tea selection"": true}, ""Popular for"": {""Lunch"": true, ""Dinner"": true, ""Solo dining"": true}, ""Accessibility"": {""Wheelchair accessible entrance"": true, ""Wheelchair accessible parking lot"": true, ""Wheelchair accessible seating"": true}, ""Offerings"": {""Coffee"": true, ""Comfort food"": true, ""Quick bite"": true}, ""Dining options"": {""Lunch"": true, ""Dinner"": true, ""Dessert"": true, ""Seating"": true}, ""Amenities"": {""Gender-neutral restroom"": true, ""Restroom"": true, ""Wi-Fi"": true}, ""Atmosphere"": {""Casual"": true, ""Cozy"": true, ""Trendy"": true}, ""Crowd"": {""Family-friendly"": true, ""LGBTQ+ friendly"": true, ""Transgender safespace"": true}, ""Payments"": {""Credit cards"": true}, ""Children"": {""Good for kids"": true, ""High chairs"": true, ""Kids' menu"": true}, ""Parking"": {""Free parking lot"": true, ""Free street parking"": true, ""Parking"": true}, ""Other"": {""LGBTQ+ friendly"": true}}",$$,,https://lh3.googleusercontent.com/-1EcwG4zanH4/AAAAAAAAAAI/AAAAAAAAAAA/QSsuEmbIONc/s44-p-k-no-ns-nd/photo.jpg,,,True,112335003215501138399,Cafe brown,https://www.google.com/maps/contrib/112335003215501138399,,"https://www.google.com/viewer/chooseprovider?mid=/g/11l6hmlkhd&g2lbs=AAEPWCthAA-cfx3fIEfrx59NQYD0svtXiG9fRz2S6S68zlebvyM4PNqF83f1wvO9Rhw1TUKK0VKUwxnAzfcdSGR7I0azEq-hYA%3D%3D&hl=en-US&gl=us&fo_m=MfohQo559jFvMUOzJVpjPL1YMfZ3bInYwBDuMfaXTPp5KXh-&utm_source=tactile&gei=NtcCaMTKBZCHkdUP7eeV4Aw&ei=NtcCaMTKBZCHkdUP7eeV4Aw&fo_s=OA,SOE&opi=79508299&ebb=1&cs=0&foub=mcpp",,,"https://www.google.com/maps/place/Cafe+brown/@47.1800332,-122.54954319999999,14z/data=!4m8!1m2!2m1!1sCafe+brown!3m4!1s0x5491011455bea399:0x6db6e318db659d6d!8m2!3d47.1800332!4d-122.54954319999999","https://www.google.com/maps/place/Cafe+brown/@47.1800332,-122.54954319999999,13.99z/data=!4m16!1m7!3m6!1s0x5491011455bea399:0x6db6e318db659d6d!2sCafe+brown!8m2!3d47.1800332!4d-122.54954319999999!16s%2Fg%2F11ckvg1dmb!3m7!1s0x5491011455bea399:0x6db6e318db659d6d!8m2!3d47.1800332!4d-122.54954319999999!9m1!1b1!16s%2Fg%2F11ckvg1dmb?entry=ttu",ChIJmaO-VRQBkVQRbZ1l2xjjtm0,0x5491011455bea399:0x6db6e318db659d6d,7905755891795074413,/g/11l6hmlkhd,7905755891795074413,,,,,,,,,,,,,,,,,,,,,,,,,,,,,,,,,,,,,,,,,,,,,,,,,
"boba tea, 98433, Tacoma, WA, US",Sharetea,Sharetea,http://facebook.com/shareteafederalway,Bubble tea store,Bubble tea store,Bubble tea store,+1 206-592-6029,"31217 Pacific Hwy S # B101, Federal Way, WA 98003",None,31217 Pacific Hwy S # B101,Federal Way,98003,Washington,Washington,United States of America,US,47.3215967,-122.31495849999999,8928d5c122bffff,America/Los_Angeles,,False,4.1,268,"https://search.google.com/local/reviews?placeid=ChIJA5bu18VXkFQRvYGtRj7Pe1U&q=boba+tea,+98433,+Tacoma,+WA,+US&authuser=0&hl=en&gl=US",,,24.0,16.0,20.0,55.0,153.0,120,https://lh3.googleusercontent.com/gps-proxy/ALd4DhF7MpIIXA04xnGRUIgZcvepoYBKPKBTAtgmlXRSg82E3fnNGYfj809qatJebZnsu6dYbINz_LvMb1nYo8Toq-g4W1Lm3rP2phQvaw-h7Efw9wbS9XMgWqhkiQbzhm16F3yFJGrMAftDFgaCClwtfWWDvqycB_LCo93WH27aK9r1Q0nBo4dBtAMc=w800-h500-k-no,https://lh3.googleusercontent.com/gps-proxy/ALd4DhF7MpIIXA04xnGRUIgZcvepoYBKPKBTAtgmlXRSg82E3fnNGYfj809qatJebZnsu6dYbINz_LvMb1nYo8Toq-g4W1Lm3rP2phQvaw-h7Efw9wbS9XMgWqhkiQbzhm16F3yFJGrMAftDFgaCClwtfWWDvqycB_LCo93WH27aK9r1Q0nBo4dBtAMc=w1600-h1000-k-no,,"{""Monday"": ""12-9PM"", ""Tuesday"": ""12-9PM"", ""Wednesday"": ""12-9PM"", ""Thursday"": ""12-9PM"", ""Friday"": ""12-9:30PM"", ""Saturday"": ""12-9:30PM"", ""Sunday"": ""12-9PM""}",Monday:12-9PM|Tuesday:12-9PM|Wednesday:12-9PM|Thursday:12-9PM|Friday:12-9:30PM|Saturday:12-9:30PM|Sunday:12-9PM,,,OPERATIONAL,"{""Service options"": {""Onsite services"": true, ""Takeout"": true, ""Dine-in"": true, ""Delivery"": false}, ""Highlights"": {""Great tea selection"": true}, ""Accessibility"": {""Wheelchair accessible entrance"": true, ""Wheelchair accessible parking lot"": true}}",$,,https://lh4.googleusercontent.com/-oC0yrSzE2RQ/AAAAAAAAAAI/AAAAAAAAAAA/p1RMj0JsfXQ/s44-p-k-no-ns-nd/photo.jpg,,,True,105258060316216236489,Sharetea,https://www.google.com/maps/contrib/105258060316216236489,,"https://www.google.com/viewer/chooseprovider?mid=/g/11fj975f0c&g2lbs=AAEPWCtmWpUPuwphIJRntgFQMwUUUYqO94I-GpQN-ZFlHm3Gb1pUALuF7G7jWfLCqDyKN21EGl6Ksd_YTWtQxp9XN7LrDFpjGg%3D%3D&hl=en-US&gl=us&fo_m=MfohQo559jFvMUOzJVpjPL1YMfZ3bInYwBDuMfaXTPp5KXh-&utm_source=tactile&gei=NtcCaMTKBZCHkdUP7eeV4Aw&ei=NtcCaMTKBZCHkdUP7eeV4Aw&fo_s=OA,SOE&opi=79508299&ebb=1&cs=0&foub=mcpp",,,"https://www.google.com/maps/place/Sharetea/@47.3215967,-122.31495849999999,14z/data=!4m8!1m2!2m1!1sSharetea!3m4!1s0x549057c5d7ee9603:0x557bcf3e46ad81bd!8m2!3d47.3215967!4d-122.31495849999999","https://www.google.com/maps/place/Sharetea/@47.3215967,-122.31495849999999,13.99z/data=!4m16!1m7!3m6!1s0x549057c5d7ee9603:0x557bcf3e46ad81bd!2sSharetea!8m2!3d47.3215967!4d-122.31495849999999!16s%2Fg%2F11ckvg1dmb!3m7!1s0x549057c5d7ee9603:0x557bcf3e46ad81bd!8m2!3d47.3215967!4d-122.31495849999999!9m1!1b1!16s%2Fg%2F11ckvg1dmb?entry=ttu",ChIJA5bu18VXkFQRvYGtRj7Pe1U,0x549057c5d7ee9603:0x557bcf3e46ad81bd,6159744781739983293,/g/11fj975f0c,6159744781739983293,,,,,,,,,,,,,,,,,,,,,,,,,,,,,,,,,,,,,,,,,,,,,,,,,
"boba tea, 98433, Tacoma, WA, US",Northwest Grind x Bubbleology,Northwest Grind X Bubbleology,https://m.facebook.com/people/Northwest-Grind-Yelm/100090487472311/,Coffee shop,coffee shops,Coffee shop,,"9241 Burnett Rd SE, Yelm, WA 98597",None,9241 Burnett Rd SE,Yelm,98597,Washington,Washington,United States of America,US,46.9537689,-122.62774689999999,8928f360843ffff,America/Los_Angeles,,False,4.3,133,"https://search.google.com/local/reviews?placeid=ChIJV1zG1SoTkVQRgExAimzeOqY&q=boba+tea,+98433,+Tacoma,+WA,+US&authuser=0&hl=en&gl=US",,,11.0,5.0,9.0,15.0,93.0,81,https://lh3.googleusercontent.com/gps-proxy/ALd4DhHgQ4duqUVfmf6PQMvc_gqRHV1y1G2tdytT6OXzUK_82rk_qB0lL6SLOZUPOgWEGlWaRuqbCyk8DI3GjOnoXGrcd0TVurz5GqWbNXaSZqQWoNZsR11YGwMA8kKLKgkls8O_Rjq4y0MyXOs0buUOGBtd1tla_I6iwJiU6q_LYoFubjqqVoMeW8tf=w800-h500-k-no,https://lh3.googleusercontent.com/gps-proxy/ALd4DhHgQ4duqUVfmf6PQMvc_gqRHV1y1G2tdytT6OXzUK_82rk_qB0lL6SLOZUPOgWEGlWaRuqbCyk8DI3GjOnoXGrcd0TVurz5GqWbNXaSZqQWoNZsR11YGwMA8kKLKgkls8O_Rjq4y0MyXOs0buUOGBtd1tla_I6iwJiU6q_LYoFubjqqVoMeW8tf=w1600-h1000-k-no,,"{""Monday"": ""5:30AM-7PM"", ""Tuesday"": ""5:30AM-7PM"", ""Wednesday"": ""5:30AM-7PM"", ""Thursday"": ""5:30AM-7PM"", ""Friday"": ""5:30AM-7PM"", ""Saturday"": ""6:30AM-7PM"", ""Sunday"": ""7AM-7PM""}",Monday:5:30AM-7PM|Tuesday:5:30AM-7PM|Wednesday:5:30AM-7PM|Thursday:5:30AM-7PM|Friday:5:30AM-7PM|Saturday:6:30AM-7PM|Sunday:7AM-7PM,,,OPERATIONAL,"{""Service options"": {""Drive-through"": true, ""Takeout"": true}, ""Highlights"": {""Great coffee"": true, ""Great tea selection"": true}, ""Accessibility"": {""Wheelchair accessible seating"": false}, ""Offerings"": {""Alcohol"": true, ""Beer"": true, ""Coffee"": true}, ""Dining options"": {""Breakfast"": true, ""Lunch"": true, ""Dessert"": true}, ""Amenities"": {""Restroom"": false}, ""Atmosphere"": {""Casual"": true, ""Trendy"": true}, ""Crowd"": {""College students"": true, ""Tourists"": true}, ""Planning"": {""Accepts reservations"": false}, ""Payments"": {""Credit cards"": true}, ""Children"": {""Good for kids"": true}, ""Parking"": {""Free street parking"": true}}",$,,https://lh3.googleusercontent.com/-ANccF4qZhjk/AAAAAAAAAAI/AAAAAAAAAAA/pXBY50kmZkc/s44-p-k-no-ns-nd/photo.jpg,,,True,103286980466345404597,Northwest Grind x Bubbleology,https://www.google.com/maps/contrib/103286980466345404597,,"https://www.google.com/viewer/chooseprovider?mid=/g/11v08ybm4k&g2lbs=AAEPWCsSTdJpCVesCYnI52GPXtMpyLuWASWEydm9vIlXPCxOQkEDD7M5oNxZ_J8ikgnbMwcOIc2ub4jRQRrFphu76aQEyurcsQ%3D%3D&hl=en-US&gl=us&fo_m=MfohQo559jFvMUOzJVpjPL1YMfZ3bInYwBDuMfaXTPp5KXh-&utm_source=tactile&gei=NtcCaMTKBZCHkdUP7eeV4Aw&ei=NtcCaMTKBZCHkdUP7eeV4Aw&fo_s=OA,SOE&opi=79508299&orderType=1&ebb=1&cs=0&foub=mcpp",,,"https://www.google.com/maps/place/Northwest+Grind+x+Bubbleology/@46.9537689,-122.62774689999999,14z/data=!4m8!1m2!2m1!1sNorthwest+Grind+x+Bubbleology!3m4!1s0x5491132ad5c65c57:0xa63ade6c8a404c80!8m2!3d46.9537689!4d-122.62774689999999","https://www.google.com/maps/place/Northwest+Grind+x+Bubbleology/@46.9537689,-122.62774689999999,13.99z/data=!4m16!1m7!3m6!1s0x5491132ad5c65c57:0xa63ade6c8a404c80!2sNorthwest+Grind+x+Bubbleology!8m2!3d46.9537689!4d-122.62774689999999!16s%2Fg%2F11ckvg1dmb!3m7!1s0x5491132ad5c65c57:0xa63ade6c8a404c80!8m2!3d46.9537689!4d-122.62774689999999!9m1!1b1!16s%2Fg%2F11ckvg1dmb?entry=ttu",ChIJV1zG1SoTkVQRgExAimzeOqY,0x5491132ad5c65c57:0xa63ade6c8a404c80,11978130716702559360,/g/11v08ybm4k,-6468613357006992256,,,,,,,,,,,,,,,,,,,,,,,,,,,,,https://www.facebook.com/p/Northwest-Grind-Yelm-100090487472311/,,,,,,,,,,,,,,,,,,,,
"boba tea, 98433, Tacoma, WA, US",Happy Duo Cafe,Happy Duo Cafe,http://www.happyduocafe.com/,"Coffee shop, Bakery",coffee shops,Coffee shop,+1 253-212-1610,"3609 Market Pl W #101, University Place, WA 98466",None,3609 Market Pl W #101,University Place,98466,Washington,Washington,United States of America,US,47.2257627,-122.53604179999999,8928d5d5143ffff,America/Los_Angeles,,False,4.7,202,"https://search.google.com/local/reviews?placeid=ChIJJ1I2zkOrkVQRtchAQ-wJJUo&q=boba+tea,+98433,+Tacoma,+WA,+US&authuser=0&hl=en&gl=US",,,4.0,4.0,4.0,15.0,175.0,158,https://lh3.googleusercontent.com/p/AF1QipM_8RUe-cdusPRHS80hPzlnWYVmhcRVRM6WJDFT=w800-h500-k-no,https://lh3.googleusercontent.com/p/AF1QipM_8RUe-cdusPRHS80hPzlnWYVmhcRVRM6WJDFT=w1600-h1000-k-no,,"{""Monday"": ""7AM-5:30PM"", ""Tuesday"": ""7AM-5:30PM"", ""Wednesday"": ""7AM-5:30PM"", ""Thursday"": ""7AM-5:30PM"", ""Friday"": ""7AM-5:30PM"", ""Saturday"": ""7AM-5:30PM"", ""Sunday"": ""7AM-5:30PM""}",Monday:7AM-5:30PM|Tuesday:7AM-5:30PM|Wednesday:7AM-5:30PM|Thursday:7AM-5:30PM|Friday:7AM-5:30PM|Saturday:7AM-5:30PM|Sunday:7AM-5:30PM,,,OPERATIONAL,"{""Service options"": {""Delivery"": true, ""Onsite services"": true, ""Takeout"": true, ""Dine-in"": true}, ""Highlights"": {""Great coffee"": true, ""Great dessert"": true, ""Great tea selection"": true, ""Live performances"": true}, ""Popular for"": {""Breakfast"": true, ""Lunch"": true, ""Solo dining"": true, ""Good for working on laptop"": true}, ""Accessibility"": {""Wheelchair accessible entrance"": true, ""Wheelchair accessible parking lot"": true, ""Wheelchair accessible restroom"": true, ""Wheelchair accessible seating"": true}, ""Offerings"": {""Coffee"": true, ""Comfort food"": true, ""Quick bite"": true}, ""Dining options"": {""Breakfast"": true, ""Lunch"": true, ""Dessert"": true, ""Seating"": true}, ""Amenities"": {""Restroom"": true}, ""Atmosphere"": {""Casual"": true, ""Cozy"": true, ""Trendy"": true}, ""Crowd"": {""College students"": true}, ""Payments"": {""Credit cards"": true, ""Debit cards"": true, ""NFC mobile payments"": true}, ""Children"": {""Good for kids"": true, ""High chairs"": true}, ""Parking"": {""Free parking garage"": true, ""Free parking lot"": true, ""Free street parking"": true, ""Parking"": true}, ""Pets"": {""Dogs allowed outside"": true}}",$,,https://lh4.googleusercontent.com/-GX8cXOtSUCo/AAAAAAAAAAI/AAAAAAAAAAA/JpCi7dyxI2U/s44-p-k-no-ns-nd/photo.jpg,,,True,109891252281811790221,Happy Duo Cafe,https://www.google.com/maps/contrib/109891252281811790221,,"https://www.google.com/viewer/chooseprovider?mid=/g/11s195wk9k&g2lbs=AAEPWCvsyhiwOzVxiRwKQwKfW1i44dU0wT1WBnAO0CzwhJ_7Nyt91GZzh7QUr0ajBTn8aoXSHbRHzBIsU30FTVVWQM0nbd2JPA%3D%3D&hl=en-US&gl=us&fo_m=MfohQo559jFvMUOzJVpjPL1YMfZ3bInYwBDuMfaXTPp5KXh-&utm_source=tactile&gei=NtcCaMTKBZCHkdUP7eeV4Aw&ei=NtcCaMTKBZCHkdUP7eeV4Aw&fo_s=OA,SOE&opi=79508299&ebb=1&cs=0&foub=mcpp",,,"https://www.google.com/maps/place/Happy+Duo+Cafe/@47.2257627,-122.53604179999999,14z/data=!4m8!1m2!2m1!1sHappy+Duo+Cafe!3m4!1s0x5491ab43ce365227:0x4a2509ec4340c8b5!8m2!3d47.2257627!4d-122.53604179999999","https://www.google.com/maps/place/Happy+Duo+Cafe/@47.2257627,-122.53604179999999,13.99z/data=!4m16!1m7!3m6!1s0x5491ab43ce365227:0x4a2509ec4340c8b5!2sHappy+Duo+Cafe!8m2!3d47.2257627!4d-122.53604179999999!16s%2Fg%2F11ckvg1dmb!3m7!1s0x5491ab43ce365227:0x4a2509ec4340c8b5!8m2!3d47.2257627!4d-122.53604179999999!9m1!1b1!16s%2Fg%2F11ckvg1dmb?entry=ttu",ChIJJ1I2zkOrkVQRtchAQ-wJJUo,0x5491ab43ce365227:0x4a2509ec4340c8b5,5342687443290212533,/g/11s195wk9k,5342687443290212533,,,,,,,,,,,,,,,,,,,,,,,,,,,,,https://www.facebook.com/happyduocafe,https://www.instagram.com/happyduo.cafe,,,,,,,,,,,,,,Happy Duo Cafe,,,,False,False
"boba tea, 98433, Tacoma, WA, US",Luv-a-Latte Espresso,Luv A Latte Espresso,https://www.luvalatteespresso.com/luv.a.latte.espresso,Cafe,cafes,Cafe,+1 253-900-3332,"10421 Pacific Ave S, Tacoma, WA 98444",None,10421 Pacific Ave S,Tacoma,98444,Washington,Washington,United States of America,US,47.161982099999996,-122.43341029999999,8928d5d016fffff,America/Los_Angeles,,False,4.9,136,"https://search.google.com/local/reviews?placeid=ChIJT4WzH_IBkVQRNXocsPB-45I&q=boba+tea,+98433,+Tacoma,+WA,+US&authuser=0&hl=en&gl=US",,,2.0,0.0,1.0,2.0,131.0,71,https://lh3.googleusercontent.com/p/AF1QipNjD0ed1uET5-5686kZF7kMVwUwbuK6oZ3eY5SO=w800-h500-k-no,https://lh3.googleusercontent.com/p/AF1QipNjD0ed1uET5-5686kZF7kMVwUwbuK6oZ3eY5SO=w1600-h1000-k-no,,"{""Monday"": ""7AM-3PM"", ""Tuesday"": ""7AM-3PM"", ""Wednesday"": ""7AM-3PM"", ""Thursday"": ""7AM-3PM"", ""Friday"": ""7AM-3PM"", ""Saturday"": ""10AM-3PM"", ""Sunday"": ""Closed""}",Monday:7AM-3PM|Tuesday:7AM-3PM|Wednesday:7AM-3PM|Thursday:7AM-3PM|Friday:7AM-3PM|Saturday:10AM-3PM|Sunday:Closed,,,OPERATIONAL,"{""From the business"": {""Identifies as Black-owned"": true, ""Identifies as LGBTQ+ owned"": true, ""Identifies as women-owned"": true}, ""Service options"": {""No-contact delivery"": true, ""Delivery"": true, ""Onsite services"": true, ""Takeout"": true, ""Dine-in"": true}, ""Highlights"": {""Great coffee"": true, ""Great tea selection"": true}, ""Popular for"": {""Breakfast"": true, ""Solo dining"": true}, ""Offerings"": {""Coffee"": true, ""Comfort food"": true, ""Quick bite"": true, ""Vegetarian options"": true}, ""Dining options"": {""Breakfast"": true, ""Lunch"": true, ""Catering"": true, ""Dessert"": true, ""Seating"": true}, ""Atmosphere"": {""Casual"": true, ""Cozy"": true, ""Trendy"": true}, ""Planning"": {""Accepts reservations"": true}, ""Payments"": {""Credit cards"": true, ""Debit cards"": true}, ""Parking"": {""Free street parking"": true}, ""Other"": {""Identifies as Black-owned"": true, ""Identifies as women-owned"": true, ""Identifies as LGBTQ+ owned"": true}}",$,,https://lh6.googleusercontent.com/-q06hcMAxjWE/AAAAAAAAAAI/AAAAAAAAAAA/K6CdwtFvHHk/s44-p-k-no-ns-nd/photo.jpg,,,True,113592280466573114189,Luv-a-Latte Espresso,https://www.google.com/maps/contrib/113592280466573114189,,"https://www.google.com/viewer/chooseprovider?mid=/g/11rsh5fyp9&g2lbs=AAEPWCvheeQ1moHIVvZ-8jLDdbHcaxWdzFLPjEWBmJTbabp7pp3xkArnlfVmgd3_sWcraEx5nsiVlefDikJful0sz4T7fbkryg%3D%3D&hl=en-US&gl=us&fo_m=MfohQo559jFvMUOzJVpjPL1YMfZ3bInYwBDuMfaXTPp5KXh-&utm_source=tactile&gei=NtcCaMTKBZCHkdUP7eeV4Aw&ei=NtcCaMTKBZCHkdUP7eeV4Aw&fo_s=OA,SOE&opi=79508299&ebb=1&cs=0&foub=mcpp",,,"https://www.google.com/maps/place/Luv-a-Latte+Espresso/@47.161982099999996,-122.43341029999999,14z/data=!4m8!1m2!2m1!1sLuv-a-Latte+Espresso!3m4!1s0x549101f21fb3854f:0x92e37ef0b01c7a35!8m2!3d47.161982099999996!4d-122.43341029999999","https://www.google.com/maps/place/Luv-a-Latte+Espresso/@47.161982099999996,-122.43341029999999,13.99z/data=!4m16!1m7!3m6!1s0x549101f21fb3854f:0x92e37ef0b01c7a35!2sLuv-a-Latte+Espresso!8m2!3d47.161982099999996!4d-122.43341029999999!16s%2Fg%2F11ckvg1dmb!3m7!1s0x549101f21fb3854f:0x92e37ef0b01c7a35!8m2!3d47.161982099999996!4d-122.43341029999999!9m1!1b1!16s%2Fg%2F11ckvg1dmb?entry=ttu",ChIJT4WzH_IBkVQRNXocsPB-45I,0x549101f21fb3854f:0x92e37ef0b01c7a35,10584443121462704693,/g/11rsh5fyp9,-7862300952246846923,,,,,,,,,,,,,,,,,,,,,,,,,,,,,https://www.facebook.com/Luvalatteespresso/,https://www.instagram.com/luv.a.latte.espresso,,,,,,,,,,,,,,Home - Luv-a-Latte Espresso,,"Online ordering menu for Luv-a-Latte Espresso. Welcome to Luv-a-Latte Espresso. Our menu features Italian Soda, Milkshakes, Tiger Butter, Purple Haze, and more! Don't forget to try our Banana Bread Latte! Find us North of Interstate 512. We're not far from Zips Cannabis! Order online for carryout!",,,
"boba tea, 98433, Tacoma, WA, US",TinTin Tea,Tintin Tea,https://tintintea.com/,Bubble tea store,Bubble tea store,Bubble tea store,+1 360-338-0987,"805 College St SE, Lacey, WA 98503",None,805 College St SE,Lacey,98503,Washington,Washington,United States of America,US,47.039206799999995,-122.8237391,8928d59a5dbffff,America/Los_Angeles,,False,4.4,151,"https://search.google.com/local/reviews?placeid=ChIJw4rAiXALkVQRL1ltpBCXwUs&q=boba+tea,+98433,+Tacoma,+WA,+US&authuser=0&hl=en&gl=US",,,11.0,4.0,7.0,21.0,108.0,90,https://lh3.googleusercontent.com/p/AF1QipMV3mr62aSi3CX9GylZt365ngtTTQ9mx0Xg8ik=w800-h500-k-no,https://lh3.googleusercontent.com/p/AF1QipMV3mr62aSi3CX9GylZt365ngtTTQ9mx0Xg8ik=w1600-h1000-k-no,,"{""Monday"": ""10:30AM-9PM"", ""Tuesday"": ""10:30AM-9PM"", ""Wednesday"": ""10:30AM-9PM"", ""Thursday"": ""10:30AM-9PM"", ""Friday"": ""10:30AM-9PM"", ""Saturday"": ""11AM-9PM"", ""Sunday"": ""11AM-9PM""}",Monday:10:30AM-9PM|Tuesday:10:30AM-9PM|Wednesday:10:30AM-9PM|Thursday:10:30AM-9PM|Friday:10:30AM-9PM|Saturday:11AM-9PM|Sunday:11AM-9PM,,,OPERATIONAL,"{""Service options"": {""Takeout"": true, ""Dine-in"": true, ""Delivery"": false}, ""Highlights"": {""Great tea selection"": true}, ""Accessibility"": {""Wheelchair accessible entrance"": true, ""Wheelchair accessible parking lot"": true, ""Wheelchair accessible restroom"": true}, ""Amenities"": {""Gender-neutral restroom"": true}}",$$,,https://lh5.googleusercontent.com/-GAgJOUQyClQ/AAAAAAAAAAI/AAAAAAAAAAA/zV_tzM43C_c/s44-p-k-no-ns-nd/photo.jpg,,,True,110754213037965528796,TINTIN TEA,https://www.google.com/maps/contrib/110754213037965528796,,,,,"https://www.google.com/maps/place/TINTIN+TEA/@47.039206799999995,-122.8237391,14z/data=!4m8!1m2!2m1!1sTINTIN+TEA!3m4!1s0x54910b7089c08ac3:0x4bc19710a46d592f!8m2!3d47.039206799999995!4d-122.8237391","https://www.google.com/maps/place/TINTIN+TEA/@47.039206799999995,-122.8237391,13.99z/data=!4m16!1m7!3m6!1s0x54910b7089c08ac3:0x4bc19710a46d592f!2sTINTIN+TEA!8m2!3d47.039206799999995!4d-122.8237391!16s%2Fg%2F11ckvg1dmb!3m7!1s0x54910b7089c08ac3:0x4bc19710a46d592f!8m2!3d47.039206799999995!4d-122.8237391!9m1!1b1!16s%2Fg%2F11ckvg1dmb?entry=ttu",ChIJw4rAiXALkVQRL1ltpBCXwUs,0x54910b7089c08ac3:0x4bc19710a46d592f,5458810321083652399,/g/11h6sbkx16,5458810321083652399,,,,,,,,,,,,,,,,,,,,,,,,,,,,,,,,,,,,,,,,,,,,,WordPress 6.7.2,,,False,False
"boba tea, 98433, Tacoma, WA, US",Tea Madame,Tea Madame,http://www.tea-madame.com/,Tea store,Tea store,Tea store,+1 253-426-1632,"5939 Steilacoom Blvd SW, Lakewood, WA 98499",None,5939 Steilacoom Blvd SW,Lakewood,98499,Washington,Washington,United States of America,US,47.1766994,-122.5175855,8928d5d720fffff,America/Los_Angeles,,False,4.9,198,"https://search.google.com/local/reviews?placeid=ChIJHX4e6e4AkVQRMvpUpWEA92c&q=boba+tea,+98433,+Tacoma,+WA,+US&authuser=0&hl=en&gl=US",,,3.0,0.0,1.0,12.0,182.0,49,https://lh3.googleusercontent.com/p/AF1QipPY6mSM2kLTbQT0AqKhL8ykbcFWUFFCO6nJiy0K=w800-h500-k-no,https://lh3.googleusercontent.com/p/AF1QipPY6mSM2kLTbQT0AqKhL8ykbcFWUFFCO6nJiy0K=w1600-h1000-k-no,,"{""Monday"": ""10AM-5PM"", ""Tuesday"": ""10AM-5PM"", ""Wednesday"": ""10AM-5PM"", ""Thursday"": ""10AM-5PM"", ""Friday"": ""10AM-5PM"", ""Saturday"": ""10AM-5PM"", ""Sunday"": ""10AM-5PM""}",Monday:10AM-5PM|Tuesday:10AM-5PM|Wednesday:10AM-5PM|Thursday:10AM-5PM|Friday:10AM-5PM|Saturday:10AM-5PM|Sunday:10AM-5PM,,,OPERATIONAL,"{""From the business"": {""Small business"": true}, ""Service options"": {""In-store pickup"": true, ""Onsite services"": true, ""Takeout"": true, ""Delivery"": false, ""Same-day delivery"": false}, ""Accessibility"": {""Wheelchair accessible entrance"": true, ""Wheelchair accessible parking lot"": true}, ""Planning"": {""Quick visit"": true}, ""Payments"": {""Credit cards"": true, ""Debit cards"": true, ""NFC mobile payments"": true}}",,,https://lh6.googleusercontent.com/-vPF8QB1PmGw/AAAAAAAAAAI/AAAAAAAAAAA/kTMAyci5wRk/s44-p-k-no-ns-nd/photo.jpg,,,True,110237255125783828735,Tea Madame,https://www.google.com/maps/contrib/110237255125783828735,,,,,"https://www.google.com/maps/place/Tea+Madame/@47.1766994,-122.5175855,14z/data=!4m8!1m2!2m1!1sTea+Madame!3m4!1s0x549100eee91e7e1d:0x67f70061a554fa32!8m2!3d47.1766994!4d-122.5175855","https://www.google.com/maps/place/Tea+Madame/@47.1766994,-122.5175855,13.99z/data=!4m16!1m7!3m6!1s0x549100eee91e7e1d:0x67f70061a554fa32!2sTea+Madame!8m2!3d47.1766994!4d-122.5175855!16s%2Fg%2F11ckvg1dmb!3m7!1s0x549100eee91e7e1d:0x67f70061a554fa32!8m2!3d47.1766994!4d-122.5175855!9m1!1b1!16s%2Fg%2F11ckvg1dmb?entry=ttu",ChIJHX4e6e4AkVQRMvpUpWEA92c,0x549100eee91e7e1d:0x67f70061a554fa32,7491456924539746866,/g/11bxdt_2pl,7491456924539746866,,l.olmstead@tea-madame.com,INVALID,Cannot validate,Ladonna Olmstead,Ladonna,Olmstead,,,ladonna@tea-madame.com,RECEIVING,SMTP validated,,,,,,,,,,,,,,12534261632,,,https://www.facebook.com/418340905035930,,,,,,,,,,,,,,,,,,,,
"boba tea, 98433, Tacoma, WA, US",Sunright Tea Studio,Sunright Tea Studio,https://www.snrtea.com/,Bubble tea store,Bubble tea store,Bubble tea store,+1 206-460-5948,"32225 Pacific Hwy S Ste.103, Federal Way, WA 98003",None,32225 Pacific Hwy S Ste.103,Federal Way,98003,Washington,Washington,United States of America,US,47.312799899999995,-122.31388849999999,8928d5c1217ffff,America/Los_Angeles,,False,4.6,34,"https://search.google.com/local/reviews?placeid=ChIJp5UZ8oRXkFQRLCnvFSSKKFY&q=boba+tea,+98433,+Tacoma,+WA,+US&authuser=0&hl=en&gl=US",,,1.0,2.0,1.0,3.0,27.0,152,https://lh3.googleusercontent.com/gps-proxy/ALd4DhGTP27XRtK-f8oP4WNVQq9zrjA9_2JxJ2RpyaUbq0bN4-8H0bSafGKD57r65Pdb2LVtyKwPwmiUVg93rDL2QdqVoxgGTD8rj0LDPHm44edNmS-7uX5z55Bh5f5xMKApw0oFDZLAweqwbGYn-8q1oH88HUPqlyHBMh8gbVNFaWhuOprkpqax6v9Ahw=w800-h500-k-no,https://lh3.googleusercontent.com/gps-proxy/ALd4DhGTP27XRtK-f8oP4WNVQq9zrjA9_2JxJ2RpyaUbq0bN4-8H0bSafGKD57r65Pdb2LVtyKwPwmiUVg93rDL2QdqVoxgGTD8rj0LDPHm44edNmS-7uX5z55Bh5f5xMKApw0oFDZLAweqwbGYn-8q1oH88HUPqlyHBMh8gbVNFaWhuOprkpqax6v9Ahw=w1600-h1000-k-no,,"{""Monday"": ""12-9PM"", ""Tuesday"": ""12-9PM"", ""Wednesday"": ""12-9PM"", ""Thursday"": ""12-9PM"", ""Friday"": ""12-10PM"", ""Saturday"": ""12-10PM"", ""Sunday"": ""12-9PM""}",Monday:12-9PM|Tuesday:12-9PM|Wednesday:12-9PM|Thursday:12-9PM|Friday:12-10PM|Saturday:12-10PM|Sunday:12-9PM,,,OPERATIONAL,"{""Service options"": {""Delivery"": true, ""Takeout"": true, ""Dine-in"": true}, ""Highlights"": {""Great tea selection"": true}, ""Accessibility"": {""Wheelchair accessible entrance"": true, ""Wheelchair accessible parking lot"": true}, ""Parking"": {""Free parking lot"": true}}",$,,https://lh3.googleusercontent.com/-KPi1x4J3ptg/AAAAAAAAAAI/AAAAAAAAAAA/TfTmkeD2jf4/s44-p-k-no-ns-nd/photo.jpg,,,True,116565116060828687650,Sunright Tea Studio,https://www.google.com/maps/contrib/116565116060828687650,,"https://www.google.com/viewer/chooseprovider?mid=/g/11vq49g7s5&g2lbs=AAEPWCuuDB0JdKI4eHs76n__WAR_5ZrKASylCIlUKc0IIswb6a3f1t9iLnlEfmu5gWu6rElVJ-cD6jOj35lq5pbCweJQ9T4FAw%3D%3D&hl=en-US&gl=us&fo_m=MfohQo559jFvMUOzJVpjPL1YMfZ3bInYwBDuMfaXTPp5KXh-&utm_source=tactile&gei=NtcCaMTKBZCHkdUP7eeV4Aw&ei=NtcCaMTKBZCHkdUP7eeV4Aw&fo_s=OA,SOE&opi=79508299&ebb=1&cs=0&foub=mcpp",,,"https://www.google.com/maps/place/Sunright+Tea+Studio/@47.312799899999995,-122.31388849999999,14z/data=!4m8!1m2!2m1!1sSunright+Tea+Studio!3m4!1s0x54905784f21995a7:0x56288a2415ef292c!8m2!3d47.312799899999995!4d-122.31388849999999","https://www.google.com/maps/place/Sunright+Tea+Studio/@47.312799899999995,-122.31388849999999,13.99z/data=!4m16!1m7!3m6!1s0x54905784f21995a7:0x56288a2415ef292c!2sSunright+Tea+Studio!8m2!3d47.312799899999995!4d-122.31388849999999!16s%2Fg%2F11ckvg1dmb!3m7!1s0x54905784f21995a7:0x56288a2415ef292c!8m2!3d47.312799899999995!4d-122.31388849999999!9m1!1b1!16s%2Fg%2F11ckvg1dmb?entry=ttu",ChIJp5UZ8oRXkFQRLCnvFSSKKFY,0x54905784f21995a7:0x56288a2415ef292c,6208363973921679660,/g/11vq49g7s5,6208363973921679660,,support@snrtea.com,RECEIVING,SMTP validated,,,,,,lawrence@lawrencemooreassociates.com,RECEIVING,SMTP validated,,,,,,db@sunrightteastudio.com,RECEIVING,SMTP validated,,,,,,16268668999,16269987999,13466673666,https://www.facebook.com/sunrightteastudio/,https://www.instagram.com/sunrightteastudio,,,,,,,,,,,,,,Sunright TEA STUDIO,,,,False,True
"boba tea, 98433, Tacoma, WA, US",Dutch Bros Coffee,Dutch Bros Coffee,https://www.dutchbros.com/locations/wa/fife/5314-pacific-hwy-e?y_source=1_MTUyMjgzNDYtNzE1LWxvY2F0aW9uLndlYnNpdGU%3D,"Coffee shop, Cafe, Juice shop, Tea house",coffee shops,Coffee shop,+1 877-899-2767,"5314 Pacific Hwy E, Fife, WA 98424",None,5314 Pacific Hwy E,Fife,98424,Washington,Washington,United States of America,US,47.2427554,-122.35746379999999,8928d5c30d7ffff,America/Los_Angeles,,False,4.6,1109,"https://search.google.com/local/reviews?placeid=ChIJg56pg3H_kFQRAScwH8Vj9K4&q=boba+tea,+98433,+Tacoma,+WA,+US&authuser=0&hl=en&gl=US",,,37.0,26.0,47.0,155.0,844.0,271,https://lh3.googleusercontent.com/p/AF1QipOoCFm7ejJk8pvie1VEEtU12gYSRCu-tC8ZxB9i=w800-h500-k-no,https://lh3.googleusercontent.com/p/AF1QipOoCFm7ejJk8pvie1VEEtU12gYSRCu-tC8ZxB9i=w1600-h1000-k-no,,"{""Monday"": ""5AM-10PM"", ""Tuesday"": ""5AM-10PM"", ""Wednesday"": ""5AM-10PM"", ""Thursday"": ""5AM-10PM"", ""Friday"": ""5AM-11PM"", ""Saturday"": ""5AM-11PM"", ""Sunday"": ""5AM-10PM""}",Monday:5AM-10PM|Tuesday:5AM-10PM|Wednesday:5AM-10PM|Thursday:5AM-10PM|Friday:5AM-11PM|Saturday:5AM-11PM|Sunday:5AM-10PM,,,OPERATIONAL,"{""Service options"": {""Curbside pickup"": true, ""Drive-through"": true, ""Onsite services"": true, ""Takeout"": true, ""Delivery"": false}, ""Accessibility"": {""Wheelchair accessible entrance"": true, ""Wheelchair accessible parking lot"": true, ""Wheelchair accessible restroom"": false, ""Wheelchair accessible seating"": false}, ""Offerings"": {""Coffee"": true, ""Prepared foods"": true}, ""Dining options"": {""Catering"": true, ""Seating"": true}, ""Amenities"": {""Restroom"": false}, ""Atmosphere"": {""Casual"": true, ""Trendy"": true}, ""Crowd"": {""Family-friendly"": true, ""Tourists"": true}, ""Planning"": {""Usually a wait"": true, ""Accepts reservations"": false}, ""Payments"": {""Credit cards"": true, ""Debit cards"": true, ""NFC mobile payments"": true}, ""Children"": {""Good for kids"": true, ""Kids' menu"": true}, ""Parking"": {""Free parking lot"": true, ""Free street parking"": true, ""Parking"": true}, ""Pets"": {""Dogs allowed"": true}}",$,,https://lh6.googleusercontent.com/-MxzvTMAovzo/AAAAAAAAAAI/AAAAAAAAAAA/oGR0Soy8E5s/s44-p-k-no-ns-nd/photo.jpg,"Fun-loving drive-thru serving up customized coffees, Rebel energy drinks, cold brew, tea & more.",,True,114360900823849814994,Dutch Bros Coffee,https://www.google.com/maps/contrib/114360900823849814994,,"https://www.google.com/viewer/chooseprovider?mid=/g/11h0w9j23_&g2lbs=AAEPWCuq6gSUSy9d0DBzRji3korNvxNPj1Ah5VcbGEclaFHxSLAm2xASezfCibgWZus9HZEjyYkTnXvobhRFFN_JZHgRus5mvg%3D%3D&hl=en-US&gl=us&fo_m=MfohQo559jFvMUOzJVpjPL1YMfZ3bInYwBDuMfaXTPp5KXh-&utm_source=tactile&gei=NtcCaMTKBZCHkdUP7eeV4Aw&ei=NtcCaMTKBZCHkdUP7eeV4Aw&fo_s=OA,SOE&opi=79508299&orderType=2&ebb=1&cs=0&foub=mcpp",,,"https://www.google.com/maps/place/Dutch+Bros+Coffee/@47.2427554,-122.35746379999999,14z/data=!4m8!1m2!2m1!1sDutch+Bros+Coffee!3m4!1s0x5490ff7183a99e83:0xaef463c51f302701!8m2!3d47.2427554!4d-122.35746379999999","https://www.google.com/maps/place/Dutch+Bros+Coffee/@47.2427554,-122.35746379999999,13.99z/data=!4m16!1m7!3m6!1s0x5490ff7183a99e83:0xaef463c51f302701!2sDutch+Bros+Coffee!8m2!3d47.2427554!4d-122.35746379999999!16s%2Fg%2F11ckvg1dmb!3m7!1s0x5490ff7183a99e83:0xaef463c51f302701!8m2!3d47.2427554!4d-122.35746379999999!9m1!1b1!16s%2Fg%2F11ckvg1dmb?entry=ttu",ChIJg56pg3H_kFQRAScwH8Vj9K4,0x5490ff7183a99e83:0xaef463c51f302701,12606810955199817473,/g/11h0w9j23_,-5839933118509734143,,sarah@dutchbros.com,INVALID,Invalid DNS,Sarah Seely,Sarah,Seely,Barista,15419554700,brooke@dutchbros.com,INVALID,Invalid DNS,Brooke Stewart,Brooke,Stewart,Barista,,emoore@dutchbros.com,INVALID,Invalid DNS,Emri Moore,Emri,Moore,Boise State University,,18335394700,5414745549,15097832414,https://www.facebook.com/dutchbros,https://www.instagram.com/dutchbroscoffee,http://www.linkedin.com/company/1830653,https://www.tiktok.com/@dutchbroscoffee,,,,,,,https://www.twitter.com/dutchbros,,http://www.youtube.com/user/DutchBrosTV,,,Home | Dutch Bros,,"Dutch Bros Coffee is a drive-through coffee chain headquartered in Grants Pass, Oregon, with company-owned and franchise locations throughout the United States.","dutch bros, coffee, drive-thru, coffee shops",False,False
"boba tea, 98433, Tacoma, WA, US",Pearl Tea,Pearl Tea,http://pearlteaboba.com/,Bubble tea store,Bubble tea store,Bubble tea store,+1 253-509-0759,"4621 Point Fosdick Dr, Gig Harbor, WA 98335",None,4621 Point Fosdick Dr,Gig Harbor,98335,Washington,Washington,United States of America,US,47.3004229,-122.5772832,8928d5c756fffff,America/Los_Angeles,,False,4.3,239,"https://search.google.com/local/reviews?placeid=ChIJcYecaf6tkVQRxN7cxKRFwzc&q=boba+tea,+98433,+Tacoma,+WA,+US&authuser=0&hl=en&gl=US",,,21.0,16.0,13.0,19.0,170.0,190,https://lh3.googleusercontent.com/p/AF1QipMMXDuYvFalZ2yiYscNiCB3T0KYjvmQ1nldtjIX=w800-h500-k-no,https://lh3.googleusercontent.com/p/AF1QipMMXDuYvFalZ2yiYscNiCB3T0KYjvmQ1nldtjIX=w1600-h1000-k-no,,"{""Monday"": ""11AM-7PM"", ""Tuesday"": ""11AM-9PM"", ""Wednesday"": ""11AM-9PM"", ""Thursday"": ""11AM-9PM"", ""Friday"": ""11AM-9PM"", ""Saturday"": ""11AM-9PM"", ""Sunday"": ""11AM-9PM""}",Monday:11AM-7PM|Tuesday:11AM-9PM|Wednesday:11AM-9PM|Thursday:11AM-9PM|Friday:11AM-9PM|Saturday:11AM-9PM|Sunday:11AM-9PM,,,OPERATIONAL,"{""Service options"": {""Delivery"": true, ""Onsite services"": true, ""Takeout"": true, ""Dine-in"": true}, ""Highlights"": {""Great tea selection"": true}, ""Accessibility"": {""Wheelchair accessible entrance"": true, ""Wheelchair accessible parking lot"": true, ""Wheelchair accessible restroom"": true}}",$$,,https://lh5.googleusercontent.com/-XVht9iQQrw4/AAAAAAAAAAI/AAAAAAAAAAA/h2fbuHKZ8oo/s44-p-k-no-ns-nd/photo.jpg,,,True,106148552023940986571,Pearl Tea,https://www.google.com/maps/contrib/106148552023940986571,,"https://www.google.com/viewer/chooseprovider?mid=/g/11jm1f6vhy&g2lbs=AAEPWCsXJaXNRXJ0_pLJQbz3yzK9iQhS-rbi_s3C23CQquSmgrmI0Z9vcEA2vPKJotSenTYBoKQl8xsxuIGeMZxbQCs95A7pxQ%3D%3D&hl=en-US&gl=us&fo_m=MfohQo559jFvMUOzJVpjPL1YMfZ3bInYwBDuMfaXTPp5KXh-&utm_source=tactile&gei=NtcCaMTKBZCHkdUP7eeV4Aw&ei=NtcCaMTKBZCHkdUP7eeV4Aw&fo_s=OA,SOE&opi=79508299&ebb=1&cs=0&foub=mcpp",,,"https://www.google.com/maps/place/Pearl+Tea/@47.3004229,-122.5772832,14z/data=!4m8!1m2!2m1!1sPearl+Tea!3m4!1s0x5491adfe699c8771:0x37c345a4c4dcdec4!8m2!3d47.3004229!4d-122.5772832","https://www.google.com/maps/place/Pearl+Tea/@47.3004229,-122.5772832,13.99z/data=!4m16!1m7!3m6!1s0x5491adfe699c8771:0x37c345a4c4dcdec4!2sPearl+Tea!8m2!3d47.3004229!4d-122.5772832!16s%2Fg%2F11ckvg1dmb!3m7!1s0x5491adfe699c8771:0x37c345a4c4dcdec4!8m2!3d47.3004229!4d-122.5772832!9m1!1b1!16s%2Fg%2F11ckvg1dmb?entry=ttu",ChIJcYecaf6tkVQRxN7cxKRFwzc,0x5491adfe699c8771:0x37c345a4c4dcdec4,4018131866524376772,/g/11jm1f6vhy,4018131866524376772,,,,,,,,,,,,,,,,,,,,,,,,,,,,,http://facebook.com/pearlteaboba,http://instagram.com/pearlteaboba,,,,,,,,,,,,,,Pearl Tea,Divi v.4.4.8,Get delivery or takeout from us. Order online and track your order live.  No delivery fee on your first order!,,False,False
"boba tea, 98433, Tacoma, WA, US",Milkvue Handcrafted Donuts + Coffee,Milkvue Handcrafted Donuts + Coffee,https://www.instagram.com/milkvue?igsh=MXhtMGZxNXhqbWVmMQ==,"Bubble tea store, Donut shop, Coffee shop, Ice cream shop",Donut shop,Bubble tea store,+1 253-432-4529,"4901 Point Fosdick Dr b600, Gig Harbor, WA 98335",None,4901 Point Fosdick Dr b600,Gig Harbor,98335,Washington,Washington,United States of America,US,47.303017499999996,-122.57879779999999,8928d5c71d7ffff,America/Los_Angeles,,False,4.6,295,"https://search.google.com/local/reviews?placeid=ChIJyWnAL1xTkFQR7N7quwnpO9s&q=boba+tea,+98433,+Tacoma,+WA,+US&authuser=0&hl=en&gl=US",,,8.0,12.0,14.0,23.0,238.0,186,https://lh3.googleusercontent.com/p/AF1QipPXAM40La_UsPtgpQ-uoE9nVGzJw-zfc4otutPX=w800-h500-k-no,https://lh3.googleusercontent.com/p/AF1QipPXAM40La_UsPtgpQ-uoE9nVGzJw-zfc4otutPX=w1600-h1000-k-no,,"{""Monday"": ""7AM-7PM"", ""Tuesday"": ""7AM-7PM"", ""Wednesday"": ""7AM-7PM"", ""Thursday"": ""7AM-7PM"", ""Friday"": ""7AM-7PM"", ""Saturday"": ""8AM-7PM"", ""Sunday"": ""8AM-6PM""}",Monday:7AM-7PM|Tuesday:7AM-7PM|Wednesday:7AM-7PM|Thursday:7AM-7PM|Friday:7AM-7PM|Saturday:8AM-7PM|Sunday:8AM-6PM,,,OPERATIONAL,"{""Service options"": {""Delivery"": true, ""Onsite services"": true, ""Takeout"": true, ""Same-day delivery"": false}, ""Highlights"": {""Great coffee"": true}, ""Popular for"": {""Solo dining"": true}, ""Accessibility"": {""Wheelchair accessible entrance"": true, ""Wheelchair accessible parking lot"": true}, ""Offerings"": {""Coffee"": true}, ""Dining options"": {""Breakfast"": true, ""Dessert"": true, ""Seating"": true}, ""Atmosphere"": {""Casual"": true}, ""Planning"": {""Quick visit"": true}, ""Payments"": {""Credit cards"": true, ""Debit cards"": true, ""NFC mobile payments"": true}, ""Parking"": {""Free parking lot"": true, ""Free street parking"": true}}",$,,https://lh5.googleusercontent.com/-RjfqzAWXz2w/AAAAAAAAAAI/AAAAAAAAAAA/zDFvwCwovh0/s44-p-k-no-ns-nd/photo.jpg,,,True,109993276053844392064,Milkvue Handcrafted Donuts + Coffee,https://www.google.com/maps/contrib/109993276053844392064,,"https://www.google.com/viewer/chooseprovider?mid=/g/11fqps8l7q&g2lbs=AAEPWCsfacjWf9tYwtPkFfIxF_komSSLl_WET4qvalnsdv8DTAotQA5hm7pIhdJHq6e68wBacL4zir19t8hhtVDI2U318E9jCg%3D%3D&hl=en-US&gl=us&fo_m=MfohQo559jFvMUOzJVpjPL1YMfZ3bInYwBDuMfaXTPp5KXh-&utm_source=tactile&gei=NtcCaMTKBZCHkdUP7eeV4Aw&ei=NtcCaMTKBZCHkdUP7eeV4Aw&fo_s=OA,SOE&opi=79508299&ebb=1&cs=0&foub=mcpp",,,"https://www.google.com/maps/place/Milkvue+Handcrafted+Donuts+%2B+Coffee/@47.303017499999996,-122.57879779999999,14z/data=!4m8!1m2!2m1!1sMilkvue+Handcrafted+Donuts+%2B+Coffee!3m4!1s0x5490535c2fc069c9:0xdb3be909bbeadeec!8m2!3d47.303017499999996!4d-122.57879779999999","https://www.google.com/maps/place/Milkvue+Handcrafted+Donuts+%2B+Coffee/@47.303017499999996,-122.57879779999999,13.99z/data=!4m16!1m7!3m6!1s0x5490535c2fc069c9:0xdb3be909bbeadeec!2sMilkvue+Handcrafted+Donuts+%2B+Coffee!8m2!3d47.303017499999996!4d-122.57879779999999!16s%2Fg%2F11ckvg1dmb!3m7!1s0x5490535c2fc069c9:0xdb3be909bbeadeec!8m2!3d47.303017499999996!4d-122.57879779999999!9m1!1b1!16s%2Fg%2F11ckvg1dmb?entry=ttu",ChIJyWnAL1xTkFQR7N7quwnpO9s,0x5490535c2fc069c9:0xdb3be909bbeadeec,15797476345948856044,/g/11fqps8l7q,-2649267727760695572,,,,,,,,,,,,,,,,,,,,,,,,,,,,,,,,,,,,,,,,,,,,,,,,,
"boba tea, 98433, Tacoma, WA, US",Wolfe Club Coffee Roasters,Wolfe Club Coffee Roasters,http://wolfeclub.com/,Coffee shop,coffee shops,Coffee shop,+1 253-328-7117,"12901 Pacific Ave S, Tacoma, WA 98444",None,12901 Pacific Ave S,Tacoma,98444,Washington,Washington,United States of America,US,47.140077999999995,-122.434325,8928d5d0567ffff,America/Los_Angeles,,False,4.8,635,"https://search.google.com/local/reviews?placeid=ChIJtTX9NSkCkVQR4ZmwahrXLvo&q=boba+tea,+98433,+Tacoma,+WA,+US&authuser=0&hl=en&gl=US",,,9.0,4.0,9.0,40.0,573.0,177,https://lh3.googleusercontent.com/p/AF1QipO1nyN3ny73mpINYs-ToAeTtkJYG1ze6DeiIf6k=w800-h500-k-no,https://lh3.googleusercontent.com/p/AF1QipO1nyN3ny73mpINYs-ToAeTtkJYG1ze6DeiIf6k=w1600-h1000-k-no,,"{""Monday"": ""5:30AM-6PM"", ""Tuesday"": ""5:30AM-6PM"", ""Wednesday"": ""5:30AM-6PM"", ""Thursday"": ""5:30AM-6PM"", ""Friday"": ""5:30AM-6PM"", ""Saturday"": ""6AM-6PM"", ""Sunday"": ""7AM-6PM""}",Monday:5:30AM-6PM|Tuesday:5:30AM-6PM|Wednesday:5:30AM-6PM|Thursday:5:30AM-6PM|Friday:5:30AM-6PM|Saturday:6AM-6PM|Sunday:7AM-6PM,,,OPERATIONAL,"{""Service options"": {""Delivery"": true, ""Drive-through"": true, ""Takeout"": true}, ""Highlights"": {""Great coffee"": true, ""Great tea selection"": true}, ""Accessibility"": {""Wheelchair accessible entrance"": false, ""Wheelchair accessible parking lot"": false, ""Wheelchair accessible seating"": false}, ""Offerings"": {""Coffee"": true, ""Quick bite"": true}, ""Dining options"": {""Breakfast"": true, ""Dessert"": true}, ""Amenities"": {""Restroom"": false}, ""Atmosphere"": {""Casual"": true, ""Cozy"": true, ""Trendy"": true}, ""Crowd"": {""College students"": true, ""Tourists"": true}, ""Planning"": {""Usually a wait"": true, ""Accepts reservations"": false}, ""Payments"": {""Credit cards"": true}, ""Children"": {""Good for kids"": true, ""Kids' menu"": true}}",$,,https://lh3.googleusercontent.com/-7qdVgc1duqw/AAAAAAAAAAI/AAAAAAAAAAA/tzrPG4b9cCQ/s44-p-k-no-ns-nd/photo.jpg,,,True,101107835290147541995,Wolfe Club Coffee Roasters,https://www.google.com/maps/contrib/101107835290147541995,,,,,"https://www.google.com/maps/place/Wolfe+Club+Coffee+Roasters/@47.140077999999995,-122.434325,14z/data=!4m8!1m2!2m1!1sWolfe+Club+Coffee+Roasters!3m4!1s0x5491022935fd35b5:0xfa2ed71a6ab099e1!8m2!3d47.140077999999995!4d-122.434325","https://www.google.com/maps/place/Wolfe+Club+Coffee+Roasters/@47.140077999999995,-122.434325,13.99z/data=!4m16!1m7!3m6!1s0x5491022935fd35b5:0xfa2ed71a6ab099e1!2sWolfe+Club+Coffee+Roasters!8m2!3d47.140077999999995!4d-122.434325!16s%2Fg%2F11ckvg1dmb!3m7!1s0x5491022935fd35b5:0xfa2ed71a6ab099e1!8m2!3d47.140077999999995!4d-122.434325!9m1!1b1!16s%2Fg%2F11ckvg1dmb?entry=ttu",ChIJtTX9NSkCkVQR4ZmwahrXLvo,0x5491022935fd35b5:0xfa2ed71a6ab099e1,18027582866869754337,/g/1xn_n2gy,-419161206839797279,,hello@wolfeclub.com,RECEIVING,SMTP validated,,,,,,kylene@wolfeclub.com,INVALID,Invalid SMTP,,,,,,markrlarkin@gmail.com,RECEIVING,SMTP validated,Mark Larkin,Mark,Larkin,,12535925684,12533287117,,,https://www.facebook.com/194322923916080,,,,,,,,,,,,,,,Wolfe Club Coffee Roasters,Wix.com Website Builder,"Best drive-thru coffee in Tacoma. Family-owned & proudly independent. Coffee roasted FRESH on-site, ingredients made in-house. Also home to the one-of-a-kind fresh-brewed all natural energy drink, Prayers.",,False,False
"boba tea, 98433, Tacoma, WA, US",Marvel Bay Cafe,Marvel Bay Cafe,http://marvelbaycafe.com/,Cafe,cafes,Cafe,+1 253-267-5159,"301 133rd St S, Tacoma, WA 98444",None,301 133rd St S,Tacoma,98444,Washington,Washington,United States of America,US,47.1370602,-122.4362735,8928d5d0577ffff,America/Los_Angeles,,False,4.8,176,"https://search.google.com/local/reviews?placeid=ChIJqcFkwUEDkVQRUIKme4eGDFY&q=boba+tea,+98433,+Tacoma,+WA,+US&authuser=0&hl=en&gl=US",,,6.0,0.0,2.0,14.0,154.0,154,https://lh3.googleusercontent.com/gps-cs-s/AB5caB8U3IWf7tI7GeCK4sG0eTNQi9MAt3PctW5CT-xfoDDQiLcIgE2ztxNELQDUu0UmOBUAaZCSyTi8K5dWOLx1OtoXbnyFFuuoxufvQMRs8feRCYVPY2tFHHy4WKPiazsRpJmpVfI=w800-h500-k-no,https://lh3.googleusercontent.com/gps-cs-s/AB5caB8U3IWf7tI7GeCK4sG0eTNQi9MAt3PctW5CT-xfoDDQiLcIgE2ztxNELQDUu0UmOBUAaZCSyTi8K5dWOLx1OtoXbnyFFuuoxufvQMRs8feRCYVPY2tFHHy4WKPiazsRpJmpVfI=w1600-h1000-k-no,,"{""Monday"": ""7AM-6PM"", ""Tuesday"": ""7AM-6PM"", ""Wednesday"": ""7AM-6PM"", ""Thursday"": ""7AM-6PM"", ""Friday"": ""7AM-6PM"", ""Saturday"": ""7AM-6PM"", ""Sunday"": ""Closed""}",Monday:7AM-6PM|Tuesday:7AM-6PM|Wednesday:7AM-6PM|Thursday:7AM-6PM|Friday:7AM-6PM|Saturday:7AM-6PM|Sunday:Closed,,,OPERATIONAL,"{""Service options"": {""Delivery"": true, ""Onsite services"": true, ""Takeout"": true, ""Dine-in"": true}, ""Highlights"": {""Fireplace"": true, ""Great coffee"": true, ""Great dessert"": true, ""Great tea selection"": true}, ""Popular for"": {""Breakfast"": true, ""Lunch"": true, ""Solo dining"": true, ""Good for working on laptop"": true}, ""Accessibility"": {""Wheelchair accessible entrance"": true, ""Wheelchair accessible parking lot"": true, ""Wheelchair accessible restroom"": true, ""Wheelchair accessible seating"": true}, ""Offerings"": {""Coffee"": true, ""Comfort food"": true, ""Healthy options"": true, ""Quick bite"": true, ""Small plates"": true}, ""Dining options"": {""Breakfast"": true, ""Brunch"": true, ""Lunch"": true, ""Catering"": true, ""Dessert"": true, ""Seating"": true}, ""Amenities"": {""Restroom"": true, ""Wi-Fi"": true}, ""Atmosphere"": {""Casual"": true, ""Cozy"": true, ""Quiet"": true}, ""Crowd"": {""Family-friendly"": true, ""Groups"": true}, ""Planning"": {""Accepts reservations"": true}, ""Payments"": {""Checks"": true, ""Credit cards"": true, ""Debit cards"": true, ""NFC mobile payments"": true}, ""Children"": {""Good for kids"": true, ""High chairs"": true, ""Kids' menu"": true}, ""Parking"": {""Free parking lot"": true, ""Free street parking"": true, ""Parking"": true}, ""Pets"": {""Dogs allowed outside"": true}}",,,https://lh4.googleusercontent.com/-Yd5osjNQvLA/AAAAAAAAAAI/AAAAAAAAAAA/3ob5HEdsa_I/s44-p-k-no-ns-nd/photo.jpg,,,True,102357529366875665158,Marvel Bay Cafe,https://www.google.com/maps/contrib/102357529366875665158,,"https://www.google.com/viewer/chooseprovider?mid=/g/11fhv7_n1y&g2lbs=AAEPWCsMJ0eiIDDv580rwaRs-glex-8pekZh6prIHmm30a65Xf0ynwwU4f_V6X9mbiqSRjPeiDRefXDtp-CF4n1xnp7lWpethA%3D%3D&hl=en-US&gl=us&fo_m=MfohQo559jFvMUOzJVpjPL1YMfZ3bInYwBDuMfaXTPp5KXh-&utm_source=tactile&gei=NtcCaKOkLbqG7NYPx6rQkAw&ei=NtcCaKOkLbqG7NYPx6rQkAw&fo_s=OA,SOE&opi=79508299&ebb=1&cs=0&foub=mcpp",,,"https://www.google.com/maps/place/Marvel+Bay+Cafe/@47.1370602,-122.4362735,14z/data=!4m8!1m2!2m1!1sMarvel+Bay+Cafe!3m4!1s0x54910341c164c1a9:0x560c86877ba68250!8m2!3d47.1370602!4d-122.4362735","https://www.google.com/maps/place/Marvel+Bay+Cafe/@47.1370602,-122.4362735,13.99z/data=!4m16!1m7!3m6!1s0x54910341c164c1a9:0x560c86877ba68250!2sMarvel+Bay+Cafe!8m2!3d47.1370602!4d-122.4362735!16s%2Fg%2F11ckvg1dmb!3m7!1s0x54910341c164c1a9:0x560c86877ba68250!8m2!3d47.1370602!4d-122.4362735!9m1!1b1!16s%2Fg%2F11ckvg1dmb?entry=ttu",ChIJqcFkwUEDkVQRUIKme4eGDFY,0x54910341c164c1a9:0x560c86877ba68250,6200478703435547216,/g/11fhv7_n1y,6200478703435547216,,hi@typemade.mx,INVALID,Undeliverable,,,,,,dave@lab6.com,RECEIVING,Verified,,,,,,,,,,,,,,2532675159,2532308930,2532493156,https://www.facebook.com/marvelbaycafe,https://www.instagram.com/marvelbaycafe,,,,,,,,,,,,,,"Marvel Bay Cafe - Cafe, Breakfast and Lunch",Starfield Technologies; Go Daddy Website Builder 8.0.0000,"Come grab a cup of coffee with a European dessert, or stop by for lunch and try our pelemeni, borscht, peroshki, and so much more amazing Slavic food!",,,
"boba tea, 98433, Tacoma, WA, US",Pho King,Pho King,http://phokingtacoma.com/,"Bubble tea store, Asian restaurant, Vietnamese restaurant, Takeout Restaurant, Pho restaurant, Southeast Asian restaurant, Vegan restaurant, Vegetarian restaurant",restaurants,Bubble tea store,+1 253-272-6287,"1020 M.L.K. Jr Way, Tacoma, WA 98405",New Tacoma,1020 M.L.K. Jr Way,Tacoma,98405,Washington,Washington,United States of America,US,47.2522661,-122.452086,8928d5c23afffff,America/Los_Angeles,,False,4.6,966,"https://search.google.com/local/reviews?placeid=ChIJXRs-SgxVkFQRz57hfcNAtvI&q=boba+tea,+98433,+Tacoma,+WA,+US&authuser=0&hl=en&gl=US",,,22.0,11.0,33.0,165.0,735.0,616,https://lh3.googleusercontent.com/gps-cs-s/AB5caB-I58YJ1jWuyaT0MMlHdJS4Zu68uI8CsQZFzneNwJsvtA07JJd3k1qKg_XKLQje_cu475Zcfk_Ffu-6HlVpDFsG1El55IpDuvrO6FPVc2sdbyAbI37ZnZM2MEeloyQhohlm2lysSw=w800-h500-k-no,https://lh3.googleusercontent.com/gps-cs-s/AB5caB-I58YJ1jWuyaT0MMlHdJS4Zu68uI8CsQZFzneNwJsvtA07JJd3k1qKg_XKLQje_cu475Zcfk_Ffu-6HlVpDFsG1El55IpDuvrO6FPVc2sdbyAbI37ZnZM2MEeloyQhohlm2lysSw=w1600-h1000-k-no,,"{""Monday"": ""10:30AM-8PM"", ""Tuesday"": ""10:30AM-8PM"", ""Wednesday"": ""10:30AM-8PM"", ""Thursday"": ""10:30AM-8PM"", ""Friday"": ""10:30AM-8PM"", ""Saturday"": ""10:30AM-8PM"", ""Sunday"": ""Closed""}",Monday:10:30AM-8PM|Tuesday:10:30AM-8PM|Wednesday:10:30AM-8PM|Thursday:10:30AM-8PM|Friday:10:30AM-8PM|Saturday:10:30AM-8PM|Sunday:Closed,,,OPERATIONAL,"{""Service options"": {""Delivery"": true, ""Takeout"": true, ""Dine-in"": true}, ""Highlights"": {""Great tea selection"": true}, ""Popular for"": {""Lunch"": true, ""Dinner"": true, ""Solo dining"": true}, ""Accessibility"": {""Wheelchair accessible entrance"": true, ""Wheelchair accessible parking lot"": true, ""Wheelchair accessible restroom"": true, ""Wheelchair accessible seating"": true}, ""Offerings"": {""Beer"": true, ""Coffee"": true, ""Comfort food"": true, ""Healthy options"": true, ""Quick bite"": true, ""Vegan options"": true, ""Vegetarian options"": true}, ""Dining options"": {""Lunch"": true, ""Dinner"": true, ""Dessert"": true, ""Seating"": true}, ""Amenities"": {""Restroom"": true, ""Wi-Fi"": true}, ""Atmosphere"": {""Casual"": true, ""Cozy"": true, ""Quiet"": true, ""Trendy"": true}, ""Crowd"": {""College students"": true, ""Groups"": true, ""Tourists"": true}, ""Planning"": {""Accepts reservations"": false}, ""Payments"": {""Credit cards"": true, ""Debit cards"": true, ""NFC mobile payments"": true}, ""Children"": {""Good for kids"": true, ""High chairs"": true}, ""Parking"": {""Free parking lot"": true, ""Free street parking"": true, ""Parking"": true}}",$,,https://lh4.googleusercontent.com/-ZsGWLJyYyN8/AAAAAAAAAAI/AAAAAAAAAAA/QGWIVHCqOvg/s44-p-k-no-ns-nd/photo.jpg,Casual spot serving pho along with a menu of Vietnamese standards including lemongrass chicken.,,True,107611722310684413254,Pho King,https://www.google.com/maps/contrib/107611722310684413254,,"https://www.google.com/viewer/chooseprovider?mid=/g/11h0fv65t&g2lbs=AAEPWCtBBM17tSaKy0T5qnirHNRYnYu2SMzQC5AUKpn9NyjJ9apfwLbKnDRhqW7cdGhv1FsOPA4aW9_s4eX_Y2R3TsFQ7C2crA%3D%3D&hl=en-US&gl=us&fo_m=MfohQo559jFvMUOzJVpjPL1YMfZ3bInYwBDuMfaXTPp5KXh-&utm_source=tactile&gei=NtcCaKOkLbqG7NYPx6rQkAw&ei=NtcCaKOkLbqG7NYPx6rQkAw&fo_s=OA,SOE&opi=79508299&ebb=1&cs=0&foub=mcpp",,,"https://www.google.com/maps/place/Pho+King/@47.2522661,-122.452086,14z/data=!4m8!1m2!2m1!1sPho+King!3m4!1s0x5490550c4a3e1b5d:0xf2b640c37de19ecf!8m2!3d47.2522661!4d-122.452086","https://www.google.com/maps/place/Pho+King/@47.2522661,-122.452086,13.99z/data=!4m16!1m7!3m6!1s0x5490550c4a3e1b5d:0xf2b640c37de19ecf!2sPho+King!8m2!3d47.2522661!4d-122.452086!16s%2Fg%2F11ckvg1dmb!3m7!1s0x5490550c4a3e1b5d:0xf2b640c37de19ecf!8m2!3d47.2522661!4d-122.452086!9m1!1b1!16s%2Fg%2F11ckvg1dmb?entry=ttu",ChIJXRs-SgxVkFQRz57hfcNAtvI,0x5490550c4a3e1b5d:0xf2b640c37de19ecf,17489237411314638543,/g/11h0fv65t,-957506662394913073,,,,,,,,,,,,,,,,,,,,,,,,,,,,,,,,,,,,,,,,,,,,Welcome to Pho King Tacoma | HOME,Wix.com Website Builder,Casual spot serving pho along with a menu of Vietnamese standards including lemongrass chicken. BEST PHO TACOMA OF 2017-2018-2019 FROM SOUTHSOUNDMAG.COM AWARDS,,False,False
"boba tea, 98433, Tacoma, WA, US",MissBoba,Missboba,https://missbobakent.com/,Bubble tea store,Bubble tea store,Bubble tea store,+1 253-277-0456,"302 Washington Ave S #302, Kent, WA 98032",None,302 Washington Ave S #302,Kent,98032,Washington,Washington,United States of America,US,47.379760999999995,-122.2457513,8928d5c815bffff,America/Los_Angeles,,False,4.7,422,"https://search.google.com/local/reviews?placeid=ChIJuwus209bkFQRtoD3yVUQuR4&q=boba+tea,+98433,+Tacoma,+WA,+US&authuser=0&hl=en&gl=US",,,20.0,6.0,11.0,25.0,360.0,582,https://lh3.googleusercontent.com/p/AF1QipNMQiSn_ilrvsm8l3qk_9_mbqSrXycu7HdbgQRI=w800-h500-k-no,https://lh3.googleusercontent.com/p/AF1QipNMQiSn_ilrvsm8l3qk_9_mbqSrXycu7HdbgQRI=w1600-h1000-k-no,,"{""Monday"": ""11AM-9PM"", ""Tuesday"": ""11AM-9PM"", ""Wednesday"": ""11AM-9PM"", ""Thursday"": ""11AM-9PM"", ""Friday"": ""11AM-9PM"", ""Saturday"": ""11AM-9PM"", ""Sunday"": ""11AM-9PM""}",Monday:11AM-9PM|Tuesday:11AM-9PM|Wednesday:11AM-9PM|Thursday:11AM-9PM|Friday:11AM-9PM|Saturday:11AM-9PM|Sunday:11AM-9PM,,,OPERATIONAL,"{""Service options"": {""Delivery"": true, ""Takeout"": true, ""Dine-in"": true}, ""Highlights"": {""Great tea selection"": true}, ""Accessibility"": {""Wheelchair accessible entrance"": true, ""Wheelchair accessible parking lot"": true, ""Wheelchair accessible restroom"": true}}",,,https://lh4.googleusercontent.com/-KlegxIzUHgk/AAAAAAAAAAI/AAAAAAAAAAA/Oftoyoel6RE/s44-p-k-no-ns-nd/photo.jpg,,,True,109613445646490178951,MissBoba,https://www.google.com/maps/contrib/109613445646490178951,,"https://www.google.com/viewer/chooseprovider?mid=/g/11rg2nqqvd&g2lbs=AAEPWCtxJKX3EDgTGn7j9MG8fd9Lp2nQp4DV2M5okKwqh-nI7dcbnDhU9qV8jGPfXuBBLpm3b-jrOFpZZyuwRMWnkAHzqa-mwA%3D%3D&hl=en-US&gl=us&fo_m=MfohQo559jFvMUOzJVpjPL1YMfZ3bInYwBDuMfaXTPp5KXh-&utm_source=tactile&gei=NtcCaKOkLbqG7NYPx6rQkAw&ei=NtcCaKOkLbqG7NYPx6rQkAw&fo_s=OA,SOE&opi=79508299&ebb=1&cs=0&foub=mcpp",,,"https://www.google.com/maps/place/MissBoba/@47.379760999999995,-122.2457513,14z/data=!4m8!1m2!2m1!1sMissBoba!3m4!1s0x54905b4fdbac0bbb:0x1eb91055c9f780b6!8m2!3d47.379760999999995!4d-122.2457513","https://www.google.com/maps/place/MissBoba/@47.379760999999995,-122.2457513,13.99z/data=!4m16!1m7!3m6!1s0x54905b4fdbac0bbb:0x1eb91055c9f780b6!2sMissBoba!8m2!3d47.379760999999995!4d-122.2457513!16s%2Fg%2F11ckvg1dmb!3m7!1s0x54905b4fdbac0bbb:0x1eb91055c9f780b6!8m2!3d47.379760999999995!4d-122.2457513!9m1!1b1!16s%2Fg%2F11ckvg1dmb?entry=ttu",ChIJuwus209bkFQRtoD3yVUQuR4,0x54905b4fdbac0bbb:0x1eb91055c9f780b6,2213818652476014774,/g/11rg2nqqvd,2213818652476014774,,missboba.kent.wa@gmail.com,RECEIVING,SMTP validated,,,,,,,,,,,,,,,,,,,,,,2532770456,,,https://www.facebook.com/MissBoba-104894785148732/,https://www.instagram.com/missbobawa,,,,,,,,,,,,,,Bubble tea shop 98032 | MissBoba in Kent WA 98032,,"Bubble tea shop 98032, At MissBoba we do our best to ensure that our store has a nice, relaxing atmosphere. Our mission is to serve you high quality drinks",,False,True
"boba tea, 98433, Tacoma, WA, US",Melody Boba House,Melody Boba House,http://www.melodyboba.com/,"Bubble tea store, Cafe, Dessert shop",Bubble tea store,Bubble tea store,+1 206-651-7414,"31406 Pacific Hwy S, Federal Way, WA 98003",None,31406 Pacific Hwy S,Federal Way,98003,Washington,Washington,United States of America,US,47.3205009,-122.3128351,8928d5c1277ffff,America/Los_Angeles,,False,4.2,435,"https://search.google.com/local/reviews?placeid=ChIJDwwynThXkFQRDkW9HIo3smg&q=boba+tea,+98433,+Tacoma,+WA,+US&authuser=0&hl=en&gl=US",,,43.0,19.0,25.0,68.0,280.0,382,https://lh3.googleusercontent.com/gps-cs-s/AB5caB9m_n7rRLVGAQUO3kYCxg6jR6-n7m4i8HviEUgMwnARwhoM8F2Htm4m0p7D86yJGrka2_ooSkbxapY5y79vkjRpWsEqDXV2d5PUqoTkXy-3cGhJrjZ_IAFDejpVU0YdHulKu_k=w800-h500-k-no,https://lh3.googleusercontent.com/gps-cs-s/AB5caB9m_n7rRLVGAQUO3kYCxg6jR6-n7m4i8HviEUgMwnARwhoM8F2Htm4m0p7D86yJGrka2_ooSkbxapY5y79vkjRpWsEqDXV2d5PUqoTkXy-3cGhJrjZ_IAFDejpVU0YdHulKu_k=w1600-h1000-k-no,,"{""Monday"": ""12-10PM"", ""Tuesday"": ""12-10PM"", ""Wednesday"": ""12-10PM"", ""Thursday"": ""12-10PM"", ""Friday"": ""12-11PM"", ""Saturday"": ""12-11PM"", ""Sunday"": ""12-10PM""}",Monday:12-10PM|Tuesday:12-10PM|Wednesday:12-10PM|Thursday:12-10PM|Friday:12-11PM|Saturday:12-11PM|Sunday:12-10PM,,,OPERATIONAL,"{""Service options"": {""Delivery"": true, ""Onsite services"": true, ""Takeout"": true, ""Dine-in"": true}, ""Highlights"": {""Great tea selection"": true}, ""Accessibility"": {""Wheelchair accessible entrance"": true, ""Wheelchair accessible parking lot"": true, ""Wheelchair accessible restroom"": true, ""Wheelchair accessible seating"": true}, ""Parking"": {""Free parking lot"": true, ""Free street parking"": true}}",$,,https://lh5.googleusercontent.com/-fe6CFrMpBCo/AAAAAAAAAAI/AAAAAAAAAAA/DD-qyxtCpe8/s44-p-k-no-ns-nd/photo.jpg,,,True,110185650153877423985,Melody Boba House,https://www.google.com/maps/contrib/110185650153877423985,,"https://www.google.com/viewer/chooseprovider?mid=/g/11h0001fnr&g2lbs=AAEPWCt2w_DIT5NznE2CfFwWusKyrBWZOr_iogOAzcFnL7UXuBtY_BTFWcTeQpi93oLdoTuseL3DmuTL1ndB7QmPdDwMLXlGPQ%3D%3D&hl=en-US&gl=us&fo_m=MfohQo559jFvMUOzJVpjPL1YMfZ3bInYwBDuMfaXTPp5KXh-&utm_source=tactile&gei=NtcCaKOkLbqG7NYPx6rQkAw&ei=NtcCaKOkLbqG7NYPx6rQkAw&fo_s=OA,SOE&opi=79508299&ebb=1&cs=0&foub=mcpp",,,"https://www.google.com/maps/place/Melody+Boba+House/@47.3205009,-122.3128351,14z/data=!4m8!1m2!2m1!1sMelody+Boba+House!3m4!1s0x549057389d320c0f:0x68b2378a1cbd450e!8m2!3d47.3205009!4d-122.3128351","https://www.google.com/maps/place/Melody+Boba+House/@47.3205009,-122.3128351,13.99z/data=!4m16!1m7!3m6!1s0x549057389d320c0f:0x68b2378a1cbd450e!2sMelody+Boba+House!8m2!3d47.3205009!4d-122.3128351!16s%2Fg%2F11ckvg1dmb!3m7!1s0x549057389d320c0f:0x68b2378a1cbd450e!8m2!3d47.3205009!4d-122.3128351!9m1!1b1!16s%2Fg%2F11ckvg1dmb?entry=ttu",ChIJDwwynThXkFQRDkW9HIo3smg,0x549057389d320c0f:0x68b2378a1cbd450e,7544153392126182670,/g/11h0001fnr,7544153392126182670,,info@melodyboba.com,RECEIVING,SMTP validated,,,,,,info@wstoryus.com,RECEIVING,SMTP validated,,,,,,support@webador.com,RECEIVING,Role,,,,,,,,,,https://instagram.com/melodybobahouse.federalway,,,,,,,,,,,,,,melodybobahouse,,,,False,False
"boba tea, 98433, Tacoma, WA, US",T’s Donuts & Boba,T’S Donuts And Boba,https://www.facebook.com/profile.php?id=100083661633790,Donut shop,Donut shop,Donut shop,+1 206-488-4943,"8042 Pacific Ave, Tacoma, WA 98408",South End,8042 Pacific Ave,Tacoma,98408,Washington,Washington,United States of America,US,47.183054399999996,-122.4345269,8928d5d0e6fffff,America/Los_Angeles,,False,4.3,28,"https://search.google.com/local/reviews?placeid=ChIJLTR_B8kBkVQRpvF9oipRoHE&q=boba+tea,+98433,+Tacoma,+WA,+US&authuser=0&hl=en&gl=US",,,2.0,3.0,0.0,2.0,21.0,18,https://lh3.googleusercontent.com/gps-cs-s/AB5caB8q9EeZNvmZvm9XHiQvRhuamTmwkM6fkMJ89kgCQEPYaijzwgx0DLQD_Lsnod_p1gNcf8wXVxWWXzzrBVVt2CVnBpbe4vVCPY1_jlzGLrPmio2fisGAjxSTlab38qHvLU8lyUpa=w800-h500-k-no,https://lh3.googleusercontent.com/gps-cs-s/AB5caB8q9EeZNvmZvm9XHiQvRhuamTmwkM6fkMJ89kgCQEPYaijzwgx0DLQD_Lsnod_p1gNcf8wXVxWWXzzrBVVt2CVnBpbe4vVCPY1_jlzGLrPmio2fisGAjxSTlab38qHvLU8lyUpa=w1600-h1000-k-no,,,,,,CLOSED_TEMPORARILY,"{""From the business"": {""Identifies as Asian-owned"": true, ""Identifies as women-owned"": true}, ""Service options"": {""Curbside pickup"": true, ""No-contact delivery"": true, ""Delivery"": true, ""Takeout"": true, ""Dine-in"": true}, ""Accessibility"": {""Wheelchair accessible restroom"": true, ""Wheelchair accessible seating"": true}, ""Offerings"": {""Coffee"": true}, ""Dining options"": {""Breakfast"": true, ""Counter service"": true, ""Dessert"": true, ""Seating"": true}, ""Amenities"": {""Restroom"": true, ""Wi-Fi"": true}, ""Crowd"": {""Family-friendly"": true, ""LGBTQ+ friendly"": true, ""Transgender safespace"": true}, ""Payments"": {""Debit cards"": true, ""NFC mobile payments"": true, ""Credit cards"": true}, ""Other"": {""LGBTQ+ friendly"": true, ""Identifies as women-owned"": true, ""Identifies as Asian-owned"": true}}",$,,https://lh6.googleusercontent.com/-4JyRGguM_Io/AAAAAAAAAAI/AAAAAAAAAAA/KoBmn9SPR5A/s44-p-k-no-ns-nd/photo.jpg,,,True,116319816688346236226,T’s Donuts & Boba,https://www.google.com/maps/contrib/116319816688346236226,,,,,"https://www.google.com/maps/place/T%E2%80%99s+Donuts+%26+Boba/@47.183054399999996,-122.4345269,14z/data=!4m8!1m2!2m1!1sT%E2%80%99s+Donuts+%26+Boba!3m4!1s0x549101c9077f342d:0x71a0512aa27df1a6!8m2!3d47.183054399999996!4d-122.4345269","https://www.google.com/maps/place/T%E2%80%99s+Donuts+%26+Boba/@47.183054399999996,-122.4345269,13.99z/data=!4m16!1m7!3m6!1s0x549101c9077f342d:0x71a0512aa27df1a6!2sT%E2%80%99s+Donuts+%26+Boba!8m2!3d47.183054399999996!4d-122.4345269!16s%2Fg%2F11ckvg1dmb!3m7!1s0x549101c9077f342d:0x71a0512aa27df1a6!8m2!3d47.183054399999996!4d-122.4345269!9m1!1b1!16s%2Fg%2F11ckvg1dmb?entry=ttu",ChIJLTR_B8kBkVQRpvF9oipRoHE,0x549101c9077f342d:0x71a0512aa27df1a6,8187633366116200870,/g/11kpb0c8d0,8187633366116200870,,,,,,,,,,,,,,,,,,,,,,,,,,,,,,www.instagram.com,,,,,,,,,,,,,,,,,,,
"boba tea, 98433, Tacoma, WA, US",Yifang Fruit Tea,Yifang Fruit Tea,http://www.ordertogo.com/yifang,"Bubble tea store, Chinese bakery, Chop bar, Taiwanese restaurant",Bubble tea store,Bubble tea store,+1 206-465-9988,"31511 Pacific Hwy S, Federal Way, WA 98003",None,31511 Pacific Hwy S,Federal Way,98003,Washington,Washington,United States of America,US,47.319615899999995,-122.31529339999999,8928d5c123bffff,America/Los_Angeles,,False,4.3,102,"https://search.google.com/local/reviews?placeid=ChIJIynwc3pXkFQRMqOP18vcXCQ&q=boba+tea,+98433,+Tacoma,+WA,+US&authuser=0&hl=en&gl=US",,,10.0,4.0,5.0,14.0,69.0,228,https://lh3.googleusercontent.com/gps-proxy/ALd4DhFAVmBTN1jr3K5srvNrUdOpWtP_bI70HyziHZo-XQRMVW65R4i-nFrmLbe8c9MXVJPP7G2zC1UN8U187TjcmyVOwd_B4eA6OTM-8Bsz_8fPulun3oeVdc0otK4JkgSNrwP9OBCz8zTHsSYLQ9HSDMB_HeOItbPp63f_gCUxX9KD6CdsAd30IvX94w=w800-h500-k-no,https://lh3.googleusercontent.com/gps-proxy/ALd4DhFAVmBTN1jr3K5srvNrUdOpWtP_bI70HyziHZo-XQRMVW65R4i-nFrmLbe8c9MXVJPP7G2zC1UN8U187TjcmyVOwd_B4eA6OTM-8Bsz_8fPulun3oeVdc0otK4JkgSNrwP9OBCz8zTHsSYLQ9HSDMB_HeOItbPp63f_gCUxX9KD6CdsAd30IvX94w=w1600-h1000-k-no,,,,,,CLOSED_TEMPORARILY,"{""Service options"": {""No-contact delivery"": true, ""Delivery"": true, ""Takeout"": true}, ""Accessibility"": {""Wheelchair accessible entrance"": true, ""Wheelchair accessible parking lot"": true}, ""Crowd"": {""LGBTQ+ friendly"": true}, ""Other"": {""LGBTQ+ friendly"": true}}",$,,https://lh4.googleusercontent.com/-dGqdYs-PYZc/AAAAAAAAAAI/AAAAAAAAAAA/JabPhtGyLCs/s44-p-k-no-ns-nd/photo.jpg,,,True,102906925983607654016,Yifang Fruit Tea,https://www.google.com/maps/contrib/102906925983607654016,,,,,"https://www.google.com/maps/place/Yifang+Fruit+Tea/@47.319615899999995,-122.31529339999999,14z/data=!4m8!1m2!2m1!1sYifang+Fruit+Tea!3m4!1s0x5490577a73f02923:0x245cdccbd78fa332!8m2!3d47.319615899999995!4d-122.31529339999999","https://www.google.com/maps/place/Yifang+Fruit+Tea/@47.319615899999995,-122.31529339999999,13.99z/data=!4m16!1m7!3m6!1s0x5490577a73f02923:0x245cdccbd78fa332!2sYifang+Fruit+Tea!8m2!3d47.319615899999995!4d-122.31529339999999!16s%2Fg%2F11ckvg1dmb!3m7!1s0x5490577a73f02923:0x245cdccbd78fa332!8m2!3d47.319615899999995!4d-122.31529339999999!9m1!1b1!16s%2Fg%2F11ckvg1dmb?entry=ttu",ChIJIynwc3pXkFQRMqOP18vcXCQ,0x5490577a73f02923:0x245cdccbd78fa332,2620211851275772722,/g/11pcpnjgl1,2620211851275772722,,hwinspirationsea@gmail.com,RECEIVING,SMTP validated,,,,,,,,,,,,,,,,,,,,,,14255982111,,,https://www.facebook.com/749058231955456,,,,,,,,,,,,,,,Banh Mi XO,,,,False,True
"bubble tea store, 98155, Seattle, WA, US",Mustache MilkTea ( Shoreline ),Mustache Milktea Boba Tea And Coffee Shop Shoreline,https://mustachemilktea.com/,"Bubble tea store, Asian restaurant, Coffee shop",Bubble tea store,Bubble tea store,+1 206-556-3436,"15525 Westminster Way N Unit C, Shoreline, WA 98133",Highland Terrace,15525 Westminster Way N Unit C,Shoreline,98133,Washington,Washington,United States of America,US,47.742412699999996,-122.347611,8928d54522fffff,America/Los_Angeles,,False,5.0,76,"https://search.google.com/local/reviews?placeid=ChIJ-21yFQARkFQRVPfQgl2jd3c&q=bubble+tea+store,+98155,+Seattle,+WA,+US&authuser=0&hl=en&gl=US",,,0.0,0.0,1.0,1.0,74.0,70,https://lh3.googleusercontent.com/p/AF1QipPkAexAqSxEP5qgFqF_JeFmcp2oSjIu3MJcJqZM=w800-h500-k-no,https://lh3.googleusercontent.com/p/AF1QipPkAexAqSxEP5qgFqF_JeFmcp2oSjIu3MJcJqZM=w1600-h1000-k-no,,"{""Monday"": ""11AM-10PM"", ""Tuesday"": ""11AM-10PM"", ""Wednesday"": ""11AM-10PM"", ""Thursday"": ""11AM-10PM"", ""Friday"": ""11AM-10PM"", ""Saturday"": ""11AM-10PM"", ""Sunday"": ""11AM-10PM""}",Monday:11AM-10PM|Tuesday:11AM-10PM|Wednesday:11AM-10PM|Thursday:11AM-10PM|Friday:11AM-10PM|Saturday:11AM-10PM|Sunday:11AM-10PM,,,OPERATIONAL,"{""From the business"": {""Identifies as Asian-owned"": true}, ""Service options"": {""Delivery"": true, ""Takeout"": true, ""Dine-in"": true}, ""Highlights"": {""Great tea selection"": true}, ""Accessibility"": {""Wheelchair accessible entrance"": true, ""Wheelchair accessible parking lot"": true}, ""Parking"": {""Free parking lot"": true, ""Free street parking"": true}, ""Other"": {""Identifies as Asian-owned"": true}}",,,https://lh3.googleusercontent.com/-8j0O4xevfDc/AAAAAAAAAAI/AAAAAAAAAAA/GrylqF4E4Fk/s44-p-k-no-ns-nd/photo.jpg,,,True,112843184270866254662,Mustache MilkTea - Boba Tea & Coffee Shop,https://www.google.com/maps/contrib/112843184270866254662,,,,,"https://www.google.com/maps/place/Mustache+MilkTea+-+Boba+Tea+%26+Coffee+Shop+%28+Shoreline+%29/@47.742412699999996,-122.347611,14z/data=!4m8!1m2!2m1!1sMustache+MilkTea+-+Boba+Tea+%26+Coffee+Shop+%28+Shoreline+%29!3m4!1s0x5490110015726dfb:0x7777a35d82d0f754!8m2!3d47.742412699999996!4d-122.347611","https://www.google.com/maps/place/Mustache+MilkTea+-+Boba+Tea+%26+Coffee+Shop+%28+Shoreline+%29/@47.742412699999996,-122.347611,13.99z/data=!4m16!1m7!3m6!1s0x5490110015726dfb:0x7777a35d82d0f754!2sMustache+MilkTea+-+Boba+Tea+%26+Coffee+Shop+%28+Shoreline+%29!8m2!3d47.742412699999996!4d-122.347611!16s%2Fg%2F11ckvg1dmb!3m7!1s0x5490110015726dfb:0x7777a35d82d0f754!8m2!3d47.742412699999996!4d-122.347611!9m1!1b1!16s%2Fg%2F11ckvg1dmb?entry=ttu",ChIJ-21yFQARkFQRVPfQgl2jd3c,0x5490110015726dfb:0x7777a35d82d0f754,8608528834764011348,/g/11x5btk4nc,8608528834764011348,,mustachemilkteaweb@gmail.com,RECEIVING,SMTP validated,,,,,,,,,,,,,,,,,,,,,,,,,https://www.facebook.com/mustachemilktea,https://www.instagram.com/mustachemilktea,,,,,,,,,,,,,,MUSTACHEMILKTEA,,,,,
"bubble tea store, 98155, Seattle, WA, US",Boba House,Boba House,https://www.clover.com/online-ordering/boba-house-seattle,Bubble tea store,Bubble tea store,Bubble tea store,,"14359 15th Ave NE, Seattle, WA 98125",Pinehurst,14359 15th Ave NE,Seattle,98125,Washington,Washington,United States of America,US,47.733674,-122.31309069999999,8928d54e577ffff,America/Los_Angeles,,False,4.7,103,"https://search.google.com/local/reviews?placeid=ChIJaSHoqvsRkFQRTyl-5aOX_v4&q=bubble+tea+store,+98155,+Seattle,+WA,+US&authuser=0&hl=en&gl=US",,,2.0,4.0,2.0,5.0,90.0,107,https://lh3.googleusercontent.com/p/AF1QipPBnKjk7L7JFB-4bfyHRkXnHEJaZUovjiiRfk_9=w800-h500-k-no,https://lh3.googleusercontent.com/p/AF1QipPBnKjk7L7JFB-4bfyHRkXnHEJaZUovjiiRfk_9=w1600-h1000-k-no,,"{""Monday"": ""11:30AM-9PM"", ""Tuesday"": ""11:30AM-9PM"", ""Wednesday"": ""11:30AM-9PM"", ""Thursday"": ""11:30AM-9PM"", ""Friday"": ""11:30AM-9PM"", ""Saturday"": ""11:30AM-9PM"", ""Sunday"": ""11:30AM-9PM""}",Monday:11:30AM-9PM|Tuesday:11:30AM-9PM|Wednesday:11:30AM-9PM|Thursday:11:30AM-9PM|Friday:11:30AM-9PM|Saturday:11:30AM-9PM|Sunday:11:30AM-9PM,,,OPERATIONAL,"{""Service options"": {""Delivery"": true, ""Onsite services"": true, ""Takeout"": true, ""Dine-in"": true}, ""Highlights"": {""Great tea selection"": true}, ""Accessibility"": {""Wheelchair accessible entrance"": true, ""Wheelchair accessible parking lot"": true}}",$,,https://lh5.googleusercontent.com/-mBtGKXWI0Hk/AAAAAAAAAAI/AAAAAAAAAAA/Wou8qe4iQkg/s44-p-k-no-ns-nd/photo.jpg,,,True,103223697717762520437,Boba House,https://www.google.com/maps/contrib/103223697717762520437,,"https://www.google.com/viewer/chooseprovider?mid=/g/11w9jz87kb&g2lbs=AAEPWCujy2hknE2x2OEgY5e8_poFjJ9dz6QXB4Ih5_ikRp0cIL5B2BTmvhWXT2ocmoQxZ8bIUgzT8NMUtga76vS2TO_eIt8PKQ%3D%3D&hl=en-US&gl=us&fo_m=MfohQo559jFvMUOzJVpjPL1YMfZ3bInYwBDuMfaXTPp5KXh-&utm_source=tactile&gei=ONcCaJ-dC8-B9u8Pj42EsQQ&ei=ONcCaJ-dC8-B9u8Pj42EsQQ&fo_s=OA,SOE&opi=79508299&ebb=1&cs=0&foub=mcpp",,,"https://www.google.com/maps/place/Boba+House/@47.733674,-122.31309069999999,14z/data=!4m8!1m2!2m1!1sBoba+House!3m4!1s0x549011fbaae82169:0xfefe97a3e57e294f!8m2!3d47.733674!4d-122.31309069999999","https://www.google.com/maps/place/Boba+House/@47.733674,-122.31309069999999,13.99z/data=!4m16!1m7!3m6!1s0x549011fbaae82169:0xfefe97a3e57e294f!2sBoba+House!8m2!3d47.733674!4d-122.31309069999999!16s%2Fg%2F11ckvg1dmb!3m7!1s0x549011fbaae82169:0xfefe97a3e57e294f!8m2!3d47.733674!4d-122.31309069999999!9m1!1b1!16s%2Fg%2F11ckvg1dmb?entry=ttu",ChIJaSHoqvsRkFQRTyl-5aOX_v4,0x549011fbaae82169:0xfefe97a3e57e294f,18374290259903916367,/g/11w9jz87kb,-72453813805635249,,ansu@clover.com,RECEIVING,Catch All,Ansu Vyas,Ansu,Vyas,Vice President Business Operations,,gbedwell@clover.com,INVALID,Invalid SMTP,Glenn Bedwell,Glenn,Bedwell,Software Engineer,,mhampton@clover.com,INVALID,Invalid SMTP,Michael R Hampton,Michael,R Hampton,Software Engineer,,+1 515-255-3700,+1 360-217-7075,+1 573-335-0366,https://www.facebook.com/recklessrolls/,http://instagram.com/donatopsizzact,https://www.linkedin.com/company/clovernetwork,,,,,,,,http://twitter.com/cloverpos,,,,,Online Ordering | Clover,,,,False,False
"bubble tea store, 98155, Seattle, WA, US",HHD (Heuk Hwa Dang),Hhd Heuk Hwa Dang,https://en.heukhwadang.com/,Bubble tea store,Bubble tea store,Bubble tea store,+1 425-361-1202,"17425 Hwy 99 Suite E, Lynnwood, WA 98037",None,17425 Hwy 99 Suite E,Lynnwood,98037,Washington,Washington,United States of America,US,47.8404118,-122.2975618,8928d54ca07ffff,America/Los_Angeles,,False,4.5,41,"https://search.google.com/local/reviews?placeid=ChIJx7bsLtEFkFQRF8fEgOlG840&q=bubble+tea+store,+98155,+Seattle,+WA,+US&authuser=0&hl=en&gl=US",,,3.0,2.0,1.0,1.0,34.0,59,https://lh3.googleusercontent.com/p/AF1QipNAW5FvLhgwxq1nOafnZwbLyTmsZP0yVYqG240=w800-h500-k-no,https://lh3.googleusercontent.com/p/AF1QipNAW5FvLhgwxq1nOafnZwbLyTmsZP0yVYqG240=w1600-h1000-k-no,,"{""Monday"": ""11:30AM-10PM"", ""Tuesday"": ""11:30AM-10PM"", ""Wednesday"": ""11:30AM-10PM"", ""Thursday"": ""11:30AM-11:30PM"", ""Friday"": ""11:30AM-11:30PM"", ""Saturday"": ""11:30AM-11:30PM"", ""Sunday"": ""11:30AM-10PM""}",Monday:11:30AM-10PM|Tuesday:11:30AM-10PM|Wednesday:11:30AM-10PM|Thursday:11:30AM-11:30PM|Friday:11:30AM-11:30PM|Saturday:11:30AM-11:30PM|Sunday:11:30AM-10PM,,,OPERATIONAL,"{""Service options"": {""Takeout"": true, ""Dine-in"": true}, ""Accessibility"": {""Wheelchair accessible entrance"": true, ""Wheelchair accessible parking lot"": true}, ""Parking"": {""Free parking lot"": true}}",,,https://lh5.googleusercontent.com/-H2mdSXxmync/AAAAAAAAAAI/AAAAAAAAAAA/wSbqSZLHnRg/s44-p-k-no-ns-nd/photo.jpg,,,True,108560273598109955998,HHD,https://www.google.com/maps/contrib/108560273598109955998,,,,,"https://www.google.com/maps/place/HHD+%28Heuk+Hwa+Dang%29/@47.8404118,-122.2975618,14z/data=!4m8!1m2!2m1!1sHHD+%28Heuk+Hwa+Dang%29!3m4!1s0x549005d12eecb6c7:0x8df346e980c4c717!8m2!3d47.8404118!4d-122.2975618","https://www.google.com/maps/place/HHD+%28Heuk+Hwa+Dang%29/@47.8404118,-122.2975618,13.99z/data=!4m16!1m7!3m6!1s0x549005d12eecb6c7:0x8df346e980c4c717!2sHHD+%28Heuk+Hwa+Dang%29!8m2!3d47.8404118!4d-122.2975618!16s%2Fg%2F11ckvg1dmb!3m7!1s0x549005d12eecb6c7:0x8df346e980c4c717!8m2!3d47.8404118!4d-122.2975618!9m1!1b1!16s%2Fg%2F11ckvg1dmb?entry=ttu",ChIJx7bsLtEFkFQRF8fEgOlG840,0x549005d12eecb6c7:0x8df346e980c4c717,10228597147390232343,/g/11x1h04tl6,-8218146926319319273,,jr@wunamfnc.com,RECEIVING,SMTP validated,,,,,,,,,,,,,,,,,,,,,,,,,,,,,,,,,,,,,,,,Heukhwadang,,Premium Tea & Coffee,"프랜차이즈,까페대리점사업,까페대리점창업,까페사업,까페창업상담,대리점까페창업,대형까페창업,프랜차이즈창업,공차창업",False,False
"bubble tea store, 98155, Seattle, WA, US",BobaLust Alderwood,Bobalust Alderwood,http://bobalustteahouse.com/,Bubble tea store,Bubble tea store,Bubble tea store,,"2701 184th St SW #121, Lynnwood, WA 98037",None,2701 184th St SW #121,Lynnwood,98037,Washington,Washington,United States of America,US,47.8325572,-122.26927409999999,8928d54dd07ffff,America/Los_Angeles,,False,4.7,67,"https://search.google.com/local/reviews?placeid=ChIJgzhZvyIFkFQRyQe4-mMPE4A&q=bubble+tea+store,+98155,+Seattle,+WA,+US&authuser=0&hl=en&gl=US",,,2.0,1.0,1.0,6.0,57.0,54,https://lh3.googleusercontent.com/p/AF1QipN2ZJnxl-_aVGBjn59oRYgxq-QSrCheNpN0hyY=w800-h500-k-no,https://lh3.googleusercontent.com/p/AF1QipN2ZJnxl-_aVGBjn59oRYgxq-QSrCheNpN0hyY=w1600-h1000-k-no,,"{""Monday"": ""1-10PM"", ""Tuesday"": ""1-10PM"", ""Wednesday"": ""1-10PM"", ""Thursday"": ""1-10PM"", ""Friday"": ""1-11PM"", ""Saturday"": ""1-11PM"", ""Sunday"": ""1-10PM""}",Monday:1-10PM|Tuesday:1-10PM|Wednesday:1-10PM|Thursday:1-10PM|Friday:1-11PM|Saturday:1-11PM|Sunday:1-10PM,,,OPERATIONAL,"{""Service options"": {""Takeout"": true, ""Dine-in"": true, ""Delivery"": false}, ""Highlights"": {""Great tea selection"": true}, ""Accessibility"": {""Wheelchair accessible entrance"": true, ""Wheelchair accessible parking lot"": true}}",,,https://lh6.googleusercontent.com/-15Glxp1aeLY/AAAAAAAAAAI/AAAAAAAAAAA/4_kabcnegTs/s44-p-k-no-ns-nd/photo.jpg,,,True,116448198273873524160,BobaLust Alderwood,https://www.google.com/maps/contrib/116448198273873524160,,,,,"https://www.google.com/maps/place/BobaLust+Alderwood/@47.8325572,-122.26927409999999,14z/data=!4m8!1m2!2m1!1sBobaLust+Alderwood!3m4!1s0x54900522bf593883:0x80130f63fab807c9!8m2!3d47.8325572!4d-122.26927409999999","https://www.google.com/maps/place/BobaLust+Alderwood/@47.8325572,-122.26927409999999,13.99z/data=!4m16!1m7!3m6!1s0x54900522bf593883:0x80130f63fab807c9!2sBobaLust+Alderwood!8m2!3d47.8325572!4d-122.26927409999999!16s%2Fg%2F11ckvg1dmb!3m7!1s0x54900522bf593883:0x80130f63fab807c9!8m2!3d47.8325572!4d-122.26927409999999!9m1!1b1!16s%2Fg%2F11ckvg1dmb?entry=ttu",ChIJgzhZvyIFkFQRyQe4-mMPE4A,0x54900522bf593883:0x80130f63fab807c9,9228736983494821833,/g/11v17h3bwt,-9218007090214729783,,jobs@bobalust.com,RECEIVING,SMTP validated,,,,,,,,,,,,,,,,,,,,,,,,,https://www.facebook.com/105840394553388,,,,,,,,,,,,,,,HOME | bobalust,Wix.com Website Builder,,,False,False
"bubble tea store, 98155, Seattle, WA, US",Mauritius Brown Bubble Tea,Mauritius Brown Bubble Tea,https://mbrowntea.com/,Bubble tea store,Bubble tea store,Bubble tea store,+1 425-655-1100,"18115 68th Ave NE c101, Kenmore, WA 98028",None,18115 68th Ave NE c101,Kenmore,98028,Washington,Washington,United States of America,US,47.760020499999996,-122.24998319999999,8928d54f1b7ffff,America/Los_Angeles,,False,4.8,78,"https://search.google.com/local/reviews?placeid=ChIJs-3hDu8PkFQRN4vEd1CFt_k&q=bubble+tea+store,+98155,+Seattle,+WA,+US&authuser=0&hl=en&gl=US",,,1.0,2.0,2.0,2.0,71.0,93,https://lh3.googleusercontent.com/p/AF1QipMpMRK6Do0ixqpl-rPFHn9L7dowGRvDJB1tHMjv=w800-h500-k-no,https://lh3.googleusercontent.com/p/AF1QipMpMRK6Do0ixqpl-rPFHn9L7dowGRvDJB1tHMjv=w1600-h1000-k-no,,"{""Monday"": ""Closed"", ""Tuesday"": ""12-8PM"", ""Wednesday"": ""12-8PM"", ""Thursday"": ""12-8PM"", ""Friday"": ""12-8PM"", ""Saturday"": ""12-8PM"", ""Sunday"": ""12-8PM""}",Monday:Closed|Tuesday:12-8PM|Wednesday:12-8PM|Thursday:12-8PM|Friday:12-8PM|Saturday:12-8PM|Sunday:12-8PM,,,OPERATIONAL,"{""Service options"": {""Takeout"": true, ""Dine-in"": true, ""Delivery"": false}, ""Highlights"": {""Great tea selection"": true}, ""Accessibility"": {""Wheelchair accessible entrance"": true, ""Wheelchair accessible parking lot"": true}}",$,,https://lh6.googleusercontent.com/-NS4LHolQTNc/AAAAAAAAAAI/AAAAAAAAAAA/RnsCxF1gOtc/s44-p-k-no-ns-nd/photo.jpg,,,True,114297083287375752114,Mauritius Brown Bubble Tea,https://www.google.com/maps/contrib/114297083287375752114,,"https://www.google.com/viewer/chooseprovider?mid=/g/11y4yr57ng&g2lbs=AAEPWCv_wG9-KwBiLTe0sqV7a6ig4GU4GEHQrF6fQjQbQDTqvJ4eB8m1sRat5E--B0hmDPknN494gVUkN333Pp0wMEVGpGeozA%3D%3D&hl=en-US&gl=us&fo_m=MfohQo559jFvMUOzJVpjPL1YMfZ3bInYwBDuMfaXTPp5KXh-&utm_source=tactile&gei=ONcCaJ-dC8-B9u8Pj42EsQQ&ei=ONcCaJ-dC8-B9u8Pj42EsQQ&fo_s=OA,SOE&opi=79508299&ebb=1&cs=0&foub=mcpp",,,"https://www.google.com/maps/place/Mauritius+Brown+Bubble+Tea/@47.760020499999996,-122.24998319999999,14z/data=!4m8!1m2!2m1!1sMauritius+Brown+Bubble+Tea!3m4!1s0x54900fef0ee1edb3:0xf9b7855077c48b37!8m2!3d47.760020499999996!4d-122.24998319999999","https://www.google.com/maps/place/Mauritius+Brown+Bubble+Tea/@47.760020499999996,-122.24998319999999,13.99z/data=!4m16!1m7!3m6!1s0x54900fef0ee1edb3:0xf9b7855077c48b37!2sMauritius+Brown+Bubble+Tea!8m2!3d47.760020499999996!4d-122.24998319999999!16s%2Fg%2F11ckvg1dmb!3m7!1s0x54900fef0ee1edb3:0xf9b7855077c48b37!8m2!3d47.760020499999996!4d-122.24998319999999!9m1!1b1!16s%2Fg%2F11ckvg1dmb?entry=ttu",ChIJs-3hDu8PkFQRN4vEd1CFt_k,0x54900fef0ee1edb3:0xf9b7855077c48b37,17993997416835353399,/g/11y4yr57ng,-452746656874198217,,info@mbrowntea.com,RECEIVING,Role,,,,,,mauritiustkenmore@yahoo.com,RECEIVING,Verified,,,,,,,,,,,,,,,,,https://www.facebook.com/MauritiusBrownBubbleTea,https://www.instagram.com/mauritiusbrownbubbletea,,,,,,,,,,,,,,Mauritius Brown – Mauritius Brown,WordPress 6.5.5,"Mauritius Brown Bubble Tea 
The Healthy Taste of Mauritius 
Mauritius’ Legendary Brown Unrefined Special Sugar: Savor the healthy taste of tradition. Rich in natural nutrients, less processed, and purely delicious. Explore our menu    
Drink Naturally, Live Healthily 


Welcome to a",,False,False
"bubble tea store, 98155, Seattle, WA, US",Fil-Am Food & Gifts Inc.,Fil Am Food And Gifts,http://filamsantos.wixsite.com/filamstore,Asian grocery store,Asian grocery store,Asian grocery store,+1 206-367-4832,"15206 Aurora Ave N, Shoreline, WA 98133",Parkwood,15206 Aurora Ave N,Shoreline,98133,Washington,Washington,United States of America,US,47.7393,-122.34402299999999,8928d54523bffff,America/Los_Angeles,,False,4.7,76,"https://search.google.com/local/reviews?placeid=ChIJ-wJR4SARkFQRFs8jgdN8nH0&q=bubble+tea+store,+98155,+Seattle,+WA,+US&authuser=0&hl=en&gl=US",,,1.0,1.0,1.0,13.0,60.0,73,https://lh3.googleusercontent.com/p/AF1QipMTucx1n_nHYGRvetbcx6thqjIq9TtcrxC24fGt=w800-h500-k-no,https://lh3.googleusercontent.com/p/AF1QipMTucx1n_nHYGRvetbcx6thqjIq9TtcrxC24fGt=w1600-h1000-k-no,,"{""Monday"": ""11AM-7PM"", ""Tuesday"": ""11AM-7PM"", ""Wednesday"": ""11AM-7PM"", ""Thursday"": ""11AM-7PM"", ""Friday"": ""11AM-7PM"", ""Saturday"": ""11AM-7PM"", ""Sunday"": ""Closed""}",Monday:11AM-7PM|Tuesday:11AM-7PM|Wednesday:11AM-7PM|Thursday:11AM-7PM|Friday:11AM-7PM|Saturday:11AM-7PM|Sunday:Closed,,,OPERATIONAL,"{""From the business"": {""Small business"": true}, ""Service options"": {""Delivery"": false, ""Same-day delivery"": false}, ""Accessibility"": {""Wheelchair accessible entrance"": true, ""Wheelchair accessible parking lot"": true}, ""Offerings"": {""Food"": true, ""Prepared foods"": true}, ""Planning"": {""Quick visit"": true}, ""Payments"": {""Credit cards"": true, ""Debit cards"": true, ""NFC mobile payments"": true, ""SNAP/EBT"": true}}",,,https://lh5.googleusercontent.com/-A8_tf1d-IeY/AAAAAAAAAAI/AAAAAAAAAAA/tHdxGAhhR2o/s44-p-k-no-ns-nd/photo.jpg,,,True,109566283235804184491,Fil-Am Food & Gifts Inc.,https://www.google.com/maps/contrib/109566283235804184491,,,,,"https://www.google.com/maps/place/Fil-Am+Food+%26+Gifts+Inc./@47.7393,-122.34402299999999,14z/data=!4m8!1m2!2m1!1sFil-Am+Food+%26+Gifts+Inc.!3m4!1s0x54901120e15102fb:0x7d9c7cd38123cf16!8m2!3d47.7393!4d-122.34402299999999","https://www.google.com/maps/place/Fil-Am+Food+%26+Gifts+Inc./@47.7393,-122.34402299999999,13.99z/data=!4m16!1m7!3m6!1s0x54901120e15102fb:0x7d9c7cd38123cf16!2sFil-Am+Food+%26+Gifts+Inc.!8m2!3d47.7393!4d-122.34402299999999!16s%2Fg%2F11ckvg1dmb!3m7!1s0x54901120e15102fb:0x7d9c7cd38123cf16!8m2!3d47.7393!4d-122.34402299999999!9m1!1b1!16s%2Fg%2F11ckvg1dmb?entry=ttu",ChIJ-wJR4SARkFQRFs8jgdN8nH0,0x54901120e15102fb:0x7d9c7cd38123cf16,9051246598954405654,/g/1vxz99p3,9051246598954405654,,,,,,,,,,,,,,,,,,,,,,,,,,,,,,,,,,,,,,,,,,,,,,,,,
"bubble tea store, 98155, Seattle, WA, US",BobaLust,Bobalust,https://www.bobalustteahouse.com/,Bubble tea store,Bubble tea store,Bubble tea store,,"4553 University Wy NE, Seattle, WA 98105",University District,4553 University Wy NE,Seattle,98105,Washington,Washington,United States of America,US,47.662838,-122.31337979999999,8928d540c8fffff,America/Los_Angeles,,False,4.5,65,"https://search.google.com/local/reviews?placeid=ChIJ2xxT5fgVkFQReKUl3fwqq9k&q=bubble+tea+store,+98155,+Seattle,+WA,+US&authuser=0&hl=en&gl=US",,,1.0,3.0,5.0,10.0,46.0,53,https://lh3.googleusercontent.com/p/AF1QipM32mjC4HDAnLN-Z1vaFOAymjkeCZPJ_ZfjTKC5=w800-h500-k-no,https://lh3.googleusercontent.com/p/AF1QipM32mjC4HDAnLN-Z1vaFOAymjkeCZPJ_ZfjTKC5=w1600-h1000-k-no,,"{""Monday"": ""1-10PM"", ""Tuesday"": ""1-10PM"", ""Wednesday"": ""1-10PM"", ""Thursday"": ""1-10PM"", ""Friday"": ""1-11PM"", ""Saturday"": ""1-11PM"", ""Sunday"": ""1-10PM""}",Monday:1-10PM|Tuesday:1-10PM|Wednesday:1-10PM|Thursday:1-10PM|Friday:1-11PM|Saturday:1-11PM|Sunday:1-10PM,,,OPERATIONAL,"{""Service options"": {""Takeout"": true, ""Dine-in"": true, ""Delivery"": false}, ""Highlights"": {""Great tea selection"": true}, ""Accessibility"": {""Wheelchair accessible entrance"": true}, ""Crowd"": {""LGBTQ+ friendly"": true, ""Transgender safespace"": true}, ""Other"": {""LGBTQ+ friendly"": true}}",,,https://lh6.googleusercontent.com/-01WGoHgHSa8/AAAAAAAAAAI/AAAAAAAAAAA/8h1iTw2YUkI/s44-p-k-no-ns-nd/photo.jpg,,,True,105590689685851579718,BobaLust,https://www.google.com/maps/contrib/105590689685851579718,,,,,"https://www.google.com/maps/place/BobaLust/@47.662838,-122.31337979999999,14z/data=!4m8!1m2!2m1!1sBobaLust!3m4!1s0x549015f8e5531cdb:0xd9ab2afcdd25a578!8m2!3d47.662838!4d-122.31337979999999","https://www.google.com/maps/place/BobaLust/@47.662838,-122.31337979999999,13.99z/data=!4m16!1m7!3m6!1s0x549015f8e5531cdb:0xd9ab2afcdd25a578!2sBobaLust!8m2!3d47.662838!4d-122.31337979999999!16s%2Fg%2F11ckvg1dmb!3m7!1s0x549015f8e5531cdb:0xd9ab2afcdd25a578!8m2!3d47.662838!4d-122.31337979999999!9m1!1b1!16s%2Fg%2F11ckvg1dmb?entry=ttu",ChIJ2xxT5fgVkFQReKUl3fwqq9k,0x549015f8e5531cdb:0xd9ab2afcdd25a578,15684677392778241400,/g/11s5jdmf6t,-2762066680931310216,,jobs@bobalust.com,RECEIVING,SMTP validated,,,,,,,,,,,,,,,,,,,,,,,,,https://www.facebook.com/105840394553388,,,,,,,,,,,,,,,HOME | bobalust,Wix.com Website Builder,,,False,False
"bubble tea store, 98155, Seattle, WA, US",Happy Lemon Bothell,Happy Lemon Bothell,https://linktr.ee/happylemonseattle,Bubble tea store,Bubble tea store,Bubble tea store,+1 425-286-6147,"21225 Bothell Everett Hwy #105, Bothell, WA 98021",None,21225 Bothell Everett Hwy #105,Bothell,98021,Washington,Washington,United States of America,US,47.8051949,-122.2073049,8928d54d567ffff,America/Los_Angeles,,False,4.4,177,"https://search.google.com/local/reviews?placeid=ChIJ7WRHlFcPkFQRLeWJ3ozC73s&q=bubble+tea+store,+98155,+Seattle,+WA,+US&authuser=0&hl=en&gl=US",,,11.0,4.0,7.0,30.0,125.0,109,https://lh3.googleusercontent.com/p/AF1QipOXWJXsZqZwRZ8TyOlmT7lSAxARRP6rWjTVWRN4=w800-h500-k-no,https://lh3.googleusercontent.com/p/AF1QipOXWJXsZqZwRZ8TyOlmT7lSAxARRP6rWjTVWRN4=w1600-h1000-k-no,,"{""Monday"": ""11:30AM-9:30PM"", ""Tuesday"": ""11:30AM-9:30PM"", ""Wednesday"": ""11:30AM-9:30PM"", ""Thursday"": ""11:30AM-9:30PM"", ""Friday"": ""11:30AM-9:30PM"", ""Saturday"": ""11:30AM-9:30PM"", ""Sunday"": ""11:30AM-9:30PM""}",Monday:11:30AM-9:30PM|Tuesday:11:30AM-9:30PM|Wednesday:11:30AM-9:30PM|Thursday:11:30AM-9:30PM|Friday:11:30AM-9:30PM|Saturday:11:30AM-9:30PM|Sunday:11:30AM-9:30PM,,,OPERATIONAL,"{""Service options"": {""Curbside pickup"": true, ""No-contact delivery"": true, ""Delivery"": true, ""Takeout"": true, ""Dine-in"": true}, ""Highlights"": {""Great tea selection"": true}, ""Accessibility"": {""Wheelchair accessible entrance"": true, ""Wheelchair accessible parking lot"": true, ""Wheelchair accessible restroom"": true, ""Wheelchair accessible seating"": true}, ""Amenities"": {""Gender-neutral restroom"": true}}",$,,https://lh3.googleusercontent.com/-FKv9SWmusos/AAAAAAAAAAI/AAAAAAAAAAA/XqcTxyJXVf4/s44-p-k-no-ns-nd/photo.jpg,,,True,109498751520822085638,Happy Lemon Bothell,https://www.google.com/maps/contrib/109498751520822085638,,"https://www.google.com/viewer/chooseprovider?mid=/g/11v14gskkx&g2lbs=AAEPWCtBHW32M0HMX31Rj69q1neYop7X_V6HMThcOpHj8sYUWKlgpTpj_OeY0n8KygElmmI5Yr_0sedJ7yKjcjK8PRpXDlkzDQ%3D%3D&hl=en-US&gl=us&fo_m=MfohQo559jFvMUOzJVpjPL1YMfZ3bInYwBDuMfaXTPp5KXh-&utm_source=tactile&gei=ONcCaJ-dC8-B9u8Pj42EsQQ&ei=ONcCaJ-dC8-B9u8Pj42EsQQ&fo_s=OA,SOE&opi=79508299&ebb=1&cs=0&foub=mcpp",,,"https://www.google.com/maps/place/Happy+Lemon+Bothell/@47.8051949,-122.2073049,14z/data=!4m8!1m2!2m1!1sHappy+Lemon+Bothell!3m4!1s0x54900f57944764ed:0x7befc28cde89e52d!8m2!3d47.8051949!4d-122.2073049","https://www.google.com/maps/place/Happy+Lemon+Bothell/@47.8051949,-122.2073049,13.99z/data=!4m16!1m7!3m6!1s0x54900f57944764ed:0x7befc28cde89e52d!2sHappy+Lemon+Bothell!8m2!3d47.8051949!4d-122.2073049!16s%2Fg%2F11ckvg1dmb!3m7!1s0x54900f57944764ed:0x7befc28cde89e52d!8m2!3d47.8051949!4d-122.2073049!9m1!1b1!16s%2Fg%2F11ckvg1dmb?entry=ttu",ChIJ7WRHlFcPkFQRLeWJ3ozC73s,0x54900f57944764ed:0x7befc28cde89e52d,8930570496383771949,/g/11v14gskkx,8930570496383771949,,alex@linktr.ee,RECEIVING,Catch All,Alex Zaccaria,Alex,Zaccaria,Director,401560033,support@linktr.ee,RECEIVING,SMTP validated,,,,,,press@linktr.ee,RECEIVING,SMTP validated,,,,,,+1 808-955-0050,+1 623-742-6200,+1 716-656-1530,https://www.facebook.com/theoysterhousehk,https://www.instagram.com/kaylawalshrealtor,https://www.linkedin.com/company/russolawgroup,https://tiktok.com/@thesculptinglabedmond,https://medium.com/@axeljordansoundhealing,https://www.reddit.com/u/MoExpat,,https://www.snapchat.com/add/lala412,https://t.me/andorratech,https://wa.me/6282157585905,https://twitter.com/gvwconline,https://vimeo.com/user197640241,https://www.youtube.com/channel/UCsoxXYU70My7BCzUdoFlfQA,https://github.com/ServiceNowDevProgram/,,"kaylawalsh | Instagram, Facebook | Linktree",Gatsby 5.8.1,"Realtor®, MRP Serving Northern Alabama & Tennessee Call/Text: 256-874-2732","Linktr.ee,Linktree,Linking Tool,Bio Link,link,links",False,False
"bubble tea store, 98155, Seattle, WA, US",Tea Addicts,Tea Addicts,https://www.teaaddictsboba.com/,Bubble tea store,Bubble tea store,Bubble tea store,+1 206-503-4296,"1410 NE 65th St, Seattle, WA 98115",Roosevelt,1410 NE 65th St,Seattle,98115,Washington,Washington,United States of America,US,47.6759804,-122.31261509999999,8928d540893ffff,America/Los_Angeles,,False,4.5,91,"https://search.google.com/local/reviews?placeid=ChIJ61c4-MMVkFQRAlsGHJmm29c&q=bubble+tea+store,+98155,+Seattle,+WA,+US&authuser=0&hl=en&gl=US",,,3.0,4.0,6.0,8.0,70.0,205,https://lh3.googleusercontent.com/p/AF1QipPItg7qkG4imp88_AU0qYqnQKItsMdWRRlz5GO5=w800-h500-k-no,https://lh3.googleusercontent.com/p/AF1QipPItg7qkG4imp88_AU0qYqnQKItsMdWRRlz5GO5=w1600-h1000-k-no,,"{""Monday"": ""11:30AM-8PM"", ""Tuesday"": ""11:30AM-8PM"", ""Wednesday"": ""11:30AM-8PM"", ""Thursday"": ""11:30AM-8PM"", ""Friday"": ""11:30AM-8PM"", ""Saturday"": ""11:30AM-8PM"", ""Sunday"": ""11:30AM-8PM""}",Monday:11:30AM-8PM|Tuesday:11:30AM-8PM|Wednesday:11:30AM-8PM|Thursday:11:30AM-8PM|Friday:11:30AM-8PM|Saturday:11:30AM-8PM|Sunday:11:30AM-8PM,,,OPERATIONAL,"{""Service options"": {""No-contact delivery"": true, ""Delivery"": true, ""Takeout"": true, ""Dine-in"": true}, ""Highlights"": {""Great tea selection"": true}, ""Accessibility"": {""Wheelchair accessible entrance"": true}}",$,,https://lh4.googleusercontent.com/-P27967XrHt0/AAAAAAAAAAI/AAAAAAAAAAA/HjiGd4pWva0/s44-p-k-no-ns-nd/photo.jpg,,,True,112076293246619869086,Tea Addicts,https://www.google.com/maps/contrib/112076293246619869086,,"https://www.google.com/viewer/chooseprovider?mid=/g/11k3plrrry&g2lbs=AAEPWCv_Z7-Ouc-h23EZyKIv8kfDZmRqlAhQpX9lfyCbva4-galPaHum0IeC7EnorbCmZf7fsaa4gzzAgTCIHhdKhqyjqx9_vw%3D%3D&hl=en-US&gl=us&fo_m=MfohQo559jFvMUOzJVpjPL1YMfZ3bInYwBDuMfaXTPp5KXh-&utm_source=tactile&gei=ONcCaJ-dC8-B9u8Pj42EsQQ&ei=ONcCaJ-dC8-B9u8Pj42EsQQ&fo_s=OA,SOE&opi=79508299&ebb=1&cs=0&foub=mcpp",,,"https://www.google.com/maps/place/Tea+Addicts/@47.6759804,-122.31261509999999,14z/data=!4m8!1m2!2m1!1sTea+Addicts!3m4!1s0x549015c3f83857eb:0xd7dba6991c065b02!8m2!3d47.6759804!4d-122.31261509999999","https://www.google.com/maps/place/Tea+Addicts/@47.6759804,-122.31261509999999,13.99z/data=!4m16!1m7!3m6!1s0x549015c3f83857eb:0xd7dba6991c065b02!2sTea+Addicts!8m2!3d47.6759804!4d-122.31261509999999!16s%2Fg%2F11ckvg1dmb!3m7!1s0x549015c3f83857eb:0xd7dba6991c065b02!8m2!3d47.6759804!4d-122.31261509999999!9m1!1b1!16s%2Fg%2F11ckvg1dmb?entry=ttu",ChIJ61c4-MMVkFQRAlsGHJmm29c,0x549015c3f83857eb:0xd7dba6991c065b02,15554208914584525570,/g/11k3plrrry,-2892535159125026046,,,,,,,,,,,,,,,,,,,,,,,,,,,,,,,,,,,,,,,,,,,,Tea Addicts Seattle,,Web site for Tea Addicts Seattle,,,
"bubble tea store, 98155, Seattle, WA, US",Swan Healthy Gourmet,Swan Healthy Gourmet,http://seattleboba.com/,"Bubble tea store, Tea store",Tea store,Bubble tea store,+1 206-535-6189,"2100 9th Ave, Seattle, WA 98121",Denny Triangle,2100 9th Ave,Seattle,98121,Washington,Washington,United States of America,US,47.617691199999996,-122.3375849,8928d542c3bffff,America/Los_Angeles,,False,3.9,20,"https://search.google.com/local/reviews?placeid=ChIJYaCCo7UVkFQRuQkrmwq5owI&q=bubble+tea+store,+98155,+Seattle,+WA,+US&authuser=0&hl=en&gl=US",,,5.0,0.0,0.0,2.0,13.0,70,https://lh3.googleusercontent.com/p/AF1QipNoAfap28j-gDIWtxmh-AMyrNdeDpZwGubcUz3m=w800-h500-k-no,https://lh3.googleusercontent.com/p/AF1QipNoAfap28j-gDIWtxmh-AMyrNdeDpZwGubcUz3m=w1600-h1000-k-no,,"{""Monday"": ""11AM-7PM"", ""Tuesday"": ""11AM-7PM"", ""Wednesday"": ""11AM-7PM"", ""Thursday"": ""11AM-7PM"", ""Friday"": ""11AM-7PM"", ""Saturday"": ""1-6PM"", ""Sunday"": ""1-4PM""}",Monday:11AM-7PM|Tuesday:11AM-7PM|Wednesday:11AM-7PM|Thursday:11AM-7PM|Friday:11AM-7PM|Saturday:1-6PM|Sunday:1-4PM,,,OPERATIONAL,"{""From the business"": {""Small business"": true}, ""Service options"": {""Delivery"": true, ""Takeout"": true}, ""Accessibility"": {""Wheelchair accessible entrance"": true}, ""Planning"": {""Quick visit"": true}, ""Payments"": {""Cash-only"": true, ""Credit cards"": true}}",,,https://lh3.googleusercontent.com/-mXaxk2j6zS0/AAAAAAAAAAI/AAAAAAAAAAA/zU7tjLxTECg/s44-p-k-no-ns-nd/photo.jpg,,,True,102969768859506731047,"Swan Healthy Gourmet, LLC",https://www.google.com/maps/contrib/102969768859506731047,,,,,"https://www.google.com/maps/place/Swan+Healthy+Gourmet%2C+LLC/@47.617691199999996,-122.3375849,14z/data=!4m8!1m2!2m1!1sSwan+Healthy+Gourmet%2C+LLC!3m4!1s0x549015b5a382a061:0x2a3b90a9b2b09b9!8m2!3d47.617691199999996!4d-122.3375849","https://www.google.com/maps/place/Swan+Healthy+Gourmet%2C+LLC/@47.617691199999996,-122.3375849,13.99z/data=!4m16!1m7!3m6!1s0x549015b5a382a061:0x2a3b90a9b2b09b9!2sSwan+Healthy+Gourmet%2C+LLC!8m2!3d47.617691199999996!4d-122.3375849!16s%2Fg%2F11ckvg1dmb!3m7!1s0x549015b5a382a061:0x2a3b90a9b2b09b9!8m2!3d47.617691199999996!4d-122.3375849!9m1!1b1!16s%2Fg%2F11ckvg1dmb?entry=ttu",ChIJYaCCo7UVkFQRuQkrmwq5owI,0x549015b5a382a061:0x2a3b90a9b2b09b9,190199064483793337,/g/11gmds6s00,190199064483793337,,swansmile@swangourmet.us,RECEIVING,SMTP validated,,,,,,,,,,,,,,,,,,,,,,12063095805,12065356189,,https://facebook.com/swan-healthy-gourmet-1137525039749858,,,,,,,,,,,,,,,"Swan Healthy Gourmet, LLC is a Cafe in Seattle, WA",,,"Boba, Boba Tea, Tea, Shaved Ice, Milk Tea, Ice Coffee, Bubble Tea, Desserts, Salads, Cafe, Fruit Art, Fruit Bouquet",False,False
"bubble tea store, 98155, Seattle, WA, US",One Bite Cafe (Lake Forest Park),One Bite Cafe Lake Forest Park,https://order.toasttab.com/online/one-bite-cafe-lake-forest-park,"Bubble tea store, Bakery, Dessert shop, Cake shop, Coffee shop, Ice cream shop, Sandwich shop",Dessert shop,Bubble tea store,+1 206-552-0823,"17171 Bothell Way NE 1st floor, Lake Forest Park, WA 98155",None,17171 Bothell Way NE 1st floor,Lake Forest Park,98155,Washington,Washington,United States of America,US,47.7540416,-122.279862,8928d54e3c3ffff,America/Los_Angeles,,False,4.2,26,"https://search.google.com/local/reviews?placeid=ChIJrVV4JzARkFQRPZdz_KZVI6k&q=bubble+tea+store,+98155,+Seattle,+WA,+US&authuser=0&hl=en&gl=US",,,4.0,1.0,1.0,0.0,20.0,307,https://lh3.googleusercontent.com/p/AF1QipMVHPWkEwEUiyiN1_fwWK_aVKjrBk2vm7hLncol=w800-h500-k-no,https://lh3.googleusercontent.com/p/AF1QipMVHPWkEwEUiyiN1_fwWK_aVKjrBk2vm7hLncol=w1600-h1000-k-no,,"{""Monday"": ""9:30AM-6PM"", ""Tuesday"": ""9:30AM-5PM"", ""Wednesday"": ""9:30AM-6PM"", ""Thursday"": ""9:30AM-6PM"", ""Friday"": ""9:30AM-6PM"", ""Saturday"": ""9:30AM-6PM"", ""Sunday"": ""9:30AM-6PM""}",Monday:9:30AM-6PM|Tuesday:9:30AM-5PM|Wednesday:9:30AM-6PM|Thursday:9:30AM-6PM|Friday:9:30AM-6PM|Saturday:9:30AM-6PM|Sunday:9:30AM-6PM,,,OPERATIONAL,"{""Service options"": {""Takeout"": true, ""Dine-in"": true}, ""Accessibility"": {""Wheelchair accessible entrance"": true, ""Wheelchair accessible parking lot"": true}, ""Amenities"": {""Restroom"": true, ""Wi-Fi"": true}, ""Payments"": {""Credit cards"": true}, ""Parking"": {""Free parking lot"": true, ""Free street parking"": true}}",$$,,https://lh3.googleusercontent.com/-EH7_5Pz715g/AAAAAAAAAAI/AAAAAAAAAAA/1z8C2fU5OU8/s44-p-k-no-ns-nd/photo.jpg,,,True,103488841411157076648,One Bite Cafe - Lake Forest Park,https://www.google.com/maps/contrib/103488841411157076648,,"https://www.google.com/viewer/chooseprovider?mid=/g/11vxm0t4t6&g2lbs=AAEPWCv6UmNt2TR5oEfpL1W8Wl9_TFsGgHSug8nij-NUxxwfotUc9o-kgAzoqhvUjpKBUTCDubewMrMGx6Sj4Pm26wfGRtgdrQ%3D%3D&hl=en-US&gl=us&fo_m=MfohQo559jFvMUOzJVpjPL1YMfZ3bInYwBDuMfaXTPp5KXh-&utm_source=tactile&gei=ONcCaJ-dC8-B9u8Pj42EsQQ&ei=ONcCaJ-dC8-B9u8Pj42EsQQ&fo_s=OA,SOE&opi=79508299&ebb=1&cs=0&foub=mcpp",,,"https://www.google.com/maps/place/One+Bite+Cafe+-+Lake+Forest+Park/@47.7540416,-122.279862,14z/data=!4m8!1m2!2m1!1sOne+Bite+Cafe+-+Lake+Forest+Park!3m4!1s0x54901130277855ad:0xa92355a6fc73973d!8m2!3d47.7540416!4d-122.279862","https://www.google.com/maps/place/One+Bite+Cafe+-+Lake+Forest+Park/@47.7540416,-122.279862,13.99z/data=!4m16!1m7!3m6!1s0x54901130277855ad:0xa92355a6fc73973d!2sOne+Bite+Cafe+-+Lake+Forest+Park!8m2!3d47.7540416!4d-122.279862!16s%2Fg%2F11ckvg1dmb!3m7!1s0x54901130277855ad:0xa92355a6fc73973d!8m2!3d47.7540416!4d-122.279862!9m1!1b1!16s%2Fg%2F11ckvg1dmb?entry=ttu",ChIJrVV4JzARkFQRPZdz_KZVI6k,0x54901130277855ad:0xa92355a6fc73973d,12187679192283060029,/g/11vxm0t4t6,-6259064881426491587,,order@pizzaloko.com,INVALID,Invalid DNS,,,,,,nqcmiami@gmail.com,RECEIVING,SMTP validated,,,,,,thesipcoffeeco@gmail.com,RECEIVING,SMTP validated,,,,,,18184538758,15129856220,16012156729,https://www.facebook.com/AsianPearlKC/,https://www.instagram.com/napaonprovidence,,,,,,,,,,,,,,Order Online,,"Order online from ROOKIES, including ROOKIETIZERS, HOUSE SPECIALTY, BASKETS & WINGS. Get the best prices and service by ordering direct!",,False,False
"bubble tea store, 98155, Seattle, WA, US",Luu’s Cafe,Luu’S Cafe,http://facebook.com/luuscafe,"Bubble tea store, Bakery",Bubble tea store,Bubble tea store,+1 206-946-6778,"8507 35th Ave NE, Seattle, WA 98115",Wedgwood,8507 35th Ave NE,Seattle,98115,Washington,Washington,United States of America,US,47.6903119,-122.2911529,8928d540a97ffff,America/Los_Angeles,,False,4.7,184,"https://search.google.com/local/reviews?placeid=ChIJ6ywdoQ0TkFQRmZqAQYep5no&q=bubble+tea+store,+98155,+Seattle,+WA,+US&authuser=0&hl=en&gl=US",,,5.0,2.0,9.0,17.0,151.0,166,https://lh3.googleusercontent.com/p/AF1QipOqoymNU5BL8Bx3BoUbO-tcCgIL8KCRzQzOqUmi=w800-h500-k-no,https://lh3.googleusercontent.com/p/AF1QipOqoymNU5BL8Bx3BoUbO-tcCgIL8KCRzQzOqUmi=w1600-h1000-k-no,,"{""Monday"": ""11AM-7PM"", ""Tuesday"": ""11AM-7PM"", ""Wednesday"": ""11AM-7PM"", ""Thursday"": ""11AM-7PM"", ""Friday"": ""11AM-7PM"", ""Saturday"": ""11AM-7PM"", ""Sunday"": ""11AM-7PM""}",Monday:11AM-7PM|Tuesday:11AM-7PM|Wednesday:11AM-7PM|Thursday:11AM-7PM|Friday:11AM-7PM|Saturday:11AM-7PM|Sunday:11AM-7PM,,,OPERATIONAL,"{""Service options"": {""Delivery"": true, ""Onsite services"": true, ""Takeout"": true, ""Dine-in"": true}, ""Highlights"": {""Great tea selection"": true}, ""Accessibility"": {""Wheelchair accessible entrance"": true, ""Wheelchair accessible parking lot"": true}}",$,,https://lh3.googleusercontent.com/-6uckv9UM5aY/AAAAAAAAAAI/AAAAAAAAAAA/r2Jrx991RvU/s44-p-k-no-ns-nd/photo.jpg,,,True,116522780659905728934,Luu’s Cafe,https://www.google.com/maps/contrib/116522780659905728934,,"https://www.google.com/viewer/chooseprovider?mid=/g/11j0nmq7xy&g2lbs=AAEPWCs3hTUPpeqlo1nnl94x62AfZz9JkKpvKkdu465GttRJoWly-mpL1NXYBasM79sIY99_G3xB4LVw-nIXJ7Veax3m8q1yGg%3D%3D&hl=en-US&gl=us&fo_m=MfohQo559jFvMUOzJVpjPL1YMfZ3bInYwBDuMfaXTPp5KXh-&utm_source=tactile&gei=ONcCaJ-dC8-B9u8Pj42EsQQ&ei=ONcCaJ-dC8-B9u8Pj42EsQQ&fo_s=OA,SOE&opi=79508299&ebb=1&cs=0&foub=mcpp",,,"https://www.google.com/maps/place/Luu%E2%80%99s+Cafe/@47.6903119,-122.2911529,14z/data=!4m8!1m2!2m1!1sLuu%E2%80%99s+Cafe!3m4!1s0x5490130da11d2ceb:0x7ae6a98741809a99!8m2!3d47.6903119!4d-122.2911529","https://www.google.com/maps/place/Luu%E2%80%99s+Cafe/@47.6903119,-122.2911529,13.99z/data=!4m16!1m7!3m6!1s0x5490130da11d2ceb:0x7ae6a98741809a99!2sLuu%E2%80%99s+Cafe!8m2!3d47.6903119!4d-122.2911529!16s%2Fg%2F11ckvg1dmb!3m7!1s0x5490130da11d2ceb:0x7ae6a98741809a99!8m2!3d47.6903119!4d-122.2911529!9m1!1b1!16s%2Fg%2F11ckvg1dmb?entry=ttu",ChIJ6ywdoQ0TkFQRmZqAQYep5no,0x5490130da11d2ceb:0x7ae6a98741809a99,8855952115655285401,/g/11j0nmq7xy,8855952115655285401,,,,,,,,,,,,,,,,,,,,,,,,,,,,,,,,,,,,,,,,,,,,,,,,,
"bubble tea store, 98155, Seattle, WA, US",Happy Lemon Lynnwood,Happy Lemon Lynnwood,https://linktr.ee/happylemonwa,Bubble tea store,Bubble tea store,Bubble tea store,+1 425-712-1036,"18415 33rd Ave W Suite Q, Lynnwood, WA 98037",None,18415 33rd Ave W Suite Q,Lynnwood,98037,Washington,Washington,United States of America,US,47.8316211,-122.27724459999999,8928d54ddafffff,America/Los_Angeles,,False,4.4,207,"https://search.google.com/local/reviews?placeid=ChIJEaEHMS8FkFQRenLvsfxtWFg&q=bubble+tea+store,+98155,+Seattle,+WA,+US&authuser=0&hl=en&gl=US",,,18.0,3.0,11.0,27.0,148.0,329,https://lh3.googleusercontent.com/p/AF1QipNWnn7NkHuUmhBvV2WZ2Ugf9i2V7GJLn2Wj69o4=w800-h500-k-no,https://lh3.googleusercontent.com/p/AF1QipNWnn7NkHuUmhBvV2WZ2Ugf9i2V7GJLn2Wj69o4=w1600-h1000-k-no,,"{""Monday"": ""11AM-10PM"", ""Tuesday"": ""11AM-10PM"", ""Wednesday"": ""11AM-10PM"", ""Thursday"": ""11AM-10PM"", ""Friday"": ""11AM-10PM"", ""Saturday"": ""11AM-10PM"", ""Sunday"": ""11AM-10PM""}",Monday:11AM-10PM|Tuesday:11AM-10PM|Wednesday:11AM-10PM|Thursday:11AM-10PM|Friday:11AM-10PM|Saturday:11AM-10PM|Sunday:11AM-10PM,,,OPERATIONAL,"{""From the business"": {""Identifies as women-owned"": true}, ""Service options"": {""No-contact delivery"": true, ""Delivery"": true, ""Onsite services"": true, ""Takeout"": true, ""Dine-in"": true}, ""Highlights"": {""Great tea selection"": true}, ""Accessibility"": {""Wheelchair accessible entrance"": true, ""Wheelchair accessible parking lot"": true, ""Wheelchair accessible restroom"": true, ""Wheelchair accessible seating"": true}, ""Amenities"": {""Gender-neutral restroom"": true}, ""Crowd"": {""LGBTQ+ friendly"": true}, ""Other"": {""LGBTQ+ friendly"": true, ""Identifies as women-owned"": true}}",$,,https://lh5.googleusercontent.com/-p2JhGONsLqc/AAAAAAAAAAI/AAAAAAAAAAA/JfDKsRRjA-U/s44-p-k-no-ns-nd/photo.jpg,,,True,116819447748770954051,Happy Lemon Lynnwood,https://www.google.com/maps/contrib/116819447748770954051,,"https://www.google.com/viewer/chooseprovider?mid=/g/11pzy7bcvp&g2lbs=AAEPWCvRLtca2OxxMO8qdEG4z7OuTU3YQOYY6dEM7kYBTPjkxvMpzFqUqTnPdkheF5AScA0lWCASU4rDpLr6oDFF8XAxinJkkw%3D%3D&hl=en-US&gl=us&fo_m=MfohQo559jFvMUOzJVpjPL1YMfZ3bInYwBDuMfaXTPp5KXh-&utm_source=tactile&gei=ONcCaJ-dC8-B9u8Pj42EsQQ&ei=ONcCaJ-dC8-B9u8Pj42EsQQ&fo_s=OA,SOE&opi=79508299&ebb=1&cs=0&foub=mcpp",,,"https://www.google.com/maps/place/Happy+Lemon+Lynnwood/@47.8316211,-122.27724459999999,14z/data=!4m8!1m2!2m1!1sHappy+Lemon+Lynnwood!3m4!1s0x5490052f3107a111:0x58586dfcb1ef727a!8m2!3d47.8316211!4d-122.27724459999999","https://www.google.com/maps/place/Happy+Lemon+Lynnwood/@47.8316211,-122.27724459999999,13.99z/data=!4m16!1m7!3m6!1s0x5490052f3107a111:0x58586dfcb1ef727a!2sHappy+Lemon+Lynnwood!8m2!3d47.8316211!4d-122.27724459999999!16s%2Fg%2F11ckvg1dmb!3m7!1s0x5490052f3107a111:0x58586dfcb1ef727a!8m2!3d47.8316211!4d-122.27724459999999!9m1!1b1!16s%2Fg%2F11ckvg1dmb?entry=ttu",ChIJEaEHMS8FkFQRenLvsfxtWFg,0x5490052f3107a111:0x58586dfcb1ef727a,6365959005372641914,/g/11pzy7bcvp,6365959005372641914,,alex@linktr.ee,RECEIVING,Catch All,Alex Zaccaria,Alex,Zaccaria,Director,401560033,support@linktr.ee,RECEIVING,SMTP validated,,,,,,press@linktr.ee,RECEIVING,SMTP validated,,,,,,+1 808-955-0050,+1 623-742-6200,+1 716-656-1530,https://www.facebook.com/theoysterhousehk,https://www.instagram.com/kaylawalshrealtor,https://www.linkedin.com/company/russolawgroup,https://tiktok.com/@thesculptinglabedmond,https://medium.com/@axeljordansoundhealing,https://www.reddit.com/u/MoExpat,,https://www.snapchat.com/add/lala412,https://t.me/andorratech,https://wa.me/6282157585905,https://twitter.com/gvwconline,https://vimeo.com/user197640241,https://www.youtube.com/channel/UCsoxXYU70My7BCzUdoFlfQA,https://github.com/ServiceNowDevProgram/,,"kaylawalsh | Instagram, Facebook | Linktree",Gatsby 5.8.1,"Realtor®, MRP Serving Northern Alabama & Tennessee Call/Text: 256-874-2732","Linktr.ee,Linktree,Linking Tool,Bio Link,link,links",False,False
"bubble tea store, 98155, Seattle, WA, US",Tea King,Tea King,http://teakingco.com/,Bubble tea store,Bubble tea store,Bubble tea store,+1 206-397-4566,"1600 Dexter Ave N Unit 202, Seattle, WA 98109",Westlake,1600 Dexter Ave N Unit 202,Seattle,98109,Washington,Washington,United States of America,US,47.6333263,-122.3421023,8928d5428abffff,America/Los_Angeles,,False,4.7,174,"https://search.google.com/local/reviews?placeid=ChIJ38qCOckVkFQR61CquJrOjqo&q=bubble+tea+store,+98155,+Seattle,+WA,+US&authuser=0&hl=en&gl=US",,,4.0,2.0,7.0,17.0,144.0,204,https://lh3.googleusercontent.com/p/AF1QipMQrlYpr7iumS1DYDZ-kMqT4iQPgStUMmO0TT6J=w800-h500-k-no,https://lh3.googleusercontent.com/p/AF1QipMQrlYpr7iumS1DYDZ-kMqT4iQPgStUMmO0TT6J=w1600-h1000-k-no,,"{""Monday"": ""12-7PM"", ""Tuesday"": ""12-7PM"", ""Wednesday"": ""12-7PM"", ""Thursday"": ""12-7PM"", ""Friday"": ""12-7PM"", ""Saturday"": ""12-7PM"", ""Sunday"": ""12-7PM""}",Monday:12-7PM|Tuesday:12-7PM|Wednesday:12-7PM|Thursday:12-7PM|Friday:12-7PM|Saturday:12-7PM|Sunday:12-7PM,,,OPERATIONAL,"{""From the business"": {""Identifies as Asian-owned"": true, ""Identifies as women-owned"": true}, ""Service options"": {""Delivery"": true, ""Onsite services"": true, ""Takeout"": true, ""Dine-in"": true}, ""Highlights"": {""Great tea selection"": true}, ""Accessibility"": {""Wheelchair accessible entrance"": false}, ""Crowd"": {""LGBTQ+ friendly"": true, ""Transgender safespace"": true}, ""Parking"": {""Paid street parking"": true}, ""Other"": {""LGBTQ+ friendly"": true, ""Identifies as women-owned"": true, ""Identifies as Asian-owned"": true}}",$,,https://lh4.googleusercontent.com/-L3QQoAUTYzQ/AAAAAAAAAAI/AAAAAAAAAAA/DFSPZsoM3DA/s44-p-k-no-ns-nd/photo.jpg,,,True,113875349383543467085,Tea King,https://www.google.com/maps/contrib/113875349383543467085,,,,,"https://www.google.com/maps/place/Tea+King/@47.6333263,-122.3421023,14z/data=!4m8!1m2!2m1!1sTea+King!3m4!1s0x549015c93982cadf:0xaa8ece9ab8aa50eb!8m2!3d47.6333263!4d-122.3421023","https://www.google.com/maps/place/Tea+King/@47.6333263,-122.3421023,13.99z/data=!4m16!1m7!3m6!1s0x549015c93982cadf:0xaa8ece9ab8aa50eb!2sTea+King!8m2!3d47.6333263!4d-122.3421023!16s%2Fg%2F11ckvg1dmb!3m7!1s0x549015c93982cadf:0xaa8ece9ab8aa50eb!8m2!3d47.6333263!4d-122.3421023!9m1!1b1!16s%2Fg%2F11ckvg1dmb?entry=ttu",ChIJ38qCOckVkFQR61CquJrOjqo,0x549015c93982cadf:0xaa8ece9ab8aa50eb,12289987597059117291,/g/11mhb_dzmp,-6156756476650434325,,,,,,,,,,,,,,,,,,,,,,,,,,,,,,https://www.instagram.com/teaking.co,,,,,,,,,,,,,,Tea King copy,,Cargo,,False,False
"bubble tea store, 98155, Seattle, WA, US",Böba,Böba,http://www.boba-bothell.com/,Bubble tea store,Bubble tea store,Bubble tea store,+1 425-483-9131,"22833 Bothell Everett Hwy UNIT 155, Bothell, WA 98021",Canyon Park,22833 Bothell Everett Hwy UNIT 155,Bothell,98021,Washington,Washington,United States of America,US,47.7904249,-122.2146403,8928d54d587ffff,America/Los_Angeles,,False,4.4,289,"https://search.google.com/local/reviews?placeid=ChIJIV3OtKkPkFQR6EvRUR8FRiM&q=bubble+tea+store,+98155,+Seattle,+WA,+US&authuser=0&hl=en&gl=US",,,16.0,7.0,18.0,39.0,209.0,256,https://lh3.googleusercontent.com/p/AF1QipPZUXGzSxKMDuMF5MBPE_jgB76bMdn7IY1nngKD=w800-h500-k-no,https://lh3.googleusercontent.com/p/AF1QipPZUXGzSxKMDuMF5MBPE_jgB76bMdn7IY1nngKD=w1600-h1000-k-no,,"{""Monday"": ""12-7PM"", ""Tuesday"": ""12-7PM"", ""Wednesday"": ""12-7PM"", ""Thursday"": ""12-7PM"", ""Friday"": ""12-8PM"", ""Saturday"": ""12-8PM"", ""Sunday"": ""12-7PM""}",Monday:12-7PM|Tuesday:12-7PM|Wednesday:12-7PM|Thursday:12-7PM|Friday:12-8PM|Saturday:12-8PM|Sunday:12-7PM,,,OPERATIONAL,"{""From the business"": {""Identifies as Asian-owned"": true, ""Identifies as LGBTQ+ owned"": true, ""Identifies as women-owned"": true}, ""Service options"": {""Delivery"": true, ""Onsite services"": true, ""Takeout"": true, ""Dine-in"": true}, ""Highlights"": {""Great tea selection"": true}, ""Accessibility"": {""Wheelchair accessible entrance"": true, ""Wheelchair accessible parking lot"": true, ""Wheelchair accessible restroom"": true, ""Wheelchair accessible seating"": true}, ""Amenities"": {""Gender-neutral restroom"": true}, ""Crowd"": {""LGBTQ+ friendly"": true}, ""Other"": {""LGBTQ+ friendly"": true, ""Identifies as women-owned"": true, ""Identifies as Asian-owned"": true, ""Identifies as LGBTQ+ owned"": true}}",$$,,https://lh4.googleusercontent.com/-nWt4uDgrmUM/AAAAAAAAAAI/AAAAAAAAAAA/NZ1pVwJtzLA/s44-p-k-no-ns-nd/photo.jpg,,,True,104576191431452550245,Böba,https://www.google.com/maps/contrib/104576191431452550245,,"https://www.google.com/viewer/chooseprovider?mid=/g/11f53g7853&g2lbs=AAEPWCtOIVVRgBbOtQt_2Vgp0YtLaKshXQpZXBMUuNp9pYALx7m1n8N2XdEZLVxlIFXVHdQoKGgMJmBO9VNYfy5J0ceHPUQuhQ%3D%3D&hl=en-US&gl=us&fo_m=MfohQo559jFvMUOzJVpjPL1YMfZ3bInYwBDuMfaXTPp5KXh-&utm_source=tactile&gei=ONcCaJ-dC8-B9u8Pj42EsQQ&ei=ONcCaJ-dC8-B9u8Pj42EsQQ&fo_s=OA,SOE&opi=79508299&ebb=1&cs=0&foub=mcpp",,,"https://www.google.com/maps/place/B%C3%B6ba/@47.7904249,-122.2146403,14z/data=!4m8!1m2!2m1!1sB%C3%B6ba!3m4!1s0x54900fa9b4ce5d21:0x2346051f51d14be8!8m2!3d47.7904249!4d-122.2146403","https://www.google.com/maps/place/B%C3%B6ba/@47.7904249,-122.2146403,13.99z/data=!4m16!1m7!3m6!1s0x54900fa9b4ce5d21:0x2346051f51d14be8!2sB%C3%B6ba!8m2!3d47.7904249!4d-122.2146403!16s%2Fg%2F11ckvg1dmb!3m7!1s0x54900fa9b4ce5d21:0x2346051f51d14be8!8m2!3d47.7904249!4d-122.2146403!9m1!1b1!16s%2Fg%2F11ckvg1dmb?entry=ttu",ChIJIV3OtKkPkFQR6EvRUR8FRiM,0x54900fa9b4ce5d21:0x2346051f51d14be8,2541724671772019688,/g/11f53g7853,2541724671772019688,,info@boba-bothell.com,RECEIVING,SMTP validated,,,,,,,,,,,,,,,,,,,,,,4254839193,4254839131,,,,,,,,,,,,,,,,,Böba – Local drink and snacks shop!,wordpress,"In order to ensure the safety of our patrons, we have implemented modified store hours. Thank you for your patience as we overcome  this as a community!  Please return home once you have picked up your order and enjoy! We wish everyone stays healthy and thank you for your understanding.  About Us Hospitality: It’s delicious drinks…",,False,False
"bubble tea store, 98155, Seattle, WA, US",Atulea Matcha & Coffee,Atulea Matcha And Coffee,http://atulea.com/,"Tea house, Coffee shop, Cafe",cafes,Tea house,+1 206-695-2687,"7006 Greenwood Ave N Unit 101, Seattle, WA 98103",Phinney Ridge,7006 Greenwood Ave N Unit 101,Seattle,98103,Washington,Washington,United States of America,US,47.6799064,-122.35498559999999,8928d5472cfffff,America/Los_Angeles,,False,4.9,55,"https://search.google.com/local/reviews?placeid=ChIJeYSEVQAVkFQRKOsS-X3vwiI&q=bubble+tea+store,+98155,+Seattle,+WA,+US&authuser=0&hl=en&gl=US",,,0.0,0.0,2.0,3.0,50.0,55,https://lh3.googleusercontent.com/p/AF1QipPBZKNQ11JwgCzjOJ8QdruozJdOsihuITFJG9KE=w800-h500-k-no,https://lh3.googleusercontent.com/p/AF1QipPBZKNQ11JwgCzjOJ8QdruozJdOsihuITFJG9KE=w1600-h1000-k-no,,"{""Monday"": ""8AM-6PM"", ""Tuesday"": ""8AM-6PM"", ""Wednesday"": ""8AM-6PM"", ""Thursday"": ""8AM-6PM"", ""Friday"": ""8AM-6PM"", ""Saturday"": ""8AM-6PM"", ""Sunday"": ""8AM-6PM""}",Monday:8AM-6PM|Tuesday:8AM-6PM|Wednesday:8AM-6PM|Thursday:8AM-6PM|Friday:8AM-6PM|Saturday:8AM-6PM|Sunday:8AM-6PM,,,OPERATIONAL,"{""From the business"": {""Identifies as Asian-owned"": true, ""Identifies as women-owned"": true}, ""Service options"": {""No-contact delivery"": true, ""Delivery"": true, ""Takeout"": true, ""Dine-in"": true}, ""Highlights"": {""Great coffee"": true, ""Great tea selection"": true}, ""Popular for"": {""Solo dining"": true}, ""Accessibility"": {""Wheelchair accessible entrance"": true}, ""Offerings"": {""Coffee"": true, ""Quick bite"": true}, ""Dining options"": {""Dessert"": true}, ""Atmosphere"": {""Casual"": true, ""Cozy"": true, ""Trendy"": true}, ""Crowd"": {""College students"": true}, ""Payments"": {""Credit cards"": true, ""Debit cards"": true, ""NFC mobile payments"": true}, ""Children"": {""Kids' menu"": true}, ""Parking"": {""Free street parking"": true}, ""Other"": {""Identifies as women-owned"": true, ""Identifies as Asian-owned"": true}}",,,https://lh4.googleusercontent.com/-oVmhXYch0A4/AAAAAAAAAAI/AAAAAAAAAAA/q74EGFzCR-A/s44-p-k-no-ns-nd/photo.jpg,,,True,101325654243987164347,Atulea Matcha & Coffee,https://www.google.com/maps/contrib/101325654243987164347,,"https://www.google.com/viewer/chooseprovider?mid=/g/11y2swk58n&g2lbs=AAEPWCtSylMuI6fbPg1NkdY7NxkaDsY6Sy2HaPw1yXiZDC4fQco38qd9UqBUWeSoya43t8KpWfSrnx6nawubrbEqq58b-UCd6Q%3D%3D&hl=en-US&gl=us&fo_m=MfohQo559jFvMUOzJVpjPL1YMfZ3bInYwBDuMfaXTPp5KXh-&utm_source=tactile&gei=ONcCaJ-dC8-B9u8Pj42EsQQ&ei=ONcCaJ-dC8-B9u8Pj42EsQQ&fo_s=OA,SOE&opi=79508299&orderType=2&ebb=1&cs=0&foub=mcpp",,,"https://www.google.com/maps/place/Atulea+Matcha+%26+Coffee/@47.6799064,-122.35498559999999,14z/data=!4m8!1m2!2m1!1sAtulea+Matcha+%26+Coffee!3m4!1s0x5490150055848479:0x22c2ef7df912eb28!8m2!3d47.6799064!4d-122.35498559999999","https://www.google.com/maps/place/Atulea+Matcha+%26+Coffee/@47.6799064,-122.35498559999999,13.99z/data=!4m16!1m7!3m6!1s0x5490150055848479:0x22c2ef7df912eb28!2sAtulea+Matcha+%26+Coffee!8m2!3d47.6799064!4d-122.35498559999999!16s%2Fg%2F11ckvg1dmb!3m7!1s0x5490150055848479:0x22c2ef7df912eb28!8m2!3d47.6799064!4d-122.35498559999999!9m1!1b1!16s%2Fg%2F11ckvg1dmb?entry=ttu",ChIJeYSEVQAVkFQRKOsS-X3vwiI,0x5490150055848479:0x22c2ef7df912eb28,2504827667100134184,/g/11y2swk58n,2504827667100134184,,info@atulea.com,RECEIVING,SMTP validated,,,,,,,,,,,,,,,,,,,,,,,,,,,,,,,,,,,,,,,,,,,,,
"bubble tea store, 98155, Seattle, WA, US",The Alley Lynnwood,The Alley Lynnwood,https://order.toasttab.com/online/thealley102,"Bubble tea store, Coffee shop, Dessert shop",Bubble tea store,Bubble tea store,+1 425-679-9888,"18910 28th Ave W, Lynnwood, WA 98036",None,18910 28th Ave W,Lynnwood,98036,Washington,Washington,United States of America,US,47.8268178,-122.2715016,8928d54ddbbffff,America/Los_Angeles,,False,4.5,33,"https://search.google.com/local/reviews?placeid=ChIJ3drFfAAFkFQRhJsdwOAIhdM&q=bubble+tea+store,+98155,+Seattle,+WA,+US&authuser=0&hl=en&gl=US",,,1.0,2.0,2.0,1.0,27.0,151,https://lh3.googleusercontent.com/p/AF1QipP-vg9vSYl7SZMLw7mDrWHkqvPebllZrwupPWuF=w800-h500-k-no,https://lh3.googleusercontent.com/p/AF1QipP-vg9vSYl7SZMLw7mDrWHkqvPebllZrwupPWuF=w1600-h1000-k-no,,"{""Monday"": ""11AM-8:30PM"", ""Tuesday"": ""11AM-8:30PM"", ""Wednesday"": ""11AM-8:30PM"", ""Thursday"": ""11AM-8:30PM"", ""Friday"": ""11AM-9PM"", ""Saturday"": ""11AM-9PM"", ""Sunday"": ""11AM-9PM""}",Monday:11AM-8:30PM|Tuesday:11AM-8:30PM|Wednesday:11AM-8:30PM|Thursday:11AM-8:30PM|Friday:11AM-9PM|Saturday:11AM-9PM|Sunday:11AM-9PM,,,OPERATIONAL,"{""Service options"": {""Takeout"": true, ""Dine-in"": true}, ""Highlights"": {""Great tea selection"": true}, ""Accessibility"": {""Wheelchair accessible entrance"": true, ""Wheelchair accessible parking lot"": true}, ""Parking"": {""Free parking lot"": true, ""Free street parking"": true}}",,,https://lh3.googleusercontent.com/-hRYZBj7ewV4/AAAAAAAAAAI/AAAAAAAAAAA/_2CH3riJLCA/s44-p-k-no-ns-nd/photo.jpg,,,True,109627698364766157198,The Alley Lynnwood,https://www.google.com/maps/contrib/109627698364766157198,,"https://www.google.com/viewer/chooseprovider?mid=/g/11wjnttnql&g2lbs=AAEPWCvndzn17XDkTllaNSDvFrTTuxSk7uH_x5OI4gWPKJcCWwgWFsZwyHzzDM3mbI5INGfrpfT_Aa8BbjoEHsYCTIpA4pfIXg%3D%3D&hl=en-US&gl=us&fo_m=MfohQo559jFvMUOzJVpjPL1YMfZ3bInYwBDuMfaXTPp5KXh-&utm_source=tactile&gei=OdcCaOT3DoOakdUP8MnE6Qo&ei=OdcCaOT3DoOakdUP8MnE6Qo&fo_s=OA,SOE&opi=79508299&ebb=1&cs=0&foub=mcpp",,,"https://www.google.com/maps/place/The+Alley+Lynnwood/@47.8268178,-122.2715016,14z/data=!4m8!1m2!2m1!1sThe+Alley+Lynnwood!3m4!1s0x549005007cc5dadd:0xd38508e0c01d9b84!8m2!3d47.8268178!4d-122.2715016","https://www.google.com/maps/place/The+Alley+Lynnwood/@47.8268178,-122.2715016,13.99z/data=!4m16!1m7!3m6!1s0x549005007cc5dadd:0xd38508e0c01d9b84!2sThe+Alley+Lynnwood!8m2!3d47.8268178!4d-122.2715016!16s%2Fg%2F11ckvg1dmb!3m7!1s0x549005007cc5dadd:0xd38508e0c01d9b84!8m2!3d47.8268178!4d-122.2715016!9m1!1b1!16s%2Fg%2F11ckvg1dmb?entry=ttu",ChIJ3drFfAAFkFQRhJsdwOAIhdM,0x549005007cc5dadd:0xd38508e0c01d9b84,15241598275294174084,/g/11wjnttnql,-3205145798415377532,,order@pizzaloko.com,INVALID,Invalid DNS,,,,,,nqcmiami@gmail.com,RECEIVING,SMTP validated,,,,,,thesipcoffeeco@gmail.com,RECEIVING,SMTP validated,,,,,,18184538758,15129856220,16012156729,https://www.facebook.com/AsianPearlKC/,https://www.instagram.com/napaonprovidence,,,,,,,,,,,,,,Order Online,,"Order online from ROOKIES, including ROOKIETIZERS, HOUSE SPECIALTY, BASKETS & WINGS. Get the best prices and service by ordering direct!",,False,False
"bubble tea store, 98155, Seattle, WA, US",ComeBuyTEA Seattle,Comebuytea Seattle,https://comebuytea-usa.com/,Bubble tea store,Bubble tea store,Bubble tea store,+1 206-644-8023,"824 E Pike St, Seattle, WA 98122",Capitol Hill,824 E Pike St,Seattle,98122,Washington,Washington,United States of America,US,47.614219899999995,-122.3211135,8928d542c53ffff,America/Los_Angeles,,False,4.1,206,"https://search.google.com/local/reviews?placeid=ChIJHSEFMgBrkFQRoJzpf-eavEE&q=bubble+tea+store,+98155,+Seattle,+WA,+US&authuser=0&hl=en&gl=US",,,19.0,14.0,19.0,25.0,129.0,352,https://lh3.googleusercontent.com/gps-cs-s/AB5caB-pQsDnS56peEx0q7A6lejmDdB6cbn646W8dPNchbuE5t6cXoIMmbIflSAmbiBhe0Gb4bvpGVs52lfdjqBA0mu0EJLY3Hu_1-iA-hOay3PwY1sDSymzQYToQba85XGMg8xmuk8d=w800-h500-k-no,https://lh3.googleusercontent.com/gps-cs-s/AB5caB-pQsDnS56peEx0q7A6lejmDdB6cbn646W8dPNchbuE5t6cXoIMmbIflSAmbiBhe0Gb4bvpGVs52lfdjqBA0mu0EJLY3Hu_1-iA-hOay3PwY1sDSymzQYToQba85XGMg8xmuk8d=w1600-h1000-k-no,,"{""Monday"": ""12-10PM"", ""Tuesday"": ""12-10PM"", ""Wednesday"": ""12-10PM"", ""Thursday"": ""12-10PM"", ""Friday"": ""12-10PM"", ""Saturday"": ""12-10PM"", ""Sunday"": ""12-10PM""}",Monday:12-10PM|Tuesday:12-10PM|Wednesday:12-10PM|Thursday:12-10PM|Friday:12-10PM|Saturday:12-10PM|Sunday:12-10PM,"[{""delivery"": {""Monday"": ""10 AM-10 PM"", ""Tuesday"": ""12-10 PM"", ""Wednesday"": ""12-10 PM"", ""Thursday"": ""12-10 PM"", ""Friday"": ""12-10 PM"", ""Saturday"": ""12-10 PM"", ""Sunday"": ""12-10 PM""}}]",,OPERATIONAL,"{""Service options"": {""Delivery"": true, ""Takeout"": true, ""Dine-in"": true}, ""Highlights"": {""Great tea selection"": true}}",$,,https://lh6.googleusercontent.com/-wJbQdbcx3EE/AAAAAAAAAAI/AAAAAAAAAAA/cetIYPbHGcA/s44-p-k-no-ns-nd/photo.jpg,,,True,101344431193530321710,ComeBuyTEA Seattle,https://www.google.com/maps/contrib/101344431193530321710,,"https://www.google.com/viewer/chooseprovider?mid=/g/11lcqc_yc_&g2lbs=AAEPWCsxpBamMuv3NHnzP7o15ZcLUbxe2UyMaxkBYNP6S7hrfPV7bjy00m20qHnJbtZPyvJEED7aK8w3u2f38CrbC7iEX4W6lA%3D%3D&hl=en-US&gl=us&fo_m=MfohQo559jFvMUOzJVpjPL1YMfZ3bInYwBDuMfaXTPp5KXh-&utm_source=tactile&gei=OdcCaOT3DoOakdUP8MnE6Qo&ei=OdcCaOT3DoOakdUP8MnE6Qo&fo_s=OA,SOE&opi=79508299&ebb=1&cs=0&foub=mcpp",,,"https://www.google.com/maps/place/ComeBuyTEA+Seattle/@47.614219899999995,-122.3211135,14z/data=!4m8!1m2!2m1!1sComeBuyTEA+Seattle!3m4!1s0x54906b003205211d:0x41bc9ae77fe99ca0!8m2!3d47.614219899999995!4d-122.3211135","https://www.google.com/maps/place/ComeBuyTEA+Seattle/@47.614219899999995,-122.3211135,13.99z/data=!4m16!1m7!3m6!1s0x54906b003205211d:0x41bc9ae77fe99ca0!2sComeBuyTEA+Seattle!8m2!3d47.614219899999995!4d-122.3211135!16s%2Fg%2F11ckvg1dmb!3m7!1s0x54906b003205211d:0x41bc9ae77fe99ca0!8m2!3d47.614219899999995!4d-122.3211135!9m1!1b1!16s%2Fg%2F11ckvg1dmb?entry=ttu",ChIJHSEFMgBrkFQRoJzpf-eavEE,0x54906b003205211d:0x41bc9ae77fe99ca0,4736831227161058464,/g/11lcqc_yc_,4736831227161058464,,,,,,,,,,,,,,,,,,,,,,,,,,12066448023,,,https://www.facebook.com/comebuyteaseattle,https://www.instagram.com/comebuytea_seattle,,,,,,,,,,,,https://github.com/clauseggers/,,COMEBUYTEA｜USA,Starfield Technologies; Go Daddy Website Builder 8.0.0000,"COMEBUYTEA was founded in 2002, with the promise of serving the freshest, healthiest, and most natural tea beverages to tea lovers all around the world.",,False,True
"bubble tea store, 98155, Seattle, WA, US",Happy Lemon U Village,Happy Lemon U Village,https://linktr.ee/happylemonwa,Bubble tea store,Bubble tea store,Bubble tea store,+1 206-522-5069,"2630 NE Village Ln, Seattle, WA 98105",Ravenna,2630 NE Village Ln,Seattle,98105,Washington,Washington,United States of America,US,47.6624647,-122.298975,8928d540cc3ffff,America/Los_Angeles,,False,4.1,189,"https://search.google.com/local/reviews?placeid=ChIJexL63CIVkFQR_GlP5N93M-o&q=bubble+tea+store,+98155,+Seattle,+WA,+US&authuser=0&hl=en&gl=US",,,20.0,11.0,13.0,35.0,110.0,321,https://lh3.googleusercontent.com/gps-cs-s/AB5caB-TTaU7jN7LWwtoIUhceC5pgh2hh0EWvOI3H48VK6N1IiQKlZzPNDQlGahtbbGyxArUpEjr-QYzQJzVInoFOeUcsgNOvH-RZsF_pe7q1e67gORqzO6ey9tjEH4L0aAC-MyAAI0S=w800-h500-k-no,https://lh3.googleusercontent.com/gps-cs-s/AB5caB-TTaU7jN7LWwtoIUhceC5pgh2hh0EWvOI3H48VK6N1IiQKlZzPNDQlGahtbbGyxArUpEjr-QYzQJzVInoFOeUcsgNOvH-RZsF_pe7q1e67gORqzO6ey9tjEH4L0aAC-MyAAI0S=w1600-h1000-k-no,,"{""Monday"": ""11AM-9:30PM"", ""Tuesday"": ""11AM-9:30PM"", ""Wednesday"": ""11AM-9:30PM"", ""Thursday"": ""11AM-9:30PM"", ""Friday"": ""11AM-9:30PM"", ""Saturday"": ""11AM-9:30PM"", ""Sunday"": ""11AM-7:30PM""}",Monday:11AM-9:30PM|Tuesday:11AM-9:30PM|Wednesday:11AM-9:30PM|Thursday:11AM-9:30PM|Friday:11AM-9:30PM|Saturday:11AM-9:30PM|Sunday:11AM-7:30PM,,,OPERATIONAL,"{""From the business"": {""Identifies as women-owned"": true}, ""Service options"": {""No-contact delivery"": true, ""Delivery"": true, ""Takeout"": true, ""Dine-in"": true}, ""Highlights"": {""Great tea selection"": true}, ""Accessibility"": {""Wheelchair accessible entrance"": true, ""Wheelchair accessible parking lot"": true, ""Wheelchair accessible seating"": true}, ""Other"": {""Identifies as women-owned"": true}}",$,,https://lh3.googleusercontent.com/-ahS7WAOeoac/AAAAAAAAAAI/AAAAAAAAAAA/b3asI3tMEpM/s44-p-k-no-ns-nd/photo.jpg,,,True,115709288120157333386,Happy Lemon U Village,https://www.google.com/maps/contrib/115709288120157333386,,"https://www.google.com/viewer/chooseprovider?mid=/g/11nnq6r4qp&g2lbs=AAEPWCtArmor4jwAWgMKsnU78RRKWBvpul0wTvQxaCpvcWdbkhFG7DKWuGmKYq5gXqxRshLfnl3kAnQjafhngbPR3WaM5CLmfg%3D%3D&hl=en-US&gl=us&fo_m=MfohQo559jFvMUOzJVpjPL1YMfZ3bInYwBDuMfaXTPp5KXh-&utm_source=tactile&gei=OdcCaOT3DoOakdUP8MnE6Qo&ei=OdcCaOT3DoOakdUP8MnE6Qo&fo_s=OA,SOE&opi=79508299&ebb=1&cs=0&foub=mcpp",,,"https://www.google.com/maps/place/Happy+Lemon+U+Village/@47.6624647,-122.298975,14z/data=!4m8!1m2!2m1!1sHappy+Lemon+U+Village!3m4!1s0x54901522dcfa127b:0xea3377dfe44f69fc!8m2!3d47.6624647!4d-122.298975","https://www.google.com/maps/place/Happy+Lemon+U+Village/@47.6624647,-122.298975,13.99z/data=!4m16!1m7!3m6!1s0x54901522dcfa127b:0xea3377dfe44f69fc!2sHappy+Lemon+U+Village!8m2!3d47.6624647!4d-122.298975!16s%2Fg%2F11ckvg1dmb!3m7!1s0x54901522dcfa127b:0xea3377dfe44f69fc!8m2!3d47.6624647!4d-122.298975!9m1!1b1!16s%2Fg%2F11ckvg1dmb?entry=ttu",ChIJexL63CIVkFQR_GlP5N93M-o,0x54901522dcfa127b:0xea3377dfe44f69fc,16875964032179202556,/g/11nnq6r4qp,-1570780041530349060,,alex@linktr.ee,RECEIVING,Catch All,Alex Zaccaria,Alex,Zaccaria,Director,401560033,support@linktr.ee,RECEIVING,SMTP validated,,,,,,press@linktr.ee,RECEIVING,SMTP validated,,,,,,+1 808-955-0050,+1 623-742-6200,+1 716-656-1530,https://www.facebook.com/theoysterhousehk,https://www.instagram.com/kaylawalshrealtor,https://www.linkedin.com/company/russolawgroup,https://tiktok.com/@thesculptinglabedmond,https://medium.com/@axeljordansoundhealing,https://www.reddit.com/u/MoExpat,,https://www.snapchat.com/add/lala412,https://t.me/andorratech,https://wa.me/6282157585905,https://twitter.com/gvwconline,https://vimeo.com/user197640241,https://www.youtube.com/channel/UCsoxXYU70My7BCzUdoFlfQA,https://github.com/ServiceNowDevProgram/,,"kaylawalsh | Instagram, Facebook | Linktree",Gatsby 5.8.1,"Realtor®, MRP Serving Northern Alabama & Tennessee Call/Text: 256-874-2732","Linktr.ee,Linktree,Linking Tool,Bio Link,link,links",False,False
"bubble tea store, 98155, Seattle, WA, US",Xing Fu Tang,Xing Fu Tang,https://www.xingfutangwa.com/,Bubble tea store,Bubble tea store,Bubble tea store,+1 425-243-1825,"1905 4th Ave, Seattle, WA 98101",Pike Pine Retail Core,1905 4th Ave,Seattle,98101,Washington,Washington,United States of America,US,47.6122544,-122.3391254,8928d542cbbffff,America/Los_Angeles,,False,4.2,422,"https://search.google.com/local/reviews?placeid=ChIJ0_hRRq8VkFQR_yAxLsJcA_Y&q=bubble+tea+store,+98155,+Seattle,+WA,+US&authuser=0&hl=en&gl=US",,,45.0,20.0,29.0,53.0,275.0,594,https://lh3.googleusercontent.com/gps-cs-s/AB5caB-PisvEP9uYK-xhduqHbsEqBenI4hV_vDfyW0KuH7FWP-DI3aFYcycGnMO11pjubLq_C2ukuE6A3IMZvJgY-x-xpRgyiw2_tcEuc6pZuvUs6p0eUTPE1rI4StxzVzhOvEbXAv3y=w800-h500-k-no,https://lh3.googleusercontent.com/gps-cs-s/AB5caB-PisvEP9uYK-xhduqHbsEqBenI4hV_vDfyW0KuH7FWP-DI3aFYcycGnMO11pjubLq_C2ukuE6A3IMZvJgY-x-xpRgyiw2_tcEuc6pZuvUs6p0eUTPE1rI4StxzVzhOvEbXAv3y=w1600-h1000-k-no,,"{""Monday"": ""11AM-10PM"", ""Tuesday"": ""11AM-10PM"", ""Wednesday"": ""11AM-10PM"", ""Thursday"": ""11AM-10PM"", ""Friday"": ""11AM-11PM"", ""Saturday"": ""11AM-11PM"", ""Sunday"": ""11AM-10PM""}",Monday:11AM-10PM|Tuesday:11AM-10PM|Wednesday:11AM-10PM|Thursday:11AM-10PM|Friday:11AM-11PM|Saturday:11AM-11PM|Sunday:11AM-10PM,,,OPERATIONAL,"{""Service options"": {""Delivery"": true, ""Onsite services"": true, ""Takeout"": true, ""Dine-in"": true}, ""Highlights"": {""Great tea selection"": true}, ""Accessibility"": {""Wheelchair accessible entrance"": true, ""Wheelchair accessible restroom"": true, ""Wheelchair accessible seating"": true, ""Assistive hearing loop"": false}, ""Amenities"": {""Gender-neutral restroom"": true}, ""Crowd"": {""LGBTQ+ friendly"": true, ""Transgender safespace"": true}, ""Parking"": {""Free street parking"": true, ""Paid parking garage"": true, ""Paid street parking"": true}, ""Other"": {""LGBTQ+ friendly"": true}}",$,,https://lh4.googleusercontent.com/-C0UwgYyk2HM/AAAAAAAAAAI/AAAAAAAAAAA/n6fAyvobDG4/s44-p-k-no-ns-nd/photo.jpg,,,True,117600386624185806866,Xing Fu Tang,https://www.google.com/maps/contrib/117600386624185806866,,"https://www.google.com/viewer/chooseprovider?mid=/g/11t77gll5g&g2lbs=AAEPWCvqihJLrBUvUpKveEIF3XElGRE9mVH0m3_UV5spbBcepUe9Rbafcb0fwq4-LXLnl83CmILRJ2qHM6yXOhpFZS55i1kyng%3D%3D&hl=en-US&gl=us&fo_m=MfohQo559jFvMUOzJVpjPL1YMfZ3bInYwBDuMfaXTPp5KXh-&utm_source=tactile&gei=OdcCaOT3DoOakdUP8MnE6Qo&ei=OdcCaOT3DoOakdUP8MnE6Qo&fo_s=OA,SOE&opi=79508299&ebb=1&cs=0&foub=mcpp",,,"https://www.google.com/maps/place/Xing+Fu+Tang/@47.6122544,-122.3391254,14z/data=!4m8!1m2!2m1!1sXing+Fu+Tang!3m4!1s0x549015af4651f8d3:0xf6035cc22e3120ff!8m2!3d47.6122544!4d-122.3391254","https://www.google.com/maps/place/Xing+Fu+Tang/@47.6122544,-122.3391254,13.99z/data=!4m16!1m7!3m6!1s0x549015af4651f8d3:0xf6035cc22e3120ff!2sXing+Fu+Tang!8m2!3d47.6122544!4d-122.3391254!16s%2Fg%2F11ckvg1dmb!3m7!1s0x549015af4651f8d3:0xf6035cc22e3120ff!8m2!3d47.6122544!4d-122.3391254!9m1!1b1!16s%2Fg%2F11ckvg1dmb?entry=ttu",ChIJ0_hRRq8VkFQR_yAxLsJcA_Y,0x549015af4651f8d3:0xf6035cc22e3120ff,17727114547328786687,/g/11t77gll5g,-719629526380764929,,,,,,,,,,,,,,,,,,,,,,,,,,,,,,,,,,,,,,,,,,,,Home | Xing Fu Tang Seattle,Wix.com Website Builder,"Xing Fu Tang, Taiwan No.1",,False,False
"bubble tea store, 98155, Seattle, WA, US",Kitanda,Kitanda,https://www.kitanda.com/,Coffee shop,coffee shops,Coffee shop,+1 206-801-7649,"20121 Aurora Ave N Suite A, Shoreline, WA 98133",Hillwood,20121 Aurora Ave N Suite A,Shoreline,98133,Washington,Washington,United States of America,US,47.775673499999996,-122.3464551,8928d54e807ffff,America/Los_Angeles,,False,4.3,139,"https://search.google.com/local/reviews?placeid=ChIJv4keX00RkFQRg-v62g1lGUQ&q=bubble+tea+store,+98155,+Seattle,+WA,+US&authuser=0&hl=en&gl=US",,,13.0,7.0,4.0,14.0,101.0,74,https://lh3.googleusercontent.com/gps-cs-s/AB5caB_KX8gWt55r9LndgsAKVTjapHt21V4osLnHsi6vWZ86X9BwS_16Z3P8mvIE7jUqoPIrCHMuvztF0z3TKMPGb3KKv6PagY4iJLXcaX1Eql8DMHU7JiAEjBFpexyXR4ZIGSH7cxuy=w800-h500-k-no,https://lh3.googleusercontent.com/gps-cs-s/AB5caB_KX8gWt55r9LndgsAKVTjapHt21V4osLnHsi6vWZ86X9BwS_16Z3P8mvIE7jUqoPIrCHMuvztF0z3TKMPGb3KKv6PagY4iJLXcaX1Eql8DMHU7JiAEjBFpexyXR4ZIGSH7cxuy=w1600-h1000-k-no,,"{""Monday"": ""6:30AM-7PM"", ""Tuesday"": ""6:30AM-7PM"", ""Wednesday"": ""6:30AM-7PM"", ""Thursday"": ""6:30AM-7PM"", ""Friday"": ""6:30AM-7PM"", ""Saturday"": ""7AM-7PM"", ""Sunday"": ""8AM-6PM""}",Monday:6:30AM-7PM|Tuesday:6:30AM-7PM|Wednesday:6:30AM-7PM|Thursday:6:30AM-7PM|Friday:6:30AM-7PM|Saturday:7AM-7PM|Sunday:8AM-6PM,,,OPERATIONAL,"{""Service options"": {""Curbside pickup"": true, ""No-contact delivery"": true, ""Delivery"": true, ""Drive-through"": true, ""Onsite services"": true, ""Takeout"": true, ""Dine-in"": true}, ""Highlights"": {""Great coffee"": true, ""Great tea selection"": true}, ""Popular for"": {""Breakfast"": true, ""Solo dining"": true}, ""Accessibility"": {""Wheelchair accessible parking lot"": true}, ""Offerings"": {""Coffee"": true, ""Comfort food"": true, ""Organic dishes"": true, ""Quick bite"": true, ""Vegetarian options"": true}, ""Dining options"": {""Breakfast"": true, ""Dessert"": true, ""Seating"": true}, ""Amenities"": {""Restroom"": true, ""Wi-Fi"": true}, ""Atmosphere"": {""Casual"": true}, ""Crowd"": {""Family-friendly"": true, ""Tourists"": true}, ""Planning"": {""Accepts reservations"": false}, ""Payments"": {""Credit cards"": true, ""Debit cards"": true, ""NFC mobile payments"": true}, ""Children"": {""Good for kids"": true}, ""Parking"": {""Free parking lot"": true, ""Parking"": true}}",$$,,https://lh3.googleusercontent.com/-2gxRv1buNrg/AAAAAAAAAAI/AAAAAAAAAAA/-CpSWP8tGTw/s44-p-k-no-ns-nd/photo.jpg,,,True,104724241225047689757,Kitanda,https://www.google.com/maps/contrib/104724241225047689757,,"https://www.google.com/viewer/chooseprovider?mid=/g/11pcslv_k3&g2lbs=AAEPWCtpg73LSajUXVYRQDjhnRLuE5e6uVT_79gIL9B9ft8KhBxCuUKiHagbLeJgFR_SaNMjtSafexXRqXi-CCGyv441rgHzqw%3D%3D&hl=en-US&gl=us&fo_m=MfohQo559jFvMUOzJVpjPL1YMfZ3bInYwBDuMfaXTPp5KXh-&utm_source=tactile&gei=OdcCaOT3DoOakdUP8MnE6Qo&ei=OdcCaOT3DoOakdUP8MnE6Qo&fo_s=OA,SOE&opi=79508299&ebb=1&cs=0&foub=mcpp",,,"https://www.google.com/maps/place/Kitanda/@47.775673499999996,-122.3464551,14z/data=!4m8!1m2!2m1!1sKitanda!3m4!1s0x5490114d5f1e89bf:0x4419650ddafaeb83!8m2!3d47.775673499999996!4d-122.3464551","https://www.google.com/maps/place/Kitanda/@47.775673499999996,-122.3464551,13.99z/data=!4m16!1m7!3m6!1s0x5490114d5f1e89bf:0x4419650ddafaeb83!2sKitanda!8m2!3d47.775673499999996!4d-122.3464551!16s%2Fg%2F11ckvg1dmb!3m7!1s0x5490114d5f1e89bf:0x4419650ddafaeb83!8m2!3d47.775673499999996!4d-122.3464551!9m1!1b1!16s%2Fg%2F11ckvg1dmb?entry=ttu",ChIJv4keX00RkFQRg-v62g1lGUQ,0x5490114d5f1e89bf:0x4419650ddafaeb83,4907064379179723651,/g/11pcslv_k3,4907064379179723651,,info@kitanda.com,RECEIVING,SMTP validated,John,John,,Manager,14258204381,merchant@kitanda.com,RECEIVING,SMTP validated,Mariam Merchant,Mariam,Merchant,,,j.boff@kitanda.com,RECEIVING,SMTP validated,Jerome Boff,Jerome,Boff,,,+1 425-820-4381,4258204381,12068299388,http://www.facebook.com/kitandaespressoacai,http://instagram.com/kitandaespressoacai,https://www.linkedin.com/company/kitanda-espresso-açaí,,,,,,,,,,,,,Kitanda,,,,True,True
"bubble tea store, 98155, Seattle, WA, US",Sharetea University of Washington (UW),Sharetea University Of Washington Uw,https://www.1992sharetea.com/,Bubble tea store,Bubble tea store,Bubble tea store,,"4730 University Wy NE Suite 109-110, Seattle, WA 98105",University District,4730 University Wy NE Suite 109-110,Seattle,98105,Washington,Washington,United States of America,US,47.6640188,-122.3129376,8928d540c17ffff,America/Los_Angeles,,False,4.3,79,"https://search.google.com/local/reviews?placeid=ChIJm3JzsFkVkFQRmLGDk6N2Dgg&q=bubble+tea+store,+98155,+Seattle,+WA,+US&authuser=0&hl=en&gl=US",,,8.0,4.0,4.0,3.0,60.0,88,https://lh3.googleusercontent.com/gps-cs-s/AB5caB-hgfHZA5hO_GyxiCubDjoT_5CKJC_329dA0DaLE74e8kavqNtMQo76s1I9RQVsR7nV7N9jEf9rdCJnnGkCjLRxiECvQpJEzCtCEAbbEu4bqqGK0I2DNw4XaeC3-FwzWWP8b0M=w800-h500-k-no,https://lh3.googleusercontent.com/gps-cs-s/AB5caB-hgfHZA5hO_GyxiCubDjoT_5CKJC_329dA0DaLE74e8kavqNtMQo76s1I9RQVsR7nV7N9jEf9rdCJnnGkCjLRxiECvQpJEzCtCEAbbEu4bqqGK0I2DNw4XaeC3-FwzWWP8b0M=w1600-h1000-k-no,,"{""Monday"": ""12-9PM"", ""Tuesday"": ""12-9PM"", ""Wednesday"": ""12-9PM"", ""Thursday"": ""12-9PM"", ""Friday"": ""12-9PM"", ""Saturday"": ""12-9PM"", ""Sunday"": ""12-9PM""}",Monday:12-9PM|Tuesday:12-9PM|Wednesday:12-9PM|Thursday:12-9PM|Friday:12-9PM|Saturday:12-9PM|Sunday:12-9PM,,,OPERATIONAL,"{""Service options"": {""Delivery"": true, ""Takeout"": true, ""Dine-in"": true}, ""Highlights"": {""Great tea selection"": true}, ""Accessibility"": {""Wheelchair accessible entrance"": true}}",$,,,,,False,None,Sharetea University of Washington,,,"https://www.google.com/viewer/chooseprovider?mid=/g/11mvzkhw82&g2lbs=AAEPWCvmdbOZy_1JaVfJPM5cApYzAx0EHDBqPVhiIU8hdHNKQdx4jod5FmxxFN8qTEwC8LAWUFHazWJp33_1AIDfMc_jA391FA%3D%3D&hl=en-US&gl=us&fo_m=MfohQo559jFvMUOzJVpjPL1YMfZ3bInYwBDuMfaXTPp5KXh-&utm_source=tactile&gei=OdcCaOT3DoOakdUP8MnE6Qo&ei=OdcCaOT3DoOakdUP8MnE6Qo&fo_s=OA,SOE&opi=79508299&ebb=1&cs=0&foub=mcpp",,,"https://www.google.com/maps/place/Sharetea+University+of+Washington+%28UW%29/@47.6640188,-122.3129376,14z/data=!4m8!1m2!2m1!1sSharetea+University+of+Washington+%28UW%29!3m4!1s0x54901559b073729b:0x80e76a39383b198!8m2!3d47.6640188!4d-122.3129376","https://www.google.com/maps/place/Sharetea+University+of+Washington+%28UW%29/@47.6640188,-122.3129376,13.99z/data=!4m16!1m7!3m6!1s0x54901559b073729b:0x80e76a39383b198!2sSharetea+University+of+Washington+%28UW%29!8m2!3d47.6640188!4d-122.3129376!16s%2Fg%2F11ckvg1dmb!3m7!1s0x54901559b073729b:0x80e76a39383b198!8m2!3d47.6640188!4d-122.3129376!9m1!1b1!16s%2Fg%2F11ckvg1dmb?entry=ttu",ChIJm3JzsFkVkFQRmLGDk6N2Dgg,0x54901559b073729b:0x80e76a39383b198,580531846904000920,/g/11mvzkhw82,580531846904000920,,roxannechen@1992sharetea.com,RECEIVING,SMTP validated,Roxanne Chen,Roxanne,Chen,Senior Oversea Specialist,,service@1992sharetea.com,RECEIVING,SMTP validated,[Not Provided],[Not,Provided],,3016550837,emilyliao@1992sharetea.com,RECEIVING,SMTP validated,Emily Liao,Emily,Liao,,,886989265999,12813938369,61399899486,https://www.facebook.com/ShareteaMemorial/?locale=en_GB,,http://www.linkedin.com/company/6427918,,,,,,,,,,,,,Sharetea Stores Locations in USA — Sharetea - Best Bubble Tea Brand,,"Brand Sharetea has many locations around the world. If you are thinking 
about a bubble tea franchise in the US, then be sure to check out our 
location and offer.",,False,False
"bubble tea store, 98155, Seattle, WA, US",Mochinut Edmonds,Mochinut Edmonds,https://www.instagram.com/mochinut_edmonds/,"Bubble tea store, Donut shop, Hot dog restaurant",Donut shop,Bubble tea store,+1 425-712-0172,"22001 Hwy 99 Foyer, Edmonds, WA 98026",None,22001 Hwy 99 Foyer,Edmonds,98026,Washington,Washington,United States of America,US,47.7994353,-122.33136879999999,8928d54eb4fffff,America/Los_Angeles,,False,4.3,153,"https://search.google.com/local/reviews?placeid=ChIJsXiJ9SwbkFQRgP14DLO28W0&q=bubble+tea+store,+98155,+Seattle,+WA,+US&authuser=0&hl=en&gl=US",,,14.0,5.0,7.0,24.0,103.0,179,https://lh3.googleusercontent.com/gps-cs-s/AB5caB9H3UgmrjRpcbq-UYkEOTLAorfhB1zHEOq42s6tx1ROABXit_9X7uRxhzdD2ee4NzwBCUmmieJDEf9GK40FYG9SYLx_0SLq-gt4o0B1c8us3j6DzpOWJ55huhhBszbtDBRvoMZ7=w800-h500-k-no,https://lh3.googleusercontent.com/gps-cs-s/AB5caB9H3UgmrjRpcbq-UYkEOTLAorfhB1zHEOq42s6tx1ROABXit_9X7uRxhzdD2ee4NzwBCUmmieJDEf9GK40FYG9SYLx_0SLq-gt4o0B1c8us3j6DzpOWJ55huhhBszbtDBRvoMZ7=w1600-h1000-k-no,,"{""Monday"": ""11:30AM-10PM"", ""Tuesday"": ""11:30AM-10PM"", ""Wednesday"": ""11:30AM-10PM"", ""Thursday"": ""11:30AM-11:30PM"", ""Friday"": ""11:30AM-11:30PM"", ""Saturday"": ""11:30AM-11:30PM"", ""Sunday"": ""11:30AM-10PM""}",Monday:11:30AM-10PM|Tuesday:11:30AM-10PM|Wednesday:11:30AM-10PM|Thursday:11:30AM-11:30PM|Friday:11:30AM-11:30PM|Saturday:11:30AM-11:30PM|Sunday:11:30AM-10PM,,,OPERATIONAL,"{""Service options"": {""Delivery"": true, ""In-store pickup"": true, ""In-store shopping"": true, ""Takeout"": true, ""Dine-in"": true}, ""Popular for"": {""Solo dining"": true}, ""Accessibility"": {""Wheelchair accessible entrance"": true, ""Wheelchair accessible parking lot"": true, ""Wheelchair accessible restroom"": true, ""Wheelchair accessible seating"": true}, ""Offerings"": {""Coffee"": true}, ""Dining options"": {""Dessert"": true}, ""Amenities"": {""Restroom"": true, ""Wi-Fi"": true}, ""Atmosphere"": {""Casual"": true}, ""Crowd"": {""Family-friendly"": true}, ""Planning"": {""Quick visit"": true}, ""Payments"": {""Credit cards"": true, ""Debit cards"": true}, ""Parking"": {""Free parking lot"": true, ""Free street parking"": true}}",,,https://lh6.googleusercontent.com/-cn_ZKGHs8Kk/AAAAAAAAAAI/AAAAAAAAAAA/xLXpGWeUmKQ/s44-p-k-no-ns-nd/photo.jpg,,,True,107469896251074514082,Mochinut Edmonds,https://www.google.com/maps/contrib/107469896251074514082,,,,,"https://www.google.com/maps/place/Mochinut+Edmonds/@47.7994353,-122.33136879999999,14z/data=!4m8!1m2!2m1!1sMochinut+Edmonds!3m4!1s0x54901b2cf58978b1:0x6df1b6b30c78fd80!8m2!3d47.7994353!4d-122.33136879999999","https://www.google.com/maps/place/Mochinut+Edmonds/@47.7994353,-122.33136879999999,13.99z/data=!4m16!1m7!3m6!1s0x54901b2cf58978b1:0x6df1b6b30c78fd80!2sMochinut+Edmonds!8m2!3d47.7994353!4d-122.33136879999999!16s%2Fg%2F11ckvg1dmb!3m7!1s0x54901b2cf58978b1:0x6df1b6b30c78fd80!8m2!3d47.7994353!4d-122.33136879999999!9m1!1b1!16s%2Fg%2F11ckvg1dmb?entry=ttu",ChIJsXiJ9SwbkFQRgP14DLO28W0,0x54901b2cf58978b1:0x6df1b6b30c78fd80,7922314099646070144,/g/11r08xyb7m,7922314099646070144,,,,,,,,,,,,,,,,,,,,,,,,,,,,,,,,,,,,,,,,,,,,,,,,,
"bubble tea store, 98155, Seattle, WA, US",TP Tea,Tp Tea,https://en.tp-tea.com/,Bubble tea store,Bubble tea store,Bubble tea store,+1 206-327-9811,"1312 NE 45th St, Seattle, WA 98105",University District,1312 NE 45th St,Seattle,98105,Washington,Washington,United States of America,US,47.661404999999995,-122.3136249,8928d540c8fffff,America/Los_Angeles,,False,4.4,120,"https://search.google.com/local/reviews?placeid=ChIJi7m807QVkFQRmFNlM5Ht7B4&q=bubble+tea+store,+98155,+Seattle,+WA,+US&authuser=0&hl=en&gl=US",,,9.0,4.0,4.0,19.0,84.0,166,https://lh3.googleusercontent.com/gps-cs-s/AB5caB-1HmxzCzg33pMG-pQUAGLs6aFjYStGcwPPoouJ-KJBgRwAuBxH1JscfiXRCKUrGbnhWLqeb8GvXKC9vG-SqJyqW-HAriuYWCWjJZntRc6Uyazajb_ZhIJUziFzrOrkH6EByd84=w800-h500-k-no,https://lh3.googleusercontent.com/gps-cs-s/AB5caB-1HmxzCzg33pMG-pQUAGLs6aFjYStGcwPPoouJ-KJBgRwAuBxH1JscfiXRCKUrGbnhWLqeb8GvXKC9vG-SqJyqW-HAriuYWCWjJZntRc6Uyazajb_ZhIJUziFzrOrkH6EByd84=w1600-h1000-k-no,,"{""Monday"": ""12:30-8:30PM"", ""Tuesday"": ""12:30-8:30PM"", ""Wednesday"": ""12:30-8:30PM"", ""Thursday"": ""12:30-8:30PM"", ""Friday"": ""12:30-8:30PM"", ""Saturday"": ""12:30-8:30PM"", ""Sunday"": ""12:30-8:30PM""}",Monday:12:30-8:30PM|Tuesday:12:30-8:30PM|Wednesday:12:30-8:30PM|Thursday:12:30-8:30PM|Friday:12:30-8:30PM|Saturday:12:30-8:30PM|Sunday:12:30-8:30PM,,,OPERATIONAL,"{""Service options"": {""Delivery"": true, ""Takeout"": true, ""Dine-in"": true}, ""Highlights"": {""Great tea selection"": true}, ""Accessibility"": {""Wheelchair accessible entrance"": true}}",$,,https://lh4.googleusercontent.com/-u9dAvRP24ik/AAAAAAAAAAI/AAAAAAAAAAA/7ClcQu0l_3E/s44-p-k-no-ns-nd/photo.jpg,,,True,101093281434168047178,TP TEA,https://www.google.com/maps/contrib/101093281434168047178,,"https://www.google.com/viewer/chooseprovider?mid=/g/11r_m73962&g2lbs=AAEPWCs3nwUtPQvnsfyxjcVioz06egQPhziNb3E8gTcp2wycXvYSAAlggCHi0UEn9IVduqR3ttfm3TbTxKo9czbptXTpkk5sbQ%3D%3D&hl=en-US&gl=us&fo_m=MfohQo559jFvMUOzJVpjPL1YMfZ3bInYwBDuMfaXTPp5KXh-&utm_source=tactile&gei=OdcCaOT3DoOakdUP8MnE6Qo&ei=OdcCaOT3DoOakdUP8MnE6Qo&fo_s=OA,SOE&opi=79508299&ebb=1&cs=0&foub=mcpp",,,"https://www.google.com/maps/place/TP+TEA/@47.661404999999995,-122.3136249,14z/data=!4m8!1m2!2m1!1sTP+TEA!3m4!1s0x549015b4d3bcb98b:0x1eeced9133655398!8m2!3d47.661404999999995!4d-122.3136249","https://www.google.com/maps/place/TP+TEA/@47.661404999999995,-122.3136249,13.99z/data=!4m16!1m7!3m6!1s0x549015b4d3bcb98b:0x1eeced9133655398!2sTP+TEA!8m2!3d47.661404999999995!4d-122.3136249!16s%2Fg%2F11ckvg1dmb!3m7!1s0x549015b4d3bcb98b:0x1eeced9133655398!8m2!3d47.661404999999995!4d-122.3136249!9m1!1b1!16s%2Fg%2F11ckvg1dmb?entry=ttu",ChIJi7m807QVkFQRmFNlM5Ht7B4,0x549015b4d3bcb98b:0x1eeced9133655398,2228417123529872280,/g/11r_m73962,2228417123529872280,,funeralandholidaygiftemployeehealthchecksrecruitmentmailhr@teapatea.com.tw,INVALID,Invalid SMTP,,,,,,hr@teapatea.com.tw,RECEIVING,SMTP validated,,,,,,,,,,,,,,+886 4 2389 6909,0800800533,886423896909,https://www.facebook.com/tptea2005/,https://www.instagram.com/tptea.taiwan,,,,,,,,,,,,,,茶湯會TP-TEA,,一杯幸福茶，一份人情味。秉持以茶會友的初衷，茶湯會以融合累積30多年來的調茶技術，以簡便不失美味的方式，將大自然賜予的幸福好茶與您分享，歡迎有空來喝茶,TP TEA,False,False
"bubble tea store, 98155, Seattle, WA, US",Café Happy,Café Happy,http://cafe-happy.com/,"Bubble tea store, Vegetarian restaurant",Bubble tea store,Bubble tea store,+1 425-822-9696,"1408 NE 40th St, Seattle, WA 98105",University of Washington,1408 NE 40th St,Seattle,98105,Washington,Washington,United States of America,US,47.6554564,-122.31298389999999,8928d540c93ffff,America/Los_Angeles,,False,4.0,132,"https://search.google.com/local/reviews?placeid=ChIJj7f4vtEVkFQR8VInuEsHDT4&q=bubble+tea+store,+98155,+Seattle,+WA,+US&authuser=0&hl=en&gl=US",,,19.0,10.0,5.0,10.0,88.0,116,https://lh3.googleusercontent.com/gps-cs-s/AB5caB_hHJTcIQdK47aTnym_spMsQCVSfzZgheuLy2qWI8ObNzklbA7Etu6sYb0jvnXxLMnudllThTHo8oTReTznoDbPKvrRwRZfDint6BaVKGRM4HtKLN4IfUhezJlD2gnhmc46VT2Qdg=w800-h500-k-no,https://lh3.googleusercontent.com/gps-cs-s/AB5caB_hHJTcIQdK47aTnym_spMsQCVSfzZgheuLy2qWI8ObNzklbA7Etu6sYb0jvnXxLMnudllThTHo8oTReTznoDbPKvrRwRZfDint6BaVKGRM4HtKLN4IfUhezJlD2gnhmc46VT2Qdg=w1600-h1000-k-no,,"{""Monday"": ""11AM-12:30AM"", ""Tuesday"": ""11AM-12:30AM"", ""Wednesday"": ""11AM-12:30AM"", ""Thursday"": ""11AM-12:30AM"", ""Friday"": ""11AM-12:30AM"", ""Saturday"": ""11AM-12AM"", ""Sunday"": ""11AM-12AM""}",Monday:11AM-12:30AM|Tuesday:11AM-12:30AM|Wednesday:11AM-12:30AM|Thursday:11AM-12:30AM|Friday:11AM-12:30AM|Saturday:11AM-12AM|Sunday:11AM-12AM,,,OPERATIONAL,"{""Service options"": {""Curbside pickup"": true, ""Delivery"": true, ""Takeout"": true, ""Dine-in"": true}, ""Highlights"": {""Great tea selection"": true}, ""Accessibility"": {""Wheelchair accessible entrance"": true}, ""Crowd"": {""LGBTQ+ friendly"": true, ""Transgender safespace"": true}, ""Other"": {""LGBTQ+ friendly"": true}}",$$,,https://lh5.googleusercontent.com/-Kv6DFROEsj0/AAAAAAAAAAI/AAAAAAAAAAA/Xmja69NMADo/s44-p-k-no-ns-nd/photo.jpg,,,True,113392155321232493704,Café Happy,https://www.google.com/maps/contrib/113392155321232493704,,"https://www.google.com/viewer/chooseprovider?mid=/g/11fmv2rzxy&g2lbs=AAEPWCu1JOyaLT_HmyUAx93cbJXAMK9RgZuXxPaCHZFU6PKWTJknbsRFmkUmIXKRbBbvhbQIra1lQJrLDu93YTLB1hpcZPx93w%3D%3D&hl=en-US&gl=us&fo_m=MfohQo559jFvMUOzJVpjPL1YMfZ3bInYwBDuMfaXTPp5KXh-&utm_source=tactile&gei=OdcCaOT3DoOakdUP8MnE6Qo&ei=OdcCaOT3DoOakdUP8MnE6Qo&fo_s=OA,SOE&opi=79508299&ebb=1&cs=0&foub=mcpp",,,"https://www.google.com/maps/place/Caf%C3%A9+Happy/@47.6554564,-122.31298389999999,14z/data=!4m8!1m2!2m1!1sCaf%C3%A9+Happy!3m4!1s0x549015d1bef8b78f:0x3e0d074bb82752f1!8m2!3d47.6554564!4d-122.31298389999999","https://www.google.com/maps/place/Caf%C3%A9+Happy/@47.6554564,-122.31298389999999,13.99z/data=!4m16!1m7!3m6!1s0x549015d1bef8b78f:0x3e0d074bb82752f1!2sCaf%C3%A9+Happy!8m2!3d47.6554564!4d-122.31298389999999!16s%2Fg%2F11ckvg1dmb!3m7!1s0x549015d1bef8b78f:0x3e0d074bb82752f1!8m2!3d47.6554564!4d-122.31298389999999!9m1!1b1!16s%2Fg%2F11ckvg1dmb?entry=ttu",ChIJj7f4vtEVkFQR8VInuEsHDT4,0x549015d1bef8b78f:0x3e0d074bb82752f1,4471238026842297073,/g/11fmv2rzxy,4471238026842297073,,cafehappykirkland@gmail.com,RECEIVING,SMTP validated,,,,,,,,,,,,,,,,,,,,,,4258229696,14258229696,14253688012,https://www.facebook.com/cafehappy.kirk/,https://www.instagram.com/cafehappy96,,,,,,,,,,,,,,Cafe Happy,,,,,
"bubble tea store, 98155, Seattle, WA, US",Timeless Tea Dessert Cafe (UW),Timeless Tea Dessert Cafe Uw,https://www.timelessteaseattle.com/,Bubble tea store,Bubble tea store,Bubble tea store,+1 360-889-6666,"1000 NE 50th St, Seattle, WA 98105",University Heights,1000 NE 50th St,Seattle,98105,Washington,Washington,United States of America,US,47.6653198,-122.31720109999999,8928d540cabffff,America/Los_Angeles,,False,4.4,519,"https://search.google.com/local/reviews?placeid=ChIJhzxzU3oVkFQRNzzsb0y3wAs&q=bubble+tea+store,+98155,+Seattle,+WA,+US&authuser=0&hl=en&gl=US",,,30.0,17.0,37.0,85.0,350.0,928,https://lh3.googleusercontent.com/gps-cs-s/AB5caB8VnJgvHY9l5KhujVcuwZOzj7zjmHQ0r3NITV7vd__IhtkiQpCGTme4jhwD1tCNA0S2MCSAmC5OxtVyk4_WTGzNwW9UY9d54CkoqIl6eu1xATrF9Ms9ReD91tQgHd1DOckGuTti=w800-h500-k-no,https://lh3.googleusercontent.com/gps-cs-s/AB5caB8VnJgvHY9l5KhujVcuwZOzj7zjmHQ0r3NITV7vd__IhtkiQpCGTme4jhwD1tCNA0S2MCSAmC5OxtVyk4_WTGzNwW9UY9d54CkoqIl6eu1xATrF9Ms9ReD91tQgHd1DOckGuTti=w1600-h1000-k-no,,"{""Monday"": ""11AM-11PM"", ""Tuesday"": ""11AM-11PM"", ""Wednesday"": ""11AM-11PM"", ""Thursday"": ""11AM-11PM"", ""Friday"": ""11AM-11PM"", ""Saturday"": ""11AM-11PM"", ""Sunday"": ""11AM-11PM""}",Monday:11AM-11PM|Tuesday:11AM-11PM|Wednesday:11AM-11PM|Thursday:11AM-11PM|Friday:11AM-11PM|Saturday:11AM-11PM|Sunday:11AM-11PM,,,OPERATIONAL,"{""Service options"": {""No-contact delivery"": true, ""Delivery"": true, ""Onsite services"": true, ""Takeout"": true, ""Dine-in"": true}, ""Highlights"": {""Great tea selection"": true}, ""Accessibility"": {""Wheelchair accessible entrance"": true, ""Wheelchair accessible parking lot"": true, ""Wheelchair accessible restroom"": true, ""Wheelchair accessible seating"": true}}",$$$$,,https://lh4.googleusercontent.com/-g9DbImjbMK8/AAAAAAAAAAI/AAAAAAAAAAA/Er8Jv_Ffw5c/s44-p-k-no-ns-nd/photo.jpg,"Easygoing outfit furnishing Asian-style bubble tea, snacks & desserts in a simple setting.",,True,110550168011795049907,Timeless Tea Dessert Cafe 茶千岁(UW),https://www.google.com/maps/contrib/110550168011795049907,https://www.timelessteaseattle.com/,"https://www.google.com/viewer/chooseprovider?mid=/g/11txlk9m6c&g2lbs=AAEPWCtT42NGZDH_UmPgq-JJnmYqhNaNDrD8ypn5lfz48VUC8w74NmPGkQ8tsq0hS4X7Jikbvqpmr6VVE8pWzCve0MYBCFbVxw%3D%3D&hl=en-US&gl=us&fo_m=MfohQo559jFvMUOzJVpjPL1YMfZ3bInYwBDuMfaXTPp5KXh-&utm_source=tactile&gei=OdcCaOT3DoOakdUP8MnE6Qo&ei=OdcCaOT3DoOakdUP8MnE6Qo&fo_s=OA,SOE&opi=79508299&ebb=1&cs=0&foub=mcpp",,https://www.timelessteaseattle.com/,"https://www.google.com/maps/place/Timeless+Tea+Dessert+Cafe+%E8%8C%B6%E5%8D%83%E5%B2%81%28UW%29/@47.6653198,-122.31720109999999,14z/data=!4m8!1m2!2m1!1sTimeless+Tea+Dessert+Cafe+%E8%8C%B6%E5%8D%83%E5%B2%81%28UW%29!3m4!1s0x5490157a53733c87:0xbc0b74c6fec3c37!8m2!3d47.6653198!4d-122.31720109999999","https://www.google.com/maps/place/Timeless+Tea+Dessert+Cafe+%E8%8C%B6%E5%8D%83%E5%B2%81%28UW%29/@47.6653198,-122.31720109999999,13.99z/data=!4m16!1m7!3m6!1s0x5490157a53733c87:0xbc0b74c6fec3c37!2sTimeless+Tea+Dessert+Cafe+%E8%8C%B6%E5%8D%83%E5%B2%81%28UW%29!8m2!3d47.6653198!4d-122.31720109999999!16s%2Fg%2F11ckvg1dmb!3m7!1s0x5490157a53733c87:0xbc0b74c6fec3c37!8m2!3d47.6653198!4d-122.31720109999999!9m1!1b1!16s%2Fg%2F11ckvg1dmb?entry=ttu",ChIJhzxzU3oVkFQRNzzsb0y3wAs,0x5490157a53733c87:0xbc0b74c6fec3c37,846878268868803639,/g/11txlk9m6c,846878268868803639,,,,,,,,,,,,,,,,,,,,,,,,,,,,,,,,,,,,,,,,,,,,Timeless Tea | Online Order | Seattle | WA,Divi v.4.14.2,"Welcome to Our Restaurant, We serve Milk Tea , Cake , Fresh Fruit Tea , Mousse , Sandwich , Smoothies and so on, Online Order, Near me",,,
"bubble tea store, 98155, Seattle, WA, US",Looking for Chai,Looking For Chai,https://steve11977.wixsite.com/looking-for-chai,"Bubble tea store, Asian restaurant, Taiwanese restaurant",restaurants,Bubble tea store,+1 425-672-0880,"22511 Hwy 99 Suite 100, Edmonds, WA 98026",None,22511 Hwy 99 Suite 100,Edmonds,98026,Washington,Washington,United States of America,US,47.795379999999994,-122.33330769999999,8928d54eb43ffff,America/Los_Angeles,,False,4.3,491,"https://search.google.com/local/reviews?placeid=ChIJ5aYiBqIakFQRP7p4ocIgkx4&q=bubble+tea+store,+98155,+Seattle,+WA,+US&authuser=0&hl=en&gl=US",,,29.0,14.0,40.0,129.0,279.0,867,https://lh3.googleusercontent.com/gps-cs-s/AB5caB-6yAraVEfMxODiZnAvjNCBaVzJtetCBO31fdTmfFEbD_9ydZ93XGKmxcbOsfBD9ZQaTL7nhIkUbr6kvMPdBTDTMMB1C33aJjATJMc8UFkb6Y2qO5X1JocBaqgfWa9lZMVyuGQ=w800-h500-k-no,https://lh3.googleusercontent.com/gps-cs-s/AB5caB-6yAraVEfMxODiZnAvjNCBaVzJtetCBO31fdTmfFEbD_9ydZ93XGKmxcbOsfBD9ZQaTL7nhIkUbr6kvMPdBTDTMMB1C33aJjATJMc8UFkb6Y2qO5X1JocBaqgfWa9lZMVyuGQ=w1600-h1000-k-no,,"{""Monday"": ""12-9PM"", ""Tuesday"": ""Closed"", ""Wednesday"": ""12-9PM"", ""Thursday"": ""12-9PM"", ""Friday"": ""12-9PM"", ""Saturday"": ""11:30AM-9PM"", ""Sunday"": ""11:30AM-9PM""}",Monday:12-9PM|Tuesday:Closed|Wednesday:12-9PM|Thursday:12-9PM|Friday:12-9PM|Saturday:11:30AM-9PM|Sunday:11:30AM-9PM,,,OPERATIONAL,"{""Service options"": {""Delivery"": true, ""Onsite services"": true, ""Takeout"": true, ""Dine-in"": true}, ""Highlights"": {""Fast service"": true, ""Great tea selection"": true}, ""Popular for"": {""Lunch"": true, ""Dinner"": true, ""Solo dining"": true}, ""Accessibility"": {""Wheelchair accessible entrance"": true, ""Wheelchair accessible parking lot"": true, ""Wheelchair accessible restroom"": true, ""Wheelchair accessible seating"": true}, ""Offerings"": {""Alcohol"": true, ""Beer"": true, ""Coffee"": true, ""Comfort food"": true, ""Late-night food"": true, ""Quick bite"": true, ""Small plates"": true}, ""Dining options"": {""Lunch"": true, ""Dinner"": true, ""Catering"": true, ""Counter service"": true, ""Dessert"": true, ""Seating"": true}, ""Amenities"": {""Restroom"": true, ""Wi-Fi"": true}, ""Atmosphere"": {""Casual"": true, ""Cozy"": true, ""Trendy"": true}, ""Crowd"": {""College students"": true, ""Family-friendly"": true, ""Groups"": true}, ""Payments"": {""Credit cards"": true, ""Debit cards"": true, ""NFC mobile payments"": true}, ""Children"": {""Good for kids"": true, ""High chairs"": true}, ""Parking"": {""Free parking lot"": true, ""Free street parking"": true, ""Parking"": true}, ""Pets"": {""Dogs allowed outside"": true}}",$$,,https://lh4.googleusercontent.com/-4Z2shAzWGaE/AAAAAAAAAAI/AAAAAAAAAAA/L4LiO9RmJbo/s44-p-k-no-ns-nd/photo.jpg,"Modern, unfussy restaurant preparing homestyle Taiwanese dishes, hot pot & bubble tea drinks.",,True,100594278670822955933,Looking for Chai,https://www.google.com/maps/contrib/100594278670822955933,,"https://www.google.com/viewer/chooseprovider?mid=/g/1ptvv683g&g2lbs=AAEPWCsf5weEj3rW_Jh0y9nksHd67AvjNRQKXslNHST7nGu8vyxg-r5Q5tkaKzcC5znJ-7b1F7JLrkGNfe12dV62xJ5ZiepGcQ%3D%3D&hl=en-US&gl=us&fo_m=MfohQo559jFvMUOzJVpjPL1YMfZ3bInYwBDuMfaXTPp5KXh-&utm_source=tactile&gei=OdcCaOT3DoOakdUP8MnE6Qo&ei=OdcCaOT3DoOakdUP8MnE6Qo&fo_s=OA,SOE&opi=79508299&ebb=1&cs=0&foub=mcpp",,,"https://www.google.com/maps/place/Looking+for+Chai/@47.795379999999994,-122.33330769999999,14z/data=!4m8!1m2!2m1!1sLooking+for+Chai!3m4!1s0x54901aa20622a6e5:0x1e9320c2a178ba3f!8m2!3d47.795379999999994!4d-122.33330769999999","https://www.google.com/maps/place/Looking+for+Chai/@47.795379999999994,-122.33330769999999,13.99z/data=!4m16!1m7!3m6!1s0x54901aa20622a6e5:0x1e9320c2a178ba3f!2sLooking+for+Chai!8m2!3d47.795379999999994!4d-122.33330769999999!16s%2Fg%2F11ckvg1dmb!3m7!1s0x54901aa20622a6e5:0x1e9320c2a178ba3f!8m2!3d47.795379999999994!4d-122.33330769999999!9m1!1b1!16s%2Fg%2F11ckvg1dmb?entry=ttu",ChIJ5aYiBqIakFQRP7p4ocIgkx4,0x54901aa20622a6e5:0x1e9320c2a178ba3f,2203140663019092543,/g/1ptvv683g,2203140663019092543,,,,,,,,,,,,,,,,,,,,,,,,,,,,,,,,,,,,,,,,,,,,,,,,,
"bubble tea store, 98155, Seattle, WA, US",DIY Tea Lab (Fremont),Diy Tea Lab Fremont,https://order.toasttab.com/online/diy-tea-lab-fremont,Bubble tea store,Bubble tea store,Bubble tea store,+1 206-457-4283,"734 N 34th St, Seattle, WA 98103",Fremont,734 N 34th St,Seattle,98103,Washington,Washington,United States of America,US,47.6495112,-122.34827089999999,8928d542bb3ffff,America/Los_Angeles,,False,4.0,166,"https://search.google.com/local/reviews?placeid=ChIJ05VoDQ0VkFQR_tCyCZ2cu98&q=bubble+tea+store,+98155,+Seattle,+WA,+US&authuser=0&hl=en&gl=US",,,21.0,12.0,9.0,21.0,103.0,99,https://lh3.googleusercontent.com/gps-cs-s/AB5caB9oN1Q_FYokJujGHZxYN6DCZf0PzQIQfrawp2MvWd1nxYcFGYMD1Bn5tf0kEwFIKBfnffniQObYw0pji8Qxg4MnV31CbCWSU9JfapxU_Ecqx2p-64Fl2FMdRf__6xpnWBfwz7mZ4A=w800-h500-k-no,https://lh3.googleusercontent.com/gps-cs-s/AB5caB9oN1Q_FYokJujGHZxYN6DCZf0PzQIQfrawp2MvWd1nxYcFGYMD1Bn5tf0kEwFIKBfnffniQObYw0pji8Qxg4MnV31CbCWSU9JfapxU_Ecqx2p-64Fl2FMdRf__6xpnWBfwz7mZ4A=w1600-h1000-k-no,,"{""Monday"": ""11AM-8PM"", ""Tuesday"": ""11AM-8PM"", ""Wednesday"": ""11AM-8PM"", ""Thursday"": ""11AM-8PM"", ""Friday"": ""11AM-8PM"", ""Saturday"": ""11AM-8PM"", ""Sunday"": ""11AM-8PM""}",Monday:11AM-8PM|Tuesday:11AM-8PM|Wednesday:11AM-8PM|Thursday:11AM-8PM|Friday:11AM-8PM|Saturday:11AM-8PM|Sunday:11AM-8PM,,,OPERATIONAL,"{""Service options"": {""No-contact delivery"": true, ""Delivery"": true, ""Takeout"": true, ""Dine-in"": true}, ""Highlights"": {""Great tea selection"": true}, ""Accessibility"": {""Wheelchair accessible entrance"": true}}",$,,https://lh6.googleusercontent.com/-535pTHqreuY/AAAAAAAAAAI/AAAAAAAAAAA/6d8tANg8d7w/s44-p-k-no-ns-nd/photo.jpg,,,True,114845492548431096976,DIY Tea Lab - Fremont,https://www.google.com/maps/contrib/114845492548431096976,,"https://www.google.com/viewer/chooseprovider?mid=/g/11lh6f71ym&g2lbs=AAEPWCtg9Pu6pX3sgq3ipNvXzV4XL24C31kZAuQZJZInvaXqJ-DJASy8ncU-jkcdSuqpTlxEGmlafoQGKRUi4iaw7h0OCbQc0A%3D%3D&hl=en-US&gl=us&fo_m=MfohQo559jFvMUOzJVpjPL1YMfZ3bInYwBDuMfaXTPp5KXh-&utm_source=tactile&gei=OdcCaOT3DoOakdUP8MnE6Qo&ei=OdcCaOT3DoOakdUP8MnE6Qo&fo_s=OA,SOE&opi=79508299&ebb=1&cs=0&foub=mcpp",,,"https://www.google.com/maps/place/DIY+Tea+Lab+-+Fremont/@47.6495112,-122.34827089999999,14z/data=!4m8!1m2!2m1!1sDIY+Tea+Lab+-+Fremont!3m4!1s0x5490150d0d6895d3:0xdfbb9c9d09b2d0fe!8m2!3d47.6495112!4d-122.34827089999999","https://www.google.com/maps/place/DIY+Tea+Lab+-+Fremont/@47.6495112,-122.34827089999999,13.99z/data=!4m16!1m7!3m6!1s0x5490150d0d6895d3:0xdfbb9c9d09b2d0fe!2sDIY+Tea+Lab+-+Fremont!8m2!3d47.6495112!4d-122.34827089999999!16s%2Fg%2F11ckvg1dmb!3m7!1s0x5490150d0d6895d3:0xdfbb9c9d09b2d0fe!8m2!3d47.6495112!4d-122.34827089999999!9m1!1b1!16s%2Fg%2F11ckvg1dmb?entry=ttu",ChIJ05VoDQ0VkFQR_tCyCZ2cu98,0x5490150d0d6895d3:0xdfbb9c9d09b2d0fe,16121651489389334782,/g/11lh6f71ym,-2325092584320216834,,order@pizzaloko.com,INVALID,Invalid DNS,,,,,,nqcmiami@gmail.com,RECEIVING,SMTP validated,,,,,,thesipcoffeeco@gmail.com,RECEIVING,SMTP validated,,,,,,18184538758,15129856220,16012156729,https://www.facebook.com/AsianPearlKC/,https://www.instagram.com/napaonprovidence,,,,,,,,,,,,,,Order Online,,"Order online from ROOKIES, including ROOKIETIZERS, HOUSE SPECIALTY, BASKETS & WINGS. Get the best prices and service by ordering direct!",,False,False
"bubble tea store, 98155, Seattle, WA, US",Macu Tea (UW),Macu Tea Uw,https://macutea.com.tw/en,Bubble tea store,Bubble tea store,Bubble tea store,+1 206-806-8875,"1100 NE 45th St, Seattle, WA 98105",University District,1100 NE 45th St,Seattle,98105,Washington,Washington,United States of America,US,47.6614602,-122.3162933,8928d540c87ffff,America/Los_Angeles,,False,4.8,251,"https://search.google.com/local/reviews?placeid=ChIJ7UyBHgAVkFQRLBcyohk6qM8&q=bubble+tea+store,+98155,+Seattle,+WA,+US&authuser=0&hl=en&gl=US",,,6.0,1.0,7.0,13.0,224.0,335,https://lh3.googleusercontent.com/gps-cs-s/AB5caB8U5rswVgRSWRr0fDgJGigJuBWNPz-WHJb0OStObhRMPOg6DhITk2uuPdN55scOU4ScaZw5rW5itJRKvPFD8z5ny7UURfo7_IoD1r-FgdYjEDwuGJVe7S16wshqLoDujQInywW1uw=w800-h500-k-no,https://lh3.googleusercontent.com/gps-cs-s/AB5caB8U5rswVgRSWRr0fDgJGigJuBWNPz-WHJb0OStObhRMPOg6DhITk2uuPdN55scOU4ScaZw5rW5itJRKvPFD8z5ny7UURfo7_IoD1r-FgdYjEDwuGJVe7S16wshqLoDujQInywW1uw=w1600-h1000-k-no,,"{""Monday"": ""12-8:30PM"", ""Tuesday"": ""12-8:30PM"", ""Wednesday"": ""12-8:30PM"", ""Thursday"": ""12-8:30PM"", ""Friday"": ""12-8:30PM"", ""Saturday"": ""12-8:30PM"", ""Sunday"": ""12-8:30PM""}",Monday:12-8:30PM|Tuesday:12-8:30PM|Wednesday:12-8:30PM|Thursday:12-8:30PM|Friday:12-8:30PM|Saturday:12-8:30PM|Sunday:12-8:30PM,,,OPERATIONAL,"{""Service options"": {""Delivery"": true, ""Takeout"": true, ""Dine-in"": true}, ""Highlights"": {""Great tea selection"": true}, ""Accessibility"": {""Wheelchair accessible entrance"": true}}",$,,https://lh3.googleusercontent.com/-4IFwtlb9f4E/AAAAAAAAAAI/AAAAAAAAAAA/cfEPbqRDmyM/s44-p-k-no-ns-nd/photo.jpg,,,True,117935497002777780433,MACU TEA - UW,https://www.google.com/maps/contrib/117935497002777780433,,"https://www.google.com/viewer/chooseprovider?mid=/g/11y2b24lbj&g2lbs=AAEPWCsmrITEaauwPHr2xxlgiDCh0lVtOvXU1lt5QEAEkoyA72OvZsnFQcZFTNzSCqEvBIAsGg1Q0MNnbooBegtLz4UUpIitUA%3D%3D&hl=en-US&gl=us&fo_m=MfohQo559jFvMUOzJVpjPL1YMfZ3bInYwBDuMfaXTPp5KXh-&utm_source=tactile&gei=OdcCaOT3DoOakdUP8MnE6Qo&ei=OdcCaOT3DoOakdUP8MnE6Qo&fo_s=OA,SOE&opi=79508299&ebb=1&cs=0&foub=mcpp",,,"https://www.google.com/maps/place/MACU+TEA+-+UW/@47.6614602,-122.3162933,14z/data=!4m8!1m2!2m1!1sMACU+TEA+-+UW!3m4!1s0x549015001e814ced:0xcfa83a19a232172c!8m2!3d47.6614602!4d-122.3162933","https://www.google.com/maps/place/MACU+TEA+-+UW/@47.6614602,-122.3162933,13.99z/data=!4m16!1m7!3m6!1s0x549015001e814ced:0xcfa83a19a232172c!2sMACU+TEA+-+UW!8m2!3d47.6614602!4d-122.3162933!16s%2Fg%2F11ckvg1dmb!3m7!1s0x549015001e814ced:0xcfa83a19a232172c!8m2!3d47.6614602!4d-122.3162933!9m1!1b1!16s%2Fg%2F11ckvg1dmb?entry=ttu",ChIJ7UyBHgAVkFQRLBcyohk6qM8,0x549015001e814ced:0xcfa83a19a232172c,14963273643708258092,/g/11y2b24lbj,-3483470430001293524,,macuservice@macutea.com.tw,RECEIVING,SMTP validated,,,,,,,,,,,,,,,,,,,,,,,,,,https://www.instagram.com/p,,,,,,,,,,,,,,麻古茶坊,,堅持每一口新鮮滋味，麻古從創店開始一路走來，經歷台灣的濃縮汁、塑化劑、毒澱粉等原物料的危機，因此，堅持新鮮健康天然等初衷，將整顆鮮果現點現切現榨，茶湯呈現天然色澤，讓你品嚐滿滿的新鮮滋味，嚴選最優質的冬茶與春茶的原葉茶，並採用台灣契作果農的天然果物，推廣台灣好的農產品，更讓你喝得安心。我們秉持初心，提供最好品質是對顧客最大的承諾，不斷推出新的飲品與融入現代時尚感，站穩茶飲市場地位,,False,True
"bubble tea store, 98155, Seattle, WA, US",Safeway,Safeway,https://local.safeway.com/safeway/wa/mountlake-terrace/4301-212th-st-sw.html,"Grocery store, Bakery, Butcher shop, Deli, E-commerce service, Florist, Grocery delivery service, Organic food store, Produce market, Supermarket",Grocery store,Grocery store,+1 425-775-4154,"4301 212th St SW, Mountlake Terrace, WA 98043",None,4301 212th St SW,Mountlake Terrace,98043,Washington,Washington,United States of America,US,47.807654199999995,-122.2904178,8928d54c167ffff,America/Los_Angeles,,False,4.1,1494,"https://search.google.com/local/reviews?placeid=ChIJB-nN8VkFkFQR9Ol5ehfySgA&q=bubble+tea+store,+98155,+Seattle,+WA,+US&authuser=0&hl=en&gl=US",,,86.0,61.0,214.0,426.0,707.0,264,https://lh3.googleusercontent.com/p/AF1QipNRrRXAq2puO3ufPvadz_mKLSPnLULpQbw452gW=w800-h500-k-no,https://lh3.googleusercontent.com/p/AF1QipNRrRXAq2puO3ufPvadz_mKLSPnLULpQbw452gW=w1600-h1000-k-no,Albertsons Floral,"{""Monday"": ""5AM-12AM"", ""Tuesday"": ""5AM-12AM"", ""Wednesday"": ""5AM-12AM"", ""Thursday"": ""5AM-12AM"", ""Friday"": ""5AM-12AM"", ""Saturday"": ""5AM-12AM"", ""Sunday"": ""5AM-12AM""}",Monday:5AM-12AM|Tuesday:5AM-12AM|Wednesday:5AM-12AM|Thursday:5AM-12AM|Friday:5AM-12AM|Saturday:5AM-12AM|Sunday:5AM-12AM,"[{""albertsons_floral"": {""Monday"": ""9 AM-4 PM"", ""Tuesday"": ""9 AM-5 PM"", ""Wednesday"": ""9 AM-4 PM"", ""Thursday"": ""9 AM-4 PM"", ""Friday"": ""9 AM-5 PM"", ""Saturday"": ""9 AM-4 PM"", ""Sunday"": ""Closed""}}, {""safeway_bakery"": {""Monday"": ""7 AM-7 PM"", ""Tuesday"": ""7 AM-7 PM"", ""Wednesday"": ""7 AM-7 PM"", ""Thursday"": ""7 AM-7 PM"", ""Friday"": ""7 AM-7 PM"", ""Saturday"": ""7 AM-7 PM"", ""Sunday"": ""7 AM-7 PM""}}, {""safeway_pharmacy"": {""Monday"": ""9 AM-1:30 PM,2-9 PM"", ""Tuesday"": ""9 AM-1:30 PM,2-9 PM"", ""Wednesday"": ""9 AM-1:30 PM,2-9 PM"", ""Thursday"": ""9 AM-1:30 PM,2-9 PM"", ""Friday"": ""9 AM-1:30 PM,2-9 PM"", ""Saturday"": ""10 AM-1:30 PM,2-6 PM"", ""Sunday"": ""10 AM-1:30 PM,2-6 PM""}}, {""delivery"": {""Monday"": ""8 AM-9 PM"", ""Tuesday"": ""8 AM-9 PM"", ""Wednesday"": ""8 AM-9 PM"", ""Thursday"": ""8 AM-9 PM"", ""Friday"": ""8 AM-9 PM"", ""Saturday"": ""8 AM-9 PM"", ""Sunday"": ""8 AM-9 PM""}}, {""pickup"": {""Monday"": ""8 AM-8 PM"", ""Tuesday"": ""8 AM-8 PM"", ""Wednesday"": ""8 AM-8 PM"", ""Thursday"": ""8 AM-8 PM"", ""Friday"": ""8 AM-8 PM"", ""Saturday"": ""8 AM-8 PM"", ""Sunday"": ""8 AM-8 PM""}}]",,OPERATIONAL,"{""Service options"": {""Curbside pickup"": true, ""No-contact delivery"": true, ""Delivery"": true, ""In-store pickup"": true, ""In-store shopping"": true, ""Onsite services"": true, ""Same-day delivery"": true}, ""Highlights"": {""Great produce"": true}, ""Accessibility"": {""Wheelchair accessible entrance"": true, ""Wheelchair accessible parking lot"": true}, ""Offerings"": {""Bakery"": true, ""Food"": true, ""Organic products"": true, ""Pharmacy"": true, ""Prepared foods"": true, ""Salad bar"": true}, ""Amenities"": {""Restroom"": true, ""Wi-Fi"": true}, ""Crowd"": {""LGBTQ+ friendly"": true}, ""Planning"": {""Quick visit"": true}, ""Recycling"": {""Plastic bags"": true}, ""Payments"": {""Checks"": true, ""Debit cards"": true, ""NFC mobile payments"": true, ""SNAP/EBT"": true, ""Credit cards"": true}, ""Parking"": {""On-site parking"": true}, ""Other"": {""LGBTQ+ friendly"": true}}",$$,,https://lh5.googleusercontent.com/-w46qdHUSDvU/AAAAAAAAAAI/AAAAAAAAAAA/vtlEFI2MKnM/s44-p-k-no-ns-nd/photo.jpg,"Longtime supermarket chain carrying brand-name & house-label groceries, plus a deli, bakery & more.",,True,104116568687909031289,Safeway,https://www.google.com/maps/contrib/104116568687909031289,,,,,"https://www.google.com/maps/place/Safeway/@47.807654199999995,-122.2904178,14z/data=!4m8!1m2!2m1!1sSafeway!3m4!1s0x54900559f1cde907:0x4af2177a79e9f4!8m2!3d47.807654199999995!4d-122.2904178","https://www.google.com/maps/place/Safeway/@47.807654199999995,-122.2904178,13.99z/data=!4m16!1m7!3m6!1s0x54900559f1cde907:0x4af2177a79e9f4!2sSafeway!8m2!3d47.807654199999995!4d-122.2904178!16s%2Fg%2F11ckvg1dmb!3m7!1s0x54900559f1cde907:0x4af2177a79e9f4!8m2!3d47.807654199999995!4d-122.2904178!9m1!1b1!16s%2Fg%2F11ckvg1dmb?entry=ttu",ChIJB-nN8VkFkFQR9Ol5ehfySgA,0x54900559f1cde907:0x4af2177a79e9f4,21095330929568244,/g/1tzvw7t2,21095330929568244,0x54900559f6bb0837:0xf19301960c9fda40,,,,,,,,,,,,,,,,,,,,,,,,,15596616440,15104501200,15107681034,//www.facebook.com/safeway,//www.instagram.com/Safeway,,,,,,,,,//www.twitter.com/Safeway,,,,,"Grocery Store Near Me - Grocery Delivery Or Pickup -  Sun City West, AZ",,"Looking for a grocery store near you that does grocery delivery or pickup who accepts SNAP and EBT payments in Sun City West, AZ? Safeway is located at 13503 Camino Del Sol where you shop in store or order groceries for delivery or pickup online or through our grocery app.",,False,False
"bubble tea store, 98155, Seattle, WA, US",HHD Heuk Hwa Dang,Hhd Heuk Hwa Dang,https://en.heukhwadang.com/,Bubble tea store,Bubble tea store,Bubble tea store,+1 206-550-9220,"1218 N 45th St, Seattle, WA 98103",Wallingford,1218 N 45th St,Seattle,98103,Washington,Washington,United States of America,US,47.661545,-122.342458,8928d542b2fffff,America/Los_Angeles,,False,3.8,94,"https://search.google.com/local/reviews?placeid=ChIJWQhK4iUVkFQRwAotCkXgXec&q=bubble+tea+store,+98155,+Seattle,+WA,+US&authuser=0&hl=en&gl=US",,,11.0,10.0,13.0,11.0,49.0,242,https://lh3.googleusercontent.com/p/AF1QipNzuwPHc63pCv-xOpbiGlFEVW3em3zc-Kzl95dX=w800-h500-k-no,https://lh3.googleusercontent.com/p/AF1QipNzuwPHc63pCv-xOpbiGlFEVW3em3zc-Kzl95dX=w1600-h1000-k-no,,"{""Monday"": ""12-6PM"", ""Tuesday"": ""12-6PM"", ""Wednesday"": ""12-6PM"", ""Thursday"": ""12-6PM"", ""Friday"": ""12-6PM"", ""Saturday"": ""12-6PM"", ""Sunday"": ""12-6PM""}",Monday:12-6PM|Tuesday:12-6PM|Wednesday:12-6PM|Thursday:12-6PM|Friday:12-6PM|Saturday:12-6PM|Sunday:12-6PM,,,OPERATIONAL,"{""Service options"": {""Delivery"": true, ""Takeout"": true, ""Dine-in"": true}, ""Highlights"": {""Great tea selection"": true}, ""Accessibility"": {""Wheelchair accessible entrance"": true}}",$$,,https://lh4.googleusercontent.com/-FxZiSZzqUR0/AAAAAAAAAAI/AAAAAAAAAAA/lHT6AOY4LX4/s44-p-k-no-ns-nd/photo.jpg,,,True,108492303117331007235,HHD Heuk Hwa Dang,https://www.google.com/maps/contrib/108492303117331007235,,"https://www.google.com/viewer/chooseprovider?mid=/g/11t_h3kzkn&g2lbs=AAEPWCtZodtV2m6uWhpGt93DV4Xy4rkJlPXqGTTJqGa5zT-4VgpBOMBXTbOf0ruKmpmEFYRDhO3_0OVQKxAMFO1k1kyuFivq4w%3D%3D&hl=en-US&gl=us&fo_m=MfohQo559jFvMUOzJVpjPL1YMfZ3bInYwBDuMfaXTPp5KXh-&utm_source=tactile&gei=OtcCaPcjlI_s1g-fv5vAAw&ei=OtcCaPcjlI_s1g-fv5vAAw&fo_s=OA,SOE&opi=79508299&ebb=1&cs=0&foub=mcpp",,,"https://www.google.com/maps/place/HHD+Heuk+Hwa+Dang/@47.661545,-122.342458,14z/data=!4m8!1m2!2m1!1sHHD+Heuk+Hwa+Dang!3m4!1s0x54901525e24a0859:0xe75de0450a2d0ac0!8m2!3d47.661545!4d-122.342458","https://www.google.com/maps/place/HHD+Heuk+Hwa+Dang/@47.661545,-122.342458,13.99z/data=!4m16!1m7!3m6!1s0x54901525e24a0859:0xe75de0450a2d0ac0!2sHHD+Heuk+Hwa+Dang!8m2!3d47.661545!4d-122.342458!16s%2Fg%2F11ckvg1dmb!3m7!1s0x54901525e24a0859:0xe75de0450a2d0ac0!8m2!3d47.661545!4d-122.342458!9m1!1b1!16s%2Fg%2F11ckvg1dmb?entry=ttu",ChIJWQhK4iUVkFQRwAotCkXgXec,0x54901525e24a0859:0xe75de0450a2d0ac0,16671727982723533504,/g/11t_h3kzkn,-1775016090986018112,,jr@wunamfnc.com,RECEIVING,SMTP validated,,,,,,,,,,,,,,,,,,,,,,,,,,,,,,,,,,,,,,,,Heukhwadang,,Premium Tea & Coffee,"프랜차이즈,까페대리점사업,까페대리점창업,까페사업,까페창업상담,대리점까페창업,대형까페창업,프랜차이즈창업,공차창업",False,False
"bubble tea store, 98155, Seattle, WA, US",Dont Yell At Me,Dont Yell At Me,https://it14321.wixsite.com/don-t-yell-at-me,Bubble tea store,Bubble tea store,Bubble tea store,+1 206-800-0898,"12655 120th Ave NE Suite 190, Kirkland, WA 98034",Totem Lake,12655 120th Ave NE Suite 190,Kirkland,98034,Washington,Washington,United States of America,US,47.713122899999995,-122.18065019999999,8928d54ad23ffff,America/Los_Angeles,,False,4.5,399,"https://search.google.com/local/reviews?placeid=ChIJIYjfn_8NkFQRF3SptRLL5yc&q=bubble+tea+store,+98155,+Seattle,+WA,+US&authuser=0&hl=en&gl=US",,,14.0,7.0,33.0,66.0,279.0,535,https://lh3.googleusercontent.com/p/AF1QipMoYL4SmNIPHmHqmGw-D5wl343vQ8FIr3Hdk4am=w800-h500-k-no,https://lh3.googleusercontent.com/p/AF1QipMoYL4SmNIPHmHqmGw-D5wl343vQ8FIr3Hdk4am=w1600-h1000-k-no,,"{""Monday"": ""12-10PM"", ""Tuesday"": ""12-10PM"", ""Wednesday"": ""12-10PM"", ""Thursday"": ""12-10PM"", ""Friday"": ""12-10PM"", ""Saturday"": ""12-10PM"", ""Sunday"": ""12-10PM""}",Monday:12-10PM|Tuesday:12-10PM|Wednesday:12-10PM|Thursday:12-10PM|Friday:12-10PM|Saturday:12-10PM|Sunday:12-10PM,,,OPERATIONAL,"{""Service options"": {""Delivery"": true, ""Onsite services"": true, ""Takeout"": true, ""Dine-in"": true}, ""Highlights"": {""Great tea selection"": true}, ""Accessibility"": {""Wheelchair accessible entrance"": true, ""Wheelchair accessible parking lot"": true, ""Wheelchair accessible restroom"": true, ""Wheelchair accessible seating"": true}}",$,,https://lh3.googleusercontent.com/-wJtz99X-L3o/AAAAAAAAAAI/AAAAAAAAAAA/tByjW3jFyow/s44-p-k-no-ns-nd/photo.jpg,,,True,107714490980471203007,Dont Yell At Me,https://www.google.com/maps/contrib/107714490980471203007,,"https://www.google.com/viewer/chooseprovider?mid=/g/11ny0hzp6j&g2lbs=AAEPWCvZCdVQ4EhR5eAtbTPuCV4h2kgS4s-hQ32zyBgKADmRJ-6RxCd5Qebzd8eVctJDYb--0cc9PNsyGUMeHTdcrAS5y_tVKg%3D%3D&hl=en-US&gl=us&fo_m=MfohQo559jFvMUOzJVpjPL1YMfZ3bInYwBDuMfaXTPp5KXh-&utm_source=tactile&gei=OtcCaPcjlI_s1g-fv5vAAw&ei=OtcCaPcjlI_s1g-fv5vAAw&fo_s=OA,SOE&opi=79508299&ebb=1&cs=0&foub=mcpp",,,"https://www.google.com/maps/place/Dont+Yell+At+Me/@47.713122899999995,-122.18065019999999,14z/data=!4m8!1m2!2m1!1sDont+Yell+At+Me!3m4!1s0x54900dff9fdf8821:0x27e7cb12b5a97417!8m2!3d47.713122899999995!4d-122.18065019999999","https://www.google.com/maps/place/Dont+Yell+At+Me/@47.713122899999995,-122.18065019999999,13.99z/data=!4m16!1m7!3m6!1s0x54900dff9fdf8821:0x27e7cb12b5a97417!2sDont+Yell+At+Me!8m2!3d47.713122899999995!4d-122.18065019999999!16s%2Fg%2F11ckvg1dmb!3m7!1s0x54900dff9fdf8821:0x27e7cb12b5a97417!8m2!3d47.713122899999995!4d-122.18065019999999!9m1!1b1!16s%2Fg%2F11ckvg1dmb?entry=ttu",ChIJIYjfn_8NkFQRF3SptRLL5yc,0x54900dff9fdf8821:0x27e7cb12b5a97417,2875490168316982295,/g/11ny0hzp6j,2875490168316982295,,,,,,,,,,,,,,,,,,,,,,,,,,,,,,,,,,,,,,,,,,,,,,,,,
"bubble tea store, 98155, Seattle, WA, US",Ding Tea & 36 Streets Vietnamese Coffee,Ding Tea And 36 Streets Vietnamese Coffee,http://36streets.com/,"Bubble tea store, Coffee shop",Bubble tea store,Bubble tea store,+1 425-628-6966,"18700 33rd Ave W B, Lynnwood, WA 98037",None,18700 33rd Ave W B,Lynnwood,98037,Washington,Washington,United States of America,US,47.8291664,-122.2782958,8928d54dda3ffff,America/Los_Angeles,,False,4.7,922,"https://search.google.com/local/reviews?placeid=ChIJkdlCT9oFkFQRGIjnhKt-suM&q=bubble+tea+store,+98155,+Seattle,+WA,+US&authuser=0&hl=en&gl=US",,,26.0,14.0,18.0,80.0,784.0,506,https://lh3.googleusercontent.com/p/AF1QipPxoocPied91l95akav__NVnSiQ_QMP9Sdbm7DM=w800-h500-k-no,https://lh3.googleusercontent.com/p/AF1QipPxoocPied91l95akav__NVnSiQ_QMP9Sdbm7DM=w1600-h1000-k-no,,"{""Monday"": ""11AM-9PM"", ""Tuesday"": ""11AM-9PM"", ""Wednesday"": ""11AM-9PM"", ""Thursday"": ""11AM-9PM"", ""Friday"": ""11AM-9PM"", ""Saturday"": ""11AM-9PM"", ""Sunday"": ""11AM-9PM""}",Monday:11AM-9PM|Tuesday:11AM-9PM|Wednesday:11AM-9PM|Thursday:11AM-9PM|Friday:11AM-9PM|Saturday:11AM-9PM|Sunday:11AM-9PM,,,OPERATIONAL,"{""From the business"": {""Identifies as women-owned"": true}, ""Service options"": {""Delivery"": true, ""Takeout"": true, ""Dine-in"": true}, ""Highlights"": {""Great tea selection"": true}, ""Accessibility"": {""Wheelchair accessible entrance"": true, ""Wheelchair accessible parking lot"": true, ""Wheelchair accessible restroom"": true, ""Wheelchair accessible seating"": true}, ""Crowd"": {""LGBTQ+ friendly"": true, ""Transgender safespace"": true}, ""Parking"": {""Free parking lot"": true, ""Free street parking"": true}, ""Other"": {""LGBTQ+ friendly"": true, ""Identifies as women-owned"": true}}",$$,,https://lh5.googleusercontent.com/-maep0GWvLjE/AAAAAAAAAAI/AAAAAAAAAAA/y-OjxcNOR5Y/s44-p-k-no-ns-nd/photo.jpg,,,True,107065719830508241137,Ding Tea & 36 Streets Vietnamese Coffee,https://www.google.com/maps/contrib/107065719830508241137,,"https://www.google.com/viewer/chooseprovider?mid=/g/11py29yqj5&g2lbs=AAEPWCsC_O-yO4xFgJZ9aLDMewqd26xIRtluua2aKutuvFoHmLQpdHXvxU5P1WL07VmprloRLv5-IZxLSmlWnHiphDlYYC0PNg%3D%3D&hl=en-US&gl=us&fo_m=MfohQo559jFvMUOzJVpjPL1YMfZ3bInYwBDuMfaXTPp5KXh-&utm_source=tactile&gei=OtcCaPcjlI_s1g-fv5vAAw&ei=OtcCaPcjlI_s1g-fv5vAAw&fo_s=OA,SOE&opi=79508299&ebb=1&cs=0&foub=mcpp",,,"https://www.google.com/maps/place/Ding+Tea+%26+36+Streets+Vietnamese+Coffee/@47.8291664,-122.2782958,14z/data=!4m8!1m2!2m1!1sDing+Tea+%26+36+Streets+Vietnamese+Coffee!3m4!1s0x549005da4f42d991:0xe3b27eab84e78818!8m2!3d47.8291664!4d-122.2782958","https://www.google.com/maps/place/Ding+Tea+%26+36+Streets+Vietnamese+Coffee/@47.8291664,-122.2782958,13.99z/data=!4m16!1m7!3m6!1s0x549005da4f42d991:0xe3b27eab84e78818!2sDing+Tea+%26+36+Streets+Vietnamese+Coffee!8m2!3d47.8291664!4d-122.2782958!16s%2Fg%2F11ckvg1dmb!3m7!1s0x549005da4f42d991:0xe3b27eab84e78818!8m2!3d47.8291664!4d-122.2782958!9m1!1b1!16s%2Fg%2F11ckvg1dmb?entry=ttu",ChIJkdlCT9oFkFQRGIjnhKt-suM,0x549005da4f42d991:0xe3b27eab84e78818,16407315667598411800,/g/11py29yqj5,-2039428406111139816,,,,,,,,,,,,,,,,,,,,,,,,,,,,,,,,,,,,,,,,,,,,,,,,,
"bubble tea store, 98155, Seattle, WA, US",Gourmet Latte,Gourmet Latte,http://www.gourmetlatte.com/,Espresso bar,coffee shops,Espresso bar,+1 206-546-0414,"659 NW Richmond Beach Rd, Shoreline, WA 98177",Richmond Highlands,659 NW Richmond Beach Rd,Shoreline,98177,Washington,Washington,United States of America,US,47.7647809,-122.36628789999999,8928d54ed0bffff,America/Los_Angeles,,False,4.7,120,"https://search.google.com/local/reviews?placeid=ChIJadpK_5YQkFQRejVjUQXOWao&q=bubble+tea+store,+98155,+Seattle,+WA,+US&authuser=0&hl=en&gl=US",,,2.0,0.0,4.0,20.0,94.0,125,https://lh3.googleusercontent.com/p/AF1QipMnbJJczaYNIoNZGZFzrkZ5R6GKdU4Rsw2Vl2bp=w800-h500-k-no,https://lh3.googleusercontent.com/p/AF1QipMnbJJczaYNIoNZGZFzrkZ5R6GKdU4Rsw2Vl2bp=w1600-h1000-k-no,,"{""Monday"": ""4:45AM-7PM"", ""Tuesday"": ""4:45AM-7PM"", ""Wednesday"": ""4:45AM-7PM"", ""Thursday"": ""4:45AM-7PM"", ""Friday"": ""4:45AM-7PM"", ""Saturday"": ""5:30AM-7PM"", ""Sunday"": ""6AM-6:30PM""}",Monday:4:45AM-7PM|Tuesday:4:45AM-7PM|Wednesday:4:45AM-7PM|Thursday:4:45AM-7PM|Friday:4:45AM-7PM|Saturday:5:30AM-7PM|Sunday:6AM-6:30PM,,,OPERATIONAL,"{""Service options"": {""Drive-through"": true, ""Takeout"": true, ""Delivery"": false}, ""Highlights"": {""Great coffee"": true, ""Great tea selection"": true}, ""Popular for"": {""Breakfast"": true}, ""Accessibility"": {""Wheelchair accessible seating"": false}, ""Offerings"": {""Coffee"": true}, ""Dining options"": {""Breakfast"": true, ""Dessert"": true}, ""Amenities"": {""Restroom"": false}, ""Atmosphere"": {""Casual"": true}, ""Crowd"": {""Family-friendly"": true}, ""Planning"": {""Accepts reservations"": false}, ""Payments"": {""Credit cards"": true, ""Debit cards"": true, ""NFC mobile payments"": true}, ""Children"": {""Good for kids"": true}}",$,,https://lh3.googleusercontent.com/-OLnwuNa3ofs/AAAAAAAAAAI/AAAAAAAAAAA/jAVPBOfNoRc/s44-p-k-no-ns-nd/photo.jpg,"Drive-thru chain offering espresso, smoothies & other drinks, plus baked goods, bagels & sandwiches.",,True,116252032945826457502,Gourmet Latte,https://www.google.com/maps/contrib/116252032945826457502,,"https://www.google.com/viewer/chooseprovider?mid=/g/11b674hhpp&g2lbs=AAEPWCvZZ2AoUxpLbVaOYcKw4tDXGm6z9Ka_6OFMqeB2Jx8Pstni1Y60cpth7-7BACgjUUDFUwJlRdWeeP-N6J8XL6aOZqQe5w%3D%3D&hl=en-US&gl=us&fo_m=MfohQo559jFvMUOzJVpjPL1YMfZ3bInYwBDuMfaXTPp5KXh-&utm_source=tactile&gei=OtcCaPcjlI_s1g-fv5vAAw&ei=OtcCaPcjlI_s1g-fv5vAAw&fo_s=OA,SOE&opi=79508299&ebb=1&cs=0&foub=mcpp",,,"https://www.google.com/maps/place/Gourmet+Latte/@47.7647809,-122.36628789999999,14z/data=!4m8!1m2!2m1!1sGourmet+Latte!3m4!1s0x54901096ff4ada69:0xaa59ce055163357a!8m2!3d47.7647809!4d-122.36628789999999","https://www.google.com/maps/place/Gourmet+Latte/@47.7647809,-122.36628789999999,13.99z/data=!4m16!1m7!3m6!1s0x54901096ff4ada69:0xaa59ce055163357a!2sGourmet+Latte!8m2!3d47.7647809!4d-122.36628789999999!16s%2Fg%2F11ckvg1dmb!3m7!1s0x54901096ff4ada69:0xaa59ce055163357a!8m2!3d47.7647809!4d-122.36628789999999!9m1!1b1!16s%2Fg%2F11ckvg1dmb?entry=ttu",ChIJadpK_5YQkFQRejVjUQXOWao,0x54901096ff4ada69:0xaa59ce055163357a,12275068781610612090,/g/11b674hhpp,-6171675292098939526,,karissa@gourmetlatte.com,RECEIVING,SMTP validated,Karissa Bresheare,Karissa,Bresheare,President,14253591518,k.schmidt@gourmetlatte.com,RECEIVING,SMTP validated,Kjelsey Schmidt,Kjelsey,Schmidt,Manager And Barista,,dean@gourmetlatte.com,RECEIVING,SMTP validated,Dean Yee,Dean,Yee,Managing Partner,,12067821535,12063522633,14257424479,https://www.facebook.com/gourmetlatte/,,https://www.linkedin.com/company/gourmet-latte,,,,,,,,https://twitter.com/Gourmet_Latte,,,,,,,,,,
"bubble tea store, 98155, Seattle, WA, US",Happy Lemon - Mochinut,Happy Lemon Mochinut,https://www.instagram.com/mochinut_edmonds/,"Bubble tea store, Bakery, Donut shop, Hot dog restaurant, Juice shop",Bubble tea store,Bubble tea store,+1 425-712-0172,"22001 Hwy 99, Edmonds, WA 98026",None,22001 Hwy 99,Edmonds,98026,Washington,Washington,United States of America,US,47.7994353,-122.33136879999999,8928d54eb4fffff,America/Los_Angeles,,False,4.2,469,"https://search.google.com/local/reviews?placeid=ChIJd8ozlkEbkFQRk_V6z7d-IuI&q=bubble+tea+store,+98155,+Seattle,+WA,+US&authuser=0&hl=en&gl=US",,,46.0,16.0,34.0,85.0,288.0,536,https://lh3.googleusercontent.com/p/AF1QipP4WGErJnc5qrlgAbzTfqHLZKYdjFQeV9-60ORD=w800-h500-k-no,https://lh3.googleusercontent.com/p/AF1QipP4WGErJnc5qrlgAbzTfqHLZKYdjFQeV9-60ORD=w1600-h1000-k-no,,"{""Monday"": ""11:30AM-10PM"", ""Tuesday"": ""11:30AM-10PM"", ""Wednesday"": ""11:30AM-10PM"", ""Thursday"": ""11:30AM-11:30PM"", ""Friday"": ""11:30AM-11:30PM"", ""Saturday"": ""11:30AM-11:30PM"", ""Sunday"": ""11:30AM-10PM""}",Monday:11:30AM-10PM|Tuesday:11:30AM-10PM|Wednesday:11:30AM-10PM|Thursday:11:30AM-11:30PM|Friday:11:30AM-11:30PM|Saturday:11:30AM-11:30PM|Sunday:11:30AM-10PM,,,OPERATIONAL,"{""From the business"": {""Identifies as Asian-owned"": true, ""Identifies as women-owned"": true}, ""Service options"": {""Delivery"": true, ""Onsite services"": true, ""Takeout"": true, ""Dine-in"": true}, ""Highlights"": {""Great tea selection"": true}, ""Accessibility"": {""Wheelchair accessible entrance"": true, ""Wheelchair accessible parking lot"": true, ""Wheelchair accessible restroom"": true, ""Wheelchair accessible seating"": true}, ""Amenities"": {""Gender-neutral restroom"": true}, ""Parking"": {""Free parking lot"": true, ""Free street parking"": true}, ""Other"": {""Identifies as women-owned"": true, ""Identifies as Asian-owned"": true}}",$,,https://lh4.googleusercontent.com/-W2ZSh9V79t0/AAAAAAAAAAI/AAAAAAAAAAA/3Lfj3Ziuj1k/s44-p-k-no-ns-nd/photo.jpg,,,True,112683741131292092675,Happy Lemon - Mochinut,https://www.google.com/maps/contrib/112683741131292092675,,"https://www.google.com/viewer/chooseprovider?mid=/g/11mjn93ty1&g2lbs=AAEPWCuqQl0LYMZz4FwCAYmTInzwLNJYnYoNO4CiOsaUgx4HHZQ9UYx3Y5008PuZzbGzyEmqyv-Lzp0aicWJbFhs7XzEaAhUWg%3D%3D&hl=en-US&gl=us&fo_m=MfohQo559jFvMUOzJVpjPL1YMfZ3bInYwBDuMfaXTPp5KXh-&utm_source=tactile&gei=OtcCaPcjlI_s1g-fv5vAAw&ei=OtcCaPcjlI_s1g-fv5vAAw&fo_s=OA,SOE&opi=79508299&ebb=1&cs=0&foub=mcpp",,,"https://www.google.com/maps/place/Happy+Lemon+-+Mochinut/@47.7994353,-122.33136879999999,14z/data=!4m8!1m2!2m1!1sHappy+Lemon+-+Mochinut!3m4!1s0x54901b419633ca77:0xe2227eb7cf7af593!8m2!3d47.7994353!4d-122.33136879999999","https://www.google.com/maps/place/Happy+Lemon+-+Mochinut/@47.7994353,-122.33136879999999,13.99z/data=!4m16!1m7!3m6!1s0x54901b419633ca77:0xe2227eb7cf7af593!2sHappy+Lemon+-+Mochinut!8m2!3d47.7994353!4d-122.33136879999999!16s%2Fg%2F11ckvg1dmb!3m7!1s0x54901b419633ca77:0xe2227eb7cf7af593!8m2!3d47.7994353!4d-122.33136879999999!9m1!1b1!16s%2Fg%2F11ckvg1dmb?entry=ttu",ChIJd8ozlkEbkFQRk_V6z7d-IuI,0x54901b419633ca77:0xe2227eb7cf7af593,16294725729704932755,/g/11mjn93ty1,-2152018344004618861,,seattle@mochinut.com,RECEIVING,SMTP validated,,,,,,,,,,,,,,,,,,,,,,14257120172,,,https://www.facebook.com/MochinutEdmonds/posts/709435271206177/,,,,,,,,,,,,,,,,,,,,
"bubble tea store, 98155, Seattle, WA, US",Tobi's Tea,Tobis Tea,https://www.tobistea.com/,"Bubble tea store, Cafe, Tea house",Bubble tea store,Bubble tea store,,"19725 40th Ave W ste E, Lynnwood, WA 98036",None,19725 40th Ave W ste E,Lynnwood,98036,Washington,Washington,United States of America,US,47.8200563,-122.28645309999999,8928d54ce0bffff,America/Los_Angeles,,False,4.7,241,"https://search.google.com/local/reviews?placeid=ChIJgY8A_jcFkFQR5VZrXfbBqSk&q=bubble+tea+store,+98155,+Seattle,+WA,+US&authuser=0&hl=en&gl=US",,,3.0,7.0,4.0,22.0,205.0,226,https://lh3.googleusercontent.com/p/AF1QipMIB5JujqcT5OVdwBnO2_WW9Gog7M5IX4yadLbk=w800-h500-k-no,https://lh3.googleusercontent.com/p/AF1QipMIB5JujqcT5OVdwBnO2_WW9Gog7M5IX4yadLbk=w1600-h1000-k-no,,"{""Monday"": ""Closed"", ""Tuesday"": ""12-8PM"", ""Wednesday"": ""12-8PM"", ""Thursday"": ""12-8PM"", ""Friday"": ""12-9:30PM"", ""Saturday"": ""12-9:30PM"", ""Sunday"": ""12-8PM""}",Monday:Closed|Tuesday:12-8PM|Wednesday:12-8PM|Thursday:12-8PM|Friday:12-9:30PM|Saturday:12-9:30PM|Sunday:12-8PM,,,OPERATIONAL,"{""Service options"": {""Delivery"": true, ""Onsite services"": true, ""Takeout"": true, ""Dine-in"": true}, ""Highlights"": {""Great tea selection"": true}, ""Accessibility"": {""Wheelchair accessible entrance"": true, ""Wheelchair accessible parking lot"": true, ""Wheelchair accessible restroom"": true}, ""Parking"": {""Free parking lot"": true, ""Free street parking"": true}}",$,,https://lh4.googleusercontent.com/-Ev8kphBg10c/AAAAAAAAAAI/AAAAAAAAAAA/r_gtx2MGT_Q/s44-p-k-no-ns-nd/photo.jpg,,,True,100965422138398930972,Tobi's Tea,https://www.google.com/maps/contrib/100965422138398930972,,"https://www.google.com/viewer/chooseprovider?mid=/g/11rz985td9&g2lbs=AAEPWCs16buGCLsVUJ6BEIcg6DpR9RcyroxD-S1n8-qBAs9Hb43HMcEDnut7HtOGPxlTT_lCKncUvV8bSP5YZDAOw5JxYwCx0g%3D%3D&hl=en-US&gl=us&fo_m=MfohQo559jFvMUOzJVpjPL1YMfZ3bInYwBDuMfaXTPp5KXh-&utm_source=tactile&gei=OtcCaPcjlI_s1g-fv5vAAw&ei=OtcCaPcjlI_s1g-fv5vAAw&fo_s=OA,SOE&opi=79508299&ebb=1&cs=0&foub=mcpp",,,"https://www.google.com/maps/place/Tobi%27s+Tea/@47.8200563,-122.28645309999999,14z/data=!4m8!1m2!2m1!1sTobi%27s+Tea!3m4!1s0x54900537fe008f81:0x29a9c1f65d6b56e5!8m2!3d47.8200563!4d-122.28645309999999","https://www.google.com/maps/place/Tobi%27s+Tea/@47.8200563,-122.28645309999999,13.99z/data=!4m16!1m7!3m6!1s0x54900537fe008f81:0x29a9c1f65d6b56e5!2sTobi%27s+Tea!8m2!3d47.8200563!4d-122.28645309999999!16s%2Fg%2F11ckvg1dmb!3m7!1s0x54900537fe008f81:0x29a9c1f65d6b56e5!8m2!3d47.8200563!4d-122.28645309999999!9m1!1b1!16s%2Fg%2F11ckvg1dmb?entry=ttu",ChIJgY8A_jcFkFQR5VZrXfbBqSk,0x54900537fe008f81:0x29a9c1f65d6b56e5,3002143890492577509,/g/11rz985td9,3002143890492577509,,hi@mystore.com,INVALID,Undeliverable,,,,,,,,,,,,,,,,,,,,,,,,,,,,,,,,,,,,,,,,Home | Tobi’s Tea,Square Online,,,False,True
"bubble tea store, 98155, Seattle, WA, US",56th Ave Market,56Th Ave Market,http://56th-ave-market.poi.place/,Grocery store,Grocery store,Grocery store,,"23602 56th Ave W, Mountlake Terrace, WA 98043",None,23602 56th Ave W,Mountlake Terrace,98043,Washington,Washington,United States of America,US,47.7844414,-122.3089072,8928d54eacfffff,America/Los_Angeles,,False,4.3,111,"https://search.google.com/local/reviews?placeid=ChIJ0XxekxEQkFQRqkU1icbwi6w&q=bubble+tea+store,+98155,+Seattle,+WA,+US&authuser=0&hl=en&gl=US",,,5.0,4.0,11.0,29.0,62.0,10,https://lh3.googleusercontent.com/p/AF1QipNbe7qw-HzJJF-mbiilRxNB4SKabO5zyvkAuFT8=w800-h500-k-no,https://lh3.googleusercontent.com/p/AF1QipNbe7qw-HzJJF-mbiilRxNB4SKabO5zyvkAuFT8=w1600-h1000-k-no,,"{""Monday"": ""6AM-11PM"", ""Tuesday"": ""6AM-11PM"", ""Wednesday"": ""6AM-11PM"", ""Thursday"": ""6AM-11PM"", ""Friday"": ""6AM-11PM"", ""Saturday"": ""7AM-11PM"", ""Sunday"": ""7AM-11PM""}",Monday:6AM-11PM|Tuesday:6AM-11PM|Wednesday:6AM-11PM|Thursday:6AM-11PM|Friday:6AM-11PM|Saturday:7AM-11PM|Sunday:7AM-11PM,,,OPERATIONAL,"{""Service options"": {""Delivery"": false, ""Same-day delivery"": false}, ""Accessibility"": {""Wheelchair accessible entrance"": true, ""Wheelchair accessible parking lot"": true}, ""Offerings"": {""Food"": true}, ""Planning"": {""Quick visit"": true}, ""Payments"": {""Credit cards"": true, ""Debit cards"": true, ""NFC mobile payments"": true, ""SNAP/EBT"": true}}",,,,,,False,None,56th Ave Market,,,,,,"https://www.google.com/maps/place/56th+Ave+Market/@47.7844414,-122.3089072,14z/data=!4m8!1m2!2m1!1s56th+Ave+Market!3m4!1s0x54901011935e7cd1:0xac8bf0c6893545aa!8m2!3d47.7844414!4d-122.3089072","https://www.google.com/maps/place/56th+Ave+Market/@47.7844414,-122.3089072,13.99z/data=!4m16!1m7!3m6!1s0x54901011935e7cd1:0xac8bf0c6893545aa!2s56th+Ave+Market!8m2!3d47.7844414!4d-122.3089072!16s%2Fg%2F11ckvg1dmb!3m7!1s0x54901011935e7cd1:0xac8bf0c6893545aa!8m2!3d47.7844414!4d-122.3089072!9m1!1b1!16s%2Fg%2F11ckvg1dmb?entry=ttu",ChIJ0XxekxEQkFQRqkU1icbwi6w,0x54901011935e7cd1:0xac8bf0c6893545aa,12433295931782546858,/g/1hc14db1s,-6013448141927004758,,,,,,,,,,,,,,,,,,,,,,,,,,,,,,,,,,,,,,,,,,,,56th Ave Market,,"56th Ave Market  in 23602 56th Ave W, Mountlake Terrace, WA 98043",,False,False
"bubble tea store, 98155, Seattle, WA, US",E Z Deli Mart,E Z Deli Mart,https://order.online/business/ez-deli-mart-338043,Convenience store,Convenience store,Convenience store,+1 425-672-8019,"21919 66th Ave W J, Mountlake Terrace, WA 98043",None,21919 66th Ave W J,Mountlake Terrace,98043,Washington,Washington,United States of America,US,47.7998646,-122.3210733,8928d54cc83ffff,America/Los_Angeles,,False,3.5,15,"https://search.google.com/local/reviews?placeid=ChIJU2Zgi6UakFQRisO2s2ZKRQg&q=bubble+tea+store,+98155,+Seattle,+WA,+US&authuser=0&hl=en&gl=US",,,4.0,1.0,2.0,0.0,8.0,6,https://lh3.googleusercontent.com/p/AF1QipM3Q-zYKpLECNA7NDV6aOs6VpODbJzuJPZqSoXZ=w800-h500-k-no,https://lh3.googleusercontent.com/p/AF1QipM3Q-zYKpLECNA7NDV6aOs6VpODbJzuJPZqSoXZ=w1600-h1000-k-no,,"{""Monday"": ""5AM-10:30PM"", ""Tuesday"": ""5AM-10:30PM"", ""Wednesday"": ""5AM-10:30PM"", ""Thursday"": ""5AM-10:30PM"", ""Friday"": ""5AM-10:30PM"", ""Saturday"": ""7AM-10:30PM"", ""Sunday"": ""7AM-10PM""}",Monday:5AM-10:30PM|Tuesday:5AM-10:30PM|Wednesday:5AM-10:30PM|Thursday:5AM-10:30PM|Friday:5AM-10:30PM|Saturday:7AM-10:30PM|Sunday:7AM-10PM,,,OPERATIONAL,"{""From the business"": {""Small business"": true}, ""Service options"": {""Delivery"": true, ""Same-day delivery"": false}, ""Accessibility"": {""Wheelchair accessible entrance"": true, ""Wheelchair accessible parking lot"": true}, ""Planning"": {""Quick visit"": true}, ""Payments"": {""Credit cards"": true, ""Debit cards"": true, ""NFC mobile payments"": true, ""SNAP/EBT"": true}}",,,https://lh6.googleusercontent.com/-o3dKxeXXWHw/AAAAAAAAAAI/AAAAAAAAAAA/P_yOlOqksd0/s44-p-k-no-ns-nd/photo.jpg,,,True,117418971157645226162,E Z Deli Mart,https://www.google.com/maps/contrib/117418971157645226162,,,,,"https://www.google.com/maps/place/E+Z+Deli+Mart/@47.7998646,-122.3210733,14z/data=!4m8!1m2!2m1!1sE+Z+Deli+Mart!3m4!1s0x54901aa58b606653:0x8454a66b3b6c38a!8m2!3d47.7998646!4d-122.3210733","https://www.google.com/maps/place/E+Z+Deli+Mart/@47.7998646,-122.3210733,13.99z/data=!4m16!1m7!3m6!1s0x54901aa58b606653:0x8454a66b3b6c38a!2sE+Z+Deli+Mart!8m2!3d47.7998646!4d-122.3210733!16s%2Fg%2F11ckvg1dmb!3m7!1s0x54901aa58b606653:0x8454a66b3b6c38a!8m2!3d47.7998646!4d-122.3210733!9m1!1b1!16s%2Fg%2F11ckvg1dmb?entry=ttu",ChIJU2Zgi6UakFQRisO2s2ZKRQg,0x54901aa58b606653:0x8454a66b3b6c38a,595964330658677642,/g/1tftqstt,595964330658677642,,yats.centralohio@gmail.com,RECEIVING,Verified,,,,,,cesar@hichicagonw.com,RECEIVING,SMTP validated,,,,,,info@foodgarrage.com,UNKNOWN,Cannot validate,,,,,,+1 614-486-9287,+1 847-488-9900,+1 770-274-3867,https://www.facebook.com/people/El-Cerro-Tacos/100063624968346/,http://instagram.com/foodgarrage,,,,,,,,,http://twitter.com/foodgarrage,,,,,Husker Deli & Grill Near Me - Pickup and Delivery,,Order takeout or delivery from Husker Deli & Grill near me,,False,False
"bubble tea store, 98155, Seattle, WA, US",The Moo Bar,The Moo Bar,http://themoomilkbar.com/,"Bubble tea store, Cafe",Bubble tea store,Bubble tea store,+1 206-467-3191,"2124 Westlake Ave N, Seattle, WA 98121",Denny Triangle,2124 Westlake Ave N,Seattle,98121,Washington,Washington,United States of America,US,47.6173819,-122.3380571,8928d542c33ffff,America/Los_Angeles,,False,4.1,944,"https://search.google.com/local/reviews?placeid=ChIJIVJTHkoVkFQRm7fzo8NxBcI&q=bubble+tea+store,+98155,+Seattle,+WA,+US&authuser=0&hl=en&gl=US",,,68.0,56.0,96.0,246.0,478.0,1194,https://lh3.googleusercontent.com/p/AF1QipOLY-fuAzx40I5tRbrykzN5tH8xHhXfuF84XaSL=w800-h500-k-no,https://lh3.googleusercontent.com/p/AF1QipOLY-fuAzx40I5tRbrykzN5tH8xHhXfuF84XaSL=w1600-h1000-k-no,,"{""Monday"": ""12-8PM"", ""Tuesday"": ""12-8PM"", ""Wednesday"": ""12-8PM"", ""Thursday"": ""12-8PM"", ""Friday"": ""12-8PM"", ""Saturday"": ""12-8PM"", ""Sunday"": ""12-8PM""}",Monday:12-8PM|Tuesday:12-8PM|Wednesday:12-8PM|Thursday:12-8PM|Friday:12-8PM|Saturday:12-8PM|Sunday:12-8PM,,,OPERATIONAL,"{""From the business"": {""Identifies as Asian-owned"": true, ""Identifies as women-owned"": true}, ""Service options"": {""Delivery"": true, ""Onsite services"": true, ""Takeout"": true, ""Dine-in"": true}, ""Highlights"": {""Great tea selection"": true}, ""Accessibility"": {""Wheelchair accessible entrance"": true, ""Wheelchair accessible parking lot"": false}, ""Other"": {""Identifies as women-owned"": true, ""Identifies as Asian-owned"": true}}",$,,https://lh3.googleusercontent.com/-rek7zn-puSY/AAAAAAAAAAI/AAAAAAAAAAA/3wOo5QC5VaE/s44-p-k-no-ns-nd/photo.jpg,"Modern Asian dessert shop crafting milk teas, ice cream & waffle concoctions, coffee & cakes.",,True,111208811018129242278,The Moo Bar,https://www.google.com/maps/contrib/111208811018129242278,,"https://www.google.com/viewer/chooseprovider?mid=/g/11f29_fl_x&g2lbs=AAEPWCt-UoP_PYRwnhJ6Qth66UJC5t7_vGxNeIP_2_ailzkwOOwD6VCvSbKjkfBxOaTrO1Y2FpVenGKmRdI3HJy-pyhRsMUzrg%3D%3D&hl=en-US&gl=us&fo_m=MfohQo559jFvMUOzJVpjPL1YMfZ3bInYwBDuMfaXTPp5KXh-&utm_source=tactile&gei=OtcCaPcjlI_s1g-fv5vAAw&ei=OtcCaPcjlI_s1g-fv5vAAw&fo_s=OA,SOE&opi=79508299&ebb=1&cs=0&foub=mcpp",,,"https://www.google.com/maps/place/The+Moo+Bar/@47.6173819,-122.3380571,14z/data=!4m8!1m2!2m1!1sThe+Moo+Bar!3m4!1s0x5490154a1e535221:0xc20571c3a3f3b79b!8m2!3d47.6173819!4d-122.3380571","https://www.google.com/maps/place/The+Moo+Bar/@47.6173819,-122.3380571,13.99z/data=!4m16!1m7!3m6!1s0x5490154a1e535221:0xc20571c3a3f3b79b!2sThe+Moo+Bar!8m2!3d47.6173819!4d-122.3380571!16s%2Fg%2F11ckvg1dmb!3m7!1s0x5490154a1e535221:0xc20571c3a3f3b79b!8m2!3d47.6173819!4d-122.3380571!9m1!1b1!16s%2Fg%2F11ckvg1dmb?entry=ttu",ChIJIVJTHkoVkFQRm7fzo8NxBcI,0x5490154a1e535221:0xc20571c3a3f3b79b,13980705703324792731,/g/11f29_fl_x,-4466038370384758885,,themoomilkbar@gmail.com,RECEIVING,SMTP validated,,,,,,,,,,,,,,,,,,,,,,4085640928,12064673191,,https://www.facebook.com/themoobar/,http://instagram.com/themoomilkbar,,,,,,,,,https://twitter.com/Themoobar,,,,,The Moo Bar,,,,,
"bubble tea store, 98155, Seattle, WA, US",Safeway,Safeway,https://local.safeway.com/safeway/wa/shoreline/17202-15th-ave-ne.html,"Grocery store, Bakery, Butcher shop, Deli, E-commerce service, Florist, Grocery delivery service, Organic food store, Produce market, Supermarket",Grocery store,Grocery store,+1 206-363-3130,"17202 15th Ave NE, Shoreline, WA 98155",North City,17202 15th Ave NE,Shoreline,98155,Washington,Washington,United States of America,US,47.7542707,-122.312978,8928d54e163ffff,America/Los_Angeles,,False,4.0,1552,"https://search.google.com/local/reviews?placeid=ChIJ2VmeYVQQkFQRSNIxOCg7Krs&q=bubble+tea+store,+98155,+Seattle,+WA,+US&authuser=0&hl=en&gl=US",,,93.0,73.0,268.0,445.0,673.0,364,https://lh3.googleusercontent.com/p/AF1QipMC6QYVb2ZtX22QoRJFDJgzaIWN10qs7C0fvc8B=w800-h500-k-no,https://lh3.googleusercontent.com/p/AF1QipMC6QYVb2ZtX22QoRJFDJgzaIWN10qs7C0fvc8B=w1600-h1000-k-no,Safeway Bakery,"{""Monday"": ""5AM-12AM"", ""Tuesday"": ""5AM-12AM"", ""Wednesday"": ""5AM-12AM"", ""Thursday"": ""5AM-12AM"", ""Friday"": ""5AM-12AM"", ""Saturday"": ""5AM-12AM"", ""Sunday"": ""5AM-12AM""}",Monday:5AM-12AM|Tuesday:5AM-12AM|Wednesday:5AM-12AM|Thursday:5AM-12AM|Friday:5AM-12AM|Saturday:5AM-12AM|Sunday:5AM-12AM,"[{""safeway_bakery"": {""Monday"": ""7 AM-7 PM"", ""Tuesday"": ""7 AM-7 PM"", ""Wednesday"": ""7 AM-7 PM"", ""Thursday"": ""7 AM-7 PM"", ""Friday"": ""7 AM-7 PM"", ""Saturday"": ""7 AM-7 PM"", ""Sunday"": ""7 AM-7 PM""}}, {""safeway_fuel_station"": {""Monday"": ""6 AM-10 PM"", ""Tuesday"": ""6 AM-10 PM"", ""Wednesday"": ""6 AM-10 PM"", ""Thursday"": ""6 AM-10 PM"", ""Friday"": ""6 AM-10 PM"", ""Saturday"": ""6 AM-10 PM"", ""Sunday"": ""6 AM-10 PM""}}, {""safeway_liquor"": {""Monday"": ""9 AM-10 PM"", ""Tuesday"": ""9 AM-10 PM"", ""Wednesday"": ""9 AM-10 PM"", ""Thursday"": ""9 AM-10 PM"", ""Friday"": ""9 AM-10 PM"", ""Saturday"": ""9 AM-10 PM"", ""Sunday"": ""10 AM-8 PM""}}, {""safeway_pharmacy"": {""Monday"": ""9 AM-1:30 PM,2-9 PM"", ""Tuesday"": ""9 AM-1:30 PM,2-9 PM"", ""Wednesday"": ""9 AM-1:30 PM,2-9 PM"", ""Thursday"": ""9 AM-1:30 PM,2-9 PM"", ""Friday"": ""9 AM-1:30 PM,2-9 PM"", ""Saturday"": ""10 AM-1:30 PM,2-6 PM"", ""Sunday"": ""10 AM-1:30 PM,2-6 PM""}}, {""delivery"": {""Monday"": ""8 AM-9 PM"", ""Tuesday"": ""8 AM-9 PM"", ""Wednesday"": ""8 AM-9 PM"", ""Thursday"": ""8 AM-9 PM"", ""Friday"": ""8 AM-9 PM"", ""Saturday"": ""8 AM-9 PM"", ""Sunday"": ""8 AM-9 PM""}}]",,OPERATIONAL,"{""Service options"": {""Curbside pickup"": true, ""No-contact delivery"": true, ""Delivery"": true, ""In-store pickup"": true, ""In-store shopping"": true, ""Onsite services"": true, ""Same-day delivery"": true}, ""Highlights"": {""Great produce"": true}, ""Accessibility"": {""Wheelchair accessible entrance"": true, ""Wheelchair accessible parking lot"": true}, ""Offerings"": {""Bakery"": true, ""Food"": true, ""Organic products"": true, ""Pharmacy"": true, ""Prepared foods"": true}, ""Crowd"": {""LGBTQ+ friendly"": true}, ""Planning"": {""Quick visit"": true}, ""Recycling"": {""Plastic bags"": true}, ""Payments"": {""Checks"": true, ""Debit cards"": true, ""NFC mobile payments"": true, ""SNAP/EBT"": true, ""Credit cards"": true}, ""Parking"": {""Free parking lot"": true, ""On-site parking"": true}, ""Other"": {""LGBTQ+ friendly"": true}}",$$,,https://lh6.googleusercontent.com/-vRT91XB7BP0/AAAAAAAAAAI/AAAAAAAAAAA/emqtqcXc6uc/s44-p-k-no-ns-nd/photo.jpg,"Longtime supermarket chain carrying brand-name & house-label groceries, plus a deli, bakery & more.",,True,100754512142775589158,Safeway,https://www.google.com/maps/contrib/100754512142775589158,,,,,"https://www.google.com/maps/place/Safeway/@47.7542707,-122.312978,14z/data=!4m8!1m2!2m1!1sSafeway!3m4!1s0x54901054619e59d9:0xbb2a3b283831d248!8m2!3d47.7542707!4d-122.312978","https://www.google.com/maps/place/Safeway/@47.7542707,-122.312978,13.99z/data=!4m16!1m7!3m6!1s0x54901054619e59d9:0xbb2a3b283831d248!2sSafeway!8m2!3d47.7542707!4d-122.312978!16s%2Fg%2F11ckvg1dmb!3m7!1s0x54901054619e59d9:0xbb2a3b283831d248!8m2!3d47.7542707!4d-122.312978!9m1!1b1!16s%2Fg%2F11ckvg1dmb?entry=ttu",ChIJ2VmeYVQQkFQRSNIxOCg7Krs,0x54901054619e59d9:0xbb2a3b283831d248,13486657078041891400,/g/1tglypbk,-4960086995667660216,0x54901054f5155555:0x67d04dcec0c6ceaa,,,,,,,,,,,,,,,,,,,,,,,,,15596616440,15104501200,15107681034,//www.facebook.com/safeway,//www.instagram.com/Safeway,,,,,,,,,//www.twitter.com/Safeway,,,,,"Grocery Store Near Me - Grocery Delivery Or Pickup -  Sun City West, AZ",,"Looking for a grocery store near you that does grocery delivery or pickup who accepts SNAP and EBT payments in Sun City West, AZ? Safeway is located at 13503 Camino Del Sol where you shop in store or order groceries for delivery or pickup online or through our grocery app.",,False,False
"bubble tea store, 98155, Seattle, WA, US",Dont Yell At Me,Dont Yell At Me,https://en.dontyellatme.com/%E9%96%80%E5%B8%82%E5%88%97%E8%A1%A8-%E7%BE%8E%E5%9C%8B,Bubble tea store,Bubble tea store,Bubble tea store,+1 206-588-0719,"4511 University Wy NE, Seattle, WA 98105",University District,4511 University Wy NE,Seattle,98105,Washington,Washington,United States of America,US,47.6617051,-122.31331999999999,8928d540c8fffff,America/Los_Angeles,,False,4.5,518,"https://search.google.com/local/reviews?placeid=ChIJ1dDladYVkFQR6Wuy2BwDKRk&q=bubble+tea+store,+98155,+Seattle,+WA,+US&authuser=0&hl=en&gl=US",,,22.0,15.0,32.0,82.0,367.0,698,https://lh3.googleusercontent.com/p/AF1QipPbnTMnwWQkVKke3Wuz1BYuCf8YnRazn6-YjdlD=w800-h500-k-no,https://lh3.googleusercontent.com/p/AF1QipPbnTMnwWQkVKke3Wuz1BYuCf8YnRazn6-YjdlD=w1600-h1000-k-no,,"{""Monday"": ""12-10PM"", ""Tuesday"": ""12-10PM"", ""Wednesday"": ""12-10PM"", ""Thursday"": ""4-10PM"", ""Friday"": ""12-10PM"", ""Saturday"": ""12-10PM"", ""Sunday"": ""12-10PM""}",Monday:12-10PM|Tuesday:12-10PM|Wednesday:12-10PM|Thursday:4-10PM|Friday:12-10PM|Saturday:12-10PM|Sunday:12-10PM,,,OPERATIONAL,"{""Service options"": {""Delivery"": true, ""Onsite services"": true, ""Takeout"": true, ""Dine-in"": true}, ""Highlights"": {""Great tea selection"": true}, ""Accessibility"": {""Wheelchair accessible entrance"": true, ""Wheelchair accessible restroom"": true}}",$,,https://lh6.googleusercontent.com/-1fvK5foLypI/AAAAAAAAAAI/AAAAAAAAAAA/4M_BKSr-2kc/s44-p-k-no-ns-nd/photo.jpg,"Minimalist fixture dispensing a variety of bubble teas, plus toppings like cheese foam & taro balls.",,True,112951998780299468911,Dont Yell At Me,https://www.google.com/maps/contrib/112951998780299468911,,,,,"https://www.google.com/maps/place/Dont+Yell+At+Me/@47.6617051,-122.31331999999999,14z/data=!4m8!1m2!2m1!1sDont+Yell+At+Me!3m4!1s0x549015d669e5d0d5:0x1929031cd8b26be9!8m2!3d47.6617051!4d-122.31331999999999","https://www.google.com/maps/place/Dont+Yell+At+Me/@47.6617051,-122.31331999999999,13.99z/data=!4m16!1m7!3m6!1s0x549015d669e5d0d5:0x1929031cd8b26be9!2sDont+Yell+At+Me!8m2!3d47.6617051!4d-122.31331999999999!16s%2Fg%2F11ckvg1dmb!3m7!1s0x549015d669e5d0d5:0x1929031cd8b26be9!8m2!3d47.6617051!4d-122.31331999999999!9m1!1b1!16s%2Fg%2F11ckvg1dmb?entry=ttu",ChIJ1dDladYVkFQR6Wuy2BwDKRk,0x549015d669e5d0d5:0x1929031cd8b26be9,1812983747422874601,/g/11k0p03p5t,1812983747422874601,,dontyellatme169@gmail.com,RECEIVING,Verified,,,,,,,,,,,,,,,,,,,,,,,,,,,,,,,,,,,,,,,,Home | DONT YELL AT ME,Wix.com Website Builder,,,,
"bubble tea store, 98155, Seattle, WA, US",Sharetea Lynnwood,Sharetea Lynnwood,http://www.sharetealynnwood.com/,Bubble tea store,Bubble tea store,Bubble tea store,+1 425-697-5111,"18505 Alderwood Mall Pkwy UNIT G, Lynnwood, WA 98037",None,18505 Alderwood Mall Pkwy UNIT G,Lynnwood,98037,Washington,Washington,United States of America,US,47.8307449,-122.26801619999999,8928d54dd17ffff,America/Los_Angeles,,False,4.5,484,"https://search.google.com/local/reviews?placeid=ChIJZeQF1ZwFkFQRpo9i-ZTXCPU&q=bubble+tea+store,+98155,+Seattle,+WA,+US&authuser=0&hl=en&gl=US",,,26.0,11.0,17.0,76.0,354.0,225,https://lh3.googleusercontent.com/p/AF1QipOXJ8FCtSYTWtgdWMj5rnK2WZfB1GDQAs2XxZkI=w800-h500-k-no,https://lh3.googleusercontent.com/p/AF1QipOXJ8FCtSYTWtgdWMj5rnK2WZfB1GDQAs2XxZkI=w1600-h1000-k-no,,"{""Monday"": ""11AM-9PM"", ""Tuesday"": ""11AM-9PM"", ""Wednesday"": ""11AM-9PM"", ""Thursday"": ""11AM-9PM"", ""Friday"": ""11AM-10PM"", ""Saturday"": ""11AM-10PM"", ""Sunday"": ""11AM-9PM""}",Monday:11AM-9PM|Tuesday:11AM-9PM|Wednesday:11AM-9PM|Thursday:11AM-9PM|Friday:11AM-10PM|Saturday:11AM-10PM|Sunday:11AM-9PM,,,OPERATIONAL,"{""Service options"": {""Delivery"": true, ""Onsite services"": true, ""Takeout"": true, ""Dine-in"": true}, ""Highlights"": {""Great tea selection"": true}, ""Accessibility"": {""Wheelchair accessible entrance"": true, ""Wheelchair accessible parking lot"": true, ""Wheelchair accessible restroom"": true}}",$,,,,,False,None,Sharetea Lynnwood,,,"https://www.google.com/viewer/chooseprovider?mid=/g/11fcmjt6mj&g2lbs=AAEPWCtN0QHvCsFu5jzwxUcMyAzKnbnYLVHjQFGm8x1fxtie5rAOb1RHgWFijEsPIVAPMcOlSw6feohwYDZVc4kLUvIPXgQr2A%3D%3D&hl=en-US&gl=us&fo_m=MfohQo559jFvMUOzJVpjPL1YMfZ3bInYwBDuMfaXTPp5KXh-&utm_source=tactile&gei=OtcCaPcjlI_s1g-fv5vAAw&ei=OtcCaPcjlI_s1g-fv5vAAw&fo_s=OA,SOE&opi=79508299&ebb=1&cs=0&foub=mcpp",,,"https://www.google.com/maps/place/Sharetea+Lynnwood/@47.8307449,-122.26801619999999,14z/data=!4m8!1m2!2m1!1sSharetea+Lynnwood!3m4!1s0x5490059cd505e465:0xf508d794f9628fa6!8m2!3d47.8307449!4d-122.26801619999999","https://www.google.com/maps/place/Sharetea+Lynnwood/@47.8307449,-122.26801619999999,13.99z/data=!4m16!1m7!3m6!1s0x5490059cd505e465:0xf508d794f9628fa6!2sSharetea+Lynnwood!8m2!3d47.8307449!4d-122.26801619999999!16s%2Fg%2F11ckvg1dmb!3m7!1s0x5490059cd505e465:0xf508d794f9628fa6!8m2!3d47.8307449!4d-122.26801619999999!9m1!1b1!16s%2Fg%2F11ckvg1dmb?entry=ttu",ChIJZeQF1ZwFkFQRpo9i-ZTXCPU,0x5490059cd505e465:0xf508d794f9628fa6,17656599373945147302,/g/11fcmjt6mj,-790144699764404314,,john@sharetealynnwood.com,UNKNOWN,Cannot validate,,,,,,,,,,,,,,,,,,,,,,4256975111,,,,,,,,,,,,,,,,,,Home - SHARETEA LYNNWOOD,,"Online ordering menu for SHARETEA LYNNWOOD. Sharetea serves milk teas, fruit teas, fresh milk, and more in Lynnwood, Washington! We're located west of I-5 near Nordstrom Alderwood Mall. Order online for carryout or delivery!",,False,True
"bubble tea store, 98155, Seattle, WA, US",CoCo Fresh Tea & Juice,Coco Fresh Tea And Juice,https://www.instagram.com/cocobubbleteaseattle?igsh=MTFiemJobjV0MDYx,Bubble tea store,Bubble tea store,Bubble tea store,,"4700 Brooklyn Ave NE, Seattle, WA 98105",University District,4700 Brooklyn Ave NE,Seattle,98105,Washington,Washington,United States of America,US,47.6632161,-122.3137991,8928d540cbbffff,America/Los_Angeles,,False,4.4,7,"https://search.google.com/local/reviews?placeid=ChIJJYfzOAAVkFQRmkSR4yhzbz0&q=bubble+tea+store,+98155,+Seattle,+WA,+US&authuser=0&hl=en&gl=US",,,1.0,0.0,0.0,0.0,6.0,103,https://lh3.googleusercontent.com/p/AF1QipOqbi7d8F7486EHtiNjL0sgvRays9qvNvxZSm0x=w800-h500-k-no,https://lh3.googleusercontent.com/p/AF1QipOqbi7d8F7486EHtiNjL0sgvRays9qvNvxZSm0x=w1600-h1000-k-no,,"{""Monday"": ""12-8PM"", ""Tuesday"": ""12-8PM"", ""Wednesday"": ""12-8PM"", ""Thursday"": ""12-8PM"", ""Friday"": ""12-8PM"", ""Saturday"": ""12-8PM"", ""Sunday"": ""12-8PM""}",Monday:12-8PM|Tuesday:12-8PM|Wednesday:12-8PM|Thursday:12-8PM|Friday:12-8PM|Saturday:12-8PM|Sunday:12-8PM,,,OPERATIONAL,"{""Service options"": {""Takeout"": true, ""Dine-in"": true}, ""Highlights"": {""Great tea selection"": true}, ""Accessibility"": {""Wheelchair accessible entrance"": true}}",$,,,,,False,None,CoCo Fresh Tea & Juice,,,"https://www.google.com/viewer/chooseprovider?mid=/g/11y8hmd9l7&g2lbs=AAEPWCspxRMXC3DRfuSsRAxSeMP58O0panl-vYOKWz9H3kz8oNiWTZbmC5lnfxfSjkmqPCH3Sa-mPRhT2QoB3ipIHl2VRBPF6w%3D%3D&hl=en-US&gl=us&fo_m=MfohQo559jFvMUOzJVpjPL1YMfZ3bInYwBDuMfaXTPp5KXh-&utm_source=tactile&gei=OtcCaPcjlI_s1g-fv5vAAw&ei=OtcCaPcjlI_s1g-fv5vAAw&fo_s=OA,SOE&opi=79508299&ebb=1&cs=0&foub=mcpp",,,"https://www.google.com/maps/place/CoCo+Fresh+Tea+%26+Juice/@47.6632161,-122.3137991,14z/data=!4m8!1m2!2m1!1sCoCo+Fresh+Tea+%26+Juice!3m4!1s0x5490150038f38725:0x3d6f7328e391449a!8m2!3d47.6632161!4d-122.3137991","https://www.google.com/maps/place/CoCo+Fresh+Tea+%26+Juice/@47.6632161,-122.3137991,13.99z/data=!4m16!1m7!3m6!1s0x5490150038f38725:0x3d6f7328e391449a!2sCoCo+Fresh+Tea+%26+Juice!8m2!3d47.6632161!4d-122.3137991!16s%2Fg%2F11ckvg1dmb!3m7!1s0x5490150038f38725:0x3d6f7328e391449a!8m2!3d47.6632161!4d-122.3137991!9m1!1b1!16s%2Fg%2F11ckvg1dmb?entry=ttu",ChIJJYfzOAAVkFQRmkSR4yhzbz0,0x5490150038f38725:0x3d6f7328e391449a,4426883578182321306,/g/11y8hmd9l7,4426883578182321306,,,,,,,,,,,,,,,,,,,,,,,,,,,,,,,,,,,,,,,,,,,,,,,,,
"bubble tea store, 98155, Seattle, WA, US",Pochi Bubble Tea Cafe (Kirkland),Pochi Bubble Tea Cafe Kirkland,http://www.pochibubbletea.com/,Bubble tea store,Bubble tea store,Bubble tea store,,"11803 98th Ave NE Suite r8.02, Kirkland, WA 98034",South Juanita,11803 98th Ave NE Suite r8.02,Kirkland,98034,Washington,Washington,United States of America,US,47.7063932,-122.21094079999999,8928d541a97ffff,America/Los_Angeles,,False,4.6,218,"https://search.google.com/local/reviews?placeid=ChIJMaBpvfUTkFQRJf9LxkfjKsM&q=bubble+tea+store,+98155,+Seattle,+WA,+US&authuser=0&hl=en&gl=US",,,9.0,3.0,8.0,33.0,165.0,254,https://lh3.googleusercontent.com/p/AF1QipPU5Oe9lOzqkFIeX3Hf68phKDJUxi7akmkh92XZ=w800-h500-k-no,https://lh3.googleusercontent.com/p/AF1QipPU5Oe9lOzqkFIeX3Hf68phKDJUxi7akmkh92XZ=w1600-h1000-k-no,,"{""Monday"": ""11AM-10PM"", ""Tuesday"": ""11AM-10PM"", ""Wednesday"": ""11AM-10PM"", ""Thursday"": ""11AM-10PM"", ""Friday"": ""11AM-12AM"", ""Saturday"": ""11AM-12AM"", ""Sunday"": ""11AM-10PM""}",Monday:11AM-10PM|Tuesday:11AM-10PM|Wednesday:11AM-10PM|Thursday:11AM-10PM|Friday:11AM-12AM|Saturday:11AM-12AM|Sunday:11AM-10PM,,,OPERATIONAL,"{""Service options"": {""Delivery"": true, ""Onsite services"": true, ""Takeout"": true, ""Dine-in"": true}, ""Highlights"": {""Great tea selection"": true}, ""Accessibility"": {""Wheelchair accessible entrance"": true, ""Wheelchair accessible parking lot"": true, ""Wheelchair accessible restroom"": true, ""Wheelchair accessible seating"": true}}",,,https://lh5.googleusercontent.com/-c9q8SEjYH80/AAAAAAAAAAI/AAAAAAAAAAA/BHFVGMeYyeI/s44-p-k-no-ns-nd/photo.jpg,,,True,106722860035228287370,Pochi Bubble Tea Cafe,https://www.google.com/maps/contrib/106722860035228287370,,"https://www.google.com/viewer/chooseprovider?mid=/g/11pkbsnyt5&g2lbs=AAEPWCueCh8_wIIuRSa1KG0SWKjGWT9Ag_7GxndnpSKLbQrFn-sUhw-0i1tCmx5xkXcH7iyyH_8VtOVgejnMNpCfygs6QwqSvA%3D%3D&hl=en-US&gl=us&fo_m=MfohQo559jFvMUOzJVpjPL1YMfZ3bInYwBDuMfaXTPp5KXh-&utm_source=tactile&gei=PNcCaNbbJ4Xb1e8PrZKY4Qo&ei=PNcCaNbbJ4Xb1e8PrZKY4Qo&fo_s=OA,SOE&opi=79508299&ebb=1&cs=0&foub=mcpp",,,"https://www.google.com/maps/place/Pochi+Bubble+Tea+Cafe+%28Kirkland%29/@47.7063932,-122.21094079999999,14z/data=!4m8!1m2!2m1!1sPochi+Bubble+Tea+Cafe+%28Kirkland%29!3m4!1s0x549013f5bd69a031:0xc32ae347c64bff25!8m2!3d47.7063932!4d-122.21094079999999","https://www.google.com/maps/place/Pochi+Bubble+Tea+Cafe+%28Kirkland%29/@47.7063932,-122.21094079999999,13.99z/data=!4m16!1m7!3m6!1s0x549013f5bd69a031:0xc32ae347c64bff25!2sPochi+Bubble+Tea+Cafe+%28Kirkland%29!8m2!3d47.7063932!4d-122.21094079999999!16s%2Fg%2F11ckvg1dmb!3m7!1s0x549013f5bd69a031:0xc32ae347c64bff25!8m2!3d47.7063932!4d-122.21094079999999!9m1!1b1!16s%2Fg%2F11ckvg1dmb?entry=ttu",ChIJMaBpvfUTkFQRJf9LxkfjKsM,0x549013f5bd69a031:0xc32ae347c64bff25,14063302683826847525,/g/11pkbsnyt5,-4383441389882704091,,info@pochilife.com,RECEIVING,SMTP validated,,,,,,,,,,,,,,,,,,,,,,14259673435,,,http://www.facebook.com/pochicafe,http://instagram.com/pochibubbletea,,,,,,,,,,,,,,Pochi Bubble Tea Cafe,,"Best Bubble Tea, Smoothies, Shakes and Food in Lynnwood, WA. We are more 
than just bubble tea. We believe in providing a place to have the best 
experiences with your friends and family!",,,
"bubble tea store, 98155, Seattle, WA, US",Social Tea Capitol Hill,Social Tea Capitol Hill,http://www.socialteaco.com/,Bubble tea store,Bubble tea store,Bubble tea store,+1 425-466-7515,"1212 Pine St, Seattle, WA 98101",Capitol Hill,1212 Pine St,Seattle,98101,Washington,Washington,United States of America,US,47.6152442,-122.32833769999999,8928d542c0bffff,America/Los_Angeles,,False,4.5,44,"https://search.google.com/local/reviews?placeid=ChIJP21WkrEVkFQRk9r1zH3YKLk&q=bubble+tea+store,+98155,+Seattle,+WA,+US&authuser=0&hl=en&gl=US",,,2.0,1.0,2.0,6.0,33.0,38,https://lh3.googleusercontent.com/p/AF1QipO038606BTIMDAIrilGWqp3b3FD8CpE_xQGNMiq=w800-h500-k-no,https://lh3.googleusercontent.com/p/AF1QipO038606BTIMDAIrilGWqp3b3FD8CpE_xQGNMiq=w1600-h1000-k-no,,"{""Monday"": ""12-7PM"", ""Tuesday"": ""12-7PM"", ""Wednesday"": ""12-7PM"", ""Thursday"": ""12-7PM"", ""Friday"": ""12-7PM"", ""Saturday"": ""12-8PM"", ""Sunday"": ""12-7PM""}",Monday:12-7PM|Tuesday:12-7PM|Wednesday:12-7PM|Thursday:12-7PM|Friday:12-7PM|Saturday:12-8PM|Sunday:12-7PM,,,OPERATIONAL,"{""Service options"": {""Delivery"": true, ""Takeout"": true, ""Dine-in"": true}, ""Highlights"": {""Great tea selection"": true}, ""Accessibility"": {""Wheelchair accessible entrance"": true}}",,,https://lh6.googleusercontent.com/-kOqsvZRvKjU/AAAAAAAAAAI/AAAAAAAAAAA/hucc-RD8Y70/s44-p-k-no-ns-nd/photo.jpg,,,True,104833887154479240567,Social Tea Capitol Hill,https://www.google.com/maps/contrib/104833887154479240567,,"https://www.google.com/viewer/chooseprovider?mid=/g/11vy31b8bx&g2lbs=AAEPWCt0C6UbBWQI8hh9mHhxJlCPoCWgyvoFrhDgfk3Gs0G1g93xy5AU8z5TAybUa6L7_q6ZHv3To8mclyUCg3c90vBtaXkupQ%3D%3D&hl=en-US&gl=us&fo_m=MfohQo559jFvMUOzJVpjPL1YMfZ3bInYwBDuMfaXTPp5KXh-&utm_source=tactile&gei=PNcCaNbbJ4Xb1e8PrZKY4Qo&ei=PNcCaNbbJ4Xb1e8PrZKY4Qo&fo_s=OA,SOE&opi=79508299&ebb=1&cs=0&foub=mcpp",,,"https://www.google.com/maps/place/Social+Tea+Capitol+Hill/@47.6152442,-122.32833769999999,14z/data=!4m8!1m2!2m1!1sSocial+Tea+Capitol+Hill!3m4!1s0x549015b192566d3f:0xb928d87dccf5da93!8m2!3d47.6152442!4d-122.32833769999999","https://www.google.com/maps/place/Social+Tea+Capitol+Hill/@47.6152442,-122.32833769999999,13.99z/data=!4m16!1m7!3m6!1s0x549015b192566d3f:0xb928d87dccf5da93!2sSocial+Tea+Capitol+Hill!8m2!3d47.6152442!4d-122.32833769999999!16s%2Fg%2F11ckvg1dmb!3m7!1s0x549015b192566d3f:0xb928d87dccf5da93!8m2!3d47.6152442!4d-122.32833769999999!9m1!1b1!16s%2Fg%2F11ckvg1dmb?entry=ttu",ChIJP21WkrEVkFQRk9r1zH3YKLk,0x549015b192566d3f:0xb928d87dccf5da93,13342151930906270355,/g/11vy31b8bx,-5104592142803281261,,admin@socialteaco.com,RECEIVING,Role,,,,,,,,,,,,,,,,,,,,,,,,,,//instagram.com/socialteaco,,,,,,,,,,,,,,Social Tea Company - Home,,Social impact driven bubble tea and dessert shop in the heart of Seattle!,"tea, bubble tea, milk tea, dessert shop, desserts, cookies, macarons, mochi donuts, seattle bubble tea, seattle milk tea, seattle desserts",False,False
"bubble tea store, 98155, Seattle, WA, US",Enat Souk/ Market,Enat Souk/ Market,https://enatmarket.net/,Grocery store,Grocery store,Grocery store,+1 206-367-8387,"14616 15th Ave NE, Shoreline, WA 98155",Briarcrest,14616 15th Ave NE,Shoreline,98155,Washington,Washington,United States of America,US,47.7354657,-122.31225239999999,8928d54e567ffff,America/Los_Angeles,,False,3.9,82,"https://search.google.com/local/reviews?placeid=ChIJES8syl0RkFQRG6RlQuLO3hY&q=bubble+tea+store,+98155,+Seattle,+WA,+US&authuser=0&hl=en&gl=US",,,11.0,6.0,6.0,14.0,45.0,23,https://lh3.googleusercontent.com/p/AF1QipNiXS5gYE8UONXQf62gmd9nX8GfI-X2VLoA-UvW=w800-h500-k-no,https://lh3.googleusercontent.com/p/AF1QipNiXS5gYE8UONXQf62gmd9nX8GfI-X2VLoA-UvW=w1600-h1000-k-no,,"{""Monday"": ""10AM-9PM"", ""Tuesday"": ""10AM-9PM"", ""Wednesday"": ""10AM-9PM"", ""Thursday"": ""10AM-9PM"", ""Friday"": ""10AM-9PM"", ""Saturday"": ""10AM-9PM"", ""Sunday"": ""10AM-9PM""}",Monday:10AM-9PM|Tuesday:10AM-9PM|Wednesday:10AM-9PM|Thursday:10AM-9PM|Friday:10AM-9PM|Saturday:10AM-9PM|Sunday:10AM-9PM,,,OPERATIONAL,"{""From the business"": {""Small business"": true}, ""Service options"": {""In-store pickup"": true, ""Delivery"": false, ""Same-day delivery"": false}, ""Accessibility"": {""Wheelchair accessible entrance"": true, ""Wheelchair accessible parking lot"": true}, ""Offerings"": {""Food"": true}, ""Planning"": {""Quick visit"": true}, ""Payments"": {""Credit cards"": true, ""Debit cards"": true, ""NFC mobile payments"": true, ""SNAP/EBT"": true}}",,,https://lh5.googleusercontent.com/-Kf10yFEuOC8/AAAAAAAAAAI/AAAAAAAAAAA/HBb9vpEHChQ/s44-p-k-no-ns-nd/photo.jpg,,,True,114411804353351569154,Enat Souk/ Market,https://www.google.com/maps/contrib/114411804353351569154,,,,,"https://www.google.com/maps/place/Enat+Souk%2F+Market/@47.7354657,-122.31225239999999,14z/data=!4m8!1m2!2m1!1sEnat+Souk%2F+Market!3m4!1s0x5490115dca2c2f11:0x16decee24265a41b!8m2!3d47.7354657!4d-122.31225239999999","https://www.google.com/maps/place/Enat+Souk%2F+Market/@47.7354657,-122.31225239999999,13.99z/data=!4m16!1m7!3m6!1s0x5490115dca2c2f11:0x16decee24265a41b!2sEnat+Souk%2F+Market!8m2!3d47.7354657!4d-122.31225239999999!16s%2Fg%2F11ckvg1dmb!3m7!1s0x5490115dca2c2f11:0x16decee24265a41b!8m2!3d47.7354657!4d-122.31225239999999!9m1!1b1!16s%2Fg%2F11ckvg1dmb?entry=ttu",ChIJES8syl0RkFQRG6RlQuLO3hY,0x5490115dca2c2f11:0x16decee24265a41b,1647981984836068379,/g/11b6_f7_yq,1647981984836068379,,esouk@enatmarket.net,UNKNOWN,Cannot validate,,,,,,,,,,,,,,,,,,,,,,,,,,,,,,,,,,,,,,,,"Ethiopian Grocery Store | Shoreline, WA",,"Enat Market is an Ethiopian grocery store located in Shoreline, WA. We carry a variety of authentic goods, so call (206) 367-8387 today for more info.","Ethiopian Grocery Store,Ethiopian grocery,Ethiopian in Shoreline",,
"bubble tea store, 98155, Seattle, WA, US",Bobae Coffee & Tea,Bobae Coffee And Tea,http://www.bobaeusa.com/,"Bubble tea store, Bakery, Cafe, Coffee shop, Dessert shop, Donut shop, Ice cream shop, Tea house",Bubble tea store,Bubble tea store,+1 425-818-3228,"168 Lake St S, Kirkland, WA 98033",Moss Bay,168 Lake St S,Kirkland,98033,Washington,Washington,United States of America,US,47.674327999999996,-122.2058606,8928d5411bbffff,America/Los_Angeles,,False,4.7,322,"https://search.google.com/local/reviews?placeid=ChIJo1_GBT0TkFQR-bh2bHIcP6U&q=bubble+tea+store,+98155,+Seattle,+WA,+US&authuser=0&hl=en&gl=US",,,11.0,7.0,4.0,25.0,275.0,428,https://lh3.googleusercontent.com/p/AF1QipMGptslWSYnFomGBflNFTgAERC6xvNCkD2Xoo6s=w800-h500-k-no,https://lh3.googleusercontent.com/p/AF1QipMGptslWSYnFomGBflNFTgAERC6xvNCkD2Xoo6s=w1600-h1000-k-no,,"{""Monday"": ""12-6PM"", ""Tuesday"": ""12-6PM"", ""Wednesday"": ""12-6PM"", ""Thursday"": ""12-6PM"", ""Friday"": ""12-9PM"", ""Saturday"": ""12-9PM"", ""Sunday"": ""12-6PM""}",Monday:12-6PM|Tuesday:12-6PM|Wednesday:12-6PM|Thursday:12-6PM|Friday:12-9PM|Saturday:12-9PM|Sunday:12-6PM,,,OPERATIONAL,"{""From the business"": {""Identifies as Asian-owned"": true, ""Identifies as women-owned"": true}, ""Service options"": {""No-contact delivery"": true, ""Delivery"": true, ""Onsite services"": true, ""Takeout"": true, ""Dine-in"": true}, ""Highlights"": {""Great tea selection"": true}, ""Accessibility"": {""Wheelchair accessible entrance"": true, ""Wheelchair accessible parking lot"": true}, ""Crowd"": {""LGBTQ+ friendly"": true, ""Transgender safespace"": true}, ""Parking"": {""Free parking lot"": true, ""Free street parking"": true}, ""Other"": {""LGBTQ+ friendly"": true, ""Identifies as women-owned"": true, ""Identifies as Asian-owned"": true}}",$$,,https://lh6.googleusercontent.com/-MnC7xowsFWY/AAAAAAAAAAI/AAAAAAAAAAA/hnHurPfHYt0/s44-p-k-no-ns-nd/photo.jpg,,,True,108679416072053351669,Bobae Coffee & Tea,https://www.google.com/maps/contrib/108679416072053351669,,"https://www.google.com/viewer/chooseprovider?mid=/g/11pcwqvtj_&g2lbs=AAEPWCuDxIfcNwxv3Y-xzfkco3kipyzC3Q1NSIUrKXGxK3MHgqXjFxk4T7TF8AcI_BZsatszcmt9ZVMDCc_QP4zvEhpDuNjYdQ%3D%3D&hl=en-US&gl=us&fo_m=MfohQo559jFvMUOzJVpjPL1YMfZ3bInYwBDuMfaXTPp5KXh-&utm_source=tactile&gei=PNcCaNbbJ4Xb1e8PrZKY4Qo&ei=PNcCaNbbJ4Xb1e8PrZKY4Qo&fo_s=OA,SOE&opi=79508299&ebb=1&cs=0&foub=mcpp",,,"https://www.google.com/maps/place/Bobae+Coffee+%26+Tea/@47.674327999999996,-122.2058606,14z/data=!4m8!1m2!2m1!1sBobae+Coffee+%26+Tea!3m4!1s0x5490133d05c65fa3:0xa53f1c726c76b8f9!8m2!3d47.674327999999996!4d-122.2058606","https://www.google.com/maps/place/Bobae+Coffee+%26+Tea/@47.674327999999996,-122.2058606,13.99z/data=!4m16!1m7!3m6!1s0x5490133d05c65fa3:0xa53f1c726c76b8f9!2sBobae+Coffee+%26+Tea!8m2!3d47.674327999999996!4d-122.2058606!16s%2Fg%2F11ckvg1dmb!3m7!1s0x5490133d05c65fa3:0xa53f1c726c76b8f9!8m2!3d47.674327999999996!4d-122.2058606!9m1!1b1!16s%2Fg%2F11ckvg1dmb?entry=ttu",ChIJo1_GBT0TkFQR-bh2bHIcP6U,0x5490133d05c65fa3:0xa53f1c726c76b8f9,11907267217562450169,/g/11pcwqvtj_,-6539476856147101447,,experience@bobaeusa.com,RECEIVING,SMTP validated,,,,,,bobaeusa@gmail.com,RECEIVING,SMTP validated,,,,,,,,,,,,,,,,,,,,,,,,,,,,,,,,"Bobae Coffee & Tea | Seattle, Washington | Nitro Coffee & Bubble Tea",Wix.com Website Builder,"Home of The Original Boba Donuts in Seattle. 1st to Nitro Bubble Tea. Best Boba in Seattle. King 5 Evening News ""Bobae is revolutionary in the beverage industry!"" Bobae is a local owned shop that is known for top-notch ingredients, many made in-house! From Bubble Tea, lemonade, ice-cream, to coffee.","Boba, Boba Donuts, Seattle Bubble Tea, Seattle Eats, What to do in seattle, instagramable place in seattle, matcha, tea house, coffee, seattle coffee, best seattle coffee shop, boba ice cream, boba coffee,",False,False
"bubble tea store, 98155, Seattle, WA, US",Young Tea,Young Tea,http://youngteaglobal.com/,Bubble tea store,Bubble tea store,Bubble tea store,+1 206-899-6766,"2110 N 45th St, Seattle, WA 98103",Wallingford,2110 N 45th St,Seattle,98103,Washington,Washington,United States of America,US,47.6615006,-122.3330941,8928d542b63ffff,America/Los_Angeles,,False,4.5,766,"https://search.google.com/local/reviews?placeid=ChIJSQthll0VkFQRD7HI5qkNSwA&q=bubble+tea+store,+98155,+Seattle,+WA,+US&authuser=0&hl=en&gl=US",,,35.0,18.0,44.0,115.0,554.0,446,https://lh3.googleusercontent.com/p/AF1QipOasNlXhw_z_jkUx9oyN-xMqH_3tv6aFC4NMpEw=w800-h500-k-no,https://lh3.googleusercontent.com/p/AF1QipOasNlXhw_z_jkUx9oyN-xMqH_3tv6aFC4NMpEw=w1600-h1000-k-no,,"{""Monday"": ""12-6PM"", ""Tuesday"": ""Closed"", ""Wednesday"": ""12-6PM"", ""Thursday"": ""Closed"", ""Friday"": ""12-6PM"", ""Saturday"": ""12-6PM"", ""Sunday"": ""12-6PM""}",Monday:12-6PM|Tuesday:Closed|Wednesday:12-6PM|Thursday:Closed|Friday:12-6PM|Saturday:12-6PM|Sunday:12-6PM,,,OPERATIONAL,"{""From the business"": {""Identifies as Asian-owned"": true, ""Identifies as women-owned"": true}, ""Service options"": {""Delivery"": true, ""Onsite services"": true, ""Takeout"": true, ""Dine-in"": true}, ""Highlights"": {""Great tea selection"": true}, ""Accessibility"": {""Wheelchair accessible entrance"": true, ""Wheelchair accessible restroom"": true}, ""Other"": {""Identifies as women-owned"": true, ""Identifies as Asian-owned"": true}}",$,,https://lh3.googleusercontent.com/-_tyqi9JEqwY/AAAAAAAAAAI/AAAAAAAAAAA/EsJQJZQoZ_c/s44-p-k-no-ns-nd/photo.jpg,"Modern, stylish counter serve specializing in a variety of bubble teas, including matcha milk.",,True,107361950077536370822,Young Tea,https://www.google.com/maps/contrib/107361950077536370822,,"https://www.google.com/viewer/chooseprovider?mid=/g/11pkj0fjk7&g2lbs=AAEPWCshY71t4F8eIAc0MC7Ub1aiqed98KrJYR8AAbazz2SHvYIX6DYECCxc5aLoNX2oZxgT4yPmzHxpAFx6ajo1grUlMiQUdQ%3D%3D&hl=en-US&gl=us&fo_m=MfohQo559jFvMUOzJVpjPL1YMfZ3bInYwBDuMfaXTPp5KXh-&utm_source=tactile&gei=PNcCaNbbJ4Xb1e8PrZKY4Qo&ei=PNcCaNbbJ4Xb1e8PrZKY4Qo&fo_s=OA,SOE&opi=79508299&ebb=1&cs=0&foub=mcpp",,,"https://www.google.com/maps/place/Young+Tea/@47.6615006,-122.3330941,14z/data=!4m8!1m2!2m1!1sYoung+Tea!3m4!1s0x5490155d96610b49:0x4b0da9e6c8b10f!8m2!3d47.6615006!4d-122.3330941","https://www.google.com/maps/place/Young+Tea/@47.6615006,-122.3330941,13.99z/data=!4m16!1m7!3m6!1s0x5490155d96610b49:0x4b0da9e6c8b10f!2sYoung+Tea!8m2!3d47.6615006!4d-122.3330941!16s%2Fg%2F11ckvg1dmb!3m7!1s0x5490155d96610b49:0x4b0da9e6c8b10f!8m2!3d47.6615006!4d-122.3330941!9m1!1b1!16s%2Fg%2F11ckvg1dmb?entry=ttu",ChIJSQthll0VkFQRD7HI5qkNSwA,0x5490155d96610b49:0x4b0da9e6c8b10f,21125646625845519,/g/11pkj0fjk7,21125646625845519,,youngtea609@gmail.com,RECEIVING,SMTP validated,,,,,,,,,,,,,,,,,,,,,,,,,,,,,,,,,,,,,,,,Bubble Tea | Seattle | Young Tea,Wix.com Website Builder,At Young Tea we use only the best ingredients and embrace tea for its own unique character instead of hiding the taste behind sweeteners and artificial flavors.,"Tea, Milk Tea, Cafe, Young Tea, Bubble Tea",,
"bubble tea store, 98155, Seattle, WA, US",BigFoot Java,Bigfoot Java,https://bigfootjava.com/locations/edmonds-bigfoot-java/,"Tea house, Cafe, Coffee shop, Espresso bar, Coffee stand",Coffee stand,Tea house,+1 425-775-2542,"22519 Hwy 99, Edmonds, WA 98026",None,22519 Hwy 99,Edmonds,98026,Washington,Washington,United States of America,US,47.7944696,-122.3350875,8928d54eb53ffff,America/Los_Angeles,,False,4.4,635,"https://search.google.com/local/reviews?placeid=ChIJ6XYNupgakFQRFoewpa8PBw4&q=bubble+tea+store,+98155,+Seattle,+WA,+US&authuser=0&hl=en&gl=US",,,45.0,16.0,41.0,91.0,442.0,125,https://lh3.googleusercontent.com/p/AF1QipNPtxAndUk7qsx19OHUiRVpPsx34HoalQbr4n1Q=w800-h500-k-no,https://lh3.googleusercontent.com/p/AF1QipNPtxAndUk7qsx19OHUiRVpPsx34HoalQbr4n1Q=w1600-h1000-k-no,,"{""Monday"": ""Open 24 hours"", ""Tuesday"": ""Open 24 hours"", ""Wednesday"": ""Open 24 hours"", ""Thursday"": ""Open 24 hours"", ""Friday"": ""Open 24 hours"", ""Saturday"": ""Open 24 hours"", ""Sunday"": ""Open 24 hours""}",Monday:Open 24 hours|Tuesday:Open 24 hours|Wednesday:Open 24 hours|Thursday:Open 24 hours|Friday:Open 24 hours|Saturday:Open 24 hours|Sunday:Open 24 hours,,,OPERATIONAL,"{""Service options"": {""Delivery"": true, ""Onsite services"": true, ""Takeout"": true}, ""Accessibility"": {""Wheelchair accessible entrance"": false, ""Wheelchair accessible seating"": false}, ""Parking"": {""Free parking lot"": true, ""Free street parking"": true}}",$,,https://lh3.googleusercontent.com/-7fnEnTpzWW0/AAAAAAAAAAI/AAAAAAAAAAA/vzk8ladug4I/s44-p-k-no-ns-nd/photo.jpg,"Regional drive-thru coffee chain serving specialty coffee drinks, fruit-based smoothies & pastries.",,True,108539370138505841531,BigFoot Java,https://www.google.com/maps/contrib/108539370138505841531,,"https://www.google.com/viewer/chooseprovider?mid=/g/1tfcyhwz&g2lbs=AAEPWCsDM0Iz1Vb_KnItRBjEfQL_LJ3sQIKAV4rNpfqKk-IqYJ9uA_SG3DX1a90D-WQ8QEva2EF6X6o2MUTSJUM575fouSohGg%3D%3D&hl=en-US&gl=us&fo_m=MfohQo559jFvMUOzJVpjPL1YMfZ3bInYwBDuMfaXTPp5KXh-&utm_source=tactile&gei=PNcCaNbbJ4Xb1e8PrZKY4Qo&ei=PNcCaNbbJ4Xb1e8PrZKY4Qo&fo_s=OA,SOE&opi=79508299&ebb=1&cs=0&foub=mcpp",,,"https://www.google.com/maps/place/BigFoot+Java/@47.7944696,-122.3350875,14z/data=!4m8!1m2!2m1!1sBigFoot+Java!3m4!1s0x54901a98ba0d76e9:0xe070fafa5b08716!8m2!3d47.7944696!4d-122.3350875","https://www.google.com/maps/place/BigFoot+Java/@47.7944696,-122.3350875,13.99z/data=!4m16!1m7!3m6!1s0x54901a98ba0d76e9:0xe070fafa5b08716!2sBigFoot+Java!8m2!3d47.7944696!4d-122.3350875!16s%2Fg%2F11ckvg1dmb!3m7!1s0x54901a98ba0d76e9:0xe070fafa5b08716!8m2!3d47.7944696!4d-122.3350875!9m1!1b1!16s%2Fg%2F11ckvg1dmb?entry=ttu",ChIJ6XYNupgakFQRFoewpa8PBw4,0x54901a98ba0d76e9:0xe070fafa5b08716,1010793888441468694,/g/1tfcyhwz,1010793888441468694,,jennifer@bigfootjava.com,RECEIVING,SMTP validated,Jennifer Whitmore,Jennifer,Whitmore,Owner,12538337863,m.fox@bigfootjava.com,INVALID,Cannot validate,Monika Fox,Monika,Fox,,,finlay@bigfootjava.com,INVALID,Cannot validate,Dave Finlay,Dave,Finlay,,,12534455801,13604045105,12538649099,https://www.facebook.com/BigFoot-Java-78548226190/,https://www.instagram.com/bigfootjava,http://www.linkedin.com/company/4011059,,,,,,,,https://twitter.com/BigFootJava,,,,,Buckley BigFoot Java - Bigfoot Java,,"We are a Washington-based, specialty coffee drive through chain serving delicious coffee at 32 locations around the state.",,False,True
"bubble tea store, 98155, Seattle, WA, US",YAN tea,Yan Tea,https://www.toasttab.com/yan-tea-4744-university-way-ne,Bubble tea store,Bubble tea store,Bubble tea store,+1 206-809-9888,"4744 University Wy NE C, Seattle, WA 98105",University District,4744 University Wy NE C,Seattle,98105,Washington,Washington,United States of America,US,47.6644624,-122.31294919999999,8928d540c17ffff,America/Los_Angeles,,False,4.2,189,"https://search.google.com/local/reviews?placeid=ChIJGyBBWoAVkFQRhyIlbzt57AE&q=bubble+tea+store,+98155,+Seattle,+WA,+US&authuser=0&hl=en&gl=US",,,23.0,5.0,8.0,22.0,131.0,215,https://lh3.googleusercontent.com/p/AF1QipO3hDC5iMEBLvL1nyFv10PU3xxQRtEk_0p2TQgd=w800-h500-k-no,https://lh3.googleusercontent.com/p/AF1QipO3hDC5iMEBLvL1nyFv10PU3xxQRtEk_0p2TQgd=w1600-h1000-k-no,,"{""Monday"": ""12-10PM"", ""Tuesday"": ""12-10PM"", ""Wednesday"": ""12-10PM"", ""Thursday"": ""12-10PM"", ""Friday"": ""12-11PM"", ""Saturday"": ""12-11PM"", ""Sunday"": ""12-10PM""}",Monday:12-10PM|Tuesday:12-10PM|Wednesday:12-10PM|Thursday:12-10PM|Friday:12-11PM|Saturday:12-11PM|Sunday:12-10PM,,,OPERATIONAL,"{""Service options"": {""Delivery"": true, ""Takeout"": true, ""Dine-in"": true}, ""Highlights"": {""Great tea selection"": true}}",$,,https://lh6.googleusercontent.com/-hnjXLiRSJNU/AAAAAAAAAAI/AAAAAAAAAAA/JPupAj3Oh5g/s44-p-k-no-ns-nd/photo.jpg,,,True,111572401437660029905,YAN tea,https://www.google.com/maps/contrib/111572401437660029905,,"https://www.google.com/viewer/chooseprovider?mid=/g/11j3x89tmf&g2lbs=AAEPWCuVWBKQUUOh2owmH3lnvmrVJgmvAPOcxuYoPCx0Chj8HpZBWSHyFM-oKz87CK7SIhRxWejx2gLwXnQwC9h_oSVEsxWGow%3D%3D&hl=en-US&gl=us&fo_m=MfohQo559jFvMUOzJVpjPL1YMfZ3bInYwBDuMfaXTPp5KXh-&utm_source=tactile&gei=PNcCaNbbJ4Xb1e8PrZKY4Qo&ei=PNcCaNbbJ4Xb1e8PrZKY4Qo&fo_s=OA,SOE&opi=79508299&ebb=1&cs=0&foub=mcpp",,,"https://www.google.com/maps/place/YAN+tea/@47.6644624,-122.31294919999999,14z/data=!4m8!1m2!2m1!1sYAN+tea!3m4!1s0x549015805a41201b:0x1ec793b6f252287!8m2!3d47.6644624!4d-122.31294919999999","https://www.google.com/maps/place/YAN+tea/@47.6644624,-122.31294919999999,13.99z/data=!4m16!1m7!3m6!1s0x549015805a41201b:0x1ec793b6f252287!2sYAN+tea!8m2!3d47.6644624!4d-122.31294919999999!16s%2Fg%2F11ckvg1dmb!3m7!1s0x549015805a41201b:0x1ec793b6f252287!8m2!3d47.6644624!4d-122.31294919999999!9m1!1b1!16s%2Fg%2F11ckvg1dmb?entry=ttu",ChIJGyBBWoAVkFQRhyIlbzt57AE,0x549015805a41201b:0x1ec793b6f252287,138618984716378759,/g/11j3x89tmf,138618984716378759,,casey@toasttab.com,RECEIVING,Catch All,Casey Woo,Casey,Woo,Principal Senior Account Executive,19204746601,achambers@toasttab.com,RECEIVING,SMTP validated,Alexis Chambers,Alexis,Chambers,Senior Sales Manager,16176820225,jmcwilliams@toasttab.com,INVALID,Invalid SMTP,Jarvis Mcwilliams,Jarvis,Mcwilliams,Senior Implementation Engineer,,6623286889,5123685700,6192914695,https://www.facebook.com/BurritoBros.2016/,https://www.instagram.com/nonglacafe,http://www.linkedin.com/company/5102948,,,,,,,,https://platform.twitter.com/widgets,,,,,Mountain Pizza & Taproom - Gift Cards Unavailable,,,,False,False
"bubble tea store, 98155, Seattle, WA, US",Oasis Tea Zone (Edmonds),Oasis Tea Zone Edmonds,http://oasisteazone.com/,Bubble tea store,Bubble tea store,Bubble tea store,+1 425-582-8176,"203 5th Ave S #2, Edmonds, WA 98020",The Bowl of Edmonds,203 5th Ave S #2,Edmonds,98020,Washington,Washington,United States of America,US,47.8090805,-122.3772345,8928d57b62bffff,America/Los_Angeles,,False,3.8,56,"https://search.google.com/local/reviews?placeid=ChIJkzFydMwbkFQRSwhqmOMxtww&q=bubble+tea+store,+98155,+Seattle,+WA,+US&authuser=0&hl=en&gl=US",,,9.0,6.0,3.0,6.0,32.0,77,https://lh3.googleusercontent.com/p/AF1QipNzz6rGKV5MzIy6_THbhjg6eyo5CEu-L_sVdCwv=w800-h500-k-no,https://lh3.googleusercontent.com/p/AF1QipNzz6rGKV5MzIy6_THbhjg6eyo5CEu-L_sVdCwv=w1600-h1000-k-no,,"{""Monday"": ""12-6PM"", ""Tuesday"": ""12-6PM"", ""Wednesday"": ""12-6PM"", ""Thursday"": ""12-6PM"", ""Friday"": ""12-6PM"", ""Saturday"": ""12-6PM"", ""Sunday"": ""12-6PM""}",Monday:12-6PM|Tuesday:12-6PM|Wednesday:12-6PM|Thursday:12-6PM|Friday:12-6PM|Saturday:12-6PM|Sunday:12-6PM,,,OPERATIONAL,"{""Service options"": {""No-contact delivery"": true, ""Delivery"": true, ""Takeout"": true, ""Dine-in"": true}, ""Highlights"": {""Great tea selection"": true}, ""Accessibility"": {""Wheelchair accessible entrance"": true, ""Wheelchair accessible parking lot"": true}}",$,,https://lh6.googleusercontent.com/-YdvM0puIuww/AAAAAAAAAAI/AAAAAAAAAAA/4BsK4QVjRtU/s44-p-k-no-ns-nd/photo.jpg,"Cozy retreat with Taiwanese-style hot, iced & blended bubble teas, plus coffees & snacks.",,True,103788328836384102534,Oasis Tea Zone,https://www.google.com/maps/contrib/103788328836384102534,,"https://www.google.com/viewer/chooseprovider?mid=/g/11rz9kgrj0&g2lbs=AAEPWCvw9_y-1KV5zQDoiOeGeobDVnLiX3RNVZIBNSj0SUWOjBGs_w1pl6HSMCiahXLLLXDjyzSwQtst3WpsTExGf761LQy3tA%3D%3D&hl=en-US&gl=us&fo_m=MfohQo559jFvMUOzJVpjPL1YMfZ3bInYwBDuMfaXTPp5KXh-&utm_source=tactile&gei=PNcCaNbbJ4Xb1e8PrZKY4Qo&ei=PNcCaNbbJ4Xb1e8PrZKY4Qo&fo_s=OA,SOE&opi=79508299&ebb=1&cs=0&foub=mcpp",,,"https://www.google.com/maps/place/Oasis+Tea+Zone+%28Edmonds%29/@47.8090805,-122.3772345,14z/data=!4m8!1m2!2m1!1sOasis+Tea+Zone+%28Edmonds%29!3m4!1s0x54901bcc74723193:0xcb731e3986a084b!8m2!3d47.8090805!4d-122.3772345","https://www.google.com/maps/place/Oasis+Tea+Zone+%28Edmonds%29/@47.8090805,-122.3772345,13.99z/data=!4m16!1m7!3m6!1s0x54901bcc74723193:0xcb731e3986a084b!2sOasis+Tea+Zone+%28Edmonds%29!8m2!3d47.8090805!4d-122.3772345!16s%2Fg%2F11ckvg1dmb!3m7!1s0x54901bcc74723193:0xcb731e3986a084b!8m2!3d47.8090805!4d-122.3772345!9m1!1b1!16s%2Fg%2F11ckvg1dmb?entry=ttu",ChIJkzFydMwbkFQRSwhqmOMxtww,0x54901bcc74723193:0xcb731e3986a084b,916255902777608267,/g/11rz9kgrj0,916255902777608267,,t.liu@oasisteazone.com,RECEIVING,SMTP validated,Tian Liu,Tian,Liu,,,info@oasisteazone.com,RECEIVING,SMTP validated,Unknown,Unknown,,,12064478098,josephlam89@gmail.com,RECEIVING,SMTP validated,Joseph Lam,Joseph,Lam,Manager,12064467478,14252777832,12064478098,,https://www.facebook.com/seattleoasis/,https://www.instagram.com/oasisteazone,https://www.linkedin.com/company/oasis-tea-zone,,,,,,,,,,,,,Oasis Tea Zone –  Beyond Boba,"Powered by Slider Revolution 5.4.8.3 - responsive, Mobile-Friendly Slider Plugin for WordPress with comfortable drag and drop interface.",,,,
"bubble tea store, 98155, Seattle, WA, US",Gourmet Latte,Gourmet Latte,https://gourmetlatte.com/,Espresso bar,coffee shops,Espresso bar,+1 425-640-2247,"6323 196th St SW, Lynnwood, WA 98036",None,6323 196th St SW,Lynnwood,98036,Washington,Washington,United States of America,US,47.821475,-122.3192045,8928d54c88bffff,America/Los_Angeles,,False,4.5,271,"https://search.google.com/local/reviews?placeid=ChIJ-5S7VTEFkFQRIDZVJaKcTec&q=bubble+tea+store,+98155,+Seattle,+WA,+US&authuser=0&hl=en&gl=US",,,17.0,4.0,9.0,34.0,207.0,127,https://lh3.googleusercontent.com/gps-proxy/ALd4DhFEv7jytosnXjIEUFzF52QNj0Fo8fabS3D8Tq_y0f03jrVedtqOuRt-0kRHBk8ZVIFD5o4tLS-l1jVNFj_u2bi6LWTXezqfFTpUp-6LHXZRg9mIpxUBXW15JANsry8HOLnSQ_-zIZVCkLln3-Mw7CrvgVBLF6CauS0erHHB0DjglL5QXApLmBFF=w800-h500-k-no,https://lh3.googleusercontent.com/gps-proxy/ALd4DhFEv7jytosnXjIEUFzF52QNj0Fo8fabS3D8Tq_y0f03jrVedtqOuRt-0kRHBk8ZVIFD5o4tLS-l1jVNFj_u2bi6LWTXezqfFTpUp-6LHXZRg9mIpxUBXW15JANsry8HOLnSQ_-zIZVCkLln3-Mw7CrvgVBLF6CauS0erHHB0DjglL5QXApLmBFF=w1600-h1000-k-no,,"{""Monday"": ""4:30AM-9PM"", ""Tuesday"": ""4:30AM-9PM"", ""Wednesday"": ""4:30AM-9PM"", ""Thursday"": ""4:30AM-9PM"", ""Friday"": ""4:30AM-9PM"", ""Saturday"": ""5:30AM-9PM"", ""Sunday"": ""5:30AM-8PM""}",Monday:4:30AM-9PM|Tuesday:4:30AM-9PM|Wednesday:4:30AM-9PM|Thursday:4:30AM-9PM|Friday:4:30AM-9PM|Saturday:5:30AM-9PM|Sunday:5:30AM-8PM,,,OPERATIONAL,"{""Service options"": {""Drive-through"": true, ""Takeout"": true, ""Delivery"": false}, ""Highlights"": {""Great coffee"": true, ""Great tea selection"": true}, ""Popular for"": {""Breakfast"": true}, ""Accessibility"": {""Wheelchair accessible entrance"": false, ""Wheelchair accessible seating"": false}, ""Offerings"": {""Coffee"": true, ""Quick bite"": true}, ""Dining options"": {""Breakfast"": true, ""Dessert"": true}, ""Amenities"": {""Restroom"": false}, ""Atmosphere"": {""Casual"": true, ""Trendy"": true}, ""Crowd"": {""College students"": true, ""Family-friendly"": true, ""Tourists"": true}, ""Planning"": {""Accepts reservations"": false}, ""Payments"": {""Credit cards"": true, ""Debit cards"": true, ""NFC mobile payments"": true}, ""Children"": {""Good for kids"": true}, ""Parking"": {""Free parking lot"": true, ""Free street parking"": true}}",$,,https://lh3.googleusercontent.com/-8QescD-e-y8/AAAAAAAAAAI/AAAAAAAAAAA/QNVWMK9kOe4/s44-p-k-no-ns-nd/photo.jpg,"Drive-thru chain offering espresso, smoothies & other drinks, plus baked goods, bagels & sandwiches.",,True,115990633305735708148,Gourmet Latte,https://www.google.com/maps/contrib/115990633305735708148,,"https://www.google.com/viewer/chooseprovider?mid=/g/11h0qfsp7&g2lbs=AAEPWCt1cYohYl9qkYOQE97OIXLscoEwoY4wlGGp5Jz4_uzXl6t6z_CUIel8XxkaWs-SK_aOERzhX1OnbKtlH8ZlR4OUOYn_fw%3D%3D&hl=en-US&gl=us&fo_m=MfohQo559jFvMUOzJVpjPL1YMfZ3bInYwBDuMfaXTPp5KXh-&utm_source=tactile&gei=PNcCaNbbJ4Xb1e8PrZKY4Qo&ei=PNcCaNbbJ4Xb1e8PrZKY4Qo&fo_s=OA,SOE&opi=79508299&ebb=1&cs=0&foub=mcpp",,,"https://www.google.com/maps/place/Gourmet+Latte/@47.821475,-122.3192045,14z/data=!4m8!1m2!2m1!1sGourmet+Latte!3m4!1s0x5490053155bb94fb:0xe74d9ca225553620!8m2!3d47.821475!4d-122.3192045","https://www.google.com/maps/place/Gourmet+Latte/@47.821475,-122.3192045,13.99z/data=!4m16!1m7!3m6!1s0x5490053155bb94fb:0xe74d9ca225553620!2sGourmet+Latte!8m2!3d47.821475!4d-122.3192045!16s%2Fg%2F11ckvg1dmb!3m7!1s0x5490053155bb94fb:0xe74d9ca225553620!8m2!3d47.821475!4d-122.3192045!9m1!1b1!16s%2Fg%2F11ckvg1dmb?entry=ttu",ChIJ-5S7VTEFkFQRIDZVJaKcTec,0x5490053155bb94fb:0xe74d9ca225553620,16667150016193050144,/g/11h0qfsp7,-1779594057516501472,,karissa@gourmetlatte.com,RECEIVING,SMTP validated,Karissa Bresheare,Karissa,Bresheare,President,14253591518,k.schmidt@gourmetlatte.com,RECEIVING,SMTP validated,Kjelsey Schmidt,Kjelsey,Schmidt,Manager And Barista,,dean@gourmetlatte.com,RECEIVING,SMTP validated,Dean Yee,Dean,Yee,Managing Partner,,12067821535,12063522633,14257424479,https://www.facebook.com/gourmetlatte/,,https://www.linkedin.com/company/gourmet-latte,,,,,,,,https://twitter.com/Gourmet_Latte,,,,,,,,,,
"bubble tea store, 98155, Seattle, WA, US",Banh Mi Bites,Banh Mi Bites,http://www.banhmibites.com/,"Bubble tea store, Asian restaurant, Vietnamese restaurant, Coffee shop, Family restaurant, Fast food restaurant, Lunch restaurant, Restaurant",restaurants,Bubble tea store,+1 425-582-2243,"23601 56th Ave W #600, Mountlake Terrace, WA 98043",None,23601 56th Ave W #600,Mountlake Terrace,98043,Washington,Washington,United States of America,US,47.784652099999995,-122.30785589999999,8928d54eacfffff,America/Los_Angeles,,False,4.6,297,"https://search.google.com/local/reviews?placeid=ChIJ__-_uxEQkFQRknxbbugzowc&q=bubble+tea+store,+98155,+Seattle,+WA,+US&authuser=0&hl=en&gl=US",,,9.0,14.0,12.0,31.0,231.0,374,https://lh3.googleusercontent.com/p/AF1QipPCvQJk3KFjElRxIMoJ9ZQVUtx0hfm8R3-0z3AN=w800-h500-k-no,https://lh3.googleusercontent.com/p/AF1QipPCvQJk3KFjElRxIMoJ9ZQVUtx0hfm8R3-0z3AN=w1600-h1000-k-no,,"{""Monday"": ""Closed"", ""Tuesday"": ""11AM-7PM"", ""Wednesday"": ""11AM-7PM"", ""Thursday"": ""11AM-7PM"", ""Friday"": ""11AM-7PM"", ""Saturday"": ""12-7PM"", ""Sunday"": ""Closed""}",Monday:Closed|Tuesday:11AM-7PM|Wednesday:11AM-7PM|Thursday:11AM-7PM|Friday:11AM-7PM|Saturday:12-7PM|Sunday:Closed,,,OPERATIONAL,"{""Service options"": {""Delivery"": true, ""Onsite services"": true, ""Takeout"": true, ""Dine-in"": true}, ""Highlights"": {""Fast service"": true}, ""Popular for"": {""Lunch"": true, ""Dinner"": true, ""Solo dining"": true}, ""Accessibility"": {""Wheelchair accessible entrance"": true, ""Wheelchair accessible parking lot"": true}, ""Offerings"": {""Alcohol"": true, ""Beer"": true, ""Coffee"": true, ""Comfort food"": true, ""Healthy options"": true, ""Quick bite"": true, ""Vegetarian options"": true}, ""Dining options"": {""Lunch"": true, ""Dinner"": true}, ""Atmosphere"": {""Casual"": true, ""Cozy"": true}, ""Planning"": {""Accepts reservations"": false}, ""Payments"": {""Credit cards"": true, ""Debit cards"": true, ""NFC mobile payments"": true}, ""Children"": {""Good for kids"": true}, ""Parking"": {""Free parking garage"": true, ""Free parking lot"": true, ""Free street parking"": true, ""Parking"": true}}",$,,https://lh4.googleusercontent.com/-Kv9-jXjHVH8/AAAAAAAAAAI/AAAAAAAAAAA/nRbeuY_X_V4/s44-p-k-no-ns-nd/photo.jpg,,,True,107508259690453803024,Banh Mi Bites,https://www.google.com/maps/contrib/107508259690453803024,,"https://www.google.com/viewer/chooseprovider?mid=/g/11f5dntwhz&g2lbs=AAEPWCs84UXS_fop2A7dK5EOjU3lelN818ZjelqBfyX6VxhCiRUrj9sXk9K-CAtacgdliBRpPyEgyuCc9TayRZYbVsTyPIkxtw%3D%3D&hl=en-US&gl=us&fo_m=MfohQo559jFvMUOzJVpjPL1YMfZ3bInYwBDuMfaXTPp5KXh-&utm_source=tactile&gei=PNcCaNbbJ4Xb1e8PrZKY4Qo&ei=PNcCaNbbJ4Xb1e8PrZKY4Qo&fo_s=OA,SOE&opi=79508299&ebb=1&cs=0&foub=mcpp",,,"https://www.google.com/maps/place/Banh+Mi+Bites/@47.784652099999995,-122.30785589999999,14z/data=!4m8!1m2!2m1!1sBanh+Mi+Bites!3m4!1s0x54901011bbbfffff:0x7a333e86e5b7c92!8m2!3d47.784652099999995!4d-122.30785589999999","https://www.google.com/maps/place/Banh+Mi+Bites/@47.784652099999995,-122.30785589999999,13.99z/data=!4m16!1m7!3m6!1s0x54901011bbbfffff:0x7a333e86e5b7c92!2sBanh+Mi+Bites!8m2!3d47.784652099999995!4d-122.30785589999999!16s%2Fg%2F11ckvg1dmb!3m7!1s0x54901011bbbfffff:0x7a333e86e5b7c92!8m2!3d47.784652099999995!4d-122.30785589999999!9m1!1b1!16s%2Fg%2F11ckvg1dmb?entry=ttu",ChIJ__-_uxEQkFQRknxbbugzowc,0x54901011bbbfffff:0x7a333e86e5b7c92,550340652846251154,/g/11f5dntwhz,550340652846251154,,info@banhmibites.com,RECEIVING,SMTP validated,,,,,,hi@mystore.com,INVALID,Undeliverable,,,,,,,,,,,,,,,,,,,,,,,,,,,,,,,,Home | Banh Mi Bites,Square Online,"Vietnamese restaurant in Mountlake Terrace: Banh Mi, Vietnamese Sandwiches, Rice bowl, Bubble Tea, Iced coffee, Smoothie, Milk Tea",,False,True
"bubble tea store, 98155, Seattle, WA, US",Ding Tea Seattle,Ding Tea Seattle,https://www.clover.com/online-ordering/ding-tea-seattle-seattle-2,"Bubble tea store, Coffee shop, Tea house",Bubble tea store,Bubble tea store,+1 206-456-7192,"4725 University Wy NE, Seattle, WA 98105",University District,4725 University Wy NE,Seattle,98105,Washington,Washington,United States of America,US,47.663849,-122.3132821,8928d540c17ffff,America/Los_Angeles,,False,4.4,342,"https://search.google.com/local/reviews?placeid=ChIJc5fZVl8VkFQRuCMI2dKFB9Q&q=bubble+tea+store,+98155,+Seattle,+WA,+US&authuser=0&hl=en&gl=US",,,17.0,14.0,25.0,62.0,224.0,302,https://lh3.googleusercontent.com/p/AF1QipMnZ4wgMvbz0k6oJ8sx3pDA61A1-g6JDnzIId2a=w800-h500-k-no,https://lh3.googleusercontent.com/p/AF1QipMnZ4wgMvbz0k6oJ8sx3pDA61A1-g6JDnzIId2a=w1600-h1000-k-no,,"{""Monday"": ""1-10PM"", ""Tuesday"": ""1-10PM"", ""Wednesday"": ""1-10PM"", ""Thursday"": ""1-10PM"", ""Friday"": ""12-10PM"", ""Saturday"": ""11AM-10PM"", ""Sunday"": ""11AM-10PM""}",Monday:1-10PM|Tuesday:1-10PM|Wednesday:1-10PM|Thursday:1-10PM|Friday:12-10PM|Saturday:11AM-10PM|Sunday:11AM-10PM,"[{""delivery"": {""Monday"": ""1-9:30 PM"", ""Tuesday"": ""1-9:30 PM"", ""Wednesday"": ""1-9:30 PM"", ""Thursday"": ""1-9:30 PM"", ""Friday"": ""11 AM-9:30 PM"", ""Saturday"": ""11 AM-9:30 PM"", ""Sunday"": ""11 AM-9:30 PM""}}]",,OPERATIONAL,"{""Service options"": {""Delivery"": true, ""Takeout"": true, ""Dine-in"": true}, ""Highlights"": {""Great tea selection"": true}, ""Accessibility"": {""Wheelchair accessible entrance"": true, ""Wheelchair accessible restroom"": true}, ""Amenities"": {""Gender-neutral restroom"": true}}",$,,https://lh6.googleusercontent.com/-sWVAO1fV0Lg/AAAAAAAAAAI/AAAAAAAAAAA/2sb0g70onjM/s44-p-k-no-ns-nd/photo.jpg,"Boba tea, milk tea & juice drinks served up in a narrow space with board games & a chill vibe.",,True,103855427141630715323,Ding Tea Seattle,https://www.google.com/maps/contrib/103855427141630715323,,"https://www.google.com/viewer/chooseprovider?mid=/g/11ghnxr30y&g2lbs=AAEPWCuwxKw5WFswpCIizuaPU-6-S8GGSQTUP5SjyJuweUiEl-oDl3z4lE-fAHCN6Fm0m1NdBpmRDa5mcQdMcCtD9KzfrrN3dA%3D%3D&hl=en-US&gl=us&fo_m=MfohQo559jFvMUOzJVpjPL1YMfZ3bInYwBDuMfaXTPp5KXh-&utm_source=tactile&gei=PNcCaNbbJ4Xb1e8PrZKY4Qo&ei=PNcCaNbbJ4Xb1e8PrZKY4Qo&fo_s=OA,SOE&opi=79508299&ebb=1&cs=0&foub=mcpp",,,"https://www.google.com/maps/place/Ding+Tea+Seattle/@47.663849,-122.3132821,14z/data=!4m8!1m2!2m1!1sDing+Tea+Seattle!3m4!1s0x5490155f56d99773:0xd40785d2d90823b8!8m2!3d47.663849!4d-122.3132821","https://www.google.com/maps/place/Ding+Tea+Seattle/@47.663849,-122.3132821,13.99z/data=!4m16!1m7!3m6!1s0x5490155f56d99773:0xd40785d2d90823b8!2sDing+Tea+Seattle!8m2!3d47.663849!4d-122.3132821!16s%2Fg%2F11ckvg1dmb!3m7!1s0x5490155f56d99773:0xd40785d2d90823b8!8m2!3d47.663849!4d-122.3132821!9m1!1b1!16s%2Fg%2F11ckvg1dmb?entry=ttu",ChIJc5fZVl8VkFQRuCMI2dKFB9Q,0x5490155f56d99773:0xd40785d2d90823b8,15278327401508512696,/g/11ghnxr30y,-3168416672201038920,,ansu@clover.com,RECEIVING,Catch All,Ansu Vyas,Ansu,Vyas,Vice President Business Operations,,gbedwell@clover.com,INVALID,Invalid SMTP,Glenn Bedwell,Glenn,Bedwell,Software Engineer,,mhampton@clover.com,INVALID,Invalid SMTP,Michael R Hampton,Michael,R Hampton,Software Engineer,,+1 515-255-3700,+1 360-217-7075,+1 573-335-0366,https://www.facebook.com/recklessrolls/,http://instagram.com/donatopsizzact,https://www.linkedin.com/company/clovernetwork,,,,,,,,http://twitter.com/cloverpos,,,,,Online Ordering | Clover,,,,False,False
"bubble tea store, 98155, Seattle, WA, US",Hey! I am Yogost,Hey! I Am Yogost,https://www.heyiamyogost.com/,"Bubble tea store, Frozen yogurt shop, Soft drinks shop",Bubble tea store,Bubble tea store,+1 425-362-5254,"4106 Brooklyn Ave NE Suite 103A, Seattle, WA 98105",University District,4106 Brooklyn Ave NE Suite 103A,Seattle,98105,Washington,Washington,United States of America,US,47.6569882,-122.31413169999999,8928d540c97ffff,America/Los_Angeles,,False,4.1,147,"https://search.google.com/local/reviews?placeid=ChIJdbFyVfQVkFQR694BBqhIeK8&q=bubble+tea+store,+98155,+Seattle,+WA,+US&authuser=0&hl=en&gl=US",,,17.0,13.0,6.0,9.0,102.0,280,https://lh3.googleusercontent.com/p/AF1QipMPdS88VdBZtIO-19WMcNNBUWXbmYmD0mSzrWq_=w800-h500-k-no,https://lh3.googleusercontent.com/p/AF1QipMPdS88VdBZtIO-19WMcNNBUWXbmYmD0mSzrWq_=w1600-h1000-k-no,,"{""Monday"": ""11AM-9:30PM"", ""Tuesday"": ""11AM-9:30PM"", ""Wednesday"": ""11AM-9:30PM"", ""Thursday"": ""11AM-9:30PM"", ""Friday"": ""11AM-9:30PM"", ""Saturday"": ""12-9:30PM"", ""Sunday"": ""12-9:30PM""}",Monday:11AM-9:30PM|Tuesday:11AM-9:30PM|Wednesday:11AM-9:30PM|Thursday:11AM-9:30PM|Friday:11AM-9:30PM|Saturday:12-9:30PM|Sunday:12-9:30PM,,,OPERATIONAL,"{""Service options"": {""Delivery"": true, ""Onsite services"": true, ""Takeout"": true, ""Dine-in"": true}, ""Highlights"": {""Great tea selection"": true}, ""Accessibility"": {""Wheelchair accessible entrance"": true}}",$,,https://lh6.googleusercontent.com/-q_lipVxSHNY/AAAAAAAAAAI/AAAAAAAAAAA/nxNCtauFkuA/s44-p-k-no-ns-nd/photo.jpg,,,True,107342333957444872025,Hey! I am Yogost,https://www.google.com/maps/contrib/107342333957444872025,,"https://www.google.com/viewer/chooseprovider?mid=/g/11r_w4mj8p&g2lbs=AAEPWCuXQkHYcNLFWOrdX7Ujlk-Cp49yrMbXwcDl69rfQYdHAX3UaXji4nXiByOxXgHzyqwNbTN_4oJ87I28MBHrx7gGZbqemA%3D%3D&hl=en-US&gl=us&fo_m=MfohQo559jFvMUOzJVpjPL1YMfZ3bInYwBDuMfaXTPp5KXh-&utm_source=tactile&gei=PNcCaNbbJ4Xb1e8PrZKY4Qo&ei=PNcCaNbbJ4Xb1e8PrZKY4Qo&fo_s=OA,SOE&opi=79508299&ebb=1&cs=0&foub=mcpp",,,"https://www.google.com/maps/place/Hey%21+I+am+Yogost/@47.6569882,-122.31413169999999,14z/data=!4m8!1m2!2m1!1sHey%21+I+am+Yogost!3m4!1s0x549015f45572b175:0xaf7848a80601deeb!8m2!3d47.6569882!4d-122.31413169999999","https://www.google.com/maps/place/Hey%21+I+am+Yogost/@47.6569882,-122.31413169999999,13.99z/data=!4m16!1m7!3m6!1s0x549015f45572b175:0xaf7848a80601deeb!2sHey%21+I+am+Yogost!8m2!3d47.6569882!4d-122.31413169999999!16s%2Fg%2F11ckvg1dmb!3m7!1s0x549015f45572b175:0xaf7848a80601deeb!8m2!3d47.6569882!4d-122.31413169999999!9m1!1b1!16s%2Fg%2F11ckvg1dmb?entry=ttu",ChIJdbFyVfQVkFQR694BBqhIeK8,0x549015f45572b175:0xaf7848a80601deeb,12643935840335159019,/g/11r_w4mj8p,-5802808233374392597,,yogostwaseattle@gmail.com,RECEIVING,Verified,,,,,,,,,,,,,,,,,,,,,,,,,,,,,,,,,,,,,,,,HOME | Yogost,Wix.com Website Builder,,,False,False
"bubble tea store, 98155, Seattle, WA, US",Sunright Tea Studio,Sunright Tea Studio,https://www.snrtea.com/,Bubble tea store,Bubble tea store,Bubble tea store,+1 206-545-3877,"4545 Roosevelt Way NE #103, Seattle, WA 98105",University District,4545 Roosevelt Way NE #103,Seattle,98105,Washington,Washington,United States of America,US,47.662455699999995,-122.31761379999999,8928d540cbbffff,America/Los_Angeles,,False,4.3,115,"https://search.google.com/local/reviews?placeid=ChIJ92nOHS0VkFQRUKbV5kIiqV4&q=bubble+tea+store,+98155,+Seattle,+WA,+US&authuser=0&hl=en&gl=US",,,5.0,9.0,9.0,12.0,80.0,327,https://lh3.googleusercontent.com/p/AF1QipNy0_v8HgUTo4FqZECuaCvgMJ4Hk8W5pvs_dDPE=w800-h500-k-no,https://lh3.googleusercontent.com/p/AF1QipNy0_v8HgUTo4FqZECuaCvgMJ4Hk8W5pvs_dDPE=w1600-h1000-k-no,,"{""Monday"": ""12-9PM"", ""Tuesday"": ""12-9PM"", ""Wednesday"": ""12-9PM"", ""Thursday"": ""12-9PM"", ""Friday"": ""12-10PM"", ""Saturday"": ""12-10PM"", ""Sunday"": ""12-9PM""}",Monday:12-9PM|Tuesday:12-9PM|Wednesday:12-9PM|Thursday:12-9PM|Friday:12-10PM|Saturday:12-10PM|Sunday:12-9PM,,,OPERATIONAL,"{""Service options"": {""Onsite services"": true, ""Takeout"": true, ""Dine-in"": true}, ""Highlights"": {""Great tea selection"": true}, ""Accessibility"": {""Wheelchair accessible entrance"": true}, ""Crowd"": {""LGBTQ+ friendly"": true, ""Transgender safespace"": true}, ""Other"": {""LGBTQ+ friendly"": true}}",$,,https://lh5.googleusercontent.com/-hY4pa9-96wY/AAAAAAAAAAI/AAAAAAAAAAA/uvupM6F5i-o/s44-p-k-no-ns-nd/photo.jpg,,,True,117246904164157505228,Sunright Tea Studio,https://www.google.com/maps/contrib/117246904164157505228,,"https://www.google.com/viewer/chooseprovider?mid=/g/11tbvc9m4d&g2lbs=AAEPWCuP0Ihv_gKPb5iYogcdd3wWR3sC78yejJqw3oO_dEkjZ8eoa-1LECZLn_PggXHG3TfAF1RjoPQfxVCwH1wP2DKPU1Esug%3D%3D&hl=en-US&gl=us&fo_m=MfohQo559jFvMUOzJVpjPL1YMfZ3bInYwBDuMfaXTPp5KXh-&utm_source=tactile&gei=PNcCaNbbJ4Xb1e8PrZKY4Qo&ei=PNcCaNbbJ4Xb1e8PrZKY4Qo&fo_s=OA,SOE&opi=79508299&ebb=1&cs=0&foub=mcpp",,,"https://www.google.com/maps/place/Sunright+Tea+Studio/@47.662455699999995,-122.31761379999999,14z/data=!4m8!1m2!2m1!1sSunright+Tea+Studio!3m4!1s0x5490152d1dce69f7:0x5ea92242e6d5a650!8m2!3d47.662455699999995!4d-122.31761379999999","https://www.google.com/maps/place/Sunright+Tea+Studio/@47.662455699999995,-122.31761379999999,13.99z/data=!4m16!1m7!3m6!1s0x5490152d1dce69f7:0x5ea92242e6d5a650!2sSunright+Tea+Studio!8m2!3d47.662455699999995!4d-122.31761379999999!16s%2Fg%2F11ckvg1dmb!3m7!1s0x5490152d1dce69f7:0x5ea92242e6d5a650!8m2!3d47.662455699999995!4d-122.31761379999999!9m1!1b1!16s%2Fg%2F11ckvg1dmb?entry=ttu",ChIJ92nOHS0VkFQRUKbV5kIiqV4,0x5490152d1dce69f7:0x5ea92242e6d5a650,6821020781365274192,/g/11tbvc9m4d,6821020781365274192,,support@snrtea.com,RECEIVING,SMTP validated,,,,,,lawrence@lawrencemooreassociates.com,RECEIVING,SMTP validated,,,,,,db@sunrightteastudio.com,RECEIVING,SMTP validated,,,,,,16268668999,16269987999,13466673666,https://www.facebook.com/sunrightteastudio/,https://www.instagram.com/sunrightteastudio,,,,,,,,,,,,,,Sunright TEA STUDIO,,,,False,True
"bubble tea store, 98155, Seattle, WA, US",Yifang Taiwan Fruit Tea UW,Yifang Taiwan Fruit Tea Uw,https://order.online/business/yifang-fruit-teauw-643954,Bubble tea store,Bubble tea store,Bubble tea store,+1 206-420-2369,"5000 University Wy NE Suite C, Seattle, WA 98105",University Heights,5000 University Wy NE Suite C,Seattle,98105,Washington,Washington,United States of America,US,47.665362699999996,-122.31288599999999,8928d540c17ffff,America/Los_Angeles,,False,4.3,203,"https://search.google.com/local/reviews?placeid=ChIJETaw3IQVkFQRMzSdEBEwYJs&q=bubble+tea+store,+98155,+Seattle,+WA,+US&authuser=0&hl=en&gl=US",,,19.0,8.0,9.0,24.0,143.0,380,https://lh3.googleusercontent.com/p/AF1QipPJQopc3P3rXT91KyDbxCgmCaOlGtBik1Q_qWAs=w800-h500-k-no,https://lh3.googleusercontent.com/p/AF1QipPJQopc3P3rXT91KyDbxCgmCaOlGtBik1Q_qWAs=w1600-h1000-k-no,,"{""Monday"": ""12-10PM"", ""Tuesday"": ""12-10PM"", ""Wednesday"": ""12-10PM"", ""Thursday"": ""12-10PM"", ""Friday"": ""12-10PM"", ""Saturday"": ""12-10PM"", ""Sunday"": ""12-10PM""}",Monday:12-10PM|Tuesday:12-10PM|Wednesday:12-10PM|Thursday:12-10PM|Friday:12-10PM|Saturday:12-10PM|Sunday:12-10PM,,,OPERATIONAL,"{""Service options"": {""Delivery"": true, ""Takeout"": true, ""Dine-in"": true}, ""Highlights"": {""Great tea selection"": true}, ""Accessibility"": {""Wheelchair accessible entrance"": true, ""Wheelchair accessible restroom"": true, ""Wheelchair accessible seating"": true}}",$,,https://lh6.googleusercontent.com/-PVWILuuJ2Rs/AAAAAAAAAAI/AAAAAAAAAAA/dByS_WT731s/s44-p-k-no-ns-nd/photo.jpg,,,True,107051565676798196094,Yifang Taiwan Fruit Tea UW,https://www.google.com/maps/contrib/107051565676798196094,https://qmenu.us/#/yifang-taiwan-fruit-tea-uw-seattle,"https://www.google.com/viewer/chooseprovider?mid=/g/11h6yn2q97&g2lbs=AAEPWCvi_Gx5BPZFSkQNMj-nlygFm3iCDugWNWXPlkaXu5WdVTSyCP52rJj9u6tdxSwm2iizUzn5_ofHu2nhp_d0cypm0VTq8Q%3D%3D&hl=en-US&gl=us&fo_m=MfohQo559jFvMUOzJVpjPL1YMfZ3bInYwBDuMfaXTPp5KXh-&utm_source=tactile&gei=PNcCaNbbJ4Xb1e8PrZKY4Qo&ei=PNcCaNbbJ4Xb1e8PrZKY4Qo&fo_s=OA,SOE&opi=79508299&ebb=1&cs=0&foub=mcpp",,https://qmenu.us/#/yifang-taiwan-fruit-tea-uw-seattle,"https://www.google.com/maps/place/Yifang+Taiwan+Fruit+Tea+UW/@47.665362699999996,-122.31288599999999,14z/data=!4m8!1m2!2m1!1sYifang+Taiwan+Fruit+Tea+UW!3m4!1s0x54901584dcb03611:0x9b603011109d3433!8m2!3d47.665362699999996!4d-122.31288599999999","https://www.google.com/maps/place/Yifang+Taiwan+Fruit+Tea+UW/@47.665362699999996,-122.31288599999999,13.99z/data=!4m16!1m7!3m6!1s0x54901584dcb03611:0x9b603011109d3433!2sYifang+Taiwan+Fruit+Tea+UW!8m2!3d47.665362699999996!4d-122.31288599999999!16s%2Fg%2F11ckvg1dmb!3m7!1s0x54901584dcb03611:0x9b603011109d3433!8m2!3d47.665362699999996!4d-122.31288599999999!9m1!1b1!16s%2Fg%2F11ckvg1dmb?entry=ttu",ChIJETaw3IQVkFQRMzSdEBEwYJs,0x54901584dcb03611:0x9b603011109d3433,11196001523494368307,/g/11h6yn2q97,-7250742550215183309,,yats.centralohio@gmail.com,RECEIVING,Verified,,,,,,cesar@hichicagonw.com,RECEIVING,SMTP validated,,,,,,info@foodgarrage.com,UNKNOWN,Cannot validate,,,,,,+1 614-486-9287,+1 847-488-9900,+1 770-274-3867,https://www.facebook.com/people/El-Cerro-Tacos/100063624968346/,http://instagram.com/foodgarrage,,,,,,,,,http://twitter.com/foodgarrage,,,,,Husker Deli & Grill Near Me - Pickup and Delivery,,Order takeout or delivery from Husker Deli & Grill near me,,False,False
"bubble tea store, 98155, Seattle, WA, US",Tapioca Express,Tapioca Express,https://www.tapiocaexpress.com/,"Bubble tea store, Cafe, Taiwanese restaurant",Bubble tea store,Bubble tea store,+1 425-774-6764,"22315 Hwy 99 ste a, Edmonds, WA 98026",None,22315 Hwy 99 ste a,Edmonds,98026,Washington,Washington,United States of America,US,47.797086799999995,-122.33299869999999,8928d54eb43ffff,America/Los_Angeles,,False,4.2,368,"https://search.google.com/local/reviews?placeid=ChIJfYaTaKIakFQRRXEpSptYxHA&q=bubble+tea+store,+98155,+Seattle,+WA,+US&authuser=0&hl=en&gl=US",,,18.0,11.0,34.0,117.0,188.0,102,https://lh3.googleusercontent.com/gps-cs-s/AB5caB-vOz2grRpsJz-xN7gSIofHTDp2yIKHJZFIwM5FT6My5kTW3Vf6UQWkZwiQmFk0MzhpdbE9B1334A48AsfiYGYnjmuAOfE-7t7DOMKhZr3K_EVvFIvuSysXNtJyh0Jp3XA3A7I=w800-h500-k-no,https://lh3.googleusercontent.com/gps-cs-s/AB5caB-vOz2grRpsJz-xN7gSIofHTDp2yIKHJZFIwM5FT6My5kTW3Vf6UQWkZwiQmFk0MzhpdbE9B1334A48AsfiYGYnjmuAOfE-7t7DOMKhZr3K_EVvFIvuSysXNtJyh0Jp3XA3A7I=w1600-h1000-k-no,,,,,,CLOSED_TEMPORARILY,"{""Service options"": {""Takeout"": true, ""Dine-in"": true, ""Delivery"": false}, ""Accessibility"": {""Wheelchair accessible entrance"": true}}",$,,https://lh5.googleusercontent.com/-4GD5PK2_TOs/AAAAAAAAAAI/AAAAAAAAAAA/s3kN-a7e-Kc/s44-p-k-no-ns-nd/photo.jpg,"Chain cafe serving pearl milk tea, coffee, juice & other drinks, plus Taiwanese snacks.",,True,107398372190055320028,Tapioca Express,https://www.google.com/maps/contrib/107398372190055320028,,,,,"https://www.google.com/maps/place/Tapioca+Express/@47.797086799999995,-122.33299869999999,14z/data=!4m8!1m2!2m1!1sTapioca+Express!3m4!1s0x54901aa26893867d:0x70c4589b4a297145!8m2!3d47.797086799999995!4d-122.33299869999999","https://www.google.com/maps/place/Tapioca+Express/@47.797086799999995,-122.33299869999999,13.99z/data=!4m16!1m7!3m6!1s0x54901aa26893867d:0x70c4589b4a297145!2sTapioca+Express!8m2!3d47.797086799999995!4d-122.33299869999999!16s%2Fg%2F11ckvg1dmb!3m7!1s0x54901aa26893867d:0x70c4589b4a297145!8m2!3d47.797086799999995!4d-122.33299869999999!9m1!1b1!16s%2Fg%2F11ckvg1dmb?entry=ttu",ChIJfYaTaKIakFQRRXEpSptYxHA,0x54901aa26893867d:0x70c4589b4a297145,8125717051670622533,/g/1tfqqncp,8125717051670622533,,stephanieh@tapiocaexpress.com,RECEIVING,SMTP validated,Stephanie Hsueh,Stephanie,Hsueh,Chief Financial Officer,16264530777,cf@tapiocaexpress.com,INVALID,Invalid SMTP,Chingsung Fhih,Chingsung,Fhih,,,charlene@tapiocaexpress.com,INVALID,Cannot validate,Charlene Lieu,Charlene,Lieu,,,+1 626-453-0777,14089722587,16194222046,https://www.facebook.com/TapiocaExpress,https://www.instagram.com/tapiocaexpressofficial,http://www.linkedin.com/company/1373543,,,,,,,,https://twitter.com/tapioca_express,,https://www.youtube.com/channel/UCGpniKlUiFTwZQjaiNtZOmA/,,,Fremont Store | Tapioca Express,WordPress 6.7.1,"Relish unique flavors at Fremont's own Tapioca Express. From refreshing teas to delectable snacks, we offer quality and taste like no other!",,True,True
"bubble tea store, 98155, Seattle, WA, US",Kung Fu Tea,Kung Fu Tea,http://www.kungfutea.com/,Bubble tea store,Bubble tea store,Bubble tea store,+1 425-582-8367,"WA 邮政编码:, 19723 Hwy 99 Suite D, Lynnwood, WA 98036",None,"WA 邮政编码:, 19723 Hwy 99 Suite D",Lynnwood,98036,Washington,Washington,United States of America,US,47.8195768,-122.3153487,8928d54c8d7ffff,America/Los_Angeles,,False,3.7,113,"https://search.google.com/local/reviews?placeid=ChIJVVFHh0gFkFQRqwnMtZSvhE8&q=bubble+tea+store,+98155,+Seattle,+WA,+US&authuser=0&hl=en&gl=US",,,25.0,4.0,10.0,18.0,56.0,111,https://lh3.googleusercontent.com/gps-cs-s/AB5caB_d-W5pAiWwZVbgW8SeZgFWHQo8kQl_eGOVyFH1goUwddsduwzIaa6R0FR4o4iAL4aNdWI_y5rOhTJRVYXjUeMf6JrFIppiwUNwQpudTdwRYbt1UE67XbATApcOMJirDuN1h2Ps1A=w800-h500-k-no,https://lh3.googleusercontent.com/gps-cs-s/AB5caB_d-W5pAiWwZVbgW8SeZgFWHQo8kQl_eGOVyFH1goUwddsduwzIaa6R0FR4o4iAL4aNdWI_y5rOhTJRVYXjUeMf6JrFIppiwUNwQpudTdwRYbt1UE67XbATApcOMJirDuN1h2Ps1A=w1600-h1000-k-no,,,,,,CLOSED_TEMPORARILY,"{""Service options"": {""Delivery"": true, ""Takeout"": true, ""Dine-in"": true}}",$,,https://lh5.googleusercontent.com/-yhwdXHid4NE/AAAAAAAAAAI/AAAAAAAAAAA/v_rHopPUOo8/s44-p-k-no-ns-nd/photo.jpg,"Bubble tea specialist with a selection of other hot & cold drinks, including coffee & slushes.",,True,112485901278523745269,Kung Fu Tea,https://www.google.com/maps/contrib/112485901278523745269,,,,,"https://www.google.com/maps/place/Kung+Fu+Tea/@47.8195768,-122.3153487,14z/data=!4m8!1m2!2m1!1sKung+Fu+Tea!3m4!1s0x5490054887475155:0x4f84af94b5cc09ab!8m2!3d47.8195768!4d-122.3153487","https://www.google.com/maps/place/Kung+Fu+Tea/@47.8195768,-122.3153487,13.99z/data=!4m16!1m7!3m6!1s0x5490054887475155:0x4f84af94b5cc09ab!2sKung+Fu+Tea!8m2!3d47.8195768!4d-122.3153487!16s%2Fg%2F11ckvg1dmb!3m7!1s0x5490054887475155:0x4f84af94b5cc09ab!8m2!3d47.8195768!4d-122.3153487!9m1!1b1!16s%2Fg%2F11ckvg1dmb?entry=ttu",ChIJVVFHh0gFkFQRqwnMtZSvhE8,0x5490054887475155:0x4f84af94b5cc09ab,5729897679162182059,/g/11fk3c9fkh,5729897679162182059,,support@armsglobalinc.com,RECEIVING,Role,,,,,,marketing@kfteausa.com,RECEIVING,SMTP validated,,,,,,delivery_help@grubhub.com,RECEIVING,SMTP validated,,,,,,+1 724-544-6367,+1 855-538-9888,15402175182,https://www.facebook.com/kungfuteausa/,https://www.instagram.com/kungfuteausa,https://www.linkedin.com/company/kung-fu-tea,https://www.tiktok.com/@kungfutea,,,,,,,https://twitter.com/kfteausa,,,,,Menu — Kung Fu Tea | Fresh - Innovative - Fearless leading tea brand,WordPress 6.3,"Menu At Kung Fu Tea, every beverage is made-to-order with real Kung Fu. Our tea is freshly brewed every 3 hours using premium tea leaves. You can choose from classic teas, milk teas, fruit teas, slushies and more. Each drink is customized by you! You get to pick your toppings,…",,False,True
"boba tea, 98158, Seattle, WA, US",Neighborhood Bubble Tea & Coffee,Neighborhood Bubble Tea And Coffee,http://neighborhoodsea.com/,Bubble tea store,Bubble tea store,Bubble tea store,+1 206-242-4312,"17801 International Blvd Concourse D, SeaTac, WA 98158",None,17801 International Blvd Concourse D,SeaTac,98158,Washington,Washington,United States of America,US,47.4456858,-122.2999531,8928d5525abffff,America/Los_Angeles,,False,4.0,91,"https://search.google.com/local/reviews?placeid=ChIJrSfzDbBdkFQRqS5qq4TavXU&q=boba+tea,+98158,+Seattle,+WA,+US&authuser=0&hl=en&gl=US",,,19.0,1.0,5.0,6.0,60.0,74,https://lh3.googleusercontent.com/gps-cs-s/AB5caB9Qo0dpPbrwpta4_EyNq1GSQM-8n2aQ41TOB7XLlUGjrL0-OF9C_tGU63puQdQEfFPpsSbY3o7k1cPpE6R0EYHk_5PEjRDqiEKyEK8v6BNM-SPvnMqLLKdYzf0DE9SsXtRJocI=w800-h500-k-no,https://lh3.googleusercontent.com/gps-cs-s/AB5caB9Qo0dpPbrwpta4_EyNq1GSQM-8n2aQ41TOB7XLlUGjrL0-OF9C_tGU63puQdQEfFPpsSbY3o7k1cPpE6R0EYHk_5PEjRDqiEKyEK8v6BNM-SPvnMqLLKdYzf0DE9SsXtRJocI=w1600-h1000-k-no,,"{""Monday"": ""4AM-5PM"", ""Tuesday"": ""4AM-5PM"", ""Wednesday"": ""4AM-5PM"", ""Thursday"": ""4AM-5PM"", ""Friday"": ""4AM-5PM"", ""Saturday"": ""4AM-5PM"", ""Sunday"": ""4AM-5PM""}",Monday:4AM-5PM|Tuesday:4AM-5PM|Wednesday:4AM-5PM|Thursday:4AM-5PM|Friday:4AM-5PM|Saturday:4AM-5PM|Sunday:4AM-5PM,,,OPERATIONAL,"{""From the business"": {""Identifies as Asian-owned"": true}, ""Service options"": {""Onsite services"": true, ""Takeout"": true, ""Dine-in"": true, ""Delivery"": false}, ""Highlights"": {""Great tea selection"": true}, ""Accessibility"": {""Wheelchair accessible entrance"": true, ""Wheelchair accessible parking lot"": true, ""Wheelchair accessible restroom"": true, ""Wheelchair accessible seating"": true}, ""Crowd"": {""LGBTQ+ friendly"": true, ""Transgender safespace"": true}, ""Other"": {""LGBTQ+ friendly"": true, ""Identifies as Asian-owned"": true}}",,,https://lh4.googleusercontent.com/-57UHYpMa_hc/AAAAAAAAAAI/AAAAAAAAAAA/f79rHT876B0/s44-p-k-no-ns-nd/photo.jpg,,,True,108563138504943861305,Neighborhood Bubble Tea & Coffee,https://www.google.com/maps/contrib/108563138504943861305,,,,,"https://www.google.com/maps/place/Neighborhood+Bubble+Tea+%26+Coffee/@47.4456858,-122.2999531,14z/data=!4m8!1m2!2m1!1sNeighborhood+Bubble+Tea+%26+Coffee!3m4!1s0x54905db00df327ad:0x75bdda84ab6a2ea9!8m2!3d47.4456858!4d-122.2999531","https://www.google.com/maps/place/Neighborhood+Bubble+Tea+%26+Coffee/@47.4456858,-122.2999531,13.99z/data=!4m16!1m7!3m6!1s0x54905db00df327ad:0x75bdda84ab6a2ea9!2sNeighborhood+Bubble+Tea+%26+Coffee!8m2!3d47.4456858!4d-122.2999531!16s%2Fg%2F11ckvg1dmb!3m7!1s0x54905db00df327ad:0x75bdda84ab6a2ea9!8m2!3d47.4456858!4d-122.2999531!9m1!1b1!16s%2Fg%2F11ckvg1dmb?entry=ttu",ChIJrSfzDbBdkFQRqS5qq4TavXU,0x54905db00df327ad:0x75bdda84ab6a2ea9,8484177536382283433,/g/11tsp2wz0b,8484177536382283433,,matt@pixelspread.com,RECEIVING,Verified,,,,,,hello@rfuenzalida.com,INVALID,Undeliverable,,,,,,,,,,,,,,,,,,https://www.instagram.com/neighborhoodsea,,,,,,,,,,,,,,neighborhoodsea.com,Starfield Technologies; Go Daddy Website Builder 8.0.0000,,,False,False
"boba tea, 98158, Seattle, WA, US",Tab milktea,Tab Milktea,https://tabmilktea.com/,"Bubble tea store, Asian restaurant, Dessert restaurant, Restaurant",Bubble tea store,Bubble tea store,+1 206-229-2547,"4611 36th Ave SW, Seattle, WA 98126",Fairmount Park,4611 36th Ave SW,Seattle,98126,Washington,Washington,United States of America,US,47.5617161,-122.3779386,8928d55736fffff,America/Los_Angeles,,False,4.9,107,"https://search.google.com/local/reviews?placeid=ChIJ74SIAERBkFQR_CaLvcTweGo&q=boba+tea,+98158,+Seattle,+WA,+US&authuser=0&hl=en&gl=US",,,3.0,1.0,0.0,0.0,103.0,100,https://lh3.googleusercontent.com/gps-cs-s/AB5caB_VodB93wOccpT66PBO6nWEf6h7tk5lUiUjjrCEV5iixzo7FLviOHE1bvM2VNUl_AO1ybI6Wyg7QRKsBJumkXs_WlegVKVY5zyRq-OOuDoeuddMNsNGQ8bpcvwsY66WXGqDmDje=w800-h500-k-no,https://lh3.googleusercontent.com/gps-cs-s/AB5caB_VodB93wOccpT66PBO6nWEf6h7tk5lUiUjjrCEV5iixzo7FLviOHE1bvM2VNUl_AO1ybI6Wyg7QRKsBJumkXs_WlegVKVY5zyRq-OOuDoeuddMNsNGQ8bpcvwsY66WXGqDmDje=w1600-h1000-k-no,,"{""Monday"": ""Closed"", ""Tuesday"": ""Closed"", ""Wednesday"": ""11AM-8PM"", ""Thursday"": ""11AM-8PM"", ""Friday"": ""11AM-8PM"", ""Saturday"": ""11AM-8PM"", ""Sunday"": ""11AM-8PM""}",Monday:Closed|Tuesday:Closed|Wednesday:11AM-8PM|Thursday:11AM-8PM|Friday:11AM-8PM|Saturday:11AM-8PM|Sunday:11AM-8PM,,,OPERATIONAL,"{""Service options"": {""Curbside pickup"": true, ""No-contact delivery"": true, ""Delivery"": true, ""Takeout"": true, ""Dine-in"": true}, ""Highlights"": {""Great tea selection"": true}, ""Accessibility"": {""Wheelchair accessible entrance"": true}}",$,,https://lh6.googleusercontent.com/-MpIYAAiZg10/AAAAAAAAAAI/AAAAAAAAAAA/e58E2BmHZXk/s44-p-k-no-ns-nd/photo.jpg,,,True,112646683802536073707,Tab milktea,https://www.google.com/maps/contrib/112646683802536073707,,"https://www.google.com/viewer/chooseprovider?mid=/g/11t9d2t_jr&g2lbs=AAEPWCtptNJ3AMm-tvfWHp7NaewVJDtuDwPTM0E2JZj9yPPYoooq9tN601VnJiYvGEmYbhtU55uQCytLrED83uZTr4BKT98mAg%3D%3D&hl=en-US&gl=us&fo_m=MfohQo559jFvMUOzJVpjPL1YMfZ3bInYwBDuMfaXTPp5KXh-&utm_source=tactile&gei=QNcCaKj0A6yKi-gPrJ2m-As&ei=QNcCaKj0A6yKi-gPrJ2m-As&fo_s=OA,SOE&opi=79508299&ebb=1&cs=0&foub=mcpp",,,"https://www.google.com/maps/place/Tab+milktea/@47.5617161,-122.3779386,14z/data=!4m8!1m2!2m1!1sTab+milktea!3m4!1s0x54904144008884ef:0x6a78f0c4bd8b26fc!8m2!3d47.5617161!4d-122.3779386","https://www.google.com/maps/place/Tab+milktea/@47.5617161,-122.3779386,13.99z/data=!4m16!1m7!3m6!1s0x54904144008884ef:0x6a78f0c4bd8b26fc!2sTab+milktea!8m2!3d47.5617161!4d-122.3779386!16s%2Fg%2F11ckvg1dmb!3m7!1s0x54904144008884ef:0x6a78f0c4bd8b26fc!8m2!3d47.5617161!4d-122.3779386!9m1!1b1!16s%2Fg%2F11ckvg1dmb?entry=ttu",ChIJ74SIAERBkFQR_CaLvcTweGo,0x54904144008884ef:0x6a78f0c4bd8b26fc,7672146693009909500,/g/11t9d2t_jr,7672146693009909500,,mapmap1511@gmail.com,RECEIVING,SMTP validated,,,,,,tabphoseattle@gmail.com,RECEIVING,SMTP validated,,,,,,,,,,,,,,12062292547,,,https://www.facebook.com/701673096679217,,,,,,,,,,,,,https://github.com/JulietaUla/,,"TAB milk tea - TAB Take a Break - Boba, Bubble Tea, Coffee, Tea, Milktea, Drink, Desserts, Vietnamese Restaurants, Boba, Bubble Tea, Coffee, Tea, Milktea, Drink, Desserts, Vietnamese Restaurants",Starfield Technologies; Go Daddy Website Builder 8.0.0000,Boba Bubble Tea tiger sugar,,False,True
"boba tea, 98158, Seattle, WA, US",Happy Lemon (West Seattle),Happy Lemon West Seattle,https://happylemonusa.com/,Bubble tea store,Bubble tea store,Bubble tea store,+1 206-420-7619,"9025 25th Ave SW, Seattle, WA 98106",Delridge,9025 25th Ave SW,Seattle,98106,Washington,Washington,United States of America,US,47.5226495,-122.36558679999999,8928d5576afffff,America/Los_Angeles,,False,4.5,85,"https://search.google.com/local/reviews?placeid=ChIJEVDCx3hBkFQRi-zLEd9BJjE&q=boba+tea,+98158,+Seattle,+WA,+US&authuser=0&hl=en&gl=US",,,2.0,3.0,9.0,11.0,60.0,91,https://lh3.googleusercontent.com/gps-cs-s/AB5caB_FM7o2rW44wctb8CRzPAlVZcIXYN1Ckhk05mSnUzMJ69OFGLqf0ZFWyXeScKx2kPejOe91nIzonyPv5jM2_uBciDSHoWVhfXevcUVtc7mh8XEtiJv9lpaCaFWtnM1MotKCfnK5Ig=w800-h500-k-no,https://lh3.googleusercontent.com/gps-cs-s/AB5caB_FM7o2rW44wctb8CRzPAlVZcIXYN1Ckhk05mSnUzMJ69OFGLqf0ZFWyXeScKx2kPejOe91nIzonyPv5jM2_uBciDSHoWVhfXevcUVtc7mh8XEtiJv9lpaCaFWtnM1MotKCfnK5Ig=w1600-h1000-k-no,,"{""Monday"": ""11AM-9PM"", ""Tuesday"": ""11AM-9PM"", ""Wednesday"": ""11AM-9PM"", ""Thursday"": ""11AM-9PM"", ""Friday"": ""11AM-9PM"", ""Saturday"": ""11AM-9PM"", ""Sunday"": ""11AM-9PM""}",Monday:11AM-9PM|Tuesday:11AM-9PM|Wednesday:11AM-9PM|Thursday:11AM-9PM|Friday:11AM-9PM|Saturday:11AM-9PM|Sunday:11AM-9PM,,,OPERATIONAL,"{""Service options"": {""Curbside pickup"": true, ""No-contact delivery"": true, ""Delivery"": true, ""Takeout"": true, ""Dine-in"": true}, ""Highlights"": {""Great tea selection"": true}, ""Accessibility"": {""Wheelchair accessible entrance"": true}, ""Crowd"": {""LGBTQ+ friendly"": true, ""Transgender safespace"": true}, ""Other"": {""LGBTQ+ friendly"": true}}",$,,https://lh3.googleusercontent.com/-gBwbqudSe_A/AAAAAAAAAAI/AAAAAAAAAAA/L_fFR_kwBSw/s44-p-k-no-ns-nd/photo.jpg,,,True,114922167875719116685,Happy Lemon - West Seattle,https://www.google.com/maps/contrib/114922167875719116685,,"https://www.google.com/viewer/chooseprovider?mid=/g/11sj2ll1wk&g2lbs=AAEPWCvJTZY3_qBKIiup42ugrSwm7wAHp34ZbiyJTz8KcgOJe5UDq0h5MrmeTdSFXZ4DEMf7UlKykBAmAr__5wKlgkxYwdfGew%3D%3D&hl=en-US&gl=us&fo_m=MfohQo559jFvMUOzJVpjPL1YMfZ3bInYwBDuMfaXTPp5KXh-&utm_source=tactile&gei=QNcCaKj0A6yKi-gPrJ2m-As&ei=QNcCaKj0A6yKi-gPrJ2m-As&fo_s=OA,SOE&opi=79508299&ebb=1&cs=0&foub=mcpp",,,"https://www.google.com/maps/place/Happy+Lemon+-+West+Seattle/@47.5226495,-122.36558679999999,14z/data=!4m8!1m2!2m1!1sHappy+Lemon+-+West+Seattle!3m4!1s0x54904178c7c25011:0x312641df11cbec8b!8m2!3d47.5226495!4d-122.36558679999999","https://www.google.com/maps/place/Happy+Lemon+-+West+Seattle/@47.5226495,-122.36558679999999,13.99z/data=!4m16!1m7!3m6!1s0x54904178c7c25011:0x312641df11cbec8b!2sHappy+Lemon+-+West+Seattle!8m2!3d47.5226495!4d-122.36558679999999!16s%2Fg%2F11ckvg1dmb!3m7!1s0x54904178c7c25011:0x312641df11cbec8b!8m2!3d47.5226495!4d-122.36558679999999!9m1!1b1!16s%2Fg%2F11ckvg1dmb?entry=ttu",ChIJEVDCx3hBkFQRi-zLEd9BJjE,0x54904178c7c25011:0x312641df11cbec8b,3541590583305563275,/g/11sj2ll1wk,3541590583305563275,,info@happylemonusa.com,INVALID,Invalid DNS,,,,,,portland@happylemonusa.com,UNKNOWN,Cannot validate,,,,,,fashionisland@happylemonusa.com,UNKNOWN,Cannot validate,,,,,,12814070946,,,https://www.facebook.com/happylemonglobal,https://www.instagram.com/happylemon.usa,,,,,,,,,,,,,,Happy Lemon USA - HAPPY LEMON USA,All in One SEO (AIOSEO) 4.4.8,"HAPPY LEMON's SUCCESS STORY ENJOY THE WORLD's YUMMIEST DRINK Happy Lemon is a world-leading beverage chain founded in 2006 by the Yummy-Town Group, a publicly listed tea culture company originating in Taiwan. They are the elite pioneers who originally brought and expanded the tea culture to Mainland China and Hong Kong. In 2014, Happy Lemon",,False,False
"boba tea, 98158, Seattle, WA, US",Sharetea,Sharetea,https://www.1992sharetea.com/,"Bubble tea store, Cafe",cafes,Bubble tea store,+1 206-402-5460,"4740 42nd Ave SW, Seattle, WA 98116",Genesee,4740 42nd Ave SW,Seattle,98116,Washington,Washington,United States of America,US,47.560081499999995,-122.3844764,8928d555593ffff,America/Los_Angeles,,False,4.1,89,"https://search.google.com/local/reviews?placeid=ChIJYc3jnY9BkFQRYCVO20IlwxE&q=boba+tea,+98158,+Seattle,+WA,+US&authuser=0&hl=en&gl=US",,,10.0,4.0,4.0,18.0,53.0,97,https://lh3.googleusercontent.com/gps-proxy/ALd4DhFOLF3nPJtMuxa7xITq25BQjikqdlsCMcJWuoe_VSwap0LwgvyiP4cI7NsSC5Hp9HMBmltvCLcb5I8W91LscnKG4QdxbN76XNlyR9cOXmtzXEm-unsYXI28Q1pLo9Vy8PoDBUSzJFvnEaHRWOlfatpN45CB9VW_Kps8H2_io0kXCyfHAezUz66p=w800-h500-k-no,https://lh3.googleusercontent.com/gps-proxy/ALd4DhFOLF3nPJtMuxa7xITq25BQjikqdlsCMcJWuoe_VSwap0LwgvyiP4cI7NsSC5Hp9HMBmltvCLcb5I8W91LscnKG4QdxbN76XNlyR9cOXmtzXEm-unsYXI28Q1pLo9Vy8PoDBUSzJFvnEaHRWOlfatpN45CB9VW_Kps8H2_io0kXCyfHAezUz66p=w1600-h1000-k-no,,"{""Monday"": ""11:30AM-8PM"", ""Tuesday"": ""11:30AM-8PM"", ""Wednesday"": ""11:30AM-8PM"", ""Thursday"": ""11:30AM-8PM"", ""Friday"": ""11:30AM-9:30PM"", ""Saturday"": ""11:30AM-9:30PM"", ""Sunday"": ""11:30AM-8PM""}",Monday:11:30AM-8PM|Tuesday:11:30AM-8PM|Wednesday:11:30AM-8PM|Thursday:11:30AM-8PM|Friday:11:30AM-9:30PM|Saturday:11:30AM-9:30PM|Sunday:11:30AM-8PM,,,OPERATIONAL,"{""Service options"": {""No-contact delivery"": true, ""Delivery"": true, ""Takeout"": true, ""Dine-in"": true}, ""Highlights"": {""Great tea selection"": true}, ""Popular for"": {""Solo dining"": true}, ""Accessibility"": {""Wheelchair accessible entrance"": true}, ""Offerings"": {""Coffee"": true, ""Vegan options"": true, ""Vegetarian options"": true}, ""Dining options"": {""Dessert"": true}, ""Atmosphere"": {""Casual"": true, ""Trendy"": true}, ""Crowd"": {""College students"": true, ""Groups"": true}, ""Planning"": {""Accepts reservations"": false}, ""Payments"": {""Credit cards"": true, ""Debit cards"": true, ""NFC mobile payments"": true}, ""Children"": {""Good for kids"": true}, ""Parking"": {""Parking"": true}}",$,,https://lh5.googleusercontent.com/-Wxk3ZgwKJ8o/AAAAAAAAAAI/AAAAAAAAAAA/pOc_MJjBqv4/s44-p-k-no-ns-nd/photo.jpg,,,True,115978554090052537281,Sharetea,https://www.google.com/maps/contrib/115978554090052537281,,"https://www.google.com/viewer/chooseprovider?mid=/g/11nnv0ml92&g2lbs=AAEPWCvN1Tagi2U1P1H8nlRoFgfuLNkxtKG6U7_77F8gZ2kj2F_qqcNtX9T4YQ8Wfq-TptcJsV3M_Y7KGZv5WwKZvfRF6UdxNA%3D%3D&hl=en-US&gl=us&fo_m=MfohQo559jFvMUOzJVpjPL1YMfZ3bInYwBDuMfaXTPp5KXh-&utm_source=tactile&gei=QNcCaKj0A6yKi-gPrJ2m-As&ei=QNcCaKj0A6yKi-gPrJ2m-As&fo_s=OA,SOE&opi=79508299&ebb=1&cs=0&foub=mcpp",,,"https://www.google.com/maps/place/Sharetea/@47.560081499999995,-122.3844764,14z/data=!4m8!1m2!2m1!1sSharetea!3m4!1s0x5490418f9de3cd61:0x11c32542db4e2560!8m2!3d47.560081499999995!4d-122.3844764","https://www.google.com/maps/place/Sharetea/@47.560081499999995,-122.3844764,13.99z/data=!4m16!1m7!3m6!1s0x5490418f9de3cd61:0x11c32542db4e2560!2sSharetea!8m2!3d47.560081499999995!4d-122.3844764!16s%2Fg%2F11ckvg1dmb!3m7!1s0x5490418f9de3cd61:0x11c32542db4e2560!8m2!3d47.560081499999995!4d-122.3844764!9m1!1b1!16s%2Fg%2F11ckvg1dmb?entry=ttu",ChIJYc3jnY9BkFQRYCVO20IlwxE,0x5490418f9de3cd61:0x11c32542db4e2560,1279907688180753760,/g/11nnv0ml92,1279907688180753760,,roxannechen@1992sharetea.com,RECEIVING,SMTP validated,Roxanne Chen,Roxanne,Chen,Senior Oversea Specialist,,service@1992sharetea.com,RECEIVING,SMTP validated,[Not Provided],[Not,Provided],,3016550837,emilyliao@1992sharetea.com,RECEIVING,SMTP validated,Emily Liao,Emily,Liao,,,886989265999,12813938369,61399899486,https://www.facebook.com/ShareteaMemorial/?locale=en_GB,,http://www.linkedin.com/company/6427918,,,,,,,,,,,,,Sharetea Stores Locations in USA — Sharetea - Best Bubble Tea Brand,,"Brand Sharetea has many locations around the world. If you are thinking 
about a bubble tea franchise in the US, then be sure to check out our 
location and offer.",,False,False
"boba tea, 98158, Seattle, WA, US",BobaLust Burien,Bobalust Burien,http://bobalustteahouse.com/,Bubble tea store,Bubble tea store,Bubble tea store,,"116 SW 148th St, Burien, WA 98166",None,116 SW 148th St,Burien,98166,Washington,Washington,United States of America,US,47.4712562,-122.33498469999999,8928d552ca3ffff,America/Los_Angeles,,False,4.3,104,"https://search.google.com/local/reviews?placeid=ChIJq0XB9g5DkFQRtV37mxuvgPw&q=boba+tea,+98158,+Seattle,+WA,+US&authuser=0&hl=en&gl=US",,,9.0,2.0,10.0,10.0,73.0,74,https://lh3.googleusercontent.com/gps-cs-s/AB5caB-ayXUmw8q3mPziQFBQRoqj0Z-n725xuYcYM-7NC5Xwrs8njHNeenJC26u8_Xiq4THjeOSppv818GoNQypHODlBA3Tn34wKAeXPpkjjuNxfFGbj4b73DMtpW2lV_CuHatLLZ9s=w800-h500-k-no,https://lh3.googleusercontent.com/gps-cs-s/AB5caB-ayXUmw8q3mPziQFBQRoqj0Z-n725xuYcYM-7NC5Xwrs8njHNeenJC26u8_Xiq4THjeOSppv818GoNQypHODlBA3Tn34wKAeXPpkjjuNxfFGbj4b73DMtpW2lV_CuHatLLZ9s=w1600-h1000-k-no,,"{""Monday"": ""1-9PM"", ""Tuesday"": ""1-9PM"", ""Wednesday"": ""1-9PM"", ""Thursday"": ""1-9PM"", ""Friday"": ""1-10PM"", ""Saturday"": ""1-10PM"", ""Sunday"": ""1-9PM""}",Monday:1-9PM|Tuesday:1-9PM|Wednesday:1-9PM|Thursday:1-9PM|Friday:1-10PM|Saturday:1-10PM|Sunday:1-9PM,,,OPERATIONAL,"{""Service options"": {""Onsite services"": true, ""Takeout"": true, ""Dine-in"": true, ""Delivery"": false}, ""Highlights"": {""Great tea selection"": true}, ""Accessibility"": {""Wheelchair accessible entrance"": true, ""Wheelchair accessible parking lot"": true}}",,,https://lh3.googleusercontent.com/-gyazFAujrQw/AAAAAAAAAAI/AAAAAAAAAAA/w2CAUIKvAYc/s44-p-k-no-ns-nd/photo.jpg,,,True,108960734773314870195,BobaLust Burien,https://www.google.com/maps/contrib/108960734773314870195,,,,,"https://www.google.com/maps/place/BobaLust+Burien/@47.4712562,-122.33498469999999,14z/data=!4m8!1m2!2m1!1sBobaLust+Burien!3m4!1s0x5490430ef6c145ab:0xfc80af1b9bfb5db5!8m2!3d47.4712562!4d-122.33498469999999","https://www.google.com/maps/place/BobaLust+Burien/@47.4712562,-122.33498469999999,13.99z/data=!4m16!1m7!3m6!1s0x5490430ef6c145ab:0xfc80af1b9bfb5db5!2sBobaLust+Burien!8m2!3d47.4712562!4d-122.33498469999999!16s%2Fg%2F11ckvg1dmb!3m7!1s0x5490430ef6c145ab:0xfc80af1b9bfb5db5!8m2!3d47.4712562!4d-122.33498469999999!9m1!1b1!16s%2Fg%2F11ckvg1dmb?entry=ttu",ChIJq0XB9g5DkFQRtV37mxuvgPw,0x5490430ef6c145ab:0xfc80af1b9bfb5db5,18194735027692723637,/g/11p16dn3g8,-252009046016827979,,jobs@bobalust.com,RECEIVING,SMTP validated,,,,,,,,,,,,,,,,,,,,,,,,,https://www.facebook.com/105840394553388,,,,,,,,,,,,,,,HOME | bobalust,Wix.com Website Builder,,,False,False
"boba tea, 98158, Seattle, WA, US",BobaLust Tea House,Bobalust Tea House,http://bobalustteahouse.com/,Bubble tea store,Bubble tea store,Bubble tea store,,"319 Tukwila Pkwy, Tukwila, WA 98188",Southcenter,319 Tukwila Pkwy,Tukwila,98188,Washington,Washington,United States of America,US,47.4609732,-122.2534865,8928d552043ffff,America/Los_Angeles,,False,4.6,714,"https://search.google.com/local/reviews?placeid=ChIJl0-WCtVckFQRKnzjnmUYsP0&q=boba+tea,+98158,+Seattle,+WA,+US&authuser=0&hl=en&gl=US",,,21.0,20.0,27.0,118.0,528.0,306,https://lh3.googleusercontent.com/gps-cs-s/AB5caB-HaCeGCh-JBOuGgN8dMCJFSqLrh7Ujdn5JerIDFO79vwoxBvYI4rmwNTSeRZR3QpVQE92tfG3lyL8tauM-Yb9AcVW9KXyYgtVpy4ImKEEpiNWWSea26CliGPHHCD3twsbknFbDbg=w800-h500-k-no,https://lh3.googleusercontent.com/gps-cs-s/AB5caB-HaCeGCh-JBOuGgN8dMCJFSqLrh7Ujdn5JerIDFO79vwoxBvYI4rmwNTSeRZR3QpVQE92tfG3lyL8tauM-Yb9AcVW9KXyYgtVpy4ImKEEpiNWWSea26CliGPHHCD3twsbknFbDbg=w1600-h1000-k-no,,"{""Monday"": ""12-11PM"", ""Tuesday"": ""12-11PM"", ""Wednesday"": ""12-11PM"", ""Thursday"": ""12-11PM"", ""Friday"": ""12PM-12AM"", ""Saturday"": ""12PM-12AM"", ""Sunday"": ""12-11PM""}",Monday:12-11PM|Tuesday:12-11PM|Wednesday:12-11PM|Thursday:12-11PM|Friday:12PM-12AM|Saturday:12PM-12AM|Sunday:12-11PM,,,OPERATIONAL,"{""Service options"": {""Onsite services"": true, ""Takeout"": true, ""Dine-in"": true, ""Delivery"": false}, ""Highlights"": {""Great tea selection"": true}, ""Accessibility"": {""Wheelchair accessible entrance"": true, ""Wheelchair accessible parking lot"": true, ""Wheelchair accessible restroom"": true}}",$,,https://lh4.googleusercontent.com/-RVTDz0yRyEU/AAAAAAAAAAI/AAAAAAAAAAA/WvsKiTHDzVY/s44-p-k-no-ns-nd/photo.jpg,"Easygoing, counter-serve operation for hot & cold Asian bubble drinks in a variety of flavors.",,True,117811555804242346021,BobaLust Tea House,https://www.google.com/maps/contrib/117811555804242346021,,,,,"https://www.google.com/maps/place/BobaLust+Tea+House/@47.4609732,-122.2534865,14z/data=!4m8!1m2!2m1!1sBobaLust+Tea+House!3m4!1s0x54905cd50a964f97:0xfdb018659ee37c2a!8m2!3d47.4609732!4d-122.2534865","https://www.google.com/maps/place/BobaLust+Tea+House/@47.4609732,-122.2534865,13.99z/data=!4m16!1m7!3m6!1s0x54905cd50a964f97:0xfdb018659ee37c2a!2sBobaLust+Tea+House!8m2!3d47.4609732!4d-122.2534865!16s%2Fg%2F11ckvg1dmb!3m7!1s0x54905cd50a964f97:0xfdb018659ee37c2a!8m2!3d47.4609732!4d-122.2534865!9m1!1b1!16s%2Fg%2F11ckvg1dmb?entry=ttu",ChIJl0-WCtVckFQRKnzjnmUYsP0,0x54905cd50a964f97:0xfdb018659ee37c2a,18280137712233315370,/g/11gdqsp59f,-166606361476236246,,jobs@bobalust.com,RECEIVING,SMTP validated,,,,,,,,,,,,,,,,,,,,,,,,,https://www.facebook.com/105840394553388,,,,,,,,,,,,,,,HOME | bobalust,Wix.com Website Builder,,,False,False
"boba tea, 98158, Seattle, WA, US",Tea Time & Coffee,Tea Time And Coffee,https://www.teatimeandcoffee.com/,"Bubble tea store, Bakery, Coffee shop, Dessert shop, Tea house",Bubble tea store,Bubble tea store,+1 206-677-4008,"16854 Southcenter Pkwy, Tukwila, WA 98188",Southcenter,16854 Southcenter Pkwy,Tukwila,98188,Washington,Washington,United States of America,US,47.452557399999996,-122.2616345,8928d5520d7ffff,America/Los_Angeles,,False,4.6,340,"https://search.google.com/local/reviews?placeid=ChIJdb2S0fBdkFQRMf6zc4X2nGU&q=boba+tea,+98158,+Seattle,+WA,+US&authuser=0&hl=en&gl=US",,,15.0,3.0,11.0,47.0,264.0,341,https://lh3.googleusercontent.com/gps-cs-s/AB5caB8d2TUysiyGX-PPjNioodIWVg6X_kV5RvdJCqXWhUAviO5d9zpPkxzD05F4Mv5umJ4A60O57aB_Q2DA5PhoGr4lPOxWmZtQHaVgukISfo5c34WmHpZdj_08cNY3N0q_SPGXVAv_=w800-h500-k-no,https://lh3.googleusercontent.com/gps-cs-s/AB5caB8d2TUysiyGX-PPjNioodIWVg6X_kV5RvdJCqXWhUAviO5d9zpPkxzD05F4Mv5umJ4A60O57aB_Q2DA5PhoGr4lPOxWmZtQHaVgukISfo5c34WmHpZdj_08cNY3N0q_SPGXVAv_=w1600-h1000-k-no,,"{""Monday"": ""11:30AM-9:30PM"", ""Tuesday"": ""11:30AM-9:30PM"", ""Wednesday"": ""11:30AM-9:30PM"", ""Thursday"": ""11:30AM-9:30PM"", ""Friday"": ""11AM-10:30PM"", ""Saturday"": ""11AM-10:30PM"", ""Sunday"": ""11AM-9:30PM""}",Monday:11:30AM-9:30PM|Tuesday:11:30AM-9:30PM|Wednesday:11:30AM-9:30PM|Thursday:11:30AM-9:30PM|Friday:11AM-10:30PM|Saturday:11AM-10:30PM|Sunday:11AM-9:30PM,,,OPERATIONAL,"{""From the business"": {""Identifies as Asian-owned"": true, ""Identifies as women-owned"": true}, ""Service options"": {""Delivery"": true, ""Onsite services"": true, ""Takeout"": true, ""Dine-in"": true}, ""Highlights"": {""Great tea selection"": true}, ""Accessibility"": {""Wheelchair accessible entrance"": true, ""Wheelchair accessible parking lot"": true, ""Wheelchair accessible restroom"": true}, ""Parking"": {""Free parking lot"": true, ""Free street parking"": true}, ""Other"": {""Identifies as women-owned"": true, ""Identifies as Asian-owned"": true}}",$,,https://lh5.googleusercontent.com/-MD2MqnW5Sys/AAAAAAAAAAI/AAAAAAAAAAA/mT1n9Z7o3C4/s44-p-k-no-ns-nd/photo.jpg,,,True,108239992911441543326,Tea Time & Coffee,https://www.google.com/maps/contrib/108239992911441543326,,"https://www.google.com/viewer/chooseprovider?mid=/g/11f6cqyq10&g2lbs=AAEPWCuN3fyv6AAzx7K7yQgC2ETgB23jZtZhNidpwgRmw9kMxpNWoOiSfh3DNcoX2KvIC1UUi_uOvsUhymcg0iyaTcH7WmzvDg%3D%3D&hl=en-US&gl=us&fo_m=MfohQo559jFvMUOzJVpjPL1YMfZ3bInYwBDuMfaXTPp5KXh-&utm_source=tactile&gei=QNcCaKj0A6yKi-gPrJ2m-As&ei=QNcCaKj0A6yKi-gPrJ2m-As&fo_s=OA,SOE&opi=79508299&ebb=1&cs=0&foub=mcpp",,,"https://www.google.com/maps/place/Tea+Time+%26+Coffee/@47.452557399999996,-122.2616345,14z/data=!4m8!1m2!2m1!1sTea+Time+%26+Coffee!3m4!1s0x54905df0d192bd75:0x659cf68573b3fe31!8m2!3d47.452557399999996!4d-122.2616345","https://www.google.com/maps/place/Tea+Time+%26+Coffee/@47.452557399999996,-122.2616345,13.99z/data=!4m16!1m7!3m6!1s0x54905df0d192bd75:0x659cf68573b3fe31!2sTea+Time+%26+Coffee!8m2!3d47.452557399999996!4d-122.2616345!16s%2Fg%2F11ckvg1dmb!3m7!1s0x54905df0d192bd75:0x659cf68573b3fe31!8m2!3d47.452557399999996!4d-122.2616345!9m1!1b1!16s%2Fg%2F11ckvg1dmb?entry=ttu",ChIJdb2S0fBdkFQRMf6zc4X2nGU,0x54905df0d192bd75:0x659cf68573b3fe31,7321998147229842993,/g/11f6cqyq10,7321998147229842993,,,,,,,,,,,,,,,,,,,,,,,,,,2532368077,,,,,,,,,,,,,,,,,,Home - Tea Time & Coffee,,"Online ordering menu for Tea Time & Coffee. Welcome to Tea Time & Coffee! We serve food such as Tea Time, Dragon Fruit Lychee, Hokkaido Milk Tea and Rose Oolong Milk Tea. We are located on Southcenter Pkwy, near to Parkway Square Shopping Center. Order online for carryout today!",,False,True
"boba tea, 98158, Seattle, WA, US",Hyson Boba Tea & Cafe,Hyson Boba Tea And Cafe,https://hysonbobateacafe.com/,Bubble tea store,Bubble tea store,Bubble tea store,+1 206-653-5326,"2207 E Madison St, Seattle, WA 98112",Minor,2207 E Madison St,Seattle,98112,Washington,Washington,United States of America,US,47.6181932,-122.3037719,8928d542e9bffff,America/Los_Angeles,,False,4.9,119,"https://search.google.com/local/reviews?placeid=ChIJZTy2dZ5rkFQRFVlqrXPh11Y&q=boba+tea,+98158,+Seattle,+WA,+US&authuser=0&hl=en&gl=US",,,0.0,2.0,3.0,3.0,111.0,81,https://lh3.googleusercontent.com/gps-cs-s/AB5caB8T7ocS65CVGHZOAcp85gY8WYjnb-isOLAqhVyo36Uqpn6sYRUm02aZIWR00X2QP4kXNVhFp4Kb4pf36b28UFehZACWzC6xRWvwmEoV6BnBwzKKeSkuvErufkTKv-yt9OI0pQ63=w800-h500-k-no,https://lh3.googleusercontent.com/gps-cs-s/AB5caB8T7ocS65CVGHZOAcp85gY8WYjnb-isOLAqhVyo36Uqpn6sYRUm02aZIWR00X2QP4kXNVhFp4Kb4pf36b28UFehZACWzC6xRWvwmEoV6BnBwzKKeSkuvErufkTKv-yt9OI0pQ63=w1600-h1000-k-no,,"{""Monday"": ""7AM-8PM"", ""Tuesday"": ""7AM-8PM"", ""Wednesday"": ""7AM-8PM"", ""Thursday"": ""7AM-8PM"", ""Friday"": ""7AM-8PM"", ""Saturday"": ""7AM-9PM"", ""Sunday"": ""7AM-8PM""}",Monday:7AM-8PM|Tuesday:7AM-8PM|Wednesday:7AM-8PM|Thursday:7AM-8PM|Friday:7AM-8PM|Saturday:7AM-9PM|Sunday:7AM-8PM,,,OPERATIONAL,"{""Service options"": {""No-contact delivery"": true, ""Delivery"": true, ""Takeout"": true, ""Dine-in"": true}, ""Accessibility"": {""Wheelchair accessible entrance"": true}, ""Parking"": {""Free parking lot"": true, ""Free street parking"": true}}",$,,https://lh4.googleusercontent.com/-fDQ0w-tzCmc/AAAAAAAAAAI/AAAAAAAAAAA/spWp-O68i9g/s44-p-k-no-ns-nd/photo.jpg,,,True,115347349326815921922,Hyson Boba Tea & Cafe,https://www.google.com/maps/contrib/115347349326815921922,,"https://www.google.com/viewer/chooseprovider?mid=/g/11vzgnvbnc&g2lbs=AAEPWCu6uPdryUaQdJKVVgUBq8TmcQosLyDO5OBWjvIYiV8m8fX8s2A9pvtRXsC5GzNww9N71twVp1jwufhVYG_aKISiH-xqSQ%3D%3D&hl=en-US&gl=us&fo_m=MfohQo559jFvMUOzJVpjPL1YMfZ3bInYwBDuMfaXTPp5KXh-&utm_source=tactile&gei=QNcCaKj0A6yKi-gPrJ2m-As&ei=QNcCaKj0A6yKi-gPrJ2m-As&fo_s=OA,SOE&opi=79508299&ebb=1&cs=0&foub=mcpp",,,"https://www.google.com/maps/place/Hyson+Boba+Tea+%26+Cafe/@47.6181932,-122.3037719,14z/data=!4m8!1m2!2m1!1sHyson+Boba+Tea+%26+Cafe!3m4!1s0x54906b9e75b63c65:0x56d7e173ad6a5915!8m2!3d47.6181932!4d-122.3037719","https://www.google.com/maps/place/Hyson+Boba+Tea+%26+Cafe/@47.6181932,-122.3037719,13.99z/data=!4m16!1m7!3m6!1s0x54906b9e75b63c65:0x56d7e173ad6a5915!2sHyson+Boba+Tea+%26+Cafe!8m2!3d47.6181932!4d-122.3037719!16s%2Fg%2F11ckvg1dmb!3m7!1s0x54906b9e75b63c65:0x56d7e173ad6a5915!8m2!3d47.6181932!4d-122.3037719!9m1!1b1!16s%2Fg%2F11ckvg1dmb?entry=ttu",ChIJZTy2dZ5rkFQRFVlqrXPh11Y,0x54906b9e75b63c65:0x56d7e173ad6a5915,6257718094201510165,/g/11vzgnvbnc,6257718094201510165,,,,,,,,,,,,,,,,,,,,,,,,,,,,,,https://instagram.com/hysonbobateacafe,,,,,,,,,,,,https://github.com/clauseggers/,,Home,Starfield Technologies; Go Daddy Website Builder 8.0.0000,"Hyson Boba Tea & Cafe - The Ultimate Destination for Bubble Tea Lovers
Welcome to Hyson Boba Tea & Cafe
Discover the finest boba tea experience at Hyson Boba Tea & Cafe, your go-to spot for delicious bubble tea, refreshing beverages, and a cozy cafe ambiance. 2207 E Madison st",,False,False
"boba tea, 98158, Seattle, WA, US",S Level Tea,S Level Tea,https://slevelteaus.com/,Bubble tea store,Bubble tea store,Bubble tea store,+1 206-947-9508,"546 SW 152nd St, Burien, WA 98166",None,546 SW 152nd St,Burien,98166,Washington,Washington,United States of America,US,47.4669823,-122.3409957,8928d5cd347ffff,America/Los_Angeles,,False,4.2,28,"https://search.google.com/local/reviews?placeid=ChIJm3XMX2FDkFQRaoWb9Nh0T3g&q=boba+tea,+98158,+Seattle,+WA,+US&authuser=0&hl=en&gl=US",,,3.0,2.0,0.0,4.0,19.0,235,https://lh3.googleusercontent.com/gps-cs-s/AB5caB-rYqJvB8nbAKsho9BQaZHOGsZg6yaDaT3SZKpk37PYNgWrNyjZhj0WvB0hpWFW95peBWCdeiUpIjRWWDBaLrFT-lDvLMIylZrIzQ4JGPqtTAa1yj8trHChWZShLTNGOxUzMYI=w800-h500-k-no,https://lh3.googleusercontent.com/gps-cs-s/AB5caB-rYqJvB8nbAKsho9BQaZHOGsZg6yaDaT3SZKpk37PYNgWrNyjZhj0WvB0hpWFW95peBWCdeiUpIjRWWDBaLrFT-lDvLMIylZrIzQ4JGPqtTAa1yj8trHChWZShLTNGOxUzMYI=w1600-h1000-k-no,,"{""Monday"": ""11AM-9PM"", ""Tuesday"": ""11AM-9PM"", ""Wednesday"": ""11AM-9PM"", ""Thursday"": ""11AM-9PM"", ""Friday"": ""11AM-10PM"", ""Saturday"": ""11AM-10PM"", ""Sunday"": ""11AM-9PM""}",Monday:11AM-9PM|Tuesday:11AM-9PM|Wednesday:11AM-9PM|Thursday:11AM-9PM|Friday:11AM-10PM|Saturday:11AM-10PM|Sunday:11AM-9PM,,,OPERATIONAL,"{""Service options"": {""Curbside pickup"": true, ""Delivery"": true, ""Takeout"": true, ""Dine-in"": true}, ""Highlights"": {""Great tea selection"": true}, ""Accessibility"": {""Wheelchair accessible entrance"": true, ""Wheelchair accessible parking lot"": true}}",$$,,https://lh6.googleusercontent.com/-4KNGTF_rqJI/AAAAAAAAAAI/AAAAAAAAAAA/NBVCf6pm2vc/s44-p-k-no-ns-nd/photo.jpg,,,True,111787547140520895776,S Level Tea,https://www.google.com/maps/contrib/111787547140520895776,,"https://www.google.com/viewer/chooseprovider?mid=/g/11wbdxbhj4&g2lbs=AAEPWCsqLVavIuNc9fk1OD0egIArfr5yVkhQRiuJdHbgoXRanRpz9Y5MqFFl1X3aPcgZKbAQUVfW4XBUvZjSf3qbQcNnqRw8tA%3D%3D&hl=en-US&gl=us&fo_m=MfohQo559jFvMUOzJVpjPL1YMfZ3bInYwBDuMfaXTPp5KXh-&utm_source=tactile&gei=QNcCaKj0A6yKi-gPrJ2m-As&ei=QNcCaKj0A6yKi-gPrJ2m-As&fo_s=OA,SOE&opi=79508299&ebb=1&cs=0&foub=mcpp",,,"https://www.google.com/maps/place/S+Level+Tea/@47.4669823,-122.3409957,14z/data=!4m8!1m2!2m1!1sS+Level+Tea!3m4!1s0x549043615fcc759b:0x784f74d8f49b856a!8m2!3d47.4669823!4d-122.3409957","https://www.google.com/maps/place/S+Level+Tea/@47.4669823,-122.3409957,13.99z/data=!4m16!1m7!3m6!1s0x549043615fcc759b:0x784f74d8f49b856a!2sS+Level+Tea!8m2!3d47.4669823!4d-122.3409957!16s%2Fg%2F11ckvg1dmb!3m7!1s0x549043615fcc759b:0x784f74d8f49b856a!8m2!3d47.4669823!4d-122.3409957!9m1!1b1!16s%2Fg%2F11ckvg1dmb?entry=ttu",ChIJm3XMX2FDkFQRaoWb9Nh0T3g,0x549043615fcc759b:0x784f74d8f49b856a,8669276282877085034,/g/11wbdxbhj4,8669276282877085034,,sleveltea@gmail.com,RECEIVING,Verified,,,,,,,,,,,,,,,,,,,,,,,,,,,,,,,,,,,,,,,,Slevelteaus,WordPress 6.6.1,,,False,False
"boba tea, 98158, Seattle, WA, US",Boba Gem Tea House,Boba Gem Tea House,https://www.bobagemteahouse.com/,Bubble tea store,Bubble tea store,Bubble tea store,+1 206-545-3866,"4213 University Wy NE, Seattle, WA 98105",University District,4213 University Wy NE,Seattle,98105,Washington,Washington,United States of America,US,47.658759499999995,-122.31354139999999,8928d540c83ffff,America/Los_Angeles,,False,4.5,170,"https://search.google.com/local/reviews?placeid=ChIJh8Ks7j4VkFQRuYOdF0fAAmc&q=boba+tea,+98158,+Seattle,+WA,+US&authuser=0&hl=en&gl=US",,,8.0,1.0,9.0,28.0,124.0,158,https://lh3.googleusercontent.com/gps-cs-s/AB5caB8xl0UbtnLimgCm9_64B9YTmZ-yBfBaoGMQjKDG0f7nNAPCDusLbk0h_y88_xaIKiJzI26LN31WEw_zXT7a2nh_nHQd3O8TSEajywgqCCypvgIhNAgGh3640SZUv_Vmk4D_Uq4k=w800-h500-k-no,https://lh3.googleusercontent.com/gps-cs-s/AB5caB8xl0UbtnLimgCm9_64B9YTmZ-yBfBaoGMQjKDG0f7nNAPCDusLbk0h_y88_xaIKiJzI26LN31WEw_zXT7a2nh_nHQd3O8TSEajywgqCCypvgIhNAgGh3640SZUv_Vmk4D_Uq4k=w1600-h1000-k-no,,"{""Monday"": ""11AM-10PM"", ""Tuesday"": ""11AM-10PM"", ""Wednesday"": ""11AM-10PM"", ""Thursday"": ""11AM-10PM"", ""Friday"": ""11AM-10PM"", ""Saturday"": ""11AM-10PM"", ""Sunday"": ""11AM-10PM""}",Monday:11AM-10PM|Tuesday:11AM-10PM|Wednesday:11AM-10PM|Thursday:11AM-10PM|Friday:11AM-10PM|Saturday:11AM-10PM|Sunday:11AM-10PM,,,OPERATIONAL,"{""From the business"": {""Identifies as Latino-owned"": true, ""Identifies as women-owned"": true}, ""Service options"": {""Delivery"": true, ""Onsite services"": true, ""Takeout"": true, ""Dine-in"": true}, ""Highlights"": {""Great tea selection"": true}, ""Accessibility"": {""Wheelchair accessible entrance"": true, ""Wheelchair accessible restroom"": true}, ""Amenities"": {""Gender-neutral restroom"": true}, ""Crowd"": {""LGBTQ+ friendly"": true, ""Transgender safespace"": true}, ""Other"": {""LGBTQ+ friendly"": true, ""Identifies as women-owned"": true, ""Identifies as Latino-owned"": true}}",$,,https://lh6.googleusercontent.com/-sV_fPAHdlfA/AAAAAAAAAAI/AAAAAAAAAAA/yUD9UKDnF0o/s44-p-k-no-ns-nd/photo.jpg,,,True,106278449167067026316,Boba Gem Tea House,https://www.google.com/maps/contrib/106278449167067026316,,"https://www.google.com/viewer/chooseprovider?mid=/g/11js7n_s4c&g2lbs=AAEPWCsE75PF0aLQmeaTqaaVFUNi95BowDWMyASPuNWz8_F-lel54FNBAdIu-O81GlTs-0OxfSThlnilr8l5Kl1kQXCVy4QctA%3D%3D&hl=en-US&gl=us&fo_m=MfohQo559jFvMUOzJVpjPL1YMfZ3bInYwBDuMfaXTPp5KXh-&utm_source=tactile&gei=QNcCaKj0A6yKi-gPrJ2m-As&ei=QNcCaKj0A6yKi-gPrJ2m-As&fo_s=OA,SOE&opi=79508299&ebb=1&cs=0&foub=mcpp",,,"https://www.google.com/maps/place/Boba+Gem+Tea+House/@47.658759499999995,-122.31354139999999,14z/data=!4m8!1m2!2m1!1sBoba+Gem+Tea+House!3m4!1s0x5490153eeeacc287:0x6702c047179d83b9!8m2!3d47.658759499999995!4d-122.31354139999999","https://www.google.com/maps/place/Boba+Gem+Tea+House/@47.658759499999995,-122.31354139999999,13.99z/data=!4m16!1m7!3m6!1s0x5490153eeeacc287:0x6702c047179d83b9!2sBoba+Gem+Tea+House!8m2!3d47.658759499999995!4d-122.31354139999999!16s%2Fg%2F11ckvg1dmb!3m7!1s0x5490153eeeacc287:0x6702c047179d83b9!8m2!3d47.658759499999995!4d-122.31354139999999!9m1!1b1!16s%2Fg%2F11ckvg1dmb?entry=ttu",ChIJh8Ks7j4VkFQRuYOdF0fAAmc,0x5490153eeeacc287:0x6702c047179d83b9,7422706547431408569,/g/11js7n_s4c,7422706547431408569,,contact@bobagemteahouse.com,RECEIVING,SMTP validated,,,,,,,,,,,,,,,,,,,,,,,,,,,,,,,,,,,,,,,,Boba Gem,,,,False,False
"boba tea, 98158, Seattle, WA, US",Happy Lemon (Tukwila),Happy Lemon Tukwila,https://www.doordash.com/store/happy-lemon-tukwila-843257/2071552/?preview=1,Bubble tea store,Bubble tea store,Bubble tea store,+1 253-277-3726,"17105 Southcenter Pkwy, Tukwila, WA 98188",Southcenter,17105 Southcenter Pkwy,Tukwila,98188,Washington,Washington,United States of America,US,47.4500488,-122.2633279,8928d55246fffff,America/Los_Angeles,,False,4.2,359,"https://search.google.com/local/reviews?placeid=ChIJr3mq3SVdkFQRJC8xPKTk8Rg&q=boba+tea,+98158,+Seattle,+WA,+US&authuser=0&hl=en&gl=US",,,33.0,16.0,26.0,65.0,219.0,335,https://lh3.googleusercontent.com/gps-cs-s/AB5caB83KMYjC00vIO8NTs5zUShbyXPfonknkfN6w4DxWawSwlaCemhizabykfw70MHmZiuaUdNdnCQomnbv6R6KMQ3gMAgHgHBm7GGlQgQQkNI2bIgYRwVjVPNmr2fgWjDPVufyc78=w800-h500-k-no,https://lh3.googleusercontent.com/gps-cs-s/AB5caB83KMYjC00vIO8NTs5zUShbyXPfonknkfN6w4DxWawSwlaCemhizabykfw70MHmZiuaUdNdnCQomnbv6R6KMQ3gMAgHgHBm7GGlQgQQkNI2bIgYRwVjVPNmr2fgWjDPVufyc78=w1600-h1000-k-no,,"{""Monday"": ""11:30AM-9:30PM"", ""Tuesday"": ""11:30AM-9:30PM"", ""Wednesday"": ""11:30AM-9:30PM"", ""Thursday"": ""11:30AM-9:30PM"", ""Friday"": ""11:30AM-9:30PM"", ""Saturday"": ""11:30AM-9:30PM"", ""Sunday"": ""11:30AM-9:30PM""}",Monday:11:30AM-9:30PM|Tuesday:11:30AM-9:30PM|Wednesday:11:30AM-9:30PM|Thursday:11:30AM-9:30PM|Friday:11:30AM-9:30PM|Saturday:11:30AM-9:30PM|Sunday:11:30AM-9:30PM,,,OPERATIONAL,"{""Service options"": {""No-contact delivery"": true, ""Delivery"": true, ""Onsite services"": true, ""Takeout"": true, ""Dine-in"": true}, ""Highlights"": {""Great tea selection"": true}, ""Accessibility"": {""Wheelchair accessible entrance"": true, ""Wheelchair accessible parking lot"": true, ""Wheelchair accessible restroom"": true, ""Wheelchair accessible seating"": true}}",$,,https://lh4.googleusercontent.com/-oJhMHRu4IY4/AAAAAAAAAAI/AAAAAAAAAAA/rHXqWJjUwgM/s44-p-k-no-ns-nd/photo.jpg,,,True,107132168182344135697,Happy Lemon - Tukwila,https://www.google.com/maps/contrib/107132168182344135697,,"https://www.google.com/viewer/chooseprovider?mid=/g/11fnqgl3kr&g2lbs=AAEPWCuaInWQhxr2UfwZpMtGodtlrEos9RJbO7oUznc6JbmK3JubUmwY2EXrBh84dPlXp0lGAwflI9nE1eprLyJE5Hig4L_y5Q%3D%3D&hl=en-US&gl=us&fo_m=MfohQo559jFvMUOzJVpjPL1YMfZ3bInYwBDuMfaXTPp5KXh-&utm_source=tactile&gei=QNcCaKj0A6yKi-gPrJ2m-As&ei=QNcCaKj0A6yKi-gPrJ2m-As&fo_s=OA,SOE&opi=79508299&ebb=1&cs=0&foub=mcpp",,,"https://www.google.com/maps/place/Happy+Lemon+-+Tukwila/@47.4500488,-122.2633279,14z/data=!4m8!1m2!2m1!1sHappy+Lemon+-+Tukwila!3m4!1s0x54905d25ddaa79af:0x18f1e4a43c312f24!8m2!3d47.4500488!4d-122.2633279","https://www.google.com/maps/place/Happy+Lemon+-+Tukwila/@47.4500488,-122.2633279,13.99z/data=!4m16!1m7!3m6!1s0x54905d25ddaa79af:0x18f1e4a43c312f24!2sHappy+Lemon+-+Tukwila!8m2!3d47.4500488!4d-122.2633279!16s%2Fg%2F11ckvg1dmb!3m7!1s0x54905d25ddaa79af:0x18f1e4a43c312f24!8m2!3d47.4500488!4d-122.2633279!9m1!1b1!16s%2Fg%2F11ckvg1dmb?entry=ttu",ChIJr3mq3SVdkFQRJC8xPKTk8Rg,0x54905d25ddaa79af:0x18f1e4a43c312f24,1797469120333164324,/g/11fnqgl3kr,1797469120333164324,,support@doordash.com,RECEIVING,Catch All,Doordash Support,Doordash,Support,Delivery Driver,18328539660,jcunningham@doordash.com,RECEIVING,SMTP validated,Jason Cunningham,Jason,Cunningham,Engineer Software Ii,,james@doordash.com,RECEIVING,SMTP validated,James Hoyt,James,Hoyt,General Manager,,+1 717-233-7540,+1 978-256-2721,+1 509-792-7323,https://www.facebook.com/mipaisrestaurant/,https://instagram.com/doordash,https://www.linkedin.com/company/doordash-food,,,,,,,,https://twitter.com/doordash,,,,,DoorDash Food Delivery & Takeout - From Restaurants Near You,,"Delivery & takeout from the best local restaurants. Breakfast, lunch, dinner and more, delivered safely to your door. Now offering pickup & no-contact delivery.",,False,False
"boba tea, 98158, Seattle, WA, US",CoCo Bubble Tea,Coco Bubble Tea,https://www.coco-tea.com/,"Bubble tea store, Cafe",Bubble tea store,Bubble tea store,+1 206-453-5007,"728 Southcenter Mall, Tukwila, WA 98188",Southcenter,728 Southcenter Mall,Tukwila,98188,Washington,Washington,United States of America,US,47.45782,-122.2582436,8928d5520cfffff,America/Los_Angeles,,False,3.3,59,"https://search.google.com/local/reviews?placeid=ChIJ2aQ-18pdkFQRhVQR8Xu05u0&q=boba+tea,+98158,+Seattle,+WA,+US&authuser=0&hl=en&gl=US",,,19.0,5.0,3.0,5.0,27.0,158,https://lh3.googleusercontent.com/gps-cs-s/AB5caB89RWutDaEPzgSiRBQKq7hipo1QjcngEsEncBCY-bdCcv7EkYokuD1l0hC31mi5OHZWnTnf9-gKqS25LcE-C0DkC952_Y0WtU5HBbkaE3ugZPaL1AfNUH4RNBCmdgYMLwbsmTfs=w800-h500-k-no,https://lh3.googleusercontent.com/gps-cs-s/AB5caB89RWutDaEPzgSiRBQKq7hipo1QjcngEsEncBCY-bdCcv7EkYokuD1l0hC31mi5OHZWnTnf9-gKqS25LcE-C0DkC952_Y0WtU5HBbkaE3ugZPaL1AfNUH4RNBCmdgYMLwbsmTfs=w1600-h1000-k-no,,"{""Monday"": ""10AM-9PM"", ""Tuesday"": ""10AM-9PM"", ""Wednesday"": ""10AM-9PM"", ""Thursday"": ""10AM-9PM"", ""Friday"": ""10AM-9PM"", ""Saturday"": ""10AM-9PM"", ""Sunday"": ""11AM-7PM""}",Monday:10AM-9PM|Tuesday:10AM-9PM|Wednesday:10AM-9PM|Thursday:10AM-9PM|Friday:10AM-9PM|Saturday:10AM-9PM|Sunday:11AM-7PM,,,OPERATIONAL,"{""Service options"": {""No-contact delivery"": true, ""Delivery"": true, ""Takeout"": true, ""Dine-in"": true}, ""Highlights"": {""Great tea selection"": true}, ""Accessibility"": {""Wheelchair accessible entrance"": true, ""Wheelchair accessible parking lot"": true, ""Wheelchair accessible seating"": true}, ""Parking"": {""Free parking garage"": true, ""Free parking lot"": true, ""Free street parking"": true}}",$,,https://lh5.googleusercontent.com/-wIhpyaL3g_U/AAAAAAAAAAI/AAAAAAAAAAA/eWbv4FtVpn0/s44-p-k-no-ns-nd/photo.jpg,,,True,113650946043285373007,CoCo Bubble Tea,https://www.google.com/maps/contrib/113650946043285373007,,"https://www.google.com/viewer/chooseprovider?mid=/g/11tnm43h85&g2lbs=AAEPWCvKPr8EZO5dvQAeQjm3LFV-GeJQFRqR6ydyjgc9aFxYgdkUUzpuzLYTIhZjVeQIYf-UxY9dkrO4y3s-rRHhEH4b-ycB4Q%3D%3D&hl=en-US&gl=us&fo_m=MfohQo559jFvMUOzJVpjPL1YMfZ3bInYwBDuMfaXTPp5KXh-&utm_source=tactile&gei=QNcCaKj0A6yKi-gPrJ2m-As&ei=QNcCaKj0A6yKi-gPrJ2m-As&fo_s=OA,SOE&opi=79508299&ebb=1&cs=0&foub=mcpp",,,"https://www.google.com/maps/place/CoCo+Bubble+Tea/@47.45782,-122.2582436,14z/data=!4m8!1m2!2m1!1sCoCo+Bubble+Tea!3m4!1s0x54905dcad73ea4d9:0xede6b47bf1115485!8m2!3d47.45782!4d-122.2582436","https://www.google.com/maps/place/CoCo+Bubble+Tea/@47.45782,-122.2582436,13.99z/data=!4m16!1m7!3m6!1s0x54905dcad73ea4d9:0xede6b47bf1115485!2sCoCo+Bubble+Tea!8m2!3d47.45782!4d-122.2582436!16s%2Fg%2F11ckvg1dmb!3m7!1s0x54905dcad73ea4d9:0xede6b47bf1115485!8m2!3d47.45782!4d-122.2582436!9m1!1b1!16s%2Fg%2F11ckvg1dmb?entry=ttu",ChIJ2aQ-18pdkFQRhVQR8Xu05u0,0x54905dcad73ea4d9:0xede6b47bf1115485,17142587476050793605,/g/11tnm43h85,-1304156597658758011,,service@coco-tea.com,RECEIVING,SMTP validated,,,,,,coco@coco-tea.com,RECEIVING,SMTP validated,Unknown ?,Unknown,?,,7323174410,justin.tan@coco-tea.com,RECEIVING,SMTP validated,Justin .,Justin,.,,4165462996,88633855362,88634994300,886223213329,https://www.facebook.com/cocofreshtea.tw,,http://www.linkedin.com/company/1943091,,,,,,,,,,,,,,,,,,
"boba tea, 98158, Seattle, WA, US",Drip Tea Seattle,Drip Tea Seattle,http://dripteaseattle.com/,Bubble tea store,Bubble tea store,Bubble tea store,+1 206-457-4374,"1416 10th Ave, Seattle, WA 98122",Capitol Hill,1416 10th Ave,Seattle,98122,Washington,Washington,United States of America,US,47.6133145,-122.31927599999999,8928d542c53ffff,America/Los_Angeles,,False,4.4,429,"https://search.google.com/local/reviews?placeid=ChIJrfg2dK5rkFQRoMO4_RR4NZM&q=boba+tea,+98158,+Seattle,+WA,+US&authuser=0&hl=en&gl=US",,,24.0,17.0,28.0,73.0,287.0,609,https://lh3.googleusercontent.com/gps-cs-s/AB5caB_Pw7PqxpUNvEhMLFmaolrkgDCB9TowUK9WKhkHKosSVkC0Ji5KcESQi6NTZJkxVMLqqALhxuWex1UalmkNHUv60ZKDhROCJxBNkngvHDJi2EHqWrd66s3UQNQ8MyhApnZtyaSg=w800-h500-k-no,https://lh3.googleusercontent.com/gps-cs-s/AB5caB_Pw7PqxpUNvEhMLFmaolrkgDCB9TowUK9WKhkHKosSVkC0Ji5KcESQi6NTZJkxVMLqqALhxuWex1UalmkNHUv60ZKDhROCJxBNkngvHDJi2EHqWrd66s3UQNQ8MyhApnZtyaSg=w1600-h1000-k-no,,"{""Monday"": ""12-8PM"", ""Tuesday"": ""12-8PM"", ""Wednesday"": ""12-8PM"", ""Thursday"": ""12-8PM"", ""Friday"": ""12-9PM"", ""Saturday"": ""12-9PM"", ""Sunday"": ""12-8PM""}",Monday:12-8PM|Tuesday:12-8PM|Wednesday:12-8PM|Thursday:12-8PM|Friday:12-9PM|Saturday:12-9PM|Sunday:12-8PM,,,OPERATIONAL,"{""From the business"": {""Identifies as Asian-owned"": true, ""Identifies as women-owned"": true}, ""Service options"": {""Delivery"": true, ""Onsite services"": true, ""Takeout"": true, ""Dine-in"": true}, ""Highlights"": {""Great tea selection"": true}, ""Accessibility"": {""Wheelchair accessible entrance"": true}, ""Other"": {""Identifies as women-owned"": true, ""Identifies as Asian-owned"": true}}",$,,https://lh6.googleusercontent.com/-t9lQs_NWs2k/AAAAAAAAAAI/AAAAAAAAAAA/Zb72tGop__4/s44-p-k-no-ns-nd/photo.jpg,Extensive menu of inventive bubble teas offered in a pared-back venue with an apparel shop.,,True,102644465933814148108,Drip Tea Seattle,https://www.google.com/maps/contrib/102644465933814148108,,"https://www.google.com/viewer/chooseprovider?mid=/g/11j2svyh5l&g2lbs=AAEPWCssFefcALVaOBDp8CiKuML3SgFIX3cOpFzhpb9k5bLDBWTLBFrkpjxRq1VJ6aNVbRlode_Mi5x3kwza9beQ1gVhWedomw%3D%3D&hl=en-US&gl=us&fo_m=MfohQo559jFvMUOzJVpjPL1YMfZ3bInYwBDuMfaXTPp5KXh-&utm_source=tactile&gei=QNcCaKj0A6yKi-gPrJ2m-As&ei=QNcCaKj0A6yKi-gPrJ2m-As&fo_s=OA,SOE&opi=79508299&ebb=1&cs=0&foub=mcpp",,,"https://www.google.com/maps/place/Drip+Tea+Seattle/@47.6133145,-122.31927599999999,14z/data=!4m8!1m2!2m1!1sDrip+Tea+Seattle!3m4!1s0x54906bae7436f8ad:0x93357814fdb8c3a0!8m2!3d47.6133145!4d-122.31927599999999","https://www.google.com/maps/place/Drip+Tea+Seattle/@47.6133145,-122.31927599999999,13.99z/data=!4m16!1m7!3m6!1s0x54906bae7436f8ad:0x93357814fdb8c3a0!2sDrip+Tea+Seattle!8m2!3d47.6133145!4d-122.31927599999999!16s%2Fg%2F11ckvg1dmb!3m7!1s0x54906bae7436f8ad:0x93357814fdb8c3a0!8m2!3d47.6133145!4d-122.31927599999999!9m1!1b1!16s%2Fg%2F11ckvg1dmb?entry=ttu",ChIJrfg2dK5rkFQRoMO4_RR4NZM,0x54906bae7436f8ad:0x93357814fdb8c3a0,10607516528892494752,/g/11j2svyh5l,-7839227544817056864,,john@dripteaseattle.com,INVALID,Cannot validate,,,,,,,,,,,,,,,,,,,,,,,,,,,,,,,,,,,,,,,,,,,,,
"boba tea, 98158, Seattle, WA, US",Puffy Pandy,Puffy Pandy,http://www.puffypandy.com/,"Bubble tea store, Dessert shop, Coffee shop, Ice cream shop",Dessert shop,Bubble tea store,+1 206-841-0052,"9828 16th Ave SW, Seattle, WA 98106",Highline,9828 16th Ave SW,Seattle,98106,Washington,Washington,United States of America,US,47.5147422,-122.3549173,8928d557683ffff,America/Los_Angeles,,False,5.0,157,"https://search.google.com/local/reviews?placeid=ChIJd5hulMtDkFQR2tCSLhbpByw&q=boba+tea,+98158,+Seattle,+WA,+US&authuser=0&hl=en&gl=US",,,0.0,0.0,0.0,7.0,150.0,284,https://lh3.googleusercontent.com/gps-proxy/ALd4DhEboig8DFOEhluT4TMlO3QGtV6ZJXTRMOIRCydh_rPIeiT_Hu7dWivCMODIUmwl2m9YGgp29KRBehCaSVW1l8QEBedWKmqif3BEp55yeh3KHbV-A2vQiqHjXZDdEvgUEi8JxuL2zCD7yVNvQj07uluLAGmV9lE_VR0kNmYTygowf2h5hWbNsA0r=w800-h500-k-no,https://lh3.googleusercontent.com/gps-proxy/ALd4DhEboig8DFOEhluT4TMlO3QGtV6ZJXTRMOIRCydh_rPIeiT_Hu7dWivCMODIUmwl2m9YGgp29KRBehCaSVW1l8QEBedWKmqif3BEp55yeh3KHbV-A2vQiqHjXZDdEvgUEi8JxuL2zCD7yVNvQj07uluLAGmV9lE_VR0kNmYTygowf2h5hWbNsA0r=w1600-h1000-k-no,,"{""Monday"": ""Closed"", ""Tuesday"": ""Closed"", ""Wednesday"": ""12-6PM"", ""Thursday"": ""12-6PM"", ""Friday"": ""12-8PM"", ""Saturday"": ""12-8PM"", ""Sunday"": ""12-6PM""}",Monday:Closed|Tuesday:Closed|Wednesday:12-6PM|Thursday:12-6PM|Friday:12-8PM|Saturday:12-8PM|Sunday:12-6PM,,,OPERATIONAL,"{""From the business"": {""Identifies as Asian-owned"": true, ""Identifies as women-owned"": true, ""Small business"": true}, ""Service options"": {""No-contact delivery"": true, ""Delivery"": true, ""In-store pickup"": true, ""In-store shopping"": true, ""Onsite services"": true, ""Takeout"": true, ""Dine-in"": true, ""Same-day delivery"": true}, ""Accessibility"": {""Wheelchair accessible entrance"": true, ""Wheelchair accessible parking lot"": true, ""Wheelchair accessible restroom"": true, ""Wheelchair accessible seating"": true}, ""Amenities"": {""Gender-neutral restroom"": true, ""Restroom"": true, ""Wi-Fi"": true}, ""Crowd"": {""LGBTQ+ friendly"": true, ""Transgender safespace"": true}, ""Planning"": {""Quick visit"": true}, ""Payments"": {""Credit cards"": true, ""Debit cards"": true, ""NFC mobile payments"": true}, ""Parking"": {""Free street parking"": true}, ""Other"": {""LGBTQ+ friendly"": true, ""Identifies as women-owned"": true, ""Identifies as Asian-owned"": true}}",$,,https://lh4.googleusercontent.com/-nO4ZZFnEiRM/AAAAAAAAAAI/AAAAAAAAAAA/FqRnzChj7eU/s44-p-k-no-ns-nd/photo.jpg,,,True,105195056203272426164,Puffy Pandy,https://www.google.com/maps/contrib/105195056203272426164,,,,,"https://www.google.com/maps/place/Puffy+Pandy/@47.5147422,-122.3549173,14z/data=!4m8!1m2!2m1!1sPuffy+Pandy!3m4!1s0x549043cb946e9877:0x2c07e9162e92d0da!8m2!3d47.5147422!4d-122.3549173","https://www.google.com/maps/place/Puffy+Pandy/@47.5147422,-122.3549173,13.99z/data=!4m16!1m7!3m6!1s0x549043cb946e9877:0x2c07e9162e92d0da!2sPuffy+Pandy!8m2!3d47.5147422!4d-122.3549173!16s%2Fg%2F11ckvg1dmb!3m7!1s0x549043cb946e9877:0x2c07e9162e92d0da!8m2!3d47.5147422!4d-122.3549173!9m1!1b1!16s%2Fg%2F11ckvg1dmb?entry=ttu",ChIJd5hulMtDkFQR2tCSLhbpByw,0x549043cb946e9877:0x2c07e9162e92d0da,3172760743985729754,/g/11t5dpjx09,3172760743985729754,,hello@puffypandy.com,RECEIVING,SMTP validated,,,,,,,,,,,,,,,,,,,,,,,,,https://www.facebook.com/puffypandy,https://instagram.com/puffypandy,,,,,,,,,https://twitter.com/puffypandy,,,,,puffypandy,,,,False,False
"boba tea, 98158, Seattle, WA, US",Boba Smoothies,Boba Smoothies,https://www.westfield.com/southcenter/stores/all-stores/boba-smoothies/53782,Bubble tea store,Bubble tea store,Bubble tea store,+1 206-712-3706,"2800 Southcenter Blvd, Tukwila, WA 98188",Southcenter,2800 Southcenter Blvd,Tukwila,98188,Washington,Washington,United States of America,US,47.459053499999996,-122.25627089999999,8928d552053ffff,America/Los_Angeles,,False,3.8,155,"https://search.google.com/local/reviews?placeid=ChIJc5yNB9NckFQRx5PnUeKETtA&q=boba+tea,+98158,+Seattle,+WA,+US&authuser=0&hl=en&gl=US",,,22.0,13.0,19.0,24.0,77.0,45,https://lh3.googleusercontent.com/gps-proxy/ALd4DhFzFHR8Kw1MoaGNAZVyQ0KdoTfJXRGRIWH4ongJltXSW1Q0_rB2lrYk5brihrq1psViyOLJ6yxkuVCJIgR3qPg1U02kfgEmmD8ZVbml9rmNKyPcqfjpiF_c7-ZMqszr3pEYscXkmnQevdAZs_3wJ9HBaI4f5yI3Lk5cvPHWO8jgKrQVMI9IRS6d=w800-h500-k-no,https://lh3.googleusercontent.com/gps-proxy/ALd4DhFzFHR8Kw1MoaGNAZVyQ0KdoTfJXRGRIWH4ongJltXSW1Q0_rB2lrYk5brihrq1psViyOLJ6yxkuVCJIgR3qPg1U02kfgEmmD8ZVbml9rmNKyPcqfjpiF_c7-ZMqszr3pEYscXkmnQevdAZs_3wJ9HBaI4f5yI3Lk5cvPHWO8jgKrQVMI9IRS6d=w1600-h1000-k-no,,"{""Monday"": ""10AM-9PM"", ""Tuesday"": ""10AM-9PM"", ""Wednesday"": ""10AM-9PM"", ""Thursday"": ""10AM-9PM"", ""Friday"": ""10AM-9PM"", ""Saturday"": ""10AM-9PM"", ""Sunday"": ""11AM-7PM""}",Monday:10AM-9PM|Tuesday:10AM-9PM|Wednesday:10AM-9PM|Thursday:10AM-9PM|Friday:10AM-9PM|Saturday:10AM-9PM|Sunday:11AM-7PM,,,OPERATIONAL,"{""Service options"": {""Delivery"": true, ""Takeout"": true, ""Dine-in"": true}, ""Highlights"": {""Great tea selection"": true}, ""Accessibility"": {""Wheelchair accessible entrance"": true, ""Wheelchair accessible parking lot"": true}}",$,,,"Relaxed counter-serve stop in a shopping mall serving smoothies, milk tea, slushies & gelatos.",,False,None,Boba Smoothies,,,"https://www.google.com/viewer/chooseprovider?mid=/g/1tdkrhqr&g2lbs=AAEPWCtVSthk4J3vvrUcP_ShBJ52JrklRD_dduyhnBBZSEZBanQUFnRY-NJcNLOzVtGQIfnJnGE9TW_nvfZWhJyHUzs1qC9siQ%3D%3D&hl=en-US&gl=us&fo_m=MfohQo559jFvMUOzJVpjPL1YMfZ3bInYwBDuMfaXTPp5KXh-&utm_source=tactile&gei=QNcCaL2AMpqMxc8P3oK4-Q0&ei=QNcCaL2AMpqMxc8P3oK4-Q0&fo_s=OA,SOE&opi=79508299&ebb=1&cs=0&foub=mcpp",,,"https://www.google.com/maps/place/Boba+Smoothies/@47.459053499999996,-122.25627089999999,14z/data=!4m8!1m2!2m1!1sBoba+Smoothies!3m4!1s0x54905cd3078d9c73:0xd04e84e251e793c7!8m2!3d47.459053499999996!4d-122.25627089999999","https://www.google.com/maps/place/Boba+Smoothies/@47.459053499999996,-122.25627089999999,13.99z/data=!4m16!1m7!3m6!1s0x54905cd3078d9c73:0xd04e84e251e793c7!2sBoba+Smoothies!8m2!3d47.459053499999996!4d-122.25627089999999!16s%2Fg%2F11ckvg1dmb!3m7!1s0x54905cd3078d9c73:0xd04e84e251e793c7!8m2!3d47.459053499999996!4d-122.25627089999999!9m1!1b1!16s%2Fg%2F11ckvg1dmb?entry=ttu",ChIJc5yNB9NckFQRx5PnUeKETtA,0x54905cd3078d9c73:0xd04e84e251e793c7,15010080715644048327,/g/1tdkrhqr,-3436663358065503289,,jlau@westfield.com,RECEIVING,Catch All,Jenny Lau,Jenny,Lau,Senior Retail Design Manager,,mtheibert@westfield.com,INVALID,Invalid SMTP,Michael Theibert,Michael,Theibert,Middle Market Field Manager,,lheathershaw@westfield.com,INVALID,Invalid SMTP,Lee Heathershaw,Lee,Heathershaw,Managing Principal,,201.843.2121,301.469.6000,+1 201-843-2121,https://www.facebook.com/lesquatretemps,https://www.instagram.com/westfieldforumdeshalles,http://linkedin.com/company/valley-fair-mall,https://www.tiktok.com/@westfieldforumdeshalles,,,,,,,https://twitter.com/les4temps,,https://www.youtube.com/user/centrumchodovpraha,,,Westfield Donau Zentrum,,Entdecken Sie die großartigen Marken des Westfield Donau Zentrum ! Finden Sie Informationen über die Öffnungszeiten Ihrer Geschäfte auf unserer Website.,Einkaufszentrum |  WESTFIELD DONAU ZENTRUM,False,False
"boba tea, 98158, Seattle, WA, US",Tea Addicts,Tea Addicts,http://www.teaaddictsboba.com/,"Bubble tea store, Frozen yogurt shop, Juice shop, Tea house",Bubble tea store,Bubble tea store,+1 206-466-6004,"1527 Harvard Ave, Seattle, WA 98122",Capitol Hill,1527 Harvard Ave,Seattle,98122,Washington,Washington,United States of America,US,47.614903,-122.3223871,8928d542c57ffff,America/Los_Angeles,,False,4.4,229,"https://search.google.com/local/reviews?placeid=ChIJN45GaxdrkFQRKXKjWdJ2m-4&q=boba+tea,+98158,+Seattle,+WA,+US&authuser=0&hl=en&gl=US",,,13.0,8.0,6.0,45.0,157.0,246,https://lh3.googleusercontent.com/p/AF1QipORmI8Ph9V59SqZz8NajEDbKexkdS0Qm8z9Hhrt=w800-h500-k-no,https://lh3.googleusercontent.com/p/AF1QipORmI8Ph9V59SqZz8NajEDbKexkdS0Qm8z9Hhrt=w1600-h1000-k-no,,"{""Monday"": ""12-8PM"", ""Tuesday"": ""12-8PM"", ""Wednesday"": ""12-8PM"", ""Thursday"": ""12-8PM"", ""Friday"": ""12-8PM"", ""Saturday"": ""12-8PM"", ""Sunday"": ""12-8PM""}",Monday:12-8PM|Tuesday:12-8PM|Wednesday:12-8PM|Thursday:12-8PM|Friday:12-8PM|Saturday:12-8PM|Sunday:12-8PM,,,OPERATIONAL,"{""Service options"": {""Delivery"": true, ""Onsite services"": true, ""Takeout"": true, ""Dine-in"": true}, ""Highlights"": {""Great tea selection"": true}, ""Accessibility"": {""Wheelchair accessible entrance"": true}}",$,,https://lh3.googleusercontent.com/-fQToiuo7gCc/AAAAAAAAAAI/AAAAAAAAAAA/Ayr331rkBqw/s44-p-k-no-ns-nd/photo.jpg,,,True,118126441369089261556,Tea Addicts,https://www.google.com/maps/contrib/118126441369089261556,,"https://www.google.com/viewer/chooseprovider?mid=/g/11fm3msly2&g2lbs=AAEPWCv_g6AuC4TUZsAhX7deRfdqISL-VKRQ8uaNDlc4aTgslt66V-IxeU5G2W-cpEN2_tJtGnHdRnMB3ZaFsE1MDen4cw_mfA%3D%3D&hl=en-US&gl=us&fo_m=MfohQo559jFvMUOzJVpjPL1YMfZ3bInYwBDuMfaXTPp5KXh-&utm_source=tactile&gei=QNcCaL2AMpqMxc8P3oK4-Q0&ei=QNcCaL2AMpqMxc8P3oK4-Q0&fo_s=OA,SOE&opi=79508299&ebb=1&cs=0&foub=mcpp",,,"https://www.google.com/maps/place/Tea+Addicts/@47.614903,-122.3223871,14z/data=!4m8!1m2!2m1!1sTea+Addicts!3m4!1s0x54906b176b468e37:0xee9b76d259a37229!8m2!3d47.614903!4d-122.3223871","https://www.google.com/maps/place/Tea+Addicts/@47.614903,-122.3223871,13.99z/data=!4m16!1m7!3m6!1s0x54906b176b468e37:0xee9b76d259a37229!2sTea+Addicts!8m2!3d47.614903!4d-122.3223871!16s%2Fg%2F11ckvg1dmb!3m7!1s0x54906b176b468e37:0xee9b76d259a37229!8m2!3d47.614903!4d-122.3223871!9m1!1b1!16s%2Fg%2F11ckvg1dmb?entry=ttu",ChIJN45GaxdrkFQRKXKjWdJ2m-4,0x54906b176b468e37:0xee9b76d259a37229,17193466648236093993,/g/11fm3msly2,-1253277425473457623,,,,,,,,,,,,,,,,,,,,,,,,,,,,,,,,,,,,,,,,,,,,Tea Addicts Seattle,,Web site for Tea Addicts Seattle,,,
"boba tea, 98158, Seattle, WA, US",Happy Lemon Renton,Happy Lemon Renton,https://linktr.ee/happylemonwa,Bubble tea store,Bubble tea store,Bubble tea store,+1 425-233-8900,"4250 NE 4th St E, Renton, WA 98059",None,4250 NE 4th St E,Renton,98059,Washington,Washington,United States of America,US,47.4898518,-122.1622285,8928d553207ffff,America/Los_Angeles,,False,4.3,14,"https://search.google.com/local/reviews?placeid=ChIJCbRa9iBnkFQR7koW3gwXpeA&q=boba+tea,+98158,+Seattle,+WA,+US&authuser=0&hl=en&gl=US",,,1.0,2.0,0.0,0.0,11.0,101,https://lh3.googleusercontent.com/p/AF1QipMG3lg7l7S9uTUewIIip7qaoGAiVIxumRqC4ak0=w800-h500-k-no,https://lh3.googleusercontent.com/p/AF1QipMG3lg7l7S9uTUewIIip7qaoGAiVIxumRqC4ak0=w1600-h1000-k-no,,"{""Monday"": ""11AM-9PM"", ""Tuesday"": ""11AM-9PM"", ""Wednesday"": ""11AM-9PM"", ""Thursday"": ""11AM-9PM"", ""Friday"": ""11AM-10PM"", ""Saturday"": ""11AM-10PM"", ""Sunday"": ""11AM-9PM""}",Monday:11AM-9PM|Tuesday:11AM-9PM|Wednesday:11AM-9PM|Thursday:11AM-9PM|Friday:11AM-10PM|Saturday:11AM-10PM|Sunday:11AM-9PM,,,OPERATIONAL,"{""From the business"": {""Identifies as women-owned"": true}, ""Service options"": {""Delivery"": true, ""Takeout"": true, ""Dine-in"": true}, ""Highlights"": {""Great tea selection"": true}, ""Accessibility"": {""Wheelchair accessible entrance"": true, ""Wheelchair accessible parking lot"": true}, ""Crowd"": {""LGBTQ+ friendly"": true, ""Transgender safespace"": true}, ""Parking"": {""Free parking lot"": true}, ""Other"": {""LGBTQ+ friendly"": true, ""Identifies as women-owned"": true}}",$,,https://lh5.googleusercontent.com/-hNuNkNaQ9Yo/AAAAAAAAAAI/AAAAAAAAAAA/smqwYyyI3tY/s44-p-k-no-ns-nd/photo.jpg,,,True,117123966315310753489,Happy Lemon Renton,https://www.google.com/maps/contrib/117123966315310753489,,"https://www.google.com/viewer/chooseprovider?mid=/g/11lzdl85kk&g2lbs=AAEPWCtpZGTnfa0VbSdC7StAdC_hXfgMJi0QSSl_JujAf6i2SLTwbP18YEfzXR3F3dR6bcjcx4yksf8EZCTZ96XK_4JwHwYzXQ%3D%3D&hl=en-US&gl=us&fo_m=MfohQo559jFvMUOzJVpjPL1YMfZ3bInYwBDuMfaXTPp5KXh-&utm_source=tactile&gei=QNcCaL2AMpqMxc8P3oK4-Q0&ei=QNcCaL2AMpqMxc8P3oK4-Q0&fo_s=OA,SOE&opi=79508299&ebb=1&cs=0&foub=mcpp",,,"https://www.google.com/maps/place/Happy+Lemon+Renton/@47.4898518,-122.1622285,14z/data=!4m8!1m2!2m1!1sHappy+Lemon+Renton!3m4!1s0x54906720f65ab409:0xe0a5170cde164aee!8m2!3d47.4898518!4d-122.1622285","https://www.google.com/maps/place/Happy+Lemon+Renton/@47.4898518,-122.1622285,13.99z/data=!4m16!1m7!3m6!1s0x54906720f65ab409:0xe0a5170cde164aee!2sHappy+Lemon+Renton!8m2!3d47.4898518!4d-122.1622285!16s%2Fg%2F11ckvg1dmb!3m7!1s0x54906720f65ab409:0xe0a5170cde164aee!8m2!3d47.4898518!4d-122.1622285!9m1!1b1!16s%2Fg%2F11ckvg1dmb?entry=ttu",ChIJCbRa9iBnkFQR7koW3gwXpeA,0x54906720f65ab409:0xe0a5170cde164aee,16187369779686165230,/g/11lzdl85kk,-2259374294023386386,,alex@linktr.ee,RECEIVING,Catch All,Alex Zaccaria,Alex,Zaccaria,Director,401560033,support@linktr.ee,RECEIVING,SMTP validated,,,,,,press@linktr.ee,RECEIVING,SMTP validated,,,,,,+1 808-955-0050,+1 623-742-6200,+1 716-656-1530,https://www.facebook.com/theoysterhousehk,https://www.instagram.com/kaylawalshrealtor,https://www.linkedin.com/company/russolawgroup,https://tiktok.com/@thesculptinglabedmond,https://medium.com/@axeljordansoundhealing,https://www.reddit.com/u/MoExpat,,https://www.snapchat.com/add/lala412,https://t.me/andorratech,https://wa.me/6282157585905,https://twitter.com/gvwconline,https://vimeo.com/user197640241,https://www.youtube.com/channel/UCsoxXYU70My7BCzUdoFlfQA,https://github.com/ServiceNowDevProgram/,,"kaylawalsh | Instagram, Facebook | Linktree",Gatsby 5.8.1,"Realtor®, MRP Serving Northern Alabama & Tennessee Call/Text: 256-874-2732","Linktr.ee,Linktree,Linking Tool,Bio Link,link,links",False,False
"boba tea, 98158, Seattle, WA, US",Feng Cha,Feng Cha,https://www.fengchausa.com/,Bubble tea store,Bubble tea store,Bubble tea store,+1 425-282-4087,"203 S 2nd St Suite C, Renton, WA 98057",None,203 S 2nd St Suite C,Renton,98057,Washington,Washington,United States of America,US,47.4809974,-122.21477569999999,8928d553113ffff,America/Los_Angeles,,False,4.7,368,"https://search.google.com/local/reviews?placeid=ChIJe2LloaJDkFQRPjkKhJdukxY&q=boba+tea,+98158,+Seattle,+WA,+US&authuser=0&hl=en&gl=US",,,10.0,4.0,8.0,35.0,311.0,276,https://lh3.googleusercontent.com/p/AF1QipO3rYl-mh23wqVcSodmHGcS9R-vBFI_K9W1UNCY=w800-h500-k-no,https://lh3.googleusercontent.com/p/AF1QipO3rYl-mh23wqVcSodmHGcS9R-vBFI_K9W1UNCY=w1600-h1000-k-no,,"{""Monday"": ""11AM-9PM"", ""Tuesday"": ""11AM-9PM"", ""Wednesday"": ""11AM-9PM"", ""Thursday"": ""11AM-9PM"", ""Friday"": ""11AM-9PM"", ""Saturday"": ""11AM-9PM"", ""Sunday"": ""11AM-9PM""}",Monday:11AM-9PM|Tuesday:11AM-9PM|Wednesday:11AM-9PM|Thursday:11AM-9PM|Friday:11AM-9PM|Saturday:11AM-9PM|Sunday:11AM-9PM,,,OPERATIONAL,"{""Service options"": {""Delivery"": true, ""Takeout"": true, ""Dine-in"": true}, ""Highlights"": {""Great tea selection"": true}, ""Accessibility"": {""Wheelchair accessible entrance"": true, ""Wheelchair accessible parking lot"": true, ""Wheelchair accessible restroom"": true}}",$,,https://lh4.googleusercontent.com/-u04vqmcnWUw/AAAAAAAAAAI/AAAAAAAAAAA/z6g_k0uahY4/s44-p-k-no-ns-nd/photo.jpg,,,True,106860241638912692384,Feng Cha,https://www.google.com/maps/contrib/106860241638912692384,,"https://www.google.com/viewer/chooseprovider?mid=/g/11sj4f6hb8&g2lbs=AAEPWCuwgSBSLNZlM3Z328K1UxiBt4lt-KgF7VDy8mf3fEPQ50LqZ7LbMpGdYxAGjzy_QYCYKC8BUoh09eZmQ2C1JodTmW9bhg%3D%3D&hl=en-US&gl=us&fo_m=MfohQo559jFvMUOzJVpjPL1YMfZ3bInYwBDuMfaXTPp5KXh-&utm_source=tactile&gei=QNcCaL2AMpqMxc8P3oK4-Q0&ei=QNcCaL2AMpqMxc8P3oK4-Q0&fo_s=OA,SOE&opi=79508299&ebb=1&cs=0&foub=mcpp",,,"https://www.google.com/maps/place/Feng+Cha/@47.4809974,-122.21477569999999,14z/data=!4m8!1m2!2m1!1sFeng+Cha!3m4!1s0x549043a2a1e5627b:0x16936e97840a393e!8m2!3d47.4809974!4d-122.21477569999999","https://www.google.com/maps/place/Feng+Cha/@47.4809974,-122.21477569999999,13.99z/data=!4m16!1m7!3m6!1s0x549043a2a1e5627b:0x16936e97840a393e!2sFeng+Cha!8m2!3d47.4809974!4d-122.21477569999999!16s%2Fg%2F11ckvg1dmb!3m7!1s0x549043a2a1e5627b:0x16936e97840a393e!8m2!3d47.4809974!4d-122.21477569999999!9m1!1b1!16s%2Fg%2F11ckvg1dmb?entry=ttu",ChIJe2LloaJDkFQRPjkKhJdukxY,0x549043a2a1e5627b:0x16936e97840a393e,1626765487445260606,/g/11sj4f6hb8,1626765487445260606,,rxx@fengchausa.com,INVALID,Cannot validate,,,,,,pxx@fengchausa.com,INVALID,Cannot validate,,,,,,exx@fengchausa.com,INVALID,Cannot validate,,,,,,14252824087,18178831888,14056765033,https://www.facebook.com/114541508221696,,,,,,,,,,,,,,,ORDER | FENG CHA,Wix.com Website Builder,"Our passion for making tea extends far beyond our drinks. We are happy to see people of different backgrounds coming to Feng Cha to chat, hang out, study and work. We are thankful for each everyone's support and will continue working hard to provide a unique and cozy teahouse experience.",,False,False
"boba tea, 98158, Seattle, WA, US",Sharetea Plus Tukwila,Sharetea Plus Tukwila,https://linktr.ee/shareteatukwila,"Bubble tea store, Chicken restaurant",Bubble tea store,Bubble tea store,,"100 Andover Park W Ste 120, Tukwila, WA 98188",Southcenter,100 Andover Park W Ste 120,Tukwila,98188,Washington,Washington,United States of America,US,47.459665099999995,-122.2535862,8928d552053ffff,America/Los_Angeles,,False,4.2,287,"https://search.google.com/local/reviews?placeid=ChIJ62YIZ5JdkFQRFgA4IACQVEQ&q=boba+tea,+98158,+Seattle,+WA,+US&authuser=0&hl=en&gl=US",,,24.0,15.0,23.0,37.0,188.0,299,https://lh3.googleusercontent.com/p/AF1QipOSVwYq8pE5rfMt06LQ2Z9njbFWW8u76AnApib2=w800-h500-k-no,https://lh3.googleusercontent.com/p/AF1QipOSVwYq8pE5rfMt06LQ2Z9njbFWW8u76AnApib2=w1600-h1000-k-no,,"{""Monday"": ""11AM-10PM"", ""Tuesday"": ""11AM-10PM"", ""Wednesday"": ""11AM-10PM"", ""Thursday"": ""11AM-10PM"", ""Friday"": ""11AM-11PM"", ""Saturday"": ""11AM-11PM"", ""Sunday"": ""11AM-10PM""}",Monday:11AM-10PM|Tuesday:11AM-10PM|Wednesday:11AM-10PM|Thursday:11AM-10PM|Friday:11AM-11PM|Saturday:11AM-11PM|Sunday:11AM-10PM,,,OPERATIONAL,"{""From the business"": {""Identifies as Asian-owned"": true}, ""Service options"": {""Delivery"": true, ""Takeout"": true, ""Dine-in"": true}, ""Highlights"": {""Great tea selection"": true}, ""Accessibility"": {""Wheelchair accessible entrance"": true, ""Wheelchair accessible parking lot"": true, ""Wheelchair accessible restroom"": true}, ""Crowd"": {""LGBTQ+ friendly"": true, ""Transgender safespace"": true}, ""Parking"": {""Free parking lot"": true, ""Free street parking"": true}, ""Other"": {""LGBTQ+ friendly"": true, ""Identifies as Asian-owned"": true}}",$,,https://lh6.googleusercontent.com/-N4ff5fr-mcs/AAAAAAAAAAI/AAAAAAAAAAA/jOC6pwvy0Ts/s44-p-k-no-ns-nd/photo.jpg,,,True,106966829060229427142,Sharetea Plus Tukwila,https://www.google.com/maps/contrib/106966829060229427142,,"https://www.google.com/viewer/chooseprovider?mid=/g/11h4vk8py0&g2lbs=AAEPWCtqyRYvvLJ4rrHsmkuTMlhB4_x95CKioackJJt6xEuWyaQi0qxxl338Usj7LsTnW8juBjhneX1DN_bOUKWRE7C_hMOjhQ%3D%3D&hl=en-US&gl=us&fo_m=MfohQo559jFvMUOzJVpjPL1YMfZ3bInYwBDuMfaXTPp5KXh-&utm_source=tactile&gei=QNcCaL2AMpqMxc8P3oK4-Q0&ei=QNcCaL2AMpqMxc8P3oK4-Q0&fo_s=OA,SOE&opi=79508299&ebb=1&cs=0&foub=mcpp",,,"https://www.google.com/maps/place/Sharetea+Plus+Tukwila/@47.459665099999995,-122.2535862,14z/data=!4m8!1m2!2m1!1sSharetea+Plus+Tukwila!3m4!1s0x54905d92670866eb:0x4454900020380016!8m2!3d47.459665099999995!4d-122.2535862","https://www.google.com/maps/place/Sharetea+Plus+Tukwila/@47.459665099999995,-122.2535862,13.99z/data=!4m16!1m7!3m6!1s0x54905d92670866eb:0x4454900020380016!2sSharetea+Plus+Tukwila!8m2!3d47.459665099999995!4d-122.2535862!16s%2Fg%2F11ckvg1dmb!3m7!1s0x54905d92670866eb:0x4454900020380016!8m2!3d47.459665099999995!4d-122.2535862!9m1!1b1!16s%2Fg%2F11ckvg1dmb?entry=ttu",ChIJ62YIZ5JdkFQRFgA4IACQVEQ,0x54905d92670866eb:0x4454900020380016,4923718622837735446,/g/11h4vk8py0,4923718622837735446,,alex@linktr.ee,RECEIVING,Catch All,Alex Zaccaria,Alex,Zaccaria,Director,401560033,support@linktr.ee,RECEIVING,SMTP validated,,,,,,press@linktr.ee,RECEIVING,SMTP validated,,,,,,+1 808-955-0050,+1 623-742-6200,+1 716-656-1530,https://www.facebook.com/theoysterhousehk,https://www.instagram.com/kaylawalshrealtor,https://www.linkedin.com/company/russolawgroup,https://tiktok.com/@thesculptinglabedmond,https://medium.com/@axeljordansoundhealing,https://www.reddit.com/u/MoExpat,,https://www.snapchat.com/add/lala412,https://t.me/andorratech,https://wa.me/6282157585905,https://twitter.com/gvwconline,https://vimeo.com/user197640241,https://www.youtube.com/channel/UCsoxXYU70My7BCzUdoFlfQA,https://github.com/ServiceNowDevProgram/,,"kaylawalsh | Instagram, Facebook | Linktree",Gatsby 5.8.1,"Realtor®, MRP Serving Northern Alabama & Tennessee Call/Text: 256-874-2732","Linktr.ee,Linktree,Linking Tool,Bio Link,link,links",False,False
"boba tea, 98158, Seattle, WA, US",BOGA,Boga,http://www.drinkboga.com/,"Bubble tea store, Deli, Dessert shop",Bubble tea store,Bubble tea store,+1 425-226-2503,"505 S 3rd St Unit A, Renton, WA 98057",Downtown Renton,505 S 3rd St Unit A,Renton,98057,Washington,Washington,United States of America,US,47.4796063,-122.21039719999999,8928d5531c7ffff,America/Los_Angeles,,False,4.8,53,"https://search.google.com/local/reviews?placeid=ChIJcUWH269DkFQR08wJPdJ-WwE&q=boba+tea,+98158,+Seattle,+WA,+US&authuser=0&hl=en&gl=US",,,1.0,0.0,1.0,4.0,47.0,74,https://lh3.googleusercontent.com/p/AF1QipNXZQkXTN5NB8i8QQTfe5ftsvgwAWq1RTt7Xeo=w800-h500-k-no,https://lh3.googleusercontent.com/p/AF1QipNXZQkXTN5NB8i8QQTfe5ftsvgwAWq1RTt7Xeo=w1600-h1000-k-no,,"{""Monday"": ""11:30AM-5PM"", ""Tuesday"": ""11:30AM-5PM"", ""Wednesday"": ""11:30AM-5PM"", ""Thursday"": ""11:30AM-5PM"", ""Friday"": ""11:30AM-5PM"", ""Saturday"": ""Closed"", ""Sunday"": ""Closed""}",Monday:11:30AM-5PM|Tuesday:11:30AM-5PM|Wednesday:11:30AM-5PM|Thursday:11:30AM-5PM|Friday:11:30AM-5PM|Saturday:Closed|Sunday:Closed,"[{""delivery"": {""Monday"": ""11:30 AM-5 PM"", ""Tuesday"": ""11:30 AM-5 PM"", ""Wednesday"": ""11:30 AM-5 PM"", ""Thursday"": ""11:30 AM-5 PM"", ""Friday"": ""11:30 AM-5 PM"", ""Saturday"": ""Closed"", ""Sunday"": ""Closed""}}]",,OPERATIONAL,"{""From the business"": {""Identifies as Asian-owned"": true, ""Identifies as women-owned"": true}, ""Service options"": {""No-contact delivery"": true, ""Delivery"": true, ""Onsite services"": true, ""Takeout"": true, ""Dine-in"": true}, ""Highlights"": {""Great tea selection"": true}, ""Accessibility"": {""Wheelchair accessible entrance"": true, ""Wheelchair accessible parking lot"": true, ""Wheelchair accessible restroom"": true}, ""Crowd"": {""LGBTQ+ friendly"": true, ""Transgender safespace"": true}, ""Parking"": {""Free parking lot"": true, ""Free street parking"": true}, ""Other"": {""LGBTQ+ friendly"": true, ""Identifies as women-owned"": true, ""Identifies as Asian-owned"": true}}",$,,https://lh3.googleusercontent.com/-R68Ix6P3ULI/AAAAAAAAAAI/AAAAAAAAAAA/-sLfGMHQrOU/s44-p-k-no-ns-nd/photo.jpg,,,True,110131069618804478159,BOGA,https://www.google.com/maps/contrib/110131069618804478159,,"https://www.google.com/viewer/chooseprovider?mid=/g/11s5wtyrzd&g2lbs=AAEPWCu9TP2QbQpXCNR0n1VSIS-O1fMFoH9bIMBizl_cESvAoeHE2dhXWPYXvVrMOhzpPFjtlfMWsifa6Ol3gjYh-NGQvq-J-A%3D%3D&hl=en-US&gl=us&fo_m=MfohQo559jFvMUOzJVpjPL1YMfZ3bInYwBDuMfaXTPp5KXh-&utm_source=tactile&gei=QNcCaL2AMpqMxc8P3oK4-Q0&ei=QNcCaL2AMpqMxc8P3oK4-Q0&fo_s=OA,SOE&opi=79508299&ebb=1&cs=0&foub=mcpp",,,"https://www.google.com/maps/place/BOGA/@47.4796063,-122.21039719999999,14z/data=!4m8!1m2!2m1!1sBOGA!3m4!1s0x549043afdb874571:0x15b7ed23d09ccd3!8m2!3d47.4796063!4d-122.21039719999999","https://www.google.com/maps/place/BOGA/@47.4796063,-122.21039719999999,13.99z/data=!4m16!1m7!3m6!1s0x549043afdb874571:0x15b7ed23d09ccd3!2sBOGA!8m2!3d47.4796063!4d-122.21039719999999!16s%2Fg%2F11ckvg1dmb!3m7!1s0x549043afdb874571:0x15b7ed23d09ccd3!8m2!3d47.4796063!4d-122.21039719999999!9m1!1b1!16s%2Fg%2F11ckvg1dmb?entry=ttu",ChIJcUWH269DkFQR08wJPdJ-WwE,0x549043afdb874571:0x15b7ed23d09ccd3,97811258350882003,/g/11s5wtyrzd,97811258350882003,,bogallc2021@gmail.com,RECEIVING,SMTP validated,,,,,,,,,,,,,,,,,,,,,,4252262503,,,https://www.facebook.com/DrinkBOGA,https://www.instagram.com/drinkboga,,,,,,,,,,,,,,BOGA – My WordPress Blog,WordPress 6.1.1,,,False,False
"boba tea, 98158, Seattle, WA, US",TRÀ Viet Coffee & Tea (Southport Renton),Trà Viet Coffee And Tea @ Southport Renton,https://www.travietcoffee.com/,"Bubble tea store, Coffee shop",coffee shops,Bubble tea store,+1 425-572-5520,"1133 Lake Washington Blvd N Suite 83, Renton, WA 98056",None,1133 Lake Washington Blvd N Suite 83,Renton,98056,Washington,Washington,United States of America,US,47.502657,-122.20276659999999,8928d550653ffff,America/Los_Angeles,,False,4.5,117,"https://search.google.com/local/reviews?placeid=ChIJ9VFEV1lpkFQR5g7Kbrp2hAs&q=boba+tea,+98158,+Seattle,+WA,+US&authuser=0&hl=en&gl=US",,,6.0,5.0,5.0,8.0,93.0,170,https://lh3.googleusercontent.com/p/AF1QipMQusvWSfoxejQ1tB-YB0Zrn7hltjZIv4wgsAgK=w800-h500-k-no,https://lh3.googleusercontent.com/p/AF1QipMQusvWSfoxejQ1tB-YB0Zrn7hltjZIv4wgsAgK=w1600-h1000-k-no,,"{""Monday"": ""10AM-7PM"", ""Tuesday"": ""10AM-7PM"", ""Wednesday"": ""10AM-7PM"", ""Thursday"": ""10AM-7PM"", ""Friday"": ""10AM-7PM"", ""Saturday"": ""10AM-7PM"", ""Sunday"": ""10AM-7PM""}",Monday:10AM-7PM|Tuesday:10AM-7PM|Wednesday:10AM-7PM|Thursday:10AM-7PM|Friday:10AM-7PM|Saturday:10AM-7PM|Sunday:10AM-7PM,,,OPERATIONAL,"{""From the business"": {""Identifies as women-owned"": true}, ""Service options"": {""Delivery"": true, ""Takeout"": true}, ""Highlights"": {""Great coffee"": true, ""Great tea selection"": true}, ""Popular for"": {""Solo dining"": true}, ""Accessibility"": {""Wheelchair accessible entrance"": true, ""Wheelchair accessible parking lot"": true}, ""Offerings"": {""Coffee"": true}, ""Dining options"": {""Catering"": true, ""Dessert"": true}, ""Atmosphere"": {""Casual"": true, ""Cozy"": true, ""Trendy"": true}, ""Crowd"": {""College students"": true, ""Family-friendly"": true}, ""Planning"": {""Accepts reservations"": false}, ""Payments"": {""Credit cards"": true, ""Debit cards"": true, ""NFC mobile payments"": true}, ""Children"": {""Good for kids"": true}, ""Parking"": {""Free parking lot"": true, ""Free street parking"": true}, ""Other"": {""Identifies as women-owned"": true}}",$,,https://lh3.googleusercontent.com/-4qLEDEHSloA/AAAAAAAAAAI/AAAAAAAAAAA/n2Zv-b2kQVw/s44-p-k-no-ns-nd/photo.jpg,,,True,115363242026180528574,TRÀ Viet Coffee & Tea @ Southport Renton,https://www.google.com/maps/contrib/115363242026180528574,,,,,"https://www.google.com/maps/place/TR%C3%80+Viet+Coffee+%26+Tea+%40+Southport+Renton/@47.502657,-122.20276659999999,14z/data=!4m8!1m2!2m1!1sTR%C3%80+Viet+Coffee+%26+Tea+%40+Southport+Renton!3m4!1s0x54906959574451f5:0xb8476ba6eca0ee6!8m2!3d47.502657!4d-122.20276659999999","https://www.google.com/maps/place/TR%C3%80+Viet+Coffee+%26+Tea+%40+Southport+Renton/@47.502657,-122.20276659999999,13.99z/data=!4m16!1m7!3m6!1s0x54906959574451f5:0xb8476ba6eca0ee6!2sTR%C3%80+Viet+Coffee+%26+Tea+%40+Southport+Renton!8m2!3d47.502657!4d-122.20276659999999!16s%2Fg%2F11ckvg1dmb!3m7!1s0x54906959574451f5:0xb8476ba6eca0ee6!8m2!3d47.502657!4d-122.20276659999999!9m1!1b1!16s%2Fg%2F11ckvg1dmb?entry=ttu",ChIJ9VFEV1lpkFQR5g7Kbrp2hAs,0x54906959574451f5:0xb8476ba6eca0ee6,829918774437744358,/g/11kgpx8n6x,829918774437744358,,hello@travietcoffee.com,RECEIVING,Verified,,,,,,info@mysite.com,RECEIVING,Confirmed,,,,,,,,,,,,,,,,,,,,,,,,,,,,,,,,HOME | TRAVietCoffee,Wix.com Website Builder,,,False,False
"boba tea, 98158, Seattle, WA, US",32 Below Soft Serve & Bubble Tea,32 Below Soft Serve And Bubble Tea,https://www.32belowsoftserve.com/,"Bubble tea store, Ice cream shop",Ice cream shop,Bubble tea store,,"17054 116th Ave SE, Renton, WA 98058",None,17054 116th Ave SE,Renton,98058,Washington,Washington,United States of America,US,47.4500642,-122.1850216,8928d55348bffff,America/Los_Angeles,,False,4.8,57,"https://search.google.com/local/reviews?placeid=ChIJX0m-TuJdkFQRyj_Tl1Wmt4g&q=boba+tea,+98158,+Seattle,+WA,+US&authuser=0&hl=en&gl=US",,,1.0,0.0,1.0,6.0,49.0,128,https://lh3.googleusercontent.com/p/AF1QipOQq5bR0xm3Qotl-kiiBBgmDdZkqffJqD7tEK8y=w800-h500-k-no,https://lh3.googleusercontent.com/p/AF1QipOQq5bR0xm3Qotl-kiiBBgmDdZkqffJqD7tEK8y=w1600-h1000-k-no,,"{""Monday"": ""2-8PM"", ""Tuesday"": ""2-8PM"", ""Wednesday"": ""2-8PM"", ""Thursday"": ""2-8PM"", ""Friday"": ""2-9PM"", ""Saturday"": ""2-9PM"", ""Sunday"": ""2-8PM""}",Monday:2-8PM|Tuesday:2-8PM|Wednesday:2-8PM|Thursday:2-8PM|Friday:2-9PM|Saturday:2-9PM|Sunday:2-8PM,,,OPERATIONAL,"{""From the business"": {""Identifies as Asian-owned"": true, ""Identifies as women-owned"": true, ""Small business"": true}, ""Service options"": {""Takeout"": true, ""Dine-in"": true, ""Delivery"": false, ""Same-day delivery"": false}, ""Popular for"": {""Solo dining"": true}, ""Accessibility"": {""Wheelchair accessible entrance"": true, ""Wheelchair accessible parking lot"": true}, ""Dining options"": {""Seating"": true}, ""Amenities"": {""Restroom"": true}, ""Atmosphere"": {""Casual"": true}, ""Crowd"": {""Family-friendly"": true, ""LGBTQ+ friendly"": true, ""Transgender safespace"": true}, ""Planning"": {""Quick visit"": true}, ""Payments"": {""Credit cards"": true}, ""Children"": {""Good for kids"": true}, ""Parking"": {""Free parking lot"": true, ""Free street parking"": true}, ""Pets"": {""Dogs allowed outside"": true}, ""Other"": {""LGBTQ+ friendly"": true, ""Identifies as women-owned"": true, ""Identifies as Asian-owned"": true}}",$,,https://lh6.googleusercontent.com/-oteIfVuPmj4/AAAAAAAAAAI/AAAAAAAAAAA/VL2-hpVChSg/s44-p-k-no-ns-nd/photo.jpg,,,True,103670976899452307844,32 Below Soft Serve & Bubble Tea,https://www.google.com/maps/contrib/103670976899452307844,,"https://www.google.com/viewer/chooseprovider?mid=/g/11y5gr6dyl&g2lbs=AAEPWCsypVhCSCtAjxft5GrxTRTLvogB0NW5VUfDGWizCBxxXlMoRLuuPCXnx1uVwF9TFOGmKmQe5SBjoFKlkjAD_YxMuEZrKg%3D%3D&hl=en-US&gl=us&fo_m=MfohQo559jFvMUOzJVpjPL1YMfZ3bInYwBDuMfaXTPp5KXh-&utm_source=tactile&gei=QNcCaL2AMpqMxc8P3oK4-Q0&ei=QNcCaL2AMpqMxc8P3oK4-Q0&fo_s=OA,SOE&opi=79508299&ebb=1&cs=0&foub=mcpp",,,"https://www.google.com/maps/place/32+Below+Soft+Serve+%26+Bubble+Tea/@47.4500642,-122.1850216,14z/data=!4m8!1m2!2m1!1s32+Below+Soft+Serve+%26+Bubble+Tea!3m4!1s0x54905de24ebe495f:0x88b7a65597d33fca!8m2!3d47.4500642!4d-122.1850216","https://www.google.com/maps/place/32+Below+Soft+Serve+%26+Bubble+Tea/@47.4500642,-122.1850216,13.99z/data=!4m16!1m7!3m6!1s0x54905de24ebe495f:0x88b7a65597d33fca!2s32+Below+Soft+Serve+%26+Bubble+Tea!8m2!3d47.4500642!4d-122.1850216!16s%2Fg%2F11ckvg1dmb!3m7!1s0x54905de24ebe495f:0x88b7a65597d33fca!8m2!3d47.4500642!4d-122.1850216!9m1!1b1!16s%2Fg%2F11ckvg1dmb?entry=ttu",ChIJX0m-TuJdkFQRyj_Tl1Wmt4g,0x54905de24ebe495f:0x88b7a65597d33fca,9851525596445884362,/g/11y5gr6dyl,-8595218477263667254,,32belowsoftserve@gmail.com,RECEIVING,Verified,,,,,,,,,,,,,,,,,,,,,,,,,,,,,,,,,,,,,,,,"32 Below Soft Serve & Bubble Tea | Order Now | Dessert shop Renton | 17054 116th Ave SE, Renton, WA 98058, United States",Wix.com Website Builder,"Indulge in the best bubble tea and soft serve ice cream at 32 Below Soft Serve & Bubble Tea in Renton, WA. Order now for dine-in, takeout, or delivery at 17054 116th Ave SE, Renton, WA 98058.",,False,False
"boba tea, 98158, Seattle, WA, US",Yifang Taiwan Fruit Tea,Yifang Taiwan Fruit Tea,https://www.yifangteapnw.com/,Bubble tea store,Bubble tea store,Bubble tea store,+1 425-559-0956,"619 S King St, Seattle, WA 98104",Seattle Chinatown-International District,619 S King St,Seattle,98104,Washington,Washington,United States of America,US,47.5982327,-122.3254515,8928d555273ffff,America/Los_Angeles,,False,4.0,183,"https://search.google.com/local/reviews?placeid=ChIJf4rW859rkFQR1InzUbtWaDk&q=boba+tea,+98158,+Seattle,+WA,+US&authuser=0&hl=en&gl=US",,,27.0,9.0,11.0,20.0,116.0,336,https://lh3.googleusercontent.com/gps-proxy/ALd4DhFAVmBTN1jr3K5srvNrUdOpWtP_bI70HyziHZo-XQRMVW65R4i-nFrmLbe8c9MXVJPP7G2zC1UN8U187TjcmyVOwd_B4eA6OTM-8Bsz_8fPulun3oeVdc0otK4JkgSNrwP9OBCz8zTHsSYLQ9HSDMB_HeOItbPp63f_gCUxX9KD6CdsAd30IvX94w=w800-h500-k-no,https://lh3.googleusercontent.com/gps-proxy/ALd4DhFAVmBTN1jr3K5srvNrUdOpWtP_bI70HyziHZo-XQRMVW65R4i-nFrmLbe8c9MXVJPP7G2zC1UN8U187TjcmyVOwd_B4eA6OTM-8Bsz_8fPulun3oeVdc0otK4JkgSNrwP9OBCz8zTHsSYLQ9HSDMB_HeOItbPp63f_gCUxX9KD6CdsAd30IvX94w=w1600-h1000-k-no,,"{""Monday"": ""11:30AM-9PM"", ""Tuesday"": ""11:30AM-9PM"", ""Wednesday"": ""11:30AM-9PM"", ""Thursday"": ""11:30AM-9PM"", ""Friday"": ""11:30AM-9PM"", ""Saturday"": ""11:30AM-9PM"", ""Sunday"": ""11:30AM-9PM""}",Monday:11:30AM-9PM|Tuesday:11:30AM-9PM|Wednesday:11:30AM-9PM|Thursday:11:30AM-9PM|Friday:11:30AM-9PM|Saturday:11:30AM-9PM|Sunday:11:30AM-9PM,,,OPERATIONAL,"{""From the business"": {""Identifies as women-owned"": true}, ""Service options"": {""No-contact delivery"": true, ""Delivery"": true, ""Onsite services"": true, ""Takeout"": true, ""Dine-in"": true}, ""Highlights"": {""Great tea selection"": true}, ""Accessibility"": {""Wheelchair accessible entrance"": true, ""Wheelchair accessible restroom"": true, ""Wheelchair accessible seating"": true}, ""Crowd"": {""LGBTQ+ friendly"": true}, ""Other"": {""LGBTQ+ friendly"": true, ""Identifies as women-owned"": true}}",$,,https://lh4.googleusercontent.com/-_5SLM66YMoU/AAAAAAAAAAI/AAAAAAAAAAA/jOEdZ6K4-DI/s44-p-k-no-ns-nd/photo.jpg,,,True,109479089092591025660,Yifang Taiwan Fruit Tea,https://www.google.com/maps/contrib/109479089092591025660,,"https://www.google.com/viewer/chooseprovider?mid=/g/11rrp0rf_7&g2lbs=AAEPWCvI_SFenJs0t2U4I6rPQAHSezjD9ucNhHMlT-TqlqRK24VsATHz_yT1xvrr1tGcR_3gwQ4hWjVyEu-eFXjNpCI3_cWxew%3D%3D&hl=en-US&gl=us&fo_m=MfohQo559jFvMUOzJVpjPL1YMfZ3bInYwBDuMfaXTPp5KXh-&utm_source=tactile&gei=QNcCaL2AMpqMxc8P3oK4-Q0&ei=QNcCaL2AMpqMxc8P3oK4-Q0&fo_s=OA,SOE&opi=79508299&ebb=1&cs=0&foub=mcpp",,,"https://www.google.com/maps/place/Yifang+Taiwan+Fruit+Tea/@47.5982327,-122.3254515,14z/data=!4m8!1m2!2m1!1sYifang+Taiwan+Fruit+Tea!3m4!1s0x54906b9ff3d68a7f:0x396856bb51f389d4!8m2!3d47.5982327!4d-122.3254515","https://www.google.com/maps/place/Yifang+Taiwan+Fruit+Tea/@47.5982327,-122.3254515,13.99z/data=!4m16!1m7!3m6!1s0x54906b9ff3d68a7f:0x396856bb51f389d4!2sYifang+Taiwan+Fruit+Tea!8m2!3d47.5982327!4d-122.3254515!16s%2Fg%2F11ckvg1dmb!3m7!1s0x54906b9ff3d68a7f:0x396856bb51f389d4!8m2!3d47.5982327!4d-122.3254515!9m1!1b1!16s%2Fg%2F11ckvg1dmb?entry=ttu",ChIJf4rW859rkFQR1InzUbtWaDk,0x54906b9ff3d68a7f:0x396856bb51f389d4,4136651620273588692,/g/11rrp0rf_7,4136651620273588692,,yifang.sammamish@gmail.com,RECEIVING,SMTP validated,,,,,,,,,,,,,,,,,,,,,,14253697456,,,https://www.facebook.com/100374135917030,,,,,,,,,,,,,,,Home | Yifang Taiwanese Fruit Tea PNW,Wix.com Website Builder,Yifang is a Taiwanese fruit tea and bubble tea franchise. We offer authentic drinks made with care and the freshest ingredients. We have many locations in the Pacific Northwest of the United States.,,False,False
"boba tea, 98158, Seattle, WA, US",TP Tea,Tp Tea,https://en.tp-tea.com/,Bubble tea store,Bubble tea store,Bubble tea store,+1 206-485-7481,"679 S King St, Seattle, WA 98104",Seattle Chinatown-International District,679 S King St,Seattle,98104,Washington,Washington,United States of America,US,47.5982546,-122.3239272,8928d555247ffff,America/Los_Angeles,,False,4.3,319,"https://search.google.com/local/reviews?placeid=ChIJ515TeUBrkFQRdOpO51dsoUk&q=boba+tea,+98158,+Seattle,+WA,+US&authuser=0&hl=en&gl=US",,,23.0,11.0,19.0,59.0,207.0,505,https://lh3.googleusercontent.com/gps-proxy/ALd4DhGrKa2eb0m-kEnhj4ZZbybKoxbaHBa3un6jTjjK_1C4f2ejP2R70aIUXgfw5xZS-1RwFusTJEHeQ-ga6-SA-CMvgQf7LE9-ZjJY-8IvZawNauEGpNuwIrQx8jVZ3QL8hSUSsOYe54RK53CYeXbOZbdmPWoXoNugjBdm2xoEwAl0LLcI6CGwd9pQZw=w800-h500-k-no,https://lh3.googleusercontent.com/gps-proxy/ALd4DhGrKa2eb0m-kEnhj4ZZbybKoxbaHBa3un6jTjjK_1C4f2ejP2R70aIUXgfw5xZS-1RwFusTJEHeQ-ga6-SA-CMvgQf7LE9-ZjJY-8IvZawNauEGpNuwIrQx8jVZ3QL8hSUSsOYe54RK53CYeXbOZbdmPWoXoNugjBdm2xoEwAl0LLcI6CGwd9pQZw=w1600-h1000-k-no,,"{""Monday"": ""12-8PM"", ""Tuesday"": ""12-8PM"", ""Wednesday"": ""12-8PM"", ""Thursday"": ""12-8PM"", ""Friday"": ""12-8PM"", ""Saturday"": ""12-8PM"", ""Sunday"": ""12-8PM""}",Monday:12-8PM|Tuesday:12-8PM|Wednesday:12-8PM|Thursday:12-8PM|Friday:12-8PM|Saturday:12-8PM|Sunday:12-8PM,,,OPERATIONAL,"{""Service options"": {""Delivery"": true, ""Onsite services"": true, ""Takeout"": true, ""Dine-in"": true}, ""Highlights"": {""Great tea selection"": true}, ""Accessibility"": {""Wheelchair accessible parking lot"": false}}",$,,https://lh4.googleusercontent.com/-JwgbCnImEwA/AAAAAAAAAAI/AAAAAAAAAAA/MT5NTXhnptQ/s44-p-k-no-ns-nd/photo.jpg,,,True,114253365062444318066,TP TEA,https://www.google.com/maps/contrib/114253365062444318066,,"https://www.google.com/viewer/chooseprovider?mid=/g/11hllb0txr&g2lbs=AAEPWCs_EjBDp6NoafDY107hEsug9ebdN6zC3_8UfTAMQcxKqmIg2JO92k4wttwiktCAT-qhYy6XqUEZ1QSfCMqksfCQqa3_ow%3D%3D&hl=en-US&gl=us&fo_m=MfohQo559jFvMUOzJVpjPL1YMfZ3bInYwBDuMfaXTPp5KXh-&utm_source=tactile&gei=QNcCaL2AMpqMxc8P3oK4-Q0&ei=QNcCaL2AMpqMxc8P3oK4-Q0&fo_s=OA,SOE&opi=79508299&ebb=1&cs=0&foub=mcpp",,,"https://www.google.com/maps/place/TP+TEA/@47.5982546,-122.3239272,14z/data=!4m8!1m2!2m1!1sTP+TEA!3m4!1s0x54906b4079535ee7:0x49a16c57e74eea74!8m2!3d47.5982546!4d-122.3239272","https://www.google.com/maps/place/TP+TEA/@47.5982546,-122.3239272,13.99z/data=!4m16!1m7!3m6!1s0x54906b4079535ee7:0x49a16c57e74eea74!2sTP+TEA!8m2!3d47.5982546!4d-122.3239272!16s%2Fg%2F11ckvg1dmb!3m7!1s0x54906b4079535ee7:0x49a16c57e74eea74!8m2!3d47.5982546!4d-122.3239272!9m1!1b1!16s%2Fg%2F11ckvg1dmb?entry=ttu",ChIJ515TeUBrkFQRdOpO51dsoUk,0x54906b4079535ee7:0x49a16c57e74eea74,5305640960817818228,/g/11hllb0txr,5305640960817818228,,funeralandholidaygiftemployeehealthchecksrecruitmentmailhr@teapatea.com.tw,INVALID,Invalid SMTP,,,,,,hr@teapatea.com.tw,RECEIVING,SMTP validated,,,,,,,,,,,,,,+886 4 2389 6909,0800800533,886423896909,https://www.facebook.com/tptea2005/,https://www.instagram.com/tptea.taiwan,,,,,,,,,,,,,,茶湯會TP-TEA,,一杯幸福茶，一份人情味。秉持以茶會友的初衷，茶湯會以融合累積30多年來的調茶技術，以簡便不失美味的方式，將大自然賜予的幸福好茶與您分享，歡迎有空來喝茶,TP TEA,False,False
"boba tea, 98158, Seattle, WA, US",Boba Tea Lab,Boba Tea Lab,http://www.ordertogo.com/bobatealab,Bubble tea store,Bubble tea store,Bubble tea store,+1 425-251-8988,"18230 E Valley Hwy #176, Kent, WA 98032",None,18230 E Valley Hwy #176,Kent,98032,Washington,Washington,United States of America,US,47.438477999999996,-122.22032309999999,8928d5c9bb3ffff,America/Los_Angeles,,False,4.2,61,"https://search.google.com/local/reviews?placeid=ChIJVcPUiwJdkFQRy1Swoi8aklY&q=boba+tea,+98158,+Seattle,+WA,+US&authuser=0&hl=en&gl=US",,,7.0,3.0,2.0,8.0,41.0,107,https://lh3.googleusercontent.com/p/AF1QipOPs9GccMis_NbdGQK84nLIs4nY528ALwG0QSit=w800-h500-k-no,https://lh3.googleusercontent.com/p/AF1QipOPs9GccMis_NbdGQK84nLIs4nY528ALwG0QSit=w1600-h1000-k-no,,"{""Monday"": ""12-8PM"", ""Tuesday"": ""12-8PM"", ""Wednesday"": ""12-8PM"", ""Thursday"": ""12-8PM"", ""Friday"": ""12-8PM"", ""Saturday"": ""11AM-8PM"", ""Sunday"": ""11AM-8PM""}",Monday:12-8PM|Tuesday:12-8PM|Wednesday:12-8PM|Thursday:12-8PM|Friday:12-8PM|Saturday:11AM-8PM|Sunday:11AM-8PM,,,OPERATIONAL,"{""Service options"": {""Delivery"": true, ""Takeout"": true, ""Dine-in"": true}, ""Highlights"": {""Great tea selection"": true}, ""Accessibility"": {""Wheelchair accessible entrance"": true, ""Wheelchair accessible parking lot"": true}}",$,,https://lh6.googleusercontent.com/-stxlK9hiABY/AAAAAAAAAAI/AAAAAAAAAAA/71mD8GN-qss/s44-p-k-no-ns-nd/photo.jpg,,,True,114892824213264903244,Boba Tea Lab,https://www.google.com/maps/contrib/114892824213264903244,,"https://www.google.com/viewer/chooseprovider?mid=/g/11c6lszyty&g2lbs=AAEPWCsPOOko_uNLBdA84BDATD4QrHApAsBO4qhVQ6DDChLdtibtCO4AI2vfLuViyFc8zqbJJg6ildmvU99cTMrXWJXHHaE0YA%3D%3D&hl=en-US&gl=us&fo_m=MfohQo559jFvMUOzJVpjPL1YMfZ3bInYwBDuMfaXTPp5KXh-&utm_source=tactile&gei=Q9cCaNv8JvrX1e8PwJmBIA&ei=Q9cCaNv8JvrX1e8PwJmBIA&fo_s=OA,SOE&opi=79508299&ebb=1&cs=0&foub=mcpp",,,"https://www.google.com/maps/place/Boba+Tea+Lab/@47.438477999999996,-122.22032309999999,14z/data=!4m8!1m2!2m1!1sBoba+Tea+Lab!3m4!1s0x54905d028bd4c355:0x56921a2fa2b054cb!8m2!3d47.438477999999996!4d-122.22032309999999","https://www.google.com/maps/place/Boba+Tea+Lab/@47.438477999999996,-122.22032309999999,13.99z/data=!4m16!1m7!3m6!1s0x54905d028bd4c355:0x56921a2fa2b054cb!2sBoba+Tea+Lab!8m2!3d47.438477999999996!4d-122.22032309999999!16s%2Fg%2F11ckvg1dmb!3m7!1s0x54905d028bd4c355:0x56921a2fa2b054cb!8m2!3d47.438477999999996!4d-122.22032309999999!9m1!1b1!16s%2Fg%2F11ckvg1dmb?entry=ttu",ChIJVcPUiwJdkFQRy1Swoi8aklY,0x54905d028bd4c355:0x56921a2fa2b054cb,6238077225756808395,/g/11c6lszyty,6238077225756808395,,hwinspirationsea@gmail.com,RECEIVING,SMTP validated,,,,,,,,,,,,,,,,,,,,,,14255982111,,,https://www.facebook.com/749058231955456,,,,,,,,,,,,,,,Banh Mi XO,,,,False,True
"boba tea, 98208, Everett, WA, US",Sweet N Short Tapioca Tea,Sweet N Short Tapioca Tea,https://sntapiocateal.wixsite.com/sweet-n-short,"Bubble tea store, Coffee shop, Restaurant",Bubble tea store,Bubble tea store,+1 425-265-7200,"35 SE Everett Mall Way Unit 105, Everett, WA 98208",Cascade View,35 SE Everett Mall Way Unit 105,Everett,98208,Washington,Washington,United States of America,US,47.9075023,-122.2325798,8928d0b714fffff,America/Los_Angeles,,False,4.7,353,"https://search.google.com/local/reviews?placeid=ChIJBTmZ-swGkFQRUp0WGEPg3f4&q=boba+tea,+98208,+Everett,+WA,+US&authuser=0&hl=en&gl=US",,,14.0,5.0,7.0,36.0,291.0,257,https://lh3.googleusercontent.com/gps-cs-s/AB5caB_SrbHZs4nAek_cTU1meuUStBvJeb5ghJbOxyDUP6nra2pzThJukfC_wpXPKuMXvEEpThLgOFqjwOFixkrP0DROfftPgjKgE_tYJsFQLplMWvsfwO_f51firZUM7SlFSOjL5tMhWQ=w800-h500-k-no,https://lh3.googleusercontent.com/gps-cs-s/AB5caB_SrbHZs4nAek_cTU1meuUStBvJeb5ghJbOxyDUP6nra2pzThJukfC_wpXPKuMXvEEpThLgOFqjwOFixkrP0DROfftPgjKgE_tYJsFQLplMWvsfwO_f51firZUM7SlFSOjL5tMhWQ=w1600-h1000-k-no,,"{""Monday"": ""10AM-8PM"", ""Tuesday"": ""10AM-8PM"", ""Wednesday"": ""10AM-8PM"", ""Thursday"": ""10AM-8PM"", ""Friday"": ""10AM-8PM"", ""Saturday"": ""10AM-8PM"", ""Sunday"": ""11AM-8PM""}",Monday:10AM-8PM|Tuesday:10AM-8PM|Wednesday:10AM-8PM|Thursday:10AM-8PM|Friday:10AM-8PM|Saturday:10AM-8PM|Sunday:11AM-8PM,,,OPERATIONAL,"{""Service options"": {""Delivery"": true, ""Onsite services"": true, ""Takeout"": true, ""Dine-in"": true}, ""Highlights"": {""Great tea selection"": true}, ""Accessibility"": {""Wheelchair accessible entrance"": true, ""Wheelchair accessible parking lot"": true, ""Wheelchair accessible restroom"": true}, ""Parking"": {""Free parking lot"": true, ""Free street parking"": true}}",$,,https://lh3.googleusercontent.com/-j1fE1oa2djE/AAAAAAAAAAI/AAAAAAAAAAA/tIUChbrxroo/s44-p-k-no-ns-nd/photo.jpg,,,True,113887958905118786252,Sweet N Short Tapioca Tea,https://www.google.com/maps/contrib/113887958905118786252,,"https://www.google.com/viewer/chooseprovider?mid=/g/1261_p3n8&g2lbs=AAEPWCsnnx4rch4JNEypSBD37g-8Q1ZgIwGorjtq7TINwGX97E4Is3dHEB6NvlavnyX12vRf0gOxMU84I2C9kNd_2poqakCHIQ%3D%3D&hl=en-US&gl=us&fo_m=MfohQo559jFvMUOzJVpjPL1YMfZ3bInYwBDuMfaXTPp5KXh-&utm_source=tactile&gei=RdcCaNGMH8fcp84P8dq9kQY&ei=RdcCaNGMH8fcp84P8dq9kQY&fo_s=OA,SOE&opi=79508299&ebb=1&cs=0&foub=mcpp",,,"https://www.google.com/maps/place/Sweet+N+Short+Tapioca+Tea/@47.9075023,-122.2325798,14z/data=!4m8!1m2!2m1!1sSweet+N+Short+Tapioca+Tea!3m4!1s0x549006ccfa993905:0xfedde04318169d52!8m2!3d47.9075023!4d-122.2325798","https://www.google.com/maps/place/Sweet+N+Short+Tapioca+Tea/@47.9075023,-122.2325798,13.99z/data=!4m16!1m7!3m6!1s0x549006ccfa993905:0xfedde04318169d52!2sSweet+N+Short+Tapioca+Tea!8m2!3d47.9075023!4d-122.2325798!16s%2Fg%2F11ckvg1dmb!3m7!1s0x549006ccfa993905:0xfedde04318169d52!8m2!3d47.9075023!4d-122.2325798!9m1!1b1!16s%2Fg%2F11ckvg1dmb?entry=ttu",ChIJBTmZ-swGkFQRUp0WGEPg3f4,0x549006ccfa993905:0xfedde04318169d52,18365081434258316626,/g/1261_p3n8,-81662639451234990,,,,,,,,,,,,,,,,,,,,,,,,,,,,,,,,,,,,,,,,,,,,,,,,,
"boba tea, 98208, Everett, WA, US",Sharetea,Sharetea,https://sharetea-everett-online.myshopify.com/collections/all,Bubble tea store,Bubble tea store,Bubble tea store,+1 425-267-0914,"1130 SE Everett Mall Way ste b, Everett, WA 98208",Twin Creeks,1130 SE Everett Mall Way ste b,Everett,98208,Washington,Washington,United States of America,US,47.9095775,-122.2169,8928d0b738bffff,America/Los_Angeles,,False,4.3,276,"https://search.google.com/local/reviews?placeid=ChIJGdStb24HkFQRcvS8KLt2Xnw&q=boba+tea,+98208,+Everett,+WA,+US&authuser=0&hl=en&gl=US",,,27.0,5.0,20.0,38.0,186.0,127,https://lh3.googleusercontent.com/gps-proxy/ALd4DhH7eAqnnl3kEZ_6I94-dUJd9xyx2wYySbxTbf7wKrDIQCcQT1mZDqhaQhF1z_xaavd9JsjLGb87ezTpvH3JXS8j-uFXtAdO3pOBzX27yQfzsUBZ6rSqqv8BUbd0NNGtDnZeao4pv1oGn_sQ1UM6ZeqFBjSTEnzRY7jF85QsBhnpLKqGJ2Ny_Q=w800-h500-k-no,https://lh3.googleusercontent.com/gps-proxy/ALd4DhH7eAqnnl3kEZ_6I94-dUJd9xyx2wYySbxTbf7wKrDIQCcQT1mZDqhaQhF1z_xaavd9JsjLGb87ezTpvH3JXS8j-uFXtAdO3pOBzX27yQfzsUBZ6rSqqv8BUbd0NNGtDnZeao4pv1oGn_sQ1UM6ZeqFBjSTEnzRY7jF85QsBhnpLKqGJ2Ny_Q=w1600-h1000-k-no,,"{""Monday"": ""12-9PM"", ""Tuesday"": ""12-9PM"", ""Wednesday"": ""12-9PM"", ""Thursday"": ""12-9PM"", ""Friday"": ""12-10PM"", ""Saturday"": ""12-10PM"", ""Sunday"": ""12-9PM""}",Monday:12-9PM|Tuesday:12-9PM|Wednesday:12-9PM|Thursday:12-9PM|Friday:12-10PM|Saturday:12-10PM|Sunday:12-9PM,,,OPERATIONAL,"{""Service options"": {""No-contact delivery"": true, ""Delivery"": true, ""Takeout"": true, ""Dine-in"": true}, ""Highlights"": {""Great tea selection"": true}, ""Accessibility"": {""Wheelchair accessible entrance"": true, ""Wheelchair accessible parking lot"": true, ""Wheelchair accessible restroom"": true, ""Wheelchair accessible seating"": true}, ""Amenities"": {""Gender-neutral restroom"": true}, ""Crowd"": {""LGBTQ+ friendly"": true}, ""Parking"": {""Free parking lot"": true, ""Free street parking"": true}, ""Other"": {""LGBTQ+ friendly"": true}}",$,,https://lh4.googleusercontent.com/-ED990M5I_EM/AAAAAAAAAAI/AAAAAAAAAAA/E3e-7SGmorU/s44-p-k-no-ns-nd/photo.jpg,,,True,113742870613929360642,Sharetea,https://www.google.com/maps/contrib/113742870613929360642,,,,,"https://www.google.com/maps/place/Sharetea/@47.9095775,-122.2169,14z/data=!4m8!1m2!2m1!1sSharetea!3m4!1s0x5490076e6fadd419:0x7c5e76bb28bcf472!8m2!3d47.9095775!4d-122.2169","https://www.google.com/maps/place/Sharetea/@47.9095775,-122.2169,13.99z/data=!4m16!1m7!3m6!1s0x5490076e6fadd419:0x7c5e76bb28bcf472!2sSharetea!8m2!3d47.9095775!4d-122.2169!16s%2Fg%2F11ckvg1dmb!3m7!1s0x5490076e6fadd419:0x7c5e76bb28bcf472!8m2!3d47.9095775!4d-122.2169!9m1!1b1!16s%2Fg%2F11ckvg1dmb?entry=ttu",ChIJGdStb24HkFQRcvS8KLt2Xnw,0x5490076e6fadd419:0x7c5e76bb28bcf472,8961730854728299634,/g/11h_4_nzch,8961730854728299634,,,,,,,,,,,,,,,,,,,,,,,,,,,,,,https://www.instagram.com/shareteaeverett,,,,,,,,,,,,,,Sharetea Everett online,,,,,
"bubble tea store, 98433, Tacoma, WA, US",Starboba Tea & Cafe,Starboba Tea And Cafe,https://starbobatea.com/,Bubble tea store,Bubble tea store,Bubble tea store,+1 253-625-7029,"1816 S Mildred St Ste A, Tacoma, WA 98465",West End,1816 S Mildred St Ste A,Tacoma,98465,Washington,Washington,United States of America,US,47.2440697,-122.52768529999999,8928d5c2d93ffff,America/Los_Angeles,,False,3.7,104,"https://search.google.com/local/reviews?placeid=ChIJ7xCmK2CrkVQRoq9GvBWx2xI&q=bubble+tea+store,+98433,+Tacoma,+WA,+US&authuser=0&hl=en&gl=US",,,19.0,10.0,9.0,7.0,59.0,211,https://lh3.googleusercontent.com/p/AF1QipODq_IHm-_wzrr-A1xzWCZZz2hUfg_cYd3Y1rrv=w800-h500-k-no,https://lh3.googleusercontent.com/p/AF1QipODq_IHm-_wzrr-A1xzWCZZz2hUfg_cYd3Y1rrv=w1600-h1000-k-no,,"{""Monday"": ""11AM-8PM"", ""Tuesday"": ""11AM-8PM"", ""Wednesday"": ""11AM-8PM"", ""Thursday"": ""11AM-8PM"", ""Friday"": ""11AM-9PM"", ""Saturday"": ""11AM-9PM"", ""Sunday"": ""11AM-9PM""}",Monday:11AM-8PM|Tuesday:11AM-8PM|Wednesday:11AM-8PM|Thursday:11AM-8PM|Friday:11AM-9PM|Saturday:11AM-9PM|Sunday:11AM-9PM,,,OPERATIONAL,"{""From the business"": {""Identifies as Asian-owned"": true, ""Identifies as women-owned"": true}, ""Service options"": {""Curbside pickup"": true, ""Delivery"": true, ""Onsite services"": true, ""Takeout"": true, ""Dine-in"": true}, ""Highlights"": {""Great tea selection"": true}, ""Accessibility"": {""Wheelchair accessible entrance"": true, ""Wheelchair accessible parking lot"": true, ""Wheelchair accessible restroom"": true, ""Wheelchair accessible seating"": true}, ""Crowd"": {""LGBTQ+ friendly"": true, ""Transgender safespace"": true}, ""Other"": {""LGBTQ+ friendly"": true, ""Identifies as women-owned"": true, ""Identifies as Asian-owned"": true}}",,,https://lh4.googleusercontent.com/-j415HMwpSus/AAAAAAAAAAI/AAAAAAAAAAA/nUt2_vFV-g4/s44-p-k-no-ns-nd/photo.jpg,,,True,114600654145655722645,Starboba Tea & Cafe,https://www.google.com/maps/contrib/114600654145655722645,,"https://www.google.com/viewer/chooseprovider?mid=/g/11s7kmq3b9&g2lbs=AAEPWCtNT0bWuD9bJILm_6ITQgHYPnv_4FYtt-7TfWmDt_xpPIXDo9486CYz4P6QgfpNuEWlyAonHpgtMwSM7M5e1S8P7L3nuQ%3D%3D&hl=en-US&gl=us&fo_m=MfohQo559jFvMUOzJVpjPL1YMfZ3bInYwBDuMfaXTPp5KXh-&utm_source=tactile&gei=R9cCaLyoHfyuur8Pn7f24Ak&ei=R9cCaLyoHfyuur8Pn7f24Ak&fo_s=OA,SOE&opi=79508299&ebb=1&cs=0&foub=mcpp",,,"https://www.google.com/maps/place/Starboba+Tea+%26+Cafe/@47.2440697,-122.52768529999999,14z/data=!4m8!1m2!2m1!1sStarboba+Tea+%26+Cafe!3m4!1s0x5491ab602ba610ef:0x12dbb115bc46afa2!8m2!3d47.2440697!4d-122.52768529999999","https://www.google.com/maps/place/Starboba+Tea+%26+Cafe/@47.2440697,-122.52768529999999,13.99z/data=!4m16!1m7!3m6!1s0x5491ab602ba610ef:0x12dbb115bc46afa2!2sStarboba+Tea+%26+Cafe!8m2!3d47.2440697!4d-122.52768529999999!16s%2Fg%2F11ckvg1dmb!3m7!1s0x5491ab602ba610ef:0x12dbb115bc46afa2!8m2!3d47.2440697!4d-122.52768529999999!9m1!1b1!16s%2Fg%2F11ckvg1dmb?entry=ttu",ChIJ7xCmK2CrkVQRoq9GvBWx2xI,0x5491ab602ba610ef:0x12dbb115bc46afa2,1358874419493515170,/g/11s7kmq3b9,1358874419493515170,,,,,,,,,,,,,,,,,,,,,,,,,,,,,https://www.facebook.com/p/,https://www.instagram.com/explore,,,,,,,,,https://twitter.com/31460746953146074695,,,,,Star Boba Tea & Cafe,WordPress 6.7.2,,,False,False
"bubble tea store, 98433, Tacoma, WA, US",Mystic Sanctuary,Mystic Sanctuary,http://www.mysticshoppe.com/,"Tea store, Candle store, Chocolate shop, Gift shop, Psychic, Statuary, Metaphysical supply store",Metaphysical supply store,Tea store,+1 253-302-3563,"2805 Bridgeport Way W #23, University Place, WA 98466",None,2805 Bridgeport Way W #23,University Place,98466,Washington,Washington,United States of America,US,47.2345628,-122.5364441,8928d5d53a7ffff,America/Los_Angeles,,False,4.7,515,"https://search.google.com/local/reviews?placeid=ChIJDU2GMboAkVQRxyFSc4QaziY&q=bubble+tea+store,+98433,+Tacoma,+WA,+US&authuser=0&hl=en&gl=US",,,14.0,10.0,12.0,58.0,421.0,104,https://lh3.googleusercontent.com/gps-cs-s/AB5caB_B04yDBYdEV0xOdfTgj3FgbE6GQ8PHAnVqMtGIKlSL-FZCRg5xrnXTewqgMwv87FEaKMiC_Nzo8cTJ9FOVwhpneRFIHhgifdi0gRz1Craz7lc7mQrT1NL544OoVSZaeQGH8obz=w800-h500-k-no,https://lh3.googleusercontent.com/gps-cs-s/AB5caB_B04yDBYdEV0xOdfTgj3FgbE6GQ8PHAnVqMtGIKlSL-FZCRg5xrnXTewqgMwv87FEaKMiC_Nzo8cTJ9FOVwhpneRFIHhgifdi0gRz1Craz7lc7mQrT1NL544OoVSZaeQGH8obz=w1600-h1000-k-no,,"{""Monday"": ""Closed"", ""Tuesday"": ""11AM-7PM"", ""Wednesday"": ""11AM-7PM"", ""Thursday"": ""11AM-7PM"", ""Friday"": ""11AM-7PM"", ""Saturday"": ""11AM-6PM"", ""Sunday"": ""12-5PM""}",Monday:Closed|Tuesday:11AM-7PM|Wednesday:11AM-7PM|Thursday:11AM-7PM|Friday:11AM-7PM|Saturday:11AM-6PM|Sunday:12-5PM,,,OPERATIONAL,"{""Service options"": {""Onsite services"": true, ""Delivery"": false, ""Same-day delivery"": false}, ""Accessibility"": {""Wheelchair accessible entrance"": true, ""Wheelchair accessible parking lot"": true}, ""Planning"": {""Quick visit"": true}, ""Payments"": {""Credit cards"": true, ""Debit cards"": true, ""NFC mobile payments"": true}}",,,,,,False,None,Mystic Sanctuary,,,,,,"https://www.google.com/maps/place/Mystic+Sanctuary/@47.2345628,-122.5364441,14z/data=!4m8!1m2!2m1!1sMystic+Sanctuary!3m4!1s0x549100ba31864d0d:0x26ce1a84735221c7!8m2!3d47.2345628!4d-122.5364441","https://www.google.com/maps/place/Mystic+Sanctuary/@47.2345628,-122.5364441,13.99z/data=!4m16!1m7!3m6!1s0x549100ba31864d0d:0x26ce1a84735221c7!2sMystic+Sanctuary!8m2!3d47.2345628!4d-122.5364441!16s%2Fg%2F11ckvg1dmb!3m7!1s0x549100ba31864d0d:0x26ce1a84735221c7!8m2!3d47.2345628!4d-122.5364441!9m1!1b1!16s%2Fg%2F11ckvg1dmb?entry=ttu",ChIJDU2GMboAkVQRxyFSc4QaziY,0x549100ba31864d0d:0x26ce1a84735221c7,2796201574816424391,/g/11crstcr95,2796201574816424391,,teotltonalli@gmail.com,RECEIVING,SMTP validated,,,,,,,,,,,,,,,,,,,,,,,,,,,,,,,,,,,,,,,,Mystic Sanctuary - Pagan Gift Shop,Wix.com Website Builder,An online pagan gift shop which specializes in all things mystical and magical in nature.,"candles, chalice, gifts, gothic, incense, metaphysical, pagan, spells, spiritual, tarot, tea, wicca, witch",False,False
"bubble tea store, 98433, Tacoma, WA, US",️Let it snow ️,Let It Snow,http://www.letitsnowtacoma.com/,Dessert shop,Dessert shop,Dessert shop,+1 253-301-3334,"1901 S 72nd St, Tacoma, WA 98408",South End,1901 S 72nd St,Tacoma,98408,Washington,Washington,United States of America,US,47.1941388,-122.460184,8928d5d0bd7ffff,America/Los_Angeles,,False,4.7,241,"https://search.google.com/local/reviews?placeid=ChIJc2u_clUBkVQRQjUSLoCx8Eo&q=bubble+tea+store,+98433,+Tacoma,+WA,+US&authuser=0&hl=en&gl=US",,,4.0,3.0,7.0,23.0,204.0,270,https://lh3.googleusercontent.com/gps-cs-s/AB5caB8lFni5gbz3SYk-qFqyY_DdlipcIrD6XLJTLbw1LxP6FJlS9-b71ZtRl-Q5hMIeG99F8uDDFj2WQv1UpRB2K_Hz9mGySgZtZcjB145D2MWum4zb_v3zp0PygWZAD0c0_axruVaJcA=w800-h500-k-no,https://lh3.googleusercontent.com/gps-cs-s/AB5caB8lFni5gbz3SYk-qFqyY_DdlipcIrD6XLJTLbw1LxP6FJlS9-b71ZtRl-Q5hMIeG99F8uDDFj2WQv1UpRB2K_Hz9mGySgZtZcjB145D2MWum4zb_v3zp0PygWZAD0c0_axruVaJcA=w1600-h1000-k-no,,"{""Monday"": ""12-8PM"", ""Tuesday"": ""12-8PM"", ""Wednesday"": ""12-8PM"", ""Thursday"": ""12-8PM"", ""Friday"": ""12-9PM"", ""Saturday"": ""12-9PM"", ""Sunday"": ""12-8PM""}",Monday:12-8PM|Tuesday:12-8PM|Wednesday:12-8PM|Thursday:12-8PM|Friday:12-9PM|Saturday:12-9PM|Sunday:12-8PM,,,OPERATIONAL,"{""Service options"": {""Delivery"": true, ""Onsite services"": true, ""Takeout"": true, ""Same-day delivery"": false}, ""Accessibility"": {""Wheelchair accessible entrance"": true, ""Wheelchair accessible parking lot"": true}, ""Planning"": {""Quick visit"": true}, ""Payments"": {""Credit cards"": true, ""Debit cards"": true, ""NFC mobile payments"": true}}",$,,https://lh5.googleusercontent.com/-kIlI2JEGWps/AAAAAAAAAAI/AAAAAAAAAAA/s5teHVMCkLw/s44-p-k-no-ns-nd/photo.jpg,,,True,114617401428127728022,️Let it snow ️,https://www.google.com/maps/contrib/114617401428127728022,,"https://www.google.com/viewer/chooseprovider?mid=/g/11pwlh8l7f&g2lbs=AAEPWCsL9gZPvRdQDeuIwJjhwjkLzCd6a1Ttv9T684PRTqtZ-a_03D7h5SoEi06i2CtFLEgYAYQeGMZBxHqGtJBbWBOXG5s8Uw%3D%3D&hl=en-US&gl=us&fo_m=MfohQo559jFvMUOzJVpjPL1YMfZ3bInYwBDuMfaXTPp5KXh-&utm_source=tactile&gei=R9cCaLyoHfyuur8Pn7f24Ak&ei=R9cCaLyoHfyuur8Pn7f24Ak&fo_s=OA,SOE&opi=79508299&ebb=1&cs=0&foub=mcpp",,,"https://www.google.com/maps/place/%EF%B8%8FLet+it+snow+%EF%B8%8F/@47.1941388,-122.460184,14z/data=!4m8!1m2!2m1!1s%EF%B8%8FLet+it+snow+%EF%B8%8F!3m4!1s0x5491015572bf6b73:0x4af0b1802e123542!8m2!3d47.1941388!4d-122.460184","https://www.google.com/maps/place/%EF%B8%8FLet+it+snow+%EF%B8%8F/@47.1941388,-122.460184,13.99z/data=!4m16!1m7!3m6!1s0x5491015572bf6b73:0x4af0b1802e123542!2s%EF%B8%8FLet+it+snow+%EF%B8%8F!8m2!3d47.1941388!4d-122.460184!16s%2Fg%2F11ckvg1dmb!3m7!1s0x5491015572bf6b73:0x4af0b1802e123542!8m2!3d47.1941388!4d-122.460184!9m1!1b1!16s%2Fg%2F11ckvg1dmb?entry=ttu",ChIJc2u_clUBkVQRQjUSLoCx8Eo,0x5491015572bf6b73:0x4af0b1802e123542,5400011117304100162,/g/11pwlh8l7f,5400011117304100162,,letitsnowtacoma@gmail.com,RECEIVING,SMTP validated,,,,,,,,,,,,,,,,,,,,,,,,,,,,,,,,,,,,,,,,Home | Let It Snow,Wix.com Website Builder,,,,
"bubble tea store, 98433, Tacoma, WA, US",H Mart Tacoma,H Mart Tacoma,https://www.hmartus.com/tacoma,"Korean grocery store, Asian grocery store, Grocery store, Supermarket",Korean grocery store,Korean grocery store,+1 253-314-5066,"8720 S Tacoma Way, Lakewood, WA 98499",None,8720 S Tacoma Way,Lakewood,98499,Washington,Washington,United States of America,US,47.1785436,-122.48500019999999,8928d5d09d3ffff,America/Los_Angeles,,False,4.4,2587,"https://search.google.com/local/reviews?placeid=ChIJJTZrVFEAkVQRCoOqPf3IQME&q=bubble+tea+store,+98433,+Tacoma,+WA,+US&authuser=0&hl=en&gl=US",,,98.0,46.0,220.0,690.0,1533.0,616,https://lh3.googleusercontent.com/p/AF1QipNVaGYWVkVT7wrGYcY7HiBs39AY2Zd-yecPAud_=w800-h500-k-no,https://lh3.googleusercontent.com/p/AF1QipNVaGYWVkVT7wrGYcY7HiBs39AY2Zd-yecPAud_=w1600-h1000-k-no,,"{""Monday"": ""8AM-9:30PM"", ""Tuesday"": ""8AM-9:30PM"", ""Wednesday"": ""8AM-9:30PM"", ""Thursday"": ""8AM-9:30PM"", ""Friday"": ""8AM-9:30PM"", ""Saturday"": ""8AM-9:30PM"", ""Sunday"": ""8AM-9:30PM""}",Monday:8AM-9:30PM|Tuesday:8AM-9:30PM|Wednesday:8AM-9:30PM|Thursday:8AM-9:30PM|Friday:8AM-9:30PM|Saturday:8AM-9:30PM|Sunday:8AM-9:30PM,,,OPERATIONAL,"{""Service options"": {""Onsite services"": true, ""Delivery"": false, ""Same-day delivery"": false}, ""Highlights"": {""Great produce"": true}, ""Accessibility"": {""Wheelchair accessible entrance"": true, ""Wheelchair accessible parking lot"": true}, ""Offerings"": {""Bakery"": true, ""Food"": true, ""Organic products"": true, ""Prepared foods"": true}, ""Planning"": {""Quick visit"": true}, ""Payments"": {""Credit cards"": true, ""Debit cards"": true, ""NFC mobile payments"": true, ""SNAP/EBT"": true}, ""Parking"": {""On-site parking"": true}}",,,https://lh5.googleusercontent.com/-0iibR65KyNw/AAAAAAAAAAI/AAAAAAAAAAA/NpqyTb3I7Bk/s44-p-k-no-ns-nd/photo.jpg,Asian grocery store chain supplying imported packaged foods & housewares plus ready-to-serve meals.,,True,115710368184497146154,H Mart Tacoma,https://www.google.com/maps/contrib/115710368184497146154,,,,,"https://www.google.com/maps/place/H+Mart+Tacoma/@47.1785436,-122.48500019999999,14z/data=!4m8!1m2!2m1!1sH+Mart+Tacoma!3m4!1s0x54910051546b3625:0xc140c8fd3daa830a!8m2!3d47.1785436!4d-122.48500019999999","https://www.google.com/maps/place/H+Mart+Tacoma/@47.1785436,-122.48500019999999,13.99z/data=!4m16!1m7!3m6!1s0x54910051546b3625:0xc140c8fd3daa830a!2sH+Mart+Tacoma!8m2!3d47.1785436!4d-122.48500019999999!16s%2Fg%2F11ckvg1dmb!3m7!1s0x54910051546b3625:0xc140c8fd3daa830a!8m2!3d47.1785436!4d-122.48500019999999!9m1!1b1!16s%2Fg%2F11ckvg1dmb?entry=ttu",ChIJJTZrVFEAkVQRCoOqPf3IQME,0x54910051546b3625:0xc140c8fd3daa830a,13925351037816439562,/g/12hv7xry5,-4521393035893112054,,contact@hmartus.com,RECEIVING,SMTP validated,,,,,,purchasing@hmartus.com,RECEIVING,SMTP validated,,,,,,egmm.acct@hmartus.com,RECEIVING,SMTP validated,,,,,,12067081365,,,https://www.facebook.com/hmart.pnw.us,https://www.instagram.com/hmart_pnw,,,,,,,,,,,,,,H MART Pacific Northwest | Better Food!  Better Life!,,"Experience the America's favorite Asian grocery store, H Mart with organic, 
natural, and locally sourced food. Visit your neighborhood store. We serve 
the Pacific Northwest region.",,False,True
"bubble tea store, 98433, Tacoma, WA, US",Mad Hat Tea Co,Mad Hat Tea,http://www.madhattea.com/,Tea store,Tea store,Tea store,+1 253-302-2046,"924 Broadway Ste A, Tacoma, WA 98402",New Tacoma,924 Broadway Ste A,Tacoma,98402,Washington,Washington,United States of America,US,47.2543697,-122.440514,8928d5c230fffff,America/Los_Angeles,,False,4.8,354,"https://search.google.com/local/reviews?placeid=ChIJze1jU3VVkFQRjyqMd11aD-4&q=bubble+tea+store,+98433,+Tacoma,+WA,+US&authuser=0&hl=en&gl=US",,,6.0,3.0,8.0,25.0,312.0,179,https://lh3.googleusercontent.com/p/AF1QipMH6IGioeOF6l8sb_lKcyMYBy3tpjUhSIISakdA=w800-h500-k-no,https://lh3.googleusercontent.com/p/AF1QipMH6IGioeOF6l8sb_lKcyMYBy3tpjUhSIISakdA=w1600-h1000-k-no,,"{""Monday"": ""Closed"", ""Tuesday"": ""10:30AM-5:30PM"", ""Wednesday"": ""10:30AM-5:30PM"", ""Thursday"": ""10:30AM-5:30PM"", ""Friday"": ""10:30AM-5:30PM"", ""Saturday"": ""11AM-4:30PM"", ""Sunday"": ""11AM-4:30PM""}",Monday:Closed|Tuesday:10:30AM-5:30PM|Wednesday:10:30AM-5:30PM|Thursday:10:30AM-5:30PM|Friday:10:30AM-5:30PM|Saturday:11AM-4:30PM|Sunday:11AM-4:30PM,,,OPERATIONAL,"{""From the business"": {""Identifies as women-owned"": true, ""Small business"": true}, ""Service options"": {""Curbside pickup"": true, ""Onsite services"": true, ""Takeout"": true, ""Delivery"": false, ""Dine-in"": false, ""Same-day delivery"": false}, ""Accessibility"": {""Wheelchair accessible entrance"": true, ""Wheelchair accessible parking lot"": true, ""Wheelchair accessible seating"": true}, ""Amenities"": {""Gender-neutral restroom"": true}, ""Crowd"": {""LGBTQ+ friendly"": true, ""Transgender safespace"": true}, ""Payments"": {""Checks"": true, ""Credit cards"": true, ""Debit cards"": true, ""NFC mobile payments"": true}, ""Parking"": {""Paid parking lot"": true, ""Paid street parking"": true}, ""Other"": {""LGBTQ+ friendly"": true, ""Identifies as women-owned"": true}}",$,,https://lh5.googleusercontent.com/-x1NC-7F9owg/AAAAAAAAAAI/AAAAAAAAAAA/woLHp_9HAJg/s44-p-k-no-ns-nd/photo.jpg,"A wide variety of hot & iced drinks, plus bulk teas & herbal remedies in a low-key setting.",,True,103027201979723235312,Mad Hat Tea Co,https://www.google.com/maps/contrib/103027201979723235312,,http://www.madhattea.com/,,http://www.madhattea.com/,"https://www.google.com/maps/place/Mad+Hat+Tea+Co/@47.2543697,-122.440514,14z/data=!4m8!1m2!2m1!1sMad+Hat+Tea+Co!3m4!1s0x549055755363edcd:0xee0f5a5d778c2a8f!8m2!3d47.2543697!4d-122.440514","https://www.google.com/maps/place/Mad+Hat+Tea+Co/@47.2543697,-122.440514,13.99z/data=!4m16!1m7!3m6!1s0x549055755363edcd:0xee0f5a5d778c2a8f!2sMad+Hat+Tea+Co!8m2!3d47.2543697!4d-122.440514!16s%2Fg%2F11ckvg1dmb!3m7!1s0x549055755363edcd:0xee0f5a5d778c2a8f!8m2!3d47.2543697!4d-122.440514!9m1!1b1!16s%2Fg%2F11ckvg1dmb?entry=ttu",ChIJze1jU3VVkFQRjyqMd11aD-4,0x549055755363edcd:0xee0f5a5d778c2a8f,17154028863161641615,/g/1wz52dys,-1292715210547910001,,t.ropes@madhattea.com,INVALID,Cannot validate,Tobin Ropes,Tobin,Ropes,,,dodomail@madhattea.com,RECEIVING,SMTP validated,,,,,,tobin@madhattea.com,RECEIVING,SMTP validated,Tobin Tobin,Tobin,Tobin,,12534412111,12534412111,,,https://www.facebook.com/705016779627945,,http://www.linkedin.com/company/9898172,,,,,,,,,,,,,Over 300 teas and herbs,All in One SEO (AIOSEO) 4.2.4,"Mad Hat Tea Co., started 14 years ago to focus on the highest quality teas and herbs.",,False,True
"bubble tea store, 98433, Tacoma, WA, US",Lewis Main Commissary,Lewis Main Commissary,https://corp.commissaries.com/shopping/store-locations/lewis-main,"Supermarket, Grocery store",Supermarket,Supermarket,+1 253-212-4087,"5275 N 14th St, Joint Base Lewis-McChord, WA 98433",Joint Base Lewis-McChord,5275 N 14th St,Joint Base Lewis-McChord,98433,Washington,Washington,United States of America,US,47.0904727,-122.59275699999999,8928f36dd8bffff,America/Los_Angeles,,False,4.3,2141,"https://search.google.com/local/reviews?placeid=ChIJ36OkjfwFkVQRRasRgMXRk3I&q=bubble+tea+store,+98433,+Tacoma,+WA,+US&authuser=0&hl=en&gl=US",,,57.0,51.0,218.0,598.0,1217.0,247,https://lh3.googleusercontent.com/p/AF1QipPsDA8ixlO2FzTk4jY5ZJmX-iZqHa1lpnJITb0V=w800-h500-k-no,https://lh3.googleusercontent.com/p/AF1QipPsDA8ixlO2FzTk4jY5ZJmX-iZqHa1lpnJITb0V=w1600-h1000-k-no,,"{""Monday"": ""8AM-8PM"", ""Tuesday"": ""8AM-8PM"", ""Wednesday"": ""8AM-8PM"", ""Thursday"": ""8AM-8PM"", ""Friday"": ""8AM-8PM"", ""Saturday"": ""8AM-8PM"", ""Sunday"": ""9AM-7PM""}",Monday:8AM-8PM|Tuesday:8AM-8PM|Wednesday:8AM-8PM|Thursday:8AM-8PM|Friday:8AM-8PM|Saturday:8AM-8PM|Sunday:9AM-7PM,,,OPERATIONAL,"{""Service options"": {""Onsite services"": true, ""Delivery"": false, ""Same-day delivery"": false}, ""Highlights"": {""Great produce"": true}, ""Accessibility"": {""Wheelchair accessible entrance"": true, ""Wheelchair accessible parking lot"": true}, ""Offerings"": {""Bakery"": true, ""Food"": true}, ""Planning"": {""Quick visit"": true}, ""Payments"": {""Credit cards"": true, ""NFC mobile payments"": true}, ""Parking"": {""On-site parking"": true}}",,,,"Straightforward outpost offering meat, produce, pantry items & other supermarket fare for veterans.",,False,None,Lewis Main Commissary,,,,,,"https://www.google.com/maps/place/Lewis+Main+Commissary/@47.0904727,-122.59275699999999,14z/data=!4m8!1m2!2m1!1sLewis+Main+Commissary!3m4!1s0x549105fc8da4a3df:0x7293d1c58011ab45!8m2!3d47.0904727!4d-122.59275699999999","https://www.google.com/maps/place/Lewis+Main+Commissary/@47.0904727,-122.59275699999999,13.99z/data=!4m16!1m7!3m6!1s0x549105fc8da4a3df:0x7293d1c58011ab45!2sLewis+Main+Commissary!8m2!3d47.0904727!4d-122.59275699999999!16s%2Fg%2F11ckvg1dmb!3m7!1s0x549105fc8da4a3df:0x7293d1c58011ab45!8m2!3d47.0904727!4d-122.59275699999999!9m1!1b1!16s%2Fg%2F11ckvg1dmb?entry=ttu",ChIJ36OkjfwFkVQRRasRgMXRk3I,0x549105fc8da4a3df:0x7293d1c58011ab45,8256173188087655237,/g/12hk64lqb,8256173188087655237,,,,,,,,,,,,,,,,,,,,,,,,,,,,,,,,,,,,,,,,,,,,,,,,,
"bubble tea store, 98433, Tacoma, WA, US",Pinoy Bakeshop (Joy Joy's Bakery),Pinoy Bakeshop Joy Joys Bakery,https://m.facebook.com/100083310310710/,Bakery,Bakery,Bakery,+1 253-507-5259,"11107 Pacific Hwy SW, Lakewood, WA 98499",None,11107 Pacific Hwy SW,Lakewood,98499,Washington,Washington,United States of America,US,47.1563132,-122.4918508,8928d5d0d93ffff,America/Los_Angeles,,False,4.7,64,"https://search.google.com/local/reviews?placeid=ChIJoa6pgSYBkVQRq9bWBRRq0rM&q=bubble+tea+store,+98433,+Tacoma,+WA,+US&authuser=0&hl=en&gl=US",,,0.0,1.0,4.0,7.0,52.0,190,https://lh3.googleusercontent.com/p/AF1QipPMNsOX4XRD_8x6sjlnk7o1rFb28XsycGR4hMVK=w800-h500-k-no,https://lh3.googleusercontent.com/p/AF1QipPMNsOX4XRD_8x6sjlnk7o1rFb28XsycGR4hMVK=w1600-h1000-k-no,,"{""Monday"": ""7AM-4PM"", ""Tuesday"": ""7AM-4PM"", ""Wednesday"": ""7AM-4PM"", ""Thursday"": ""7AM-4PM"", ""Friday"": ""7AM-4PM"", ""Saturday"": ""7AM-4PM"", ""Sunday"": ""7AM-2PM""}",Monday:7AM-4PM|Tuesday:7AM-4PM|Wednesday:7AM-4PM|Thursday:7AM-4PM|Friday:7AM-4PM|Saturday:7AM-4PM|Sunday:7AM-2PM,,,OPERATIONAL,"{""Service options"": {""Delivery"": true, ""Takeout"": true, ""Same-day delivery"": false}, ""Accessibility"": {""Wheelchair accessible entrance"": true, ""Wheelchair accessible parking lot"": true}, ""Planning"": {""Quick visit"": true}, ""Payments"": {""Credit cards"": true, ""Debit cards"": true, ""NFC mobile payments"": true}}",$,,,,,False,None,Pinoy Bakeshop,,,"https://www.google.com/viewer/chooseprovider?mid=/g/11k4s5wz84&g2lbs=AAEPWCsCjsqWmAhL5jOtL3M6NJIK2fs6PeAZrXndnjwTWwmXK6xjHhCJzE7mE3_YKYa7qhphzYpJOT6Qus3Wgn1AzfZlAoAktQ%3D%3D&hl=en-US&gl=us&fo_m=MfohQo559jFvMUOzJVpjPL1YMfZ3bInYwBDuMfaXTPp5KXh-&utm_source=tactile&gei=SNcCaN2MJYyJxc8PyauAmAs&ei=SNcCaN2MJYyJxc8PyauAmAs&fo_s=OA,SOE&opi=79508299&ebb=1&cs=0&foub=mcpp",,,"https://www.google.com/maps/place/Pinoy+Bakeshop+%28Joy+Joy%27s+Bakery%29/@47.1563132,-122.4918508,14z/data=!4m8!1m2!2m1!1sPinoy+Bakeshop+%28Joy+Joy%27s+Bakery%29!3m4!1s0x5491012681a9aea1:0xb3d26a1405d6d6ab!8m2!3d47.1563132!4d-122.4918508","https://www.google.com/maps/place/Pinoy+Bakeshop+%28Joy+Joy%27s+Bakery%29/@47.1563132,-122.4918508,13.99z/data=!4m16!1m7!3m6!1s0x5491012681a9aea1:0xb3d26a1405d6d6ab!2sPinoy+Bakeshop+%28Joy+Joy%27s+Bakery%29!8m2!3d47.1563132!4d-122.4918508!16s%2Fg%2F11ckvg1dmb!3m7!1s0x5491012681a9aea1:0xb3d26a1405d6d6ab!8m2!3d47.1563132!4d-122.4918508!9m1!1b1!16s%2Fg%2F11ckvg1dmb?entry=ttu",ChIJoa6pgSYBkVQRq9bWBRRq0rM,0x5491012681a9aea1:0xb3d26a1405d6d6ab,12957535712128194219,/g/11k4s5wz84,-5489208361581357397,,joybakeryllc@outlook.com,RECEIVING,SMTP validated,,,,,,,,,,,,,,,,,,,,,,2535075259,,,https://www.facebook.com/JoyJoysBakeryLLC,,,,,,,,,,,,,,,,,,,,