query,name,name_for_emails,site,subtypes,category,type,phone,full_address,borough,street,city,postal_code,state,us_state,country,country_code,latitude,longitude,h3,time_zone,plus_code,area_service,rating,reviews,reviews_link,reviews_tags,reviews_per_score,reviews_per_score_1,reviews_per_score_2,reviews_per_score_3,reviews_per_score_4,reviews_per_score_5,photos_count,photo,street_view,located_in,working_hours,working_hours_old_format,other_hours,popular_times,business_status,about,range,posts,logo,description,typical_time_spent,verified,owner_id,owner_title,owner_link,reservation_links,booking_appointment_link,menu_link,order_links,location_link,location_reviews_link,place_id,google_id,cid,kgmid,reviews_id,located_google_id,email_1,email_1.emails_validator.status,email_1.emails_validator.status_details,email_1_full_name,email_1_first_name,email_1_last_name,email_1_title,email_1_phone,email_2,email_2.emails_validator.status,email_2.emails_validator.status_details,email_2_full_name,email_2_first_name,email_2_last_name,email_2_title,email_2_phone,email_3,email_3.emails_validator.status,email_3.emails_validator.status_details,email_3_full_name,email_3_first_name,email_3_last_name,email_3_title,email_3_phone,phone_1,phone_2,phone_3,facebook,instagram,linkedin,tiktok,medium,reddit,skype,snapchat,telegram,whatsapp,twitter,vimeo,youtube,github,crunchbase,website_title,website_generator,website_description,website_keywords,website_has_fb_pixel,website_has_google_tag
"bubble tea store, 20404, Washington, DC, US",DC Boba,Dc Boba,https://www.dcboba.com/,Bubble tea store,Bubble tea store,Bubble tea store,+1 202-248-1333,"1403 Park Rd NW, Washington, DC 20010",Northwest Washington,1403 Park Rd NW,Washington,20010,District of Columbia,District Of Columbia,United States of America,US,38.9305394,-77.0333191,892aa845307ffff,America/New_York,,FALSE,4.6,137,"https://search.google.com/local/reviews?placeid=ChIJWzv4eMLJt4kRaWhK34bUvY8&q=bubble+tea+store,+20404,+Washington,+DC,+US&authuser=0&hl=en&gl=US",,,6,5,7,7,112,124,https://lh3.googleusercontent.com/gps-cs-s/AB5caB_u-SbjXIGTjIST_emgGjK3K5TpL92AhMU6-Zmyma47us_5Zkrz4FGSOVXDrtM_Zkni9zqJ2ji0jdJk3fZ5zBsCGyetkNB4Wh0WsojRPelGIYcenhdrRSc__TLuOup1s0DzBrwmFQ=w800-h500-k-no,https://lh3.googleusercontent.com/gps-cs-s/AB5caB_u-SbjXIGTjIST_emgGjK3K5TpL92AhMU6-Zmyma47us_5Zkrz4FGSOVXDrtM_Zkni9zqJ2ji0jdJk3fZ5zBsCGyetkNB4Wh0WsojRPelGIYcenhdrRSc__TLuOup1s0DzBrwmFQ=w1600-h1000-k-no,,"{""Monday"": ""11AM-8PM"", ""Tuesday"": ""11AM-8PM"", ""Wednesday"": ""11AM-8PM"", ""Thursday"": ""11AM-8PM"", ""Friday"": ""11AM-8PM"", ""Saturday"": ""11AM-8PM"", ""Sunday"": ""11AM-8PM""}",Monday:11AM-8PM|Tuesday:11AM-8PM|Wednesday:11AM-8PM|Thursday:11AM-8PM|Friday:11AM-8PM|Saturday:11AM-8PM|Sunday:11AM-8PM,,,OPERATIONAL,"{""From the business"": {""Identifies as women-owned"": true}, ""Service options"": {""Delivery"": true, ""Onsite services"": true, ""Takeout"": true, ""Dine-in"": true}, ""Highlights"": {""Great tea selection"": true}, ""Other"": {""Identifies as women-owned"": true}}",$,,https://lh3.googleusercontent.com/-asMPoOpYDBk/AAAAAAAAAAI/AAAAAAAAAAA/OAJ9P7-Tcg0/s44-p-k-no-ns-nd/photo.jpg,,,TRUE,110804264707888673447,DC Boba,https://www.google.com/maps/contrib/110804264707888673447,,"https://www.google.com/viewer/chooseprovider?mid=/g/11sq1mm0_t&g2lbs=AAEPWCvYJ1E0wFCsPdteMLw-v8WmJ_DMUvbV44yg4VtsaMEEZ_UWLF32ODCeu1UuyEnJOJwo1i-d2K17IctHnUSzx6p9ROlKnA%3D%3D&hl=en-US&gl=us&fo_m=MfohQo559jFvMUOzJVpjPL1YMfZ3bInYwBDuMfaXTPp5KXh-&utm_source=tactile&gei=2dICaLywGIeD9u8Pmb2u4QI&ei=2dICaLywGIeD9u8Pmb2u4QI&fo_s=OA,SOE&opi=79508299&ebb=1&cs=0&foub=mcpp",,,"https://www.google.com/maps/place/DC+Boba/@38.9305394,-77.0333191,14z/data=!4m8!1m2!2m1!1sDC+Boba!3m4!1s0x89b7c9c278f83b5b:0x8fbdd486df4a6869!8m2!3d38.9305394!4d-77.0333191","https://www.google.com/maps/place/DC+Boba/@38.9305394,-77.0333191,13.99z/data=!4m16!1m7!3m6!1s0x89b7c9c278f83b5b:0x8fbdd486df4a6869!2sDC+Boba!8m2!3d38.9305394!4d-77.0333191!16s%2Fg%2F11ckvg1dmb!3m7!1s0x89b7c9c278f83b5b:0x8fbdd486df4a6869!8m2!3d38.9305394!4d-77.0333191!9m1!1b1!16s%2Fg%2F11ckvg1dmb?entry=ttu",ChIJWzv4eMLJt4kRaWhK34bUvY8,0x89b7c9c278f83b5b:0x8fbdd486df4a6869,10357668393758910569,/g/11sq1mm0_t,-8089075679950641047,,,,,,,,,,,,,,,,,,,,,,,,,,12022481333,,,https://www.facebook.com/DCBobaandSandwiches,https://www.instagram.com/dcbobaandsandwiches,,,,,,,,,,,,,,DC BOBA – DC BOBA,WordPress 5.9.3,,,FALSE,FALSE
"bubble tea store, 20404, Washington, DC, US",BeauTea,Beautea,,Bubble tea store,Bubble tea store,Bubble tea store,+1 202-450-6654,"1073 Wisconsin Ave NW 1st Floor, Washington, DC 20007",Northwest Washington,1073 Wisconsin Ave NW 1st Floor,Washington,20007,District of Columbia,District Of Columbia,United States of America,US,38.9047031,-77.0626505,892aa84e9d3ffff,America/New_York,,FALSE,3.9,194,"https://search.google.com/local/reviews?placeid=ChIJsyoK1Ea3t4kR_-7imejJeiY&q=bubble+tea+store,+20404,+Washington,+DC,+US&authuser=0&hl=en&gl=US",,,37,10,12,11,124,152,https://lh3.googleusercontent.com/gps-cs-s/AB5caB9E_5_AJ54_hZOucE5-anmIuhmqubwuZmh1AKDUmR13Z8C1rkRZJJ8-6GhpM7bO2Bf1Mo17cg3HeeOkhnNc7kbzEd7wIOv_Df0lCbAE7uPFDQ60BDVMw0IBcXvri5DmKFkcTxBJkg=w800-h500-k-no,https://lh3.googleusercontent.com/gps-cs-s/AB5caB9E_5_AJ54_hZOucE5-anmIuhmqubwuZmh1AKDUmR13Z8C1rkRZJJ8-6GhpM7bO2Bf1Mo17cg3HeeOkhnNc7kbzEd7wIOv_Df0lCbAE7uPFDQ60BDVMw0IBcXvri5DmKFkcTxBJkg=w1600-h1000-k-no,,"{""Monday"": ""11:30AM-10PM"", ""Tuesday"": ""11:30AM-10PM"", ""Wednesday"": ""11:30AM-10PM"", ""Thursday"": ""11:30AM-10PM"", ""Friday"": ""11:30AM-10PM"", ""Saturday"": ""11:30AM-10PM"", ""Sunday"": ""11:30AM-10PM""}",Monday:11:30AM-10PM|Tuesday:11:30AM-10PM|Wednesday:11:30AM-10PM|Thursday:11:30AM-10PM|Friday:11:30AM-10PM|Saturday:11:30AM-10PM|Sunday:11:30AM-10PM,,,OPERATIONAL,"{""Service options"": {""Delivery"": true, ""Takeout"": true, ""Dine-in"": true}, ""Highlights"": {""Great tea selection"": true}, ""Accessibility"": {""Wheelchair accessible parking lot"": false}}",$,,https://lh4.googleusercontent.com/-BleYBMCSBGs/AAAAAAAAAAI/AAAAAAAAAAA/-N7Q55xt9RU/s44-p-k-no-ns-nd/photo.jpg,,,TRUE,114592167083325609476,BeauTea,https://www.google.com/maps/contrib/114592167083325609476,,"https://www.google.com/viewer/chooseprovider?mid=/g/11jps03kr4&g2lbs=AAEPWCtnKpFN7gYqafQKoSQIizCIkUf_ld4a8hR6vuHCMKG-i-Obz2tbbxpwY1uivcQrqgWiwzaTzLY4xg3PQLZYNZLNsFSMqg%3D%3D&hl=en-US&gl=us&fo_m=MfohQo559jFvMUOzJVpjPL1YMfZ3bInYwBDuMfaXTPp5KXh-&utm_source=tactile&gei=2dICaLywGIeD9u8Pmb2u4QI&ei=2dICaLywGIeD9u8Pmb2u4QI&fo_s=OA,SOE&opi=79508299&ebb=1&cs=0&foub=mcpp",,,"https://www.google.com/maps/place/BeauTea/@38.9047031,-77.06265049999999,14z/data=!4m8!1m2!2m1!1sBeauTea!3m4!1s0x89b7b746d40a2ab3:0x267ac9e899e2eeff!8m2!3d38.9047031!4d-77.06265049999999","https://www.google.com/maps/place/BeauTea/@38.9047031,-77.06265049999999,13.99z/data=!4m16!1m7!3m6!1s0x89b7b746d40a2ab3:0x267ac9e899e2eeff!2sBeauTea!8m2!3d38.9047031!4d-77.06265049999999!16s%2Fg%2F11ckvg1dmb!3m7!1s0x89b7b746d40a2ab3:0x267ac9e899e2eeff!8m2!3d38.9047031!4d-77.06265049999999!9m1!1b1!16s%2Fg%2F11ckvg1dmb?entry=ttu",ChIJsyoK1Ea3t4kR_-7imejJeiY,0x89b7b746d40a2ab3:0x267ac9e899e2eeff,2772750521451343615,/g/11jps03kr4,2772750521451343615,,,,,,,,,,,,,,,,,,,,,,,,,,,,,,,,,,,,,,,,,,,,,,,,,
"bubble tea store, 20404, Washington, DC, US",Taichi Bubble Tea (Georgetown),Taichi Bubble Tea Georgetown,http://taichibubbletea.com/,Bubble tea store,Bubble tea store,Bubble tea store,+1 202-525-1996,"1357 Wisconsin Ave NW, Washington, DC 20007",Northwest Washington,1357 Wisconsin Ave NW,Washington,20007,District of Columbia,District Of Columbia,United States of America,US,38.9081003,-77.0634845,892aa84ed6bffff,America/New_York,,FALSE,4.4,146,"https://search.google.com/local/reviews?placeid=ChIJ-RMZR_i3t4kR5eXKYy_ySP0&q=bubble+tea+store,+20404,+Washington,+DC,+US&authuser=0&hl=en&gl=US",,,10,5,8,13,110,205,https://lh3.googleusercontent.com/gps-cs-s/AB5caB_WQbrMbwzZJDKfbfBmm0ZxLyGw3fLRarGUQ-d0p7jUteAzFJeC1cUUEr8eoxHcuXlyetMLgMQSHAoFV0Rj_ejaeKIupMFFAYcwxctp1kqWomXh6BdZAe8iRNr2LlV65zXevS7lcw=w800-h500-k-no,https://lh3.googleusercontent.com/gps-cs-s/AB5caB_WQbrMbwzZJDKfbfBmm0ZxLyGw3fLRarGUQ-d0p7jUteAzFJeC1cUUEr8eoxHcuXlyetMLgMQSHAoFV0Rj_ejaeKIupMFFAYcwxctp1kqWomXh6BdZAe8iRNr2LlV65zXevS7lcw=w1600-h1000-k-no,,"{""Monday"": ""11AM-10PM"", ""Tuesday"": ""11AM-10PM"", ""Wednesday"": ""11AM-10PM"", ""Thursday"": ""11AM-10PM"", ""Friday"": ""11AM-11PM"", ""Saturday"": ""11AM-11PM"", ""Sunday"": ""11AM-10PM""}",Monday:11AM-10PM|Tuesday:11AM-10PM|Wednesday:11AM-10PM|Thursday:11AM-10PM|Friday:11AM-11PM|Saturday:11AM-11PM|Sunday:11AM-10PM,,,OPERATIONAL,"{""Service options"": {""No-contact delivery"": true, ""Delivery"": true, ""Onsite services"": true, ""Takeout"": true, ""Dine-in"": true}, ""Highlights"": {""Great tea selection"": true}, ""Accessibility"": {""Wheelchair accessible entrance"": true}}",$,,https://lh5.googleusercontent.com/-FAvS8QoDsq0/AAAAAAAAAAI/AAAAAAAAAAA/2m5Nx0D05NI/s44-p-k-no-ns-nd/photo.jpg,,,TRUE,102642620086390300778,Taichi Bubble Tea - Georgetown,https://www.google.com/maps/contrib/102642620086390300778,,"https://www.google.com/viewer/chooseprovider?mid=/g/11shxh385l&g2lbs=AAEPWCujDlKekTp-VOBPMyzI7ydcZ9p5h-2Waw3tc4ZMFbFnwMpDdzAo6BtkukVD9B2LdNVZUnwTXWcswdsX1m5h2zSPPgkJ0A%3D%3D&hl=en-US&gl=us&fo_m=MfohQo559jFvMUOzJVpjPL1YMfZ3bInYwBDuMfaXTPp5KXh-&utm_source=tactile&gei=2dICaLywGIeD9u8Pmb2u4QI&ei=2dICaLywGIeD9u8Pmb2u4QI&fo_s=OA,SOE&opi=79508299&ebb=1&cs=0&foub=mcpp",,,"https://www.google.com/maps/place/Taichi+Bubble+Tea+-+Georgetown/@38.9081003,-77.0634845,14z/data=!4m8!1m2!2m1!1sTaichi+Bubble+Tea+-+Georgetown!3m4!1s0x89b7b7f8471913f9:0xfd48f22f63cae5e5!8m2!3d38.9081003!4d-77.0634845","https://www.google.com/maps/place/Taichi+Bubble+Tea+-+Georgetown/@38.9081003,-77.0634845,13.99z/data=!4m16!1m7!3m6!1s0x89b7b7f8471913f9:0xfd48f22f63cae5e5!2sTaichi+Bubble+Tea+-+Georgetown!8m2!3d38.9081003!4d-77.0634845!16s%2Fg%2F11ckvg1dmb!3m7!1s0x89b7b7f8471913f9:0xfd48f22f63cae5e5!8m2!3d38.9081003!4d-77.0634845!9m1!1b1!16s%2Fg%2F11ckvg1dmb?entry=ttu",ChIJ-RMZR_i3t4kR5eXKYy_ySP0,0x89b7b7f8471913f9:0xfd48f22f63cae5e5,18251103775270561253,/g/11shxh385l,-195640298438990363,,,,,,,,,,,,,,,,,,,,,,,,,,18016911827,13158024504,15853489493,https://www.facebook.com/116588071038976,,,,,,,,,,,,,,,HOME | Tai Chi Bubble Tea,Wix.com Website Builder,,,FALSE,FALSE
"bubble tea store, 20404, Washington, DC, US",E-TEA,E Tea,https://www.eteadc.com/order?sid=874242530475005888,Bubble tea store,Bubble tea store,Bubble tea store,+1 202-531-0631,"1712 I St NW, Washington, DC 20006",Downtown,1712 I St NW,Washington,20006,District of Columbia,District Of Columbia,United States of America,US,38.9011297,-77.0402564,892aa845acfffff,America/New_York,,FALSE,4.5,57,"https://search.google.com/local/reviews?placeid=ChIJzSseW0O3t4kRVGWgFavdZQk&q=bubble+tea+store,+20404,+Washington,+DC,+US&authuser=0&hl=en&gl=US",,,3,2,2,4,46,83,https://lh3.googleusercontent.com/gps-cs-s/AB5caB8jNrAii-qVxiZLtXatosHO4fAb-DKo63dTCWf1JMY4bdrAK61CD8F_aqACvk4OV0cOVBJYZ5o3jF7PvNZ_pyNZMpHrhSPEaudV3Gs-AiW2W2DaYJ3FvJ4FS8HnURk1JsxSEzTg-A=w800-h500-k-no,https://lh3.googleusercontent.com/gps-cs-s/AB5caB8jNrAii-qVxiZLtXatosHO4fAb-DKo63dTCWf1JMY4bdrAK61CD8F_aqACvk4OV0cOVBJYZ5o3jF7PvNZ_pyNZMpHrhSPEaudV3Gs-AiW2W2DaYJ3FvJ4FS8HnURk1JsxSEzTg-A=w1600-h1000-k-no,,"{""Monday"": ""11AM-7PM"", ""Tuesday"": ""11AM-7PM"", ""Wednesday"": ""11AM-7PM"", ""Thursday"": ""11AM-7PM"", ""Friday"": ""11AM-7PM"", ""Saturday"": ""11:30AM-6PM"", ""Sunday"": ""Closed""}",Monday:11AM-7PM|Tuesday:11AM-7PM|Wednesday:11AM-7PM|Thursday:11AM-7PM|Friday:11AM-7PM|Saturday:11:30AM-6PM|Sunday:Closed,,,OPERATIONAL,"{""Service options"": {""Delivery"": true, ""Onsite services"": true, ""Takeout"": true, ""Dine-in"": true}, ""Highlights"": {""Great tea selection"": true}}",$,,https://lh5.googleusercontent.com/-gFVRfBd5ugs/AAAAAAAAAAI/AAAAAAAAAAA/KkXOcewaiL8/s44-p-k-no-ns-nd/photo.jpg,,,TRUE,116344512659215610834,E-TEA,https://www.google.com/maps/contrib/116344512659215610834,,"https://www.google.com/viewer/chooseprovider?mid=/g/11shkk7g84&g2lbs=AAEPWCtqNQWNLJxyclGX23LOoPOIbZUMTqdArvYd0MKcJipHErY6Tj1vsV8qDOZprc_75fxk_6Iw7sH-YbHP_8Z5-_768loXDg%3D%3D&hl=en-US&gl=us&fo_m=MfohQo559jFvMUOzJVpjPL1YMfZ3bInYwBDuMfaXTPp5KXh-&utm_source=tactile&gei=2dICaLywGIeD9u8Pmb2u4QI&ei=2dICaLywGIeD9u8Pmb2u4QI&fo_s=OA,SOE&opi=79508299&ebb=1&cs=0&foub=mcpp",,,"https://www.google.com/maps/place/E-TEA/@38.9011297,-77.04025639999999,14z/data=!4m8!1m2!2m1!1sE-TEA!3m4!1s0x89b7b7435b1e2bcd:0x965ddab15a06554!8m2!3d38.9011297!4d-77.04025639999999","https://www.google.com/maps/place/E-TEA/@38.9011297,-77.04025639999999,13.99z/data=!4m16!1m7!3m6!1s0x89b7b7435b1e2bcd:0x965ddab15a06554!2sE-TEA!8m2!3d38.9011297!4d-77.04025639999999!16s%2Fg%2F11ckvg1dmb!3m7!1s0x89b7b7435b1e2bcd:0x965ddab15a06554!8m2!3d38.9011297!4d-77.04025639999999!9m1!1b1!16s%2Fg%2F11ckvg1dmb?entry=ttu",ChIJzSseW0O3t4kRVGWgFavdZQk,0x89b7b7435b1e2bcd:0x965ddab15a06554,677191045861107028,/g/11shkk7g84,677191045861107028,,etea1712@gmail.com,RECEIVING,SMTP validated,,,,,,zhaowenhao@riverroad.cn,RECEIVING,SMTP validated,,,,,,,,,,,,,,,,,https://www.facebook.com/dcetea/,,,,,,,,,,,,,,,E-Tea,,,,FALSE,FALSE
"bubble tea store, 20404, Washington, DC, US",Spot of Tea (Georgetown),Spot Of Tea Georgetown,http://drinkspotoftea.com/,"Bubble tea store, Dessert shop",Bubble tea store,Bubble tea store,+1 833-264-9009,"Inside the Grace Street Collective, 3210 Grace St NW, Washington, DC 20007",Northwest Washington,"Inside the Grace Street Collective, 3210 Grace St NW",Washington,20007,District of Columbia,District Of Columbia,United States of America,US,38.9038007,-77.0634997,892aa84e9d3ffff,America/New_York,,FALSE,4.6,27,"https://search.google.com/local/reviews?placeid=ChIJ69VF3SS3t4kRLAyPPtVZhms&q=bubble+tea+store,+20404,+Washington,+DC,+US&authuser=0&hl=en&gl=US",,,1,1,1,1,23,21,https://lh3.googleusercontent.com/gps-cs-s/AB5caB9gjHjVE0u7AVfaZjXeOEkzZfAh8PiDrmPgkznL_Vq2dg_OPp50kqdK8d2FAHPFVhUKGrpcHrICtkhInogk_g3uVMfPWc5ggB8dDURWy3kAg-hpFW7dQz8Lrvn2ZNhDkx-NhAVA0A=w800-h500-k-no,https://lh3.googleusercontent.com/gps-cs-s/AB5caB9gjHjVE0u7AVfaZjXeOEkzZfAh8PiDrmPgkznL_Vq2dg_OPp50kqdK8d2FAHPFVhUKGrpcHrICtkhInogk_g3uVMfPWc5ggB8dDURWy3kAg-hpFW7dQz8Lrvn2ZNhDkx-NhAVA0A=w1600-h1000-k-no,,"{""Monday"": ""Closed"", ""Tuesday"": ""12-6PM"", ""Wednesday"": ""12-6PM"", ""Thursday"": ""12-6PM"", ""Friday"": ""12-7PM"", ""Saturday"": ""11AM-7PM"", ""Sunday"": ""11AM-6PM""}",Monday:Closed|Tuesday:12-6PM|Wednesday:12-6PM|Thursday:12-6PM|Friday:12-7PM|Saturday:11AM-7PM|Sunday:11AM-6PM,,,OPERATIONAL,"{""From the business"": {""Identifies as Asian-owned"": true}, ""Service options"": {""Takeout"": true, ""Dine-in"": true}, ""Highlights"": {""Great tea selection"": true}, ""Other"": {""Identifies as Asian-owned"": true}}",,,https://lh5.googleusercontent.com/-CiXYt-t4l-A/AAAAAAAAAAI/AAAAAAAAAAA/QD61XNNVV-g/s44-p-k-no-ns-nd/photo.jpg,,,TRUE,101070974660783517131,Spot of Tea - Georgetown,https://www.google.com/maps/contrib/101070974660783517131,,"https://www.google.com/viewer/chooseprovider?mid=/g/11w2br_h1g&g2lbs=AAEPWCuoPUKO--fPeh8emfnrDPDVCgA5NJ8MbQMRoN9u1WosR9T5xC56Ia0H_D4ZOnHiuzaS0ZVogFWvnMF1JW4fpfBSf9wv1Q%3D%3D&hl=en-US&gl=us&fo_m=MfohQo559jFvMUOzJVpjPL1YMfZ3bInYwBDuMfaXTPp5KXh-&utm_source=tactile&gei=2dICaLywGIeD9u8Pmb2u4QI&ei=2dICaLywGIeD9u8Pmb2u4QI&fo_s=OA,SOE&opi=79508299&orderType=2&ebb=1&cs=0&foub=mcpp",,,"https://www.google.com/maps/place/Spot+of+Tea+-+Georgetown/@38.9038007,-77.0634997,14z/data=!4m8!1m2!2m1!1sSpot+of+Tea+-+Georgetown!3m4!1s0x89b7b724dd45d5eb:0x6b8659d53e8f0c2c!8m2!3d38.9038007!4d-77.0634997","https://www.google.com/maps/place/Spot+of+Tea+-+Georgetown/@38.9038007,-77.0634997,13.99z/data=!4m16!1m7!3m6!1s0x89b7b724dd45d5eb:0x6b8659d53e8f0c2c!2sSpot+of+Tea+-+Georgetown!8m2!3d38.9038007!4d-77.0634997!16s%2Fg%2F11ckvg1dmb!3m7!1s0x89b7b724dd45d5eb:0x6b8659d53e8f0c2c!8m2!3d38.9038007!4d-77.0634997!9m1!1b1!16s%2Fg%2F11ckvg1dmb?entry=ttu",ChIJ69VF3SS3t4kRLAyPPtVZhms,0x89b7b724dd45d5eb:0x6b8659d53e8f0c2c,7747978981349985324,/g/11w2br_h1g,7747978981349985324,,hello@drinkspotoftea.com,RECEIVING,SMTP validated,,,,,,,,,,,,,,,,,,,,,,,,,,,,,,,,,,,,,,,,,,,,,
"bubble tea store, 20404, Washington, DC, US",Pow Tea Shop,Pow Tea Shop,https://order.snackpass.co/Pow-Tea-Shop-610c45e8e2499d013ab1ddca,Bubble tea store,Bubble tea store,Bubble tea store,+1 202-393-7653,"806 H St NW, Washington, DC 20001",Penn Quarter,806 H St NW,Washington,20001,District of Columbia,District Of Columbia,United States of America,US,38.8996847,-77.023405,892aa845a87ffff,America/New_York,,FALSE,4,51,"https://search.google.com/local/reviews?placeid=ChIJ7Rh2mqu3t4kR43vMOpEZK6Y&q=bubble+tea+store,+20404,+Washington,+DC,+US&authuser=0&hl=en&gl=US",,,4,3,7,10,27,57,https://lh3.googleusercontent.com/gps-cs-s/AB5caB_Vn5aA1449MxGLfNAbf6naPKZwwiWv8pJx6NVEwhoymglp5clkVALo8bKEycwPEEjxtkwlILjrml-1snCOh64EVveaIUtijWleHLQNw1ZrNHudOyd4Q_KoFl8G-jqD8emq_vN_ag=w800-h500-k-no,https://lh3.googleusercontent.com/gps-cs-s/AB5caB_Vn5aA1449MxGLfNAbf6naPKZwwiWv8pJx6NVEwhoymglp5clkVALo8bKEycwPEEjxtkwlILjrml-1snCOh64EVveaIUtijWleHLQNw1ZrNHudOyd4Q_KoFl8G-jqD8emq_vN_ag=w1600-h1000-k-no,,"{""Monday"": ""11AM-9PM"", ""Tuesday"": ""11AM-9PM"", ""Wednesday"": ""11AM-9PM"", ""Thursday"": ""11AM-9PM"", ""Friday"": ""11AM-9PM"", ""Saturday"": ""11AM-9PM"", ""Sunday"": ""11AM-9PM""}",Monday:11AM-9PM|Tuesday:11AM-9PM|Wednesday:11AM-9PM|Thursday:11AM-9PM|Friday:11AM-9PM|Saturday:11AM-9PM|Sunday:11AM-9PM,,,OPERATIONAL,"{""Service options"": {""Delivery"": true, ""Onsite services"": true, ""Takeout"": true, ""Dine-in"": true}, ""Highlights"": {""Great tea selection"": true}, ""Accessibility"": {""Wheelchair accessible entrance"": true}}",,,https://lh5.googleusercontent.com/-EkbH5pSdl6s/AAAAAAAAAAI/AAAAAAAAAAA/sy3-CuVu4ZE/s44-p-k-no-ns-nd/photo.jpg,,,TRUE,107655243615150131471,Pow Tea Shop,https://www.google.com/maps/contrib/107655243615150131471,,,,,"https://www.google.com/maps/place/Pow+Tea+Shop/@38.8996847,-77.023405,14z/data=!4m8!1m2!2m1!1sPow+Tea+Shop!3m4!1s0x89b7b7ab9a7618ed:0xa62b19913acc7be3!8m2!3d38.8996847!4d-77.023405","https://www.google.com/maps/place/Pow+Tea+Shop/@38.8996847,-77.023405,13.99z/data=!4m16!1m7!3m6!1s0x89b7b7ab9a7618ed:0xa62b19913acc7be3!2sPow+Tea+Shop!8m2!3d38.8996847!4d-77.023405!16s%2Fg%2F11ckvg1dmb!3m7!1s0x89b7b7ab9a7618ed:0xa62b19913acc7be3!8m2!3d38.8996847!4d-77.023405!9m1!1b1!16s%2Fg%2F11ckvg1dmb?entry=ttu",ChIJ7Rh2mqu3t4kR43vMOpEZK6Y,0x89b7b7ab9a7618ed:0xa62b19913acc7be3,11973692145842027491,/g/11sw_ptlvk,-6473051927867524125,,kimchigardenbayarea@gmail.com,RECEIVING,SMTP validated,,,,,,tacosyque.la@gmail.com,RECEIVING,SMTP validated,,,,,,skmec2019@gmail.com,RECEIVING,SMTP validated,,,,,,16507358479,16266038546,15626937123,https://www.facebook.com/446595879437706,,,,,,,,,,,,,,,"Vegan House Of Pancakes Pick Up Kitchen (East Point, GA) | Order Online",,Order online and track your order live. Powered by Snackpass,,FALSE,FALSE
"bubble tea store, 20404, Washington, DC, US",Tiger Sugar Boba Bubble Tea Shop,Tiger Sugar Boba Bubble Tea Shop,https://www.tigersugarva.us/order?utm_source=googlemap,"Bubble tea store, Dessert shop",Dessert shop,Bubble tea store,+1 202-217-1613,"670 Rhode Island Ave NE, Washington, DC 20002",Edgewood,670 Rhode Island Ave NE,Washington,20002,District of Columbia,District Of Columbia,United States of America,US,38.9220634,-76.9965695,892aa845ccfffff,America/New_York,,FALSE,4,67,"https://search.google.com/local/reviews?placeid=ChIJZUyHGlq5t4kRlD3zciCeXwc&q=bubble+tea+store,+20404,+Washington,+DC,+US&authuser=0&hl=en&gl=US",,,11,6,1,0,49,71,https://lh3.googleusercontent.com/p/AF1QipOc95uO4j6hJR8U5vD5vWuTZ827f7LuSkMjuVwO=w800-h500-k-no,https://lh3.googleusercontent.com/p/AF1QipOc95uO4j6hJR8U5vD5vWuTZ827f7LuSkMjuVwO=w1600-h1000-k-no,,"{""Monday"": ""11:30AM-9PM"", ""Tuesday"": ""11:30AM-9PM"", ""Wednesday"": ""11:30AM-9PM"", ""Thursday"": ""11:30AM-9PM"", ""Friday"": ""11:30AM-10PM"", ""Saturday"": ""11:30AM-10PM"", ""Sunday"": ""11:30AM-9PM""}",Monday:11:30AM-9PM|Tuesday:11:30AM-9PM|Wednesday:11:30AM-9PM|Thursday:11:30AM-9PM|Friday:11:30AM-10PM|Saturday:11:30AM-10PM|Sunday:11:30AM-9PM,,,OPERATIONAL,"{""Service options"": {""No-contact delivery"": true, ""Delivery"": true, ""Takeout"": true, ""Dine-in"": true}, ""Accessibility"": {""Wheelchair accessible entrance"": true, ""Wheelchair accessible parking lot"": true, ""Wheelchair accessible restroom"": true, ""Wheelchair accessible seating"": true}, ""Amenities"": {""Restroom"": true, ""Wi-Fi"": true}, ""Planning"": {""Quick visit"": true}, ""Payments"": {""Credit cards"": true}, ""Parking"": {""Free parking garage"": true, ""Free parking lot"": true, ""Free street parking"": true, ""Paid parking garage"": true, ""Paid parking lot"": true, ""Paid street parking"": true}}",$,,https://lh6.googleusercontent.com/-gaOCcmW4xGY/AAAAAAAAAAI/AAAAAAAAAAA/Qul01deGbVk/s44-p-k-no-ns-nd/photo.jpg,,,TRUE,114292653540535326456,Tiger Sugar Boba Bubble Tea Shop,https://www.google.com/maps/contrib/114292653540535326456,,"https://www.google.com/viewer/chooseprovider?mid=/g/11srrry6tn&g2lbs=AAEPWCt8mf4aIH_cdiZntQpA_Kr_wuSg3JfKylC_HRfx7U5bk7eNzvAmMGKk55cnp_rBtxE9e7Z_trH31Jzsql1OxVZfZfAgQw%3D%3D&hl=en-US&gl=us&fo_m=MfohQo559jFvMUOzJVpjPL1YMfZ3bInYwBDuMfaXTPp5KXh-&utm_source=tactile&gei=2dICaLywGIeD9u8Pmb2u4QI&ei=2dICaLywGIeD9u8Pmb2u4QI&fo_s=OA,SOE&opi=79508299&ebb=1&cs=0&foub=mcpp",,,"https://www.google.com/maps/place/Tiger+Sugar+Boba+Bubble+Tea+Shop/@38.9220634,-76.99656949999999,14z/data=!4m8!1m2!2m1!1sTiger+Sugar+Boba+Bubble+Tea+Shop!3m4!1s0x89b7b95a1a874c65:0x75f9e2072f33d94!8m2!3d38.9220634!4d-76.99656949999999","https://www.google.com/maps/place/Tiger+Sugar+Boba+Bubble+Tea+Shop/@38.9220634,-76.99656949999999,13.99z/data=!4m16!1m7!3m6!1s0x89b7b95a1a874c65:0x75f9e2072f33d94!2sTiger+Sugar+Boba+Bubble+Tea+Shop!8m2!3d38.9220634!4d-76.99656949999999!16s%2Fg%2F11ckvg1dmb!3m7!1s0x89b7b95a1a874c65:0x75f9e2072f33d94!8m2!3d38.9220634!4d-76.99656949999999!9m1!1b1!16s%2Fg%2F11ckvg1dmb?entry=ttu",ChIJZUyHGlq5t4kRlD3zciCeXwc,0x89b7b95a1a874c65:0x75f9e2072f33d94,531317143257693588,/g/11srrry6tn,531317143257693588,,tsannandale@gmail.com,RECEIVING,Verified,,,,,,,,,,,,,,,,,,,,,,2404689892,,,https://www.facebook.com/tigersugarusa,https://www.instagram.com/tigersugar.usa,,,,,,,,,,,,,,Tiger Sugar Annandale,,,,FALSE,FALSE
"bubble tea store, 20404, Washington, DC, US",The Whale Tea DC,The Whale Tea Dc,,Bubble tea store,Bubble tea store,Bubble tea store,,"4340 Connecticut Ave NW, Washington, DC 20008",Northwest Washington,4340 Connecticut Ave NW,Washington,20008,District of Columbia,District Of Columbia,United States of America,US,38.9462199,-77.0649723,892aa84527bffff,America/New_York,,FALSE,5,10,"https://search.google.com/local/reviews?placeid=ChIJCenzdgDJt4kRb1TZ0fNrYc0&q=bubble+tea+store,+20404,+Washington,+DC,+US&authuser=0&hl=en&gl=US",,,0,0,0,0,10,38,https://lh3.googleusercontent.com/gps-cs-s/AB5caB8X3-jb6pSD9M1M5DvXjNjfaukOsT5mAdKr0VoCZow0b_C2BSslsMxHRvJsmGWMenrO858t_zXml3D8yy0BZFVmMMczeBU-HAIicyKaO4BNTf4ZnFd149DkRWEvUkjRrxQjiH9U=w800-h500-k-no,https://lh3.googleusercontent.com/gps-cs-s/AB5caB8X3-jb6pSD9M1M5DvXjNjfaukOsT5mAdKr0VoCZow0b_C2BSslsMxHRvJsmGWMenrO858t_zXml3D8yy0BZFVmMMczeBU-HAIicyKaO4BNTf4ZnFd149DkRWEvUkjRrxQjiH9U=w1600-h1000-k-no,,,,,,OPERATIONAL,{},,,,,,FALSE,None,The Whale Tea DC,,,"https://www.google.com/viewer/chooseprovider?mid=/g/11mcg0hfb5&g2lbs=AAEPWCvhbdKGquR1WEFL8nMGgAPznyqxkJyO7hSPY-Lryz9LtgBLxz1aw0_p3pTBZvKeEyN3_QSy1NZKKg5OVFMY6DD9gUgqiA%3D%3D&hl=en-US&gl=us&fo_m=MfohQo559jFvMUOzJVpjPL1YMfZ3bInYwBDuMfaXTPp5KXh-&utm_source=tactile&gei=2dICaLywGIeD9u8Pmb2u4QI&ei=2dICaLywGIeD9u8Pmb2u4QI&fo_s=OA,SOE&opi=79508299&ebb=1&cs=0&foub=mcpp",,,"https://www.google.com/maps/place/The+Whale+Tea+DC/@38.946219899999996,-77.0649723,14z/data=!4m8!1m2!2m1!1sThe+Whale+Tea+DC!3m4!1s0x89b7c90076f3e909:0xcd616bf3d1d9546f!8m2!3d38.946219899999996!4d-77.0649723","https://www.google.com/maps/place/The+Whale+Tea+DC/@38.946219899999996,-77.0649723,13.99z/data=!4m16!1m7!3m6!1s0x89b7c90076f3e909:0xcd616bf3d1d9546f!2sThe+Whale+Tea+DC!8m2!3d38.946219899999996!4d-77.0649723!16s%2Fg%2F11ckvg1dmb!3m7!1s0x89b7c90076f3e909:0xcd616bf3d1d9546f!8m2!3d38.946219899999996!4d-77.0649723!9m1!1b1!16s%2Fg%2F11ckvg1dmb?entry=ttu",ChIJCenzdgDJt4kRb1TZ0fNrYc0,0x89b7c90076f3e909:0xcd616bf3d1d9546f,14799228545458066543,/g/11mcg0hfb5,-3647515528251485073,,,,,,,,,,,,,,,,,,,,,,,,,,,,,,,,,,,,,,,,,,,,,,,,,
"bubble tea store, 20404, Washington, DC, US",Spot of Tea (Dupont Circle),Spot Of Tea Dupont Circle,http://drinkspotoftea.com/,"Bubble tea store, Coffee shop, Tea house",Bubble tea store,Bubble tea store,+1 844-567-9632,"2101 P St NW, Washington, DC 20037",Northwest Washington,2101 P St NW,Washington,20037,District of Columbia,District Of Columbia,United States of America,US,38.9097902,-77.0468717,892aa84ed07ffff,America/New_York,,FALSE,4.7,151,"https://search.google.com/local/reviews?placeid=ChIJdcr35IG3t4kRdxzMP058Hyg&q=bubble+tea+store,+20404,+Washington,+DC,+US&authuser=0&hl=en&gl=US",,,4,2,7,12,126,240,https://lh3.googleusercontent.com/gps-cs-s/AB5caB-f4eDlsZQVcISDLQar1HDpKViuWS7sUjo2xn0LBYYdF72eZjyG4I8hkinNyoD-s4vHrGRvYKVo_1CNsoFpTuHFkdYcjsJEXfP_3GYiCnKzi4moB8XmSrHXg9bGNzuxtLFwTVk=w800-h500-k-no,https://lh3.googleusercontent.com/gps-cs-s/AB5caB-f4eDlsZQVcISDLQar1HDpKViuWS7sUjo2xn0LBYYdF72eZjyG4I8hkinNyoD-s4vHrGRvYKVo_1CNsoFpTuHFkdYcjsJEXfP_3GYiCnKzi4moB8XmSrHXg9bGNzuxtLFwTVk=w1600-h1000-k-no,,"{""Monday"": ""9AM-8PM"", ""Tuesday"": ""9AM-8PM"", ""Wednesday"": ""9AM-8PM"", ""Thursday"": ""9AM-8PM"", ""Friday"": ""9AM-9PM"", ""Saturday"": ""9AM-9PM"", ""Sunday"": ""9AM-8PM""}",Monday:9AM-8PM|Tuesday:9AM-8PM|Wednesday:9AM-8PM|Thursday:9AM-8PM|Friday:9AM-9PM|Saturday:9AM-9PM|Sunday:9AM-8PM,,,OPERATIONAL,"{""From the business"": {""Identifies as Asian-owned"": true}, ""Service options"": {""No-contact delivery"": true, ""Delivery"": true, ""Takeout"": true, ""Dine-in"": true}, ""Highlights"": {""Great tea selection"": true}, ""Accessibility"": {""Wheelchair accessible entrance"": true, ""Wheelchair accessible restroom"": true, ""Wheelchair accessible parking lot"": false}, ""Amenities"": {""Gender-neutral restroom"": true}, ""Parking"": {""Free street parking"": true, ""Paid street parking"": true}, ""Other"": {""Identifies as Asian-owned"": true}}",$,,https://lh3.googleusercontent.com/-HZS6VGPPAjQ/AAAAAAAAAAI/AAAAAAAAAAA/Dpxq_OQqmBg/s44-p-k-no-ns-nd/photo.jpg,,,TRUE,107745866666512152492,Spot of Tea - Dupont Circle,https://www.google.com/maps/contrib/107745866666512152492,,"https://www.google.com/viewer/chooseprovider?mid=/g/11vbyb41xn&g2lbs=AAEPWCsM6GbwWhcD0UJyvJWerqeAp5szFmpVrTqGMRJXoIOBwlPvzMlT-PAFirZBVae5SlwJD8PN2Bm6ZX_S0gV0kTjlPBk4Mg%3D%3D&hl=en-US&gl=us&fo_m=MfohQo559jFvMUOzJVpjPL1YMfZ3bInYwBDuMfaXTPp5KXh-&utm_source=tactile&gei=2dICaLywGIeD9u8Pmb2u4QI&ei=2dICaLywGIeD9u8Pmb2u4QI&fo_s=OA,SOE&opi=79508299&ebb=1&cs=0&foub=mcpp",,,"https://www.google.com/maps/place/Spot+of+Tea+-+Dupont+Circle/@38.909790199999996,-77.0468717,14z/data=!4m8!1m2!2m1!1sSpot+of+Tea+-+Dupont+Circle!3m4!1s0x89b7b781e4f7ca75:0x281f7c4e3fcc1c77!8m2!3d38.909790199999996!4d-77.0468717","https://www.google.com/maps/place/Spot+of+Tea+-+Dupont+Circle/@38.909790199999996,-77.0468717,13.99z/data=!4m16!1m7!3m6!1s0x89b7b781e4f7ca75:0x281f7c4e3fcc1c77!2sSpot+of+Tea+-+Dupont+Circle!8m2!3d38.909790199999996!4d-77.0468717!16s%2Fg%2F11ckvg1dmb!3m7!1s0x89b7b781e4f7ca75:0x281f7c4e3fcc1c77!8m2!3d38.909790199999996!4d-77.0468717!9m1!1b1!16s%2Fg%2F11ckvg1dmb?entry=ttu",ChIJdcr35IG3t4kRdxzMP058Hyg,0x89b7b781e4f7ca75:0x281f7c4e3fcc1c77,2891166161314782327,/g/11vbyb41xn,2891166161314782327,,hello@drinkspotoftea.com,RECEIVING,SMTP validated,,,,,,,,,,,,,,,,,,,,,,,,,,,,,,,,,,,,,,,,,,,,,
"bubble tea store, 20404, Washington, DC, US",Spot of Tea (Union Market),Spot Of Tea Union Market,http://drinkspotoftea.com/,"Bubble tea store, Tea house",Bubble tea store,Bubble tea store,+1 833-322-1754,"Inside Union Market, 1309 5th St NE, Washington, DC 20002",Northeast Washington,"Inside Union Market, 1309 5th St NE",Washington,20002,District of Columbia,District Of Columbia,United States of America,US,38.9086223,-76.9974255,892aa845c67ffff,America/New_York,,FALSE,4.5,207,"https://search.google.com/local/reviews?placeid=ChIJOS7fUrK5t4kRl8sOW_7CFVs&q=bubble+tea+store,+20404,+Washington,+DC,+US&authuser=0&hl=en&gl=US",,,8,9,12,16,162,114,https://lh3.googleusercontent.com/gps-cs-s/AB5caB8d3EGUm7XWmRH-mKxWeQq9XlW3SR3fWsQz6OnSdlPR7tLWfK_j5Zg9mmgPivoFasBNvMWIhHqiDu3wn9v9k_gPejJXvzmYUi0NaKVgObnM32MAwt7s6enP0RoGY844p7m81pY=w800-h500-k-no,https://lh3.googleusercontent.com/gps-cs-s/AB5caB8d3EGUm7XWmRH-mKxWeQq9XlW3SR3fWsQz6OnSdlPR7tLWfK_j5Zg9mmgPivoFasBNvMWIhHqiDu3wn9v9k_gPejJXvzmYUi0NaKVgObnM32MAwt7s6enP0RoGY844p7m81pY=w1600-h1000-k-no,,"{""Monday"": ""11:15AM-8:30PM"", ""Tuesday"": ""11:15AM-8:30PM"", ""Wednesday"": ""11:15AM-8:30PM"", ""Thursday"": ""11:15AM-8:30PM"", ""Friday"": ""11:15AM-9PM"", ""Saturday"": ""10:15AM-9PM"", ""Sunday"": ""10:15AM-8:30PM""}",Monday:11:15AM-8:30PM|Tuesday:11:15AM-8:30PM|Wednesday:11:15AM-8:30PM|Thursday:11:15AM-8:30PM|Friday:11:15AM-9PM|Saturday:10:15AM-9PM|Sunday:10:15AM-8:30PM,,,OPERATIONAL,"{""From the business"": {""Identifies as Asian-owned"": true}, ""Service options"": {""Takeout"": true, ""Dine-in"": true, ""Delivery"": false}, ""Highlights"": {""Great tea selection"": true}, ""Accessibility"": {""Wheelchair accessible entrance"": true, ""Wheelchair accessible parking lot"": true, ""Wheelchair accessible restroom"": true, ""Wheelchair accessible seating"": true}, ""Parking"": {""Free parking garage"": true, ""Free parking lot"": true, ""Free street parking"": true, ""Paid parking garage"": true, ""Paid street parking"": true}, ""Other"": {""Identifies as Asian-owned"": true}}",$,,https://lh4.googleusercontent.com/-tbkSRQXaBsA/AAAAAAAAAAI/AAAAAAAAAAA/8EGUR_BnJe4/s44-p-k-no-ns-nd/photo.jpg,,,TRUE,102117606003717738800,Spot of Tea - Union Market,https://www.google.com/maps/contrib/102117606003717738800,,,,,"https://www.google.com/maps/place/Spot+of+Tea+-+Union+Market/@38.9086223,-76.99742549999999,14z/data=!4m8!1m2!2m1!1sSpot+of+Tea+-+Union+Market!3m4!1s0x89b7b9b252df2e39:0x5b15c2fe5b0ecb97!8m2!3d38.9086223!4d-76.99742549999999","https://www.google.com/maps/place/Spot+of+Tea+-+Union+Market/@38.9086223,-76.99742549999999,13.99z/data=!4m16!1m7!3m6!1s0x89b7b9b252df2e39:0x5b15c2fe5b0ecb97!2sSpot+of+Tea+-+Union+Market!8m2!3d38.9086223!4d-76.99742549999999!16s%2Fg%2F11ckvg1dmb!3m7!1s0x89b7b9b252df2e39:0x5b15c2fe5b0ecb97!8m2!3d38.9086223!4d-76.99742549999999!9m1!1b1!16s%2Fg%2F11ckvg1dmb?entry=ttu",ChIJOS7fUrK5t4kRl8sOW_7CFVs,0x89b7b9b252df2e39:0x5b15c2fe5b0ecb97,6563366429667543959,/g/11j08bz3jw,6563366429667543959,,hello@drinkspotoftea.com,RECEIVING,SMTP validated,,,,,,,,,,,,,,,,,,,,,,,,,,,,,,,,,,,,,,,,,,,,,
"bubble tea store, 20404, Washington, DC, US",Tiger Sugar (Western Market),Tiger Sugar Western Market,https://tigersugardc.com/,Bubble tea store,Bubble tea store,Bubble tea store,+1 202-241-0001,"2000 Pennsylvania Avenue NW #3500, Washington, DC 20006",Northwest Washington,2000 Pennsylvania Avenue NW #3500,Washington,20006,District of Columbia,District Of Columbia,United States of America,US,38.9003884,-77.0457423,892aa845a5bffff,America/New_York,,FALSE,3.7,38,"https://search.google.com/local/reviews?placeid=ChIJ0SwEbfS3t4kRvuhP2dbCoiw&q=bubble+tea+store,+20404,+Washington,+DC,+US&authuser=0&hl=en&gl=US",,,11,1,1,1,24,98,https://lh3.googleusercontent.com/gps-cs-s/AB5caB-xOvGh7u5TSx6QIGEaJE73yIKtPXdtC50t-ajVCCrDGW2dSyMFBKDoXRx9d15ktvTnNjSgSDRhw4d1I1oAyvMMKkwhz0ZjwapVrovXngB_SAi1d8-pEf6h7PRqOllB_74UMw3atw=w800-h500-k-no,https://lh3.googleusercontent.com/gps-cs-s/AB5caB-xOvGh7u5TSx6QIGEaJE73yIKtPXdtC50t-ajVCCrDGW2dSyMFBKDoXRx9d15ktvTnNjSgSDRhw4d1I1oAyvMMKkwhz0ZjwapVrovXngB_SAi1d8-pEf6h7PRqOllB_74UMw3atw=w1600-h1000-k-no,,"{""Monday"": ""11:30AM-9PM"", ""Tuesday"": ""11:30AM-9PM"", ""Wednesday"": ""11:30AM-9PM"", ""Thursday"": ""11:30AM-9PM"", ""Friday"": ""11:30AM-10PM"", ""Saturday"": ""11:30AM-10PM"", ""Sunday"": ""11:30AM-9PM""}",Monday:11:30AM-9PM|Tuesday:11:30AM-9PM|Wednesday:11:30AM-9PM|Thursday:11:30AM-9PM|Friday:11:30AM-10PM|Saturday:11:30AM-10PM|Sunday:11:30AM-9PM,,,OPERATIONAL,"{""Service options"": {""Takeout"": true}, ""Highlights"": {""Great tea selection"": true}}",$,,https://lh4.googleusercontent.com/-xnBLMkRs1R0/AAAAAAAAAAI/AAAAAAAAAAA/hsW7zwXB77E/s44-p-k-no-ns-nd/photo.jpg,,,TRUE,106768503769552185250,TIGER SUGAR,https://www.google.com/maps/contrib/106768503769552185250,,"https://www.google.com/viewer/chooseprovider?mid=/g/11ltft_1tr&g2lbs=AAEPWCt7KvH7zXi4rS-xu3KYNgR_01hTgIJd3VexxCBXiZXIZitYgq2Cwdto1NTptX07st7narZzpmKc9saBRpqWKZCHXMXs6Q%3D%3D&hl=en-US&gl=us&fo_m=MfohQo559jFvMUOzJVpjPL1YMfZ3bInYwBDuMfaXTPp5KXh-&utm_source=tactile&gei=2dICaLywGIeD9u8Pmb2u4QI&ei=2dICaLywGIeD9u8Pmb2u4QI&fo_s=OA,SOE&opi=79508299&ebb=1&cs=0&foub=mcpp",,,"https://www.google.com/maps/place/TIGER+SUGAR+%28WESTERN+MARKET%29/@38.9003884,-77.0457423,14z/data=!4m8!1m2!2m1!1sTIGER+SUGAR+%28WESTERN+MARKET%29!3m4!1s0x89b7b7f46d042cd1:0x2ca2c2d6d94fe8be!8m2!3d38.9003884!4d-77.0457423","https://www.google.com/maps/place/TIGER+SUGAR+%28WESTERN+MARKET%29/@38.9003884,-77.0457423,13.99z/data=!4m16!1m7!3m6!1s0x89b7b7f46d042cd1:0x2ca2c2d6d94fe8be!2sTIGER+SUGAR+%28WESTERN+MARKET%29!8m2!3d38.9003884!4d-77.0457423!16s%2Fg%2F11ckvg1dmb!3m7!1s0x89b7b7f46d042cd1:0x2ca2c2d6d94fe8be!8m2!3d38.9003884!4d-77.0457423!9m1!1b1!16s%2Fg%2F11ckvg1dmb?entry=ttu",ChIJ0SwEbfS3t4kRvuhP2dbCoiw,0x89b7b7f46d042cd1:0x2ca2c2d6d94fe8be,3216347311920638142,/g/11ltft_1tr,3216347311920638142,,hello@rfuenzalida.com,INVALID,Undeliverable,,,,,,matt@pixelspread.com,RECEIVING,Verified,,,,,,team@latofonts.com,RECEIVING,Catch All,,,,,,2022410001,,,,https://www.instagram.com/tigersugardc,,,,,,,,,,,,,,Tiger Sugar DC,Starfield Technologies; Go Daddy Website Builder 8.0.0000,,,FALSE,FALSE
"bubble tea store, 20404, Washington, DC, US",SecreTea,Secretea,https://mymenuweb.com/us/restaurants/1215684/?utm_source=google_profile,"Bubble tea store, Sandwich shop",Bubble tea store,Bubble tea store,+1 202-803-3163,"1959 E St NW, Washington, DC 20052",Northwest Washington,1959 E St NW,Washington,20052,District of Columbia,District Of Columbia,United States of America,US,38.8962143,-77.0443532,892aa845a4fffff,America/New_York,,FALSE,4.1,198,"https://search.google.com/local/reviews?placeid=ChIJY6ezAei3t4kRUz43cV1jiyI&q=bubble+tea+store,+20404,+Washington,+DC,+US&authuser=0&hl=en&gl=US",,,24,7,16,30,121,700,https://lh3.googleusercontent.com/gps-cs-s/AB5caB9b_3CcsGD0Zfbt3VrCYMSE5kkS5TACnjgkxAtpoJzHnkp5CCvZjt3c__EMfWiS-2w4dAAnMRAVMmX9t4stErpaXRjNmNllbhSn_KLz04okxgEhoFOd9ilCgz3oWY9H-4Rx3lLvhA=w800-h500-k-no,https://lh3.googleusercontent.com/gps-cs-s/AB5caB9b_3CcsGD0Zfbt3VrCYMSE5kkS5TACnjgkxAtpoJzHnkp5CCvZjt3c__EMfWiS-2w4dAAnMRAVMmX9t4stErpaXRjNmNllbhSn_KLz04okxgEhoFOd9ilCgz3oWY9H-4Rx3lLvhA=w1600-h1000-k-no,,"{""Monday"": ""9:30AM-8PM"", ""Tuesday"": ""9:30AM-8PM"", ""Wednesday"": ""9:30AM-8PM"", ""Thursday"": ""9:30AM-8PM"", ""Friday"": ""9:30AM-8PM"", ""Saturday"": ""10:30AM-8PM"", ""Sunday"": ""10:30AM-8PM""}",Monday:9:30AM-8PM|Tuesday:9:30AM-8PM|Wednesday:9:30AM-8PM|Thursday:9:30AM-8PM|Friday:9:30AM-8PM|Saturday:10:30AM-8PM|Sunday:10:30AM-8PM,,,OPERATIONAL,"{""Service options"": {""Delivery"": true, ""Onsite services"": true, ""Takeout"": true, ""Dine-in"": true}, ""Highlights"": {""Great tea selection"": true}, ""Accessibility"": {""Wheelchair accessible entrance"": true}, ""Parking"": {""Paid street parking"": true}}",$,,https://lh4.googleusercontent.com/-USFt0pMbu7c/AAAAAAAAAAI/AAAAAAAAAAA/5WwDZYtA3YY/s44-p-k-no-ns-nd/photo.jpg,"Colorful option offering milk, cheese & fruit teas, plus ice cream, salads & Asian-style sandwiches.",,TRUE,101431460872499788295,SecreTea,https://www.google.com/maps/contrib/101431460872499788295,,"https://www.google.com/viewer/chooseprovider?mid=/g/11hhcms3hz&g2lbs=AAEPWCth_V9uvV-Be_9APJriKAIJueIQq4dEmhpQ2ricElnUnnohFNPIObVNVdr0B2BfxgA3BOIP4gkr7PnzVCYpt34VB_s3Nw%3D%3D&hl=en-US&gl=us&fo_m=MfohQo559jFvMUOzJVpjPL1YMfZ3bInYwBDuMfaXTPp5KXh-&utm_source=tactile&gei=2dICaLywGIeD9u8Pmb2u4QI&ei=2dICaLywGIeD9u8Pmb2u4QI&fo_s=OA,SOE&opi=79508299&ebb=1&cs=0&foub=mcpp",,,"https://www.google.com/maps/place/SecreTea/@38.8962143,-77.0443532,14z/data=!4m8!1m2!2m1!1sSecreTea!3m4!1s0x89b7b7e801b3a763:0x228b635d71373e53!8m2!3d38.8962143!4d-77.0443532","https://www.google.com/maps/place/SecreTea/@38.8962143,-77.0443532,13.99z/data=!4m16!1m7!3m6!1s0x89b7b7e801b3a763:0x228b635d71373e53!2sSecreTea!8m2!3d38.8962143!4d-77.0443532!16s%2Fg%2F11ckvg1dmb!3m7!1s0x89b7b7e801b3a763:0x228b635d71373e53!8m2!3d38.8962143!4d-77.0443532!9m1!1b1!16s%2Fg%2F11ckvg1dmb?entry=ttu",ChIJY6ezAei3t4kRUz43cV1jiyI,0x89b7b7e801b3a763:0x228b635d71373e53,2489192472034885203,/g/11hhcms3hz,2489192472034885203,,contact@mymenuweb.com,RECEIVING,SMTP validated,,,,,,,,,,,,,,,,,,,,,,,,,https://www.facebook.com/pages/,,,,,,,,,,,,,,,Java Dudes Coffee Company Bella Vista,,View the menu at Java Dudes Coffee Company and find more up-to-date information for this restaurant in Bella Vista.,,FALSE,TRUE
"bubble tea store, 20404, Washington, DC, US",Sharetea DC Chinatown,Sharetea Dc Chinatown,http://shareteadcchinatown.com/,Bubble tea store,Bubble tea store,Bubble tea store,+1 202-758-2570,"519 H St NW, Washington, DC 20001",Northwest Washington,519 H St NW,Washington,20001,District of Columbia,District Of Columbia,United States of America,US,38.8999833,-77.0196071,892aa84584bffff,America/New_York,,FALSE,4.4,542,"https://search.google.com/local/reviews?placeid=ChIJVVXmz423t4kRcZqX2kurNDs&q=bubble+tea+store,+20404,+Washington,+DC,+US&authuser=0&hl=en&gl=US",,,29,15,29,109,360,485,https://lh3.googleusercontent.com/gps-cs-s/AB5caB-KOFZJbS-FufVeNvGXxAqQ_zqT6q63f54XRUkDsnzOCiCEomgRO9hCzjrQ2txvXuFyXzac_E2tb4XchbOOqMkKI511O7jeEQfrdH6NZ0psC0EP1YZZrc8X-fPFz7Mjrod05PoU=w800-h500-k-no,https://lh3.googleusercontent.com/gps-cs-s/AB5caB-KOFZJbS-FufVeNvGXxAqQ_zqT6q63f54XRUkDsnzOCiCEomgRO9hCzjrQ2txvXuFyXzac_E2tb4XchbOOqMkKI511O7jeEQfrdH6NZ0psC0EP1YZZrc8X-fPFz7Mjrod05PoU=w1600-h1000-k-no,,"{""Monday"": ""10:30AM-9PM"", ""Tuesday"": ""10:45AM-9PM"", ""Wednesday"": ""10:45AM-9PM"", ""Thursday"": ""10:45AM-9PM"", ""Friday"": ""10:30AM-9PM"", ""Saturday"": ""11AM-9PM"", ""Sunday"": ""10:30AM-9PM""}",Monday:10:30AM-9PM|Tuesday:10:45AM-9PM|Wednesday:10:45AM-9PM|Thursday:10:45AM-9PM|Friday:10:30AM-9PM|Saturday:11AM-9PM|Sunday:10:30AM-9PM,,,OPERATIONAL,"{""From the business"": {""Identifies as women-owned"": true}, ""Service options"": {""Delivery"": true, ""Onsite services"": true, ""Takeout"": true, ""Dine-in"": true}, ""Highlights"": {""Great tea selection"": true}, ""Accessibility"": {""Wheelchair accessible entrance"": false, ""Wheelchair accessible parking lot"": false}, ""Other"": {""Identifies as women-owned"": true}}",$,,https://lh4.googleusercontent.com/-V_KIwAJIMNQ/AAAAAAAAAAI/AAAAAAAAAAA/p0P4V2jkr68/s44-p-k-no-ns-nd/photo.jpg,Tiny basement cafe offering an extensive menu of bubble tea with various flavors & toppings.,,TRUE,109269294999211796236,Sharetea DC Chinatown,https://www.google.com/maps/contrib/109269294999211796236,,,,,"https://www.google.com/maps/place/Sharetea+DC+Chinatown/@38.899983299999995,-77.0196071,14z/data=!4m8!1m2!2m1!1sSharetea+DC+Chinatown!3m4!1s0x89b7b78dcfe65555:0x3b34ab4bda979a71!8m2!3d38.899983299999995!4d-77.0196071","https://www.google.com/maps/place/Sharetea+DC+Chinatown/@38.899983299999995,-77.0196071,13.99z/data=!4m16!1m7!3m6!1s0x89b7b78dcfe65555:0x3b34ab4bda979a71!2sSharetea+DC+Chinatown!8m2!3d38.899983299999995!4d-77.0196071!16s%2Fg%2F11ckvg1dmb!3m7!1s0x89b7b78dcfe65555:0x3b34ab4bda979a71!8m2!3d38.899983299999995!4d-77.0196071!9m1!1b1!16s%2Fg%2F11ckvg1dmb?entry=ttu",ChIJVVXmz423t4kRcZqX2kurNDs,0x89b7b78dcfe65555:0x3b34ab4bda979a71,4266223089304967793,/g/11hc_2znvk,4266223089304967793,,,,,,,,,,,,,,,,,,,,,,,,,,,,,,,,,,,,,,,,,,,,Sharetea DC Chinatown - Bubble Tea Store | Online Order | Washington | DC,Divi v.4.19.2,"Welcome to Our Restaurant, We serve Brewed Tea, Creama, Fresh Milk, Fruit Tea, Seasonal Special, Ice Blended, Milk Tea, Chubby Puppies, Snacks, Water, Reusable Straw, Siganature, Instant Noodle and so on, Online Order, Near me",,FALSE,TRUE
"bubble tea store, 20404, Washington, DC, US",Gong Cha (DC 14th St),Gong Cha Dc 14Th St,https://www.gongchadmv.online/order?utm_source=googlemap,Bubble tea store,Bubble tea store,Bubble tea store,+1 202-347-5797,"1399 New York Ave NW, Washington, DC 20005",Northwest Washington,1399 New York Ave NW,Washington,20005,District of Columbia,District Of Columbia,United States of America,US,38.8998741,-77.0317119,892aa845a13ffff,America/New_York,,FALSE,4.2,385,"https://search.google.com/local/reviews?placeid=ChIJw0HdlMG3t4kREdesy7o24Xc&q=bubble+tea+store,+20404,+Washington,+DC,+US&authuser=0&hl=en&gl=US",,,31,18,28,70,238,228,https://lh3.googleusercontent.com/gps-cs-s/AB5caB_1_8z8WrMANIIPvu8j5e44I_JnKEPXWIhGfZXavvBeORW6nLUkQgMPRTSRGRKPukOcBpXvhS38cLmanxrde_VKAxI6AQovX6pi08sBbGKl_1AbE3Rz3EY_a2ra2B5EdRL-8xac=w800-h500-k-no,https://lh3.googleusercontent.com/gps-cs-s/AB5caB_1_8z8WrMANIIPvu8j5e44I_JnKEPXWIhGfZXavvBeORW6nLUkQgMPRTSRGRKPukOcBpXvhS38cLmanxrde_VKAxI6AQovX6pi08sBbGKl_1AbE3Rz3EY_a2ra2B5EdRL-8xac=w1600-h1000-k-no,,"{""Monday"": ""11AM-8:45PM"", ""Tuesday"": ""11AM-8:45PM"", ""Wednesday"": ""11AM-8:45PM"", ""Thursday"": ""11AM-8:45PM"", ""Friday"": ""11AM-9PM"", ""Saturday"": ""11AM-9PM"", ""Sunday"": ""11AM-8:45PM""}",Monday:11AM-8:45PM|Tuesday:11AM-8:45PM|Wednesday:11AM-8:45PM|Thursday:11AM-8:45PM|Friday:11AM-9PM|Saturday:11AM-9PM|Sunday:11AM-8:45PM,,,OPERATIONAL,"{""Service options"": {""Delivery"": true, ""Onsite services"": true, ""Takeout"": true, ""Dine-in"": true}, ""Highlights"": {""Great tea selection"": true}, ""Accessibility"": {""Wheelchair accessible entrance"": true, ""Wheelchair accessible parking lot"": false}}",$,,https://lh5.googleusercontent.com/-foJhNBFFFOA/AAAAAAAAAAI/AAAAAAAAAAA/e5eXGs6Tito/s44-p-k-no-ns-nd/photo.jpg,,,TRUE,106540104643981457622,Gong Cha,https://www.google.com/maps/contrib/106540104643981457622,,"https://www.google.com/viewer/chooseprovider?mid=/g/11grprdrpc&g2lbs=AAEPWCt8HuEqb9iSjy8Gdm0g6bnjk0l-0TfSEq_qdTgn6prWriR6cU-dmamMOXBK1eDtCLsNiiPkXd3BUaQvTq-MtJa9mF5TrA%3D%3D&hl=en-US&gl=us&fo_m=MfohQo559jFvMUOzJVpjPL1YMfZ3bInYwBDuMfaXTPp5KXh-&utm_source=tactile&gei=2dICaLywGIeD9u8Pmb2u4QI&ei=2dICaLywGIeD9u8Pmb2u4QI&fo_s=OA,SOE&opi=79508299&ebb=1&cs=0&foub=mcpp",,,"https://www.google.com/maps/place/Gong+Cha+%28DC+14th+St%29/@38.8998741,-77.03171189999999,14z/data=!4m8!1m2!2m1!1sGong+Cha+%28DC+14th+St%29!3m4!1s0x89b7b7c194dd41c3:0x77e136bacbacd711!8m2!3d38.8998741!4d-77.03171189999999","https://www.google.com/maps/place/Gong+Cha+%28DC+14th+St%29/@38.8998741,-77.03171189999999,13.99z/data=!4m16!1m7!3m6!1s0x89b7b7c194dd41c3:0x77e136bacbacd711!2sGong+Cha+%28DC+14th+St%29!8m2!3d38.8998741!4d-77.03171189999999!16s%2Fg%2F11ckvg1dmb!3m7!1s0x89b7b7c194dd41c3:0x77e136bacbacd711!8m2!3d38.8998741!4d-77.03171189999999!9m1!1b1!16s%2Fg%2F11ckvg1dmb?entry=ttu",ChIJw0HdlMG3t4kREdesy7o24Xc,0x89b7b7c194dd41c3:0x77e136bacbacd711,8638245736182241041,/g/11grprdrpc,8638245736182241041,,zhaowenhao@riverroad.cn,RECEIVING,SMTP validated,,,,,,,,,,,,,,,,,,,,,,,,,,,,,,,,,,,,,,,,Gong Cha DMV,,,,FALSE,FALSE
"bubble tea store, 20404, Washington, DC, US",E-Tea,E Tea,https://www.eteadc.com/,"Bubble tea store, Dessert shop, Japanese cheap sweets shop, Poke bar",Bubble tea store,Bubble tea store,+1 202-290-1830,"49 District Square SW, Washington, DC 20024",Southwest Waterfront,49 District Square SW,Washington,20024,District of Columbia,District Of Columbia,United States of America,US,38.8798645,-77.025174,892aa845b47ffff,America/New_York,,FALSE,4,251,"https://search.google.com/local/reviews?placeid=ChIJfzHoOL23t4kRwb0eMYZvK1Y&q=bubble+tea+store,+20404,+Washington,+DC,+US&authuser=0&hl=en&gl=US",,,22,24,22,39,144,442,https://lh3.googleusercontent.com/gps-cs-s/AB5caB85kNvOiEyWOba1i9TozkfRmTS4VDUYJt0yyeduMod43un3ZSdpQfvpBqw2K1GZYG1c-sLP3qNQPtp_v9lK6PzWpCj5BSFc6N62EuHXg9bDocnKnhFu-BMHMmq45TUxb5fR9Rwr=w800-h500-k-no,https://lh3.googleusercontent.com/gps-cs-s/AB5caB85kNvOiEyWOba1i9TozkfRmTS4VDUYJt0yyeduMod43un3ZSdpQfvpBqw2K1GZYG1c-sLP3qNQPtp_v9lK6PzWpCj5BSFc6N62EuHXg9bDocnKnhFu-BMHMmq45TUxb5fR9Rwr=w1600-h1000-k-no,,"{""Monday"": ""11:30AM-9PM"", ""Tuesday"": ""11:30AM-9PM"", ""Wednesday"": ""11:30AM-9PM"", ""Thursday"": ""11:30AM-9PM"", ""Friday"": ""11:30AM-10PM"", ""Saturday"": ""11:30AM-10PM"", ""Sunday"": ""11:30AM-10PM""}",Monday:11:30AM-9PM|Tuesday:11:30AM-9PM|Wednesday:11:30AM-9PM|Thursday:11:30AM-9PM|Friday:11:30AM-10PM|Saturday:11:30AM-10PM|Sunday:11:30AM-10PM,,,OPERATIONAL,"{""Service options"": {""Delivery"": true, ""Onsite services"": true, ""Takeout"": true, ""Dine-in"": true}, ""Highlights"": {""Great tea selection"": true}}",$,,https://lh5.googleusercontent.com/-HL61WHUlUNw/AAAAAAAAAAI/AAAAAAAAAAA/_dWk9xNOzj4/s44-p-k-no-ns-nd/photo.jpg,,,TRUE,117444878739460135778,E-Tea,https://www.google.com/maps/contrib/117444878739460135778,,"https://www.google.com/viewer/chooseprovider?mid=/g/11rqx28d66&g2lbs=AAEPWCuN2EYNl5CzcgMG2-raffTnbvZwiVKEr8zJvJQV5j1RAADEKj_tOf5YMotzBEtWvdBCBbzqNnbdpOJb1f_Uwyit20iBqg%3D%3D&hl=en-US&gl=us&fo_m=MfohQo559jFvMUOzJVpjPL1YMfZ3bInYwBDuMfaXTPp5KXh-&utm_source=tactile&gei=2dICaLywGIeD9u8Pmb2u4QI&ei=2dICaLywGIeD9u8Pmb2u4QI&fo_s=OA,SOE&opi=79508299&ebb=1&cs=0&foub=mcpp",,,"https://www.google.com/maps/place/E-Tea/@38.8798645,-77.02517399999999,14z/data=!4m8!1m2!2m1!1sE-Tea!3m4!1s0x89b7b7bd38e8317f:0x562b6f86311ebdc1!8m2!3d38.8798645!4d-77.02517399999999","https://www.google.com/maps/place/E-Tea/@38.8798645,-77.02517399999999,13.99z/data=!4m16!1m7!3m6!1s0x89b7b7bd38e8317f:0x562b6f86311ebdc1!2sE-Tea!8m2!3d38.8798645!4d-77.02517399999999!16s%2Fg%2F11ckvg1dmb!3m7!1s0x89b7b7bd38e8317f:0x562b6f86311ebdc1!8m2!3d38.8798645!4d-77.02517399999999!9m1!1b1!16s%2Fg%2F11ckvg1dmb?entry=ttu",ChIJfzHoOL23t4kRwb0eMYZvK1Y,0x89b7b7bd38e8317f:0x562b6f86311ebdc1,6209179133400759745,/g/11rqx28d66,6209179133400759745,,etea1712@gmail.com,RECEIVING,SMTP validated,,,,,,zhaowenhao@riverroad.cn,RECEIVING,SMTP validated,,,,,,,,,,,,,,,,,https://www.facebook.com/dcetea/,,,,,,,,,,,,,,,E-Tea,,,,FALSE,FALSE
"bubble tea store, 20404, Washington, DC, US",Cha 1004,Cha 1004,https://cha1004.com/,Bubble tea store,Bubble tea store,Bubble tea store,+1 202-350-0846,"4418 MacArthur Blvd NW, Washington, DC 20007",Northwest Washington,4418 MacArthur Blvd NW,Washington,20007,District of Columbia,District Of Columbia,United States of America,US,38.9068666,-77.0822383,892aa84e877ffff,America/New_York,,FALSE,,,,,,,,,,,4,https://lh3.googleusercontent.com/p/AF1QipOgakO4RIVoKbjs5MqgljSUslzhrJjyIkzvbqMW=w800-h500-k-no,https://lh3.googleusercontent.com/p/AF1QipOgakO4RIVoKbjs5MqgljSUslzhrJjyIkzvbqMW=w1600-h1000-k-no,,"{""Monday"": ""8AM-4PM"", ""Tuesday"": ""8AM-4PM"", ""Wednesday"": ""8AM-4PM"", ""Thursday"": ""8AM-4PM"", ""Friday"": ""8AM-4PM"", ""Saturday"": ""8AM-4PM"", ""Sunday"": ""8AM-4PM""}",Monday:8AM-4PM|Tuesday:8AM-4PM|Wednesday:8AM-4PM|Thursday:8AM-4PM|Friday:8AM-4PM|Saturday:8AM-4PM|Sunday:8AM-4PM,,,OPERATIONAL,{},,,https://lh3.googleusercontent.com/-WLU6erWPmKk/AAAAAAAAAAI/AAAAAAAAAAA/fX3IYHzs0Cw/s44-p-k-no-ns-nd/photo.jpg,,,TRUE,100786242921098302198,Cha 1004,https://www.google.com/maps/contrib/100786242921098302198,,,,,"https://www.google.com/maps/place/Cha+1004/@38.9068666,-77.0822383,14z/data=!4m8!1m2!2m1!1sCha+1004!3m4!1s0x89b7b7e7b7e58e17:0x2a39c857d9d96865!8m2!3d38.9068666!4d-77.0822383","https://www.google.com/maps/place/Cha+1004/@38.9068666,-77.0822383,13.99z/data=!4m16!1m7!3m6!1s0x89b7b7e7b7e58e17:0x2a39c857d9d96865!2sCha+1004!8m2!3d38.9068666!4d-77.0822383!16s%2Fg%2F11ckvg1dmb!3m7!1s0x89b7b7e7b7e58e17:0x2a39c857d9d96865!8m2!3d38.9068666!4d-77.0822383!9m1!1b1!16s%2Fg%2F11ckvg1dmb?entry=ttu",ChIJF47lt-e3t4kRZWjZ2VfIOSo,0x89b7b7e7b7e58e17:0x2a39c857d9d96865,3042683302908094565,/g/11x6kzjvlq,None,,,,,,,,,,,,,,,,,,,,,,,,,,,,,,,,,,,,,,,,,,,,,,,,,
"bubble tea store, 20404, Washington, DC, US",Tea Mansion (DuPont Circle),Tea Mansion | Dupont Circle | Washington Dc,http://www.teamansions.com/,"Bubble tea store, Tea house, Organic shop, Tea store",Tea house,Bubble tea store,+1 202-328-8327,"1627 Connecticut Ave NW, Washington, DC 20009",Northwest Washington,1627 Connecticut Ave NW,Washington,20009,District of Columbia,District Of Columbia,United States of America,US,38.9120171,-77.0444154,892aa84edabffff,America/New_York,,FALSE,4.4,176,"https://search.google.com/local/reviews?placeid=ChIJDyrZkX63t4kRJcwdE7Dbves&q=bubble+tea+store,+20404,+Washington,+DC,+US&authuser=0&hl=en&gl=US",,,14,9,7,10,136,101,https://lh3.googleusercontent.com/gps-cs-s/AB5caB_L8EE11ifLcCzKSAJiWwsjzWaH3xemDb9Fch84M-dzXcyeEStZNuUTGqct-5J8rRSQYBmNl78SvYWiSyzaG9F_x52ILzAvPK-sVuffHuU5-4Rjx12sAt44R016Bd7w47OF3iHP=w800-h500-k-no,https://lh3.googleusercontent.com/gps-cs-s/AB5caB_L8EE11ifLcCzKSAJiWwsjzWaH3xemDb9Fch84M-dzXcyeEStZNuUTGqct-5J8rRSQYBmNl78SvYWiSyzaG9F_x52ILzAvPK-sVuffHuU5-4Rjx12sAt44R016Bd7w47OF3iHP=w1600-h1000-k-no,,"{""Monday"": ""10:30AM-7:30PM"", ""Tuesday"": ""10:30AM-7:30PM"", ""Wednesday"": ""10:30AM-7:30PM"", ""Thursday"": ""10:30AM-7:30PM"", ""Friday"": ""10:30AM-7:30PM"", ""Saturday"": ""10:30AM-7:30PM"", ""Sunday"": ""10:30AM-7PM""}",Monday:10:30AM-7:30PM|Tuesday:10:30AM-7:30PM|Wednesday:10:30AM-7:30PM|Thursday:10:30AM-7:30PM|Friday:10:30AM-7:30PM|Saturday:10:30AM-7:30PM|Sunday:10:30AM-7PM,,,OPERATIONAL,"{""Service options"": {""Onsite services"": true, ""Takeout"": true, ""Dine-in"": true, ""Delivery"": false}, ""Accessibility"": {""Wheelchair accessible entrance"": true}}",,,https://lh4.googleusercontent.com/-U15o3hlZQA8/AAAAAAAAAAI/AAAAAAAAAAA/y-5yKpXjLNc/s44-p-k-no-ns-nd/photo.jpg,,,TRUE,113786534333040670284,Tea Mansion | DuPont Circle | Washington DC,https://www.google.com/maps/contrib/113786534333040670284,,,,,"https://www.google.com/maps/place/Tea+Mansion+%7C+DuPont+Circle+%7C+Washington+DC/@38.9120171,-77.04441539999999,14z/data=!4m8!1m2!2m1!1sTea+Mansion+%7C+DuPont+Circle+%7C+Washington+DC!3m4!1s0x89b7b77e91d92a0f:0xebbddbb0131dcc25!8m2!3d38.9120171!4d-77.04441539999999","https://www.google.com/maps/place/Tea+Mansion+%7C+DuPont+Circle+%7C+Washington+DC/@38.9120171,-77.04441539999999,13.99z/data=!4m16!1m7!3m6!1s0x89b7b77e91d92a0f:0xebbddbb0131dcc25!2sTea+Mansion+%7C+DuPont+Circle+%7C+Washington+DC!8m2!3d38.9120171!4d-77.04441539999999!16s%2Fg%2F11ckvg1dmb!3m7!1s0x89b7b77e91d92a0f:0xebbddbb0131dcc25!8m2!3d38.9120171!4d-77.04441539999999!9m1!1b1!16s%2Fg%2F11ckvg1dmb?entry=ttu",ChIJDyrZkX63t4kRJcwdE7Dbves,0x89b7b77e91d92a0f:0xebbddbb0131dcc25,16986974918792825893,/g/11fd77lk06,-1459769154916725723,,wholesale@teamansions.com,RECEIVING,SMTP validated,,,,,,info@teamansions.com,RECEIVING,SMTP validated,,,,,,customerservice@teamansions.com,RECEIVING,SMTP validated,,,,,,,,,https://www.facebook.com/teamansions,https://instagram.com/teamansions,,,,,,,,,https://twitter.com/TeaMansions,,,,,Tea Mansion®,,"Discover the best of natural, organic loose leaf teas and modern teaware from across the globe under one roof! Simply irresistible teas like no other in the world that includes herbal tea, Oolong tea, black tea, green tea, fruit infusions, blooming tea, matcha, rooibos, white tea & mate.",,FALSE,FALSE
"bubble tea store, 20404, Washington, DC, US",Möge Tee,Möge Tee,https://mogeteeusa.com/,"Bubble tea store, Cafe, Dessert shop, Tea store",Bubble tea store,Bubble tea store,+1 202-333-2929,"2428 Wisconsin Ave NW, Washington, DC 20007",Observatory Circle,2428 Wisconsin Ave NW,Washington,20007,District of Columbia,District Of Columbia,United States of America,US,38.9216731,-77.0726017,892aa84ec67ffff,America/New_York,,FALSE,3.7,222,"https://search.google.com/local/reviews?placeid=ChIJWYg2wvC3t4kRss3H73BWK7o&q=bubble+tea+store,+20404,+Washington,+DC,+US&authuser=0&hl=en&gl=US",,,50,11,12,33,116,215,https://lh3.googleusercontent.com/gps-cs-s/AB5caB8FfVH4Nx2VJHRzdoPeC4p6v1PfCU36UOOiOYEfGzTbTmOnrJ_L0_ZnIz0Uep3HPVdKHjEYT9WWlpt5eDamgywxqQ5mna_GiCRIjlCkDcgS6FFdaJrzeR45DH0G421J0JO6DKtEYg=w800-h500-k-no,https://lh3.googleusercontent.com/gps-cs-s/AB5caB8FfVH4Nx2VJHRzdoPeC4p6v1PfCU36UOOiOYEfGzTbTmOnrJ_L0_ZnIz0Uep3HPVdKHjEYT9WWlpt5eDamgywxqQ5mna_GiCRIjlCkDcgS6FFdaJrzeR45DH0G421J0JO6DKtEYg=w1600-h1000-k-no,,"{""Monday"": ""11AM-10PM"", ""Tuesday"": ""11AM-10PM"", ""Wednesday"": ""11AM-10PM"", ""Thursday"": ""11AM-10PM"", ""Friday"": ""11AM-10PM"", ""Saturday"": ""11AM-10PM"", ""Sunday"": ""11AM-10PM""}",Monday:11AM-10PM|Tuesday:11AM-10PM|Wednesday:11AM-10PM|Thursday:11AM-10PM|Friday:11AM-10PM|Saturday:11AM-10PM|Sunday:11AM-10PM,,,OPERATIONAL,"{""Service options"": {""Delivery"": true, ""Takeout"": true, ""Dine-in"": true}, ""Highlights"": {""Great tea selection"": true}, ""Accessibility"": {""Wheelchair accessible parking lot"": false}}",$$,,https://lh3.googleusercontent.com/-7WxM4TLof0M/AAAAAAAAAAI/AAAAAAAAAAA/ERWEpod2TOI/s44-p-k-no-ns-nd/photo.jpg,,,TRUE,107583046699222150831,Möge Tee,https://www.google.com/maps/contrib/107583046699222150831,,"https://www.google.com/viewer/chooseprovider?mid=/g/11fkdtm_zk&g2lbs=AAEPWCsYRLpHgOTgZ4nxb6lZgPO0Jw9lTogKOxTTuvSO5fqsxQDkXvr5mII6Vf4gj38OjwbznMnT-lbZ15iOIF1xCboWJNBzyg%3D%3D&hl=en-US&gl=us&fo_m=MfohQo559jFvMUOzJVpjPL1YMfZ3bInYwBDuMfaXTPp5KXh-&utm_source=tactile&gei=2dICaLywGIeD9u8Pmb2u4QI&ei=2dICaLywGIeD9u8Pmb2u4QI&fo_s=OA,SOE&opi=79508299&ebb=1&cs=0&foub=mcpp",,,"https://www.google.com/maps/place/M%C3%B6ge+Tee/@38.9216731,-77.07260169999999,14z/data=!4m8!1m2!2m1!1sM%C3%B6ge+Tee!3m4!1s0x89b7b7f0c2368859:0xba2b5670efc7cdb2!8m2!3d38.9216731!4d-77.07260169999999","https://www.google.com/maps/place/M%C3%B6ge+Tee/@38.9216731,-77.07260169999999,13.99z/data=!4m16!1m7!3m6!1s0x89b7b7f0c2368859:0xba2b5670efc7cdb2!2sM%C3%B6ge+Tee!8m2!3d38.9216731!4d-77.07260169999999!16s%2Fg%2F11ckvg1dmb!3m7!1s0x89b7b7f0c2368859:0xba2b5670efc7cdb2!8m2!3d38.9216731!4d-77.07260169999999!9m1!1b1!16s%2Fg%2F11ckvg1dmb?entry=ttu",ChIJWYg2wvC3t4kRss3H73BWK7o,0x89b7b7f0c2368859:0xba2b5670efc7cdb2,13414910958112329138,/g/11fkdtm_zk,-5031833115597222478,,info@mogeteeusa.com,RECEIVING,SMTP validated,,,,,,,,,,,,,,,,,,,,,,16463848108,+1 718-321-1188,9293502833,https://www.facebook.com/mogeteedc/,https://www.instagram.com/mogeteeusa,,,,,,,,,,,,,,StoreLocations,Wix.com Website Builder,Moge TEE is dedicated to create an unique and innovative beverage with well-balanced and rich flavor to present customers the most natural and fresh taste.,"Bubble tea, fruit tea, tea, dirty milk tea, super parfait, 愿茶美國官网,愿茶, 奶茶加盟",FALSE,FALSE
"bubble tea store, 20404, Washington, DC, US",Bees & Tea,Bees And Tea,http://beesandtea.com/,"Bubble tea store, Pan-Asian restaurant, Dessert shop, Ice cream shop",restaurants,Bubble tea store,+1 703-413-2002,"1201 S Joyce St Suite, F001, Arlington, VA 22202",Aurora Highlands,"1201 S Joyce St Suite, F001",Arlington,22202,Virginia,Virginia,United States of America,US,38.8635526,-77.0632414,892aa87b0cfffff,America/New_York,,FALSE,4.7,151,"https://search.google.com/local/reviews?placeid=ChIJzag19qu3t4kR_41avnG3KF8&q=bubble+tea+store,+20404,+Washington,+DC,+US&authuser=0&hl=en&gl=US",,,5,3,5,10,128,207,https://lh3.googleusercontent.com/p/AF1QipMYQ3jIT4x99Jdblbb6O2W_XECx_2e-2tLdJoi2=w800-h500-k-no,https://lh3.googleusercontent.com/p/AF1QipMYQ3jIT4x99Jdblbb6O2W_XECx_2e-2tLdJoi2=w1600-h1000-k-no,,"{""Monday"": ""11AM-10PM"", ""Tuesday"": ""11AM-10PM"", ""Wednesday"": ""11AM-10PM"", ""Thursday"": ""11AM-10PM"", ""Friday"": ""11AM-11PM"", ""Saturday"": ""11AM-11PM"", ""Sunday"": ""11AM-10PM""}",Monday:11AM-10PM|Tuesday:11AM-10PM|Wednesday:11AM-10PM|Thursday:11AM-10PM|Friday:11AM-11PM|Saturday:11AM-11PM|Sunday:11AM-10PM,,,OPERATIONAL,"{""From the business"": {""Identifies as Asian-owned"": true, ""Identifies as veteran-owned"": true, ""Identifies as women-owned"": true}, ""Service options"": {""Outdoor seating"": true, ""No-contact delivery"": true, ""Delivery"": true, ""Takeout"": true, ""Dine-in"": true}, ""Highlights"": {""Great tea selection"": true}, ""Popular for"": {""Solo dining"": true}, ""Accessibility"": {""Wheelchair accessible entrance"": true, ""Wheelchair accessible parking lot"": true, ""Wheelchair accessible restroom"": true, ""Wheelchair accessible seating"": true}, ""Offerings"": {""Coffee"": true, ""Quick bite"": true, ""Small plates"": true}, ""Dining options"": {""Lunch"": true, ""Dinner"": true, ""Dessert"": true, ""Seating"": true}, ""Amenities"": {""Restroom"": true}, ""Atmosphere"": {""Casual"": true, ""Trendy"": true}, ""Crowd"": {""College students"": true, ""Family-friendly"": true}, ""Planning"": {""Accepts reservations"": false}, ""Payments"": {""Credit cards"": true}, ""Children"": {""Good for kids"": true, ""High chairs"": true}, ""Parking"": {""On-site parking"": true, ""Paid parking garage"": true, ""Paid parking lot"": true, ""Paid street parking"": true}, ""Pets"": {""Dogs allowed outside"": true}, ""Other"": {""Identifies as veteran-owned"": true, ""Identifies as women-owned"": true, ""Identifies as Asian-owned"": true}}",$$,,https://lh6.googleusercontent.com/-Br6OK0BD18Q/AAAAAAAAAAI/AAAAAAAAAAA/gntgr6PVBD4/s44-p-k-no-ns-nd/photo.jpg,,,TRUE,108627827115826919972,Bees & Tea,https://www.google.com/maps/contrib/108627827115826919972,,"https://www.google.com/viewer/chooseprovider?mid=/g/11j86_4yzh&g2lbs=AAEPWCsbc5pEqhIsUw69WDMV1c_ezAJi89fMLX4bsgsXz0SaYJ9fx1W4TopnV_QCMhG6N4qR4-_4lGZ4ATlVQmawQM4JEfZrpQ%3D%3D&hl=en-US&gl=us&fo_m=MfohQo559jFvMUOzJVpjPL1YMfZ3bInYwBDuMfaXTPp5KXh-&utm_source=tactile&gei=2dICaLywGIeD9u8Pmb2u4QI&ei=2dICaLywGIeD9u8Pmb2u4QI&fo_s=OA,SOE&opi=79508299&ebb=1&cs=0&foub=mcpp",,,"https://www.google.com/maps/place/Bees+%26+Tea/@38.8635526,-77.0632414,14z/data=!4m8!1m2!2m1!1sBees+%26+Tea!3m4!1s0x89b7b7abf635a8cd:0x5f28b771be5a8dff!8m2!3d38.8635526!4d-77.0632414","https://www.google.com/maps/place/Bees+%26+Tea/@38.8635526,-77.0632414,13.99z/data=!4m16!1m7!3m6!1s0x89b7b7abf635a8cd:0x5f28b771be5a8dff!2sBees+%26+Tea!8m2!3d38.8635526!4d-77.0632414!16s%2Fg%2F11ckvg1dmb!3m7!1s0x89b7b7abf635a8cd:0x5f28b771be5a8dff!8m2!3d38.8635526!4d-77.0632414!9m1!1b1!16s%2Fg%2F11ckvg1dmb?entry=ttu",ChIJzag19qu3t4kR_41avnG3KF8,0x89b7b7abf635a8cd:0x5f28b771be5a8dff,6856932131824373247,/g/11j86_4yzh,6856932131824373247,,asiabistrobar@yahoo.com,BLACKLISTED,SMTP validated,,,,,,,,,,,,,,,,,,,,,,,,,https://www.facebook.com/beesntea/,https://www.instagram.com/p,,,,,,,,,,,,,,beesandtea.com,WordPress 5.2.4,,,,
"bubble tea store, 20404, Washington, DC, US",Panda Tea House,Panda Tea House,https://www.simon.com/mall/fashion-centre-at-pentagon-city/stores/panda-tea-house,Bubble tea store,Bubble tea store,Bubble tea store,+1 703-470-3928,"1100 S Hayes St Suite C06A, Arlington, VA 22202",Aurora Highlands,1100 S Hayes St Suite C06A,Arlington,22202,Virginia,Virginia,United States of America,US,38.8629854,-77.0609684,892aa87b0c7ffff,America/New_York,,FALSE,2.6,158,"https://search.google.com/local/reviews?placeid=ChIJb-1S1P23t4kR-5xppXzqrJY&q=bubble+tea+store,+20404,+Washington,+DC,+US&authuser=0&hl=en&gl=US",,,82,9,6,10,51,73,https://lh3.googleusercontent.com/gps-cs-s/AB5caB8D6q4e_m-7TtFK25tTsNzzQsYjR-n7Vsp8yGflgrlRajmv8b2H1JyTPo2L1vCJYLEzsD6m9rsE13iO6qLn7ZWBwmT7Ju_UUO-uF7-oJ_pWGZ11MJ14Acw3_hqy01yxoiNyTlFEUA=w800-h500-k-no,https://lh3.googleusercontent.com/gps-cs-s/AB5caB8D6q4e_m-7TtFK25tTsNzzQsYjR-n7Vsp8yGflgrlRajmv8b2H1JyTPo2L1vCJYLEzsD6m9rsE13iO6qLn7ZWBwmT7Ju_UUO-uF7-oJ_pWGZ11MJ14Acw3_hqy01yxoiNyTlFEUA=w1600-h1000-k-no,,"{""Monday"": ""10AM-8PM"", ""Tuesday"": ""10AM-8PM"", ""Wednesday"": ""10AM-8PM"", ""Thursday"": ""10AM-8PM"", ""Friday"": ""10AM-9PM"", ""Saturday"": ""10AM-9PM"", ""Sunday"": ""11AM-6PM""}",Monday:10AM-8PM|Tuesday:10AM-8PM|Wednesday:10AM-8PM|Thursday:10AM-8PM|Friday:10AM-9PM|Saturday:10AM-9PM|Sunday:11AM-6PM,,,OPERATIONAL,"{""Service options"": {""Onsite services"": true, ""Takeout"": true, ""Dine-in"": true, ""Delivery"": false}, ""Highlights"": {""Great tea selection"": true}, ""Accessibility"": {""Wheelchair accessible entrance"": true, ""Wheelchair accessible parking lot"": true}}",,,https://lh5.googleusercontent.com/-I3gvmrDahfI/AAAAAAAAAAI/AAAAAAAAAAA/4kCFTWY9hlw/s44-p-k-no-ns-nd/photo.jpg,,,TRUE,113329132856791955935,Panda Tea House,https://www.google.com/maps/contrib/113329132856791955935,,,,,"https://www.google.com/maps/place/Panda+Tea+House/@38.8629854,-77.0609684,14z/data=!4m8!1m2!2m1!1sPanda+Tea+House!3m4!1s0x89b7b7fdd452ed6f:0x96acea7ca5699cfb!8m2!3d38.8629854!4d-77.0609684","https://www.google.com/maps/place/Panda+Tea+House/@38.8629854,-77.0609684,13.99z/data=!4m16!1m7!3m6!1s0x89b7b7fdd452ed6f:0x96acea7ca5699cfb!2sPanda+Tea+House!8m2!3d38.8629854!4d-77.0609684!16s%2Fg%2F11ckvg1dmb!3m7!1s0x89b7b7fdd452ed6f:0x96acea7ca5699cfb!8m2!3d38.8629854!4d-77.0609684!9m1!1b1!16s%2Fg%2F11ckvg1dmb?entry=ttu",ChIJb-1S1P23t4kR-5xppXzqrJY,0x89b7b7fdd452ed6f:0x96acea7ca5699cfb,10857310622755429627,/g/11g_zd82g8,-7589433450954121989,,lahale@simon.com,RECEIVING,Catch All,Laura Hale,Laura,Hale,System Coordinator,,bham@simon.com,RECEIVING,SMTP validated,Bill Ham,Bill,Ham,Sales Manager,,gfulgin@simon.com,RECEIVING,SMTP validated,Greg Fulginiti,Greg,Fulginiti,Director Of Development,,19157797070,13056656226,18886052801,https://www.facebook.com/KingofPrussiaMall/,https://instagram.com/townctratboca,https://www.linkedin.com/company/la-plaza-mall,https://www.tiktok.com/@towncenteratboca,,,,,,,http://www.twitter.com/simonmalls,,https://www.youtube.com/user/SimonPropertyGroup,,,"Welcome To Mall of Georgia® - A Shopping Center In Buford, GA - A Simon Property",,"At Mall of Georgia®, we know what our shoppers want. Featuring Belk, Dillard's, JCPenney, Macy*s and Von Maur, plus more than 200 local, national and international stores offering everything from women’s and children’s apparel to jewelry and home electronics. Mall of Georgia’s retail roster includes shops such as Apple, Altar'd State, Coach, H&M, Michael Kors, Pandora, Pottery Barn, Swarovski and Vans, lululemon –all in a welcoming, climate-controlled indoor shopping and outdoor entertainment complex like no other. We offer a variety of exciting dining options from sit-down restaurants such as The Cheesecake Factory, P.F. Chang’s China Bistro, Okiboru, Buffalo Wild Wings, and Seasons 52, to grab-and-go choices including Chick-fil-A, Charley's Philly Steaks, Taco Bell, Maki of Japan, Fat Tuesday, Oh-K-Dog, Popeyes, and Ding Tea. Coming soon will be Vendetti's Pizza, Pasta & Grill in the Village Amphitheatre.The Village Amphitheatre and green is host to year-round live entertainment and family-oriented events including Movies Under the Stars, Mall of Georgia Concert Series and a variety of Holiday and kids events.Mall of Georgia serves the nearby communities of Buford, Sugar Hill, Suwanee, Gainesville, Lawrenceville, Lake Lanier and is conveniently located off I-85 and Exit 115 (GA 20). When we named it Mall of Georgia, we weren't just whistlin'","Simon Malls,Mall of Georgia®,Mall of Georgia® Buford,Apple Coach The Cheesecake Factory Altar'd State Michael Kors Seasons 52 Pottery Barn Sephora H&M Buford",FALSE,FALSE
"bubble tea store, 20404, Washington, DC, US",Teaism Dupont Circle,Teaism Dupont Circle,http://www.teaism.com/,"Bubble tea store, Asian fusion restaurant, Restaurant, Catering food and drink supplier, Gluten-free restaurant, Lunch restaurant, Tea house, Tea store, Vegan restaurant, Vegetarian restaurant",restaurants,Bubble tea store,+1 202-667-3827,"2009 R St NW, Washington, DC 20009",Kalorama,2009 R St NW,Washington,20009,District of Columbia,District Of Columbia,United States of America,US,38.912772,-77.045816,892aa84ed17ffff,America/New_York,,FALSE,4.5,728,"https://search.google.com/local/reviews?placeid=ChIJu9YSTc-3t4kRWcD2pLsGRSI&q=bubble+tea+store,+20404,+Washington,+DC,+US&authuser=0&hl=en&gl=US",,,18,12,49,153,496,963,https://lh3.googleusercontent.com/p/AF1QipOs_4UMkw3iWPVKNJ1tTd-voYgnCCeeovrWv58C=w800-h500-k-no,https://lh3.googleusercontent.com/p/AF1QipOs_4UMkw3iWPVKNJ1tTd-voYgnCCeeovrWv58C=w1600-h1000-k-no,,"{""Monday"": ""11AM-8PM"", ""Tuesday"": ""11AM-8PM"", ""Wednesday"": ""11AM-8PM"", ""Thursday"": ""11AM-8PM"", ""Friday"": ""11AM-8PM"", ""Saturday"": ""11AM-8PM"", ""Sunday"": ""11AM-8PM""}",Monday:11AM-8PM|Tuesday:11AM-8PM|Wednesday:11AM-8PM|Thursday:11AM-8PM|Friday:11AM-8PM|Saturday:11AM-8PM|Sunday:11AM-8PM,,,OPERATIONAL,"{""From the business"": {""Identifies as women-owned"": true}, ""Service options"": {""Outdoor seating"": true, ""No-contact delivery"": true, ""Delivery"": true, ""Onsite services"": true, ""Takeout"": true, ""Dine-in"": true}, ""Highlights"": {""Great tea selection"": true}, ""Popular for"": {""Breakfast"": true, ""Lunch"": true, ""Dinner"": true, ""Solo dining"": true}, ""Accessibility"": {""Wheelchair accessible entrance"": true, ""Wheelchair accessible restroom"": true, ""Wheelchair accessible seating"": true, ""Wheelchair accessible parking lot"": false}, ""Offerings"": {""Coffee"": true, ""Healthy options"": true, ""Quick bite"": true, ""Small plates"": true, ""Vegan options"": true, ""Vegetarian options"": true}, ""Dining options"": {""Breakfast"": true, ""Brunch"": true, ""Lunch"": true, ""Dinner"": true, ""Catering"": true, ""Dessert"": true, ""Seating"": true}, ""Amenities"": {""Gender-neutral restroom"": true, ""Restroom"": true, ""Wi-Fi"": true}, ""Atmosphere"": {""Casual"": true, ""Cozy"": true, ""Trendy"": true}, ""Crowd"": {""College students"": true, ""Family-friendly"": true, ""LGBTQ+ friendly"": true, ""Tourists"": true, ""Transgender safespace"": true}, ""Planning"": {""Accepts reservations"": false}, ""Payments"": {""Credit cards"": true, ""Debit cards"": true, ""NFC mobile payments"": true}, ""Children"": {""Good for kids"": true}, ""Parking"": {""Free street parking"": true, ""Paid street parking"": true}, ""Pets"": {""Dogs allowed outside"": true}, ""Other"": {""LGBTQ+ friendly"": true, ""Identifies as women-owned"": true}}",$$,,https://lh3.googleusercontent.com/-hNosKOpRAg0/AAAAAAAAAAI/AAAAAAAAAAA/aMoZds1nZwE/s44-p-k-no-ns-nd/photo.jpg,"Teahouse with Zen-like decor serving light Japanese & Thai-style fare, plus snacks & breakfast.",,TRUE,117170733415401651859,Teaism Dupont Circle,https://www.google.com/maps/contrib/117170733415401651859,,"https://www.google.com/viewer/chooseprovider?mid=/g/1tfsnwyl&g2lbs=AAEPWCtItXCIEsOwSVcgFiw6olkFzyWVN4aSTdP-wp7t-Ta79LuVhMwVOt9Stjtv69m8MN3xa5Ir9iV1cEGCvbm68JQAwURb0A%3D%3D&hl=en-US&gl=us&fo_m=MfohQo559jFvMUOzJVpjPL1YMfZ3bInYwBDuMfaXTPp5KXh-&utm_source=tactile&gei=2tICaOmdDa_n7_UPtvL7qAs&ei=2tICaOmdDa_n7_UPtvL7qAs&fo_s=OA,SOE&opi=79508299&orderType=1&ebb=1&cs=0&foub=mcpp",,,"https://www.google.com/maps/place/Teaism+Dupont+Circle/@38.912772,-77.045816,14z/data=!4m8!1m2!2m1!1sTeaism+Dupont+Circle!3m4!1s0x89b7b7cf4d12d6bb:0x224506bba4f6c059!8m2!3d38.912772!4d-77.045816","https://www.google.com/maps/place/Teaism+Dupont+Circle/@38.912772,-77.045816,13.99z/data=!4m16!1m7!3m6!1s0x89b7b7cf4d12d6bb:0x224506bba4f6c059!2sTeaism+Dupont+Circle!8m2!3d38.912772!4d-77.045816!16s%2Fg%2F11ckvg1dmb!3m7!1s0x89b7b7cf4d12d6bb:0x224506bba4f6c059!8m2!3d38.912772!4d-77.045816!9m1!1b1!16s%2Fg%2F11ckvg1dmb?entry=ttu",ChIJu9YSTc-3t4kRWcD2pLsGRSI,0x89b7b7cf4d12d6bb:0x224506bba4f6c059,2469387373678870617,/g/1tfsnwyl,2469387373678870617,,linda@teaism.com,RECEIVING,SMTP validated,Linda Neumann,Linda,Neumann,Owner,12024091285,info@teaism.com,RECEIVING,SMTP validated,Lela Singh,Lela,Singh,Owner,12026673827,fholler@teaism.com,INVALID,Cannot validate,Frank Holleran,Frank,Holleran,President,,+1 202-638-6010,12026673827,,https://www.facebook.com/teaismpennquarter/,https://www.instagram.com/teaism_dc/,http://www.linkedin.com/company/6222848,,,,,,,,https://twitter.com/TeaismATeaHouse,,,,,Teaism | A Tea House,wordpress,"A set of DC-based teahouses/Asian-inspired restaurants: quality loose leaf tea and healthy food in a fast-casual environment. Great tea, delicious food cooked from scratch.","tea,teaism,teaism penn quarter,penn quarter,penn quarter dc,dc,to do in dc,things to do in dc,downtown dc,national mall,smithsonian,national portrait gallery,archives,gallery place,gallery place chinatown,archives navy memorial,teahouse,tea house,teahouses,tea room,chai,masala,masala chai,organic,organic tea,organic food,grass-fed,salty oat,salty oat cookie,cookies in dc,cookie,salty cookie,salt oat,oatmeal raisin,salty oatmeal raisin,kayak cookie,kayak cookies,tea and cookies,afternoon tea,afternoon tea in dc,tea in dc,independent,independently owned business,in dc,women owned,vegan,vegan food,breakfast,lunch,dinner,luncheon,catering,meetup in dc,dc meet up,quiet place in dc,oasis,clean food,clean eating,bento box,japanese food,boba,boba tea,bubble tea,tapioca,real tea,loose leaf tea,looseleaf tea,green tea,matcha,matcha powder,culinary matcha,ceremonial matcha,lavender,earl grey,hot tea,iced tea,pot of tea,teapot,cup,teacup,gift,gift store,gift ideas,handmade,pottery,handmade pottery,teacups,gifts,chocolate,ceramics,handmade gifts,gift shop,shop local dc,artist,dc artists,honey,chawan,teabowl,teapots,strainer,brewing,tea brew,brewing tea,tea bag,tea infuser,infuser basket,tea ball,koi,koi pond,fried chicken bento,salmon bento,vegan bento,scrambled eggs,cilantro scrambled eggs,french toast,way of tea,tea lovers,tea lover,quick meal,fast,fast casual,cooked from scratch,from scratch,baked,scone,scones,tea and scones,ginger scones,ginger,ginger tea,rooibos,rooibos tea,white tea,oolong,oolong tea,moroccan mint,gelato,food to go,hemp,hemp cookie,pancakes,okonomiyaki,panko,vegetables,nutrient dense,nutrient density,bibingka,lassi,imli,tamaraind,tamarind,haldi,turmeric,turmeric tea,anti-oxidant,antioxidant,anti-inflammatory,silver needle,teaism dupont circle,dupont circle,dupont circle dc,logan circle,embassy,embassy row,phillips collection,hillyer,r street,georgetown,zen,wabisabi,rustic,yoga,meditation,teaism lafayette park,lafayette park,lafayette park dc,close to white house,white house,renwick gallery,farragut west,farragut north,h street,connecticut ave,farragut park,fast lunch,healthy lunch,teaism union market,union market dc,gallaudet,noma,noma-gallaudet,red line,florida ave,florida avenue,florida avenue market,florida ave market,baked goods,sweets,baked pastries,black & chai,tisane tea,sampler tea",,
"bubble tea store, 20404, Washington, DC, US",Gong cha Georgetown,Gong Cha Georgetown,https://www.gongchadmv.online/order?utm_source=googlemap,Restaurant,restaurants,Restaurant,+1 202-525-2657,"3279 M St NW, Washington, DC 20007",Northwest Washington,3279 M St NW,Washington,20007,District of Columbia,District Of Columbia,United States of America,US,38.905297,-77.0653548,892aa84e9d3ffff,America/New_York,,FALSE,4.2,151,"https://search.google.com/local/reviews?placeid=ChIJEZhwVX63t4kRjZN5g-OuLE0&q=bubble+tea+store,+20404,+Washington,+DC,+US&authuser=0&hl=en&gl=US",,,11,9,11,31,89,226,https://lh3.googleusercontent.com/p/AF1QipPJZofJ_LSRABuveQn1DnIlUdJEW1MsVpdTQqdU=w800-h500-k-no,https://lh3.googleusercontent.com/p/AF1QipPJZofJ_LSRABuveQn1DnIlUdJEW1MsVpdTQqdU=w1600-h1000-k-no,,"{""Monday"": ""12-8PM"", ""Tuesday"": ""12-8PM"", ""Wednesday"": ""12-8PM"", ""Thursday"": ""12-8PM"", ""Friday"": ""11AM-9PM"", ""Saturday"": ""11AM-9PM"", ""Sunday"": ""11AM-8PM""}",Monday:12-8PM|Tuesday:12-8PM|Wednesday:12-8PM|Thursday:12-8PM|Friday:11AM-9PM|Saturday:11AM-9PM|Sunday:11AM-8PM,,,OPERATIONAL,"{""Service options"": {""Delivery"": true, ""Onsite services"": true, ""Takeout"": true, ""Dine-in"": true}, ""Highlights"": {""Great tea selection"": true}, ""Popular for"": {""Solo dining"": true}, ""Accessibility"": {""Wheelchair accessible parking lot"": false}, ""Offerings"": {""Coffee"": true, ""Quick bite"": true}, ""Dining options"": {""Dessert"": true, ""Seating"": true}, ""Amenities"": {""Restroom"": true, ""Wi-Fi"": true}, ""Atmosphere"": {""Casual"": true, ""Trendy"": true}, ""Crowd"": {""College students"": true, ""Tourists"": true}, ""Planning"": {""Accepts reservations"": true}, ""Payments"": {""Credit cards"": true, ""Debit cards"": true, ""NFC mobile payments"": true}, ""Children"": {""Good for kids"": true}}",$,,https://lh3.googleusercontent.com/-dKTIn9howWE/AAAAAAAAAAI/AAAAAAAAAAA/QUF4UCzg2MA/s44-p-k-no-ns-nd/photo.jpg,,,TRUE,105526702401016881242,Gong cha Georgetown,https://www.google.com/maps/contrib/105526702401016881242,https://www.gongchadmv.online/order?utm_source=googlemap&utm_medium=click&utm_campaign=orderrefer&sid=589445449258217472,"https://www.google.com/viewer/chooseprovider?mid=/g/11r9tp0021&g2lbs=AAEPWCtju6GFE5f95KMaX7H4eRmCLueJTULVZeNiXwcemnkEkn-jSX-r2Defhliaavjkalq49DhUndkxGGRRrXWqhpUHss9Keg%3D%3D&hl=en-US&gl=us&fo_m=MfohQo559jFvMUOzJVpjPL1YMfZ3bInYwBDuMfaXTPp5KXh-&utm_source=tactile&gei=2tICaOmdDa_n7_UPtvL7qAs&ei=2tICaOmdDa_n7_UPtvL7qAs&fo_s=OA,SOE&opi=79508299&ebb=1&cs=0&foub=mcpp",,https://www.gongchadmv.online/order?utm_source=googlemap&utm_medium=click&utm_campaign=orderrefer&sid=589445449258217472,"https://www.google.com/maps/place/Gong+cha+Georgetown/@38.905297,-77.0653548,14z/data=!4m8!1m2!2m1!1sGong+cha+Georgetown!3m4!1s0x89b7b77e55709811:0x4d2caee38379938d!8m2!3d38.905297!4d-77.0653548","https://www.google.com/maps/place/Gong+cha+Georgetown/@38.905297,-77.0653548,13.99z/data=!4m16!1m7!3m6!1s0x89b7b77e55709811:0x4d2caee38379938d!2sGong+cha+Georgetown!8m2!3d38.905297!4d-77.0653548!16s%2Fg%2F11ckvg1dmb!3m7!1s0x89b7b77e55709811:0x4d2caee38379938d!8m2!3d38.905297!4d-77.0653548!9m1!1b1!16s%2Fg%2F11ckvg1dmb?entry=ttu",ChIJEZhwVX63t4kRjZN5g-OuLE0,0x89b7b77e55709811:0x4d2caee38379938d,5561011932082312077,/g/11r9tp0021,5561011932082312077,,zhaowenhao@riverroad.cn,RECEIVING,SMTP validated,,,,,,,,,,,,,,,,,,,,,,,,,,,,,,,,,,,,,,,,Gong Cha DMV,,,,FALSE,FALSE
"bubble tea store, 20404, Washington, DC, US",Kung Fu Tea,Kung Fu Tea,https://kungfutea.com/,"Bubble tea store, Beverage distributor, Cafe",Bubble tea store,Bubble tea store,+1 240-714-3156,"7313 Baltimore Ave Suite I, College Park, MD 20740",Old Town,7313 Baltimore Ave Suite I,College Park,20740,Maryland,Maryland,United States of America,US,38.9801299,-76.9376055,892aa84625bffff,America/New_York,,FALSE,4.1,449,"https://search.google.com/local/reviews?placeid=ChIJb8q54r7Gt4kRltVLS3pGAsw&q=bubble+tea+store,+20404,+Washington,+DC,+US&authuser=0&hl=en&gl=US",,,55,20,26,84,264,396,https://lh3.googleusercontent.com/p/AF1QipOb6BjFFcru-_Zy5qyI5j9251YaDkSeC-tS6isB=w800-h500-k-no,https://lh3.googleusercontent.com/p/AF1QipOb6BjFFcru-_Zy5qyI5j9251YaDkSeC-tS6isB=w1600-h1000-k-no,,"{""Monday"": ""12-9PM"", ""Tuesday"": ""12-9PM"", ""Wednesday"": ""12-9PM"", ""Thursday"": ""12-9PM"", ""Friday"": ""1-9PM"", ""Saturday"": ""1-9PM"", ""Sunday"": ""12-9PM""}",Monday:12-9PM|Tuesday:12-9PM|Wednesday:12-9PM|Thursday:12-9PM|Friday:1-9PM|Saturday:1-9PM|Sunday:12-9PM,"[{""delivery"": {""Monday"": ""12-8:45 PM"", ""Tuesday"": ""12-8:45 PM"", ""Wednesday"": ""12-8:45 PM"", ""Thursday"": ""12-8:45 PM"", ""Friday"": ""12-8:45 PM"", ""Saturday"": ""1-9:15 PM"", ""Sunday"": ""1-9:15 PM""}}]",,OPERATIONAL,"{""Service options"": {""Delivery"": true, ""Takeout"": true, ""Dine-in"": true}, ""Highlights"": {""Great tea selection"": true}, ""Accessibility"": {""Wheelchair accessible entrance"": true, ""Wheelchair accessible parking lot"": true, ""Wheelchair accessible restroom"": true}, ""Crowd"": {""LGBTQ+ friendly"": true, ""Transgender safespace"": true}, ""Other"": {""LGBTQ+ friendly"": true}}",$,,https://lh5.googleusercontent.com/-1_Vetg3B1pE/AAAAAAAAAAI/AAAAAAAAAAA/lMONQO359aU/s44-p-k-no-ns-nd/photo.jpg,"Bubble tea specialist with a selection of other hot & cold drinks, including coffee & slushes.",,TRUE,106883892936377021424,Kung Fu Tea,https://www.google.com/maps/contrib/106883892936377021424,,"https://www.google.com/viewer/chooseprovider?mid=/g/11bz0ql48x&g2lbs=AAEPWCssYektzNAquQz3SwruFpHLZIUoh0Y6Ltypz7EGh9cAqtht0GPQ-UAUK-A2INDdNHQRBeTvsh-CrHiXppV9Rtp6U7Vkvw%3D%3D&hl=en-US&gl=us&fo_m=MfohQo559jFvMUOzJVpjPL1YMfZ3bInYwBDuMfaXTPp5KXh-&utm_source=tactile&gei=2tICaOmdDa_n7_UPtvL7qAs&ei=2tICaOmdDa_n7_UPtvL7qAs&fo_s=OA,SOE&opi=79508299&ebb=1&cs=0&foub=mcpp",,,"https://www.google.com/maps/place/Kung+Fu+Tea/@38.9801299,-76.93760549999999,14z/data=!4m8!1m2!2m1!1sKung+Fu+Tea!3m4!1s0x89b7c6bee2b9ca6f:0xcc02467a4b4bd596!8m2!3d38.9801299!4d-76.93760549999999","https://www.google.com/maps/place/Kung+Fu+Tea/@38.9801299,-76.93760549999999,13.99z/data=!4m16!1m7!3m6!1s0x89b7c6bee2b9ca6f:0xcc02467a4b4bd596!2sKung+Fu+Tea!8m2!3d38.9801299!4d-76.93760549999999!16s%2Fg%2F11ckvg1dmb!3m7!1s0x89b7c6bee2b9ca6f:0xcc02467a4b4bd596!8m2!3d38.9801299!4d-76.93760549999999!9m1!1b1!16s%2Fg%2F11ckvg1dmb?entry=ttu",ChIJb8q54r7Gt4kRltVLS3pGAsw,0x89b7c6bee2b9ca6f:0xcc02467a4b4bd596,14700389624753935766,/g/11bz0ql48x,-3746354448955615850,,support@armsglobalinc.com,RECEIVING,Role,,,,,,marketing@kfteausa.com,RECEIVING,SMTP validated,,,,,,delivery_help@grubhub.com,RECEIVING,SMTP validated,,,,,,+1 724-544-6367,+1 855-538-9888,15402175182,https://www.facebook.com/kungfuteausa/,https://www.instagram.com/kungfuteausa,https://www.linkedin.com/company/kung-fu-tea,https://www.tiktok.com/@kungfutea,,,,,,,https://twitter.com/kfteausa,,,,,Menu — Kung Fu Tea | Fresh - Innovative - Fearless leading tea brand,WordPress 6.3,"Menu At Kung Fu Tea, every beverage is made-to-order with real Kung Fu. Our tea is freshly brewed every 3 hours using premium tea leaves. You can choose from classic teas, milk teas, fruit teas, slushies and more. Each drink is customized by you! You get to pick your toppings,…",,FALSE,TRUE
"bubble tea store, 20404, Washington, DC, US",Kung Fu Tea,Kung Fu Tea,https://kungfutea.com/,"Bubble tea store, Beverage distributor, Cafe, Chicken wings restaurant, Fast food restaurant",Bubble tea store,Bubble tea store,+1 703-528-1686,"3018 Wilson Blvd, Arlington, VA 22201",Court House,3018 Wilson Blvd,Arlington,22201,Virginia,Virginia,United States of America,US,38.8875573,-77.0946667,892aa84eb77ffff,America/New_York,,FALSE,4.3,298,"https://search.google.com/local/reviews?placeid=ChIJozBMg4a2t4kRwANP902rpPM&q=bubble+tea+store,+20404,+Washington,+DC,+US&authuser=0&hl=en&gl=US",,,25,12,15,52,194,378,https://lh3.googleusercontent.com/p/AF1QipO5mbCPaIyqSRyHF_5sOV3kegZRwLP2ZOKW7yU=w800-h500-k-no,https://lh3.googleusercontent.com/p/AF1QipO5mbCPaIyqSRyHF_5sOV3kegZRwLP2ZOKW7yU=w1600-h1000-k-no,,"{""Monday"": ""11AM-9PM"", ""Tuesday"": ""11AM-9PM"", ""Wednesday"": ""11AM-10PM"", ""Thursday"": ""11AM-10PM"", ""Friday"": ""11AM-10PM"", ""Saturday"": ""11AM-10PM"", ""Sunday"": ""11AM-10PM""}",Monday:11AM-9PM|Tuesday:11AM-9PM|Wednesday:11AM-10PM|Thursday:11AM-10PM|Friday:11AM-10PM|Saturday:11AM-10PM|Sunday:11AM-10PM,,,OPERATIONAL,"{""Service options"": {""No-contact delivery"": true, ""Delivery"": true, ""Takeout"": true, ""Dine-in"": true}, ""Highlights"": {""Great tea selection"": true}, ""Accessibility"": {""Wheelchair accessible entrance"": true, ""Wheelchair accessible parking lot"": true, ""Wheelchair accessible restroom"": true}, ""Parking"": {""Free street parking"": true}}",$,,https://lh5.googleusercontent.com/-J-InDHczdTI/AAAAAAAAAAI/AAAAAAAAAAA/l3VfX61_O1I/s44-p-k-no-ns-nd/photo.jpg,"Bubble tea specialist with a selection of other hot & cold drinks, including coffee & slushes.",,TRUE,103255279453973522755,Kung Fu Tea,https://www.google.com/maps/contrib/103255279453973522755,,"https://www.google.com/viewer/chooseprovider?mid=/g/11fx9lkgsv&g2lbs=AAEPWCv2gcpN5Tgf0uHE4y9XUEqt_WsiKWOWB9sxG2Uk-G1gmDQN0fwVmYCQf7-C_PLEKiQRY8vT8NlO99hX4W4w6h__wmMb5Q%3D%3D&hl=en-US&gl=us&fo_m=MfohQo559jFvMUOzJVpjPL1YMfZ3bInYwBDuMfaXTPp5KXh-&utm_source=tactile&gei=2tICaOmdDa_n7_UPtvL7qAs&ei=2tICaOmdDa_n7_UPtvL7qAs&fo_s=OA,SOE&opi=79508299&ebb=1&cs=0&foub=mcpp",,,"https://www.google.com/maps/place/Kung+Fu+Tea/@38.8875573,-77.09466669999999,14z/data=!4m8!1m2!2m1!1sKung+Fu+Tea!3m4!1s0x89b7b686834c30a3:0xf3a4ab4df74f03c0!8m2!3d38.8875573!4d-77.09466669999999","https://www.google.com/maps/place/Kung+Fu+Tea/@38.8875573,-77.09466669999999,13.99z/data=!4m16!1m7!3m6!1s0x89b7b686834c30a3:0xf3a4ab4df74f03c0!2sKung+Fu+Tea!8m2!3d38.8875573!4d-77.09466669999999!16s%2Fg%2F11ckvg1dmb!3m7!1s0x89b7b686834c30a3:0xf3a4ab4df74f03c0!8m2!3d38.8875573!4d-77.09466669999999!9m1!1b1!16s%2Fg%2F11ckvg1dmb?entry=ttu",ChIJozBMg4a2t4kRwANP902rpPM,0x89b7b686834c30a3:0xf3a4ab4df74f03c0,17556345598747018176,/g/11fx9lkgsv,-890398474962533440,,support@armsglobalinc.com,RECEIVING,Role,,,,,,marketing@kfteausa.com,RECEIVING,SMTP validated,,,,,,delivery_help@grubhub.com,RECEIVING,SMTP validated,,,,,,+1 724-544-6367,+1 855-538-9888,15402175182,https://www.facebook.com/kungfuteausa/,https://www.instagram.com/kungfuteausa,https://www.linkedin.com/company/kung-fu-tea,https://www.tiktok.com/@kungfutea,,,,,,,https://twitter.com/kfteausa,,,,,Menu — Kung Fu Tea | Fresh - Innovative - Fearless leading tea brand,WordPress 6.3,"Menu At Kung Fu Tea, every beverage is made-to-order with real Kung Fu. Our tea is freshly brewed every 3 hours using premium tea leaves. You can choose from classic teas, milk teas, fruit teas, slushies and more. Each drink is customized by you! You get to pick your toppings,…",,FALSE,TRUE
"bubble tea store, 20404, Washington, DC, US",Kung Fu Tea,Kung Fu Tea,https://kungfutea.com/,Bubble tea store,Bubble tea store,Bubble tea store,+1 571-800-6213,"1100 S Hayes St APT 1116 Stall 2, Arlington, VA 22202",Aurora Highlands,1100 S Hayes St APT 1116 Stall 2,Arlington,22202,Virginia,Virginia,United States of America,US,38.8633258,-77.0603864,892aa87b0c7ffff,America/New_York,,FALSE,3.3,13,"https://search.google.com/local/reviews?placeid=ChIJ3Y8xIc23t4kR3yTtSv8PRX8&q=bubble+tea+store,+20404,+Washington,+DC,+US&authuser=0&hl=en&gl=US",,,4,1,1,1,6,350,https://lh3.googleusercontent.com/p/AF1QipNnqDkO9kN0U11YY94BGIAD5RzdQgMww-M21qiL=w800-h500-k-no,https://lh3.googleusercontent.com/p/AF1QipNnqDkO9kN0U11YY94BGIAD5RzdQgMww-M21qiL=w1600-h1000-k-no,,"{""Monday"": ""10AM-9PM"", ""Tuesday"": ""10AM-9PM"", ""Wednesday"": ""10AM-9PM"", ""Thursday"": ""10AM-9PM"", ""Friday"": ""10AM-9PM"", ""Saturday"": ""10AM-9PM"", ""Sunday"": ""10AM-9PM""}",Monday:10AM-9PM|Tuesday:10AM-9PM|Wednesday:10AM-9PM|Thursday:10AM-9PM|Friday:10AM-9PM|Saturday:10AM-9PM|Sunday:10AM-9PM,,,OPERATIONAL,"{""Service options"": {""No-contact delivery"": true, ""Delivery"": true, ""Takeout"": true, ""Dine-in"": true}, ""Highlights"": {""Great tea selection"": true}, ""Accessibility"": {""Wheelchair accessible entrance"": true, ""Wheelchair accessible parking lot"": true}}",$,,https://lh4.googleusercontent.com/-cHcBvc55V88/AAAAAAAAAAI/AAAAAAAAAAA/aBg-Um9opyQ/s44-p-k-no-ns-nd/photo.jpg,"Bubble tea specialist with a selection of other hot & cold drinks, including coffee & slushes.",,TRUE,112824169029620526607,Kung Fu Tea,https://www.google.com/maps/contrib/112824169029620526607,,"https://www.google.com/viewer/chooseprovider?mid=/g/11ln1172y9&g2lbs=AAEPWCvtrEvQY1lEo2V7LWRnkIbAeY1C3o-80aYBGxnU1XsauWSu5lI21ItTsJMK2ccPndOamERfFKZ8hGluHG2I5RzKb7IACw%3D%3D&hl=en-US&gl=us&fo_m=MfohQo559jFvMUOzJVpjPL1YMfZ3bInYwBDuMfaXTPp5KXh-&utm_source=tactile&gei=2tICaOmdDa_n7_UPtvL7qAs&ei=2tICaOmdDa_n7_UPtvL7qAs&fo_s=OA,SOE&opi=79508299&ebb=1&cs=0&foub=mcpp",,,"https://www.google.com/maps/place/Kung+Fu+Tea/@38.8633258,-77.0603864,14z/data=!4m8!1m2!2m1!1sKung+Fu+Tea!3m4!1s0x89b7b7cd21318fdd:0x7f450fff4aed24df!8m2!3d38.8633258!4d-77.0603864","https://www.google.com/maps/place/Kung+Fu+Tea/@38.8633258,-77.0603864,13.99z/data=!4m16!1m7!3m6!1s0x89b7b7cd21318fdd:0x7f450fff4aed24df!2sKung+Fu+Tea!8m2!3d38.8633258!4d-77.0603864!16s%2Fg%2F11ckvg1dmb!3m7!1s0x89b7b7cd21318fdd:0x7f450fff4aed24df!8m2!3d38.8633258!4d-77.0603864!9m1!1b1!16s%2Fg%2F11ckvg1dmb?entry=ttu",ChIJ3Y8xIc23t4kR3yTtSv8PRX8,0x89b7b7cd21318fdd:0x7f450fff4aed24df,9170753805358015711,/g/11ln1172y9,9170753805358015711,,support@armsglobalinc.com,RECEIVING,Role,,,,,,marketing@kfteausa.com,RECEIVING,SMTP validated,,,,,,delivery_help@grubhub.com,RECEIVING,SMTP validated,,,,,,+1 724-544-6367,+1 855-538-9888,15402175182,https://www.facebook.com/kungfuteausa/,https://www.instagram.com/kungfuteausa,https://www.linkedin.com/company/kung-fu-tea,https://www.tiktok.com/@kungfutea,,,,,,,https://twitter.com/kfteausa,,,,,Menu — Kung Fu Tea | Fresh - Innovative - Fearless leading tea brand,WordPress 6.3,"Menu At Kung Fu Tea, every beverage is made-to-order with real Kung Fu. Our tea is freshly brewed every 3 hours using premium tea leaves. You can choose from classic teas, milk teas, fruit teas, slushies and more. Each drink is customized by you! You get to pick your toppings,…",,FALSE,TRUE
"bubble tea store, 20404, Washington, DC, US",Valley Brook Tea,Valley Brook Tea,http://www.valleybrooktea.com/,"Tea house, Cafe",Tea house,Tea house,+1 202-679-5752,"2015 Massachusetts Ave NW, Washington, DC 20036",Embassy Row,2015 Massachusetts Ave NW,Washington,20036,District of Columbia,District Of Columbia,United States of America,US,38.9105888,-77.0454983,892aa84edabffff,America/New_York,,FALSE,4.9,250,"https://search.google.com/local/reviews?placeid=ChIJH0aym_e3t4kRlcOmm8UabwE&q=bubble+tea+store,+20404,+Washington,+DC,+US&authuser=0&hl=en&gl=US",,,2,3,1,11,233,183,https://lh3.googleusercontent.com/p/AF1QipPFUw29BvPWOj0dRkk00nJX3HJIuqRpKyXAmsrD=w800-h500-k-no,https://lh3.googleusercontent.com/p/AF1QipPFUw29BvPWOj0dRkk00nJX3HJIuqRpKyXAmsrD=w1600-h1000-k-no,,"{""Monday"": ""10:30AM-6PM"", ""Tuesday"": ""10:30AM-6PM"", ""Wednesday"": ""10:30AM-6PM"", ""Thursday"": ""10:30AM-6PM"", ""Friday"": ""10:30AM-6PM"", ""Saturday"": ""10:30AM-6PM"", ""Sunday"": ""10:30AM-6PM""}",Monday:10:30AM-6PM|Tuesday:10:30AM-6PM|Wednesday:10:30AM-6PM|Thursday:10:30AM-6PM|Friday:10:30AM-6PM|Saturday:10:30AM-6PM|Sunday:10:30AM-6PM,,,OPERATIONAL,"{""Service options"": {""Delivery"": true, ""Onsite services"": true, ""Takeout"": true, ""Dine-in"": true}, ""Highlights"": {""Great tea selection"": true}, ""Accessibility"": {""Wheelchair accessible entrance"": true, ""Wheelchair accessible restroom"": true, ""Wheelchair accessible seating"": true}, ""Amenities"": {""Gender-neutral restroom"": true}, ""Crowd"": {""LGBTQ+ friendly"": true}, ""Other"": {""LGBTQ+ friendly"": true}}",$$,,https://lh5.googleusercontent.com/-3trJHRAWGjI/AAAAAAAAAAI/AAAAAAAAAAA/is59edNVbn8/s44-p-k-no-ns-nd/photo.jpg,,,TRUE,104719340683058232145,Valley Brook Tea,https://www.google.com/maps/contrib/104719340683058232145,,,,,"https://www.google.com/maps/place/Valley+Brook+Tea/@38.9105888,-77.04549829999999,14z/data=!4m8!1m2!2m1!1sValley+Brook+Tea!3m4!1s0x89b7b7f79bb2461f:0x16f1ac59ba6c395!8m2!3d38.9105888!4d-77.04549829999999","https://www.google.com/maps/place/Valley+Brook+Tea/@38.9105888,-77.04549829999999,13.99z/data=!4m16!1m7!3m6!1s0x89b7b7f79bb2461f:0x16f1ac59ba6c395!2sValley+Brook+Tea!8m2!3d38.9105888!4d-77.04549829999999!16s%2Fg%2F11ckvg1dmb!3m7!1s0x89b7b7f79bb2461f:0x16f1ac59ba6c395!8m2!3d38.9105888!4d-77.04549829999999!9m1!1b1!16s%2Fg%2F11ckvg1dmb?entry=ttu",ChIJH0aym_e3t4kRlcOmm8UabwE,0x89b7b7f79bb2461f:0x16f1ac59ba6c395,103330752475087765,/g/11h9p5nxdk,103330752475087765,,contact@valleybrooktea.com,RECEIVING,SMTP validated,,,,,,,,,,,,,,,,,,,,,,,,,,,,,,,,,,,,,,,,,,,,,
"bubble tea store, 20404, Washington, DC, US",Moge Tee College Park,Moge Tee College Park,http://mogeteeumcp.com/,"Bubble tea store, Restaurant",restaurants,Bubble tea store,+1 240-965-7871,"8150 Baltimore Ave Ste B, College Park, MD 20740",None,8150 Baltimore Ave Ste B,College Park,20740,Maryland,Maryland,United States of America,US,38.9913976,-76.9341473,892aa8475bbffff,America/New_York,,FALSE,4.7,194,"https://search.google.com/local/reviews?placeid=ChIJgY18owTHt4kR6ldNLAUP3EE&q=bubble+tea+store,+20404,+Washington,+DC,+US&authuser=0&hl=en&gl=US",,,2,7,4,18,163,165,https://lh3.googleusercontent.com/p/AF1QipP883oUnw8bJS9MDCb1-Dx3YPFdhSldQzLfyNAY=w800-h500-k-no,https://lh3.googleusercontent.com/p/AF1QipP883oUnw8bJS9MDCb1-Dx3YPFdhSldQzLfyNAY=w1600-h1000-k-no,,"{""Monday"": ""12-9PM"", ""Tuesday"": ""12-9PM"", ""Wednesday"": ""12-9PM"", ""Thursday"": ""12-9PM"", ""Friday"": ""12-9PM"", ""Saturday"": ""12-9PM"", ""Sunday"": ""12-9PM""}",Monday:12-9PM|Tuesday:12-9PM|Wednesday:12-9PM|Thursday:12-9PM|Friday:12-9PM|Saturday:12-9PM|Sunday:12-9PM,,,OPERATIONAL,"{""From the business"": {""Identifies as women-owned"": true}, ""Service options"": {""Outdoor seating"": true, ""Curbside pickup"": true, ""Delivery"": true, ""Takeout"": true, ""Dine-in"": true}, ""Highlights"": {""Great tea selection"": true}, ""Popular for"": {""Solo dining"": true}, ""Accessibility"": {""Wheelchair accessible entrance"": true, ""Wheelchair accessible parking lot"": true, ""Wheelchair accessible seating"": true}, ""Offerings"": {""Coffee"": true}, ""Dining options"": {""Breakfast"": true, ""Lunch"": true, ""Dessert"": true, ""Seating"": true}, ""Atmosphere"": {""Casual"": true, ""Cozy"": true, ""Trendy"": true}, ""Crowd"": {""College students"": true, ""Groups"": true}, ""Payments"": {""Credit cards"": true, ""Debit cards"": true, ""NFC mobile payments"": true}, ""Children"": {""Good for kids"": true}, ""Parking"": {""Paid parking lot"": true}, ""Pets"": {""Dogs allowed outside"": true}, ""Other"": {""Identifies as women-owned"": true}}",$,,https://lh6.googleusercontent.com/-mEsWdD_gaeo/AAAAAAAAAAI/AAAAAAAAAAA/YiiP0oHVH_U/s44-p-k-no-ns-nd/photo.jpg,,,TRUE,113293667607594780307,Moge Tee College Park,https://www.google.com/maps/contrib/113293667607594780307,,"https://www.google.com/viewer/chooseprovider?mid=/g/11qh85hd93&g2lbs=AAEPWCuFcN0LnGopEnBX34jd280yDhVBg0woTfxnJQAJCFE4aGyQsgXd3Oz5RSyQGmtBjnpu2Xlqn-ps9RP4_QbBlyJJYFjjHg%3D%3D&hl=en-US&gl=us&fo_m=MfohQo559jFvMUOzJVpjPL1YMfZ3bInYwBDuMfaXTPp5KXh-&utm_source=tactile&gei=2tICaOmdDa_n7_UPtvL7qAs&ei=2tICaOmdDa_n7_UPtvL7qAs&fo_s=OA,SOE&opi=79508299&ebb=1&cs=0&foub=mcpp",,,"https://www.google.com/maps/place/Moge+Tee+College+Park/@38.9913976,-76.93414729999999,14z/data=!4m8!1m2!2m1!1sMoge+Tee+College+Park!3m4!1s0x89b7c704a37c8d81:0x41dc0f052c4d57ea!8m2!3d38.9913976!4d-76.93414729999999","https://www.google.com/maps/place/Moge+Tee+College+Park/@38.9913976,-76.93414729999999,13.99z/data=!4m16!1m7!3m6!1s0x89b7c704a37c8d81:0x41dc0f052c4d57ea!2sMoge+Tee+College+Park!8m2!3d38.9913976!4d-76.93414729999999!16s%2Fg%2F11ckvg1dmb!3m7!1s0x89b7c704a37c8d81:0x41dc0f052c4d57ea!8m2!3d38.9913976!4d-76.93414729999999!9m1!1b1!16s%2Fg%2F11ckvg1dmb?entry=ttu",ChIJgY18owTHt4kR6ldNLAUP3EE,0x89b7c704a37c8d81:0x41dc0f052c4d57ea,4745684622234179562,/g/11qh85hd93,4745684622234179562,,info@mogeteeumcp.com,UNKNOWN,Cannot validate,,,,,,,,,,,,,,,,,,,,,,,,,,,,,,,,,,,,,,,,Home | Moge Tee,Wix.com Website Builder,"Moge Tee serving traditional and ""new style"" teas with cheese foam, fruit, and other toppings.",,FALSE,FALSE
"bubble tea store, 20404, Washington, DC, US",Tea-Do Annandale,Tea Do Annandale,http://teadonova.com/,Bubble tea store,Bubble tea store,Bubble tea store,+1 571-533-3883,"7031 Little River Turnpike #14C, Annandale, VA 22003",None,7031 Little River Turnpike #14C,Annandale,22003,Virginia,Virginia,United States of America,US,38.8281282,-77.1891659,892aaab6077ffff,America/New_York,,FALSE,4.6,437,"https://search.google.com/local/reviews?placeid=ChIJ4YudGFyzt4kR4aGrTQ7oYPc&q=bubble+tea+store,+20404,+Washington,+DC,+US&authuser=0&hl=en&gl=US",,,8,8,14,73,334,261,https://lh3.googleusercontent.com/p/AF1QipMB2LKhq7WbNwUN1wjBDCp7tK69EMnn5ywGnKc_=w800-h500-k-no,https://lh3.googleusercontent.com/p/AF1QipMB2LKhq7WbNwUN1wjBDCp7tK69EMnn5ywGnKc_=w1600-h1000-k-no,,"{""Monday"": ""12PM-12AM"", ""Tuesday"": ""12PM-12AM"", ""Wednesday"": ""12PM-12AM"", ""Thursday"": ""12PM-12AM"", ""Friday"": ""12PM-1AM"", ""Saturday"": ""12PM-1AM"", ""Sunday"": ""12PM-12AM""}",Monday:12PM-12AM|Tuesday:12PM-12AM|Wednesday:12PM-12AM|Thursday:12PM-12AM|Friday:12PM-1AM|Saturday:12PM-1AM|Sunday:12PM-12AM,,,OPERATIONAL,"{""Service options"": {""Delivery"": true, ""Takeout"": true, ""Dine-in"": true}, ""Highlights"": {""Great tea selection"": true}, ""Accessibility"": {""Wheelchair accessible entrance"": true, ""Wheelchair accessible parking lot"": true, ""Wheelchair accessible restroom"": true}}",$,,https://lh5.googleusercontent.com/-9vP5jTufdXk/AAAAAAAAAAI/AAAAAAAAAAA/suR9rjQeNEg/s44-p-k-no-ns-nd/photo.jpg,,,TRUE,104241244042753959196,Tea-Do Annandale,https://www.google.com/maps/contrib/104241244042753959196,,"https://www.google.com/viewer/chooseprovider?mid=/g/11fj0tkdly&g2lbs=AAEPWCs1MndEZ8USgw7dHKwj_RCb7GjDZnyRFb2dzmV2ekRdJST9ugmrmPMHR7S0HjsHW3mYOhjlCG7vxOmqiteldQnbGPXS4w%3D%3D&hl=en-US&gl=us&fo_m=MfohQo559jFvMUOzJVpjPL1YMfZ3bInYwBDuMfaXTPp5KXh-&utm_source=tactile&gei=2tICaOmdDa_n7_UPtvL7qAs&ei=2tICaOmdDa_n7_UPtvL7qAs&fo_s=OA,SOE&opi=79508299&ebb=1&cs=0&foub=mcpp",,,"https://www.google.com/maps/place/Tea-Do+Annandale/@38.828128199999995,-77.18916589999999,14z/data=!4m8!1m2!2m1!1sTea-Do+Annandale!3m4!1s0x89b7b35c189d8be1:0xf760e80e4daba1e1!8m2!3d38.828128199999995!4d-77.18916589999999","https://www.google.com/maps/place/Tea-Do+Annandale/@38.828128199999995,-77.18916589999999,13.99z/data=!4m16!1m7!3m6!1s0x89b7b35c189d8be1:0xf760e80e4daba1e1!2sTea-Do+Annandale!8m2!3d38.828128199999995!4d-77.18916589999999!16s%2Fg%2F11ckvg1dmb!3m7!1s0x89b7b35c189d8be1:0xf760e80e4daba1e1!8m2!3d38.828128199999995!4d-77.18916589999999!9m1!1b1!16s%2Fg%2F11ckvg1dmb?entry=ttu",ChIJ4YudGFyzt4kR4aGrTQ7oYPc,0x89b7b35c189d8be1:0xf760e80e4daba1e1,17825502473262703073,/g/11fj0tkdly,-621241600446848543,,teadonova@gmail.com,RECEIVING,SMTP validated,,,,,,,,,,,,,,,,,,,,,,,,,,,,,,,,,,,,,,,,Home | Teado NoVA,Wix.com Website Builder,,,FALSE,FALSE
"bubble tea store, 20404, Washington, DC, US",Ching Ching CHA,Ching Ching Cha,http://www.chingchingcha.com/,Tea house,Tea house,Tea house,+1 202-333-8288,"1314 21st St NW, Washington, DC 20036",Downtown,1314 21st St NW,Washington,20036,District of Columbia,District Of Columbia,United States of America,US,38.9077944,-77.0468782,892aa84ed33ffff,America/New_York,,FALSE,4.7,384,"https://search.google.com/local/reviews?placeid=ChIJPTqF_Uu2t4kRDwqQJSjRULM&q=bubble+tea+store,+20404,+Washington,+DC,+US&authuser=0&hl=en&gl=US",,,7,7,12,33,325,477,https://lh3.googleusercontent.com/p/AF1QipOq9SVbwmp2yBzOh5h20CjV8Jf1eHFzIcdHPDyp=w800-h500-k-no,https://lh3.googleusercontent.com/p/AF1QipOq9SVbwmp2yBzOh5h20CjV8Jf1eHFzIcdHPDyp=w1600-h1000-k-no,,"{""Monday"": ""12-6PM"", ""Tuesday"": ""Closed"", ""Wednesday"": ""Closed"", ""Thursday"": ""12-6PM"", ""Friday"": ""10AM-6PM"", ""Saturday"": ""9AM-5PM"", ""Sunday"": ""9AM-5PM""}",Monday:12-6PM|Tuesday:Closed|Wednesday:Closed|Thursday:12-6PM|Friday:10AM-6PM|Saturday:9AM-5PM|Sunday:9AM-5PM,,,OPERATIONAL,"{""Service options"": {""Onsite services"": true, ""Takeout"": true, ""Dine-in"": true, ""Delivery"": false}, ""Highlights"": {""Great tea selection"": true}, ""Accessibility"": {""Wheelchair accessible parking lot"": false}, ""Crowd"": {""LGBTQ+ friendly"": true}, ""Other"": {""LGBTQ+ friendly"": true}}",$$,,https://lh3.googleusercontent.com/-KpSxMfKpQEo/AAAAAAAAAAI/AAAAAAAAAAA/Pu32-QYBUoA/s44-p-k-no-ns-nd/photo.jpg,"Tearoom is a tranquil space for Chinese & Japanese teas, dumplings & Chinese desserts.",,TRUE,113589315399541519918,ching ching CHA,https://www.google.com/maps/contrib/113589315399541519918,,,,,"https://www.google.com/maps/place/ching+ching+CHA/@38.9077944,-77.0468782,14z/data=!4m8!1m2!2m1!1sching+ching+CHA!3m4!1s0x89b7b64bfd853a3d:0xb350d12825900a0f!8m2!3d38.9077944!4d-77.0468782","https://www.google.com/maps/place/ching+ching+CHA/@38.9077944,-77.0468782,13.99z/data=!4m16!1m7!3m6!1s0x89b7b64bfd853a3d:0xb350d12825900a0f!2sching+ching+CHA!8m2!3d38.9077944!4d-77.0468782!16s%2Fg%2F11ckvg1dmb!3m7!1s0x89b7b64bfd853a3d:0xb350d12825900a0f!8m2!3d38.9077944!4d-77.0468782!9m1!1b1!16s%2Fg%2F11ckvg1dmb?entry=ttu",ChIJPTqF_Uu2t4kRDwqQJSjRULM,0x89b7b64bfd853a3d:0xb350d12825900a0f,12921057301285046799,/g/1tfzc1y6,-5525686772424504817,,tea@chingchingcha.com,UNKNOWN,Cannot validate,Hollie Wong,Hollie,Wong,,12023338288,,,,,,,,,,,,,,,,,12023338288,202338288,,https://www.facebook.com/120509547961724,https://www.instagram.com/p,,,,,,,,,,,,,,Home | Ching Ching CHA,wordpress,,,FALSE,FALSE
"bubble tea store, 20404, Washington, DC, US",Kung Fu Tea X TKK Chicken,Kung Fu Tea X Tkk Chicken,,"Bubble tea store, Fried chicken takeaway",Bubble tea store,Bubble tea store,+1 202-450-1802,"625 H St NW Unit 101, Washington, DC 20001",Northwest Washington,625 H St NW Unit 101,Washington,20001,District of Columbia,District Of Columbia,United States of America,US,38.9000227,-77.0210931,892aa84584bffff,America/New_York,,FALSE,2.1,92,"https://search.google.com/local/reviews?placeid=ChIJEYxghAK3t4kRVmFJjIPKigY&q=bubble+tea+store,+20404,+Washington,+DC,+US&authuser=0&hl=en&gl=US",,,59,3,3,12,15,305,https://lh3.googleusercontent.com/p/AF1QipOON51b8YTYIj0LnGLaUEdXoLoW5svDrDwZ432W=w800-h500-k-no,https://lh3.googleusercontent.com/p/AF1QipOON51b8YTYIj0LnGLaUEdXoLoW5svDrDwZ432W=w1600-h1000-k-no,,"{""Monday"": ""11AM-10PM"", ""Tuesday"": ""11AM-10PM"", ""Wednesday"": ""11AM-10PM"", ""Thursday"": ""11AM-10PM"", ""Friday"": ""11AM-11PM"", ""Saturday"": ""11AM-11PM"", ""Sunday"": ""11AM-10PM""}",Monday:11AM-10PM|Tuesday:11AM-10PM|Wednesday:11AM-10PM|Thursday:11AM-10PM|Friday:11AM-11PM|Saturday:11AM-11PM|Sunday:11AM-10PM,,,OPERATIONAL,"{""Service options"": {""Curbside pickup"": true, ""No-contact delivery"": true, ""Delivery"": true, ""Takeout"": true, ""Dine-in"": true}, ""Highlights"": {""Great tea selection"": true}}",$$,,https://lh4.googleusercontent.com/-eDZO6cXc7fA/AAAAAAAAAAI/AAAAAAAAAAA/qMyx6RIjLT8/s44-p-k-no-ns-nd/photo.jpg,,,TRUE,100099331919820490252,Kung Fu Tea X TKK Chicken,https://www.google.com/maps/contrib/100099331919820490252,,"https://www.google.com/viewer/chooseprovider?mid=/g/11svftqtx_&g2lbs=AAEPWCuaPm0bYhQzfcIhTN_VdS7f5QktU9S4VR-gi3LXj_tUPneCQCDzzcIWkGhUS9OUk9Ku4wfNLqTHJamOjzlpZ7FisQxWAw%3D%3D&hl=en-US&gl=us&fo_m=MfohQo559jFvMUOzJVpjPL1YMfZ3bInYwBDuMfaXTPp5KXh-&utm_source=tactile&gei=2tICaOmdDa_n7_UPtvL7qAs&ei=2tICaOmdDa_n7_UPtvL7qAs&fo_s=OA,SOE&opi=79508299&ebb=1&cs=0&foub=mcpp",,,"https://www.google.com/maps/place/Kung+Fu+Tea+X+TKK+Chicken/@38.9000227,-77.0210931,14z/data=!4m8!1m2!2m1!1sKung+Fu+Tea+X+TKK+Chicken!3m4!1s0x89b7b70284608c11:0x68aca838c496156!8m2!3d38.9000227!4d-77.0210931","https://www.google.com/maps/place/Kung+Fu+Tea+X+TKK+Chicken/@38.9000227,-77.0210931,13.99z/data=!4m16!1m7!3m6!1s0x89b7b70284608c11:0x68aca838c496156!2sKung+Fu+Tea+X+TKK+Chicken!8m2!3d38.9000227!4d-77.0210931!16s%2Fg%2F11ckvg1dmb!3m7!1s0x89b7b70284608c11:0x68aca838c496156!8m2!3d38.9000227!4d-77.0210931!9m1!1b1!16s%2Fg%2F11ckvg1dmb?entry=ttu",ChIJEYxghAK3t4kRVmFJjIPKigY,0x89b7b70284608c11:0x68aca838c496156,471411777356783958,/g/11svftqtx_,471411777356783958,,,,,,,,,,,,,,,,,,,,,,,,,,,,,,,,,,,,,,,,,,,,,,,,,
"bubble tea store, 20404, Washington, DC, US",Teaism Penn Quarter,Teaism Penn Quarter,https://www.teaism.com/,"Bubble tea store, Asian fusion restaurant, Asian restaurant, Restaurant, Catering food and drink supplier, Gluten-free restaurant, Lunch restaurant, Tea house, Vegan restaurant, Vegetarian restaurant",restaurants,Bubble tea store,+1 202-638-6010,"400 8th St NW, Washington, DC 20004",Penn Quarter,400 8th St NW,Washington,20004,District of Columbia,District Of Columbia,United States of America,US,38.8950449,-77.0233501,892aa845aa3ffff,America/New_York,,FALSE,4.5,1220,"https://search.google.com/local/reviews?placeid=ChIJFRD8DZC3t4kRSmKIq6kkdXc&q=bubble+tea+store,+20404,+Washington,+DC,+US&authuser=0&hl=en&gl=US",,,29,28,89,283,791,1230,https://lh3.googleusercontent.com/p/AF1QipNa6jVuvvcbyhfXefOuHiOANrclkdR8bzJ1c0aj=w800-h500-k-no,https://lh3.googleusercontent.com/p/AF1QipNa6jVuvvcbyhfXefOuHiOANrclkdR8bzJ1c0aj=w1600-h1000-k-no,,"{""Monday"": ""11AM-8PM"", ""Tuesday"": ""11AM-8PM"", ""Wednesday"": ""11AM-8PM"", ""Thursday"": ""11AM-8PM"", ""Friday"": ""11AM-8PM"", ""Saturday"": ""11AM-8PM"", ""Sunday"": ""11AM-8PM""}",Monday:11AM-8PM|Tuesday:11AM-8PM|Wednesday:11AM-8PM|Thursday:11AM-8PM|Friday:11AM-8PM|Saturday:11AM-8PM|Sunday:11AM-8PM,,,OPERATIONAL,"{""From the business"": {""Identifies as women-owned"": true}, ""Service options"": {""No-contact delivery"": true, ""Delivery"": true, ""Onsite services"": true, ""Takeout"": true, ""Dine-in"": true}, ""Highlights"": {""Fast service"": true, ""Great dessert"": true, ""Great tea selection"": true}, ""Popular for"": {""Breakfast"": true, ""Lunch"": true, ""Dinner"": true, ""Solo dining"": true}, ""Accessibility"": {""Wheelchair accessible entrance"": true, ""Wheelchair accessible restroom"": true, ""Wheelchair accessible seating"": true}, ""Offerings"": {""Comfort food"": true, ""Healthy options"": true, ""Organic dishes"": true, ""Quick bite"": true, ""Small plates"": true, ""Vegan options"": true, ""Vegetarian options"": true}, ""Dining options"": {""Breakfast"": true, ""Brunch"": true, ""Lunch"": true, ""Dinner"": true, ""Catering"": true, ""Counter service"": true, ""Dessert"": true, ""Seating"": true}, ""Amenities"": {""Gender-neutral restroom"": true, ""Restroom"": true, ""Wi-Fi"": true}, ""Atmosphere"": {""Casual"": true, ""Cozy"": true, ""Trendy"": true}, ""Crowd"": {""Family-friendly"": true, ""Groups"": true, ""LGBTQ+ friendly"": true, ""Tourists"": true, ""Transgender safespace"": true}, ""Planning"": {""Accepts reservations"": false}, ""Payments"": {""Credit cards"": true, ""Debit cards"": true, ""NFC mobile payments"": true}, ""Children"": {""Good for kids"": true, ""High chairs"": true}, ""Parking"": {""Paid parking garage"": true, ""Paid street parking"": true}, ""Pets"": {""Dogs allowed outside"": true}, ""Other"": {""LGBTQ+ friendly"": true, ""Identifies as women-owned"": true}}",$$,,https://lh6.googleusercontent.com/-0ZQvhkG5RsY/AAAAAAAAAAI/AAAAAAAAAAA/QO-Ajxi5KI8/s44-p-k-no-ns-nd/photo.jpg,"Serves tea alongside a variety of bento boxes, sandwiches, and cookies, plus vegetarian options.",,TRUE,117685829540596775763,Teaism Penn Quarter,https://www.google.com/maps/contrib/117685829540596775763,,"https://www.google.com/viewer/chooseprovider?mid=/g/1txy36z9&g2lbs=AAEPWCtliVkENL8c6lVFVF045k_WbwdQJ7WSA7cbZl6jzD09OA61LbhuMSD7IawYQt9IamB5xfNt4A3BVjfNVFuq70NA-ZyCxQ%3D%3D&hl=en-US&gl=us&fo_m=MfohQo559jFvMUOzJVpjPL1YMfZ3bInYwBDuMfaXTPp5KXh-&utm_source=tactile&gei=2tICaOmdDa_n7_UPtvL7qAs&ei=2tICaOmdDa_n7_UPtvL7qAs&fo_s=OA,SOE&opi=79508299&ebb=1&cs=0&foub=mcpp",,,"https://www.google.com/maps/place/Teaism+Penn+Quarter/@38.895044899999995,-77.0233501,14z/data=!4m8!1m2!2m1!1sTeaism+Penn+Quarter!3m4!1s0x89b7b7900dfc1015:0x777524a9ab88624a!8m2!3d38.895044899999995!4d-77.0233501","https://www.google.com/maps/place/Teaism+Penn+Quarter/@38.895044899999995,-77.0233501,13.99z/data=!4m16!1m7!3m6!1s0x89b7b7900dfc1015:0x777524a9ab88624a!2sTeaism+Penn+Quarter!8m2!3d38.895044899999995!4d-77.0233501!16s%2Fg%2F11ckvg1dmb!3m7!1s0x89b7b7900dfc1015:0x777524a9ab88624a!8m2!3d38.895044899999995!4d-77.0233501!9m1!1b1!16s%2Fg%2F11ckvg1dmb?entry=ttu",ChIJFRD8DZC3t4kRSmKIq6kkdXc,0x89b7b7900dfc1015:0x777524a9ab88624a,8607826573934486090,/g/1txy36z9,8607826573934486090,,linda@teaism.com,RECEIVING,SMTP validated,Linda Neumann,Linda,Neumann,Owner,12024091285,info@teaism.com,RECEIVING,SMTP validated,Lela Singh,Lela,Singh,Owner,12026673827,fholler@teaism.com,INVALID,Cannot validate,Frank Holleran,Frank,Holleran,President,,+1 202-638-6010,12026673827,,https://www.facebook.com/teaismpennquarter/,https://www.instagram.com/teaism_dc/,http://www.linkedin.com/company/6222848,,,,,,,,https://twitter.com/TeaismATeaHouse,,,,,Teaism | A Tea House,wordpress,"A set of DC-based teahouses/Asian-inspired restaurants: quality loose leaf tea and healthy food in a fast-casual environment. Great tea, delicious food cooked from scratch.","tea,teaism,teaism penn quarter,penn quarter,penn quarter dc,dc,to do in dc,things to do in dc,downtown dc,national mall,smithsonian,national portrait gallery,archives,gallery place,gallery place chinatown,archives navy memorial,teahouse,tea house,teahouses,tea room,chai,masala,masala chai,organic,organic tea,organic food,grass-fed,salty oat,salty oat cookie,cookies in dc,cookie,salty cookie,salt oat,oatmeal raisin,salty oatmeal raisin,kayak cookie,kayak cookies,tea and cookies,afternoon tea,afternoon tea in dc,tea in dc,independent,independently owned business,in dc,women owned,vegan,vegan food,breakfast,lunch,dinner,luncheon,catering,meetup in dc,dc meet up,quiet place in dc,oasis,clean food,clean eating,bento box,japanese food,boba,boba tea,bubble tea,tapioca,real tea,loose leaf tea,looseleaf tea,green tea,matcha,matcha powder,culinary matcha,ceremonial matcha,lavender,earl grey,hot tea,iced tea,pot of tea,teapot,cup,teacup,gift,gift store,gift ideas,handmade,pottery,handmade pottery,teacups,gifts,chocolate,ceramics,handmade gifts,gift shop,shop local dc,artist,dc artists,honey,chawan,teabowl,teapots,strainer,brewing,tea brew,brewing tea,tea bag,tea infuser,infuser basket,tea ball,koi,koi pond,fried chicken bento,salmon bento,vegan bento,scrambled eggs,cilantro scrambled eggs,french toast,way of tea,tea lovers,tea lover,quick meal,fast,fast casual,cooked from scratch,from scratch,baked,scone,scones,tea and scones,ginger scones,ginger,ginger tea,rooibos,rooibos tea,white tea,oolong,oolong tea,moroccan mint,gelato,food to go,hemp,hemp cookie,pancakes,okonomiyaki,panko,vegetables,nutrient dense,nutrient density,bibingka,lassi,imli,tamaraind,tamarind,haldi,turmeric,turmeric tea,anti-oxidant,antioxidant,anti-inflammatory,silver needle,teaism dupont circle,dupont circle,dupont circle dc,logan circle,embassy,embassy row,phillips collection,hillyer,r street,georgetown,zen,wabisabi,rustic,yoga,meditation,teaism lafayette park,lafayette park,lafayette park dc,close to white house,white house,renwick gallery,farragut west,farragut north,h street,connecticut ave,farragut park,fast lunch,healthy lunch,teaism union market,union market dc,gallaudet,noma,noma-gallaudet,red line,florida ave,florida avenue,florida avenue market,florida ave market,baked goods,sweets,baked pastries,black & chai,tisane tea,sampler tea",,
"bubble tea store, 20404, Washington, DC, US",Soho Tea & Coffee,Soho Tea And Coffee,http://www.sohoteaandcoffee.com/,"Tea house, Cafe",cafes,Tea house,,"2150 P St NW, Washington, DC 20037",Downtown,2150 P St NW,Washington,20037,District of Columbia,District Of Columbia,United States of America,US,38.9094661,-77.0485218,892aa84ed3bffff,America/New_York,,FALSE,4.5,535,"https://search.google.com/local/reviews?placeid=ChIJc1WUusm3t4kRmzKp9PeLJgE&q=bubble+tea+store,+20404,+Washington,+DC,+US&authuser=0&hl=en&gl=US",,,19,12,37,95,372,223,https://lh3.googleusercontent.com/p/AF1QipM72_RY0ZN5SselSUx9a78WAfd23KdToO7gtNGf=w800-h500-k-no,https://lh3.googleusercontent.com/p/AF1QipM72_RY0ZN5SselSUx9a78WAfd23KdToO7gtNGf=w1600-h1000-k-no,,"{""Monday"": ""10:30-11PM"", ""Tuesday"": ""10:30-11PM"", ""Wednesday"": ""10:30-11PM"", ""Thursday"": ""10:30-11PM"", ""Friday"": ""10:30-11PM"", ""Saturday"": ""10:30-11PM"", ""Sunday"": ""10:30-11PM""}",Monday:10:30-11PM|Tuesday:10:30-11PM|Wednesday:10:30-11PM|Thursday:10:30-11PM|Friday:10:30-11PM|Saturday:10:30-11PM|Sunday:10:30-11PM,,,OPERATIONAL,"{""Service options"": {""Outdoor seating"": true, ""Onsite services"": true, ""Takeout"": true, ""Delivery"": false}, ""Accessibility"": {""Wheelchair accessible entrance"": true}, ""Offerings"": {""Alcohol"": true, ""Beer"": true, ""Coffee"": true, ""Comfort food"": true, ""Happy hour drinks"": true, ""Wine"": true}, ""Dining options"": {""Breakfast"": true, ""Lunch"": true, ""Dessert"": true, ""Seating"": true}, ""Amenities"": {""Restroom"": true, ""Wi-Fi"": true}, ""Planning"": {""Accepts reservations"": true}, ""Payments"": {""Debit cards"": true, ""NFC mobile payments"": true, ""Credit cards"": true}, ""Children"": {""Good for kids"": true, ""Kids' menu"": true}, ""Pets"": {""Dogs allowed outside"": true}}",$,,https://lh5.googleusercontent.com/-4V-XJ5TiJL4/AAAAAAAAAAI/AAAAAAAAAAA/kYZ9DI5JvEY/s44-p-k-no-ns-nd/photo.jpg,"A colorful hangout for tea & coffee, light fare, beer & wine, free WiFi & late hours.",,TRUE,107833382534130313420,Soho Tea & Coffee,https://www.google.com/maps/contrib/107833382534130313420,,,,,"https://www.google.com/maps/place/Soho+Tea+%26+Coffee/@38.909466099999996,-77.0485218,14z/data=!4m8!1m2!2m1!1sSoho+Tea+%26+Coffee!3m4!1s0x89b7b7c9ba945573:0x1268bf7f4a9329b!8m2!3d38.909466099999996!4d-77.0485218","https://www.google.com/maps/place/Soho+Tea+%26+Coffee/@38.909466099999996,-77.0485218,13.99z/data=!4m16!1m7!3m6!1s0x89b7b7c9ba945573:0x1268bf7f4a9329b!2sSoho+Tea+%26+Coffee!8m2!3d38.909466099999996!4d-77.0485218!16s%2Fg%2F11ckvg1dmb!3m7!1s0x89b7b7c9ba945573:0x1268bf7f4a9329b!8m2!3d38.909466099999996!4d-77.0485218!9m1!1b1!16s%2Fg%2F11ckvg1dmb?entry=ttu",ChIJc1WUusm3t4kRmzKp9PeLJgE,0x89b7b7c9ba945573:0x1268bf7f4a9329b,82907540230845083,/g/1td1wbf4,82907540230845083,,info@sohoteaandcoffee.com,RECEIVING,SMTP validated,,,,,,heleneandfran@sohoteaandcoffee.com,INVALID,Cannot validate,",",",",,,,h.bloom@sohoteaandcoffee.com,INVALID,Cannot validate,Helene Bloom,Helene,Bloom,,,2024637646,,,https://www.facebook.com/sohoteaandcoffee/,,,,,,,,,,,,,,,Soho Tea & Coffee,Starfield Technologies; Go Daddy Website Builder 8.0.0000,,,FALSE,FALSE
"bubble tea store, 20404, Washington, DC, US",TeaDM Mini,Teadm Mini,http://teadmlounge.com/,Bubble tea store,Bubble tea store,Bubble tea store,+1 571-488-4019,"142 Maple Ave W, Vienna, VA 22180",Hunter Mill District,142 Maple Ave W,Vienna,22180,Virginia,Virginia,United States of America,US,38.8999897,-77.2661194,892aaab28b7ffff,America/New_York,,FALSE,4.4,216,"https://search.google.com/local/reviews?placeid=ChIJv03iKR5LtokRXxi7MT_6g0Y&q=bubble+tea+store,+20404,+Washington,+DC,+US&authuser=0&hl=en&gl=US",,,13,8,13,29,153,177,https://lh3.googleusercontent.com/p/AF1QipPYT8Jym_XMi7e7SCvZmCF6B5wmKndC7lAlMIMv=w800-h500-k-no,https://lh3.googleusercontent.com/p/AF1QipPYT8Jym_XMi7e7SCvZmCF6B5wmKndC7lAlMIMv=w1600-h1000-k-no,,"{""Monday"": ""9AM-9PM"", ""Tuesday"": ""9AM-9PM"", ""Wednesday"": ""9AM-9PM"", ""Thursday"": ""9AM-8PM"", ""Friday"": ""9AM-10PM"", ""Saturday"": ""9AM-10PM"", ""Sunday"": ""9AM-9PM""}",Monday:9AM-9PM|Tuesday:9AM-9PM|Wednesday:9AM-9PM|Thursday:9AM-8PM|Friday:9AM-10PM|Saturday:9AM-10PM|Sunday:9AM-9PM,,,OPERATIONAL,"{""Service options"": {""Delivery"": true, ""Takeout"": true, ""Dine-in"": true}, ""Highlights"": {""Great tea selection"": true}, ""Accessibility"": {""Wheelchair accessible entrance"": true, ""Wheelchair accessible parking lot"": true, ""Wheelchair accessible restroom"": true, ""Wheelchair accessible seating"": true}, ""Amenities"": {""Gender-neutral restroom"": true}, ""Crowd"": {""LGBTQ+ friendly"": true}, ""Other"": {""LGBTQ+ friendly"": true}}",$,,https://lh6.googleusercontent.com/-24zXIn5zDL0/AAAAAAAAAAI/AAAAAAAAAAA/sa5pPRI8Y4A/s44-p-k-no-ns-nd/photo.jpg,,,TRUE,101428532501004124711,TeaDM Mini,https://www.google.com/maps/contrib/101428532501004124711,,"https://www.google.com/viewer/chooseprovider?mid=/g/11hyz67d96&g2lbs=AAEPWCs0z-FZ0fbKVJSONpqSTfkKjeVN9uXYmMpsz8ix1h1fDVwsJBcz1jCTKTSeZ5wLKOj6TtRqr8HXH5gKf5VqbxaxnjsB9g%3D%3D&hl=en-US&gl=us&fo_m=MfohQo559jFvMUOzJVpjPL1YMfZ3bInYwBDuMfaXTPp5KXh-&utm_source=tactile&gei=2tICaOmdDa_n7_UPtvL7qAs&ei=2tICaOmdDa_n7_UPtvL7qAs&fo_s=OA,SOE&opi=79508299&ebb=1&cs=0&foub=mcpp",,,"https://www.google.com/maps/place/TeaDM+Mini/@38.8999897,-77.2661194,14z/data=!4m8!1m2!2m1!1sTeaDM+Mini!3m4!1s0x89b64b1e29e24dbf:0x4683fa3f31bb185f!8m2!3d38.8999897!4d-77.2661194","https://www.google.com/maps/place/TeaDM+Mini/@38.8999897,-77.2661194,13.99z/data=!4m16!1m7!3m6!1s0x89b64b1e29e24dbf:0x4683fa3f31bb185f!2sTeaDM+Mini!8m2!3d38.8999897!4d-77.2661194!16s%2Fg%2F11ckvg1dmb!3m7!1s0x89b64b1e29e24dbf:0x4683fa3f31bb185f!8m2!3d38.8999897!4d-77.2661194!9m1!1b1!16s%2Fg%2F11ckvg1dmb?entry=ttu",ChIJv03iKR5LtokRXxi7MT_6g0Y,0x89b64b1e29e24dbf:0x4683fa3f31bb185f,5081179953928280159,/g/11hyz67d96,5081179953928280159,,teadmlounge@gmail.com,RECEIVING,SMTP validated,,,,,,,,,,,,,,,,,,,,,,,,,https://www.facebook.com/104559175327134,https://www.instagram.com/p,,,,,,,,,,,,,,TeaDM Lounge,,,,FALSE,FALSE
"bubble tea store, 20404, Washington, DC, US",WASAI & Gong cha,Wasai And Gong Cha,https://www.wasai.online/,"Bubble tea store, Restaurant",restaurants,Bubble tea store,+1 202-735-0693,"716 7th St NW, Washington, DC 20001",Penn Quarter,716 7th St NW,Washington,20001,District of Columbia,District Of Columbia,United States of America,US,38.8990582,-77.0223293,892aa845a87ffff,America/New_York,,FALSE,4,355,"https://search.google.com/local/reviews?placeid=ChIJWV27ahm3t4kRN6dOxfz2LFI&q=bubble+tea+store,+20404,+Washington,+DC,+US&authuser=0&hl=en&gl=US",,,41,22,25,63,204,378,https://lh3.googleusercontent.com/p/AF1QipP5bK6WQbD1CmukmCf_dCI41ALa5vzqsiXV07vt=w800-h500-k-no,https://lh3.googleusercontent.com/p/AF1QipP5bK6WQbD1CmukmCf_dCI41ALa5vzqsiXV07vt=w1600-h1000-k-no,,"{""Monday"": ""11:30AM-10PM"", ""Tuesday"": ""11:30AM-10PM"", ""Wednesday"": ""11:30AM-10PM"", ""Thursday"": ""11:30AM-10PM"", ""Friday"": ""11:30AM-10:30PM"", ""Saturday"": ""11:30AM-10:30PM"", ""Sunday"": ""12:30-10PM""}",Monday:11:30AM-10PM|Tuesday:11:30AM-10PM|Wednesday:11:30AM-10PM|Thursday:11:30AM-10PM|Friday:11:30AM-10:30PM|Saturday:11:30AM-10:30PM|Sunday:12:30-10PM,,,OPERATIONAL,"{""Service options"": {""Delivery"": true, ""Takeout"": true, ""Dine-in"": true}, ""Highlights"": {""Great tea selection"": true}, ""Popular for"": {""Lunch"": true, ""Dinner"": true, ""Solo dining"": true}, ""Accessibility"": {""Wheelchair accessible entrance"": true, ""Wheelchair accessible seating"": true}, ""Offerings"": {""Comfort food"": true, ""Quick bite"": true, ""Small plates"": true}, ""Dining options"": {""Lunch"": true, ""Dinner"": true}, ""Amenities"": {""Restroom"": true}, ""Atmosphere"": {""Casual"": true, ""Trendy"": true}, ""Crowd"": {""Groups"": true, ""Tourists"": true}, ""Planning"": {""Accepts reservations"": false}, ""Payments"": {""Credit cards"": true, ""Debit cards"": true, ""NFC mobile payments"": true}, ""Children"": {""Good for kids"": true}}",$$,,https://lh6.googleusercontent.com/-8Irwn_i-CU4/AAAAAAAAAAI/AAAAAAAAAAA/t22EIexC9A0/s44-p-k-no-ns-nd/photo.jpg,,,TRUE,103657165908047849374,WASAI & Gong cha,https://www.google.com/maps/contrib/103657165908047849374,,"https://www.google.com/viewer/chooseprovider?mid=/g/11t3246c24&g2lbs=AAEPWCt9CDn5Zcfm-7hqRO8QrliCX-p3m9VjU9YH9Ak_eBAhdVlkxfWN0xWgHrow-sbVguSgd7dh84QqYLcxQ5Tp9bbMRgok0g%3D%3D&hl=en-US&gl=us&fo_m=MfohQo559jFvMUOzJVpjPL1YMfZ3bInYwBDuMfaXTPp5KXh-&utm_source=tactile&gei=2tICaOmdDa_n7_UPtvL7qAs&ei=2tICaOmdDa_n7_UPtvL7qAs&fo_s=OA,SOE&opi=79508299&ebb=1&cs=0&foub=mcpp",,,"https://www.google.com/maps/place/WASAI+%26+Gong+cha/@38.8990582,-77.0223293,14z/data=!4m8!1m2!2m1!1sWASAI+%26+Gong+cha!3m4!1s0x89b7b7196abb5d59:0x522cf6fcc54ea737!8m2!3d38.8990582!4d-77.0223293","https://www.google.com/maps/place/WASAI+%26+Gong+cha/@38.8990582,-77.0223293,13.99z/data=!4m16!1m7!3m6!1s0x89b7b7196abb5d59:0x522cf6fcc54ea737!2sWASAI+%26+Gong+cha!8m2!3d38.8990582!4d-77.0223293!16s%2Fg%2F11ckvg1dmb!3m7!1s0x89b7b7196abb5d59:0x522cf6fcc54ea737!8m2!3d38.8990582!4d-77.0223293!9m1!1b1!16s%2Fg%2F11ckvg1dmb?entry=ttu",ChIJWV27ahm3t4kRN6dOxfz2LFI,0x89b7b7196abb5d59:0x522cf6fcc54ea737,5921379175587817271,/g/11t3246c24,5921379175587817271,,support@peblla.com,RECEIVING,SMTP validated,,,,,,,,,,,,,,,,,,,,,,,,,,,,,,,,,,,,,,,,,,,,,
"bubble tea store, 20404, Washington, DC, US",Ice Berry,Ice Berry,https://order.online/business/iceberry-frozen-yogurt-bubble-tea-tea-773120,"Bubble tea store, Frozen yogurt shop",Frozen yogurt shop,Bubble tea store,+1 703-527-1848,"1715 Wilson Blvd, Arlington, VA 22209",Colonial Village,1715 Wilson Blvd,Arlington,22209,Virginia,Virginia,United States of America,US,38.8942274,-77.078787,892aa84ebb3ffff,America/New_York,,FALSE,4,164,"https://search.google.com/local/reviews?placeid=ChIJHycIPF62t4kROX7nskanvag&q=bubble+tea+store,+20404,+Washington,+DC,+US&authuser=0&hl=en&gl=US",,,17,16,10,20,101,64,https://lh3.googleusercontent.com/p/AF1QipMCXXiixuX7WaCT4yHtHnx-9b_j6RsFBy_pl9_r=w800-h500-k-no,https://lh3.googleusercontent.com/p/AF1QipMCXXiixuX7WaCT4yHtHnx-9b_j6RsFBy_pl9_r=w1600-h1000-k-no,,"{""Monday"": ""11:30AM-9:45PM"", ""Tuesday"": ""11:30AM-9:45PM"", ""Wednesday"": ""11:30AM-9:45PM"", ""Thursday"": ""11:30AM-9:45PM"", ""Friday"": ""11:30AM-9:45PM"", ""Saturday"": ""11AM-9:45PM"", ""Sunday"": ""11AM-9:45PM""}",Monday:11:30AM-9:45PM|Tuesday:11:30AM-9:45PM|Wednesday:11:30AM-9:45PM|Thursday:11:30AM-9:45PM|Friday:11:30AM-9:45PM|Saturday:11AM-9:45PM|Sunday:11AM-9:45PM,,,OPERATIONAL,"{""Service options"": {""Delivery"": true, ""In-store pickup"": true, ""In-store shopping"": true, ""Takeout"": true, ""Dine-in"": true, ""Same-day delivery"": true}, ""Accessibility"": {""Wheelchair accessible entrance"": true, ""Wheelchair accessible parking lot"": true}, ""Planning"": {""Quick visit"": true}, ""Payments"": {""Credit cards"": true, ""Debit cards"": true, ""NFC mobile payments"": true}}",$,,https://lh5.googleusercontent.com/-qSf8lRhSMoM/AAAAAAAAAAI/AAAAAAAAAAA/3T5FD8bJgcw/s44-p-k-no-ns-nd/photo.jpg,,,TRUE,102043463907537495462,Ice Berry,https://www.google.com/maps/contrib/102043463907537495462,,"https://www.google.com/viewer/chooseprovider?mid=/g/1260w66pn&g2lbs=AAEPWCseOSTQftW6sxsjDo0BMiBOK1VRCmMIVsuSc1jPyggPgPNal5WBgLo_6Ynf6JrrYhnpQeLzvYmNYa_A39NTEtgOW25XPQ%3D%3D&hl=en-US&gl=us&fo_m=MfohQo559jFvMUOzJVpjPL1YMfZ3bInYwBDuMfaXTPp5KXh-&utm_source=tactile&gei=2tICaOmdDa_n7_UPtvL7qAs&ei=2tICaOmdDa_n7_UPtvL7qAs&fo_s=OA,SOE&opi=79508299&ebb=1&cs=0&foub=mcpp",,,"https://www.google.com/maps/place/Ice+Berry/@38.8942274,-77.07878699999999,14z/data=!4m8!1m2!2m1!1sIce+Berry!3m4!1s0x89b7b65e3c08271f:0xa8bda746b2e77e39!8m2!3d38.8942274!4d-77.07878699999999","https://www.google.com/maps/place/Ice+Berry/@38.8942274,-77.07878699999999,13.99z/data=!4m16!1m7!3m6!1s0x89b7b65e3c08271f:0xa8bda746b2e77e39!2sIce+Berry!8m2!3d38.8942274!4d-77.07878699999999!16s%2Fg%2F11ckvg1dmb!3m7!1s0x89b7b65e3c08271f:0xa8bda746b2e77e39!8m2!3d38.8942274!4d-77.07878699999999!9m1!1b1!16s%2Fg%2F11ckvg1dmb?entry=ttu",ChIJHycIPF62t4kROX7nskanvag,0x89b7b65e3c08271f:0xa8bda746b2e77e39,12159058491061272121,/g/1260w66pn,-6287685582648279495,,yats.centralohio@gmail.com,RECEIVING,Verified,,,,,,cesar@hichicagonw.com,RECEIVING,SMTP validated,,,,,,info@foodgarrage.com,UNKNOWN,Cannot validate,,,,,,+1 614-486-9287,+1 847-488-9900,+1 770-274-3867,https://www.facebook.com/people/El-Cerro-Tacos/100063624968346/,http://instagram.com/foodgarrage,,,,,,,,,http://twitter.com/foodgarrage,,,,,Husker Deli & Grill Near Me - Pickup and Delivery,,Order takeout or delivery from Husker Deli & Grill near me,,FALSE,FALSE
"bubble tea store, 20404, Washington, DC, US",One Tea House Falls Church,One Tea House Falls Church,http://one1ea-eden.square.site/,"Bubble tea store, Taiwanese restaurant",Bubble tea store,Bubble tea store,,"6757 Wilson Blvd Unit 10, Falls Church, VA 22044",None,6757 Wilson Blvd Unit 10,Falls Church,22044,Virginia,Virginia,United States of America,US,38.8742825,-77.154053,892aa84ca8fffff,America/New_York,,FALSE,4.4,134,"https://search.google.com/local/reviews?placeid=ChIJC-MSPs61t4kRX-0doJTCkU8&q=bubble+tea+store,+20404,+Washington,+DC,+US&authuser=0&hl=en&gl=US",,,6,5,4,27,92,142,https://lh3.googleusercontent.com/p/AF1QipPGSd_3UzWkdMgj28-Y0x7F1mN9Fw2Yk1zsFb96=w800-h500-k-no,https://lh3.googleusercontent.com/p/AF1QipPGSd_3UzWkdMgj28-Y0x7F1mN9Fw2Yk1zsFb96=w1600-h1000-k-no,,"{""Monday"": ""11AM-10PM"", ""Tuesday"": ""11AM-10PM"", ""Wednesday"": ""11AM-10PM"", ""Thursday"": ""11AM-10PM"", ""Friday"": ""11AM-10PM"", ""Saturday"": ""11AM-10PM"", ""Sunday"": ""11AM-10PM""}",Monday:11AM-10PM|Tuesday:11AM-10PM|Wednesday:11AM-10PM|Thursday:11AM-10PM|Friday:11AM-10PM|Saturday:11AM-10PM|Sunday:11AM-10PM,,,OPERATIONAL,"{""Service options"": {""Delivery"": true, ""Onsite services"": true, ""Takeout"": true, ""Dine-in"": true}, ""Highlights"": {""Great tea selection"": true}, ""Accessibility"": {""Wheelchair accessible entrance"": true, ""Wheelchair accessible parking lot"": true, ""Wheelchair accessible seating"": true, ""Wheelchair accessible restroom"": false}, ""Parking"": {""Free parking lot"": true, ""Free street parking"": true}}",$,,https://lh6.googleusercontent.com/-tLCD1NKU9sU/AAAAAAAAAAI/AAAAAAAAAAA/I5qIEeJWLKU/s44-p-k-no-ns-nd/photo.jpg,,,TRUE,108179091759400063063,One Tea House Falls Church,https://www.google.com/maps/contrib/108179091759400063063,,,,,"https://www.google.com/maps/place/One+Tea+House+Falls+Church/@38.8742825,-77.15405299999999,14z/data=!4m8!1m2!2m1!1sOne+Tea+House+Falls+Church!3m4!1s0x89b7b5ce3e12e30b:0x4f91c294a01ded5f!8m2!3d38.8742825!4d-77.15405299999999","https://www.google.com/maps/place/One+Tea+House+Falls+Church/@38.8742825,-77.15405299999999,13.99z/data=!4m16!1m7!3m6!1s0x89b7b5ce3e12e30b:0x4f91c294a01ded5f!2sOne+Tea+House+Falls+Church!8m2!3d38.8742825!4d-77.15405299999999!16s%2Fg%2F11ckvg1dmb!3m7!1s0x89b7b5ce3e12e30b:0x4f91c294a01ded5f!8m2!3d38.8742825!4d-77.15405299999999!9m1!1b1!16s%2Fg%2F11ckvg1dmb?entry=ttu",ChIJC-MSPs61t4kRX-0doJTCkU8,0x89b7b5ce3e12e30b:0x4f91c294a01ded5f,5733577744216616287,/g/11fww03c6m,5733577744216616287,,,,,,,,,,,,,,,,,,,,,,,,,,,,,,,,,,,,,,,,,,,,,Square Online,,,,
"bubble tea store, 20404, Washington, DC, US",Blue Bottle Coffee,Blue Bottle Coffee,https://bluebottlecoffee.com/,"Coffee shop, Cafe",coffee shops,Coffee shop,+1 510-661-3510,"50 Massachusetts Ave NE Unit M160, Washington, DC 20002",Near Northeast,50 Massachusetts Ave NE Unit M160,Washington,20002,District of Columbia,District Of Columbia,United States of America,US,38.8973447,-77.006174,892aa845803ffff,America/New_York,,FALSE,3.9,337,"https://search.google.com/local/reviews?placeid=ChIJcVM301a5t4kRptS-iDRstak&q=bubble+tea+store,+20404,+Washington,+DC,+US&authuser=0&hl=en&gl=US",,,48,27,21,49,192,411,https://lh3.googleusercontent.com/p/AF1QipN__NBzZu7rr35ApLdSZwfJdUSaTgfMpp97lwvS=w800-h500-k-no,https://lh3.googleusercontent.com/p/AF1QipN__NBzZu7rr35ApLdSZwfJdUSaTgfMpp97lwvS=w1600-h1000-k-no,,"{""Monday"": ""5:30AM-7PM"", ""Tuesday"": ""5:30AM-7PM"", ""Wednesday"": ""5:30AM-7PM"", ""Thursday"": ""5:30AM-7PM"", ""Friday"": ""5:30AM-7PM"", ""Saturday"": ""6AM-7PM"", ""Sunday"": ""6AM-7PM""}",Monday:5:30AM-7PM|Tuesday:5:30AM-7PM|Wednesday:5:30AM-7PM|Thursday:5:30AM-7PM|Friday:5:30AM-7PM|Saturday:6AM-7PM|Sunday:6AM-7PM,,,OPERATIONAL,"{""Service options"": {""Delivery"": true, ""Onsite services"": true, ""Takeout"": true, ""Dine-in"": true}, ""Highlights"": {""Great coffee"": true, ""Great tea selection"": true}, ""Popular for"": {""Breakfast"": true, ""Good for working on laptop"": true}, ""Accessibility"": {""Wheelchair accessible entrance"": true, ""Wheelchair accessible seating"": true, ""Wheelchair accessible parking lot"": false}, ""Offerings"": {""Coffee"": true, ""Prepared foods"": true, ""Quick bite"": true, ""Vegetarian options"": true}, ""Dining options"": {""Breakfast"": true, ""Dessert"": true}, ""Atmosphere"": {""Casual"": true, ""Trendy"": true}, ""Crowd"": {""Tourists"": true}, ""Planning"": {""Accepts reservations"": false}, ""Payments"": {""Credit cards"": true, ""Debit cards"": true, ""NFC mobile payments"": true}}",$$,,https://lh4.googleusercontent.com/-JAkANDoN4hk/AAAAAAAAAAI/AAAAAAAAAAA/BYAk-BuPphA/s44-p-k-no-ns-nd/photo.jpg,"Trendy cafe chain offering upscale coffee drinks & pastries, plus beans & brewing equipment.",,TRUE,106349055607088127505,Blue Bottle Coffee,https://www.google.com/maps/contrib/106349055607088127505,,"https://www.google.com/viewer/chooseprovider?mid=/g/11g0h_fzj9&g2lbs=AAEPWCuXWNRFe1WgC9Px0xtjdEHCUubmNHfDmlXykiOdKhNxHrtWTfcy1NRhtb09Q3WdxbyJ_Y-n54frLpNSgMH98_aACa3bFA%3D%3D&hl=en-US&gl=us&fo_m=MfohQo559jFvMUOzJVpjPL1YMfZ3bInYwBDuMfaXTPp5KXh-&utm_source=tactile&gei=2tICaOmdDa_n7_UPtvL7qAs&ei=2tICaOmdDa_n7_UPtvL7qAs&fo_s=OA,SOE&opi=79508299&ebb=1&cs=0&foub=mcpp",,,"https://www.google.com/maps/place/Blue+Bottle+Coffee/@38.8973447,-77.006174,14z/data=!4m8!1m2!2m1!1sBlue+Bottle+Coffee!3m4!1s0x89b7b956d3375371:0xa9b56c3488bed4a6!8m2!3d38.8973447!4d-77.006174","https://www.google.com/maps/place/Blue+Bottle+Coffee/@38.8973447,-77.006174,13.99z/data=!4m16!1m7!3m6!1s0x89b7b956d3375371:0xa9b56c3488bed4a6!2sBlue+Bottle+Coffee!8m2!3d38.8973447!4d-77.006174!16s%2Fg%2F11ckvg1dmb!3m7!1s0x89b7b956d3375371:0xa9b56c3488bed4a6!8m2!3d38.8973447!4d-77.006174!9m1!1b1!16s%2Fg%2F11ckvg1dmb?entry=ttu",ChIJcVM301a5t4kRptS-iDRstak,0x89b7b956d3375371:0xa9b56c3488bed4a6,12228799336082756774,/g/11g0h_fzj9,-6217944737626794842,,support@bluebottlecoffee.com,RECEIVING,SMTP validated,Unknown Unknown,Unknown,Unknown,Founder,13103923137,caseyg@bluebottlecoffee.com,INVALID,Invalid SMTP,Casey Gipson,Casey,Gipson,Lead Software Architect,15106533394,alexandra@bluebottlecoffee.com,INVALID,Invalid SMTP,Alexandra Hager,Alexandra,Hager,Barista,16094338423,85263642575,15106533394,10262500699,https://www.facebook.com/bluebottlecoffee/,http://instagram.com/bluebottle,https://www.linkedin.com/company/blue-bottle-coffee-co,,,,,,,,http://twitter.com/bluebottleroast,,,https://github.com/segmentio/,,Whole Bean Coffee | Blue Bottle Coffee,,"Blue Bottle Coffee is a specialty coffee roaster with cafes in LA, SF, NYC, & Japan. Enjoy our freshly roasted coffee, brewers and guides online & in-store.","Blue Bottle, coffee, subscription, roasted, beans, shipped, recurring",FALSE,FALSE
"bubble tea store, 20404, Washington, DC, US",Teaism Lafayette Park,Teaism Lafayette Park,http://www.teaism.com/,"Bubble tea store, Asian restaurant, Breakfast restaurant, Lunch restaurant, Catering food and drink supplier, Gluten-free restaurant, Tea house, Tea store, Vegan restaurant, Vegetarian restaurant",restaurants,Bubble tea store,+1 202-835-2233,"800 Connecticut Ave NW, Washington, DC 20006",Downtown,800 Connecticut Ave NW,Washington,20006,District of Columbia,District Of Columbia,United States of America,US,38.900343,-77.038531,892aa845acfffff,America/New_York,,FALSE,4.5,281,"https://search.google.com/local/reviews?placeid=ChIJpdVPTLy3t4kRFgpMZVhOb4U&q=bubble+tea+store,+20404,+Washington,+DC,+US&authuser=0&hl=en&gl=US",,,5,1,22,75,178,664,https://lh3.googleusercontent.com/p/AF1QipNWN2SKyzplua88yIEepi8KUxAytrrgNzooCgVj=w800-h500-k-no,https://lh3.googleusercontent.com/p/AF1QipNWN2SKyzplua88yIEepi8KUxAytrrgNzooCgVj=w1600-h1000-k-no,,"{""Monday"": ""9AM-4PM"", ""Tuesday"": ""9AM-4PM"", ""Wednesday"": ""9AM-4PM"", ""Thursday"": ""9AM-4PM"", ""Friday"": ""9AM-4PM"", ""Saturday"": ""Closed"", ""Sunday"": ""Closed""}",Monday:9AM-4PM|Tuesday:9AM-4PM|Wednesday:9AM-4PM|Thursday:9AM-4PM|Friday:9AM-4PM|Saturday:Closed|Sunday:Closed,,,OPERATIONAL,"{""From the business"": {""Identifies as women-owned"": true}, ""Service options"": {""Outdoor seating"": true, ""No-contact delivery"": true, ""Delivery"": true, ""Takeout"": true, ""Dine-in"": true}, ""Highlights"": {""Great tea selection"": true}, ""Popular for"": {""Lunch"": true, ""Solo dining"": true}, ""Accessibility"": {""Wheelchair accessible entrance"": true, ""Wheelchair accessible restroom"": true, ""Wheelchair accessible seating"": true}, ""Offerings"": {""Comfort food"": true, ""Healthy options"": true, ""Quick bite"": true, ""Small plates"": true, ""Vegan options"": true, ""Vegetarian options"": true}, ""Dining options"": {""Breakfast"": true, ""Brunch"": true, ""Lunch"": true, ""Catering"": true, ""Dessert"": true, ""Seating"": true}, ""Amenities"": {""Gender-neutral restroom"": true, ""Restroom"": true, ""Wi-Fi"": true}, ""Atmosphere"": {""Casual"": true, ""Cozy"": true, ""Trendy"": true}, ""Crowd"": {""Family-friendly"": true, ""LGBTQ+ friendly"": true, ""Tourists"": true, ""Transgender safespace"": true}, ""Planning"": {""Accepts reservations"": false}, ""Payments"": {""Credit cards"": true, ""Debit cards"": true, ""NFC mobile payments"": true}, ""Pets"": {""Dogs allowed outside"": true}, ""Other"": {""LGBTQ+ friendly"": true, ""Identifies as women-owned"": true}}",$$,,https://lh5.googleusercontent.com/-8fg1PmtlvO8/AAAAAAAAAAI/AAAAAAAAAAA/SdXN11trGHI/s44-p-k-no-ns-nd/photo.jpg,Eastern-inspired teahouse serving a light menu of Asian fare alongside leafy brews.,,TRUE,117632570836855074661,Teaism Lafayette Park,https://www.google.com/maps/contrib/117632570836855074661,,"https://www.google.com/viewer/chooseprovider?mid=/g/11cffrwhx&g2lbs=AAEPWCsAnqjLkkOqlqJdP7eVmAvEEnuolq4EAjFYD3bFKb5pkFHcTJuoAePvR11R4UW6rQMOZA5Tv1tvCatdGKoyLFZzSdh4MA%3D%3D&hl=en-US&gl=us&fo_m=MfohQo559jFvMUOzJVpjPL1YMfZ3bInYwBDuMfaXTPp5KXh-&utm_source=tactile&gei=2tICaOmdDa_n7_UPtvL7qAs&ei=2tICaOmdDa_n7_UPtvL7qAs&fo_s=OA,SOE&opi=79508299&ebb=1&cs=0&foub=mcpp",,,"https://www.google.com/maps/place/Teaism+Lafayette+Park/@38.900343,-77.03853099999999,14z/data=!4m8!1m2!2m1!1sTeaism+Lafayette+Park!3m4!1s0x89b7b7bc4c4fd5a5:0x856f4e58654c0a16!8m2!3d38.900343!4d-77.03853099999999","https://www.google.com/maps/place/Teaism+Lafayette+Park/@38.900343,-77.03853099999999,13.99z/data=!4m16!1m7!3m6!1s0x89b7b7bc4c4fd5a5:0x856f4e58654c0a16!2sTeaism+Lafayette+Park!8m2!3d38.900343!4d-77.03853099999999!16s%2Fg%2F11ckvg1dmb!3m7!1s0x89b7b7bc4c4fd5a5:0x856f4e58654c0a16!8m2!3d38.900343!4d-77.03853099999999!9m1!1b1!16s%2Fg%2F11ckvg1dmb?entry=ttu",ChIJpdVPTLy3t4kRFgpMZVhOb4U,0x89b7b7bc4c4fd5a5:0x856f4e58654c0a16,9614989871022869014,/g/11cffrwhx,-8831754202686682602,,linda@teaism.com,RECEIVING,SMTP validated,Linda Neumann,Linda,Neumann,Owner,12024091285,info@teaism.com,RECEIVING,SMTP validated,Lela Singh,Lela,Singh,Owner,12026673827,fholler@teaism.com,INVALID,Cannot validate,Frank Holleran,Frank,Holleran,President,,+1 202-638-6010,12026673827,,https://www.facebook.com/teaismpennquarter/,https://www.instagram.com/teaism_dc/,http://www.linkedin.com/company/6222848,,,,,,,,https://twitter.com/TeaismATeaHouse,,,,,Teaism | A Tea House,wordpress,"A set of DC-based teahouses/Asian-inspired restaurants: quality loose leaf tea and healthy food in a fast-casual environment. Great tea, delicious food cooked from scratch.","tea,teaism,teaism penn quarter,penn quarter,penn quarter dc,dc,to do in dc,things to do in dc,downtown dc,national mall,smithsonian,national portrait gallery,archives,gallery place,gallery place chinatown,archives navy memorial,teahouse,tea house,teahouses,tea room,chai,masala,masala chai,organic,organic tea,organic food,grass-fed,salty oat,salty oat cookie,cookies in dc,cookie,salty cookie,salt oat,oatmeal raisin,salty oatmeal raisin,kayak cookie,kayak cookies,tea and cookies,afternoon tea,afternoon tea in dc,tea in dc,independent,independently owned business,in dc,women owned,vegan,vegan food,breakfast,lunch,dinner,luncheon,catering,meetup in dc,dc meet up,quiet place in dc,oasis,clean food,clean eating,bento box,japanese food,boba,boba tea,bubble tea,tapioca,real tea,loose leaf tea,looseleaf tea,green tea,matcha,matcha powder,culinary matcha,ceremonial matcha,lavender,earl grey,hot tea,iced tea,pot of tea,teapot,cup,teacup,gift,gift store,gift ideas,handmade,pottery,handmade pottery,teacups,gifts,chocolate,ceramics,handmade gifts,gift shop,shop local dc,artist,dc artists,honey,chawan,teabowl,teapots,strainer,brewing,tea brew,brewing tea,tea bag,tea infuser,infuser basket,tea ball,koi,koi pond,fried chicken bento,salmon bento,vegan bento,scrambled eggs,cilantro scrambled eggs,french toast,way of tea,tea lovers,tea lover,quick meal,fast,fast casual,cooked from scratch,from scratch,baked,scone,scones,tea and scones,ginger scones,ginger,ginger tea,rooibos,rooibos tea,white tea,oolong,oolong tea,moroccan mint,gelato,food to go,hemp,hemp cookie,pancakes,okonomiyaki,panko,vegetables,nutrient dense,nutrient density,bibingka,lassi,imli,tamaraind,tamarind,haldi,turmeric,turmeric tea,anti-oxidant,antioxidant,anti-inflammatory,silver needle,teaism dupont circle,dupont circle,dupont circle dc,logan circle,embassy,embassy row,phillips collection,hillyer,r street,georgetown,zen,wabisabi,rustic,yoga,meditation,teaism lafayette park,lafayette park,lafayette park dc,close to white house,white house,renwick gallery,farragut west,farragut north,h street,connecticut ave,farragut park,fast lunch,healthy lunch,teaism union market,union market dc,gallaudet,noma,noma-gallaudet,red line,florida ave,florida avenue,florida avenue market,florida ave market,baked goods,sweets,baked pastries,black & chai,tisane tea,sampler tea",,
"bubble tea store, 20537, Washington, DC, US",Soupy Dumpling & Fancy Cuppa Bubble tea,Soupy Dumpling And Fancy Cuppa Bubble Tea,https://www.soupydumpling.com/,"Bubble tea store, Asian restaurant, Restaurant",restaurants,Bubble tea store,+1 202-290-1706,"1320 14th St NW, Washington, DC 20005",Downtown,1320 14th St NW,Washington,20005,District of Columbia,District Of Columbia,United States of America,US,38.9079625,-77.0322708,892aa845e6bffff,America/New_York,,FALSE,4.6,172,"https://search.google.com/local/reviews?placeid=ChIJG-_91N23t4kR-A1gM8MEBtc&q=bubble+tea+store,+20537,+Washington,+DC,+US&authuser=0&hl=en&gl=US",,,6,5,7,16,138,530,https://lh3.googleusercontent.com/gps-cs-s/AB5caB88czJJt5wwavt3w3scZmIPzoaAGwCXTR47XtIbYUN4wsh7HtHGe_xspPugfONbWK5uI87kzjllqqnoNE3bu27T2bOgCGlToL8dnr7q82K8UpRa8JOeMhE2GV5A5vVn4swIHobO=w800-h500-k-no,https://lh3.googleusercontent.com/gps-cs-s/AB5caB88czJJt5wwavt3w3scZmIPzoaAGwCXTR47XtIbYUN4wsh7HtHGe_xspPugfONbWK5uI87kzjllqqnoNE3bu27T2bOgCGlToL8dnr7q82K8UpRa8JOeMhE2GV5A5vVn4swIHobO=w1600-h1000-k-no,,"{""Monday"": ""11AM-9:30PM"", ""Tuesday"": ""11AM-9:30PM"", ""Wednesday"": ""11AM-9:30PM"", ""Thursday"": ""11AM-9:30PM"", ""Friday"": ""11AM-9:30PM"", ""Saturday"": ""11AM-9:30PM"", ""Sunday"": ""11AM-9:30PM""}",Monday:11AM-9:30PM|Tuesday:11AM-9:30PM|Wednesday:11AM-9:30PM|Thursday:11AM-9:30PM|Friday:11AM-9:30PM|Saturday:11AM-9:30PM|Sunday:11AM-9:30PM,,,OPERATIONAL,"{""Service options"": {""Delivery"": true, ""Takeout"": true, ""Dine-in"": true}, ""Highlights"": {""Great tea selection"": true}, ""Popular for"": {""Lunch"": true, ""Dinner"": true, ""Solo dining"": true}, ""Offerings"": {""Comfort food"": true, ""Quick bite"": true, ""Small plates"": true}, ""Dining options"": {""Lunch"": true, ""Dinner"": true, ""Dessert"": true, ""Seating"": true}, ""Atmosphere"": {""Casual"": true, ""Cozy"": true, ""Trendy"": true}, ""Crowd"": {""College students"": true, ""Tourists"": true}, ""Payments"": {""Credit cards"": true}, ""Children"": {""Good for kids"": true, ""High chairs"": true}}",$$,,https://lh6.googleusercontent.com/--XRFKEmXSz0/AAAAAAAAAAI/AAAAAAAAAAA/ZFJjikAVUOA/s44-p-k-no-ns-nd/photo.jpg,,,TRUE,102548914170351969596,Soupy Dumpling & Fancy Cuppa Bubble tea,https://www.google.com/maps/contrib/102548914170351969596,,"https://www.google.com/viewer/chooseprovider?mid=/g/11vrvct_qb&g2lbs=AAEPWCsX7WvJzyVmIP1ykNlOFr4d7-FbjYchVMOAQCnH91S1c6oW2AeQVOUOmLjNJW3AU150cxbJJ2ZbKkob4vMZlTiA2pp9og%3D%3D&hl=en-US&gl=us&fo_m=MfohQo559jFvMUOzJVpjPL1YMfZ3bInYwBDuMfaXTPp5KXh-&utm_source=tactile&gei=29ICaKz7F8mC9u8PjorP6A8&ei=29ICaKz7F8mC9u8PjorP6A8&fo_s=OA,SOE&opi=79508299&ebb=1&cs=0&foub=mcpp",,,"https://www.google.com/maps/place/Soupy+Dumpling+%26+Fancy+Cuppa+Bubble+tea/@38.9079625,-77.03227079999999,14z/data=!4m8!1m2!2m1!1sSoupy+Dumpling+%26+Fancy+Cuppa+Bubble+tea!3m4!1s0x89b7b7ddd4fdef1b:0xd70604c333600df8!8m2!3d38.9079625!4d-77.03227079999999","https://www.google.com/maps/place/Soupy+Dumpling+%26+Fancy+Cuppa+Bubble+tea/@38.9079625,-77.03227079999999,13.99z/data=!4m16!1m7!3m6!1s0x89b7b7ddd4fdef1b:0xd70604c333600df8!2sSoupy+Dumpling+%26+Fancy+Cuppa+Bubble+tea!8m2!3d38.9079625!4d-77.03227079999999!16s%2Fg%2F11ckvg1dmb!3m7!1s0x89b7b7ddd4fdef1b:0xd70604c333600df8!8m2!3d38.9079625!4d-77.03227079999999!9m1!1b1!16s%2Fg%2F11ckvg1dmb?entry=ttu",ChIJG-_91N23t4kR-A1gM8MEBtc,0x89b7b7ddd4fdef1b:0xd70604c333600df8,15494076804441837048,/g/11vrvct_qb,-2952667269267714568,,,,,,,,,,,,,,,,,,,,,,,,,,2022901706,,,,,,,,,,,,,,,,,,"Soupy Dumpling & Fancy Cuppa Bubble Tea - Washington, DC - 1320 14th St NW - Hours, Menu, Order",,"View the menu, hours, address, and photos for Soupy Dumpling & Fancy Cuppa Bubble Tea in Washington, DC. Order online for delivery or pickup on Slicelife.com",,FALSE,FALSE
"bubble tea store, 20537, Washington, DC, US",Kung Fu Tea,Kung Fu Tea,https://www.kungfutea.com/,"Bubble tea store, Beverage distributor, Cafe, Chicken wings restaurant, Fast food restaurant",Bubble tea store,Bubble tea store,+1 240-308-8868,"8661 Colesville Rd #B-159, Silver Spring, MD 20910",Downtown Silver Spring,8661 Colesville Rd #B-159,Silver Spring,20910,Maryland,Maryland,United States of America,US,38.996879,-77.0259216,892aa840d6fffff,America/New_York,,FALSE,4.4,322,"https://search.google.com/local/reviews?placeid=ChIJMQNcBbrIt4kR6v5LkfE2AK8&q=bubble+tea+store,+20537,+Washington,+DC,+US&authuser=0&hl=en&gl=US",,,20,12,15,57,218,368,https://lh3.googleusercontent.com/gps-cs-s/AB5caB_V6pi4NfD7PigzmzhmDA0FoNpZqDafiLV7Dx3_grDE-4ofJc8PsP2CKFCYC1pZqwUo5nJfs4iJaLASxGt2TMQb-dxPB1UMv8Sc6kT8oC2dEDOfSP6AMFLMV5irGwN2gyQp9Veq=w800-h500-k-no,https://lh3.googleusercontent.com/gps-cs-s/AB5caB_V6pi4NfD7PigzmzhmDA0FoNpZqDafiLV7Dx3_grDE-4ofJc8PsP2CKFCYC1pZqwUo5nJfs4iJaLASxGt2TMQb-dxPB1UMv8Sc6kT8oC2dEDOfSP6AMFLMV5irGwN2gyQp9Veq=w1600-h1000-k-no,,"{""Monday"": ""12-9PM"", ""Tuesday"": ""12-9PM"", ""Wednesday"": ""12-9PM"", ""Thursday"": ""12-9PM"", ""Friday"": ""12-9PM"", ""Saturday"": ""12-9PM"", ""Sunday"": ""12-9PM""}",Monday:12-9PM|Tuesday:12-9PM|Wednesday:12-9PM|Thursday:12-9PM|Friday:12-9PM|Saturday:12-9PM|Sunday:12-9PM,,,OPERATIONAL,"{""Service options"": {""Curbside pickup"": true, ""Delivery"": true, ""Onsite services"": true, ""Takeout"": true, ""Dine-in"": true}, ""Highlights"": {""Great tea selection"": true}, ""Accessibility"": {""Wheelchair accessible entrance"": true}}",$,,https://lh6.googleusercontent.com/-e-wooZ8a46w/AAAAAAAAAAI/AAAAAAAAAAA/z4HwxR5oc14/s44-p-k-no-ns-nd/photo.jpg,"Bubble tea specialist with a selection of other hot & cold drinks, including coffee & slushes.",,TRUE,114755906142862377158,Kung Fu Tea,https://www.google.com/maps/contrib/114755906142862377158,,"https://www.google.com/viewer/chooseprovider?mid=/g/11c5qrdtbq&g2lbs=AAEPWCtYkSLXpP5FdPddrf1esAz0uHydJv1GRwFf4NVsNQaet2wrg0R0HccpN-jYPCnmx6XYNfnC4ChijY4Y-KFE6Aed0WbU8yCUP49uLsTUTlF3ZyH3XT0%3D&hl=en-US&gl=us&fo_m=MfohQo559jFvMUOzJVpjPL1YMfZ3bInYwBDuMfaXTPp5KXh-&utm_source=tactile&gei=3NICaJKUHLrNwPAPxOjF4A8&ei=3NICaJKUHLrNwPAPxOjF4A8&fo_s=OA,SOE&opi=79508299&ebb=1&cs=0&foub=mcpp",,,"https://www.google.com/maps/place/Kung+Fu+Tea/@38.996879,-77.02592159999999,14z/data=!4m8!1m2!2m1!1sKung+Fu+Tea!3m4!1s0x89b7c8ba055c0331:0xaf0036f1914bfeea!8m2!3d38.996879!4d-77.02592159999999","https://www.google.com/maps/place/Kung+Fu+Tea/@38.996879,-77.02592159999999,13.99z/data=!4m16!1m7!3m6!1s0x89b7c8ba055c0331:0xaf0036f1914bfeea!2sKung+Fu+Tea!8m2!3d38.996879!4d-77.02592159999999!16s%2Fg%2F11ckvg1dmb!3m7!1s0x89b7c8ba055c0331:0xaf0036f1914bfeea!8m2!3d38.996879!4d-77.02592159999999!9m1!1b1!16s%2Fg%2F11ckvg1dmb?entry=ttu",ChIJMQNcBbrIt4kR6v5LkfE2AK8,0x89b7c8ba055c0331:0xaf0036f1914bfeea,12610139367790083818,/g/11c5qrdtbq,-5836604705919467798,,support@armsglobalinc.com,RECEIVING,Role,,,,,,marketing@kfteausa.com,RECEIVING,SMTP validated,,,,,,delivery_help@grubhub.com,RECEIVING,SMTP validated,,,,,,+1 724-544-6367,+1 855-538-9888,15402175182,https://www.facebook.com/kungfuteausa/,https://www.instagram.com/kungfuteausa,https://www.linkedin.com/company/kung-fu-tea,https://www.tiktok.com/@kungfutea,,,,,,,https://twitter.com/kfteausa,,,,,Menu — Kung Fu Tea | Fresh - Innovative - Fearless leading tea brand,WordPress 6.3,"Menu At Kung Fu Tea, every beverage is made-to-order with real Kung Fu. Our tea is freshly brewed every 3 hours using premium tea leaves. You can choose from classic teas, milk teas, fruit teas, slushies and more. Each drink is customized by you! You get to pick your toppings,…",,FALSE,TRUE
"bubble tea store, 20537, Washington, DC, US",AunTea Boba,Auntea Boba,https://www.aunteaboba.com/,Bubble tea store,Bubble tea store,Bubble tea store,+1 301-577-1322,"9448 Lanham Severn Rd, Lanham, MD 20706",None,9448 Lanham Severn Rd,Lanham,20706,Maryland,Maryland,United States of America,US,38.9734594,-76.8457667,892aa809663ffff,America/New_York,,FALSE,4,60,"https://search.google.com/local/reviews?placeid=ChIJhfRreW7Bt4kRycyz8_hhUek&q=bubble+tea+store,+20537,+Washington,+DC,+US&authuser=0&hl=en&gl=US",,,9,4,3,4,40,29,https://lh3.googleusercontent.com/gps-cs-s/AB5caB-2sE9xU9SY3YYxYFe-EMXe8poGfk-cREgI6oBXybVPNaCEJft6-J80nGa4sBSs6NKkoS4ITgLE8-iXuAKgHAllz5foxFg6Mi09c01kz9NisRLkMbtAQv_KeCOpwzG_fUFBcTDxqg=w800-h500-k-no,https://lh3.googleusercontent.com/gps-cs-s/AB5caB-2sE9xU9SY3YYxYFe-EMXe8poGfk-cREgI6oBXybVPNaCEJft6-J80nGa4sBSs6NKkoS4ITgLE8-iXuAKgHAllz5foxFg6Mi09c01kz9NisRLkMbtAQv_KeCOpwzG_fUFBcTDxqg=w1600-h1000-k-no,,"{""Monday"": ""10AM-9PM"", ""Tuesday"": ""10AM-9PM"", ""Wednesday"": ""10AM-9PM"", ""Thursday"": ""10AM-9PM"", ""Friday"": ""10AM-9PM"", ""Saturday"": ""10AM-9PM"", ""Sunday"": ""10AM-9PM""}",Monday:10AM-9PM|Tuesday:10AM-9PM|Wednesday:10AM-9PM|Thursday:10AM-9PM|Friday:10AM-9PM|Saturday:10AM-9PM|Sunday:10AM-9PM,,,OPERATIONAL,"{""Service options"": {""Takeout"": true, ""Dine-in"": true, ""Delivery"": false}, ""Highlights"": {""Great tea selection"": true}, ""Accessibility"": {""Wheelchair accessible entrance"": true, ""Wheelchair accessible parking lot"": true}}",$,,,,,FALSE,None,AunTea Boba,,,,,,"https://www.google.com/maps/place/AunTea+Boba/@38.973459399999996,-76.8457667,14z/data=!4m8!1m2!2m1!1sAunTea+Boba!3m4!1s0x89b7c16e796bf485:0xe95161f8f3b3ccc9!8m2!3d38.973459399999996!4d-76.8457667","https://www.google.com/maps/place/AunTea+Boba/@38.973459399999996,-76.8457667,13.99z/data=!4m16!1m7!3m6!1s0x89b7c16e796bf485:0xe95161f8f3b3ccc9!2sAunTea+Boba!8m2!3d38.973459399999996!4d-76.8457667!16s%2Fg%2F11ckvg1dmb!3m7!1s0x89b7c16e796bf485:0xe95161f8f3b3ccc9!8m2!3d38.973459399999996!4d-76.8457667!9m1!1b1!16s%2Fg%2F11ckvg1dmb?entry=ttu",ChIJhfRreW7Bt4kRycyz8_hhUek,0x89b7c16e796bf485:0xe95161f8f3b3ccc9,16812326605819202761,/g/11rspj63_2,-1634417467890348855,,,,,,,,,,,,,,,,,,,,,,,,,,,,,,,,,,,,,,,,,,,,AunTea Boba | DMV Bubble Tea,Wix.com Website Builder,"Bubble teas brewed fresh per order! 3 locations - Fort Washington, MD | Lanham, MD | Washington, DC",Cafe,FALSE,FALSE
"bubble tea store, 20537, Washington, DC, US",Teas Me Bubble Tea,Teas Me Bubble Tea,http://teasmebubbletea.weebly.com/,Bubble tea store,Bubble tea store,Bubble tea store,+1 301-652-0080,"5017 Wilson Ln, Bethesda, MD 20814",None,5017 Wilson Ln,Bethesda,20814,Maryland,Maryland,United States of America,US,38.9875035,-77.099354,892aa84e45bffff,America/New_York,,FALSE,4,57,"https://search.google.com/local/reviews?placeid=ChIJpQr9jLfJt4kRbOEAo_6yKkg&q=bubble+tea+store,+20537,+Washington,+DC,+US&authuser=0&hl=en&gl=US",,,9,5,1,2,40,91,https://lh3.googleusercontent.com/p/AF1QipP9bkIiJl9feDEE_0ZeKfDJ9u9j6u90o2h5x7cZ=w800-h500-k-no,https://lh3.googleusercontent.com/p/AF1QipP9bkIiJl9feDEE_0ZeKfDJ9u9j6u90o2h5x7cZ=w1600-h1000-k-no,,"{""Monday"": ""12-8PM"", ""Tuesday"": ""10AM-8PM"", ""Wednesday"": ""10AM-8PM"", ""Thursday"": ""10AM-8PM"", ""Friday"": ""10AM-8PM"", ""Saturday"": ""10AM-8PM"", ""Sunday"": ""9AM-6PM""}",Monday:12-8PM|Tuesday:10AM-8PM|Wednesday:10AM-8PM|Thursday:10AM-8PM|Friday:10AM-8PM|Saturday:10AM-8PM|Sunday:9AM-6PM,,,OPERATIONAL,"{""Service options"": {""Curbside pickup"": true, ""Delivery"": true, ""Onsite services"": true, ""Takeout"": true, ""Dine-in"": true}, ""Highlights"": {""Great tea selection"": true}, ""Accessibility"": {""Wheelchair accessible parking lot"": true}}",$,,https://lh3.googleusercontent.com/-IYqveGsBg38/AAAAAAAAAAI/AAAAAAAAAAA/Sda1kMSR1KE/s44-p-k-no-ns-nd/photo.jpg,,,TRUE,105936008293998975987,Teas Me Bubble Tea,https://www.google.com/maps/contrib/105936008293998975987,,"https://www.google.com/viewer/chooseprovider?mid=/g/11krcfysp6&g2lbs=AAEPWCv-g8wgnawk0rDuf5cLqr0hdhL_LfQRCBU51WDs7XTmKgiQHqK2ssf_kGp1u-XpZl9jXf1LzVSx6JE2ZxyjqiAtfapBt0cHYz8wF0115jJTJD8omzo%3D&hl=en-US&gl=us&fo_m=MfohQo559jFvMUOzJVpjPL1YMfZ3bInYwBDuMfaXTPp5KXh-&utm_source=tactile&gei=3NICaJKUHLrNwPAPxOjF4A8&ei=3NICaJKUHLrNwPAPxOjF4A8&fo_s=OA,SOE&opi=79508299&ebb=1&cs=0&foub=mcpp",,,"https://www.google.com/maps/place/Teas+Me+Bubble+Tea/@38.987503499999995,-77.09935399999999,14z/data=!4m8!1m2!2m1!1sTeas+Me+Bubble+Tea!3m4!1s0x89b7c9b78cfd0aa5:0x482ab2fea300e16c!8m2!3d38.987503499999995!4d-77.09935399999999","https://www.google.com/maps/place/Teas+Me+Bubble+Tea/@38.987503499999995,-77.09935399999999,13.99z/data=!4m16!1m7!3m6!1s0x89b7c9b78cfd0aa5:0x482ab2fea300e16c!2sTeas+Me+Bubble+Tea!8m2!3d38.987503499999995!4d-77.09935399999999!16s%2Fg%2F11ckvg1dmb!3m7!1s0x89b7c9b78cfd0aa5:0x482ab2fea300e16c!8m2!3d38.987503499999995!4d-77.09935399999999!9m1!1b1!16s%2Fg%2F11ckvg1dmb?entry=ttu",ChIJpQr9jLfJt4kRbOEAo_6yKkg,0x89b7c9b78cfd0aa5:0x482ab2fea300e16c,5200165526478840172,/g/11krcfysp6,5200165526478840172,,,,,,,,,,,,,,,,,,,,,,,,,,,,,,https://www.instagram.com/teasme.bubbletea,,,,,,,,,,,,,,TEAS ME BUBBLE TEA - Home,,,,FALSE,FALSE
"bubble tea store, 20537, Washington, DC, US",Rice Market,Rice Market,http://www.ricedc.com/,"Asian grocery store, Home goods store, Sushi takeaway",Asian grocery store,Asian grocery store,+1 202-234-2737,"1608 14th St NW Lower Level, Washington, DC 20009",Northwest Washington,1608 14th St NW Lower Level,Washington,20009,District of Columbia,District Of Columbia,United States of America,US,38.9114915,-77.0322391,892aa845e7bffff,America/New_York,,FALSE,4.7,140,"https://search.google.com/local/reviews?placeid=ChIJtVUkf7u3t4kR1PeMiH9x0n0&q=bubble+tea+store,+20537,+Washington,+DC,+US&authuser=0&hl=en&gl=US",,,5,2,3,10,120,141,https://lh3.googleusercontent.com/gps-cs-s/AB5caB-RZFKxViSMjJ3j498JKYLGOJqt3HydstmLkcNehLuvgqi0L52tnaQZFwDNnmZXUw_bGopRxBmumJQiE7c_6VkS7kHzd3bIukY_u56YKxfk3yftsz50Hd7iknJAnFlWAKlk08KS=w800-h500-k-no,https://lh3.googleusercontent.com/gps-cs-s/AB5caB-RZFKxViSMjJ3j498JKYLGOJqt3HydstmLkcNehLuvgqi0L52tnaQZFwDNnmZXUw_bGopRxBmumJQiE7c_6VkS7kHzd3bIukY_u56YKxfk3yftsz50Hd7iknJAnFlWAKlk08KS=w1600-h1000-k-no,,"{""Monday"": ""11:30AM-10PM"", ""Tuesday"": ""11:30AM-10PM"", ""Wednesday"": ""11:30AM-10PM"", ""Thursday"": ""11:30AM-10PM"", ""Friday"": ""11:30AM-10:30PM"", ""Saturday"": ""11:30AM-10:30PM"", ""Sunday"": ""11:30AM-10PM""}",Monday:11:30AM-10PM|Tuesday:11:30AM-10PM|Wednesday:11:30AM-10PM|Thursday:11:30AM-10PM|Friday:11:30AM-10:30PM|Saturday:11:30AM-10:30PM|Sunday:11:30AM-10PM,,,OPERATIONAL,"{""From the business"": {""Small business"": true}, ""Service options"": {""Delivery"": true, ""In-store pickup"": true, ""Onsite services"": true, ""Same-day delivery"": false}, ""Highlights"": {""Great produce"": true}, ""Accessibility"": {""Wheelchair accessible parking lot"": false}, ""Offerings"": {""Food"": true, ""Prepared foods"": true}, ""Crowd"": {""LGBTQ+ friendly"": true}, ""Planning"": {""Quick visit"": true}, ""Payments"": {""Credit cards"": true, ""Debit cards"": true, ""NFC mobile payments"": true}, ""Other"": {""LGBTQ+ friendly"": true}}",,,https://lh4.googleusercontent.com/-zWcVLUkSkcY/AAAAAAAAAAI/AAAAAAAAAAA/oEiZkShTG8E/s44-p-k-no-ns-nd/photo.jpg,,,TRUE,108204636827865960800,Rice Market,https://www.google.com/maps/contrib/108204636827865960800,,,,,"https://www.google.com/maps/place/Rice+Market/@38.9114915,-77.0322391,14z/data=!4m8!1m2!2m1!1sRice+Market!3m4!1s0x89b7b7bb7f2455b5:0x7dd2717f888cf7d4!8m2!3d38.9114915!4d-77.0322391","https://www.google.com/maps/place/Rice+Market/@38.9114915,-77.0322391,13.99z/data=!4m16!1m7!3m6!1s0x89b7b7bb7f2455b5:0x7dd2717f888cf7d4!2sRice+Market!8m2!3d38.9114915!4d-77.0322391!16s%2Fg%2F11ckvg1dmb!3m7!1s0x89b7b7bb7f2455b5:0x7dd2717f888cf7d4!8m2!3d38.9114915!4d-77.0322391!9m1!1b1!16s%2Fg%2F11ckvg1dmb?entry=ttu",ChIJtVUkf7u3t4kR1PeMiH9x0n0,0x89b7b7bb7f2455b5:0x7dd2717f888cf7d4,9066433792415954900,/g/11mtczbbhw,9066433792415954900,,,,,,,,,,,,,,,,,,,,,,,,,,+1 202-234-2400,12022342737,,https://www.facebook.com/RiceMarketDC/,http://www.instagram.com/ricemarketdc,,,,,,,,,,,,,,RICE - Restaurant & Market - DC,,,,FALSE,FALSE
"bubble tea store, 20537, Washington, DC, US",Kung Fu Tea,Kung Fu Tea,https://www.kungfutea.com/,Bubble tea store,Bubble tea store,Bubble tea store,+1 240-247-0190,"5501 Baltimore Ave #105b, Hyattsville, MD 20781",None,5501 Baltimore Ave #105b,Hyattsville,20781,Maryland,Maryland,United States of America,US,38.9554394,-76.9396762,892aa844403ffff,America/New_York,,FALSE,3.9,58,"https://search.google.com/local/reviews?placeid=ChIJuUmTY4zHt4kR5XLD_UTorrE&q=bubble+tea+store,+20537,+Washington,+DC,+US&authuser=0&hl=en&gl=US",,,10,2,7,5,34,314,https://lh3.googleusercontent.com/gps-cs-s/AB5caB8UMdr7o7FWUicPeGc7e7ewESzao2KRF8iR7uv9N0EY-Dnr8UFVPYxH50exncCqFpYVE72U67EHtCcHb3--RN7_YUcOfacowM4lzrrvLTfFLjqYlMnr648LKCcbEihAf6rK2iU=w800-h500-k-no,https://lh3.googleusercontent.com/gps-cs-s/AB5caB8UMdr7o7FWUicPeGc7e7ewESzao2KRF8iR7uv9N0EY-Dnr8UFVPYxH50exncCqFpYVE72U67EHtCcHb3--RN7_YUcOfacowM4lzrrvLTfFLjqYlMnr648LKCcbEihAf6rK2iU=w1600-h1000-k-no,,"{""Monday"": ""11AM-10PM"", ""Tuesday"": ""11AM-10PM"", ""Wednesday"": ""11AM-10PM"", ""Thursday"": ""11AM-10PM"", ""Friday"": ""11AM-11PM"", ""Saturday"": ""11AM-11PM"", ""Sunday"": ""11AM-10PM""}",Monday:11AM-10PM|Tuesday:11AM-10PM|Wednesday:11AM-10PM|Thursday:11AM-10PM|Friday:11AM-11PM|Saturday:11AM-11PM|Sunday:11AM-10PM,,,OPERATIONAL,"{""Service options"": {""Curbside pickup"": true, ""No-contact delivery"": true, ""Delivery"": true, ""Takeout"": true, ""Dine-in"": true}, ""Highlights"": {""Great tea selection"": true}, ""Accessibility"": {""Wheelchair accessible entrance"": true, ""Wheelchair accessible parking lot"": true, ""Wheelchair accessible restroom"": true}}",$,,https://lh6.googleusercontent.com/-3KFEHGgDT2w/AAAAAAAAAAI/AAAAAAAAAAA/vdFqf9j08UQ/s44-p-k-no-ns-nd/photo.jpg,"Bubble tea specialist with a selection of other hot & cold drinks, including coffee & slushes.",,TRUE,107510757609078986790,Kung Fu Tea,https://www.google.com/maps/contrib/107510757609078986790,,"https://www.google.com/viewer/chooseprovider?mid=/g/11jsrb30m_&g2lbs=AAEPWCv6PFuooswwm7fxEaIl65d0daom1WhZ6B-dJMsNGrQM7gWDXWFc65XgsIgMN7zOftPWrkG__VuK07WtmcBH_n95u2_iO7W4oERFntenkaYsbEmJlL4%3D&hl=en-US&gl=us&fo_m=MfohQo559jFvMUOzJVpjPL1YMfZ3bInYwBDuMfaXTPp5KXh-&utm_source=tactile&gei=3NICaJKUHLrNwPAPxOjF4A8&ei=3NICaJKUHLrNwPAPxOjF4A8&fo_s=OA,SOE&opi=79508299&ebb=1&cs=0&foub=mcpp",,,"https://www.google.com/maps/place/Kung+Fu+Tea/@38.955439399999996,-76.9396762,14z/data=!4m8!1m2!2m1!1sKung+Fu+Tea!3m4!1s0x89b7c78c639349b9:0xb1aee844fdc372e5!8m2!3d38.955439399999996!4d-76.9396762","https://www.google.com/maps/place/Kung+Fu+Tea/@38.955439399999996,-76.9396762,13.99z/data=!4m16!1m7!3m6!1s0x89b7c78c639349b9:0xb1aee844fdc372e5!2sKung+Fu+Tea!8m2!3d38.955439399999996!4d-76.9396762!16s%2Fg%2F11ckvg1dmb!3m7!1s0x89b7c78c639349b9:0xb1aee844fdc372e5!8m2!3d38.955439399999996!4d-76.9396762!9m1!1b1!16s%2Fg%2F11ckvg1dmb?entry=ttu",ChIJuUmTY4zHt4kR5XLD_UTorrE,0x89b7c78c639349b9:0xb1aee844fdc372e5,12803426173673763557,/g/11jsrb30m_,-5643317900035788059,,support@armsglobalinc.com,RECEIVING,Role,,,,,,marketing@kfteausa.com,RECEIVING,SMTP validated,,,,,,delivery_help@grubhub.com,RECEIVING,SMTP validated,,,,,,+1 724-544-6367,+1 855-538-9888,15402175182,https://www.facebook.com/kungfuteausa/,https://www.instagram.com/kungfuteausa,https://www.linkedin.com/company/kung-fu-tea,https://www.tiktok.com/@kungfutea,,,,,,,https://twitter.com/kfteausa,,,,,Menu — Kung Fu Tea | Fresh - Innovative - Fearless leading tea brand,WordPress 6.3,"Menu At Kung Fu Tea, every beverage is made-to-order with real Kung Fu. Our tea is freshly brewed every 3 hours using premium tea leaves. You can choose from classic teas, milk teas, fruit teas, slushies and more. Each drink is customized by you! You get to pick your toppings,…",,FALSE,TRUE
"bubble tea store, 20537, Washington, DC, US",SmoothieFRESH Bubble Tea,Smoothiefresh Bubble Tea,https://bitesdmv.com/smoothiefresh-bubble-tea/,Bubble tea store,Bubble tea store,Bubble tea store,+1 410-381-0011,"Inside BITES Food Court + Bar, 8046 New Hampshire Ave, Hyattsville, MD 20783",None,"Inside BITES Food Court + Bar, 8046 New Hampshire Ave",Hyattsville,20783,Maryland,Maryland,United States of America,US,38.9910589,-76.9891898,892aa847287ffff,America/New_York,,FALSE,4.7,50,"https://search.google.com/local/reviews?placeid=ChIJa5PWCfrHt4kRfGT99CTII6Q&q=bubble+tea+store,+20537,+Washington,+DC,+US&authuser=0&hl=en&gl=US",,,3,0,2,1,44,257,https://lh3.googleusercontent.com/gps-cs-s/AB5caB8gIMN_HIJhux_oZwvgwRwdOSm-hrldb6TjuI3_iFqRbDFgj3JC8fTYuJTvNuaBAc9lkeG5p4hwAHsBgnwwZpzUqvPxqR3a4LlBLhSolXbg7d3fQ64NxuS05V0A0I5z_egIN4oE=w800-h500-k-no,https://lh3.googleusercontent.com/gps-cs-s/AB5caB8gIMN_HIJhux_oZwvgwRwdOSm-hrldb6TjuI3_iFqRbDFgj3JC8fTYuJTvNuaBAc9lkeG5p4hwAHsBgnwwZpzUqvPxqR3a4LlBLhSolXbg7d3fQ64NxuS05V0A0I5z_egIN4oE=w1600-h1000-k-no,,"{""Monday"": ""11AM-9:30PM"", ""Tuesday"": ""11AM-9:30PM"", ""Wednesday"": ""11AM-9:30PM"", ""Thursday"": ""11AM-9:30PM"", ""Friday"": ""11AM-10:30PM"", ""Saturday"": ""11AM-10:30PM"", ""Sunday"": ""11AM-9:30PM""}",Monday:11AM-9:30PM|Tuesday:11AM-9:30PM|Wednesday:11AM-9:30PM|Thursday:11AM-9:30PM|Friday:11AM-10:30PM|Saturday:11AM-10:30PM|Sunday:11AM-9:30PM,"[{""delivery"": {""Monday"": ""11 AM-9 PM"", ""Tuesday"": ""11 AM-9 PM"", ""Wednesday"": ""11 AM-9 PM"", ""Thursday"": ""11 AM-9 PM"", ""Friday"": ""11 AM-10 PM"", ""Saturday"": ""11 AM-10 PM"", ""Sunday"": ""11 AM-9 PM""}}]",,OPERATIONAL,"{""Service options"": {""No-contact delivery"": true, ""Delivery"": true, ""Takeout"": true, ""Dine-in"": true}, ""Highlights"": {""Great tea selection"": true}, ""Accessibility"": {""Wheelchair accessible entrance"": true, ""Wheelchair accessible parking lot"": true, ""Wheelchair accessible restroom"": true}}",$,,https://lh5.googleusercontent.com/-Dyg-sqMFC-8/AAAAAAAAAAI/AAAAAAAAAAA/1M3coQ2cC30/s44-p-k-no-ns-nd/photo.jpg,,,TRUE,117667297180236188161,SmoothieFRESH Bubble Tea,https://www.google.com/maps/contrib/117667297180236188161,,"https://www.google.com/viewer/chooseprovider?mid=/g/11sfrp_865&g2lbs=AAEPWCsu-nGbBGXiMxaCjKIThWoA_UZNLVDgnapa-XfWW3OQ8tk7t4nthNV5UnHg9cMYCexxNPho1_aLbJHBzWPgSQCncDVBsv1xDlYN9-QsL8KJW4f-v8M%3D&hl=en-US&gl=us&fo_m=MfohQo559jFvMUOzJVpjPL1YMfZ3bInYwBDuMfaXTPp5KXh-&utm_source=tactile&gei=3NICaJKUHLrNwPAPxOjF4A8&ei=3NICaJKUHLrNwPAPxOjF4A8&fo_s=OA,SOE&opi=79508299&ebb=1&cs=0&foub=mcpp",,,"https://www.google.com/maps/place/SmoothieFRESH+Bubble+Tea/@38.9910589,-76.98918979999999,14z/data=!4m8!1m2!2m1!1sSmoothieFRESH+Bubble+Tea!3m4!1s0x89b7c7fa09d6936b:0xa423c824f4fd647c!8m2!3d38.9910589!4d-76.98918979999999","https://www.google.com/maps/place/SmoothieFRESH+Bubble+Tea/@38.9910589,-76.98918979999999,13.99z/data=!4m16!1m7!3m6!1s0x89b7c7fa09d6936b:0xa423c824f4fd647c!2sSmoothieFRESH+Bubble+Tea!8m2!3d38.9910589!4d-76.98918979999999!16s%2Fg%2F11ckvg1dmb!3m7!1s0x89b7c7fa09d6936b:0xa423c824f4fd647c!8m2!3d38.9910589!4d-76.98918979999999!9m1!1b1!16s%2Fg%2F11ckvg1dmb?entry=ttu",ChIJa5PWCfrHt4kRfGT99CTII6Q,0x89b7c7fa09d6936b:0xa423c824f4fd647c,11827517107459679356,/g/11sfrp_865,-6619226966249872260,,community@bitesdmv.com,RECEIVING,SMTP validated,,,,,,hello@bitesdmv.com,RECEIVING,SMTP validated,,,,,,,,,,,,,,14103810011,,,https://www.facebook.com/BITESLangleyPark/,https://www.instagram.com/BITESdmv,,,,,,,,,,,,,,"BITES Food Courts – Langley Park, College Park; Charleys Philly Steaks...",,"BITES Food Courts Langley Park, College Park, DMV... Charleys Philly Steaks & Wings, Halal Bowl, Ninis Pizza, SmoothieFresh & Bubble Tea...",,FALSE,FALSE
"bubble tea store, 20537, Washington, DC, US",Pearl Fine Teas,Pearl Fine Teas,https://pearlfineteas.com/,Tea store,Tea store,Tea store,+1 202-621-8888,"1600 20th St NW, Washington, DC 20009",Kalorama,1600 20th St NW,Washington,20009,District of Columbia,District Of Columbia,United States of America,US,38.9112925,-77.045201,892aa84edabffff,America/New_York,,FALSE,,,,,,,,,,,2,https://lh3.googleusercontent.com/p/AF1QipO8CqY7-ITUFtLMo94AFgCtUpqZudM5x4EVZwW9=w800-h500-k-no,https://lh3.googleusercontent.com/p/AF1QipO8CqY7-ITUFtLMo94AFgCtUpqZudM5x4EVZwW9=w1600-h1000-k-no,,"{""Monday"": ""Closed"", ""Tuesday"": ""Closed"", ""Wednesday"": ""Closed"", ""Thursday"": ""Closed"", ""Friday"": ""Closed"", ""Saturday"": ""Closed"", ""Sunday"": ""8:30AM-1:30PM""}",Monday:Closed|Tuesday:Closed|Wednesday:Closed|Thursday:Closed|Friday:Closed|Saturday:Closed|Sunday:8:30AM-1:30PM,,,OPERATIONAL,"{""From the business"": {""Small business"": true}, ""Planning"": {""Quick visit"": true}, ""Payments"": {""Credit cards"": true}}",,,https://lh3.googleusercontent.com/-nAcYuxXFYb4/AAAAAAAAAAI/AAAAAAAAAAA/dDJheQ1RaYI/s44-p-k-no-ns-nd/photo.jpg,,,TRUE,111656837509141443175,Pearl Fine Teas,https://www.google.com/maps/contrib/111656837509141443175,,,,,"https://www.google.com/maps/place/Pearl+Fine+Teas/@38.911292499999995,-77.04520099999999,14z/data=!4m8!1m2!2m1!1sPearl+Fine+Teas!3m4!1s0x89b7b7765b26efbd:0xfba2f36f388d5691!8m2!3d38.911292499999995!4d-77.04520099999999","https://www.google.com/maps/place/Pearl+Fine+Teas/@38.911292499999995,-77.04520099999999,13.99z/data=!4m16!1m7!3m6!1s0x89b7b7765b26efbd:0xfba2f36f388d5691!2sPearl+Fine+Teas!8m2!3d38.911292499999995!4d-77.04520099999999!16s%2Fg%2F11ckvg1dmb!3m7!1s0x89b7b7765b26efbd:0xfba2f36f388d5691!8m2!3d38.911292499999995!4d-77.04520099999999!9m1!1b1!16s%2Fg%2F11ckvg1dmb?entry=ttu",ChIJve8mW3a3t4kRkVaNOG_zovs,0x89b7b7765b26efbd:0xfba2f36f388d5691,18132322708762744465,/g/11ts3ksmj6,None,,tea@pearlfineteas.com,RECEIVING,Verified,,,,,,,,,,,,,,,,,,,,,,,,,http://www.facebook.com/pearlfineteas,http://instagram.com/pearlfineteas,,,,,,,,,,,,,,DC's finest tea purveyor - Pearl Fine Teas,,"Carefully curated black, oolong, green, white and specialty teas - DC's 
finest tea purveyor.",,TRUE,TRUE
"bubble tea store, 20537, Washington, DC, US",Gong Cha,Gong Cha,https://www.gongchadmv.online/order?utm_source=googlemap,"Cafe, Restaurant",restaurants,Cafe,+1 202-466-1950,"1901 Pennsylvania Avenue NW suite 0002, Washington, DC 20006",Downtown,1901 Pennsylvania Avenue NW suite 0002,Washington,20006,District of Columbia,District Of Columbia,United States of America,US,38.9006267,-77.0438028,892aa845a53ffff,America/New_York,,FALSE,4.4,113,"https://search.google.com/local/reviews?placeid=ChIJY3qbK8G3t4kRa7Rt05ClU-E&q=bubble+tea+store,+20537,+Washington,+DC,+US&authuser=0&hl=en&gl=US",,,9,5,1,16,82,207,https://lh3.googleusercontent.com/gps-cs-s/AB5caB-o0rhN3-ARIkRz3ksoyxsbYOgv0uyql1EfyZurgEznPm9a2N11aj7tdgjhwSxDrZvpq97p-zD_3tJZMrJyHuOArNDBTjrcUQds8e0EqOVB928K1cx3JcGbRpXHoqfM9helgcm1=w800-h500-k-no,https://lh3.googleusercontent.com/gps-cs-s/AB5caB-o0rhN3-ARIkRz3ksoyxsbYOgv0uyql1EfyZurgEznPm9a2N11aj7tdgjhwSxDrZvpq97p-zD_3tJZMrJyHuOArNDBTjrcUQds8e0EqOVB928K1cx3JcGbRpXHoqfM9helgcm1=w1600-h1000-k-no,,"{""Monday"": ""11AM-9:30PM"", ""Tuesday"": ""11AM-9:30PM"", ""Wednesday"": ""11AM-9:30PM"", ""Thursday"": ""11AM-9:30PM"", ""Friday"": ""11AM-10:30PM"", ""Saturday"": ""12-10:30PM"", ""Sunday"": ""12-9:30PM""}",Monday:11AM-9:30PM|Tuesday:11AM-9:30PM|Wednesday:11AM-9:30PM|Thursday:11AM-9:30PM|Friday:11AM-10:30PM|Saturday:12-10:30PM|Sunday:12-9:30PM,,,OPERATIONAL,"{""Service options"": {""No-contact delivery"": true, ""Delivery"": true, ""Onsite services"": true, ""Takeout"": true, ""Dine-in"": true}, ""Highlights"": {""Great tea selection"": true}, ""Popular for"": {""Solo dining"": true}, ""Offerings"": {""Coffee"": true}, ""Dining options"": {""Dessert"": true, ""Seating"": true}, ""Amenities"": {""Restroom"": true, ""Wi-Fi"": true}, ""Atmosphere"": {""Casual"": true}, ""Payments"": {""Credit cards"": true, ""Debit cards"": true, ""NFC mobile payments"": true}, ""Children"": {""High chairs"": true}, ""Pets"": {""Dogs allowed outside"": true}}",$,,https://lh5.googleusercontent.com/-tCAjCdNjSRk/AAAAAAAAAAI/AAAAAAAAAAA/LYLD56jszN8/s44-p-k-no-ns-nd/photo.jpg,,,TRUE,107132972770181526402,Gong Cha,https://www.google.com/maps/contrib/107132972770181526402,https://www.gongchadmv.online/order?utm_source=googlemap&utm_medium=click&utm_campaign=orderrefer&sid=554966614823514112,"https://www.google.com/viewer/chooseprovider?mid=/g/11j1sqhjxh&g2lbs=AAEPWCtwceRjdrKdxmd2k2TEudHgRwk_mI9IHsi1cHffgwbMiD32hUIWWp7vpKV1WAYWSQ4S8PCV5sc4qnWRTPZaZamMyLhfv1F6cAUP5yxgrFxNZZRvjJE%3D&hl=en-US&gl=us&fo_m=MfohQo559jFvMUOzJVpjPL1YMfZ3bInYwBDuMfaXTPp5KXh-&utm_source=tactile&gei=3NICaJKUHLrNwPAPxOjF4A8&ei=3NICaJKUHLrNwPAPxOjF4A8&fo_s=OA,SOE&opi=79508299&ebb=1&cs=0&foub=mcpp",,https://www.gongchadmv.online/order?utm_source=googlemap&utm_medium=click&utm_campaign=orderrefer&sid=554966614823514112,"https://www.google.com/maps/place/Gong+Cha/@38.9006267,-77.0438028,14z/data=!4m8!1m2!2m1!1sGong+Cha!3m4!1s0x89b7b7c12b9b7a63:0xe153a590d36db46b!8m2!3d38.9006267!4d-77.0438028","https://www.google.com/maps/place/Gong+Cha/@38.9006267,-77.0438028,13.99z/data=!4m16!1m7!3m6!1s0x89b7b7c12b9b7a63:0xe153a590d36db46b!2sGong+Cha!8m2!3d38.9006267!4d-77.0438028!16s%2Fg%2F11ckvg1dmb!3m7!1s0x89b7b7c12b9b7a63:0xe153a590d36db46b!8m2!3d38.9006267!4d-77.0438028!9m1!1b1!16s%2Fg%2F11ckvg1dmb?entry=ttu",ChIJY3qbK8G3t4kRa7Rt05ClU-E,0x89b7b7c12b9b7a63:0xe153a590d36db46b,16236503123041825899,/g/11j1sqhjxh,-2210240950667725717,,zhaowenhao@riverroad.cn,RECEIVING,SMTP validated,,,,,,,,,,,,,,,,,,,,,,,,,,,,,,,,,,,,,,,,Gong Cha DMV,,,,FALSE,FALSE
"bubble tea store, 20537, Washington, DC, US",Teaism Tea Shop,Teaism Tea Shop,http://www.teaism.com/,"Tea store, Gift shop, Gourmet grocery store, Tea wholesaler",Tea store,Tea store,+1 202-638-7740,"400 8th St NW, Washington, DC 20004",Penn Quarter,400 8th St NW,Washington,20004,District of Columbia,District Of Columbia,United States of America,US,38.895024,-77.023279,892aa845aa3ffff,America/New_York,,FALSE,4.7,44,"https://search.google.com/local/reviews?placeid=ChIJK5jbDJC3t4kRULrHk38UZtk&q=bubble+tea+store,+20537,+Washington,+DC,+US&authuser=0&hl=en&gl=US",,,2,0,0,7,35,111,https://lh3.googleusercontent.com/p/AF1QipO-IxFyTmyXzfCDxLdeJSIExUumIC8ZccOtIdhy=w800-h500-k-no,https://lh3.googleusercontent.com/p/AF1QipO-IxFyTmyXzfCDxLdeJSIExUumIC8ZccOtIdhy=w1600-h1000-k-no,,"{""Monday"": ""11AM-6PM"", ""Tuesday"": ""11AM-6PM"", ""Wednesday"": ""11AM-6PM"", ""Thursday"": ""11AM-6PM"", ""Friday"": ""11AM-6PM"", ""Saturday"": ""11AM-6PM"", ""Sunday"": ""11AM-6PM""}",Monday:11AM-6PM|Tuesday:11AM-6PM|Wednesday:11AM-6PM|Thursday:11AM-6PM|Friday:11AM-6PM|Saturday:11AM-6PM|Sunday:11AM-6PM,,,OPERATIONAL,"{""From the business"": {""Identifies as women-owned"": true}, ""Service options"": {""In-store pickup"": true, ""In-store shopping"": true, ""Onsite services"": true, ""Delivery"": false, ""Dine-in"": false, ""Same-day delivery"": false}, ""Accessibility"": {""Wheelchair accessible entrance"": true}, ""Crowd"": {""LGBTQ+ friendly"": true, ""Transgender safespace"": true}, ""Planning"": {""Quick visit"": true}, ""Payments"": {""Credit cards"": true, ""Debit cards"": true, ""NFC mobile payments"": true}, ""Other"": {""LGBTQ+ friendly"": true, ""Identifies as women-owned"": true}}",,,https://lh4.googleusercontent.com/-oDCcCf7lKGw/AAAAAAAAAAI/AAAAAAAAAAA/xCpioKXz91o/s44-p-k-no-ns-nd/photo.jpg,,,TRUE,118389451275368449454,Teaism Tea Shop,https://www.google.com/maps/contrib/118389451275368449454,,,,,"https://www.google.com/maps/place/Teaism+Tea+Shop/@38.895024,-77.023279,14z/data=!4m8!1m2!2m1!1sTeaism+Tea+Shop!3m4!1s0x89b7b7900cdb982b:0xd966147f93c7ba50!8m2!3d38.895024!4d-77.023279","https://www.google.com/maps/place/Teaism+Tea+Shop/@38.895024,-77.023279,13.99z/data=!4m16!1m7!3m6!1s0x89b7b7900cdb982b:0xd966147f93c7ba50!2sTeaism+Tea+Shop!8m2!3d38.895024!4d-77.023279!16s%2Fg%2F11ckvg1dmb!3m7!1s0x89b7b7900cdb982b:0xd966147f93c7ba50!8m2!3d38.895024!4d-77.023279!9m1!1b1!16s%2Fg%2F11ckvg1dmb?entry=ttu",ChIJK5jbDJC3t4kRULrHk38UZtk,0x89b7b7900cdb982b:0xd966147f93c7ba50,15665230892027591248,/g/11c0w0y21l,-2781513181681960368,,linda@teaism.com,RECEIVING,SMTP validated,Linda Neumann,Linda,Neumann,Owner,12024091285,info@teaism.com,RECEIVING,SMTP validated,Lela Singh,Lela,Singh,Owner,12026673827,fholler@teaism.com,INVALID,Cannot validate,Frank Holleran,Frank,Holleran,President,,+1 202-638-6010,12026673827,,https://www.facebook.com/teaismpennquarter/,https://www.instagram.com/teaism_dc/,http://www.linkedin.com/company/6222848,,,,,,,,https://twitter.com/TeaismATeaHouse,,,,,Teaism | A Tea House,wordpress,"A set of DC-based teahouses/Asian-inspired restaurants: quality loose leaf tea and healthy food in a fast-casual environment. Great tea, delicious food cooked from scratch.","tea,teaism,teaism penn quarter,penn quarter,penn quarter dc,dc,to do in dc,things to do in dc,downtown dc,national mall,smithsonian,national portrait gallery,archives,gallery place,gallery place chinatown,archives navy memorial,teahouse,tea house,teahouses,tea room,chai,masala,masala chai,organic,organic tea,organic food,grass-fed,salty oat,salty oat cookie,cookies in dc,cookie,salty cookie,salt oat,oatmeal raisin,salty oatmeal raisin,kayak cookie,kayak cookies,tea and cookies,afternoon tea,afternoon tea in dc,tea in dc,independent,independently owned business,in dc,women owned,vegan,vegan food,breakfast,lunch,dinner,luncheon,catering,meetup in dc,dc meet up,quiet place in dc,oasis,clean food,clean eating,bento box,japanese food,boba,boba tea,bubble tea,tapioca,real tea,loose leaf tea,looseleaf tea,green tea,matcha,matcha powder,culinary matcha,ceremonial matcha,lavender,earl grey,hot tea,iced tea,pot of tea,teapot,cup,teacup,gift,gift store,gift ideas,handmade,pottery,handmade pottery,teacups,gifts,chocolate,ceramics,handmade gifts,gift shop,shop local dc,artist,dc artists,honey,chawan,teabowl,teapots,strainer,brewing,tea brew,brewing tea,tea bag,tea infuser,infuser basket,tea ball,koi,koi pond,fried chicken bento,salmon bento,vegan bento,scrambled eggs,cilantro scrambled eggs,french toast,way of tea,tea lovers,tea lover,quick meal,fast,fast casual,cooked from scratch,from scratch,baked,scone,scones,tea and scones,ginger scones,ginger,ginger tea,rooibos,rooibos tea,white tea,oolong,oolong tea,moroccan mint,gelato,food to go,hemp,hemp cookie,pancakes,okonomiyaki,panko,vegetables,nutrient dense,nutrient density,bibingka,lassi,imli,tamaraind,tamarind,haldi,turmeric,turmeric tea,anti-oxidant,antioxidant,anti-inflammatory,silver needle,teaism dupont circle,dupont circle,dupont circle dc,logan circle,embassy,embassy row,phillips collection,hillyer,r street,georgetown,zen,wabisabi,rustic,yoga,meditation,teaism lafayette park,lafayette park,lafayette park dc,close to white house,white house,renwick gallery,farragut west,farragut north,h street,connecticut ave,farragut park,fast lunch,healthy lunch,teaism union market,union market dc,gallaudet,noma,noma-gallaudet,red line,florida ave,florida avenue,florida avenue market,florida ave market,baked goods,sweets,baked pastries,black & chai,tisane tea,sampler tea",,
"bubble tea store, 20537, Washington, DC, US",Dumpling Hot Pot Beyond,Dumpling Hot Pot Beyond,http://www.dumplinghotpotbeyond.com/,"Bubble tea store, Asian restaurant, Chinese restaurant, Dan Dan noodle restaurant, Dim sum restaurant, Dumpling restaurant, Rice restaurant, Seafood restaurant, Soup restaurant",restaurants,Bubble tea store,+1 202-450-1405,"1216 H St NE, Washington, DC 20002",Near Northeast,1216 H St NE,Washington,20002,District of Columbia,District Of Columbia,United States of America,US,38.9003744,-76.9895293,892aa845d4bffff,America/New_York,,FALSE,4.4,258,"https://search.google.com/local/reviews?placeid=ChIJ9-ilHI23t4kR2mSr0P-VspM&q=bubble+tea+store,+20537,+Washington,+DC,+US&authuser=0&hl=en&gl=US",,,23,10,8,15,202,454,https://lh3.googleusercontent.com/gps-cs-s/AB5caB944j70vGHc6Wg-IBGR77mNATp6WS2RTxzZzQONSM4woRJVJFKMPGhNIhslyQ0coYQ2Eh5MhRr0Kl0MfJmS3ceQBKGGcxRE177Ph0S3TjzW8_HIt19DG7R9oSG2rxgDMCzry3M=w800-h500-k-no,https://lh3.googleusercontent.com/gps-cs-s/AB5caB944j70vGHc6Wg-IBGR77mNATp6WS2RTxzZzQONSM4woRJVJFKMPGhNIhslyQ0coYQ2Eh5MhRr0Kl0MfJmS3ceQBKGGcxRE177Ph0S3TjzW8_HIt19DG7R9oSG2rxgDMCzry3M=w1600-h1000-k-no,,"{""Monday"": ""5PM-12AM"", ""Tuesday"": ""5PM-12AM"", ""Wednesday"": ""5PM-12AM"", ""Thursday"": ""5PM-12AM"", ""Friday"": ""5PM-12AM"", ""Saturday"": ""11:30AM-10:30PM"", ""Sunday"": ""12:30-8:30PM""}",Monday:5PM-12AM|Tuesday:5PM-12AM|Wednesday:5PM-12AM|Thursday:5PM-12AM|Friday:5PM-12AM|Saturday:11:30AM-10:30PM|Sunday:12:30-8:30PM,,,OPERATIONAL,"{""Service options"": {""Curbside pickup"": true, ""Delivery"": true, ""Takeout"": true, ""Dine-in"": true}, ""Popular for"": {""Lunch"": true, ""Dinner"": true, ""Solo dining"": true}, ""Accessibility"": {""Wheelchair accessible restroom"": true, ""Wheelchair accessible seating"": true}, ""Offerings"": {""Comfort food"": true, ""Halal food"": true, ""Small plates"": true, ""Vegan options"": true, ""Vegetarian options"": true}, ""Dining options"": {""Lunch"": true, ""Dinner"": true, ""Catering"": true, ""Dessert"": true, ""Seating"": true}, ""Amenities"": {""Gender-neutral restroom"": true, ""Restroom"": true}, ""Atmosphere"": {""Casual"": true}, ""Crowd"": {""Family-friendly"": true, ""Groups"": true, ""Tourists"": true}, ""Planning"": {""Accepts reservations"": true}, ""Payments"": {""Credit cards"": true, ""Debit cards"": true}, ""Children"": {""Good for kids"": true}, ""Parking"": {""Paid parking lot"": true, ""Paid street parking"": true}}",$$,,https://lh5.googleusercontent.com/-SF9cz28QqvQ/AAAAAAAAAAI/AAAAAAAAAAA/CgpOrKwnLXk/s44-p-k-no-ns-nd/photo.jpg,,,TRUE,114113992181393162512,Dumpling Hot Pot Beyond,https://www.google.com/maps/contrib/114113992181393162512,,"https://www.google.com/viewer/chooseprovider?mid=/g/11kqsj9953&g2lbs=AAEPWCuQmbby5FzmR3Vw7WcRY5KIHsA5rQGeLKFMwjd_Rr-whk24SgLcdUuqICAVm3AFCCTn9KYmNasMUeNRtikNYEVpAHvWjBlSciIJhKfMJ4e6YTdMe1o%3D&hl=en-US&gl=us&fo_m=MfohQo559jFvMUOzJVpjPL1YMfZ3bInYwBDuMfaXTPp5KXh-&utm_source=tactile&gei=3NICaJKUHLrNwPAPxOjF4A8&ei=3NICaJKUHLrNwPAPxOjF4A8&fo_s=OA,SOE&opi=79508299&ebb=1&cs=0&foub=mcpp",,,"https://www.google.com/maps/place/Dumpling+Hot+Pot+Beyond/@38.9003744,-76.9895293,14z/data=!4m8!1m2!2m1!1sDumpling+Hot+Pot+Beyond!3m4!1s0x89b7b78d1ca5e8f7:0x93b295ffd0ab64da!8m2!3d38.9003744!4d-76.9895293","https://www.google.com/maps/place/Dumpling+Hot+Pot+Beyond/@38.9003744,-76.9895293,13.99z/data=!4m16!1m7!3m6!1s0x89b7b78d1ca5e8f7:0x93b295ffd0ab64da!2sDumpling+Hot+Pot+Beyond!8m2!3d38.9003744!4d-76.9895293!16s%2Fg%2F11ckvg1dmb!3m7!1s0x89b7b78d1ca5e8f7:0x93b295ffd0ab64da!8m2!3d38.9003744!4d-76.9895293!9m1!1b1!16s%2Fg%2F11ckvg1dmb?entry=ttu",ChIJ9-ilHI23t4kR2mSr0P-VspM,0x89b7b78d1ca5e8f7:0x93b295ffd0ab64da,10642733795379995866,/g/11kqsj9953,-7804010278329555750,,,,,,,,,,,,,,,,,,,,,,,,,,,,,,,,,,,,,,,,,,,,"Dumpling Hotpot Beyond | Order Now | Chinese Cuisine, Dumplings, Hotpot | Washington, DC",Wix.com Website Builder,"Discover the finest Chinese cuisine at Dumpling Hotpot Beyond in Washington, DC. Located at 1216 H St NE, our restaurant offers a variety of authentic and freshly prepared dumplings and hotpot dishes. Enjoy family-friendly dining and convenient takeout options. Order now for a delightful culinary experience in Washington, DC!",,FALSE,FALSE
"bubble tea store, 20537, Washington, DC, US",PoppaBox,Poppabox,https://www.poppaboxdc.com/,"Asian fusion restaurant, Deli, Sandwich shop",Asian fusion restaurant,Asian fusion restaurant,+1 202-659-1111,"1928 I St NW, Washington, DC 20006",Downtown,1928 I St NW,Washington,20006,District of Columbia,District Of Columbia,United States of America,US,38.901147,-77.044714,892aa845a5bffff,America/New_York,,FALSE,4.2,400,"https://search.google.com/local/reviews?placeid=ChIJKaLXC7q3t4kRCp1DK7fqhIM&q=bubble+tea+store,+20537,+Washington,+DC,+US&authuser=0&hl=en&gl=US",,,19,19,39,107,216,255,https://lh3.googleusercontent.com/gps-cs-s/AB5caB88P1s9Kfp1QLJ3ANaYDYDCLKPyNA9c5WFf8M4ycZL7IZIEkqe6W-LctSjXFP6fymmwO6F2jYaynDDa6Cw7aYmQ1NdHchb1rOrrx9IUY6Dwr6jU5FA0Uf06sD6v_JboK-tvdh-v=w800-h500-k-no,https://lh3.googleusercontent.com/gps-cs-s/AB5caB88P1s9Kfp1QLJ3ANaYDYDCLKPyNA9c5WFf8M4ycZL7IZIEkqe6W-LctSjXFP6fymmwO6F2jYaynDDa6Cw7aYmQ1NdHchb1rOrrx9IUY6Dwr6jU5FA0Uf06sD6v_JboK-tvdh-v=w1600-h1000-k-no,,"{""Monday"": ""7:30AM-9PM"", ""Tuesday"": ""7:30AM-9PM"", ""Wednesday"": ""7:30AM-9PM"", ""Thursday"": ""7:30AM-9PM"", ""Friday"": ""7:30AM-9PM"", ""Saturday"": ""11AM-9PM"", ""Sunday"": ""Closed""}",Monday:7:30AM-9PM|Tuesday:7:30AM-9PM|Wednesday:7:30AM-9PM|Thursday:7:30AM-9PM|Friday:7:30AM-9PM|Saturday:11AM-9PM|Sunday:Closed,,,OPERATIONAL,"{""Service options"": {""No-contact delivery"": true, ""Delivery"": true, ""Takeout"": true, ""Dine-in"": true}, ""Popular for"": {""Breakfast"": true, ""Lunch"": true, ""Dinner"": true, ""Solo dining"": true}, ""Accessibility"": {""Wheelchair accessible entrance"": true, ""Wheelchair accessible restroom"": true, ""Wheelchair accessible seating"": true}, ""Offerings"": {""Coffee"": true, ""Comfort food"": true, ""Healthy options"": true, ""Quick bite"": true}, ""Dining options"": {""Breakfast"": true, ""Lunch"": true, ""Dinner"": true, ""Dessert"": true}, ""Amenities"": {""Restroom"": true}, ""Atmosphere"": {""Casual"": true, ""Trendy"": true}, ""Crowd"": {""College students"": true}, ""Planning"": {""Accepts reservations"": false}, ""Payments"": {""Credit cards"": true, ""Debit cards"": true, ""NFC mobile payments"": true}, ""Children"": {""Good for kids"": true}, ""Parking"": {""Parking"": true}}",$,,,"Asian-fusion counter-serve spot featuring lunch boxes, plus breakfast sandwiches & waffles.",,FALSE,None,PoppaBox,,,"https://www.google.com/viewer/chooseprovider?mid=/g/11bbrn58xd&g2lbs=AAEPWCu6Jf_KY90AXok6OPnjHclmKVT1vDirlK3b4qLMEEX6bZ4UZv1GWZBwrsHHrlw7xINmEFn5ZjWMsiZe23Y9wgjnjviqX2II5mvsstSJDtGvhKPMAGE%3D&hl=en-US&gl=us&fo_m=MfohQo559jFvMUOzJVpjPL1YMfZ3bInYwBDuMfaXTPp5KXh-&utm_source=tactile&gei=3NICaJKUHLrNwPAPxOjF4A8&ei=3NICaJKUHLrNwPAPxOjF4A8&fo_s=OA,SOE&opi=79508299&ebb=1&cs=0&foub=mcpp",,,"https://www.google.com/maps/place/PoppaBox/@38.901147,-77.044714,14z/data=!4m8!1m2!2m1!1sPoppaBox!3m4!1s0x89b7b7ba0bd7a229:0x8384eab72b439d0a!8m2!3d38.901147!4d-77.044714","https://www.google.com/maps/place/PoppaBox/@38.901147,-77.044714,13.99z/data=!4m16!1m7!3m6!1s0x89b7b7ba0bd7a229:0x8384eab72b439d0a!2sPoppaBox!8m2!3d38.901147!4d-77.044714!16s%2Fg%2F11ckvg1dmb!3m7!1s0x89b7b7ba0bd7a229:0x8384eab72b439d0a!8m2!3d38.901147!4d-77.044714!9m1!1b1!16s%2Fg%2F11ckvg1dmb?entry=ttu",ChIJKaLXC7q3t4kRCp1DK7fqhIM,0x89b7b7ba0bd7a229:0x8384eab72b439d0a,9476957588320132362,/g/11bbrn58xd,-8969786485389419254,,poppabox.order@gmail.com,RECEIVING,SMTP validated,,,,,,,,,,,,,,,,,,,,,,,,,,,,,,,,,,,,,,,,POPPABOX | KOREAN FOOD,,,,,
"bubble tea store, 20537, Washington, DC, US",Spill The Tea,Spill The Tea,,"Bubble tea store, Coffee shop, Fast food restaurant",Bubble tea store,Bubble tea store,+1 703-388-6350,"515 E Braddock Rd, Alexandria, VA 22314",Old Town West,515 E Braddock Rd,Alexandria,22314,Virginia,Virginia,United States of America,US,38.81258,-77.0539046,892aa87862fffff,America/New_York,,FALSE,4.3,174,"https://search.google.com/local/reviews?placeid=ChIJ-QTZM2Wxt4kR3gZaZpHrV58&q=bubble+tea+store,+20537,+Washington,+DC,+US&authuser=0&hl=en&gl=US",,,16,7,8,14,129,124,https://lh3.googleusercontent.com/gps-cs-s/AB5caB9ZHWSMfoUrX71Ge-wAbgP54RNw7KBXCh-LVlCe9zIpPgTULonI3S4RCFoUVCpIeHJ3dv4TwRGmfWLx1laX5JeU8lKcS5UgwjCy4Hrjkews1rlC7FkdGQ9_xnIlF4HyFYj3U96o=w800-h500-k-no,https://lh3.googleusercontent.com/gps-cs-s/AB5caB9ZHWSMfoUrX71Ge-wAbgP54RNw7KBXCh-LVlCe9zIpPgTULonI3S4RCFoUVCpIeHJ3dv4TwRGmfWLx1laX5JeU8lKcS5UgwjCy4Hrjkews1rlC7FkdGQ9_xnIlF4HyFYj3U96o=w1600-h1000-k-no,,"{""Monday"": ""11AM-7PM"", ""Tuesday"": ""11AM-7PM"", ""Wednesday"": ""11AM-7PM"", ""Thursday"": ""11AM-7PM"", ""Friday"": ""11AM-7PM"", ""Saturday"": ""11AM-7PM"", ""Sunday"": ""Closed""}",Monday:11AM-7PM|Tuesday:11AM-7PM|Wednesday:11AM-7PM|Thursday:11AM-7PM|Friday:11AM-7PM|Saturday:11AM-7PM|Sunday:Closed,,,OPERATIONAL,"{""From the business"": {""Identifies as Asian-owned"": true, ""Identifies as women-owned"": true}, ""Service options"": {""Delivery"": true, ""Takeout"": true, ""Dine-in"": true}, ""Highlights"": {""Great tea selection"": true}, ""Accessibility"": {""Wheelchair accessible entrance"": true, ""Wheelchair accessible restroom"": true}, ""Parking"": {""Free parking garage"": true, ""Free parking lot"": true}, ""Other"": {""Identifies as women-owned"": true, ""Identifies as Asian-owned"": true}}",$,,https://lh6.googleusercontent.com/-VF2tggB2ut0/AAAAAAAAAAI/AAAAAAAAAAA/IxyEYxR10PQ/s44-p-k-no-ns-nd/photo.jpg,,,TRUE,106037570160132416902,Spill The Tea,https://www.google.com/maps/contrib/106037570160132416902,,"https://www.google.com/viewer/chooseprovider?mid=/g/11j0wmk0x3&g2lbs=AAEPWCvoUZAncOXQSDzIRqseDi4i9dumy6wxmN5UfmKShHC3gtpI_h8quIVpEiPYHVNVWkiyb_-_t7TmSOYeAcOrj7PUYQiWLNnhkTJWTt8QiPmvebOmtQc%3D&hl=en-US&gl=us&fo_m=MfohQo559jFvMUOzJVpjPL1YMfZ3bInYwBDuMfaXTPp5KXh-&utm_source=tactile&gei=3NICaJKUHLrNwPAPxOjF4A8&ei=3NICaJKUHLrNwPAPxOjF4A8&fo_s=OA,SOE&opi=79508299&ebb=1&cs=0&foub=mcpp",,,"https://www.google.com/maps/place/Spill+The+Tea/@38.81258,-77.0539046,14z/data=!4m8!1m2!2m1!1sSpill+The+Tea!3m4!1s0x89b7b16533d904f9:0x9f57eb91665a06de!8m2!3d38.81258!4d-77.0539046","https://www.google.com/maps/place/Spill+The+Tea/@38.81258,-77.0539046,13.99z/data=!4m16!1m7!3m6!1s0x89b7b16533d904f9:0x9f57eb91665a06de!2sSpill+The+Tea!8m2!3d38.81258!4d-77.0539046!16s%2Fg%2F11ckvg1dmb!3m7!1s0x89b7b16533d904f9:0x9f57eb91665a06de!8m2!3d38.81258!4d-77.0539046!9m1!1b1!16s%2Fg%2F11ckvg1dmb?entry=ttu",ChIJ-QTZM2Wxt4kR3gZaZpHrV58,0x89b7b16533d904f9:0x9f57eb91665a06de,11481904784724330206,/g/11j0wmk0x3,-6964839288985221410,,,,,,,,,,,,,,,,,,,,,,,,,,,,,,,,,,,,,,,,,,,,,,,,,
"boba tea, 20407, Washington, DC, US",Kung Fu Tea,Kung Fu Tea,https://www.kungfutea.com/,Bubble tea store,Bubble tea store,Bubble tea store,+1 202-600-7200,"5439 MacArthur Blvd NW, Washington, DC 20016",Northwest Washington,5439 MacArthur Blvd NW,Washington,20016,District of Columbia,District Of Columbia,United States of America,US,38.9299727,-77.1064696,892aa84ee43ffff,America/New_York,,FALSE,4.9,106,"https://search.google.com/local/reviews?placeid=ChIJRwtV3s61t4kRyiVe8epAsOY&q=boba+tea,+20407,+Washington,+DC,+US&authuser=0&hl=en&gl=US",,,3,0,1,0,102,406,https://lh3.googleusercontent.com/p/AF1QipMq_PV3m1M2QHxTeHgQQ2Tjg2L-uUv9hvFRCzQ3=w800-h500-k-no,https://lh3.googleusercontent.com/p/AF1QipMq_PV3m1M2QHxTeHgQQ2Tjg2L-uUv9hvFRCzQ3=w1600-h1000-k-no,,"{""Monday"": ""11AM-8PM"", ""Tuesday"": ""11AM-8PM"", ""Wednesday"": ""11AM-8PM"", ""Thursday"": ""11AM-8PM"", ""Friday"": ""11AM-8PM"", ""Saturday"": ""11AM-8PM"", ""Sunday"": ""12-8PM""}",Monday:11AM-8PM|Tuesday:11AM-8PM|Wednesday:11AM-8PM|Thursday:11AM-8PM|Friday:11AM-8PM|Saturday:11AM-8PM|Sunday:12-8PM,,,OPERATIONAL,"{""Service options"": {""No-contact delivery"": true, ""Delivery"": true, ""Takeout"": true, ""Dine-in"": true}, ""Highlights"": {""Great tea selection"": true}, ""Parking"": {""Free street parking"": true}}",$,,https://lh4.googleusercontent.com/-AwMJJvDyYMQ/AAAAAAAAAAI/AAAAAAAAAAA/Aot-xxtD7I8/s44-p-k-no-ns-nd/photo.jpg,"Bubble tea specialist with a selection of other hot & cold drinks, including coffee & slushes.",,TRUE,109224086612744295548,Kung Fu Tea,https://www.google.com/maps/contrib/109224086612744295548,,"https://www.google.com/viewer/chooseprovider?mid=/g/11kqqnqlx5&g2lbs=AAEPWCtEFZy8p4UR71AAWa_S5wZBn_rvjfuBN73eKgSQmdeH9HoiQvuFGA009b6lIbu8C9aXcm8DeYBqMLz6xpb_bONfV5br7Q%3D%3D&hl=en-US&gl=us&fo_m=MfohQo559jFvMUOzJVpjPL1YMfZ3bInYwBDuMfaXTPp5KXh-&utm_source=tactile&gei=39ICaK3MLtXP0PEPr8yFwQM&ei=39ICaK3MLtXP0PEPr8yFwQM&fo_s=OA,SOE&opi=79508299&ebb=1&cs=0&foub=mcpp",,,"https://www.google.com/maps/place/Kung+Fu+Tea/@38.9299727,-77.1064696,14z/data=!4m8!1m2!2m1!1sKung+Fu+Tea!3m4!1s0x89b7b5cede550b47:0xe6b040eaf15e25ca!8m2!3d38.9299727!4d-77.1064696","https://www.google.com/maps/place/Kung+Fu+Tea/@38.9299727,-77.1064696,13.99z/data=!4m16!1m7!3m6!1s0x89b7b5cede550b47:0xe6b040eaf15e25ca!2sKung+Fu+Tea!8m2!3d38.9299727!4d-77.1064696!16s%2Fg%2F11ckvg1dmb!3m7!1s0x89b7b5cede550b47:0xe6b040eaf15e25ca!8m2!3d38.9299727!4d-77.1064696!9m1!1b1!16s%2Fg%2F11ckvg1dmb?entry=ttu",ChIJRwtV3s61t4kRyiVe8epAsOY,0x89b7b5cede550b47:0xe6b040eaf15e25ca,16622857602440504778,/g/11kqqnqlx5,-1823886471269046838,,support@armsglobalinc.com,RECEIVING,Role,,,,,,marketing@kfteausa.com,RECEIVING,SMTP validated,,,,,,delivery_help@grubhub.com,RECEIVING,SMTP validated,,,,,,+1 724-544-6367,+1 855-538-9888,15402175182,https://www.facebook.com/kungfuteausa/,https://www.instagram.com/kungfuteausa,https://www.linkedin.com/company/kung-fu-tea,https://www.tiktok.com/@kungfutea,,,,,,,https://twitter.com/kfteausa,,,,,Menu — Kung Fu Tea | Fresh - Innovative - Fearless leading tea brand,WordPress 6.3,"Menu At Kung Fu Tea, every beverage is made-to-order with real Kung Fu. Our tea is freshly brewed every 3 hours using premium tea leaves. You can choose from classic teas, milk teas, fruit teas, slushies and more. Each drink is customized by you! You get to pick your toppings,…",,FALSE,TRUE
"boba tea, 20407, Washington, DC, US",AunTea Boba,Auntea Boba,http://aunteaboba.com/,Bubble tea store,Bubble tea store,Bubble tea store,+1 301-248-9780,"742 Cady Dr, Fort Washington, MD 20744",None,742 Cady Dr,Fort Washington,20744,Maryland,Maryland,United States of America,US,38.759852,-76.9958747,892aa878dcfffff,America/New_York,,FALSE,4.4,218,"https://search.google.com/local/reviews?placeid=ChIJg9otn5y7t4kRxirVZ1PeU24&q=boba+tea,+20407,+Washington,+DC,+US&authuser=0&hl=en&gl=US",,,14,6,13,33,152,112,https://lh3.googleusercontent.com/p/AF1QipM7MxfUXZuShyjLByRXc6JASLiyLbXX1l1ICMgu=w800-h500-k-no,https://lh3.googleusercontent.com/p/AF1QipM7MxfUXZuShyjLByRXc6JASLiyLbXX1l1ICMgu=w1600-h1000-k-no,,"{""Monday"": ""12-9PM"", ""Tuesday"": ""12-9PM"", ""Wednesday"": ""12-9PM"", ""Thursday"": ""12-9PM"", ""Friday"": ""12-9PM"", ""Saturday"": ""12-9PM"", ""Sunday"": ""12-9PM""}",Monday:12-9PM|Tuesday:12-9PM|Wednesday:12-9PM|Thursday:12-9PM|Friday:12-9PM|Saturday:12-9PM|Sunday:12-9PM,,,OPERATIONAL,"{""Service options"": {""Delivery"": true, ""Takeout"": true, ""Dine-in"": true}, ""Highlights"": {""Great tea selection"": true}, ""Accessibility"": {""Wheelchair accessible entrance"": true, ""Wheelchair accessible parking lot"": true, ""Wheelchair accessible restroom"": true}}",,,https://lh6.googleusercontent.com/-XRcdCVSmITE/AAAAAAAAAAI/AAAAAAAAAAA/l4o_QnW1FXA/s44-p-k-no-ns-nd/photo.jpg,,,TRUE,109315692205667034629,AunTea Boba,https://www.google.com/maps/contrib/109315692205667034629,,,,,"https://www.google.com/maps/place/AunTea+Boba/@38.759851999999995,-76.9958747,14z/data=!4m8!1m2!2m1!1sAunTea+Boba!3m4!1s0x89b7bb9c9f2dda83:0x6e53de5367d52ac6!8m2!3d38.759851999999995!4d-76.9958747","https://www.google.com/maps/place/AunTea+Boba/@38.759851999999995,-76.9958747,13.99z/data=!4m16!1m7!3m6!1s0x89b7bb9c9f2dda83:0x6e53de5367d52ac6!2sAunTea+Boba!8m2!3d38.759851999999995!4d-76.9958747!16s%2Fg%2F11ckvg1dmb!3m7!1s0x89b7bb9c9f2dda83:0x6e53de5367d52ac6!8m2!3d38.759851999999995!4d-76.9958747!9m1!1b1!16s%2Fg%2F11ckvg1dmb?entry=ttu",ChIJg9otn5y7t4kRxirVZ1PeU24,0x89b7bb9c9f2dda83:0x6e53de5367d52ac6,7949942217044732614,/g/11h7n83r9d,7949942217044732614,,,,,,,,,,,,,,,,,,,,,,,,,,,,,,,,,,,,,,,,,,,,AunTea Boba | DMV Bubble Tea,Wix.com Website Builder,"Bubble teas brewed fresh per order! 3 locations - Fort Washington, MD | Lanham, MD | Washington, DC",Cafe,FALSE,FALSE
"boba tea, 20407, Washington, DC, US",Panda Tea House,Panda Tea House,,"Bubble tea store, Figurine shop, Ice cream shop",Bubble tea store,Bubble tea store,+1 571-331-8565,"141 Waterfront St, Oxon Hill, MD 20745",None,141 Waterfront St,Oxon Hill,20745,Maryland,Maryland,United States of America,US,38.7852242,-77.0162208,892aa8781abffff,America/New_York,,FALSE,3.7,307,"https://search.google.com/local/reviews?placeid=ChIJYaVFj-Cxt4kRTq5P1gdnVNo&q=boba+tea,+20407,+Washington,+DC,+US&authuser=0&hl=en&gl=US",,,73,24,10,23,177,241,https://lh3.googleusercontent.com/p/AF1QipOEDl21IS2cw7K7d0BiQns6jG3RKew3BBInxS8A=w800-h500-k-no,https://lh3.googleusercontent.com/p/AF1QipOEDl21IS2cw7K7d0BiQns6jG3RKew3BBInxS8A=w1600-h1000-k-no,,"{""Monday"": ""12-8PM"", ""Tuesday"": ""12-8PM"", ""Wednesday"": ""12-8PM"", ""Thursday"": ""12-8PM"", ""Friday"": ""12-8:30PM"", ""Saturday"": ""11:30AM-9:30PM"", ""Sunday"": ""11:30AM-8:30PM""}",Monday:12-8PM|Tuesday:12-8PM|Wednesday:12-8PM|Thursday:12-8PM|Friday:12-8:30PM|Saturday:11:30AM-9:30PM|Sunday:11:30AM-8:30PM,,,OPERATIONAL,"{""From the business"": {""Identifies as Asian-owned"": true}, ""Service options"": {""Onsite services"": true, ""Takeout"": true, ""Dine-in"": true, ""Delivery"": false}, ""Highlights"": {""Great tea selection"": true}, ""Accessibility"": {""Wheelchair accessible entrance"": true}, ""Other"": {""Identifies as Asian-owned"": true}}",$,,https://lh3.googleusercontent.com/-F27NH0gnIJY/AAAAAAAAAAI/AAAAAAAAAAA/Z4kGMxPqdk4/s44-p-k-no-ns-nd/photo.jpg,,,TRUE,102014820247975614628,Panda Tea House,https://www.google.com/maps/contrib/102014820247975614628,,"https://www.google.com/viewer/chooseprovider?mid=/g/11hzsvp587&g2lbs=AAEPWCtVfViVX5zHxWYiW1jnqhG7GNaCnV8GaB-ZqQB3ZgjDkUj1xdXq6kU-qIuqNCRIw-o5VIj8-DNx7_yuD3wzpI3YC5Vw7g%3D%3D&hl=en-US&gl=us&fo_m=MfohQo559jFvMUOzJVpjPL1YMfZ3bInYwBDuMfaXTPp5KXh-&utm_source=tactile&gei=39ICaK3MLtXP0PEPr8yFwQM&ei=39ICaK3MLtXP0PEPr8yFwQM&fo_s=OA,SOE&opi=79508299&ebb=1&cs=0&foub=mcpp",,,"https://www.google.com/maps/place/Panda+Tea+House/@38.785224199999995,-77.0162208,14z/data=!4m8!1m2!2m1!1sPanda+Tea+House!3m4!1s0x89b7b1e08f45a561:0xda546707d64fae4e!8m2!3d38.785224199999995!4d-77.0162208","https://www.google.com/maps/place/Panda+Tea+House/@38.785224199999995,-77.0162208,13.99z/data=!4m16!1m7!3m6!1s0x89b7b1e08f45a561:0xda546707d64fae4e!2sPanda+Tea+House!8m2!3d38.785224199999995!4d-77.0162208!16s%2Fg%2F11ckvg1dmb!3m7!1s0x89b7b1e08f45a561:0xda546707d64fae4e!8m2!3d38.785224199999995!4d-77.0162208!9m1!1b1!16s%2Fg%2F11ckvg1dmb?entry=ttu",ChIJYaVFj-Cxt4kRTq5P1gdnVNo,0x89b7b1e08f45a561:0xda546707d64fae4e,15732312681669963342,/g/11hzsvp587,-2714431392039588274,,,,,,,,,,,,,,,,,,,,,,,,,,,,,,,,,,,,,,,,,,,,,,,,,
"boba tea, 20407, Washington, DC, US",ArTeA Shop,Artea Shop,https://arteamclean.com/teashop,"Bubble tea store, Dessert shop",Bubble tea store,Bubble tea store,+1 571-684-0213,"6635 Old Dominion Dr, McLean, VA 22101",None,6635 Old Dominion Dr,McLean,22101,Virginia,Virginia,United States of America,US,38.9309041,-77.1736269,892aa84c283ffff,America/New_York,,FALSE,4.8,80,"https://search.google.com/local/reviews?placeid=ChIJbaozsE-1t4kRl2fLQQTd48M&q=boba+tea,+20407,+Washington,+DC,+US&authuser=0&hl=en&gl=US",,,0,1,4,4,71,195,https://lh3.googleusercontent.com/p/AF1QipPGIWUa5eFCwVuFavXrnBaMkxYVYDt6crxly5Na=w800-h500-k-no,https://lh3.googleusercontent.com/p/AF1QipPGIWUa5eFCwVuFavXrnBaMkxYVYDt6crxly5Na=w1600-h1000-k-no,,"{""Monday"": ""Closed"", ""Tuesday"": ""Closed"", ""Wednesday"": ""11AM-7PM"", ""Thursday"": ""11AM-7PM"", ""Friday"": ""11AM-7PM"", ""Saturday"": ""11AM-7PM"", ""Sunday"": ""11AM-4PM""}",Monday:Closed|Tuesday:Closed|Wednesday:11AM-7PM|Thursday:11AM-7PM|Friday:11AM-7PM|Saturday:11AM-7PM|Sunday:11AM-4PM,,,OPERATIONAL,"{""Service options"": {""Delivery"": true, ""Onsite services"": true, ""Takeout"": true, ""Dine-in"": true}, ""Highlights"": {""Great tea selection"": true}, ""Accessibility"": {""Wheelchair accessible entrance"": true, ""Wheelchair accessible parking lot"": true}}",$,,https://lh3.googleusercontent.com/-2nMAQAiFL-A/AAAAAAAAAAI/AAAAAAAAAAA/qOlkdLKaxDI/s44-p-k-no-ns-nd/photo.jpg,,,TRUE,104065496790497020834,ArTeA Shop,https://www.google.com/maps/contrib/104065496790497020834,,"https://www.google.com/viewer/chooseprovider?mid=/g/11vb9v4k_w&g2lbs=AAEPWCsb_km8I6kd0xiJh43rKxMTDQuGfQNYIrGbxcLV60lPsmDBzq6d6XVE7EPLqcVDBmJ2AoXPRVv1T39Sp9pQAoNA_JHjnw%3D%3D&hl=en-US&gl=us&fo_m=MfohQo559jFvMUOzJVpjPL1YMfZ3bInYwBDuMfaXTPp5KXh-&utm_source=tactile&gei=4dICaLTCOq-N9u8P7M7ziQ4&ei=4dICaLTCOq-N9u8P7M7ziQ4&fo_s=OA,SOE&opi=79508299&ebb=1&cs=0&foub=mcpp",,,"https://www.google.com/maps/place/ArTeA+Shop/@38.9309041,-77.1736269,14z/data=!4m8!1m2!2m1!1sArTeA+Shop!3m4!1s0x89b7b54fb033aa6d:0xc3e3dd0441cb6797!8m2!3d38.9309041!4d-77.1736269","https://www.google.com/maps/place/ArTeA+Shop/@38.9309041,-77.1736269,13.99z/data=!4m16!1m7!3m6!1s0x89b7b54fb033aa6d:0xc3e3dd0441cb6797!2sArTeA+Shop!8m2!3d38.9309041!4d-77.1736269!16s%2Fg%2F11ckvg1dmb!3m7!1s0x89b7b54fb033aa6d:0xc3e3dd0441cb6797!8m2!3d38.9309041!4d-77.1736269!9m1!1b1!16s%2Fg%2F11ckvg1dmb?entry=ttu",ChIJbaozsE-1t4kRl2fLQQTd48M,0x89b7b54fb033aa6d:0xc3e3dd0441cb6797,14115368667462723479,/g/11vb9v4k_w,-4331375406246828137,,contact@artealounge.com,RECEIVING,Role,,,,,,,,,,,,,,,,,,,,,,,,,https://www.facebook.com/artea.mclean/,https://www.instagram.com/artea.mclean,,https://www.tiktok.com/@artea.mclean,,,,,,,,,,,,ArTeA,,,,FALSE,TRUE
"boba tea, 20407, Washington, DC, US",Gong Cha Camp Springs,Gong Cha Camp Springs,,Bubble tea store,Bubble tea store,Bubble tea store,,"4531 Telfair Blvd suite 101, Camp Springs, MD 20746",None,4531 Telfair Blvd suite 101,Camp Springs,20746,Maryland,Maryland,United States of America,US,38.8276111,-76.9092646,892aa871007ffff,America/New_York,,FALSE,4.6,45,"https://search.google.com/local/reviews?placeid=ChIJfYMKJGq9t4kR5gfzreuXs7E&q=boba+tea,+20407,+Washington,+DC,+US&authuser=0&hl=en&gl=US",,,2,2,1,3,37,89,https://lh3.googleusercontent.com/p/AF1QipNQFTmkulpVvXf48ja13w8pd1sa257XAuXwsUkY=w800-h500-k-no,https://lh3.googleusercontent.com/p/AF1QipNQFTmkulpVvXf48ja13w8pd1sa257XAuXwsUkY=w1600-h1000-k-no,,"{""Monday"": ""11AM-9PM"", ""Tuesday"": ""11AM-9PM"", ""Wednesday"": ""11AM-9PM"", ""Thursday"": ""11AM-9PM"", ""Friday"": ""11AM-10PM"", ""Saturday"": ""12-10PM"", ""Sunday"": ""11:30AM-8:30PM""}",Monday:11AM-9PM|Tuesday:11AM-9PM|Wednesday:11AM-9PM|Thursday:11AM-9PM|Friday:11AM-10PM|Saturday:12-10PM|Sunday:11:30AM-8:30PM,,,OPERATIONAL,"{""Service options"": {""Delivery"": true, ""Takeout"": true, ""Dine-in"": true}, ""Accessibility"": {""Wheelchair accessible entrance"": true, ""Wheelchair accessible parking lot"": true, ""Wheelchair accessible restroom"": true, ""Wheelchair accessible seating"": true}, ""Crowd"": {""LGBTQ+ friendly"": true, ""Transgender safespace"": true}, ""Other"": {""LGBTQ+ friendly"": true}}",$,,https://lh3.googleusercontent.com/-oCQ1-5h56NU/AAAAAAAAAAI/AAAAAAAAAAA/9CAR3anDym4/s44-p-k-no-ns-nd/photo.jpg,,,TRUE,105734961452613004330,Gong Cha Camp Springs,https://www.google.com/maps/contrib/105734961452613004330,,"https://www.google.com/viewer/chooseprovider?mid=/g/11t0r27942&g2lbs=AAEPWCsvgll1dc7ZiRJoA4UFoSBH5980fZwap3Pz5O4PPhMpVMGRZVjYfqNzqu3BBfuvkhDzaqnPgP8oMtGQKl34g1iOP5TDeA%3D%3D&hl=en-US&gl=us&fo_m=MfohQo559jFvMUOzJVpjPL1YMfZ3bInYwBDuMfaXTPp5KXh-&utm_source=tactile&gei=4dICaLTCOq-N9u8P7M7ziQ4&ei=4dICaLTCOq-N9u8P7M7ziQ4&fo_s=OA,SOE&opi=79508299&ebb=1&cs=0&foub=mcpp",,,"https://www.google.com/maps/place/Gong+Cha+Camp+Springs/@38.8276111,-76.9092646,14z/data=!4m8!1m2!2m1!1sGong+Cha+Camp+Springs!3m4!1s0x89b7bd6a240a837d:0xb1b397ebadf307e6!8m2!3d38.8276111!4d-76.9092646","https://www.google.com/maps/place/Gong+Cha+Camp+Springs/@38.8276111,-76.9092646,13.99z/data=!4m16!1m7!3m6!1s0x89b7bd6a240a837d:0xb1b397ebadf307e6!2sGong+Cha+Camp+Springs!8m2!3d38.8276111!4d-76.9092646!16s%2Fg%2F11ckvg1dmb!3m7!1s0x89b7bd6a240a837d:0xb1b397ebadf307e6!8m2!3d38.8276111!4d-76.9092646!9m1!1b1!16s%2Fg%2F11ckvg1dmb?entry=ttu",ChIJfYMKJGq9t4kR5gfzreuXs7E,0x89b7bd6a240a837d:0xb1b397ebadf307e6,12804745204035946470,/g/11t0r27942,-5641998869673605146,,,,,,,,,,,,,,,,,,,,,,,,,,,,,,,,,,,,,,,,,,,,,,,,,
"boba tea, 20407, Washington, DC, US",TIAN-CHA,Tian Cha,,Bubble tea store,Bubble tea store,Bubble tea store,+1 571-331-5843,"6920A Bradlick Shopping Ctr, Annandale, VA 22003",None,6920A Bradlick Shopping Ctr,Annandale,22003,Virginia,Virginia,United States of America,US,38.8132197,-77.1841368,892aaab63b7ffff,America/New_York,,FALSE,4.6,173,"https://search.google.com/local/reviews?placeid=ChIJ_QxWH-NNtokR6fHJiyXSgP4&q=boba+tea,+20407,+Washington,+DC,+US&authuser=0&hl=en&gl=US",,,6,0,5,33,129,128,https://lh3.googleusercontent.com/p/AF1QipN1RVMqVPnZmDxFai01hp3W0sPbHsaH7dlZnvQe=w800-h500-k-no,https://lh3.googleusercontent.com/p/AF1QipN1RVMqVPnZmDxFai01hp3W0sPbHsaH7dlZnvQe=w1600-h1000-k-no,,"{""Monday"": ""12-10PM"", ""Tuesday"": ""12-10PM"", ""Wednesday"": ""12-10PM"", ""Thursday"": ""12-10PM"", ""Friday"": ""12-11PM"", ""Saturday"": ""12-11PM"", ""Sunday"": ""12-10PM""}",Monday:12-10PM|Tuesday:12-10PM|Wednesday:12-10PM|Thursday:12-10PM|Friday:12-11PM|Saturday:12-11PM|Sunday:12-10PM,,,OPERATIONAL,"{""Service options"": {""Curbside pickup"": true, ""Delivery"": true, ""Takeout"": true, ""Dine-in"": true}, ""Highlights"": {""Great tea selection"": true}, ""Accessibility"": {""Wheelchair accessible entrance"": true, ""Wheelchair accessible parking lot"": true, ""Wheelchair accessible restroom"": true}}",$,,https://lh5.googleusercontent.com/-VD_u4H2E998/AAAAAAAAAAI/AAAAAAAAAAA/a2jTK5pGeqQ/s44-p-k-no-ns-nd/photo.jpg,,,TRUE,112224341460752389704,TIAN-CHA,https://www.google.com/maps/contrib/112224341460752389704,,"https://www.google.com/viewer/chooseprovider?mid=/g/11q25lxv19&g2lbs=AAEPWCv3YYeTYAGj-Oiy4havBKos419WWBuKipmTRDGGseCIYQWO4SAPIEkfdXcxXLjiTZnsgpLPx3hvp8EoTnRahFz3Y2AH0A%3D%3D&hl=en-US&gl=us&fo_m=MfohQo559jFvMUOzJVpjPL1YMfZ3bInYwBDuMfaXTPp5KXh-&utm_source=tactile&gei=4dICaLTCOq-N9u8P7M7ziQ4&ei=4dICaLTCOq-N9u8P7M7ziQ4&fo_s=OA,SOE&opi=79508299&ebb=1&cs=0&foub=mcpp",,,"https://www.google.com/maps/place/TIAN-CHA/@38.8132197,-77.18413679999999,14z/data=!4m8!1m2!2m1!1sTIAN-CHA!3m4!1s0x89b64de31f560cfd:0xfe80d2258bc9f1e9!8m2!3d38.8132197!4d-77.18413679999999","https://www.google.com/maps/place/TIAN-CHA/@38.8132197,-77.18413679999999,13.99z/data=!4m16!1m7!3m6!1s0x89b64de31f560cfd:0xfe80d2258bc9f1e9!2sTIAN-CHA!8m2!3d38.8132197!4d-77.18413679999999!16s%2Fg%2F11ckvg1dmb!3m7!1s0x89b64de31f560cfd:0xfe80d2258bc9f1e9!8m2!3d38.8132197!4d-77.18413679999999!9m1!1b1!16s%2Fg%2F11ckvg1dmb?entry=ttu",ChIJ_QxWH-NNtokR6fHJiyXSgP4,0x89b64de31f560cfd:0xfe80d2258bc9f1e9,18338888741353550313,/g/11q25lxv19,-107855332356001303,,,,,,,,,,,,,,,,,,,,,,,,,,,,,,,,,,,,,,,,,,,,,,,,,
"boba tea, 20407, Washington, DC, US",Tea-Do Falls Church,Tea Do Falls Church,http://teadonova.com/,Bubble tea store,Bubble tea store,Bubble tea store,+1 571-389-8787,"6282 Arlington Blvd, Falls Church, VA 22044",None,6282 Arlington Blvd,Falls Church,22044,Virginia,Virginia,United States of America,US,38.8722538,-77.1524027,892aa84cabbffff,America/New_York,,FALSE,4.6,18,"https://search.google.com/local/reviews?placeid=ChIJKW2vYAC1t4kRv4noxR_e4ac&q=boba+tea,+20407,+Washington,+DC,+US&authuser=0&hl=en&gl=US",,,2,0,0,0,16,18,https://lh3.googleusercontent.com/p/AF1QipP6HiJq490ss8Dek5IFA-bmeTl5zlURDM39m3ja=w800-h500-k-no,https://lh3.googleusercontent.com/p/AF1QipP6HiJq490ss8Dek5IFA-bmeTl5zlURDM39m3ja=w1600-h1000-k-no,,"{""Monday"": ""11AM-10PM"", ""Tuesday"": ""11AM-10PM"", ""Wednesday"": ""11AM-10PM"", ""Thursday"": ""11AM-10PM"", ""Friday"": ""11AM-10PM"", ""Saturday"": ""11AM-10PM"", ""Sunday"": ""11AM-10PM""}",Monday:11AM-10PM|Tuesday:11AM-10PM|Wednesday:11AM-10PM|Thursday:11AM-10PM|Friday:11AM-10PM|Saturday:11AM-10PM|Sunday:11AM-10PM,,,OPERATIONAL,"{""Service options"": {""Delivery"": true, ""Takeout"": true, ""Dine-in"": true}, ""Highlights"": {""Great tea selection"": true}, ""Accessibility"": {""Wheelchair accessible entrance"": true, ""Wheelchair accessible parking lot"": true}, ""Parking"": {""Free parking garage"": true, ""Free parking lot"": true, ""Free street parking"": true}}",$,,https://lh6.googleusercontent.com/-5BBrADbRbFQ/AAAAAAAAAAI/AAAAAAAAAAA/nhSySQdgOY0/s44-p-k-no-ns-nd/photo.jpg,,,TRUE,108592043150696654608,Tea-Do Falls Church,https://www.google.com/maps/contrib/108592043150696654608,,"https://www.google.com/viewer/chooseprovider?mid=/g/11y5z9gw_w&g2lbs=AAEPWCs35LwlXet4LkKZBjnCW3FqtKNd3e8IzN0AzKJyV4qP9c9maLDUKVD7zwOMmJsUdI4JVRPrY31m3x2ptCqMt53bWMTX9Q%3D%3D&hl=en-US&gl=us&fo_m=MfohQo559jFvMUOzJVpjPL1YMfZ3bInYwBDuMfaXTPp5KXh-&utm_source=tactile&gei=4dICaLTCOq-N9u8P7M7ziQ4&ei=4dICaLTCOq-N9u8P7M7ziQ4&fo_s=OA,SOE&opi=79508299&ebb=1&cs=0&foub=mcpp",,,"https://www.google.com/maps/place/Tea-Do+Falls+Church/@38.872253799999996,-77.1524027,14z/data=!4m8!1m2!2m1!1sTea-Do+Falls+Church!3m4!1s0x89b7b50060af6d29:0xa7e1de1fc5e889bf!8m2!3d38.872253799999996!4d-77.1524027","https://www.google.com/maps/place/Tea-Do+Falls+Church/@38.872253799999996,-77.1524027,13.99z/data=!4m16!1m7!3m6!1s0x89b7b50060af6d29:0xa7e1de1fc5e889bf!2sTea-Do+Falls+Church!8m2!3d38.872253799999996!4d-77.1524027!16s%2Fg%2F11ckvg1dmb!3m7!1s0x89b7b50060af6d29:0xa7e1de1fc5e889bf!8m2!3d38.872253799999996!4d-77.1524027!9m1!1b1!16s%2Fg%2F11ckvg1dmb?entry=ttu",ChIJKW2vYAC1t4kRv4noxR_e4ac,0x89b7b50060af6d29:0xa7e1de1fc5e889bf,12097194302139566527,/g/11y5z9gw_w,-6349549771569985089,,teadonova@gmail.com,RECEIVING,SMTP validated,,,,,,,,,,,,,,,,,,,,,,,,,,,,,,,,,,,,,,,,Home | Teado NoVA,Wix.com Website Builder,,,FALSE,FALSE
"boba tea, 20407, Washington, DC, US",Vessel Tea,Vessel Tea,,"Bubble tea store, Cafe, Dessert shop",Bubble tea store,Bubble tea store,+1 703-562-0660,"6653 Little River Turnpike, Annandale, VA 22003",None,6653 Little River Turnpike,Annandale,22003,Virginia,Virginia,United States of America,US,38.8242123,-77.1722866,892aaab61c3ffff,America/New_York,,FALSE,4.8,60,"https://search.google.com/local/reviews?placeid=ChIJjRTtW0Szt4kRxJZ1P82X0jo&q=boba+tea,+20407,+Washington,+DC,+US&authuser=0&hl=en&gl=US",,,1,1,1,3,54,58,https://lh3.googleusercontent.com/p/AF1QipMsSrPTcteAxVCH2w30xGfETl24l7qPwBBYzP2Z=w800-h500-k-no,https://lh3.googleusercontent.com/p/AF1QipMsSrPTcteAxVCH2w30xGfETl24l7qPwBBYzP2Z=w1600-h1000-k-no,,"{""Monday"": ""11AM-9PM"", ""Tuesday"": ""11AM-9PM"", ""Wednesday"": ""11AM-9PM"", ""Thursday"": ""11AM-9PM"", ""Friday"": ""11AM-9PM"", ""Saturday"": ""11AM-9PM"", ""Sunday"": ""11AM-9PM""}",Monday:11AM-9PM|Tuesday:11AM-9PM|Wednesday:11AM-9PM|Thursday:11AM-9PM|Friday:11AM-9PM|Saturday:11AM-9PM|Sunday:11AM-9PM,,,OPERATIONAL,"{""Service options"": {""Takeout"": true, ""Dine-in"": true, ""Delivery"": false}, ""Highlights"": {""Great tea selection"": true}, ""Accessibility"": {""Wheelchair accessible entrance"": true, ""Wheelchair accessible parking lot"": true}, ""Parking"": {""Free parking lot"": true, ""Free street parking"": true, ""On-site parking"": true}}",$$,,https://lh4.googleusercontent.com/-cQwcfL46ATs/AAAAAAAAAAI/AAAAAAAAAAA/Ju54QCCXmTI/s44-p-k-no-ns-nd/photo.jpg,,,TRUE,114482964625079085356,Vessel Tea,https://www.google.com/maps/contrib/114482964625079085356,,"https://www.google.com/viewer/chooseprovider?mid=/g/11lnjny3d6&g2lbs=AAEPWCtKE0bPFkF0ZnDV_-OydkVJcNSx0CkgLoMi9Y2-yJzohsBADYy5JyU31sbJEehxUxZ9SUYwaxWTKuBG0oBhirQBx-asig%3D%3D&hl=en-US&gl=us&fo_m=MfohQo559jFvMUOzJVpjPL1YMfZ3bInYwBDuMfaXTPp5KXh-&utm_source=tactile&gei=4dICaLTCOq-N9u8P7M7ziQ4&ei=4dICaLTCOq-N9u8P7M7ziQ4&fo_s=OA,SOE&opi=79508299&ebb=1&cs=0&foub=mcpp",,,"https://www.google.com/maps/place/Vessel+Tea/@38.8242123,-77.17228659999999,14z/data=!4m8!1m2!2m1!1sVessel+Tea!3m4!1s0x89b7b3445bed148d:0x3ad297cd3f7596c4!8m2!3d38.8242123!4d-77.17228659999999","https://www.google.com/maps/place/Vessel+Tea/@38.8242123,-77.17228659999999,13.99z/data=!4m16!1m7!3m6!1s0x89b7b3445bed148d:0x3ad297cd3f7596c4!2sVessel+Tea!8m2!3d38.8242123!4d-77.17228659999999!16s%2Fg%2F11ckvg1dmb!3m7!1s0x89b7b3445bed148d:0x3ad297cd3f7596c4!8m2!3d38.8242123!4d-77.17228659999999!9m1!1b1!16s%2Fg%2F11ckvg1dmb?entry=ttu",ChIJjRTtW0Szt4kRxJZ1P82X0jo,0x89b7b3445bed148d:0x3ad297cd3f7596c4,4238617107097818820,/g/11lnjny3d6,4238617107097818820,,,,,,,,,,,,,,,,,,,,,,,,,,,,,,,,,,,,,,,,,,,,,,,,,
"boba tea, 20407, Washington, DC, US",TeaDM Plus,Teadm Plus,http://teadmlounge.com/,"Bubble tea store, Coffee shop",Bubble tea store,Bubble tea store,+1 703-477-6807,"6779 Wilson Blvd, Falls Church, VA 22044",None,6779 Wilson Blvd,Falls Church,22044,Virginia,Virginia,United States of America,US,38.8738189,-77.1550335,892aa84ca8fffff,America/New_York,,FALSE,4.3,498,"https://search.google.com/local/reviews?placeid=ChIJtysRg8q1t4kRGNfjgtgzoW4&q=boba+tea,+20407,+Washington,+DC,+US&authuser=0&hl=en&gl=US",,,45,16,27,61,349,519,https://lh3.googleusercontent.com/p/AF1QipOw8K84Yd441GR34aheubJnuc4tZ52zNEDo63Lw=w800-h500-k-no,https://lh3.googleusercontent.com/p/AF1QipOw8K84Yd441GR34aheubJnuc4tZ52zNEDo63Lw=w1600-h1000-k-no,,"{""Monday"": ""7AM-12AM"", ""Tuesday"": ""7AM-12AM"", ""Wednesday"": ""7AM-12AM"", ""Thursday"": ""7AM-12AM"", ""Friday"": ""7AM-12AM"", ""Saturday"": ""7AM-12AM"", ""Sunday"": ""7AM-9PM""}",Monday:7AM-12AM|Tuesday:7AM-12AM|Wednesday:7AM-12AM|Thursday:7AM-12AM|Friday:7AM-12AM|Saturday:7AM-12AM|Sunday:7AM-9PM,,,OPERATIONAL,"{""From the business"": {""Identifies as Asian-owned"": true}, ""Service options"": {""Delivery"": true, ""Takeout"": true, ""Dine-in"": true}, ""Highlights"": {""Great tea selection"": true}, ""Accessibility"": {""Wheelchair accessible entrance"": true, ""Wheelchair accessible parking lot"": true, ""Wheelchair accessible restroom"": true, ""Wheelchair accessible seating"": true}, ""Parking"": {""Free parking lot"": true, ""Free street parking"": true}, ""Other"": {""Identifies as Asian-owned"": true}}",$,,https://lh3.googleusercontent.com/-nbMR474SS5I/AAAAAAAAAAI/AAAAAAAAAAA/p8IvZx-Fcoo/s44-p-k-no-ns-nd/photo.jpg,"Modern counter-serve place inside a Vietnamese restaurant offering bubble teas, smoothies & coffee.",,TRUE,103922352342692251589,TeaDM Plus,https://www.google.com/maps/contrib/103922352342692251589,,"https://www.google.com/viewer/chooseprovider?mid=/g/1hc7nbfqx&g2lbs=AAEPWCvKIwN4KeNK_V3dzsTP6MaNZCKytHnIZwUQjuigi9YC98Bfg51XcdxuvP7oZ1UfSBD3LxMsnx7jgb7FM_7K1rXQp0tc2w%3D%3D&hl=en-US&gl=us&fo_m=MfohQo559jFvMUOzJVpjPL1YMfZ3bInYwBDuMfaXTPp5KXh-&utm_source=tactile&gei=4dICaLTCOq-N9u8P7M7ziQ4&ei=4dICaLTCOq-N9u8P7M7ziQ4&fo_s=OA,SOE&opi=79508299&ebb=1&cs=0&foub=mcpp",,,"https://www.google.com/maps/place/TeaDM+Plus/@38.873818899999996,-77.1550335,14z/data=!4m8!1m2!2m1!1sTeaDM+Plus!3m4!1s0x89b7b5ca83112bb7:0x6ea133d882e3d718!8m2!3d38.873818899999996!4d-77.1550335","https://www.google.com/maps/place/TeaDM+Plus/@38.873818899999996,-77.1550335,13.99z/data=!4m16!1m7!3m6!1s0x89b7b5ca83112bb7:0x6ea133d882e3d718!2sTeaDM+Plus!8m2!3d38.873818899999996!4d-77.1550335!16s%2Fg%2F11ckvg1dmb!3m7!1s0x89b7b5ca83112bb7:0x6ea133d882e3d718!8m2!3d38.873818899999996!4d-77.1550335!9m1!1b1!16s%2Fg%2F11ckvg1dmb?entry=ttu",ChIJtysRg8q1t4kRGNfjgtgzoW4,0x89b7b5ca83112bb7:0x6ea133d882e3d718,7971709820424410904,/g/1hc7nbfqx,7971709820424410904,,teadmlounge@gmail.com,RECEIVING,SMTP validated,,,,,,,,,,,,,,,,,,,,,,,,,https://www.facebook.com/104559175327134,https://www.instagram.com/p,,,,,,,,,,,,,,TeaDM Lounge,,,,FALSE,FALSE
"boba tea, 20407, Washington, DC, US",TheTea,Thetea,,Bubble tea store,Bubble tea store,Bubble tea store,+1 551-221-4795,"6769 Wilson Blvd, Falls Church, VA 22044",None,6769 Wilson Blvd,Falls Church,22044,Virginia,Virginia,United States of America,US,38.8741735,-77.1551003,892aa84ca8fffff,America/New_York,,FALSE,3.6,32,"https://search.google.com/local/reviews?placeid=ChIJoenTTQC1t4kR-JQGPCvvm_U&q=boba+tea,+20407,+Washington,+DC,+US&authuser=0&hl=en&gl=US",,,7,0,9,0,16,95,https://lh3.googleusercontent.com/gps-proxy/ALd4DhHvRn9zXdlyO1NVsOSgQ9HMH2wbt60v8jAa-bzCpHl1OK4DgEhL40lrQaD4w1-57EoLEX2MkhoaOgk46-q4JdZzD_KDOikcBGD89xvAIyokl5o41KGxy1ai2A_AMaJ9EFYccsmCO0-no3GjDVGcyDIwgO9UHXTiNYiLOpY2iHQu5VTZow5Okk8=w800-h500-k-no,https://lh3.googleusercontent.com/gps-proxy/ALd4DhHvRn9zXdlyO1NVsOSgQ9HMH2wbt60v8jAa-bzCpHl1OK4DgEhL40lrQaD4w1-57EoLEX2MkhoaOgk46-q4JdZzD_KDOikcBGD89xvAIyokl5o41KGxy1ai2A_AMaJ9EFYccsmCO0-no3GjDVGcyDIwgO9UHXTiNYiLOpY2iHQu5VTZow5Okk8=w1600-h1000-k-no,,"{""Monday"": ""11AM-10PM"", ""Tuesday"": ""11AM-10PM"", ""Wednesday"": ""11AM-10PM"", ""Thursday"": ""11AM-10PM"", ""Friday"": ""11AM-10PM"", ""Saturday"": ""11AM-10PM"", ""Sunday"": ""9:30AM-9PM""}",Monday:11AM-10PM|Tuesday:11AM-10PM|Wednesday:11AM-10PM|Thursday:11AM-10PM|Friday:11AM-10PM|Saturday:11AM-10PM|Sunday:9:30AM-9PM,,,OPERATIONAL,"{""Service options"": {""Takeout"": true, ""Dine-in"": true}, ""Highlights"": {""Great tea selection"": true}, ""Accessibility"": {""Wheelchair accessible entrance"": true, ""Wheelchair accessible parking lot"": true}}",$,,,,,FALSE,None,TheTea,,,"https://www.google.com/viewer/chooseprovider?mid=/g/11y456f2_5&g2lbs=AAEPWCvgrHN5cABZhhp7RLQ_PGOIgWSv9eG5-2R-oho2BBRKSCjsZ9bfYo-dghT90XZeYtQRu4PasZekqgPDlDhJfsqSo7R-Iw%3D%3D&hl=en-US&gl=us&fo_m=MfohQo559jFvMUOzJVpjPL1YMfZ3bInYwBDuMfaXTPp5KXh-&utm_source=tactile&gei=4dICaLTCOq-N9u8P7M7ziQ4&ei=4dICaLTCOq-N9u8P7M7ziQ4&fo_s=OA,SOE&opi=79508299&ebb=1&cs=0&foub=mcpp",,,"https://www.google.com/maps/place/TheTea/@38.8741735,-77.1551003,14z/data=!4m8!1m2!2m1!1sTheTea!3m4!1s0x89b7b5004dd3e9a1:0xf59bef2b3c0694f8!8m2!3d38.8741735!4d-77.1551003","https://www.google.com/maps/place/TheTea/@38.8741735,-77.1551003,13.99z/data=!4m16!1m7!3m6!1s0x89b7b5004dd3e9a1:0xf59bef2b3c0694f8!2sTheTea!8m2!3d38.8741735!4d-77.1551003!16s%2Fg%2F11ckvg1dmb!3m7!1s0x89b7b5004dd3e9a1:0xf59bef2b3c0694f8!8m2!3d38.8741735!4d-77.1551003!9m1!1b1!16s%2Fg%2F11ckvg1dmb?entry=ttu",ChIJoenTTQC1t4kR-JQGPCvvm_U,0x89b7b5004dd3e9a1:0xf59bef2b3c0694f8,17698002129652192504,/g/11y456f2_5,-748741944057359112,,,,,,,,,,,,,,,,,,,,,,,,,,,,,,,,,,,,,,,,,,,,,,,,,
"boba tea, 20407, Washington, DC, US",theTEA,Thetea,,Bubble tea store,Bubble tea store,Bubble tea store,,"6799 Wilson Blvd, Falls Church, VA 22044",None,6799 Wilson Blvd,Falls Church,22044,Virginia,Virginia,United States of America,US,38.8730831,-77.154664,892aa84ca8fffff,America/New_York,,FALSE,3.7,6,"https://search.google.com/local/reviews?placeid=ChIJVTwDQwC1t4kR08-JGFJRQf8&q=boba+tea,+20407,+Washington,+DC,+US&authuser=0&hl=en&gl=US",,,2,0,0,0,4,5,https://lh3.googleusercontent.com/p/AF1QipOdSrkicxVaMVaBZgpU-Fjs5-lNdeFBZYLm11XU=w800-h500-k-no,https://lh3.googleusercontent.com/p/AF1QipOdSrkicxVaMVaBZgpU-Fjs5-lNdeFBZYLm11XU=w1600-h1000-k-no,,"{""Monday"": ""11AM-10PM"", ""Tuesday"": ""11AM-10PM"", ""Wednesday"": ""11AM-10PM"", ""Thursday"": ""11AM-10PM"", ""Friday"": ""11AM-10PM"", ""Saturday"": ""11AM-10PM"", ""Sunday"": ""11AM-10PM""}",Monday:11AM-10PM|Tuesday:11AM-10PM|Wednesday:11AM-10PM|Thursday:11AM-10PM|Friday:11AM-10PM|Saturday:11AM-10PM|Sunday:11AM-10PM,,,OPERATIONAL,"{""Service options"": {""Takeout"": true}, ""Highlights"": {""Great tea selection"": true}, ""Accessibility"": {""Wheelchair accessible entrance"": true, ""Wheelchair accessible parking lot"": true}}",,,,,,FALSE,None,theTEA,,,,,,"https://www.google.com/maps/place/theTEA/@38.873083099999995,-77.154664,14z/data=!4m8!1m2!2m1!1stheTEA!3m4!1s0x89b7b50043033c55:0xff4151521889cfd3!8m2!3d38.873083099999995!4d-77.154664","https://www.google.com/maps/place/theTEA/@38.873083099999995,-77.154664,13.99z/data=!4m16!1m7!3m6!1s0x89b7b50043033c55:0xff4151521889cfd3!2stheTEA!8m2!3d38.873083099999995!4d-77.154664!16s%2Fg%2F11ckvg1dmb!3m7!1s0x89b7b50043033c55:0xff4151521889cfd3!8m2!3d38.873083099999995!4d-77.154664!9m1!1b1!16s%2Fg%2F11ckvg1dmb?entry=ttu",ChIJVTwDQwC1t4kR08-JGFJRQf8,0x89b7b50043033c55:0xff4151521889cfd3,18393071766198669267,/g/11y44gtlrr,-53672307510882349,,,,,,,,,,,,,,,,,,,,,,,,,,,,,,,,,,,,,,,,,,,,,,,,,
"boba tea, 20407, Washington, DC, US",Mr. Wish Eden Center,Mr Wish Eden Center,https://www.order.store/store/mr-wish-eden-center/vCpxbVWqQH2h0VyxMkHihA,Bubble tea store,Bubble tea store,Bubble tea store,+1 571-992-1928,"6767 Wilson Blvd, Falls Church, VA 22044",None,6767 Wilson Blvd,Falls Church,22044,Virginia,Virginia,United States of America,US,38.8740881,-77.1548546,892aa84ca8fffff,America/New_York,,FALSE,4.1,161,"https://search.google.com/local/reviews?placeid=ChIJ5THhn9y1t4kRunTTiDwyZs0&q=boba+tea,+20407,+Washington,+DC,+US&authuser=0&hl=en&gl=US",,,16,5,16,28,96,172,https://lh3.googleusercontent.com/p/AF1QipN2POlh_IzyBL3yFfn8UbgYnqq9P6kT2qnjF1kZ=w800-h500-k-no,https://lh3.googleusercontent.com/p/AF1QipN2POlh_IzyBL3yFfn8UbgYnqq9P6kT2qnjF1kZ=w1600-h1000-k-no,,"{""Monday"": ""10:30AM-9PM"", ""Tuesday"": ""10:30AM-9PM"", ""Wednesday"": ""10:30AM-9PM"", ""Thursday"": ""10:30AM-9PM"", ""Friday"": ""10:30AM-9PM"", ""Saturday"": ""10:30AM-9PM"", ""Sunday"": ""10:30AM-9PM""}",Monday:10:30AM-9PM|Tuesday:10:30AM-9PM|Wednesday:10:30AM-9PM|Thursday:10:30AM-9PM|Friday:10:30AM-9PM|Saturday:10:30AM-9PM|Sunday:10:30AM-9PM,,,OPERATIONAL,"{""Service options"": {""Delivery"": true, ""Takeout"": true, ""Dine-in"": true}, ""Accessibility"": {""Wheelchair accessible entrance"": true, ""Wheelchair accessible parking lot"": true, ""Wheelchair accessible restroom"": true}}",$,,https://lh4.googleusercontent.com/-fv93StUdmLY/AAAAAAAAAAI/AAAAAAAAAAA/CkAF5VN7B1M/s44-p-k-no-ns-nd/photo.jpg,,,TRUE,117819579366220474114,Mr. Wish Eden Center,https://www.google.com/maps/contrib/117819579366220474114,,"https://www.google.com/viewer/chooseprovider?mid=/g/11pwgv3wyt&g2lbs=AAEPWCtBKHF0UFwGZt3-zec7hj4B4ijrKCHfqF0QcOwDlFKoyWa3t5co03AagTcbCuGVGgbWKfKVeKoDcPniGklcxPwwHCcoIQ%3D%3D&hl=en-US&gl=us&fo_m=MfohQo559jFvMUOzJVpjPL1YMfZ3bInYwBDuMfaXTPp5KXh-&utm_source=tactile&gei=49ICaKrFBLOri-gPnPWt2QQ&ei=49ICaKrFBLOri-gPnPWt2QQ&fo_s=OA,SOE&opi=79508299&ebb=1&cs=0&foub=mcpp",,,"https://www.google.com/maps/place/Mr.+Wish+Eden+Center/@38.8740881,-77.1548546,14z/data=!4m8!1m2!2m1!1sMr.+Wish+Eden+Center!3m4!1s0x89b7b5dc9fe131e5:0xcd66323c88d374ba!8m2!3d38.8740881!4d-77.1548546","https://www.google.com/maps/place/Mr.+Wish+Eden+Center/@38.8740881,-77.1548546,13.99z/data=!4m16!1m7!3m6!1s0x89b7b5dc9fe131e5:0xcd66323c88d374ba!2sMr.+Wish+Eden+Center!8m2!3d38.8740881!4d-77.1548546!16s%2Fg%2F11ckvg1dmb!3m7!1s0x89b7b5dc9fe131e5:0xcd66323c88d374ba!8m2!3d38.8740881!4d-77.1548546!9m1!1b1!16s%2Fg%2F11ckvg1dmb?entry=ttu",ChIJ5THhn9y1t4kRunTTiDwyZs0,0x89b7b5dc9fe131e5:0xcd66323c88d374ba,14800572460974699706,/g/11pwgv3wyt,-3646171612734851910,,simonkingchineserestaurant@hotmail.com,RECEIVING,Verified,,,,,,pito.tan@bigpond.com,RECEIVING,SMTP validated,,,,,,m.cornet.cdv@gmail.com,RECEIVING,SMTP validated,,,,,,61754507883,61397864930,14508571225,https://www.facebook.com/instapourNYC/,//www.instagram.com/ubereats,,,,,,,,,//www.twitter.com/ubereats\u0022,,,,,NYC Falafel - LES location - Delivery Online - Order NYC Falafel - LES | Uber Eats,,Order NYC Falafel - LES delivery. Have your favorite NYC Falafel - LES items delivered from a NYC Falafel - LES near you.,,FALSE,FALSE
"boba tea, 20407, Washington, DC, US",U Tea,U Tea,,Bubble tea store,Bubble tea store,Bubble tea store,+1 703-854-1612,"Eden Center, 6795 Wilson Blvd #41, Falls Church, VA 22044",None,"Eden Center, 6795 Wilson Blvd #41",Falls Church,22044,Virginia,Virginia,United States of America,US,38.8728743,-77.1543285,892aa84ca8fffff,America/New_York,,FALSE,4.7,3,"https://search.google.com/local/reviews?placeid=ChIJbRGzRLO1t4kRFp81QzGnLdI&q=boba+tea,+20407,+Washington,+DC,+US&authuser=0&hl=en&gl=US",,,0,0,0,1,2,5,https://lh3.googleusercontent.com/p/AF1QipO7WbKi7oROXvhjsS3h6lWZfDnc7BmSBviletSi=w800-h500-k-no,https://lh3.googleusercontent.com/p/AF1QipO7WbKi7oROXvhjsS3h6lWZfDnc7BmSBviletSi=w1600-h1000-k-no,,"{""Monday"": ""9AM-8PM"", ""Tuesday"": ""9AM-8PM"", ""Wednesday"": ""9AM-8PM"", ""Thursday"": ""9AM-8PM"", ""Friday"": ""9AM-8PM"", ""Saturday"": ""9AM-9PM"", ""Sunday"": ""9AM-9PM""}",Monday:9AM-8PM|Tuesday:9AM-8PM|Wednesday:9AM-8PM|Thursday:9AM-8PM|Friday:9AM-8PM|Saturday:9AM-9PM|Sunday:9AM-9PM,,,OPERATIONAL,"{""Service options"": {""Takeout"": true, ""Dine-in"": true}, ""Highlights"": {""Great tea selection"": true}, ""Accessibility"": {""Wheelchair accessible entrance"": true, ""Wheelchair accessible parking lot"": true}}",,,https://lh6.googleusercontent.com/-WiyF7lfa41g/AAAAAAAAAAI/AAAAAAAAAAA/eMWkePaCA9I/s44-p-k-no-ns-nd/photo.jpg,,,TRUE,113396827640218279927,U Tea,https://www.google.com/maps/contrib/113396827640218279927,,,,,"https://www.google.com/maps/place/U+Tea/@38.8728743,-77.15432849999999,14z/data=!4m8!1m2!2m1!1sU+Tea!3m4!1s0x89b7b5b344b3116d:0xd22da73143359f16!8m2!3d38.8728743!4d-77.15432849999999","https://www.google.com/maps/place/U+Tea/@38.8728743,-77.15432849999999,13.99z/data=!4m16!1m7!3m6!1s0x89b7b5b344b3116d:0xd22da73143359f16!2sU+Tea!8m2!3d38.8728743!4d-77.15432849999999!16s%2Fg%2F11ckvg1dmb!3m7!1s0x89b7b5b344b3116d:0xd22da73143359f16!8m2!3d38.8728743!4d-77.15432849999999!9m1!1b1!16s%2Fg%2F11ckvg1dmb?entry=ttu",ChIJbRGzRLO1t4kRFp81QzGnLdI,0x89b7b5b344b3116d:0xd22da73143359f16,15144944951939669782,/g/11q8t40c5d,-3301799121769881834,,,,,,,,,,,,,,,,,,,,,,,,,,,,,,,,,,,,,,,,,,,,,,,,,
"boba tea, 20407, Washington, DC, US",Ben Gong's Tea,Ben Gongs Tea,https://www.bengongstea.us/,"Bubble tea store, Tea house",Bubble tea store,Bubble tea store,+1 540-323-8617,"4235 John Marr Dr, Annandale, VA 22003",None,4235 John Marr Dr,Annandale,22003,Virginia,Virginia,United States of America,US,38.8310053,-77.1885256,892aaab600fffff,America/New_York,,FALSE,4.4,175,"https://search.google.com/local/reviews?placeid=ChIJfZj4i2Gzt4kR-xdeLmUH89g&q=boba+tea,+20407,+Washington,+DC,+US&authuser=0&hl=en&gl=US",,,17,4,7,15,132,325,https://lh3.googleusercontent.com/gps-proxy/ALd4DhEy_NrmM7vFbW4nMboFAilcNdxXjvt3236iExNg0cyKMUKj_Q8RTzvg1Ax5Gk8tgdV07dXr0GQyu8CXIEPVQZjFW-tXO2BkHQDEfkLV5qMBMfhWtep0gvQksqUHWCTufCaZXWq5W76lZvh-BDesk_3SE1ZI7rkC7aNjIVXGZ1tSOgjAiN_hh6c=w800-h500-k-no,https://lh3.googleusercontent.com/gps-proxy/ALd4DhEy_NrmM7vFbW4nMboFAilcNdxXjvt3236iExNg0cyKMUKj_Q8RTzvg1Ax5Gk8tgdV07dXr0GQyu8CXIEPVQZjFW-tXO2BkHQDEfkLV5qMBMfhWtep0gvQksqUHWCTufCaZXWq5W76lZvh-BDesk_3SE1ZI7rkC7aNjIVXGZ1tSOgjAiN_hh6c=w1600-h1000-k-no,,"{""Monday"": ""12-9PM"", ""Tuesday"": ""12-9PM"", ""Wednesday"": ""12-9PM"", ""Thursday"": ""2-9PM"", ""Friday"": ""12-10PM"", ""Saturday"": ""11AM-10PM"", ""Sunday"": ""11AM-9PM""}",Monday:12-9PM|Tuesday:12-9PM|Wednesday:12-9PM|Thursday:2-9PM|Friday:12-10PM|Saturday:11AM-10PM|Sunday:11AM-9PM,,,OPERATIONAL,"{""Service options"": {""No-contact delivery"": true, ""Delivery"": true, ""Takeout"": true, ""Dine-in"": true}, ""Highlights"": {""Great tea selection"": true}, ""Accessibility"": {""Wheelchair accessible entrance"": true, ""Wheelchair accessible parking lot"": true}}",$,,https://lh5.googleusercontent.com/-LarFjMiXPlo/AAAAAAAAAAI/AAAAAAAAAAA/HRrJFyqnIYI/s44-p-k-no-ns-nd/photo.jpg,,,TRUE,113066703009797031925,Ben Gong's Tea,https://www.google.com/maps/contrib/113066703009797031925,,"https://www.google.com/viewer/chooseprovider?mid=/g/11rrv0w0q1&g2lbs=AAEPWCuUNClYRxjYVtFvrrwTKmBekvg9dQp-QDIqpCQBBtAnQEK-t-Ck78NvXL9hfkckNVA2A7_nYh2ToeHw0_PWDbmYyB_-rA%3D%3D&hl=en-US&gl=us&fo_m=MfohQo559jFvMUOzJVpjPL1YMfZ3bInYwBDuMfaXTPp5KXh-&utm_source=tactile&gei=49ICaKrFBLOri-gPnPWt2QQ&ei=49ICaKrFBLOri-gPnPWt2QQ&fo_s=OA,SOE&opi=79508299&ebb=1&cs=0&foub=mcpp",,,"https://www.google.com/maps/place/Ben+Gong%27s+Tea/@38.8310053,-77.18852559999999,14z/data=!4m8!1m2!2m1!1sBen+Gong%27s+Tea!3m4!1s0x89b7b3618bf8987d:0xd8f307652e5e17fb!8m2!3d38.8310053!4d-77.18852559999999","https://www.google.com/maps/place/Ben+Gong%27s+Tea/@38.8310053,-77.18852559999999,13.99z/data=!4m16!1m7!3m6!1s0x89b7b3618bf8987d:0xd8f307652e5e17fb!2sBen+Gong%27s+Tea!8m2!3d38.8310053!4d-77.18852559999999!16s%2Fg%2F11ckvg1dmb!3m7!1s0x89b7b3618bf8987d:0xd8f307652e5e17fb!8m2!3d38.8310053!4d-77.18852559999999!9m1!1b1!16s%2Fg%2F11ckvg1dmb?entry=ttu",ChIJfZj4i2Gzt4kR-xdeLmUH89g,0x89b7b3618bf8987d:0xd8f307652e5e17fb,15632846862684133371,/g/11rrv0w0q1,-2813897211025418245,,tim@bengongstea.us,RECEIVING,SMTP validated,,,,,,bengongstea01@gmail.com,RECEIVING,SMTP validated,,,,,,a@gmail.com,BLACKLISTED,Invalid SMTP,,,,,,16263488386,,,https://www.facebook.com/108923835108574,,,,,,,,,,,,,,,本宫的茶 | BenGong's Tea | Official Website (US),Wix.com Website Builder,"BenGong's Tea official website in the US.
本宫的茶 美国地区官方网站
Boba tea | Fruit Slush | Milk Slush | Ice Cream Milk Tea | Cheese Slush | Cheese Tea | Coffee Tea",,FALSE,FALSE
"boba tea, 20407, Washington, DC, US",Gong Cha Eden Center,Gong Cha Eden Center,http://www.gongchadmv.online/order?utm_source=googlemap,Bubble tea store,Bubble tea store,Bubble tea store,+1 571-378-1499,"6787 Wilson Blvd Unit B, Falls Church, VA 22044",None,6787 Wilson Blvd Unit B,Falls Church,22044,Virginia,Virginia,United States of America,US,38.8735824,-77.1549349,892aa84ca8fffff,America/New_York,,FALSE,4.3,216,"https://search.google.com/local/reviews?placeid=ChIJq49hqDO1t4kR1i0Y7kLioAg&q=boba+tea,+20407,+Washington,+DC,+US&authuser=0&hl=en&gl=US",,,28,3,6,12,167,171,https://lh3.googleusercontent.com/p/AF1QipOQXTOwLoqo03wTPgEJ3OO9-6V4ISXzWFRG82Ec=w800-h500-k-no,https://lh3.googleusercontent.com/p/AF1QipOQXTOwLoqo03wTPgEJ3OO9-6V4ISXzWFRG82Ec=w1600-h1000-k-no,,"{""Monday"": ""11AM-8PM"", ""Tuesday"": ""11AM-8PM"", ""Wednesday"": ""11AM-8PM"", ""Thursday"": ""11AM-8PM"", ""Friday"": ""11AM-9PM"", ""Saturday"": ""10AM-9PM"", ""Sunday"": ""10AM-9PM""}",Monday:11AM-8PM|Tuesday:11AM-8PM|Wednesday:11AM-8PM|Thursday:11AM-8PM|Friday:11AM-9PM|Saturday:10AM-9PM|Sunday:10AM-9PM,,,OPERATIONAL,"{""Service options"": {""Delivery"": true, ""Takeout"": true, ""Dine-in"": true}, ""Highlights"": {""Great tea selection"": true}, ""Accessibility"": {""Wheelchair accessible entrance"": true, ""Wheelchair accessible parking lot"": true}}",$,,https://lh6.googleusercontent.com/-qMGUuqBl4F8/AAAAAAAAAAI/AAAAAAAAAAA/BewjxnuXOe0/s44-p-k-no-ns-nd/photo.jpg,,,TRUE,105520708108523568665,Gong Cha Eden Center,https://www.google.com/maps/contrib/105520708108523568665,,"https://www.google.com/viewer/chooseprovider?mid=/g/11sgv98hcx&g2lbs=AAEPWCsD8MWh6r6jHCq0U420ewFAsenCMZdbTIawtA3l5irwATbZtYyNZWUbfVmUPMOJ8xekNziW-HXD074x1WeVPB1B8hSQMg%3D%3D&hl=en-US&gl=us&fo_m=MfohQo559jFvMUOzJVpjPL1YMfZ3bInYwBDuMfaXTPp5KXh-&utm_source=tactile&gei=49ICaKrFBLOri-gPnPWt2QQ&ei=49ICaKrFBLOri-gPnPWt2QQ&fo_s=OA,SOE&opi=79508299&ebb=1&cs=0&foub=mcpp",,,"https://www.google.com/maps/place/Gong+Cha+Eden+Center/@38.8735824,-77.1549349,14z/data=!4m8!1m2!2m1!1sGong+Cha+Eden+Center!3m4!1s0x89b7b533a8618fab:0x8a0e242ee182dd6!8m2!3d38.8735824!4d-77.1549349","https://www.google.com/maps/place/Gong+Cha+Eden+Center/@38.8735824,-77.1549349,13.99z/data=!4m16!1m7!3m6!1s0x89b7b533a8618fab:0x8a0e242ee182dd6!2sGong+Cha+Eden+Center!8m2!3d38.8735824!4d-77.1549349!16s%2Fg%2F11ckvg1dmb!3m7!1s0x89b7b533a8618fab:0x8a0e242ee182dd6!8m2!3d38.8735824!4d-77.1549349!9m1!1b1!16s%2Fg%2F11ckvg1dmb?entry=ttu",ChIJq49hqDO1t4kR1i0Y7kLioAg,0x89b7b533a8618fab:0x8a0e242ee182dd6,621745525667409366,/g/11sgv98hcx,621745525667409366,,zhaowenhao@riverroad.cn,RECEIVING,SMTP validated,,,,,,,,,,,,,,,,,,,,,,,,,,,,,,,,,,,,,,,,Gong Cha DMV,,,,FALSE,FALSE
"boba tea, 20407, Washington, DC, US",Teaon,Teaon,,Bubble tea store,Bubble tea store,Bubble tea store,,"Arlington Blvd, Falls Church, VA 22042",None,Arlington Blvd,Falls Church,22042,Virginia,Virginia,United States of America,US,38.8654508,-77.1938082,892aa84d977ffff,America/New_York,,FALSE,,,,,,,,,,,1,https://streetviewpixels-pa.googleapis.com/v1/thumbnail?panoid=DAQJ9RFqJU_CAq_ET5hVhQ&cb_client=search.gws-prod.gps&w=800&h=500&yaw=66.56702&pitch=0&thumbfov=100,https://streetviewpixels-pa.googleapis.com/v1/thumbnail?panoid=DAQJ9RFqJU_CAq_ET5hVhQ&cb_client=search.gws-prod.gps&w=1600&h=1000&yaw=66.56702&pitch=0&thumbfov=100,,,,,,OPERATIONAL,"{""Service options"": {""Takeout"": true, ""Dine-in"": true}, ""Highlights"": {""Great tea selection"": true}, ""Accessibility"": {""Wheelchair accessible entrance"": true, ""Wheelchair accessible parking lot"": true}}",,,https://lh4.googleusercontent.com/-9th-hyon8Uo/AAAAAAAAAAI/AAAAAAAAAAA/BpbyQTX6Bkg/s44-p-k-no-ns-nd/photo.jpg,,,TRUE,104563575033547722694,Teaon,https://www.google.com/maps/contrib/104563575033547722694,,,,,"https://www.google.com/maps/place/Teaon/@38.8654508,-77.19380819999999,14z/data=!4m8!1m2!2m1!1sTeaon!3m4!1s0x89b64bf15522f1a3:0x1e6639ef12eec2e9!8m2!3d38.8654508!4d-77.19380819999999","https://www.google.com/maps/place/Teaon/@38.8654508,-77.19380819999999,13.99z/data=!4m16!1m7!3m6!1s0x89b64bf15522f1a3:0x1e6639ef12eec2e9!2sTeaon!8m2!3d38.8654508!4d-77.19380819999999!16s%2Fg%2F11ckvg1dmb!3m7!1s0x89b64bf15522f1a3:0x1e6639ef12eec2e9!8m2!3d38.8654508!4d-77.19380819999999!9m1!1b1!16s%2Fg%2F11ckvg1dmb?entry=ttu",ChIJo_EiVfFLtokR6cLuEu85Zh4,0x89b64bf15522f1a3:0x1e6639ef12eec2e9,2190501967739929321,/g/11y2hgnh9q,None,,,,,,,,,,,,,,,,,,,,,,,,,,,,,,,,,,,,,,,,,,,,,,,,,
"boba tea, 20407, Washington, DC, US",Kyo Matcha Alexandria,Kyo Matcha Alexandria,https://www.kyotomatcha.us/,"Bubble tea store, Ice cream shop, Dessert restaurant",Ice cream shop,Bubble tea store,+1 703-712-7148,"6550 K Little River Turnpike, Alexandria, VA 22312",None,6550 K Little River Turnpike,Alexandria,22312,Virginia,Virginia,United States of America,US,38.8233245,-77.1615586,892aaab6183ffff,America/New_York,,FALSE,4.3,36,"https://search.google.com/local/reviews?placeid=ChIJF5pv8rGzt4kRPiLAPR3Z2qg&q=boba+tea,+20407,+Washington,+DC,+US&authuser=0&hl=en&gl=US",,,3,2,1,4,26,133,https://lh3.googleusercontent.com/p/AF1QipOU3t6fypShjM9b25g868KaSIeqlNQkQ9IKlkpa=w800-h500-k-no,https://lh3.googleusercontent.com/p/AF1QipOU3t6fypShjM9b25g868KaSIeqlNQkQ9IKlkpa=w1600-h1000-k-no,,"{""Monday"": ""11:30AM-10PM"", ""Tuesday"": ""11:30AM-10PM"", ""Wednesday"": ""11:30AM-10PM"", ""Thursday"": ""11:30AM-10PM"", ""Friday"": ""11:30AM-10PM"", ""Saturday"": ""11:30AM-10PM"", ""Sunday"": ""11:30AM-10PM""}",Monday:11:30AM-10PM|Tuesday:11:30AM-10PM|Wednesday:11:30AM-10PM|Thursday:11:30AM-10PM|Friday:11:30AM-10PM|Saturday:11:30AM-10PM|Sunday:11:30AM-10PM,,,OPERATIONAL,"{""Service options"": {""Takeout"": true}, ""Popular for"": {""Solo dining"": true}, ""Accessibility"": {""Wheelchair accessible entrance"": true, ""Wheelchair accessible parking lot"": true}, ""Atmosphere"": {""Casual"": true}, ""Planning"": {""Quick visit"": true}, ""Payments"": {""Credit cards"": true}, ""Children"": {""Good for kids"": true}, ""Parking"": {""Free parking garage"": true, ""Free parking lot"": true, ""Free street parking"": true, ""On-site parking"": true}}",,,https://lh6.googleusercontent.com/-Fj75sCflmco/AAAAAAAAAAI/AAAAAAAAAAA/ElGW3Z4pRU4/s44-p-k-no-ns-nd/photo.jpg,,,TRUE,108641711085504906105,Kyo Matcha Alexandria,https://www.google.com/maps/contrib/108641711085504906105,,"https://www.google.com/viewer/chooseprovider?mid=/g/11vzxnr5x7&g2lbs=AAEPWCuAYeBPxalHNur32ZuJzndM3N8QyyrYCGF2l1o8BsADqsq2NM1sm4YXT5smvsUGKuvaQHRxMiLWgbQn2H-0PdPiYeUCZw%3D%3D&hl=en-US&gl=us&fo_m=MfohQo559jFvMUOzJVpjPL1YMfZ3bInYwBDuMfaXTPp5KXh-&utm_source=tactile&gei=49ICaKrFBLOri-gPnPWt2QQ&ei=49ICaKrFBLOri-gPnPWt2QQ&fo_s=OA,SOE&opi=79508299&ebb=1&cs=0&foub=mcpp",,,"https://www.google.com/maps/place/Kyo+Matcha+Alexandria/@38.8233245,-77.16155859999999,14z/data=!4m8!1m2!2m1!1sKyo+Matcha+Alexandria!3m4!1s0x89b7b3b1f26f9a17:0xa8dad91d3dc0223e!8m2!3d38.8233245!4d-77.16155859999999","https://www.google.com/maps/place/Kyo+Matcha+Alexandria/@38.8233245,-77.16155859999999,13.99z/data=!4m16!1m7!3m6!1s0x89b7b3b1f26f9a17:0xa8dad91d3dc0223e!2sKyo+Matcha+Alexandria!8m2!3d38.8233245!4d-77.16155859999999!16s%2Fg%2F11ckvg1dmb!3m7!1s0x89b7b3b1f26f9a17:0xa8dad91d3dc0223e!8m2!3d38.8233245!4d-77.16155859999999!9m1!1b1!16s%2Fg%2F11ckvg1dmb?entry=ttu",ChIJF5pv8rGzt4kRPiLAPR3Z2qg,0x89b7b3b1f26f9a17:0xa8dad91d3dc0223e,12167276062908097086,/g/11vzxnr5x7,-6279468010801454530,,info@kyotomatcha.us,RECEIVING,SMTP validated,,,,,,,,,,,,,,,,,,,,,,,,,,,,,,,,,,,,,,,,Kyoto Matcha,Wix.com Website Builder,Trendy Japanese Dessert Rockville Town Center,,FALSE,FALSE
"boba tea, 20407, Washington, DC, US",Auntea Boba,Auntea Boba,https://www.aunteaboba.com/clinton,Asian restaurant,restaurants,Asian restaurant,+1 301-272-2055,"8821 Woodyard Rd, Clinton, MD 20735",None,8821 Woodyard Rd,Clinton,20735,Maryland,Maryland,United States of America,US,38.7716774,-76.8849772,892aa8718afffff,America/New_York,,FALSE,4.1,19,"https://search.google.com/local/reviews?placeid=ChIJkfopRXC9t4kRTYHopLpJFgs&q=boba+tea,+20407,+Washington,+DC,+US&authuser=0&hl=en&gl=US",,,3,0,2,1,13,9,https://lh3.googleusercontent.com/p/AF1QipO6R8AfJmyFiMvEGMrFoXutZotDxgmMMbh5v1Qq=w800-h500-k-no,https://lh3.googleusercontent.com/p/AF1QipO6R8AfJmyFiMvEGMrFoXutZotDxgmMMbh5v1Qq=w1600-h1000-k-no,,"{""Monday"": ""12-9PM"", ""Tuesday"": ""12-9PM"", ""Wednesday"": ""12-9PM"", ""Thursday"": ""12-9PM"", ""Friday"": ""12-9PM"", ""Saturday"": ""12-9PM"", ""Sunday"": ""12-9PM""}",Monday:12-9PM|Tuesday:12-9PM|Wednesday:12-9PM|Thursday:12-9PM|Friday:12-9PM|Saturday:12-9PM|Sunday:12-9PM,,,OPERATIONAL,"{""Service options"": {""Takeout"": true, ""Dine-in"": true}, ""Highlights"": {""Great tea selection"": true}, ""Popular for"": {""Solo dining"": true}, ""Accessibility"": {""Wheelchair accessible entrance"": true, ""Wheelchair accessible parking lot"": true}, ""Offerings"": {""Comfort food"": true, ""Quick bite"": true}, ""Dining options"": {""Dessert"": true, ""Seating"": true}, ""Atmosphere"": {""Casual"": true, ""Trendy"": true}, ""Crowd"": {""College students"": true, ""Tourists"": true}, ""Payments"": {""Credit cards"": true}, ""Children"": {""Good for kids"": true, ""High chairs"": true}, ""Parking"": {""Free parking lot"": true, ""Free street parking"": true}}",,,,,,FALSE,None,Auntea Boba,,,,,,"https://www.google.com/maps/place/Auntea+Boba/@38.7716774,-76.8849772,14z/data=!4m8!1m2!2m1!1sAuntea+Boba!3m4!1s0x89b7bd704529fa91:0xb1649baa4e8814d!8m2!3d38.7716774!4d-76.8849772","https://www.google.com/maps/place/Auntea+Boba/@38.7716774,-76.8849772,13.99z/data=!4m16!1m7!3m6!1s0x89b7bd704529fa91:0xb1649baa4e8814d!2sAuntea+Boba!8m2!3d38.7716774!4d-76.8849772!16s%2Fg%2F11ckvg1dmb!3m7!1s0x89b7bd704529fa91:0xb1649baa4e8814d!8m2!3d38.7716774!4d-76.8849772!9m1!1b1!16s%2Fg%2F11ckvg1dmb?entry=ttu",ChIJkfopRXC9t4kRTYHopLpJFgs,0x89b7bd704529fa91:0xb1649baa4e8814d,798907049884287309,/g/11tg8yp7vk,798907049884287309,,,,,,,,,,,,,,,,,,,,,,,,,,,,,,,,,,,,,,,,,,,,AunTea Boba | DMV Bubble Tea,Wix.com Website Builder,"Bubble teas brewed fresh per order! 3 locations - Fort Washington, MD | Lanham, MD | Washington, DC",Cafe,FALSE,FALSE
"boba tea, 20407, Washington, DC, US",Kung Fu Tea,Kung Fu Tea,https://www.kungfutea.com/,Bubble tea store,Bubble tea store,Bubble tea store,+1 571-431-6529,"4238 Wilson Blvd STE 127, Arlington, VA 22203",Ashton Heights,4238 Wilson Blvd STE 127,Arlington,22203,Virginia,Virginia,United States of America,US,38.8789245,-77.1107843,892aa84cd53ffff,America/New_York,,FALSE,4.4,67,"https://search.google.com/local/reviews?placeid=ChIJIzyfAx61t4kRVABKfCY4Mck&q=boba+tea,+20407,+Washington,+DC,+US&authuser=0&hl=en&gl=US",,,4,4,5,4,50,274,https://lh3.googleusercontent.com/p/AF1QipN1Yay339ARY0OHG6Uvaqzcd855NhsYq_cO9WUx=w800-h500-k-no,https://lh3.googleusercontent.com/p/AF1QipN1Yay339ARY0OHG6Uvaqzcd855NhsYq_cO9WUx=w1600-h1000-k-no,,"{""Monday"": ""11AM-10PM"", ""Tuesday"": ""11AM-10PM"", ""Wednesday"": ""11AM-10PM"", ""Thursday"": ""11AM-10PM"", ""Friday"": ""11AM-10PM"", ""Saturday"": ""11AM-10PM"", ""Sunday"": ""11AM-10PM""}",Monday:11AM-10PM|Tuesday:11AM-10PM|Wednesday:11AM-10PM|Thursday:11AM-10PM|Friday:11AM-10PM|Saturday:11AM-10PM|Sunday:11AM-10PM,,,OPERATIONAL,"{""Service options"": {""No-contact delivery"": true, ""Delivery"": true, ""Takeout"": true, ""Dine-in"": true}, ""Highlights"": {""Great tea selection"": true}, ""Accessibility"": {""Wheelchair accessible entrance"": true, ""Wheelchair accessible parking lot"": true}}",$,,https://lh6.googleusercontent.com/-XkD1hlWeI4U/AAAAAAAAAAI/AAAAAAAAAAA/xNAeGO9cNmE/s44-p-k-no-ns-nd/photo.jpg,"Bubble tea specialist with a selection of other hot & cold drinks, including coffee & slushes.",,TRUE,108150228287606358508,Kung Fu Tea,https://www.google.com/maps/contrib/108150228287606358508,,"https://www.google.com/viewer/chooseprovider?mid=/g/11tfmsxl1p&g2lbs=AAEPWCsWmzjFCrJikhNDzgGMzOQ4lW0CamMjpVfkT6gZkqOFyULo8ov27UXum0Beh7tZ8xoepa4Lp_QR4_eBmYd3VReiz1R-IQ%3D%3D&hl=en-US&gl=us&fo_m=MfohQo559jFvMUOzJVpjPL1YMfZ3bInYwBDuMfaXTPp5KXh-&utm_source=tactile&gei=49ICaKrFBLOri-gPnPWt2QQ&ei=49ICaKrFBLOri-gPnPWt2QQ&fo_s=OA,SOE&opi=79508299&ebb=1&cs=0&foub=mcpp",,,"https://www.google.com/maps/place/Kung+Fu+Tea/@38.8789245,-77.11078429999999,14z/data=!4m8!1m2!2m1!1sKung+Fu+Tea!3m4!1s0x89b7b51e039f3c23:0xc93138267c4a0054!8m2!3d38.8789245!4d-77.11078429999999","https://www.google.com/maps/place/Kung+Fu+Tea/@38.8789245,-77.11078429999999,13.99z/data=!4m16!1m7!3m6!1s0x89b7b51e039f3c23:0xc93138267c4a0054!2sKung+Fu+Tea!8m2!3d38.8789245!4d-77.11078429999999!16s%2Fg%2F11ckvg1dmb!3m7!1s0x89b7b51e039f3c23:0xc93138267c4a0054!8m2!3d38.8789245!4d-77.11078429999999!9m1!1b1!16s%2Fg%2F11ckvg1dmb?entry=ttu",ChIJIzyfAx61t4kRVABKfCY4Mck,0x89b7b51e039f3c23:0xc93138267c4a0054,14497430413427474516,/g/11tfmsxl1p,-3949313660282077100,,support@armsglobalinc.com,RECEIVING,Role,,,,,,marketing@kfteausa.com,RECEIVING,SMTP validated,,,,,,delivery_help@grubhub.com,RECEIVING,SMTP validated,,,,,,+1 724-544-6367,+1 855-538-9888,15402175182,https://www.facebook.com/kungfuteausa/,https://www.instagram.com/kungfuteausa,https://www.linkedin.com/company/kung-fu-tea,https://www.tiktok.com/@kungfutea,,,,,,,https://twitter.com/kfteausa,,,,,Menu — Kung Fu Tea | Fresh - Innovative - Fearless leading tea brand,WordPress 6.3,"Menu At Kung Fu Tea, every beverage is made-to-order with real Kung Fu. Our tea is freshly brewed every 3 hours using premium tea leaves. You can choose from classic teas, milk teas, fruit teas, slushies and more. Each drink is customized by you! You get to pick your toppings,…",,FALSE,TRUE
"boba tea, 20407, Washington, DC, US",Chill Zone Cafe,Chill Zone Cafe,http://chillzonecafe.com/,"Bubble tea store, Coffee shop, Juice shop, Snack bar",coffee shops,Bubble tea store,+1 703-270-9466,"2442 N Harrison St, Arlington, VA 22207",Yorktown,2442 N Harrison St,Arlington,22207,Virginia,Virginia,United States of America,US,38.8966919,-77.1387359,892aa84ce97ffff,America/New_York,,FALSE,4.7,503,"https://search.google.com/local/reviews?placeid=ChIJPWjByFK0t4kR7jgOkHf91hQ&q=boba+tea,+20407,+Washington,+DC,+US&authuser=0&hl=en&gl=US",,,11,10,22,52,408,775,https://lh3.googleusercontent.com/p/AF1QipPxNdVHBAVGtOssCmgBx4gUTnEdEl5AebhcoeTV=w800-h500-k-no,https://lh3.googleusercontent.com/p/AF1QipPxNdVHBAVGtOssCmgBx4gUTnEdEl5AebhcoeTV=w1600-h1000-k-no,,"{""Monday"": ""10AM-9PM"", ""Tuesday"": ""10AM-9PM"", ""Wednesday"": ""10AM-9PM"", ""Thursday"": ""10AM-9PM"", ""Friday"": ""10AM-9PM"", ""Saturday"": ""10AM-9PM"", ""Sunday"": ""10AM-9PM""}",Monday:10AM-9PM|Tuesday:10AM-9PM|Wednesday:10AM-9PM|Thursday:10AM-9PM|Friday:10AM-9PM|Saturday:10AM-9PM|Sunday:10AM-9PM,,,OPERATIONAL,"{""Service options"": {""No-contact delivery"": true, ""Delivery"": true, ""Onsite services"": true, ""Takeout"": true, ""Dine-in"": true}, ""Highlights"": {""Great coffee"": true, ""Great tea selection"": true, ""Live performances"": true}, ""Popular for"": {""Lunch"": true, ""Solo dining"": true, ""Good for working on laptop"": true}, ""Accessibility"": {""Wheelchair accessible entrance"": true, ""Wheelchair accessible parking lot"": true, ""Wheelchair accessible restroom"": true, ""Wheelchair accessible seating"": true}, ""Offerings"": {""Beer"": true, ""Coffee"": true, ""Comfort food"": true, ""Organic dishes"": true, ""Quick bite"": true, ""Small plates"": true, ""Wine"": true}, ""Dining options"": {""Breakfast"": true, ""Lunch"": true, ""Dinner"": true, ""Dessert"": true, ""Seating"": true}, ""Amenities"": {""Restroom"": true}, ""Atmosphere"": {""Casual"": true, ""Cozy"": true, ""Quiet"": true, ""Trendy"": true}, ""Crowd"": {""Groups"": true}, ""Payments"": {""Credit cards"": true, ""Debit cards"": true, ""NFC mobile payments"": true}, ""Children"": {""Good for kids"": true, ""High chairs"": true, ""Kids' menu"": true}, ""Parking"": {""Free parking lot"": true, ""Parking"": true}, ""Pets"": {""Dogs allowed outside"": true}}",$,,https://lh6.googleusercontent.com/-RpafDqpV-KU/AAAAAAAAAAI/AAAAAAAAAAA/NZ6_DIqcrms/s44-p-k-no-ns-nd/photo.jpg,Contemporary hangout serving up specialty coffees & organic Vietnamese eats such as pho & banh mi.,,TRUE,103305218984551087446,Chill Zone Cafe,https://www.google.com/maps/contrib/103305218984551087446,,"https://www.google.com/viewer/chooseprovider?mid=/g/11c37k_sjf&g2lbs=AAEPWCsTLLdqSUPZI63AHmMNTRq-a9DzigJiCjXB6YWfCCVc0QZUFG_hFtrx3c5fwleYkvxPyISsmRKOcUUS5gaoioFsxBNLJw%3D%3D&hl=en-US&gl=us&fo_m=MfohQo559jFvMUOzJVpjPL1YMfZ3bInYwBDuMfaXTPp5KXh-&utm_source=tactile&gei=49ICaKrFBLOri-gPnPWt2QQ&ei=49ICaKrFBLOri-gPnPWt2QQ&fo_s=OA,SOE&opi=79508299&ebb=1&cs=0&foub=mcpp",,,"https://www.google.com/maps/place/Chill+Zone+Cafe/@38.8966919,-77.1387359,14z/data=!4m8!1m2!2m1!1sChill+Zone+Cafe!3m4!1s0x89b7b452c8c1683d:0x14d6fd77900e38ee!8m2!3d38.8966919!4d-77.1387359","https://www.google.com/maps/place/Chill+Zone+Cafe/@38.8966919,-77.1387359,13.99z/data=!4m16!1m7!3m6!1s0x89b7b452c8c1683d:0x14d6fd77900e38ee!2sChill+Zone+Cafe!8m2!3d38.8966919!4d-77.1387359!16s%2Fg%2F11ckvg1dmb!3m7!1s0x89b7b452c8c1683d:0x14d6fd77900e38ee!8m2!3d38.8966919!4d-77.1387359!9m1!1b1!16s%2Fg%2F11ckvg1dmb?entry=ttu",ChIJPWjByFK0t4kR7jgOkHf91hQ,0x89b7b452c8c1683d:0x14d6fd77900e38ee,1501666215734425838,/g/11c37k_sjf,1501666215734425838,,,,,,,,,,,,,,,,,,,,,,,,,,,,,,,,,,,,,,,,,,,,CHILL ZONE CAFE,,Traditional Vietnamese Cuisine - Pho - Banh Mi - Rice Vermicelli - Coffee - Bubble Tea - Smoothies,"Pho, Vietnamese Cuisine, Banh Mi, Grill, Food, Coffee, Bubble Tea, Vermicelli, Smoothies, Healthy Food, Cafe, Chillzone, Lounge, Viet Coffee, Snacks, Bites, Arlington, Virginia, Coffee Shop, Restaurant, Family Business, Bistro, Drinks, Beer, Wine, WIFI",,
"boba tea, 20407, Washington, DC, US",Momo's Cafe,Momos Cafe,http://momoscafellc.com/,Taiwanese restaurant,restaurants,Taiwanese restaurant,+1 202-333-3675,"4828 MacArthur Blvd NW, Washington, DC 20007",Berkley,4828 MacArthur Blvd NW,Washington,20007,District of Columbia,District Of Columbia,United States of America,US,38.9168448,-77.0964843,892aa84ea97ffff,America/New_York,,FALSE,4.3,259,"https://search.google.com/local/reviews?placeid=ChIJDdksAke3t4kR1-blrNgA-7A&q=boba+tea,+20407,+Washington,+DC,+US&authuser=0&hl=en&gl=US",,,23,13,11,29,183,505,https://lh3.googleusercontent.com/p/AF1QipPW6LYszvotG9uE76OM5RjKF1J2XQ8pgM-JQgFX=w800-h500-k-no,https://lh3.googleusercontent.com/p/AF1QipPW6LYszvotG9uE76OM5RjKF1J2XQ8pgM-JQgFX=w1600-h1000-k-no,,"{""Monday"": ""11:30AM-9PM"", ""Tuesday"": ""11:30AM-9PM"", ""Wednesday"": ""11:30AM-9PM"", ""Thursday"": ""11:30AM-9PM"", ""Friday"": ""11:30AM-9:30PM"", ""Saturday"": ""11:30AM-9:30PM"", ""Sunday"": ""11:30AM-9PM""}",Monday:11:30AM-9PM|Tuesday:11:30AM-9PM|Wednesday:11:30AM-9PM|Thursday:11:30AM-9PM|Friday:11:30AM-9:30PM|Saturday:11:30AM-9:30PM|Sunday:11:30AM-9PM,,,OPERATIONAL,"{""Service options"": {""Outdoor seating"": true, ""Delivery"": true, ""Takeout"": true, ""Dine-in"": true}, ""Popular for"": {""Lunch"": true, ""Dinner"": true, ""Solo dining"": true}, ""Accessibility"": {""Wheelchair accessible parking lot"": false}, ""Offerings"": {""Coffee"": true, ""Comfort food"": true, ""Quick bite"": true, ""Small plates"": true}, ""Dining options"": {""Breakfast"": true, ""Lunch"": true, ""Dinner"": true, ""Catering"": true, ""Dessert"": true, ""Seating"": true}, ""Amenities"": {""Gender-neutral restroom"": true, ""Restroom"": true}, ""Atmosphere"": {""Casual"": true, ""Cozy"": true}, ""Crowd"": {""Groups"": true}, ""Planning"": {""Accepts reservations"": true}, ""Payments"": {""Credit cards"": true, ""Debit cards"": true, ""NFC mobile payments"": true}, ""Children"": {""Good for kids"": true, ""High chairs"": true}, ""Parking"": {""Paid street parking"": true, ""Parking"": true}, ""Pets"": {""Dogs allowed outside"": true}}",$$,,https://lh5.googleusercontent.com/-8tnZ1mft5g0/AAAAAAAAAAI/AAAAAAAAAAA/nvjvlJEZMJU/s44-p-k-no-ns-nd/photo.jpg,,,TRUE,109683708865888649578,Momo's Cafe,https://www.google.com/maps/contrib/109683708865888649578,,"https://www.google.com/viewer/chooseprovider?mid=/g/11f90dyqzc&g2lbs=AAEPWCsLMZqBwwfTFBw8rGeEQD80qXaDz2Ah27VcKZUwa6RM0M7b2gzOWiSdw032j9pek4Oqn512RLnAJoHuQXtucNEt-Qt4pQ%3D%3D&hl=en-US&gl=us&fo_m=MfohQo559jFvMUOzJVpjPL1YMfZ3bInYwBDuMfaXTPp5KXh-&utm_source=tactile&gei=49ICaKrFBLOri-gPnPWt2QQ&ei=49ICaKrFBLOri-gPnPWt2QQ&fo_s=OA,SOE&opi=79508299&ebb=1&cs=0&foub=mcpp",,,"https://www.google.com/maps/place/Momo%27s+Cafe/@38.9168448,-77.0964843,14z/data=!4m8!1m2!2m1!1sMomo%27s+Cafe!3m4!1s0x89b7b747022cd90d:0xb0fb00d8ace5e6d7!8m2!3d38.9168448!4d-77.0964843","https://www.google.com/maps/place/Momo%27s+Cafe/@38.9168448,-77.0964843,13.99z/data=!4m16!1m7!3m6!1s0x89b7b747022cd90d:0xb0fb00d8ace5e6d7!2sMomo%27s+Cafe!8m2!3d38.9168448!4d-77.0964843!16s%2Fg%2F11ckvg1dmb!3m7!1s0x89b7b747022cd90d:0xb0fb00d8ace5e6d7!8m2!3d38.9168448!4d-77.0964843!9m1!1b1!16s%2Fg%2F11ckvg1dmb?entry=ttu",ChIJDdksAke3t4kR1-blrNgA-7A,0x89b7b747022cd90d:0xb0fb00d8ace5e6d7,12752787700443375319,/g/11f90dyqzc,-5693956373266176297,,info@momosllc.com,RECEIVING,SMTP validated,,,,,,,,,,,,,,,,,,,,,,,,,,,,,,,,,,,,,,,,Momo's Cafe - Taiwanese Restaurant｜Online Order｜Washington｜DC,WordPress 4.4.7,"Welcome to Our Restaurant, We serve Appetizers, Entree, Iron Pan, Bento Box, Dessert / Tea, Milk Foam, Fruit Tea, Latte, Milk Tea, Pot on Fire, FROZEN PACK and so on, Online Order, Near me",,,
"boba tea, 20407, Washington, DC, US",Jumbo Jumbo Cafe College Park,Jumbo Jumbo Cafe College Park,https://www.jumbojumbocafe.com/,"Bubble tea store, Asian fusion restaurant, Taiwanese restaurant, Cafe, Snack bar",restaurants,Bubble tea store,+1 301-935-5108,"3711 Campus Dr, College Park, MD 20740",None,3711 Campus Dr,College Park,20740,Maryland,Maryland,United States of America,US,38.9845137,-76.9493999,892aa847567ffff,America/New_York,,FALSE,4.3,344,"https://search.google.com/local/reviews?placeid=ChIJqUoAcZHGt4kRVKPi2lBcIkg&q=boba+tea,+20407,+Washington,+DC,+US&authuser=0&hl=en&gl=US",,,16,6,35,93,194,303,https://lh3.googleusercontent.com/p/AF1QipNyx7JyjkA0ECSUN4AMQcI2GBqObDWwjUVb5jUr=w800-h500-k-no,https://lh3.googleusercontent.com/p/AF1QipNyx7JyjkA0ECSUN4AMQcI2GBqObDWwjUVb5jUr=w1600-h1000-k-no,,"{""Monday"": ""11AM-9:30PM"", ""Tuesday"": ""11AM-9:30PM"", ""Wednesday"": ""11AM-9:30PM"", ""Thursday"": ""11AM-9:30PM"", ""Friday"": ""11AM-9:30PM"", ""Saturday"": ""11AM-9:30PM"", ""Sunday"": ""11AM-9:30PM""}",Monday:11AM-9:30PM|Tuesday:11AM-9:30PM|Wednesday:11AM-9:30PM|Thursday:11AM-9:30PM|Friday:11AM-9:30PM|Saturday:11AM-9:30PM|Sunday:11AM-9:30PM,,,OPERATIONAL,"{""Service options"": {""Delivery"": true, ""Takeout"": true, ""Dine-in"": true}, ""Highlights"": {""Great tea selection"": true}, ""Popular for"": {""Lunch"": true, ""Dinner"": true, ""Solo dining"": true}, ""Accessibility"": {""Wheelchair accessible entrance"": true, ""Wheelchair accessible parking lot"": true, ""Wheelchair accessible restroom"": true, ""Wheelchair accessible seating"": true}, ""Offerings"": {""Coffee"": true, ""Comfort food"": true, ""Quick bite"": true, ""Small plates"": true}, ""Dining options"": {""Lunch"": true, ""Dinner"": true, ""Dessert"": true}, ""Amenities"": {""Restroom"": true}, ""Atmosphere"": {""Casual"": true, ""Cozy"": true, ""Trendy"": true}, ""Crowd"": {""College students"": true, ""Groups"": true}, ""Planning"": {""Accepts reservations"": false}, ""Payments"": {""Credit cards"": true, ""Debit cards"": true, ""NFC mobile payments"": true}, ""Children"": {""Good for kids"": true}}",$,,,,,FALSE,None,Jumbo Jumbo Cafe College Park,,,"https://www.google.com/viewer/chooseprovider?mid=/g/11clzkp_fg&g2lbs=AAEPWCv7mhJ9iaPHk4MDAYDwtnkovc-DiY_rfGEiCCwSpUS9Ra7QVW6vmI7Qy8P3Y13VD4RjlRAXBH4es2vX3unX77RKnljVPw%3D%3D&hl=en-US&gl=us&fo_m=MfohQo559jFvMUOzJVpjPL1YMfZ3bInYwBDuMfaXTPp5KXh-&utm_source=tactile&gei=49ICaKrFBLOri-gPnPWt2QQ&ei=49ICaKrFBLOri-gPnPWt2QQ&fo_s=OA,SOE&opi=79508299&ebb=1&cs=0&foub=mcpp",,,"https://www.google.com/maps/place/Jumbo+Jumbo+Cafe+College+Park/@38.9845137,-76.9493999,14z/data=!4m8!1m2!2m1!1sJumbo+Jumbo+Cafe+College+Park!3m4!1s0x89b7c69171004aa9:0x48225c50dae2a354!8m2!3d38.9845137!4d-76.9493999","https://www.google.com/maps/place/Jumbo+Jumbo+Cafe+College+Park/@38.9845137,-76.9493999,13.99z/data=!4m16!1m7!3m6!1s0x89b7c69171004aa9:0x48225c50dae2a354!2sJumbo+Jumbo+Cafe+College+Park!8m2!3d38.9845137!4d-76.9493999!16s%2Fg%2F11ckvg1dmb!3m7!1s0x89b7c69171004aa9:0x48225c50dae2a354!8m2!3d38.9845137!4d-76.9493999!9m1!1b1!16s%2Fg%2F11ckvg1dmb?entry=ttu",ChIJqUoAcZHGt4kRVKPi2lBcIkg,0x89b7c69171004aa9:0x48225c50dae2a354,5197818422278398804,/g/11clzkp_fg,5197818422278398804,,jumbojumbocafe@yahoo.com,RECEIVING,SMTP validated,Cathy Yen,Cathy,Yen,Owner,13019355108,shanhuang95@yahoo.com,RECEIVING,SMTP validated,Shawn Huang,Shawn,Huang,,12404982877,qinvictorsxn@hotmail.com,RECEIVING,SMTP validated,Qin,Qin,,,13019355108,13015157228,,,https://www.facebook.com/1495672707412455,,,,,,,,,,,,,,,Bubble Tea & Taiwanese Food | Jumbo Jumbo Cafe,Wix.com Website Builder,Jumbo Jumbo Cafe serves traditional Taiwanese food and bubble tea since 2003,,FALSE,FALSE
"boba tea, 20008, Washington, DC, US",Teazzi Tea Shop,Teazzi Tea Shop,https://order.snackpass.co/teazzibethesda,Bubble tea store,Bubble tea store,Bubble tea store,+1 240-500-3958,"4941 Elm St, Bethesda, MD 20814",None,4941 Elm St,Bethesda,20814,Maryland,Maryland,United States of America,US,38.9822544,-77.0977779,892aa84e44fffff,America/New_York,,FALSE,4.9,118,"https://search.google.com/local/reviews?placeid=ChIJaaXvvXnJt4kRNbgz0J6qp14&q=boba+tea,+20008,+Washington,+DC,+US&authuser=0&hl=en&gl=US",,,1,2,1,2,112,176,https://lh3.googleusercontent.com/gps-proxy/ALd4DhGpBB2_COxYgTA63TMahNesJ1JwOz5-fVtoquPOHbX2NdSK0ho0g2jIy1oZhyvtl7f8BwB0o1vzmzc33NcTKKJoF6yRe35WvwOoGSlznYy3FAoJB40k6VAYR9YF2cFy-ADvxbUvrocBLrdN50ncDv5qLnvfaHGic67Z3-GV1KxvQrjZ52LLkFLt=w800-h500-k-no,https://lh3.googleusercontent.com/gps-proxy/ALd4DhGpBB2_COxYgTA63TMahNesJ1JwOz5-fVtoquPOHbX2NdSK0ho0g2jIy1oZhyvtl7f8BwB0o1vzmzc33NcTKKJoF6yRe35WvwOoGSlznYy3FAoJB40k6VAYR9YF2cFy-ADvxbUvrocBLrdN50ncDv5qLnvfaHGic67Z3-GV1KxvQrjZ52LLkFLt=w1600-h1000-k-no,,"{""Monday"": ""12-9PM"", ""Tuesday"": ""12-9PM"", ""Wednesday"": ""12-9PM"", ""Thursday"": ""12-9PM"", ""Friday"": ""12-9PM"", ""Saturday"": ""12-9PM"", ""Sunday"": ""12-9PM""}",Monday:12-9PM|Tuesday:12-9PM|Wednesday:12-9PM|Thursday:12-9PM|Friday:12-9PM|Saturday:12-9PM|Sunday:12-9PM,,,OPERATIONAL,"{""Service options"": {""Curbside pickup"": true, ""No-contact delivery"": true, ""Delivery"": true, ""Onsite services"": true, ""Takeout"": true, ""Dine-in"": true}, ""Highlights"": {""Great tea selection"": true}}",$,,https://lh6.googleusercontent.com/-LX8ovJZRG7c/AAAAAAAAAAI/AAAAAAAAAAA/ZDympgamGCg/s44-p-k-no-ns-nd/photo.jpg,,,TRUE,108416449513384188998,Teazzi Tea Shop 瓷禧茶坊,https://www.google.com/maps/contrib/108416449513384188998,,"https://www.google.com/viewer/chooseprovider?mid=/g/11ln3j_pzw&g2lbs=AAEPWCsqrnAgO_wnJ-Ruf5AOcuVBZ2mhIQHtEGYZHv4b8WqONHvHsTw3mwz-Oq8L2ZriphRmKNoHP-ANmZmi0slSO8QaZrPjyaeXXa1qKo5UfP4yowvAUj0%3D&hl=en-US&gl=us&fo_m=MfohQo559jFvMUOzJVpjPL1YMfZ3bInYwBDuMfaXTPp5KXh-&utm_source=tactile&gei=5dICaPDmI4SqkdUPzruBSQ&ei=5dICaPDmI4SqkdUPzruBSQ&fo_s=OA,SOE&opi=79508299&ebb=1&cs=0&foub=mcpp",,,"https://www.google.com/maps/place/Teazzi+Tea+Shop+%E7%93%B7%E7%A6%A7%E8%8C%B6%E5%9D%8A/@38.982254399999995,-77.0977779,14z/data=!4m8!1m2!2m1!1sTeazzi+Tea+Shop+%E7%93%B7%E7%A6%A7%E8%8C%B6%E5%9D%8A!3m4!1s0x89b7c979bdefa569:0x5ea7aa9ed033b835!8m2!3d38.982254399999995!4d-77.0977779","https://www.google.com/maps/place/Teazzi+Tea+Shop+%E7%93%B7%E7%A6%A7%E8%8C%B6%E5%9D%8A/@38.982254399999995,-77.0977779,13.99z/data=!4m16!1m7!3m6!1s0x89b7c979bdefa569:0x5ea7aa9ed033b835!2sTeazzi+Tea+Shop+%E7%93%B7%E7%A6%A7%E8%8C%B6%E5%9D%8A!8m2!3d38.982254399999995!4d-77.0977779!16s%2Fg%2F11ckvg1dmb!3m7!1s0x89b7c979bdefa569:0x5ea7aa9ed033b835!8m2!3d38.982254399999995!4d-77.0977779!9m1!1b1!16s%2Fg%2F11ckvg1dmb?entry=ttu",ChIJaaXvvXnJt4kRNbgz0J6qp14,0x89b7c979bdefa569:0x5ea7aa9ed033b835,6820607759750510645,/g/11ln3j_pzw,6820607759750510645,,kimchigardenbayarea@gmail.com,RECEIVING,SMTP validated,,,,,,tacosyque.la@gmail.com,RECEIVING,SMTP validated,,,,,,skmec2019@gmail.com,RECEIVING,SMTP validated,,,,,,16507358479,16266038546,15626937123,https://www.facebook.com/446595879437706,,,,,,,,,,,,,,,"Vegan House Of Pancakes Pick Up Kitchen (East Point, GA) | Order Online",,Order online and track your order live. Powered by Snackpass,,FALSE,FALSE
"boba tea, 20008, Washington, DC, US",Cozy Bubble Tea and Coffee,Cozy Bubble Tea And Coffee,,"Bubble tea store, Coffee shop, Tea house",coffee shops,Bubble tea store,+1 202-333-4630,"1529 Wisconsin Ave NW Floor 2, Washington, DC 20007",Northwest Washington,1529 Wisconsin Ave NW Floor 2,Washington,20007,District of Columbia,District Of Columbia,United States of America,US,38.9099437,-77.064516,892aa84e8b7ffff,America/New_York,,FALSE,3.2,14,"https://search.google.com/local/reviews?placeid=ChIJ0yjaBsC3t4kRivS9igA9cto&q=boba+tea,+20008,+Washington,+DC,+US&authuser=0&hl=en&gl=US",,,5,1,1,0,7,12,https://lh3.googleusercontent.com/p/AF1QipNb7xMjYQQLicDOwWT5yHMeAKMfzTJVi0zrEo-C=w800-h500-k-no,https://lh3.googleusercontent.com/p/AF1QipNb7xMjYQQLicDOwWT5yHMeAKMfzTJVi0zrEo-C=w1600-h1000-k-no,,,,,,CLOSED_TEMPORARILY,"{""Offerings"": {""Coffee"": true}, ""Payments"": {""NFC mobile payments"": true}, ""Children"": {""Good for kids"": true}}",,,https://lh5.googleusercontent.com/-zKvrOMZ8YQ0/AAAAAAAAAAI/AAAAAAAAAAA/K0BC8dwsc6o/s44-p-k-no-ns-nd/photo.jpg,,,TRUE,109920722797832890062,Cozy Bubble Tea and Coffee,https://www.google.com/maps/contrib/109920722797832890062,,,,,"https://www.google.com/maps/place/Cozy+Bubble+Tea+and+Coffee/@38.9099437,-77.064516,14z/data=!4m8!1m2!2m1!1sCozy+Bubble+Tea+and+Coffee!3m4!1s0x89b7b7c006da28d3:0xda723d008abdf48a!8m2!3d38.9099437!4d-77.064516","https://www.google.com/maps/place/Cozy+Bubble+Tea+and+Coffee/@38.9099437,-77.064516,13.99z/data=!4m16!1m7!3m6!1s0x89b7b7c006da28d3:0xda723d008abdf48a!2sCozy+Bubble+Tea+and+Coffee!8m2!3d38.9099437!4d-77.064516!16s%2Fg%2F11ckvg1dmb!3m7!1s0x89b7b7c006da28d3:0xda723d008abdf48a!8m2!3d38.9099437!4d-77.064516!9m1!1b1!16s%2Fg%2F11ckvg1dmb?entry=ttu",ChIJ0yjaBsC3t4kRivS9igA9cto,0x89b7b7c006da28d3:0xda723d008abdf48a,15740710720150303882,/g/11hxdlgywc,-2706033353559247734,,,,,,,,,,,,,,,,,,,,,,,,,,,,,,,,,,,,,,,,,,,,,,,,,
"bubble tea store, 20566, Washington, DC, US",Infini-Tea,Infini Tea,https://infiniteava.com/,Bubble tea store,Bubble tea store,Bubble tea store,+1 571-419-6341,"6647 Arlington Blvd, Falls Church, VA 22042",None,6647 Arlington Blvd,Falls Church,22042,Virginia,Virginia,United States of America,US,38.8690448,-77.1733266,892aa84ca4fffff,America/New_York,,FALSE,4.3,174,"https://search.google.com/local/reviews?placeid=ChIJ9dUQQfK1t4kRur15-8IDCzA&q=bubble+tea+store,+20566,+Washington,+DC,+US&authuser=0&hl=en&gl=US",,,10,9,15,17,123,91,https://lh3.googleusercontent.com/p/AF1QipMZEsVNIHTqIKbn3ffDVZVj1bBPmZeoeVKKDhS-=w800-h500-k-no,https://lh3.googleusercontent.com/p/AF1QipMZEsVNIHTqIKbn3ffDVZVj1bBPmZeoeVKKDhS-=w1600-h1000-k-no,,"{""Monday"": ""11AM-8PM"", ""Tuesday"": ""11AM-8PM"", ""Wednesday"": ""11AM-8PM"", ""Thursday"": ""11AM-8PM"", ""Friday"": ""11AM-9PM"", ""Saturday"": ""11AM-9PM"", ""Sunday"": ""11AM-8PM""}",Monday:11AM-8PM|Tuesday:11AM-8PM|Wednesday:11AM-8PM|Thursday:11AM-8PM|Friday:11AM-9PM|Saturday:11AM-9PM|Sunday:11AM-8PM,,,OPERATIONAL,"{""Service options"": {""Delivery"": true, ""Onsite services"": true, ""Takeout"": true, ""Dine-in"": true}, ""Highlights"": {""Great tea selection"": true}, ""Accessibility"": {""Wheelchair accessible entrance"": true, ""Wheelchair accessible parking lot"": true, ""Wheelchair accessible restroom"": true, ""Wheelchair accessible seating"": true}}",$,,https://lh4.googleusercontent.com/-QMdynN6_MKE/AAAAAAAAAAI/AAAAAAAAAAA/aDVVhnSkN1c/s44-p-k-no-ns-nd/photo.jpg,,,TRUE,110931494067185119427,Infini-Tea,https://www.google.com/maps/contrib/110931494067185119427,,"https://www.google.com/viewer/chooseprovider?mid=/g/11ff0xjmlp&g2lbs=AAEPWCseXt2TpmMluZrypj1Ev7lDOFj8yVJ9ZIXbxhok4QlCE1_Y8WHca3-dvx4IvsOVWfcrnp8BnJ4SN8XIGPXn3IwF-CGNKQ%3D%3D&hl=en-US&gl=us&fo_m=MfohQo559jFvMUOzJVpjPL1YMfZ3bInYwBDuMfaXTPp5KXh-&utm_source=tactile&gei=69ICaLvIFOuPhbIP6cPc6QE&ei=69ICaLvIFOuPhbIP6cPc6QE&fo_s=OA,SOE&opi=79508299&ebb=1&cs=0&foub=mcpp",,,"https://www.google.com/maps/place/Infini-Tea/@38.8690448,-77.1733266,14z/data=!4m8!1m2!2m1!1sInfini-Tea!3m4!1s0x89b7b5f24110d5f5:0x300b03c2fb79bdba!8m2!3d38.8690448!4d-77.1733266","https://www.google.com/maps/place/Infini-Tea/@38.8690448,-77.1733266,13.99z/data=!4m16!1m7!3m6!1s0x89b7b5f24110d5f5:0x300b03c2fb79bdba!2sInfini-Tea!8m2!3d38.8690448!4d-77.1733266!16s%2Fg%2F11ckvg1dmb!3m7!1s0x89b7b5f24110d5f5:0x300b03c2fb79bdba!8m2!3d38.8690448!4d-77.1733266!9m1!1b1!16s%2Fg%2F11ckvg1dmb?entry=ttu",ChIJ9dUQQfK1t4kRur15-8IDCzA,0x89b7b5f24110d5f5:0x300b03c2fb79bdba,3461864874541956538,/g/11ff0xjmlp,3461864874541956538,,brooklyn@vincent.com,RECEIVING,SMTP validated,,,,,,,,,,,,,,,,,,,,,,5714196341,,,https://www.facebook.com/Infiniteava,https://www.instagram.com/infinitea.va,,,,,,,,,,,,,,"Infini-Tea 22042 | Infini-Tea of Falls Church, VA | Fruit Teas, Milk Teas, Coffee, Originals, Slush/ Smoothies, Yomilk, Popular, Originals, Food",,"Infini-Tea of Falls Church, VA 22042. We are specialized in serving typical dishes of Fruit Teas, Milk Teas, Coffee, Originals, Slush/ Smoothies, Yomilk, Popular, Originals, Food. Welcome!",,FALSE,TRUE
"bubble tea store, 20566, Washington, DC, US",Supreme Barbecue x Auntea Boba,Supreme Barbecue X Auntea Boba,https://www.supremebarbeque.com/,"Bubble tea store, Asian fusion restaurant, Restaurant, Caterer, Filipino restaurant, Lunch restaurant, Takeout Restaurant, Sandwich shop",restaurants,Bubble tea store,+1 202-635-5000,"2 Florida Ave NE, Washington, DC 20002",NoMa,2 Florida Ave NE,Washington,20002,District of Columbia,District Of Columbia,United States of America,US,38.9108045,-77.008761,892aa845ea7ffff,America/New_York,,FALSE,4.2,213,"https://search.google.com/local/reviews?placeid=ChIJmb2YgRG5t4kR-SHrRbcPo2M&q=bubble+tea+store,+20566,+Washington,+DC,+US&authuser=0&hl=en&gl=US",,,23,8,13,31,138,178,https://lh3.googleusercontent.com/p/AF1QipPSTKrUoPCCQ3i5g7oTeiHsyE2shTnw5wGhMAnj=w800-h500-k-no,https://lh3.googleusercontent.com/p/AF1QipPSTKrUoPCCQ3i5g7oTeiHsyE2shTnw5wGhMAnj=w1600-h1000-k-no,,,,,,CLOSED_TEMPORARILY,"{""Service options"": {""Delivery"": true, ""Takeout"": true}, ""Accessibility"": {""Wheelchair accessible entrance"": true}, ""Offerings"": {""Comfort food"": true}, ""Dining options"": {""Lunch"": true, ""Dinner"": true, ""Catering"": true, ""Dessert"": true, ""Seating"": true}, ""Crowd"": {""Family-friendly"": true}, ""Payments"": {""Debit cards"": true, ""NFC mobile payments"": true, ""Credit cards"": true}, ""Children"": {""Good for kids"": true}, ""Parking"": {""Free parking lot"": true, ""Parking"": true}, ""Pets"": {""Dogs allowed outside"": true}}",$,,https://lh6.googleusercontent.com/-mmvHxNVLGLk/AAAAAAAAAAI/AAAAAAAAAAA/Q1xUfCWdG9U/s44-p-k-no-ns-nd/photo.jpg,,,TRUE,117422516342088547758,Supreme Barbecue x Auntea Boba,https://www.google.com/maps/contrib/117422516342088547758,,,,,"https://www.google.com/maps/place/Supreme+Barbecue+x+Auntea+Boba/@38.9108045,-77.00876099999999,14z/data=!4m8!1m2!2m1!1sSupreme+Barbecue+x+Auntea+Boba!3m4!1s0x89b7b9118198bd99:0x63a30fb745eb21f9!8m2!3d38.9108045!4d-77.00876099999999","https://www.google.com/maps/place/Supreme+Barbecue+x+Auntea+Boba/@38.9108045,-77.00876099999999,13.99z/data=!4m16!1m7!3m6!1s0x89b7b9118198bd99:0x63a30fb745eb21f9!2sSupreme+Barbecue+x+Auntea+Boba!8m2!3d38.9108045!4d-77.00876099999999!16s%2Fg%2F11ckvg1dmb!3m7!1s0x89b7b9118198bd99:0x63a30fb745eb21f9!8m2!3d38.9108045!4d-77.00876099999999!9m1!1b1!16s%2Fg%2F11ckvg1dmb?entry=ttu",ChIJmb2YgRG5t4kR-SHrRbcPo2M,0x89b7b9118198bd99:0x63a30fb745eb21f9,7179599510785171961,/g/11n81lnrpl,7179599510785171961,,ccsbbq2021@gmail.com,RECEIVING,SMTP validated,,,,,,,,,,,,,,,,,,,,,,,,,,,,,,,,,,,,,,,,DMV Barbeque x Boba | Supreme Barbeque,Wix.com Website Builder,Supreme Barbeque Online Ordering,,FALSE,FALSE
"bubble tea store, 20570, Washington, DC, US",Streets Market,Streets Market,http://streetsmarketcafe.com/,"Grocery store, Bar, Restaurant",Grocery store,Grocery store,+1 202-898-1314,"51 M St NE, Washington, DC 20002",Near Northeast,51 M St NE,Washington,20002,District of Columbia,District Of Columbia,United States of America,US,38.9054905,-77.0070866,892aa8458c3ffff,America/New_York,,FALSE,4.3,188,"https://search.google.com/local/reviews?placeid=ChIJazbG3Tm5t4kR212DEy_u0aU&q=bubble+tea+store,+20570,+Washington,+DC,+US&authuser=0&hl=en&gl=US",,,9,8,13,51,107,82,https://lh3.googleusercontent.com/gps-cs-s/AB5caB9ZPNrTT6DljF8a9bBOw43BQvsxNud73TJbxctOGaCoiZ7_eD36nBvSSNx2fCS1qzI983XgjZOt-NQ23cBcSeSDULG8DLUED89MOSuICxzmu-WFVezllOVFOp26V7DA5Q2PESpE=w800-h500-k-no,https://lh3.googleusercontent.com/gps-cs-s/AB5caB9ZPNrTT6DljF8a9bBOw43BQvsxNud73TJbxctOGaCoiZ7_eD36nBvSSNx2fCS1qzI983XgjZOt-NQ23cBcSeSDULG8DLUED89MOSuICxzmu-WFVezllOVFOp26V7DA5Q2PESpE=w1600-h1000-k-no,,"{""Monday"": ""8AM-10PM"", ""Tuesday"": ""8AM-10PM"", ""Wednesday"": ""8AM-10PM"", ""Thursday"": ""8AM-10PM"", ""Friday"": ""8AM-10PM"", ""Saturday"": ""8AM-10PM"", ""Sunday"": ""8AM-10PM""}",Monday:8AM-10PM|Tuesday:8AM-10PM|Wednesday:8AM-10PM|Thursday:8AM-10PM|Friday:8AM-10PM|Saturday:8AM-10PM|Sunday:8AM-10PM,,,OPERATIONAL,"{""Service options"": {""Delivery"": true, ""In-store pickup"": true, ""Onsite services"": true}, ""Highlights"": {""Great produce"": true}, ""Accessibility"": {""Wheelchair accessible entrance"": true, ""Wheelchair accessible parking lot"": true}, ""Offerings"": {""Food"": true}, ""Amenities"": {""Restroom"": true}, ""Planning"": {""Quick visit"": true}, ""Payments"": {""Credit cards"": true, ""Debit cards"": true, ""NFC mobile payments"": true, ""SNAP/EBT"": true}}",,,https://lh6.googleusercontent.com/-gM4oiUeevbA/AAAAAAAAAAI/AAAAAAAAAAA/zA3lJeab2bA/s44-p-k-no-ns-nd/photo.jpg,,,TRUE,117112297443584880000,Streets Market,https://www.google.com/maps/contrib/117112297443584880000,,,,,"https://www.google.com/maps/place/Streets+Market/@38.9054905,-77.0070866,14z/data=!4m8!1m2!2m1!1sStreets+Market!3m4!1s0x89b7b939ddc6366b:0xa5d1ee2f13835ddb!8m2!3d38.9054905!4d-77.0070866","https://www.google.com/maps/place/Streets+Market/@38.9054905,-77.0070866,13.99z/data=!4m16!1m7!3m6!1s0x89b7b939ddc6366b:0xa5d1ee2f13835ddb!2sStreets+Market!8m2!3d38.9054905!4d-77.0070866!16s%2Fg%2F11ckvg1dmb!3m7!1s0x89b7b939ddc6366b:0xa5d1ee2f13835ddb!8m2!3d38.9054905!4d-77.0070866!9m1!1b1!16s%2Fg%2F11ckvg1dmb?entry=ttu",ChIJazbG3Tm5t4kR212DEy_u0aU,0x89b7b939ddc6366b:0xa5d1ee2f13835ddb,11948593172348886491,/g/11h2qm_y3v,-6498150901360665125,,info@streetsmarketcafe.com,RECEIVING,SMTP validated,Shin Na,Shin,Na,Chief Executive Officer,12022653300,angie@streetsmarketcafe.com,RECEIVING,SMTP validated,Angie,Angie,,Manager,17032431555,careers@streetsmarketcafe.com,RECEIVING,SMTP validated,,,,,,12024147891,,,https://www.facebook.com/190700178244604,,http://linkedin.com/company/streets-market,,,,,,,,https://twitter.com/StreetsMrketBal,,,,,,,,,,
"boba tea, 20591, Washington, DC, US",Kung Fu Tea,Kung Fu Tea,https://kungfutea.com/,"Bubble tea store, Beverage distributor, Cafe",Bubble tea store,Bubble tea store,+1 571-371-8075,"6328 Richmond Hwy Suite B, Alexandria, VA 22306",None,6328 Richmond Hwy Suite B,Alexandria,22306,Virginia,Virginia,United States of America,US,38.7793705,-77.0800268,892aa879c3bffff,America/New_York,,FALSE,4,63,"https://search.google.com/local/reviews?placeid=ChIJpxfaDHmxt4kRf557UEp76Q8&q=boba+tea,+20591,+Washington,+DC,+US&authuser=0&hl=en&gl=US",,,8,4,6,5,40,338,https://lh3.googleusercontent.com/p/AF1QipM06iRvW16fXnCD1PgPotvSxtJhCh7iP0T2GHs6=w800-h500-k-no,https://lh3.googleusercontent.com/p/AF1QipM06iRvW16fXnCD1PgPotvSxtJhCh7iP0T2GHs6=w1600-h1000-k-no,,"{""Monday"": ""11AM-10PM"", ""Tuesday"": ""11AM-10PM"", ""Wednesday"": ""11AM-10PM"", ""Thursday"": ""11AM-10PM"", ""Friday"": ""11AM-10PM"", ""Saturday"": ""11AM-10PM"", ""Sunday"": ""11AM-10PM""}",Monday:11AM-10PM|Tuesday:11AM-10PM|Wednesday:11AM-10PM|Thursday:11AM-10PM|Friday:11AM-10PM|Saturday:11AM-10PM|Sunday:11AM-10PM,,,OPERATIONAL,"{""Service options"": {""Delivery"": true, ""Takeout"": true, ""Dine-in"": true}, ""Highlights"": {""Great tea selection"": true}, ""Accessibility"": {""Wheelchair accessible entrance"": true, ""Wheelchair accessible parking lot"": true, ""Wheelchair accessible restroom"": true, ""Wheelchair accessible seating"": true}, ""Parking"": {""Free street parking"": true}}",$,,https://lh5.googleusercontent.com/-vHvfcPFvKlk/AAAAAAAAAAI/AAAAAAAAAAA/3_Sm20mKWgY/s44-p-k-no-ns-nd/photo.jpg,"Bubble tea specialist with a selection of other hot & cold drinks, including coffee & slushes.",,TRUE,116452414085434046504,Kung Fu Tea,https://www.google.com/maps/contrib/116452414085434046504,,"https://www.google.com/viewer/chooseprovider?mid=/g/11tg1cchb0&g2lbs=AAEPWCtOhaHlI9jSEuUojJfp5KX0ZRhoLUXc2Dksc36nPd3Ykh3myWLzvpRg4L9-4bSEjX4jdWRawfWdlaYPbP6h6mvgRZQkrg%3D%3D&hl=en-US&gl=us&fo_m=MfohQo559jFvMUOzJVpjPL1YMfZ3bInYwBDuMfaXTPp5KXh-&utm_source=tactile&gei=9dICaLifDJSV0PEPo8XKwQI&ei=9dICaLifDJSV0PEPo8XKwQI&fo_s=OA,SOE&opi=79508299&ebb=1&cs=0&foub=mcpp",,,"https://www.google.com/maps/place/Kung+Fu+Tea/@38.7793705,-77.0800268,14z/data=!4m8!1m2!2m1!1sKung+Fu+Tea!3m4!1s0x89b7b1790cda17a7:0xfe97b4a507b9e7f!8m2!3d38.7793705!4d-77.0800268","https://www.google.com/maps/place/Kung+Fu+Tea/@38.7793705,-77.0800268,13.99z/data=!4m16!1m7!3m6!1s0x89b7b1790cda17a7:0xfe97b4a507b9e7f!2sKung+Fu+Tea!8m2!3d38.7793705!4d-77.0800268!16s%2Fg%2F11ckvg1dmb!3m7!1s0x89b7b1790cda17a7:0xfe97b4a507b9e7f!8m2!3d38.7793705!4d-77.0800268!9m1!1b1!16s%2Fg%2F11ckvg1dmb?entry=ttu",ChIJpxfaDHmxt4kRf557UEp76Q8,0x89b7b1790cda17a7:0xfe97b4a507b9e7f,1146583139250577023,/g/11tg1cchb0,1146583139250577023,,support@armsglobalinc.com,RECEIVING,Role,,,,,,marketing@kfteausa.com,RECEIVING,SMTP validated,,,,,,delivery_help@grubhub.com,RECEIVING,SMTP validated,,,,,,+1 724-544-6367,+1 855-538-9888,15402175182,https://www.facebook.com/kungfuteausa/,https://www.instagram.com/kungfuteausa,https://www.linkedin.com/company/kung-fu-tea,https://www.tiktok.com/@kungfutea,,,,,,,https://twitter.com/kfteausa,,,,,Menu — Kung Fu Tea | Fresh - Innovative - Fearless leading tea brand,WordPress 6.3,"Menu At Kung Fu Tea, every beverage is made-to-order with real Kung Fu. Our tea is freshly brewed every 3 hours using premium tea leaves. You can choose from classic teas, milk teas, fruit teas, slushies and more. Each drink is customized by you! You get to pick your toppings,…",,FALSE,TRUE
"boba tea, 20591, Washington, DC, US",Bread Me Cafe - Smoothie & Bubble Tea,Bread Me Cafe Smoothie And Bubble Tea,https://order.online/store/bread-me-cafe-washington-dc-washington-30688669/?hideModal=true,Cafe,cafes,Cafe,+1 202-506-4098,"1117 10th St NW STE C2, Washington, DC 20001",Downtown,1117 10th St NW STE C2,Washington,20001,District of Columbia,District Of Columbia,United States of America,US,38.9046801,-77.0258028,892aa845a93ffff,America/New_York,,FALSE,4.5,40,"https://search.google.com/local/reviews?placeid=ChIJ7SECDAK3t4kRnqAFGH-30t0&q=boba+tea,+20591,+Washington,+DC,+US&authuser=0&hl=en&gl=US",,,4,0,0,3,33,70,https://lh3.googleusercontent.com/gps-proxy/ALd4DhFVPucTQdVujTJ4qESitf4blHNuw9EdJMxJ5ncGhUdYGPiUUifJbW2nyIHJOWlhVEI2jcqQpRzMxzLnwN5tDepH3gbyGuVi5_D9zzwi2BMKmGRhfHa9gUdE4aIvmPW9SjKSikZiJ2LlE_0dVESonn2caDIoOCu7v98T4EQweZguotFiwNLQv5Y9=w800-h500-k-no,https://lh3.googleusercontent.com/gps-proxy/ALd4DhFVPucTQdVujTJ4qESitf4blHNuw9EdJMxJ5ncGhUdYGPiUUifJbW2nyIHJOWlhVEI2jcqQpRzMxzLnwN5tDepH3gbyGuVi5_D9zzwi2BMKmGRhfHa9gUdE4aIvmPW9SjKSikZiJ2LlE_0dVESonn2caDIoOCu7v98T4EQweZguotFiwNLQv5Y9=w1600-h1000-k-no,,"{""Monday"": ""7AM-4PM"", ""Tuesday"": ""7AM-4PM"", ""Wednesday"": ""7AM-4PM"", ""Thursday"": ""7AM-4PM"", ""Friday"": ""7AM-4PM"", ""Saturday"": ""8AM-4PM"", ""Sunday"": ""8AM-4PM""}",Monday:7AM-4PM|Tuesday:7AM-4PM|Wednesday:7AM-4PM|Thursday:7AM-4PM|Friday:7AM-4PM|Saturday:8AM-4PM|Sunday:8AM-4PM,,,OPERATIONAL,"{""Service options"": {""Delivery"": true, ""Takeout"": true, ""Dine-in"": true}, ""Highlights"": {""Great coffee"": true, ""Great tea selection"": true}, ""Popular for"": {""Breakfast"": true, ""Lunch"": true, ""Solo dining"": true}, ""Offerings"": {""Coffee"": true, ""Quick bite"": true}, ""Dining options"": {""Breakfast"": true, ""Lunch"": true, ""Dessert"": true, ""Seating"": true}, ""Amenities"": {""Gender-neutral restroom"": true, ""Restroom"": true, ""Wi-Fi"": true}, ""Atmosphere"": {""Casual"": true, ""Trendy"": true}, ""Payments"": {""Credit cards"": true}, ""Children"": {""Good for kids"": true, ""High chairs"": true, ""Kids' menu"": true}, ""Pets"": {""Dogs allowed outside"": true}}",$$,,https://lh6.googleusercontent.com/-sTL_lHPmYpg/AAAAAAAAAAI/AAAAAAAAAAA/VTbMVrQqq6U/s44-p-k-no-ns-nd/photo.jpg,,,TRUE,112480288240789244946,Bread Me Cafe - Smoothie & Bubble Tea,https://www.google.com/maps/contrib/112480288240789244946,,"https://www.google.com/viewer/chooseprovider?mid=/g/11y5_5l7fn&g2lbs=AAEPWCvrXqSNc8vd7JfQLRASG7bparPYVP14fKD6awiQgcLQOFVDxEkz1g6L1ROptjrVDSgLPepFXiP3CsFz1IOmopmsN37pQg%3D%3D&hl=en-US&gl=us&fo_m=MfohQo559jFvMUOzJVpjPL1YMfZ3bInYwBDuMfaXTPp5KXh-&utm_source=tactile&gei=9dICaLifDJSV0PEPo8XKwQI&ei=9dICaLifDJSV0PEPo8XKwQI&fo_s=OA,SOE&opi=79508299&ebb=1&cs=0&foub=mcpp",,,"https://www.google.com/maps/place/Bread+Me+Cafe+-+Smoothie+%26+Bubble+Tea/@38.9046801,-77.0258028,14z/data=!4m8!1m2!2m1!1sBread+Me+Cafe+-+Smoothie+%26+Bubble+Tea!3m4!1s0x89b7b7020c0221ed:0xddd2b77f1805a09e!8m2!3d38.9046801!4d-77.0258028","https://www.google.com/maps/place/Bread+Me+Cafe+-+Smoothie+%26+Bubble+Tea/@38.9046801,-77.0258028,13.99z/data=!4m16!1m7!3m6!1s0x89b7b7020c0221ed:0xddd2b77f1805a09e!2sBread+Me+Cafe+-+Smoothie+%26+Bubble+Tea!8m2!3d38.9046801!4d-77.0258028!16s%2Fg%2F11ckvg1dmb!3m7!1s0x89b7b7020c0221ed:0xddd2b77f1805a09e!8m2!3d38.9046801!4d-77.0258028!9m1!1b1!16s%2Fg%2F11ckvg1dmb?entry=ttu",ChIJ7SECDAK3t4kRnqAFGH-30t0,0x89b7b7020c0221ed:0xddd2b77f1805a09e,15984039783983063198,/g/11y5_5l7fn,-2462704289726488418,,yats.centralohio@gmail.com,RECEIVING,Verified,,,,,,cesar@hichicagonw.com,RECEIVING,SMTP validated,,,,,,info@foodgarrage.com,UNKNOWN,Cannot validate,,,,,,+1 614-486-9287,+1 847-488-9900,+1 770-274-3867,https://www.facebook.com/people/El-Cerro-Tacos/100063624968346/,http://instagram.com/foodgarrage,,,,,,,,,http://twitter.com/foodgarrage,,,,,Husker Deli & Grill Near Me - Pickup and Delivery,,Order takeout or delivery from Husker Deli & Grill near me,,FALSE,FALSE
"boba tea, 20591, Washington, DC, US",Java Loco Coffee & Bubble Tea (Van Dorn Plaza),Java Loco Coffee And Bubble Tea Van Dorn Plaza,,"Bubble tea store, Coffee shop, Cafe, Tea house",coffee shops,Bubble tea store,+1 703-566-5711,"289 S Van Dorn St, Alexandria, VA 22304",Landmark,289 S Van Dorn St,Alexandria,22304,Virginia,Virginia,United States of America,US,38.8105312,-77.1337167,892aa879237ffff,America/New_York,,FALSE,4.3,474,"https://search.google.com/local/reviews?placeid=ChIJp4MeNkyyt4kRD_5QJ2pA8qk&q=boba+tea,+20591,+Washington,+DC,+US&authuser=0&hl=en&gl=US",,,28,23,28,72,323,336,https://lh3.googleusercontent.com/gps-proxy/ALd4DhEn3xJzdEuIFnrRE_GRTAGha-gBVLB6AZOpdgLussNAYb-MJJjG6iqlpobujKdGlqEgbWgKVHoEXyXsKrfaVykldR0Tl45iCTUZ-j7vOn_eFoZ2cWo8MurNoDh9chdxH4iKH6-aFtPt7l1ytvoXqKtQ0BRLvbxTFYe-dT5FT5ysL6zZ-sTu5jHu=w800-h500-k-no,https://lh3.googleusercontent.com/gps-proxy/ALd4DhEn3xJzdEuIFnrRE_GRTAGha-gBVLB6AZOpdgLussNAYb-MJJjG6iqlpobujKdGlqEgbWgKVHoEXyXsKrfaVykldR0Tl45iCTUZ-j7vOn_eFoZ2cWo8MurNoDh9chdxH4iKH6-aFtPt7l1ytvoXqKtQ0BRLvbxTFYe-dT5FT5ysL6zZ-sTu5jHu=w1600-h1000-k-no,,"{""Monday"": ""7:30AM-8:30PM"", ""Tuesday"": ""7:30AM-8:30PM"", ""Wednesday"": ""7:30AM-8:30PM"", ""Thursday"": ""7:30AM-8:30PM"", ""Friday"": ""7:30AM-8:30PM"", ""Saturday"": ""7:30AM-8:30PM"", ""Sunday"": ""7:30AM-8:30PM""}",Monday:7:30AM-8:30PM|Tuesday:7:30AM-8:30PM|Wednesday:7:30AM-8:30PM|Thursday:7:30AM-8:30PM|Friday:7:30AM-8:30PM|Saturday:7:30AM-8:30PM|Sunday:7:30AM-8:30PM,,,OPERATIONAL,"{""Service options"": {""Outdoor seating"": true, ""Delivery"": true, ""Onsite services"": true, ""Takeout"": true, ""Dine-in"": true}, ""Highlights"": {""Great coffee"": true, ""Great dessert"": true, ""Great tea selection"": true}, ""Popular for"": {""Breakfast"": true, ""Lunch"": true, ""Solo dining"": true, ""Good for working on laptop"": true}, ""Accessibility"": {""Wheelchair accessible entrance"": true, ""Wheelchair accessible parking lot"": true, ""Wheelchair accessible restroom"": true, ""Wheelchair accessible seating"": true}, ""Offerings"": {""Coffee"": true, ""Quick bite"": true}, ""Dining options"": {""Breakfast"": true, ""Brunch"": true, ""Lunch"": true, ""Dinner"": true, ""Dessert"": true}, ""Amenities"": {""Restroom"": true, ""Wi-Fi"": true}, ""Atmosphere"": {""Casual"": true, ""Cozy"": true, ""Trendy"": true}, ""Planning"": {""Accepts reservations"": false}, ""Payments"": {""Credit cards"": true, ""NFC mobile payments"": true}, ""Children"": {""Good for kids"": true}, ""Parking"": {""Free parking lot"": true, ""Free street parking"": true, ""Parking"": true}, ""Pets"": {""Dogs allowed"": true}}",$$,,https://lh4.googleusercontent.com/-4N6rh9zsXGI/AAAAAAAAAAI/AAAAAAAAAAA/ERfXxSHjo9Y/s44-p-k-no-ns-nd/photo.jpg,,,TRUE,111015413735673823766,Java Loco Coffee & Bubble Tea - Van Dorn Plaza,https://www.google.com/maps/contrib/111015413735673823766,,"https://www.google.com/viewer/chooseprovider?mid=/g/11b7cbm4l6&g2lbs=AAEPWCtRjYdfqrPOsKDys2xUoeTR6WEQ_IA_b-3BZCtfB14l-EEmIM1PdJvgsCuu3mD2D_SQRO0L3svHrzpPxEQ5Ps4yfmR5Aw%3D%3D&hl=en-US&gl=us&fo_m=MfohQo559jFvMUOzJVpjPL1YMfZ3bInYwBDuMfaXTPp5KXh-&utm_source=tactile&gei=9dICaLifDJSV0PEPo8XKwQI&ei=9dICaLifDJSV0PEPo8XKwQI&fo_s=OA,SOE&opi=79508299&ebb=1&cs=0&foub=mcpp",,,"https://www.google.com/maps/place/Java+Loco+Coffee+%26+Bubble+Tea+-+Van+Dorn+Plaza/@38.8105312,-77.1337167,14z/data=!4m8!1m2!2m1!1sJava+Loco+Coffee+%26+Bubble+Tea+-+Van+Dorn+Plaza!3m4!1s0x89b7b24c361e83a7:0xa9f2406a2750fe0f!8m2!3d38.8105312!4d-77.1337167","https://www.google.com/maps/place/Java+Loco+Coffee+%26+Bubble+Tea+-+Van+Dorn+Plaza/@38.8105312,-77.1337167,13.99z/data=!4m16!1m7!3m6!1s0x89b7b24c361e83a7:0xa9f2406a2750fe0f!2sJava+Loco+Coffee+%26+Bubble+Tea+-+Van+Dorn+Plaza!8m2!3d38.8105312!4d-77.1337167!16s%2Fg%2F11ckvg1dmb!3m7!1s0x89b7b24c361e83a7:0xa9f2406a2750fe0f!8m2!3d38.8105312!4d-77.1337167!9m1!1b1!16s%2Fg%2F11ckvg1dmb?entry=ttu",ChIJp4MeNkyyt4kRD_5QJ2pA8qk,0x89b7b24c361e83a7:0xa9f2406a2750fe0f,12245921161444130319,/g/11b7cbm4l6,-6200822912265421297,,,,,,,,,,,,,,,,,,,,,,,,,,,,,,,,,,,,,,,,,,,,,,,,,
"boba tea, 22242, Arlington, VA, US",Java Loco Coffee & Bubble Tea (Crystal City),Java Loco Coffee And Bubble Tea Crystal City,,Coffee shop,coffee shops,Coffee shop,+1 703-566-1718,"2777 Crystal Dr, Arlington, VA 22202",Crystal City,2777 Crystal Dr,Arlington,22202,Virginia,Virginia,United States of America,US,38.8486004,-77.0507796,892aa87b1cbffff,America/New_York,,FALSE,4,3,"https://search.google.com/local/reviews?placeid=ChIJ15jwzzS3t4kRkVNoYKzjy2Q&q=boba+tea,+22242,+Arlington,+VA,+US&authuser=0&hl=en&gl=US",,,0,1,0,0,2,5,https://lh3.googleusercontent.com/p/AF1QipN7MPRp5sKV7vuEV8KpOJ3SZI09JYDvCnsDJwwg=w800-h500-k-no,https://lh3.googleusercontent.com/p/AF1QipN7MPRp5sKV7vuEV8KpOJ3SZI09JYDvCnsDJwwg=w1600-h1000-k-no,,"{""Monday"": ""6:30AM-4PM"", ""Tuesday"": ""6:30AM-4PM"", ""Wednesday"": ""6:30AM-4PM"", ""Thursday"": ""6:30AM-4PM"", ""Friday"": ""6:30AM-4PM"", ""Saturday"": ""Closed"", ""Sunday"": ""Closed""}",Monday:6:30AM-4PM|Tuesday:6:30AM-4PM|Wednesday:6:30AM-4PM|Thursday:6:30AM-4PM|Friday:6:30AM-4PM|Saturday:Closed|Sunday:Closed,,,OPERATIONAL,"{""Service options"": {""Takeout"": true, ""Dine-in"": true, ""Delivery"": false}, ""Popular for"": {""Solo dining"": true}, ""Accessibility"": {""Wheelchair accessible entrance"": true, ""Wheelchair accessible parking lot"": true}, ""Offerings"": {""Coffee"": true, ""Quick bite"": true}, ""Dining options"": {""Lunch"": true, ""Dessert"": true}, ""Atmosphere"": {""Casual"": true}, ""Payments"": {""Credit cards"": true}, ""Children"": {""Good for kids"": true}, ""Pets"": {""Dogs allowed outside"": true}}",,,https://lh4.googleusercontent.com/-TKIoLlSaAas/AAAAAAAAAAI/AAAAAAAAAAA/UxFhNYrrAgQ/s44-p-k-no-ns-nd/photo.jpg,,,TRUE,103274704791960700639,Java Loco Coffee & Bubble Tea - Crystal City,https://www.google.com/maps/contrib/103274704791960700639,,"https://www.google.com/viewer/chooseprovider?mid=/g/11w_prqnn5&g2lbs=AAEPWCulbOuuQAQoCU0ygxxCoBrdi9wgcTx5fWbAA4giAVqmFziXk-LZXKEEODDF_W4NhSjlPE7iaQUWX6fSqtNf1bnoRFlEmw%3D%3D&hl=en-US&gl=us&fo_m=MfohQo559jFvMUOzJVpjPL1YMfZ3bInYwBDuMfaXTPp5KXh-&utm_source=tactile&gei=9tICaN7BNcOM9u8P1e7i8Qg&ei=9tICaN7BNcOM9u8P1e7i8Qg&fo_s=OA,SOE&opi=79508299&orderType=2&ebb=1&cs=0&foub=mcpp",,,"https://www.google.com/maps/place/Java+Loco+Coffee+%26+Bubble+Tea+-+Crystal+City/@38.848600399999995,-77.0507796,14z/data=!4m8!1m2!2m1!1sJava+Loco+Coffee+%26+Bubble+Tea+-+Crystal+City!3m4!1s0x89b7b734cff098d7:0x64cbe3ac60685391!8m2!3d38.848600399999995!4d-77.0507796","https://www.google.com/maps/place/Java+Loco+Coffee+%26+Bubble+Tea+-+Crystal+City/@38.848600399999995,-77.0507796,13.99z/data=!4m16!1m7!3m6!1s0x89b7b734cff098d7:0x64cbe3ac60685391!2sJava+Loco+Coffee+%26+Bubble+Tea+-+Crystal+City!8m2!3d38.848600399999995!4d-77.0507796!16s%2Fg%2F11ckvg1dmb!3m7!1s0x89b7b734cff098d7:0x64cbe3ac60685391!8m2!3d38.848600399999995!4d-77.0507796!9m1!1b1!16s%2Fg%2F11ckvg1dmb?entry=ttu",ChIJ15jwzzS3t4kRkVNoYKzjy2Q,0x89b7b734cff098d7:0x64cbe3ac60685391,7263149153556386705,/g/11w_prqnn5,7263149153556386705,,,,,,,,,,,,,,,,,,,,,,,,,,,,,,,,,,,,,,,,,,,,,,,,,
"boba tea, 22242, Arlington, VA, US",Gong Cha,Gong Cha,https://www.gongchadmv.online/order?utm_source=googlemap,Restaurant,restaurants,Restaurant,+1 571-257-7470,"1650 Wilson Blvd Suite 100A, Arlington, VA 22209",Rosslyn,1650 Wilson Blvd Suite 100A,Arlington,22209,Virginia,Virginia,United States of America,US,38.8940354,-77.0777833,892aa84ebb3ffff,America/New_York,,FALSE,4,142,"https://search.google.com/local/reviews?placeid=ChIJwZt8YX-3t4kRHi_BXYHOBxI&q=boba+tea,+22242,+Arlington,+VA,+US&authuser=0&hl=en&gl=US",,,21,7,11,10,93,115,https://lh3.googleusercontent.com/p/AF1QipPlQG5aQ_ToO4xZ-3jvajCr22hyw0qOa_zW-713=w800-h500-k-no,https://lh3.googleusercontent.com/p/AF1QipPlQG5aQ_ToO4xZ-3jvajCr22hyw0qOa_zW-713=w1600-h1000-k-no,,"{""Monday"": ""11:15AM-9:45PM"", ""Tuesday"": ""11:15AM-9:45PM"", ""Wednesday"": ""11:15AM-9:45PM"", ""Thursday"": ""11:15AM-9:45PM"", ""Friday"": ""11:15AM-10:45PM"", ""Saturday"": ""12:15-10:45PM"", ""Sunday"": ""12:15-9:45PM""}",Monday:11:15AM-9:45PM|Tuesday:11:15AM-9:45PM|Wednesday:11:15AM-9:45PM|Thursday:11:15AM-9:45PM|Friday:11:15AM-10:45PM|Saturday:12:15-10:45PM|Sunday:12:15-9:45PM,,,OPERATIONAL,"{""Service options"": {""Delivery"": true, ""Onsite services"": true, ""Takeout"": true, ""Dine-in"": true}, ""Highlights"": {""Great tea selection"": true}, ""Popular for"": {""Solo dining"": true}, ""Accessibility"": {""Wheelchair accessible entrance"": true, ""Wheelchair accessible parking lot"": true}, ""Offerings"": {""Coffee"": true, ""Quick bite"": true}, ""Dining options"": {""Dessert"": true}, ""Atmosphere"": {""Casual"": true, ""Trendy"": true}, ""Crowd"": {""College students"": true, ""Tourists"": true}, ""Planning"": {""Accepts reservations"": true}, ""Payments"": {""Credit cards"": true, ""Debit cards"": true, ""NFC mobile payments"": true}, ""Children"": {""Good for kids"": true}, ""Pets"": {""Dogs allowed outside"": true}}",$,,https://lh6.googleusercontent.com/-Sz9MjQte6sI/AAAAAAAAAAI/AAAAAAAAAAA/AGo8wHwU60o/s44-p-k-no-ns-nd/photo.jpg,,,TRUE,100495849201378717063,Gong Cha,https://www.google.com/maps/contrib/100495849201378717063,https://www.gongchadmv.online/order?utm_source=googlemap&utm_medium=click&utm_campaign=orderrefer&sid=553592135585214464,"https://www.google.com/viewer/chooseprovider?mid=/g/11jp0cystl&g2lbs=AAEPWCtESsRwb1rV5wZ2mq6agYBsiJ3gjJWsJOKfLz1ijxrszcuQoOzg2y1CUFvaVaBjpYKK-C8d1tVA5aHMXWsOwMfaz6-njQ%3D%3D&hl=en-US&gl=us&fo_m=MfohQo559jFvMUOzJVpjPL1YMfZ3bInYwBDuMfaXTPp5KXh-&utm_source=tactile&gei=9tICaN7BNcOM9u8P1e7i8Qg&ei=9tICaN7BNcOM9u8P1e7i8Qg&fo_s=OA,SOE&opi=79508299&ebb=1&cs=0&foub=mcpp",,https://www.gongchadmv.online/order?utm_source=googlemap&utm_medium=click&utm_campaign=orderrefer&sid=553592135585214464,"https://www.google.com/maps/place/Gong+Cha/@38.8940354,-77.0777833,14z/data=!4m8!1m2!2m1!1sGong+Cha!3m4!1s0x89b7b77f617c9bc1:0x1207ce815dc12f1e!8m2!3d38.8940354!4d-77.0777833","https://www.google.com/maps/place/Gong+Cha/@38.8940354,-77.0777833,13.99z/data=!4m16!1m7!3m6!1s0x89b7b77f617c9bc1:0x1207ce815dc12f1e!2sGong+Cha!8m2!3d38.8940354!4d-77.0777833!16s%2Fg%2F11ckvg1dmb!3m7!1s0x89b7b77f617c9bc1:0x1207ce815dc12f1e!8m2!3d38.8940354!4d-77.0777833!9m1!1b1!16s%2Fg%2F11ckvg1dmb?entry=ttu",ChIJwZt8YX-3t4kRHi_BXYHOBxI,0x89b7b77f617c9bc1:0x1207ce815dc12f1e,1299234072538722078,/g/11jp0cystl,1299234072538722078,,zhaowenhao@riverroad.cn,RECEIVING,SMTP validated,,,,,,,,,,,,,,,,,,,,,,,,,,,,,,,,,,,,,,,,Gong Cha DMV,,,,FALSE,FALSE
"boba tea, 22242, Arlington, VA, US",Gong Cha Springfield,Gong Cha Springfield,https://gongcha.alaeat.com/order,"Bubble tea store, Coffee shop, Coffee store, Dessert shop",Bubble tea store,Bubble tea store,+1 703-783-5883,"6310 Springfield Plaza, Springfield, VA 22150",None,6310 Springfield Plaza,Springfield,22150,Virginia,Virginia,United States of America,US,38.7813726,-77.1870597,892aaab6a8fffff,America/New_York,,FALSE,4.5,103,"https://search.google.com/local/reviews?placeid=ChIJI1cxCtmzt4kRFfYI8pKRPVI&q=boba+tea,+22242,+Arlington,+VA,+US&authuser=0&hl=en&gl=US",,,8,2,3,10,80,313,https://lh3.googleusercontent.com/gps-cs-s/AB5caB9GhUn7voZ9MKatEPP0iKZAUdHYmchrMjUenG4hYQzT_GL7Zmm9Vr4ZuoC5lAHMY4bheqgURPQESKKGORIy61QIBeiVIqOENXz6-pM1xRIIkEjtTDBdXsZyherHh9kojnIut8pYeA=w800-h500-k-no,https://lh3.googleusercontent.com/gps-cs-s/AB5caB9GhUn7voZ9MKatEPP0iKZAUdHYmchrMjUenG4hYQzT_GL7Zmm9Vr4ZuoC5lAHMY4bheqgURPQESKKGORIy61QIBeiVIqOENXz6-pM1xRIIkEjtTDBdXsZyherHh9kojnIut8pYeA=w1600-h1000-k-no,,"{""Monday"": ""11:30AM-9PM"", ""Tuesday"": ""11:30AM-9PM"", ""Wednesday"": ""11:30AM-9PM"", ""Thursday"": ""11:30AM-9PM"", ""Friday"": ""11:30AM-10PM"", ""Saturday"": ""11:30AM-10PM"", ""Sunday"": ""11:30AM-9PM""}",Monday:11:30AM-9PM|Tuesday:11:30AM-9PM|Wednesday:11:30AM-9PM|Thursday:11:30AM-9PM|Friday:11:30AM-10PM|Saturday:11:30AM-10PM|Sunday:11:30AM-9PM,,,OPERATIONAL,"{""Service options"": {""Delivery"": true, ""Onsite services"": true, ""Takeout"": true, ""Dine-in"": true}, ""Highlights"": {""Great tea selection"": true}, ""Accessibility"": {""Wheelchair accessible entrance"": true, ""Wheelchair accessible parking lot"": true, ""Wheelchair accessible restroom"": true}, ""Crowd"": {""LGBTQ+ friendly"": true, ""Transgender safespace"": true}, ""Parking"": {""Free street parking"": true}, ""Other"": {""LGBTQ+ friendly"": true}}",$,,https://lh5.googleusercontent.com/-4wc3xHTsx5I/AAAAAAAAAAI/AAAAAAAAAAA/sKelD-O_nQE/s44-p-k-no-ns-nd/photo.jpg,,,TRUE,117588005631811956688,Gong Cha Springfield,https://www.google.com/maps/contrib/117588005631811956688,,"https://www.google.com/viewer/chooseprovider?mid=/g/11rr3kxjmf&g2lbs=AAEPWCt2PNeMcUvoH8QuHNN1iyDTfNQRI-LIIBTQz41AjE3AmTI16TbjXvphE2hhE6GbTOzzSfvfE7xhKcmynVI9UDrgyO_tJQ%3D%3D&hl=en-US&gl=us&fo_m=MfohQo559jFvMUOzJVpjPL1YMfZ3bInYwBDuMfaXTPp5KXh-&utm_source=tactile&gei=99ICaMajKb_q7_UPkZOl4AE&ei=99ICaMajKb_q7_UPkZOl4AE&fo_s=OA,SOE&opi=79508299&ebb=1&cs=0&foub=mcpp",,,"https://www.google.com/maps/place/Gong+Cha+Springfield/@38.7813726,-77.18705969999999,14z/data=!4m8!1m2!2m1!1sGong+Cha+Springfield!3m4!1s0x89b7b3d90a315723:0x523d9192f208f615!8m2!3d38.7813726!4d-77.18705969999999","https://www.google.com/maps/place/Gong+Cha+Springfield/@38.7813726,-77.18705969999999,13.99z/data=!4m16!1m7!3m6!1s0x89b7b3d90a315723:0x523d9192f208f615!2sGong+Cha+Springfield!8m2!3d38.7813726!4d-77.18705969999999!16s%2Fg%2F11ckvg1dmb!3m7!1s0x89b7b3d90a315723:0x523d9192f208f615!8m2!3d38.7813726!4d-77.18705969999999!9m1!1b1!16s%2Fg%2F11ckvg1dmb?entry=ttu",ChIJI1cxCtmzt4kRFfYI8pKRPVI,0x89b7b3d90a315723:0x523d9192f208f615,5926052745001367061,/g/11rr3kxjmf,5926052745001367061,,zhaowenhao@riverroad.cn,RECEIVING,SMTP validated,,,,,,,,,,,,,,,,,,,,,,,,,,,,,,,,,,,,,,,,Gong Cha DMV,,,,FALSE,FALSE
"boba tea, 22242, Arlington, VA, US",Moge Tee Springfield,Moge Tee Springfield,https://www.mogeteespringfieldva.com/,Bubble tea store,Bubble tea store,Bubble tea store,+1 703-888-3256,"6575 Frontier Dr, Springfield, VA 22150",None,6575 Frontier Dr,Springfield,22150,Virginia,Virginia,United States of America,US,38.7741996,-77.1705343,892aaab6877ffff,America/New_York,,FALSE,4.5,40,"https://search.google.com/local/reviews?placeid=ChIJHbRJra6tt4kRyPT2RWbExB0&q=boba+tea,+22242,+Arlington,+VA,+US&authuser=0&hl=en&gl=US",,,3,1,0,7,29,147,https://lh3.googleusercontent.com/gps-cs-s/AB5caB9wbC6nhCq-JWDIleWyoqgtwh3U2Sf2nuCU0S9as74GdDmA0Z4NY05ZJjW8QRXDxhvN79xUMxTt90nWASswZS5AmqbgxaryRJZ9WzeLq3HuJQCNhTiXijI_lewMGopt_1K7M8Kt=w800-h500-k-no,https://lh3.googleusercontent.com/gps-cs-s/AB5caB9wbC6nhCq-JWDIleWyoqgtwh3U2Sf2nuCU0S9as74GdDmA0Z4NY05ZJjW8QRXDxhvN79xUMxTt90nWASswZS5AmqbgxaryRJZ9WzeLq3HuJQCNhTiXijI_lewMGopt_1K7M8Kt=w1600-h1000-k-no,,"{""Monday"": ""12-9PM"", ""Tuesday"": ""12-9PM"", ""Wednesday"": ""12-9PM"", ""Thursday"": ""12-9PM"", ""Friday"": ""12-9PM"", ""Saturday"": ""12-9PM"", ""Sunday"": ""12-9PM""}",Monday:12-9PM|Tuesday:12-9PM|Wednesday:12-9PM|Thursday:12-9PM|Friday:12-9PM|Saturday:12-9PM|Sunday:12-9PM,,,OPERATIONAL,"{""Service options"": {""Curbside pickup"": true, ""No-contact delivery"": true, ""Delivery"": true, ""Onsite services"": true, ""Takeout"": true, ""Dine-in"": true}, ""Highlights"": {""Great tea selection"": true}, ""Accessibility"": {""Wheelchair accessible entrance"": true, ""Wheelchair accessible parking lot"": true}}",$,,https://lh5.googleusercontent.com/-mC98on-9Xdc/AAAAAAAAAAI/AAAAAAAAAAA/DBQWJnEGMok/s44-p-k-no-ns-nd/photo.jpg,,,TRUE,106758879629153106258,Moge Tee Springfield,https://www.google.com/maps/contrib/106758879629153106258,,"https://www.google.com/viewer/chooseprovider?mid=/g/11vk8qql80&g2lbs=AAEPWCsWKgAdYUm4aY_lnX2F-6m3pakn-tWfe4V26B1n7e64RNNbqJOe6Ec_SF3B7tcgXCJQYfzYht-bdvZ5v88IOlJe_-DSyA%3D%3D&hl=en-US&gl=us&fo_m=MfohQo559jFvMUOzJVpjPL1YMfZ3bInYwBDuMfaXTPp5KXh-&utm_source=tactile&gei=99ICaMajKb_q7_UPkZOl4AE&ei=99ICaMajKb_q7_UPkZOl4AE&fo_s=OA,SOE&opi=79508299&ebb=1&cs=0&foub=mcpp",,,"https://www.google.com/maps/place/Moge+Tee+Springfield/@38.774199599999996,-77.1705343,14z/data=!4m8!1m2!2m1!1sMoge+Tee+Springfield!3m4!1s0x89b7adaead49b41d:0x1dc4c46645f6f4c8!8m2!3d38.774199599999996!4d-77.1705343","https://www.google.com/maps/place/Moge+Tee+Springfield/@38.774199599999996,-77.1705343,13.99z/data=!4m16!1m7!3m6!1s0x89b7adaead49b41d:0x1dc4c46645f6f4c8!2sMoge+Tee+Springfield!8m2!3d38.774199599999996!4d-77.1705343!16s%2Fg%2F11ckvg1dmb!3m7!1s0x89b7adaead49b41d:0x1dc4c46645f6f4c8!8m2!3d38.774199599999996!4d-77.1705343!9m1!1b1!16s%2Fg%2F11ckvg1dmb?entry=ttu",ChIJHbRJra6tt4kRyPT2RWbExB0,0x89b7adaead49b41d:0x1dc4c46645f6f4c8,2145055266074719432,/g/11vk8qql80,2145055266074719432,,,,,,,,,,,,,,,,,,,,,,,,,,7038883255,,,,,,,,,,,,,,,,,,Moge Tee | Online Order | Springfield | VA,Divi v.4.19.2,,,FALSE,FALSE
"boba tea, 22242, Arlington, VA, US",Soricha Tea & Theater,Soricha Tea And Theater,http://www.soricha.com/,Tea house,Tea house,Tea house,+1 703-642-0020,"7112 Columbia Pike, Annandale, VA 22003",None,7112 Columbia Pike,Annandale,22003,Virginia,Virginia,United States of America,US,38.8330032,-77.1914179,892aaab600bffff,America/New_York,,FALSE,4.7,535,"https://search.google.com/local/reviews?placeid=ChIJUdeLVzKzt4kRfrmfCRdoWV0&q=boba+tea,+22242,+Arlington,+VA,+US&authuser=0&hl=en&gl=US",,,8,7,19,58,443,980,https://lh3.googleusercontent.com/p/AF1QipNH2ly_HRHUVgFch56ulSBzy74nC5TOdMjSqgRb=w800-h500-k-no,https://lh3.googleusercontent.com/p/AF1QipNH2ly_HRHUVgFch56ulSBzy74nC5TOdMjSqgRb=w1600-h1000-k-no,,"{""Monday"": ""12-9:30PM"", ""Tuesday"": ""12-9:30PM"", ""Wednesday"": ""12-9:30PM"", ""Thursday"": ""12-9:30PM"", ""Friday"": ""11:30AM-10PM"", ""Saturday"": ""11:30AM-10PM"", ""Sunday"": ""11:30AM-10PM""}",Monday:12-9:30PM|Tuesday:12-9:30PM|Wednesday:12-9:30PM|Thursday:12-9:30PM|Friday:11:30AM-10PM|Saturday:11:30AM-10PM|Sunday:11:30AM-10PM,,,OPERATIONAL,"{""Service options"": {""Delivery"": true, ""Onsite services"": true, ""Takeout"": true, ""Dine-in"": true}, ""Highlights"": {""Great tea selection"": true}, ""Accessibility"": {""Wheelchair accessible entrance"": true, ""Wheelchair accessible parking lot"": true, ""Assistive hearing loop"": false, ""Wheelchair accessible restroom"": false, ""Wheelchair accessible seating"": false}}",$$,,https://lh6.googleusercontent.com/-UuuT6NVVpjE/AAAAAAAAAAI/AAAAAAAAAAA/NJ4bTdDLNu0/s44-p-k-no-ns-nd/photo.jpg,,,TRUE,101750704630393161980,Soricha Tea & Theater,https://www.google.com/maps/contrib/101750704630393161980,https://www.soricha.com/reservation.html,https://www.soricha.com/reservation.html,,https://www.soricha.com/reservation.html,"https://www.google.com/maps/place/Soricha+Tea+%26+Theater/@38.8330032,-77.19141789999999,14z/data=!4m8!1m2!2m1!1sSoricha+Tea+%26+Theater!3m4!1s0x89b7b332578bd751:0x5d596817099fb97e!8m2!3d38.8330032!4d-77.19141789999999","https://www.google.com/maps/place/Soricha+Tea+%26+Theater/@38.8330032,-77.19141789999999,13.99z/data=!4m16!1m7!3m6!1s0x89b7b332578bd751:0x5d596817099fb97e!2sSoricha+Tea+%26+Theater!8m2!3d38.8330032!4d-77.19141789999999!16s%2Fg%2F11ckvg1dmb!3m7!1s0x89b7b332578bd751:0x5d596817099fb97e!8m2!3d38.8330032!4d-77.19141789999999!9m1!1b1!16s%2Fg%2F11ckvg1dmb?entry=ttu",ChIJUdeLVzKzt4kRfrmfCRdoWV0,0x89b7b332578bd751:0x5d596817099fb97e,6726521966609545598,/g/11bv1p64wb,6726521966609545598,,soricha2015@gmail.com,RECEIVING,SMTP validated,,,,,,sorichatysons@gmail.com,RECEIVING,SMTP validated,,,,,,ramiseo.com@gmail.com,RECEIVING,SMTP validated,,,,,,17036420020,,,https://www.facebook.com/soricha.co,https://www.instagram.com/soricha.co,,,,,,,,,https://www.twitter.com/soricha_co,,,,,Featured Products,,,,FALSE,FALSE
"boba tea, 22242, Arlington, VA, US",Roll Play - Rosslyn,Roll Play Rosslyn,https://www.rollplaygrill.com/,"Vietnamese restaurant, Coffee shop, Pho restaurant, Tea house",restaurants,Vietnamese restaurant,+1 571-800-1881,"1800 N Lynn St #102, Arlington, VA 22209",Rosslyn,1800 N Lynn St #102,Arlington,22209,Virginia,Virginia,United States of America,US,38.8969633,-77.0713952,892aa84e943ffff,America/New_York,,FALSE,4.1,325,"https://search.google.com/local/reviews?placeid=ChIJJyCFQIe3t4kRm6eoteFI9BU&q=boba+tea,+22242,+Arlington,+VA,+US&authuser=0&hl=en&gl=US",,,32,21,22,50,200,381,https://lh3.googleusercontent.com/p/AF1QipPXfYkLWttbwFEEYowRt9_ZbM3qVnXZnEU8nNOt=w800-h500-k-no,https://lh3.googleusercontent.com/p/AF1QipPXfYkLWttbwFEEYowRt9_ZbM3qVnXZnEU8nNOt=w1600-h1000-k-no,,"{""Monday"": ""9AM-1AM"", ""Tuesday"": ""9AM-1AM"", ""Wednesday"": ""9AM-1AM"", ""Thursday"": ""9AM-1AM"", ""Friday"": ""9AM-1AM"", ""Saturday"": ""9AM-1AM"", ""Sunday"": ""9AM-1AM""}",Monday:9AM-1AM|Tuesday:9AM-1AM|Wednesday:9AM-1AM|Thursday:9AM-1AM|Friday:9AM-1AM|Saturday:9AM-1AM|Sunday:9AM-1AM,,,OPERATIONAL,"{""Service options"": {""Delivery"": true, ""Onsite services"": true, ""Takeout"": true, ""Dine-in"": true}, ""Highlights"": {""Fast service"": true, ""Great tea selection"": true}, ""Popular for"": {""Lunch"": true, ""Dinner"": true, ""Solo dining"": true}, ""Accessibility"": {""Wheelchair accessible entrance"": true, ""Wheelchair accessible restroom"": true, ""Wheelchair accessible seating"": true}, ""Offerings"": {""Alcohol"": true, ""Beer"": true, ""Coffee"": true, ""Comfort food"": true, ""Healthy options"": true, ""Late-night food"": true, ""Quick bite"": true, ""Small plates"": true, ""Vegetarian options"": true}, ""Dining options"": {""Breakfast"": true, ""Lunch"": true, ""Dinner"": true, ""Catering"": true, ""Counter service"": true, ""Dessert"": true, ""Seating"": true}, ""Amenities"": {""Restroom"": true, ""Wi-Fi"": true}, ""Atmosphere"": {""Casual"": true, ""Trendy"": true}, ""Planning"": {""Accepts reservations"": false}, ""Payments"": {""Credit cards"": true, ""Debit cards"": true, ""NFC mobile payments"": true}, ""Children"": {""Good for kids"": true, ""High chairs"": true, ""Kids' menu"": true}, ""Parking"": {""Paid parking lot"": true}}",$$,,https://lh5.googleusercontent.com/-EN_3PklTobE/AAAAAAAAAAI/AAAAAAAAAAA/cLslsWjRBLE/s44-p-k-no-ns-nd/photo.jpg,"Dishes out Vietnamese rolls, pho, and sandwiches in an airy, bi-level restaurant with counter service.",,TRUE,109157994210711769254,Roll Play - Rosslyn,https://www.google.com/maps/contrib/109157994210711769254,,"https://www.google.com/viewer/chooseprovider?mid=/g/11j3rrhkg9&g2lbs=AAEPWCvET73kDKEwZp2hmKVot2Sqs2gVB_7VrxweQ_TPV00ebPSytzpymgiw6syjBjIZXRmgOwhxsO_PYiPiXaHrRWWoIZAc6A%3D%3D&hl=en-US&gl=us&fo_m=MfohQo559jFvMUOzJVpjPL1YMfZ3bInYwBDuMfaXTPp5KXh-&utm_source=tactile&gei=-NICaJuyL9S7i-gP97-RgQI&ei=-NICaJuyL9S7i-gP97-RgQI&fo_s=OA,SOE&opi=79508299&ebb=1&cs=0&foub=mcpp",,,"https://www.google.com/maps/place/Roll+Play+-+Rosslyn/@38.896963299999996,-77.0713952,14z/data=!4m8!1m2!2m1!1sRoll+Play+-+Rosslyn!3m4!1s0x89b7b78740852027:0x15f448e1b5a8a79b!8m2!3d38.896963299999996!4d-77.0713952","https://www.google.com/maps/place/Roll+Play+-+Rosslyn/@38.896963299999996,-77.0713952,13.99z/data=!4m16!1m7!3m6!1s0x89b7b78740852027:0x15f448e1b5a8a79b!2sRoll+Play+-+Rosslyn!8m2!3d38.896963299999996!4d-77.0713952!16s%2Fg%2F11ckvg1dmb!3m7!1s0x89b7b78740852027:0x15f448e1b5a8a79b!8m2!3d38.896963299999996!4d-77.0713952!9m1!1b1!16s%2Fg%2F11ckvg1dmb?entry=ttu",ChIJJyCFQIe3t4kRm6eoteFI9BU,0x89b7b78740852027:0x15f448e1b5a8a79b,1581969503366457243,/g/11j3rrhkg9,1581969503366457243,,eatrollplay@gmail.com,RECEIVING,SMTP validated,,,,,,,,,,,,,,,,,,,,,,7038915665,6315061329,+1 703-891-5595,https://www.facebook.com/rollplaygrill/?locale=nn_NO,https://www.instagram.com/rollplaygrill,,,,,,,,,,,,,,Roll Play | Vietnamese Grill,WordPress 6.0.1,,,TRUE,TRUE
"boba tea, 22242, Arlington, VA, US",TNR Cafe,Tnr Cafe,http://tnrcafe.com/,"Bubble tea store, Asian restaurant, Bar, Chinese restaurant, Chinese takeaway, Seafood restaurant",restaurants,Bubble tea store,+1 571-217-0766,"2049 Wilson Blvd, Arlington, VA 22201",Colonial Village,2049 Wilson Blvd,Arlington,22201,Virginia,Virginia,United States of America,US,38.8919529,-77.084083,892aa84ebabffff,America/New_York,,FALSE,4.2,958,"https://search.google.com/local/reviews?placeid=ChIJ3eXy6GG2t4kRkkgEBSOx-K4&q=boba+tea,+22242,+Arlington,+VA,+US&authuser=0&hl=en&gl=US",,,75,36,69,197,581,896,https://lh3.googleusercontent.com/p/AF1QipMfvv-0Wj8h-n2kmzbi7BXlNr9ADbs7vKEuIzVm=w800-h500-k-no,https://lh3.googleusercontent.com/p/AF1QipMfvv-0Wj8h-n2kmzbi7BXlNr9ADbs7vKEuIzVm=w1600-h1000-k-no,,"{""Monday"": ""11AM-11PM"", ""Tuesday"": ""11AM-11PM"", ""Wednesday"": ""11AM-11PM"", ""Thursday"": ""11AM-11PM"", ""Friday"": ""11AM-11PM"", ""Saturday"": ""11:30AM-11PM"", ""Sunday"": ""11:30AM-11PM""}",Monday:11AM-11PM|Tuesday:11AM-11PM|Wednesday:11AM-11PM|Thursday:11AM-11PM|Friday:11AM-11PM|Saturday:11:30AM-11PM|Sunday:11:30AM-11PM,"[{""happy_hours"": {""Monday"": ""11 AM-3 PM"", ""Tuesday"": ""11 AM-3 PM"", ""Wednesday"": ""11 AM-3 PM"", ""Thursday"": ""11 AM-3 PM"", ""Friday"": ""11 AM-3 PM"", ""Saturday"": ""Closed"", ""Sunday"": ""Closed""}}, {""delivery"": {""Monday"": ""11 AM-10 PM"", ""Tuesday"": ""11 AM-10 PM"", ""Wednesday"": ""11 AM-10 PM"", ""Thursday"": ""11 AM-10 PM"", ""Friday"": ""11 AM-10:30 PM"", ""Saturday"": ""11:30 AM-10:30 PM"", ""Sunday"": ""11:30 AM-10 PM""}}, {""takeout"": {""Monday"": ""11 AM-10 PM"", ""Tuesday"": ""11 AM-10 PM"", ""Wednesday"": ""11 AM-10 PM"", ""Thursday"": ""11 AM-10 PM"", ""Friday"": ""11 AM-10:30 PM"", ""Saturday"": ""11:30 AM-10:30 PM"", ""Sunday"": ""11:30 AM-10 PM""}}]",,OPERATIONAL,"{""Service options"": {""Outdoor seating"": true, ""No-contact delivery"": true, ""Delivery"": true, ""Takeout"": true, ""Dine-in"": true}, ""Highlights"": {""Fast service"": true, ""Great tea selection"": true, ""Sports"": true}, ""Popular for"": {""Lunch"": true, ""Dinner"": true, ""Solo dining"": true}, ""Accessibility"": {""Wheelchair accessible entrance"": true, ""Wheelchair accessible restroom"": true, ""Wheelchair accessible seating"": true}, ""Offerings"": {""Alcohol"": true, ""Beer"": true, ""Cocktails"": true, ""Coffee"": true, ""Comfort food"": true, ""Halal food"": true, ""Happy hour drinks"": true, ""Happy hour food"": true, ""Hard liquor"": true, ""Healthy options"": true, ""Late-night food"": true, ""Quick bite"": true, ""Vegetarian options"": true, ""Wine"": true}, ""Dining options"": {""Lunch"": true, ""Dinner"": true, ""Catering"": true, ""Dessert"": true, ""Seating"": true}, ""Amenities"": {""Bar onsite"": true, ""Restroom"": true, ""Wi-Fi"": true}, ""Atmosphere"": {""Casual"": true, ""Cozy"": true}, ""Crowd"": {""Groups"": true}, ""Payments"": {""Credit cards"": true, ""Debit cards"": true, ""NFC mobile payments"": true}, ""Children"": {""Good for kids"": true, ""High chairs"": true, ""Kids' menu"": true}, ""Parking"": {""Paid street parking"": true, ""Parking"": true}}",$$,,https://lh4.googleusercontent.com/-GktGH828wqI/AAAAAAAAAAI/AAAAAAAAAAA/twySk3V7kvs/s44-p-k-no-ns-nd/photo.jpg,"Generous portions of traditional Chinese staples served in a cozy, unassuming space.",,TRUE,110351577595989259832,TNR Cafe,https://www.google.com/maps/contrib/110351577595989259832,,"https://www.google.com/viewer/chooseprovider?mid=/g/1tg5_jbh&g2lbs=AAEPWCveiL7lQZLaweY19sHaLlXorXpFllgkQeVwiFVo0xyac6VBTlFeLeze-aQu-4meOJWd2HrD5l8owxHRfFSCSNAEFWXE_Q%3D%3D&hl=en-US&gl=us&fo_m=MfohQo559jFvMUOzJVpjPL1YMfZ3bInYwBDuMfaXTPp5KXh-&utm_source=tactile&gei=-NICaJuyL9S7i-gP97-RgQI&ei=-NICaJuyL9S7i-gP97-RgQI&fo_s=OA,SOE&opi=79508299&ebb=1&cs=0&foub=mcpp",,,"https://www.google.com/maps/place/TNR+Cafe/@38.8919529,-77.08408299999999,14z/data=!4m8!1m2!2m1!1sTNR+Cafe!3m4!1s0x89b7b661e8f2e5dd:0xaef8b12305044892!8m2!3d38.8919529!4d-77.08408299999999","https://www.google.com/maps/place/TNR+Cafe/@38.8919529,-77.08408299999999,13.99z/data=!4m16!1m7!3m6!1s0x89b7b661e8f2e5dd:0xaef8b12305044892!2sTNR+Cafe!8m2!3d38.8919529!4d-77.08408299999999!16s%2Fg%2F11ckvg1dmb!3m7!1s0x89b7b661e8f2e5dd:0xaef8b12305044892!8m2!3d38.8919529!4d-77.08408299999999!9m1!1b1!16s%2Fg%2F11ckvg1dmb?entry=ttu",ChIJ3eXy6GG2t4kRkkgEBSOx-K4,0x89b7b661e8f2e5dd:0xaef8b12305044892,12608021920789842066,/g/1tg5_jbh,-5838722152919709550,,info@tnrcafe.com,RECEIVING,SMTP validated,,,,,,,,,,,,,,,,,,,,,,5712170766,,,https://www.facebook.com/tnrcafe/,https://www.instagram.com/tnrcafe,,,,,,,,,,,,,,"TNR Cafe | Arlington, VA","Powered by LayerSlider 6.8.2 - Multi-Purpose, Responsive, Parallax, Mobile-Friendly Slider Plugin for WordPress.",,,,
"boba tea, 20540, Washington, DC, US",Pekoe,Pekoe,http://www.pekoeteabar.com/,Tea house,Tea house,Tea house,+1 301-304-3418,"101 MGM National Ave, Oxon Hill, MD 20745",None,101 MGM National Ave,Oxon Hill,20745,Maryland,Maryland,United States of America,US,38.7953347,-77.0090325,892aa87852fffff,America/New_York,,FALSE,3.8,36,"https://search.google.com/local/reviews?placeid=ChIJKypL4c-7t4kR3ZvNmDt1Oos&q=boba+tea,+20540,+Washington,+DC,+US&authuser=0&hl=en&gl=US",,,8,2,2,2,22,46,https://lh3.googleusercontent.com/p/AF1QipOzTGPBJXNnXnRGqKf_Hx0elc0ZCT5aR0F8Oslm=w800-h500-k-no,https://lh3.googleusercontent.com/p/AF1QipOzTGPBJXNnXnRGqKf_Hx0elc0ZCT5aR0F8Oslm=w1600-h1000-k-no,,"{""Monday"": ""11AM-1AM"", ""Tuesday"": ""11AM-1AM"", ""Wednesday"": ""11AM-1AM"", ""Thursday"": ""11AM-1AM"", ""Friday"": ""11AM-1AM"", ""Saturday"": ""11AM-1AM"", ""Sunday"": ""11AM-1AM""}",Monday:11AM-1AM|Tuesday:11AM-1AM|Wednesday:11AM-1AM|Thursday:11AM-1AM|Friday:11AM-1AM|Saturday:11AM-1AM|Sunday:11AM-1AM,,,OPERATIONAL,"{""Service options"": {""Takeout"": true, ""Dine-in"": true, ""Delivery"": false}, ""Highlights"": {""Great tea selection"": true}, ""Accessibility"": {""Wheelchair accessible parking lot"": true, ""Wheelchair accessible restroom"": true}}",,,,,,FALSE,None,Pekoe,,,,,,"https://www.google.com/maps/place/Pekoe/@38.7953347,-77.0090325,14z/data=!4m8!1m2!2m1!1sPekoe!3m4!1s0x89b7bbcfe14b2a2b:0x8b3a753b98cd9bdd!8m2!3d38.7953347!4d-77.0090325","https://www.google.com/maps/place/Pekoe/@38.7953347,-77.0090325,13.99z/data=!4m16!1m7!3m6!1s0x89b7bbcfe14b2a2b:0x8b3a753b98cd9bdd!2sPekoe!8m2!3d38.7953347!4d-77.0090325!16s%2Fg%2F11ckvg1dmb!3m7!1s0x89b7bbcfe14b2a2b:0x8b3a753b98cd9bdd!8m2!3d38.7953347!4d-77.0090325!9m1!1b1!16s%2Fg%2F11ckvg1dmb?entry=ttu",ChIJKypL4c-7t4kR3ZvNmDt1Oos,0x89b7bbcfe14b2a2b:0x8b3a753b98cd9bdd,10032460018748333021,/g/11rqspj3yy,-8414284054961218595,,contact@sansoxygen.com,RECEIVING,Role,,,,,,,,,,,,,,,,,,,,,,,,,https://www.facebook.com/pekoetbar,https://www.instagram.com/pekoeteabar,,,,,,,,,,,,https://github.com/andrew-paglinawan/,,Home,Starfield Technologies; Go Daddy Website Builder 8.0.0000,,,,
"boba tea, 20540, Washington, DC, US",Blue Bottle Coffee,Blue Bottle Coffee,https://bluebottlecoffee.com/us/eng/cafes/georgetown?search=true,"Coffee shop, Cafe",coffee shops,Coffee shop,+1 510-661-3510,"1046 Potomac St NW, Washington, DC 20007",Northwest Washington,1046 Potomac St NW,Washington,20007,District of Columbia,District Of Columbia,United States of America,US,38.9043836,-77.0654575,892aa84e9d3ffff,America/New_York,,FALSE,4.4,1240,"https://search.google.com/local/reviews?placeid=ChIJZVJfK0-2t4kR3Bk3JiXTUfs&q=boba+tea,+20540,+Washington,+DC,+US&authuser=0&hl=en&gl=US",,,58,34,88,267,793,1444,https://lh3.googleusercontent.com/p/AF1QipNntlk2KNY-lENqATns3qzU7TRd70tUBlHoEjve=w800-h500-k-no,https://lh3.googleusercontent.com/p/AF1QipNntlk2KNY-lENqATns3qzU7TRd70tUBlHoEjve=w1600-h1000-k-no,,"{""Monday"": ""7AM-8PM"", ""Tuesday"": ""7AM-8PM"", ""Wednesday"": ""7AM-8PM"", ""Thursday"": ""7AM-8PM"", ""Friday"": ""7AM-9PM"", ""Saturday"": ""7AM-9PM"", ""Sunday"": ""7AM-8PM""}",Monday:7AM-8PM|Tuesday:7AM-8PM|Wednesday:7AM-8PM|Thursday:7AM-8PM|Friday:7AM-9PM|Saturday:7AM-9PM|Sunday:7AM-8PM,,,OPERATIONAL,"{""Service options"": {""Outdoor seating"": true, ""Delivery"": true, ""Onsite services"": true, ""Takeout"": true, ""Dine-in"": true}, ""Highlights"": {""Great coffee"": true, ""Great tea selection"": true}, ""Popular for"": {""Breakfast"": true, ""Solo dining"": true, ""Good for working on laptop"": true}, ""Accessibility"": {""Wheelchair accessible entrance"": true, ""Wheelchair accessible restroom"": true, ""Wheelchair accessible seating"": true}, ""Offerings"": {""Coffee"": true, ""Prepared foods"": true, ""Quick bite"": true}, ""Dining options"": {""Breakfast"": true, ""Lunch"": true, ""Dessert"": true, ""Seating"": true}, ""Amenities"": {""Restroom"": true}, ""Atmosphere"": {""Casual"": true, ""Cozy"": true, ""Trendy"": true}, ""Crowd"": {""College students"": true, ""Tourists"": true}, ""Planning"": {""Accepts reservations"": false}, ""Payments"": {""Credit cards"": true, ""Debit cards"": true, ""NFC mobile payments"": true}, ""Parking"": {""Paid parking garage"": true, ""Paid street parking"": true, ""Parking"": true}}",$$,,https://lh6.googleusercontent.com/-rxjKDUDDNQs/AAAAAAAAAAI/AAAAAAAAAAA/tFKCx46PS5E/s44-p-k-no-ns-nd/photo.jpg,West Coast coffee culture brand known for roasting top beans offers precision brews in a cool mileau,,TRUE,108192085702935028223,Blue Bottle Coffee,https://www.google.com/maps/contrib/108192085702935028223,,"https://www.google.com/viewer/chooseprovider?mid=/g/11g8p24j__&g2lbs=AAEPWCsECWP9-FnAiJn4HMw4vmDvA_hTl8YNvTiwXMlJ2qUoeD2tH0fXfCQMACYuuGg55aevsbXSdMCdppHxQJYZ7HrJ93fTwA%3D%3D&hl=en-US&gl=us&fo_m=MfohQo559jFvMUOzJVpjPL1YMfZ3bInYwBDuMfaXTPp5KXh-&utm_source=tactile&gei=_tICaOuwI_Si5NoP6OqP2Q0&ei=_tICaOuwI_Si5NoP6OqP2Q0&fo_s=OA,SOE&opi=79508299&ebb=1&cs=0&foub=mcpp",,,"https://www.google.com/maps/place/Blue+Bottle+Coffee/@38.904383599999996,-77.0654575,14z/data=!4m8!1m2!2m1!1sBlue+Bottle+Coffee!3m4!1s0x89b7b64f2b5f5265:0xfb51d325263719dc!8m2!3d38.904383599999996!4d-77.0654575","https://www.google.com/maps/place/Blue+Bottle+Coffee/@38.904383599999996,-77.0654575,13.99z/data=!4m16!1m7!3m6!1s0x89b7b64f2b5f5265:0xfb51d325263719dc!2sBlue+Bottle+Coffee!8m2!3d38.904383599999996!4d-77.0654575!16s%2Fg%2F11ckvg1dmb!3m7!1s0x89b7b64f2b5f5265:0xfb51d325263719dc!8m2!3d38.904383599999996!4d-77.0654575!9m1!1b1!16s%2Fg%2F11ckvg1dmb?entry=ttu",ChIJZVJfK0-2t4kR3Bk3JiXTUfs,0x89b7b64f2b5f5265:0xfb51d325263719dc,18109487733141871068,/g/11g8p24j__,-337256340567680548,,support@bluebottlecoffee.com,RECEIVING,SMTP validated,Unknown Unknown,Unknown,Unknown,Founder,13103923137,caseyg@bluebottlecoffee.com,INVALID,Invalid SMTP,Casey Gipson,Casey,Gipson,Lead Software Architect,15106533394,alexandra@bluebottlecoffee.com,INVALID,Invalid SMTP,Alexandra Hager,Alexandra,Hager,Barista,16094338423,85263642575,15106533394,10262500699,https://www.facebook.com/bluebottlecoffee/,http://instagram.com/bluebottle,https://www.linkedin.com/company/blue-bottle-coffee-co,,,,,,,,http://twitter.com/bluebottleroast,,,https://github.com/segmentio/,,Whole Bean Coffee | Blue Bottle Coffee,,"Blue Bottle Coffee is a specialty coffee roaster with cafes in LA, SF, NYC, & Japan. Enjoy our freshly roasted coffee, brewers and guides online & in-store.","Blue Bottle, coffee, subscription, roasted, beans, shipped, recurring",FALSE,FALSE
"boba tea, 20540, Washington, DC, US",Simply Banh Mi,Simply Banh Mi,,"Bubble tea store, Vietnamese restaurant, Caterer, Gluten-free restaurant, Halal restaurant, Pho restaurant, Sandwich shop, Vegan restaurant",restaurants,Bubble tea store,+1 202-333-5726,"1624 Wisconsin Ave NW, Washington, DC 20007",Northwest Washington,1624 Wisconsin Ave NW,Washington,20007,District of Columbia,District Of Columbia,United States of America,US,38.9114632,-77.065693,892aa84e8b3ffff,America/New_York,,FALSE,4.6,471,"https://search.google.com/local/reviews?placeid=ChIJT69qsDe2t4kR0Lk-kpe46DU&q=boba+tea,+20540,+Washington,+DC,+US&authuser=0&hl=en&gl=US",,,14,11,22,63,361,226,https://lh3.googleusercontent.com/p/AF1QipP4aVFNdThhMxsEvh74ECMBvM4V9AjbVHyxy8bL=w800-h500-k-no,https://lh3.googleusercontent.com/p/AF1QipP4aVFNdThhMxsEvh74ECMBvM4V9AjbVHyxy8bL=w1600-h1000-k-no,,,,,,CLOSED_TEMPORARILY,"{""From the business"": {""Identifies as Asian-owned"": true}, ""Service options"": {""No-contact delivery"": true, ""Delivery"": true, ""Takeout"": true}, ""Accessibility"": {""Wheelchair accessible entrance"": false, ""Wheelchair accessible parking lot"": false, ""Wheelchair accessible seating"": false}, ""Offerings"": {""Coffee"": true, ""Comfort food"": true, ""Halal food"": true, ""Vegan options"": true, ""Vegetarian options"": true}, ""Dining options"": {""Lunch"": true, ""Dinner"": true, ""Catering"": true, ""Dessert"": true}, ""Amenities"": {""Restroom"": true}, ""Crowd"": {""Family-friendly"": true, ""LGBTQ+ friendly"": true, ""Transgender safespace"": true}, ""Planning"": {""Accepts reservations"": false}, ""Payments"": {""Credit cards"": true, ""NFC mobile payments"": true}, ""Children"": {""Good for kids"": true}, ""Parking"": {""Free street parking"": true, ""Paid street parking"": true}, ""Pets"": {""Dogs allowed outside"": true}, ""Other"": {""LGBTQ+ friendly"": true, ""Identifies as Asian-owned"": true}}",$,,https://lh4.googleusercontent.com/-riAnpJj1qas/AAAAAAAAAAI/AAAAAAAAAAA/p_HANtHfHM8/s44-p-k-no-ns-nd/photo.jpg,"Chill basement-level cafe serving Vietnamese sandwiches & soups, including halal & vegan options.",,TRUE,101073053642572047079,Simply Banh Mi,https://www.google.com/maps/contrib/101073053642572047079,,,,,"https://www.google.com/maps/place/Simply+Banh+Mi/@38.9114632,-77.065693,14z/data=!4m8!1m2!2m1!1sSimply+Banh+Mi!3m4!1s0x89b7b637b06aaf4f:0x35e8b897923eb9d0!8m2!3d38.9114632!4d-77.065693","https://www.google.com/maps/place/Simply+Banh+Mi/@38.9114632,-77.065693,13.99z/data=!4m16!1m7!3m6!1s0x89b7b637b06aaf4f:0x35e8b897923eb9d0!2sSimply+Banh+Mi!8m2!3d38.9114632!4d-77.065693!16s%2Fg%2F11ckvg1dmb!3m7!1s0x89b7b637b06aaf4f:0x35e8b897923eb9d0!8m2!3d38.9114632!4d-77.065693!9m1!1b1!16s%2Fg%2F11ckvg1dmb?entry=ttu",ChIJT69qsDe2t4kR0Lk-kpe46DU,0x89b7b637b06aaf4f:0x35e8b897923eb9d0,3884557639740209616,/g/1z44bkcv0,3884557639740209616,,simplybanhmi@gmail.com,RECEIVING,SMTP validated,,,,,,,,,,,,,,,,,,,,,,12023335726,,,https://www.facebook.com/simplybanhmi/,,,,,,,,,,,,,,,,,,,,
"boba tea, 20505, Washington, DC, US",TEASHI,Teashi,http://www.teashidc.com/,Chinese restaurant,restaurants,Chinese restaurant,+1 202-506-5568,"1234 19th St NW #100, Washington, DC 20036",Downtown,1234 19th St NW #100,Washington,20036,District of Columbia,District Of Columbia,United States of America,US,38.9068753,-77.0437629,892aa84ed37ffff,America/New_York,,FALSE,4.8,152,"https://search.google.com/local/reviews?placeid=ChIJX1RQ-bG3t4kRFQG5gEYKHxQ&q=boba+tea,+20505,+Washington,+DC,+US&authuser=0&hl=en&gl=US",,,2,3,6,6,135,104,https://lh3.googleusercontent.com/gps-cs-s/AB5caB__Ap5UPlChLDOMWwmj4MfpTG8cj9PI49NN-djaDyNHRyKPrOUhsKJ3nrwEiX40s2dxyvq_jUhZP4w5JwsZ8js7bLvLa5OQij98UrPLvXgduKPr6jBs6mf4sBcJryn0EoewsLBA=w800-h500-k-no,https://lh3.googleusercontent.com/gps-cs-s/AB5caB__Ap5UPlChLDOMWwmj4MfpTG8cj9PI49NN-djaDyNHRyKPrOUhsKJ3nrwEiX40s2dxyvq_jUhZP4w5JwsZ8js7bLvLa5OQij98UrPLvXgduKPr6jBs6mf4sBcJryn0EoewsLBA=w1600-h1000-k-no,,"{""Monday"": ""10AM-9PM"", ""Tuesday"": ""10AM-9PM"", ""Wednesday"": ""10AM-9PM"", ""Thursday"": ""10AM-9PM"", ""Friday"": ""10AM-9PM"", ""Saturday"": ""10AM-9PM"", ""Sunday"": ""11AM-9PM""}",Monday:10AM-9PM|Tuesday:10AM-9PM|Wednesday:10AM-9PM|Thursday:10AM-9PM|Friday:10AM-9PM|Saturday:10AM-9PM|Sunday:11AM-9PM,,,OPERATIONAL,"{""Service options"": {""Outdoor seating"": true, ""Delivery"": true, ""Takeout"": true, ""Dine-in"": true}, ""Highlights"": {""Great tea selection"": true}, ""Popular for"": {""Lunch"": true, ""Dinner"": true, ""Solo dining"": true}, ""Accessibility"": {""Wheelchair accessible entrance"": true}, ""Offerings"": {""Comfort food"": true, ""Quick bite"": true}, ""Dining options"": {""Lunch"": true, ""Dinner"": true, ""Dessert"": true, ""Seating"": true}, ""Atmosphere"": {""Casual"": true}, ""Payments"": {""Credit cards"": true, ""Debit cards"": true, ""NFC mobile payments"": true}, ""Children"": {""Good for kids"": true, ""Kids' menu"": true}, ""Pets"": {""Dogs allowed outside"": true}}",$,,https://lh6.googleusercontent.com/-XTbpwADi9Pg/AAAAAAAAAAI/AAAAAAAAAAA/tG_29yavJr4/s44-p-k-no-ns-nd/photo.jpg,,,TRUE,107583315325795245676,TEASHI,https://www.google.com/maps/contrib/107583315325795245676,,"https://www.google.com/viewer/chooseprovider?mid=/g/11gf2d0_1j&g2lbs=AAEPWCuGbh2OCaqYxaij3o4lRy7yqLWkYMnnCYhLIvBYjWGMA8svEt34-AFhbmvRz9wQi2wp87-8t3nVl85R7c-zhCVGaPmIPEW8w7ykVo88Gm3jln6DwtA%3D&hl=en-US&gl=us&fo_m=MfohQo559jFvMUOzJVpjPL1YMfZ3bInYwBDuMfaXTPp5KXh-&utm_source=tactile&gei=BNMCaKr9EN6Yi-gP__XJ6Q8&ei=BNMCaKr9EN6Yi-gP__XJ6Q8&fo_s=OA,SOE&opi=79508299&ebb=1&cs=0&foub=mcpp",,,"https://www.google.com/maps/place/TEASHI/@38.906875299999996,-77.04376289999999,14z/data=!4m8!1m2!2m1!1sTEASHI!3m4!1s0x89b7b7b1f950545f:0x141f0a4680b90115!8m2!3d38.906875299999996!4d-77.04376289999999","https://www.google.com/maps/place/TEASHI/@38.906875299999996,-77.04376289999999,13.99z/data=!4m16!1m7!3m6!1s0x89b7b7b1f950545f:0x141f0a4680b90115!2sTEASHI!8m2!3d38.906875299999996!4d-77.04376289999999!16s%2Fg%2F11ckvg1dmb!3m7!1s0x89b7b7b1f950545f:0x141f0a4680b90115!8m2!3d38.906875299999996!4d-77.04376289999999!9m1!1b1!16s%2Fg%2F11ckvg1dmb?entry=ttu",ChIJX1RQ-bG3t4kRFQG5gEYKHxQ,0x89b7b7b1f950545f:0x141f0a4680b90115,1449888902960185621,/g/11gf2d0_1j,1449888902960185621,,teashidc@gmail.com,RECEIVING,SMTP validated,,,,,,,,,,,,,,,,,,,,,,,,,,,,,,,,,,,,,,,,TEASHI - Home,,,,,
"boba tea, 20505, Washington, DC, US",Tasty Dumpling,Tasty Dumpling,http://tasty-dumpling.com/,"Bubble tea store, Dumpling restaurant, Chinese restaurant",restaurants,Bubble tea store,+1 703-269-1752,"1112 W Broad St, Falls Church, VA 22046",None,1112 W Broad St,Falls Church,22046,Virginia,Virginia,United States of America,US,38.8935818,-77.187104,892aa84dd53ffff,America/New_York,,FALSE,4.6,195,"https://search.google.com/local/reviews?placeid=ChIJ8QrxniS1t4kR4CnowbvIaYo&q=boba+tea,+20505,+Washington,+DC,+US&authuser=0&hl=en&gl=US",,,8,5,7,18,157,163,https://lh3.googleusercontent.com/gps-cs-s/AB5caB8ChGoigOjb1vn4YnaHMlEi6JXc1q6i2lc98lxEcTrufYecb0rvJmT63iZe7KadryfaSmHkanleCH5aHaqrXLzndE4EdI8AwLe6j_a4qA714WtEJzRPac-bOH6qg6I7yN6IgCaG=w800-h500-k-no,https://lh3.googleusercontent.com/gps-cs-s/AB5caB8ChGoigOjb1vn4YnaHMlEi6JXc1q6i2lc98lxEcTrufYecb0rvJmT63iZe7KadryfaSmHkanleCH5aHaqrXLzndE4EdI8AwLe6j_a4qA714WtEJzRPac-bOH6qg6I7yN6IgCaG=w1600-h1000-k-no,,"{""Monday"": ""11AM-8PM"", ""Tuesday"": ""11AM-8PM"", ""Wednesday"": ""11AM-8PM"", ""Thursday"": ""11AM-8PM"", ""Friday"": ""11AM-8:30PM"", ""Saturday"": ""11AM-8:30PM"", ""Sunday"": ""11AM-8PM""}",Monday:11AM-8PM|Tuesday:11AM-8PM|Wednesday:11AM-8PM|Thursday:11AM-8PM|Friday:11AM-8:30PM|Saturday:11AM-8:30PM|Sunday:11AM-8PM,,,OPERATIONAL,"{""Service options"": {""Outdoor seating"": true, ""Delivery"": true, ""Onsite services"": true, ""Takeout"": true, ""Dine-in"": true}, ""Popular for"": {""Lunch"": true, ""Dinner"": true, ""Solo dining"": true}, ""Accessibility"": {""Wheelchair accessible entrance"": true, ""Wheelchair accessible parking lot"": true, ""Wheelchair accessible restroom"": true, ""Wheelchair accessible seating"": true}, ""Offerings"": {""Comfort food"": true, ""Quick bite"": true, ""Small plates"": true, ""Vegetarian options"": true}, ""Dining options"": {""Lunch"": true, ""Dinner"": true, ""Seating"": true}, ""Amenities"": {""Restroom"": true}, ""Atmosphere"": {""Casual"": true}, ""Planning"": {""Accepts reservations"": false}, ""Payments"": {""Credit cards"": true, ""NFC mobile payments"": true}, ""Children"": {""Good for kids"": true}, ""Parking"": {""Free parking lot"": true, ""Free street parking"": true, ""Parking"": true}}",$,,,,,FALSE,None,Tasty Dumpling,,,"https://www.google.com/viewer/chooseprovider?mid=/g/11h8k8lw24&g2lbs=AAEPWCuHDMhOTw8n3JxsOhoJcOOW1EtO_A_RIhWwXyyh13sx1_E8Hkq-tlvty509tRVcYMtl_eT74NKpE5-Hcav51PjiH4OUvw%3D%3D&hl=en-US&gl=us&fo_m=MfohQo559jFvMUOzJVpjPL1YMfZ3bInYwBDuMfaXTPp5KXh-&utm_source=tactile&gei=BdMCaNebLsusptQPyZvVkQE&ei=BdMCaNebLsusptQPyZvVkQE&fo_s=OA,SOE&opi=79508299&ebb=1&cs=0&foub=mcpp",,,"https://www.google.com/maps/place/Tasty+Dumpling/@38.8935818,-77.18710399999999,14z/data=!4m8!1m2!2m1!1sTasty+Dumpling!3m4!1s0x89b7b5249ef10af1:0x8a69c8bbc1e829e0!8m2!3d38.8935818!4d-77.18710399999999","https://www.google.com/maps/place/Tasty+Dumpling/@38.8935818,-77.18710399999999,13.99z/data=!4m16!1m7!3m6!1s0x89b7b5249ef10af1:0x8a69c8bbc1e829e0!2sTasty+Dumpling!8m2!3d38.8935818!4d-77.18710399999999!16s%2Fg%2F11ckvg1dmb!3m7!1s0x89b7b5249ef10af1:0x8a69c8bbc1e829e0!8m2!3d38.8935818!4d-77.18710399999999!9m1!1b1!16s%2Fg%2F11ckvg1dmb?entry=ttu",ChIJ8QrxniS1t4kR4CnowbvIaYo,0x89b7b5249ef10af1:0x8a69c8bbc1e829e0,9973723558526331360,/g/11h8k8lw24,-8473020515183220256,,,,,,,,,,,,,,,,,,,,,,,,,,7032691752,,,,,,,,,,,,,,,,,,Tasty Dumpling,,,,,
"bubble tea store, 22225, Arlington, VA, US",Le Café Market,Le Café Market,https://lecafemarket.menu11.com/arlington/order,"Bubble tea store, Beer store, Cafe, Coffee shop, Restaurant, Wine store",cafes,Bubble tea store,+1 703-527-6000,"901 N Nelson St UNIT 103, Arlington, VA 22203",Virginia Square,901 N Nelson St UNIT 103,Arlington,22203,Virginia,Virginia,United States of America,US,38.8828912,-77.1035222,892aa84cdd7ffff,America/New_York,,FALSE,4.2,160,"https://search.google.com/local/reviews?placeid=ChIJj-lZ4Se0t4kR16Bpf4NdWSs&q=bubble+tea+store,+22225,+Arlington,+VA,+US&authuser=0&hl=en&gl=US",,,20,3,4,26,107,216,https://lh3.googleusercontent.com/p/AF1QipOy4-oH56P9SWL5oyA-doMLJ3P7JAM6jy5mR5uz=w800-h500-k-no,https://lh3.googleusercontent.com/p/AF1QipOy4-oH56P9SWL5oyA-doMLJ3P7JAM6jy5mR5uz=w1600-h1000-k-no,,"{""Monday"": ""8AM-8PM"", ""Tuesday"": ""8AM-8PM"", ""Wednesday"": ""8AM-8PM"", ""Thursday"": ""8AM-8PM"", ""Friday"": ""8AM-8PM"", ""Saturday"": ""8AM-8PM"", ""Sunday"": ""9AM-7PM""}",Monday:8AM-8PM|Tuesday:8AM-8PM|Wednesday:8AM-8PM|Thursday:8AM-8PM|Friday:8AM-8PM|Saturday:8AM-8PM|Sunday:9AM-7PM,,,OPERATIONAL,"{""Service options"": {""Outdoor seating"": true, ""Curbside pickup"": true, ""Delivery"": true, ""Onsite services"": true, ""Takeout"": true, ""Dine-in"": true}, ""Highlights"": {""Fast service"": true, ""Great coffee"": true, ""Great tea selection"": true}, ""Popular for"": {""Breakfast"": true, ""Lunch"": true, ""Solo dining"": true, ""Good for working on laptop"": true}, ""Accessibility"": {""Wheelchair accessible entrance"": true}, ""Offerings"": {""Alcohol"": true, ""Beer"": true, ""Coffee"": true, ""Comfort food"": true, ""Healthy options"": true, ""Prepared foods"": true, ""Quick bite"": true, ""Vegetarian options"": true, ""Wine"": true}, ""Dining options"": {""Breakfast"": true, ""Brunch"": true, ""Lunch"": true, ""Dinner"": true, ""Catering"": true, ""Dessert"": true, ""Seating"": true}, ""Amenities"": {""Restroom"": true, ""Wi-Fi"": true}, ""Atmosphere"": {""Casual"": true, ""Cozy"": true, ""Trendy"": true}, ""Crowd"": {""Tourists"": true}, ""Payments"": {""Credit cards"": true, ""Debit cards"": true, ""NFC mobile payments"": true}, ""Children"": {""Good for kids"": true, ""High chairs"": true}}",$$,,https://lh6.googleusercontent.com/-RPDPwuy8KX8/AAAAAAAAAAI/AAAAAAAAAAA/jltRy2iOEIs/s44-p-k-no-ns-nd/photo.jpg,,,TRUE,110927706779273564252,Le Café Market,https://www.google.com/maps/contrib/110927706779273564252,,"https://www.google.com/viewer/chooseprovider?mid=/g/11hbw2_fxg&g2lbs=AAEPWCs1Duu3kLHgGHqU8HbP7Fjg3lEgpnoL09_dsm8q7forJNCrzVhYa4BIpujNJ5IswQTDtbHBooeXTavtDK2sTmqX75uY6w%3D%3D&hl=en-US&gl=us&fo_m=MfohQo559jFvMUOzJVpjPL1YMfZ3bInYwBDuMfaXTPp5KXh-&utm_source=tactile&gei=B9MCaKr-GuD-7_UPxuWVyAs&ei=B9MCaKr-GuD-7_UPxuWVyAs&fo_s=OA,SOE&opi=79508299&ebb=1&cs=0&foub=mcpp",,,"https://www.google.com/maps/place/Le+Caf%C3%A9+Market/@38.882891199999996,-77.1035222,14z/data=!4m8!1m2!2m1!1sLe+Caf%C3%A9+Market!3m4!1s0x89b7b427e159e98f:0x2b595d837f69a0d7!8m2!3d38.882891199999996!4d-77.1035222","https://www.google.com/maps/place/Le+Caf%C3%A9+Market/@38.882891199999996,-77.1035222,13.99z/data=!4m16!1m7!3m6!1s0x89b7b427e159e98f:0x2b595d837f69a0d7!2sLe+Caf%C3%A9+Market!8m2!3d38.882891199999996!4d-77.1035222!16s%2Fg%2F11ckvg1dmb!3m7!1s0x89b7b427e159e98f:0x2b595d837f69a0d7!8m2!3d38.882891199999996!4d-77.1035222!9m1!1b1!16s%2Fg%2F11ckvg1dmb?entry=ttu",ChIJj-lZ4Se0t4kR16Bpf4NdWSs,0x89b7b427e159e98f:0x2b595d837f69a0d7,3123630635917877463,/g/11hbw2_fxg,3123630635917877463,,,,,,,,,,,,,,,,,,,,,,,,,,,,,,,,,,,,,,,,,,,,Le Cafe & Market | Online Ordering,,Order Delivery from Le Cafe & Market. Check out our menu for some delicious food,,FALSE,FALSE
"bubble tea store, 22225, Arlington, VA, US",Bangkok 54 Oriental Market,Bangkok 54 Oriental Market,http://bangkok54restaurant.com/market/,"Asian grocery store, Gourmet grocery store, Japanese grocery store",Asian grocery store,Asian grocery store,+1 703-521-4207,"2927 Columbia Pike, Arlington, VA 22204",Arlington Heights Historic District,2927 Columbia Pike,Arlington,22204,Virginia,Virginia,United States of America,US,38.86258,-77.087747,892aa87b2c7ffff,America/New_York,,FALSE,4.5,639,"https://search.google.com/local/reviews?placeid=ChIJyXaDWbq2t4kRdcgsyNOJwVM&q=bubble+tea+store,+22225,+Arlington,+VA,+US&authuser=0&hl=en&gl=US",,,27,6,34,125,447,409,https://lh3.googleusercontent.com/gps-cs-s/AB5caB-6a7W1eKj07GlQKHsbZf3vOp9QL8jc8ILCdCHVTU2W5bI5GFspkwtBZu8x2mFlV8XxtbNg_WWBkABUKrshcei52cjNrL9hsNjWqk3g86H3K9lFQifRDQEVdXk6FsxCippMI70=w800-h500-k-no,https://lh3.googleusercontent.com/gps-cs-s/AB5caB-6a7W1eKj07GlQKHsbZf3vOp9QL8jc8ILCdCHVTU2W5bI5GFspkwtBZu8x2mFlV8XxtbNg_WWBkABUKrshcei52cjNrL9hsNjWqk3g86H3K9lFQifRDQEVdXk6FsxCippMI70=w1600-h1000-k-no,,"{""Monday"": ""9:30AM-8PM"", ""Tuesday"": ""9:30AM-8PM"", ""Wednesday"": ""9:30AM-8PM"", ""Thursday"": ""9:30AM-8PM"", ""Friday"": ""9:30AM-8PM"", ""Saturday"": ""9:30AM-8PM"", ""Sunday"": ""9:30AM-8PM""}",Monday:9:30AM-8PM|Tuesday:9:30AM-8PM|Wednesday:9:30AM-8PM|Thursday:9:30AM-8PM|Friday:9:30AM-8PM|Saturday:9:30AM-8PM|Sunday:9:30AM-8PM,,,OPERATIONAL,"{""Service options"": {""Onsite services"": true, ""Delivery"": false}, ""Highlights"": {""Great produce"": true}, ""Accessibility"": {""Wheelchair accessible parking lot"": true}, ""Offerings"": {""Food"": true}, ""Planning"": {""Quick visit"": true}, ""Recycling"": {""Plastic bags"": true}, ""Payments"": {""Debit cards"": true, ""NFC mobile payments"": true, ""Credit cards"": true}, ""Parking"": {""On-site parking"": true}}",$$,,,Thai dining lounge offering classic dishes & creative happy-hour drinks in modern Eastern surrounds.,,FALSE,None,Bangkok 54 Oriental Market,,,,,,"https://www.google.com/maps/place/Bangkok+54+Oriental+Market/@38.86258,-77.087747,14z/data=!4m8!1m2!2m1!1sBangkok+54+Oriental+Market!3m4!1s0x89b7b6ba598376c9:0x53c189d3c82cc875!8m2!3d38.86258!4d-77.087747","https://www.google.com/maps/place/Bangkok+54+Oriental+Market/@38.86258,-77.087747,13.99z/data=!4m16!1m7!3m6!1s0x89b7b6ba598376c9:0x53c189d3c82cc875!2sBangkok+54+Oriental+Market!8m2!3d38.86258!4d-77.087747!16s%2Fg%2F11ckvg1dmb!3m7!1s0x89b7b6ba598376c9:0x53c189d3c82cc875!8m2!3d38.86258!4d-77.087747!9m1!1b1!16s%2Fg%2F11ckvg1dmb?entry=ttu",ChIJyXaDWbq2t4kRdcgsyNOJwVM,0x89b7b6ba598376c9:0x53c189d3c82cc875,6035256518342658165,/g/113fc4xyt,6035256518342658165,,contact@bangkok54restaurant.com,RECEIVING,SMTP validated,Nack Vorathiankul,Nack,Vorathiankul,Owner,17035214070,richard@bangkok54restaurant.com,INVALID,Cannot validate,Richard Cadet,Richard,Cadet,Principal,,dino@bangkok54restaurant.com,INVALID,Cannot validate,Dino Valazquez,Dino,Valazquez,Owner,,703.521.4070,703.521.4207,,https://www.facebook.com/Bangkok54,https://instagram.com/bangkok54,,,,,,,,,,,,,,Bangkok 54,WordPress 4.1.36,,,FALSE,FALSE
"bubble tea store, 22225, Arlington, VA, US",La Moo Creamery,La Moo Creamery,https://www.lamoocreamery.com/,"Bubble tea store, Ice cream shop, Caterer, Creperie, Dessert shop, Tea house",Ice cream shop,Bubble tea store,+1 571-748-4163,"2501 - B N Harrison St, Arlington, VA 22207",Yorktown,2501 - B N Harrison St,Arlington,22207,Virginia,Virginia,United States of America,US,38.8975749,-77.1384384,892aa84ce93ffff,America/New_York,,FALSE,4.3,230,"https://search.google.com/local/reviews?placeid=ChIJ6YsdNq21t4kRxw4k_xQmGUo&q=bubble+tea+store,+22225,+Arlington,+VA,+US&authuser=0&hl=en&gl=US",,,19,11,16,31,153,217,https://lh3.googleusercontent.com/p/AF1QipMLIBAA5yLyCIzYtPn3XSbGnwJiD5gxrr5At22p=w800-h500-k-no,https://lh3.googleusercontent.com/p/AF1QipMLIBAA5yLyCIzYtPn3XSbGnwJiD5gxrr5At22p=w1600-h1000-k-no,,"{""Monday"": ""2:30-8:30PM"", ""Tuesday"": ""2:30-8:30PM"", ""Wednesday"": ""2:30-8:30PM"", ""Thursday"": ""2:30-8:30PM"", ""Friday"": ""2:30-9PM"", ""Saturday"": ""1-9PM"", ""Sunday"": ""1-8:30PM""}",Monday:2:30-8:30PM|Tuesday:2:30-8:30PM|Wednesday:2:30-8:30PM|Thursday:2:30-8:30PM|Friday:2:30-9PM|Saturday:1-9PM|Sunday:1-8:30PM,,,OPERATIONAL,"{""From the business"": {""Identifies as women-owned"": true}, ""Service options"": {""Curbside pickup"": true, ""No-contact delivery"": true, ""Delivery"": true, ""In-store pickup"": true, ""In-store shopping"": true, ""Onsite services"": true, ""Takeout"": true, ""Dine-in"": true, ""Same-day delivery"": true}, ""Popular for"": {""Solo dining"": true}, ""Accessibility"": {""Wheelchair accessible entrance"": true, ""Wheelchair accessible parking lot"": true}, ""Offerings"": {""Coffee"": true}, ""Dining options"": {""Seating"": true}, ""Amenities"": {""Wi-Fi"": true}, ""Atmosphere"": {""Casual"": true}, ""Crowd"": {""Family-friendly"": true, ""Groups"": true, ""LGBTQ+ friendly"": true, ""Transgender safespace"": true}, ""Planning"": {""Quick visit"": true}, ""Payments"": {""Credit cards"": true, ""Debit cards"": true, ""NFC mobile payments"": true}, ""Children"": {""Good for kids"": true}, ""Parking"": {""Free parking lot"": true, ""Free street parking"": true, ""On-site parking"": true}, ""Pets"": {""Dogs allowed inside"": true, ""Dogs allowed outside"": true}, ""Other"": {""LGBTQ+ friendly"": true, ""Identifies as women-owned"": true}}",$,,https://lh4.googleusercontent.com/-8VnB_BC4nVc/AAAAAAAAAAI/AAAAAAAAAAA/OCoi1lxQj8I/s44-p-k-no-ns-nd/photo.jpg,"An array of classic & creative ice cream flavors & toppings in a bright, fast-casual setting.",,TRUE,109087370751457618505,La Moo Creamery,https://www.google.com/maps/contrib/109087370751457618505,,"https://www.google.com/viewer/chooseprovider?mid=/g/11fx8bpqp0&g2lbs=AAEPWCvvKY-8cE7Knv8Jky8J1MtBxlJea7pV7dCSyf2VQBuUv7EFGCEM_OivTtT1h3EvMc7ifFgnejoc7kUGttu61HRd9QhGfg%3D%3D&hl=en-US&gl=us&fo_m=MfohQo559jFvMUOzJVpjPL1YMfZ3bInYwBDuMfaXTPp5KXh-&utm_source=tactile&gei=CtMCaNm7FevS2roPzpDZyAg&ei=CtMCaNm7FevS2roPzpDZyAg&fo_s=OA,SOE&opi=79508299&ebb=1&cs=0&foub=mcpp",,,"https://www.google.com/maps/place/La+Moo+Creamery/@38.897574899999995,-77.1384384,14z/data=!4m8!1m2!2m1!1sLa+Moo+Creamery!3m4!1s0x89b7b5ad361d8be9:0x4a192614ff240ec7!8m2!3d38.897574899999995!4d-77.1384384","https://www.google.com/maps/place/La+Moo+Creamery/@38.897574899999995,-77.1384384,13.99z/data=!4m16!1m7!3m6!1s0x89b7b5ad361d8be9:0x4a192614ff240ec7!2sLa+Moo+Creamery!8m2!3d38.897574899999995!4d-77.1384384!16s%2Fg%2F11ckvg1dmb!3m7!1s0x89b7b5ad361d8be9:0x4a192614ff240ec7!8m2!3d38.897574899999995!4d-77.1384384!9m1!1b1!16s%2Fg%2F11ckvg1dmb?entry=ttu",ChIJ6YsdNq21t4kRxw4k_xQmGUo,0x89b7b5ad361d8be9:0x4a192614ff240ec7,5339340704846188231,/g/11fx8bpqp0,5339340704846188231,,lamoocreamery@gmail.com,RECEIVING,SMTP validated,,,,,,lamoova@yahoo.com,RECEIVING,SMTP validated,,,,,,,,,,,,,,17035947655,,,https://www.facebook.com/lamoocreamery/,,,,,,,,,,,,,,,,Square Online,,,,
"bubble tea store, 22225, Arlington, VA, US",Lily Bubble Tea & Smoothie,Lily Bubble Tea And Smoothie,,Bubble tea store,Bubble tea store,Bubble tea store,+1 703-566-8849,"1666 Crystal Dr, Arlington, VA 22202",Crystal City,1666 Crystal Dr,Arlington,22202,Virginia,Virginia,United States of America,US,38.8584346,-77.0510615,892aa87b0bbffff,America/New_York,,FALSE,4.5,124,"https://search.google.com/local/reviews?placeid=ChIJ_UYwdya3t4kRBp2rRlrbSf8&q=bubble+tea+store,+22225,+Arlington,+VA,+US&authuser=0&hl=en&gl=US",,,8,5,5,9,97,61,https://lh3.googleusercontent.com/gps-cs-s/AB5caB8j0jJ1ihmB1WWnhVe4_39L9liMU3sEA9K7Oc9u8eEbTACNZd22L1bkKMu0C5E0ndFJR-KHc8WJ9apyFMuIj1mcTQzZiQ9sN9XYScj_dN8i8r0CzyKcT8DTI1vxA9ALQAFnxYL-=w800-h500-k-no,https://lh3.googleusercontent.com/gps-cs-s/AB5caB8j0jJ1ihmB1WWnhVe4_39L9liMU3sEA9K7Oc9u8eEbTACNZd22L1bkKMu0C5E0ndFJR-KHc8WJ9apyFMuIj1mcTQzZiQ9sN9XYScj_dN8i8r0CzyKcT8DTI1vxA9ALQAFnxYL-=w1600-h1000-k-no,,,,,,CLOSED_PERMANENTLY,"{""Service options"": {""No-contact delivery"": true, ""Delivery"": true, ""Takeout"": true}}",$,,,,,FALSE,None,Lily Bubble Tea & Smoothie,,,,,,"https://www.google.com/maps/place/Lily+Bubble+Tea+%26+Smoothie/@38.858434599999995,-77.0510615,14z/data=!4m8!1m2!2m1!1sLily+Bubble+Tea+%26+Smoothie!3m4!1s0x89b7b726773046fd:0xff49db5a46ab9d06!8m2!3d38.858434599999995!4d-77.0510615","https://www.google.com/maps/place/Lily+Bubble+Tea+%26+Smoothie/@38.858434599999995,-77.0510615,13.99z/data=!4m16!1m7!3m6!1s0x89b7b726773046fd:0xff49db5a46ab9d06!2sLily+Bubble+Tea+%26+Smoothie!8m2!3d38.858434599999995!4d-77.0510615!16s%2Fg%2F11ckvg1dmb!3m7!1s0x89b7b726773046fd:0xff49db5a46ab9d06!8m2!3d38.858434599999995!4d-77.0510615!9m1!1b1!16s%2Fg%2F11ckvg1dmb?entry=ttu",ChIJ_UYwdya3t4kRBp2rRlrbSf8,0x89b7b726773046fd:0xff49db5a46ab9d06,18395475333750693126,/g/1q69n6__w,-51268739958858490,,,,,,,,,,,,,,,,,,,,,,,,,,,,,,,,,,,,,,,,,,,,,,,,,
"boba tea, 20018, Washington, DC, US",Cuppa Tea,Cuppa Tea,https://www.cuppatea.us/,Bubble tea store,Bubble tea store,Bubble tea store,+1 240-703-9173,"G115b, 8700 Baltimore Ave, College Park, MD 20740",None,"G115b, 8700 Baltimore Ave",College Park,20740,Maryland,Maryland,United States of America,US,38.9974021,-76.9319864,892aa847597ffff,America/New_York,,FALSE,4.3,160,"https://search.google.com/local/reviews?placeid=ChIJTban2iPFt4kRDaIKy5OmkYw&q=boba+tea,+20018,+Washington,+DC,+US&authuser=0&hl=en&gl=US",,,19,2,8,15,116,264,https://lh3.googleusercontent.com/gps-cs-s/AB5caB-zwrj-fVuaZwVYDRQooNlhTM14jj7LGd4RMVbx7O13SSCWEMFi_9or3yOxq_ZNyoRvZgScDZJhJqY3vOlMsdDonMN7g3dYAeZU6VnuFsBmmmpij-iGRK3675spY_nUjxqzmqUU=w800-h500-k-no,https://lh3.googleusercontent.com/gps-cs-s/AB5caB-zwrj-fVuaZwVYDRQooNlhTM14jj7LGd4RMVbx7O13SSCWEMFi_9or3yOxq_ZNyoRvZgScDZJhJqY3vOlMsdDonMN7g3dYAeZU6VnuFsBmmmpij-iGRK3675spY_nUjxqzmqUU=w1600-h1000-k-no,,"{""Monday"": ""12-10PM"", ""Tuesday"": ""12-10PM"", ""Wednesday"": ""12-10PM"", ""Thursday"": ""12-10PM"", ""Friday"": ""12-10PM"", ""Saturday"": ""12-10PM"", ""Sunday"": ""12-10PM""}",Monday:12-10PM|Tuesday:12-10PM|Wednesday:12-10PM|Thursday:12-10PM|Friday:12-10PM|Saturday:12-10PM|Sunday:12-10PM,,,OPERATIONAL,"{""Service options"": {""Delivery"": true, ""Onsite services"": true, ""Takeout"": true, ""Dine-in"": true}, ""Highlights"": {""Great tea selection"": true}, ""Accessibility"": {""Wheelchair accessible entrance"": true, ""Wheelchair accessible parking lot"": true}}",$,,https://lh4.googleusercontent.com/-4S1Sz5xA2_4/AAAAAAAAAAI/AAAAAAAAAAA/pKJO_eSwmS0/s44-p-k-no-ns-nd/photo.jpg,,,TRUE,110815779810082671209,Cuppa Tea,https://www.google.com/maps/contrib/110815779810082671209,,"https://www.google.com/viewer/chooseprovider?mid=/g/11nrytx8ry&g2lbs=AAEPWCvyc_ScxOu0Fv9BQw9mPvO85ALow3u3Nznu_fnAlNmNsmU1BgZYFn3Xp67K_YcG41iA9oLtayOTz74JzmcBe01-wqCaGQ%3D%3D&hl=en-US&gl=us&fo_m=MfohQo559jFvMUOzJVpjPL1YMfZ3bInYwBDuMfaXTPp5KXh-&utm_source=tactile&gei=EtMCaIumMZirur8P-rj9kA4&ei=EtMCaIumMZirur8P-rj9kA4&fo_s=OA,SOE&opi=79508299&ebb=1&cs=0&foub=mcpp",,,"https://www.google.com/maps/place/Cuppa+Tea/@38.997402099999995,-76.9319864,14z/data=!4m8!1m2!2m1!1sCuppa+Tea!3m4!1s0x89b7c523daa7b64d:0x8c91a693cb0aa20d!8m2!3d38.997402099999995!4d-76.9319864","https://www.google.com/maps/place/Cuppa+Tea/@38.997402099999995,-76.9319864,13.99z/data=!4m16!1m7!3m6!1s0x89b7c523daa7b64d:0x8c91a693cb0aa20d!2sCuppa+Tea!8m2!3d38.997402099999995!4d-76.9319864!16s%2Fg%2F11ckvg1dmb!3m7!1s0x89b7c523daa7b64d:0x8c91a693cb0aa20d!8m2!3d38.997402099999995!4d-76.9319864!9m1!1b1!16s%2Fg%2F11ckvg1dmb?entry=ttu",ChIJTban2iPFt4kRDaIKy5OmkYw,0x89b7c523daa7b64d:0x8c91a693cb0aa20d,10129060190629831181,/g/11nrytx8ry,-8317683883079720435,,info@cuppatea.us,RECEIVING,SMTP validated,,,,,,,,,,,,,,,,,,,,,,6469198608,2407039173,,https://www.facebook.com/cuppateaus,https://www.instagram.com/cuppateaus,,,,,,,,,,,,,,Cuppa Tea,,,,FALSE,FALSE
"boba tea, 20018, Washington, DC, US",August 32 Tea,August 32 Tea,,Bubble tea store,Bubble tea store,Bubble tea store,+1 240-241-4191,"6000 Greenbelt Rd unit 102A, Greenbelt, MD 20770",None,6000 Greenbelt Rd unit 102A,Greenbelt,20770,Maryland,Maryland,United States of America,US,38.9996725,-76.9105139,892aa84668bffff,America/New_York,,FALSE,4.2,87,"https://search.google.com/local/reviews?placeid=ChIJnTi-657Dt4kR5bpT_77BNrk&q=boba+tea,+20018,+Washington,+DC,+US&authuser=0&hl=en&gl=US",,,12,4,2,3,66,81,https://lh3.googleusercontent.com/gps-cs-s/AB5caB-EzMLhJ9lEuabM_Tk4heKKyI43BeYM1b6eQIRWdSTGKGBBk0sSftDuNxeGTnMH38OuAcPtBecrX03exdlCKpyBbX840fmbYTVEYfoBd_6CpP80botGmPj86u_PZXqmXKpB_BLcNg=w800-h500-k-no,https://lh3.googleusercontent.com/gps-cs-s/AB5caB-EzMLhJ9lEuabM_Tk4heKKyI43BeYM1b6eQIRWdSTGKGBBk0sSftDuNxeGTnMH38OuAcPtBecrX03exdlCKpyBbX840fmbYTVEYfoBd_6CpP80botGmPj86u_PZXqmXKpB_BLcNg=w1600-h1000-k-no,,,,,,CLOSED_TEMPORARILY,"{""Service options"": {""No-contact delivery"": true, ""Delivery"": true, ""Takeout"": true, ""Dine-in"": true}}",$,,https://lh3.googleusercontent.com/-3-3cp4uLLK0/AAAAAAAAAAI/AAAAAAAAAAA/uzy5PkG9_Pw/s44-p-k-no-ns-nd/photo.jpg,,,TRUE,102852397586619974271,August 32 Tea,https://www.google.com/maps/contrib/102852397586619974271,,,,,"https://www.google.com/maps/place/August+32+Tea/@38.999672499999996,-76.9105139,14z/data=!4m8!1m2!2m1!1sAugust+32+Tea!3m4!1s0x89b7c39eebbe389d:0xb936c1beff53bae5!8m2!3d38.999672499999996!4d-76.9105139","https://www.google.com/maps/place/August+32+Tea/@38.999672499999996,-76.9105139,13.99z/data=!4m16!1m7!3m6!1s0x89b7c39eebbe389d:0xb936c1beff53bae5!2sAugust+32+Tea!8m2!3d38.999672499999996!4d-76.9105139!16s%2Fg%2F11ckvg1dmb!3m7!1s0x89b7c39eebbe389d:0xb936c1beff53bae5!8m2!3d38.999672499999996!4d-76.9105139!9m1!1b1!16s%2Fg%2F11ckvg1dmb?entry=ttu",ChIJnTi-657Dt4kR5bpT_77BNrk,0x89b7c39eebbe389d:0xb936c1beff53bae5,13346067571830668005,/g/11mr0dn5br,-5100676501878883611,,,,,,,,,,,,,,,,,,,,,,,,,,,,,,,,,,,,,,,,,,,,,,,,,